ISO-10303-21;
HEADER;
FILE_DESCRIPTION(('Open CASCADE Model'),'2;1');
FILE_NAME('Open CASCADE Shape Model','2026-09-11T00:33:30',('Author'),(
    'Open CASCADE'),'Open CASCADE STEP processor 7.9','Open CASCADE 7.9'
  ,'Unknown');
FILE_SCHEMA(('AUTOMOTIVE_DESIGN { 1 0 10303 214 1 1 1 1 }'));
ENDSEC;
DATA;
#1 = APPLICATION_PROTOCOL_DEFINITION('international standard',
  'automotive_design',2000,#2);
#2 = APPLICATION_CONTEXT(
  'core data for automotive mechanical design processes');
#3 = SHAPE_DEFINITION_REPRESENTATION(#4,#10);
#4 = PRODUCT_DEFINITION_SHAPE('','',#5);
#5 = PRODUCT_DEFINITION('design','',#6,#9);
#6 = PRODUCT_DEFINITION_FORMATION('','',#7);
#7 = PRODUCT('Open CASCADE STEP translator 7.9 3',
  'Open CASCADE STEP translator 7.9 3','',(#8));
#8 = PRODUCT_CONTEXT('',#2,'mechanical');
#9 = PRODUCT_DEFINITION_CONTEXT('part definition',#2,'design');
#10 = SHAPE_REPRESENTATION('',(#11,#15,#19,#23,#27,#31,#35,#39,#43,#47),
  #51);
#11 = AXIS2_PLACEMENT_3D('',#12,#13,#14);
#12 = CARTESIAN_POINT('',(0.,0.,0.));
#13 = DIRECTION('',(0.,0.,1.));
#14 = DIRECTION('',(1.,0.,-0.));
#15 = AXIS2_PLACEMENT_3D('',#16,#17,#18);
#16 = CARTESIAN_POINT('',(0.,0.,0.));
#17 = DIRECTION('',(0.,0.,1.));
#18 = DIRECTION('',(1.,0.,-0.));
#19 = AXIS2_PLACEMENT_3D('',#20,#21,#22);
#20 = CARTESIAN_POINT('',(0.,0.,0.));
#21 = DIRECTION('',(0.,0.,1.));
#22 = DIRECTION('',(1.,0.,-0.));
#23 = AXIS2_PLACEMENT_3D('',#24,#25,#26);
#24 = CARTESIAN_POINT('',(0.,0.,0.));
#25 = DIRECTION('',(0.,0.,1.));
#26 = DIRECTION('',(1.,0.,-0.));
#27 = AXIS2_PLACEMENT_3D('',#28,#29,#30);
#28 = CARTESIAN_POINT('',(0.,0.,0.));
#29 = DIRECTION('',(0.,0.,1.));
#30 = DIRECTION('',(1.,0.,-0.));
#31 = AXIS2_PLACEMENT_3D('',#32,#33,#34);
#32 = CARTESIAN_POINT('',(0.,0.,0.));
#33 = DIRECTION('',(0.,0.,1.));
#34 = DIRECTION('',(1.,0.,-0.));
#35 = AXIS2_PLACEMENT_3D('',#36,#37,#38);
#36 = CARTESIAN_POINT('',(0.,0.,0.));
#37 = DIRECTION('',(0.,0.,1.));
#38 = DIRECTION('',(1.,0.,-0.));
#39 = AXIS2_PLACEMENT_3D('',#40,#41,#42);
#40 = CARTESIAN_POINT('',(0.,0.,0.));
#41 = DIRECTION('',(0.,0.,1.));
#42 = DIRECTION('',(1.,0.,-0.));
#43 = AXIS2_PLACEMENT_3D('',#44,#45,#46);
#44 = CARTESIAN_POINT('',(0.,0.,0.));
#45 = DIRECTION('',(0.,0.,1.));
#46 = DIRECTION('',(1.,0.,-0.));
#47 = AXIS2_PLACEMENT_3D('',#48,#49,#50);
#48 = CARTESIAN_POINT('',(0.,0.,0.));
#49 = DIRECTION('',(0.,0.,1.));
#50 = DIRECTION('',(1.,0.,-0.));
#51 = ( GEOMETRIC_REPRESENTATION_CONTEXT(3) 
GLOBAL_UNCERTAINTY_ASSIGNED_CONTEXT((#55)) GLOBAL_UNIT_ASSIGNED_CONTEXT(
(#52,#53,#54)) REPRESENTATION_CONTEXT('Context #1',
  '3D Context with UNIT and UNCERTAINTY') );
#52 = ( LENGTH_UNIT() NAMED_UNIT(*) SI_UNIT(.MILLI.,.METRE.) );
#53 = ( NAMED_UNIT(*) PLANE_ANGLE_UNIT() SI_UNIT($,.RADIAN.) );
#54 = ( NAMED_UNIT(*) SI_UNIT($,.STERADIAN.) SOLID_ANGLE_UNIT() );
#55 = UNCERTAINTY_MEASURE_WITH_UNIT(LENGTH_MEASURE(1.E-07),#52,
  'distance_accuracy_value','confusion accuracy');
#56 = PRODUCT_RELATED_PRODUCT_CATEGORY('part',$,(#7));
#57 = SHAPE_DEFINITION_REPRESENTATION(#58,#64);
#58 = PRODUCT_DEFINITION_SHAPE('','',#59);
#59 = PRODUCT_DEFINITION('design','',#60,#63);
#60 = PRODUCT_DEFINITION_FORMATION('','',#61);
#61 = PRODUCT('Open CASCADE STEP translator 7.9 3.1',
  'Open CASCADE STEP translator 7.9 3.1','',(#62));
#62 = PRODUCT_CONTEXT('',#2,'mechanical');
#63 = PRODUCT_DEFINITION_CONTEXT('part definition',#2,'design');
#64 = ADVANCED_BREP_SHAPE_REPRESENTATION('',(#11,#65),#1917);
#65 = MANIFOLD_SOLID_BREP('',#66);
#66 = CLOSED_SHELL('',(#67,#199,#629,#683,#1006,#1032,#1058,#1084,#1110,
    #1136,#1162,#1188,#1214,#1240,#1247,#1413,#1558,#1630,#1680,#1730,
    #1801,#1829,#1856,#1883,#1910));
#67 = ADVANCED_FACE('',(#68),#82,.T.);
#68 = FACE_BOUND('',#69,.T.);
#69 = EDGE_LOOP('',(#70,#107,#140,#168));
#70 = ORIENTED_EDGE('',*,*,#71,.F.);
#71 = EDGE_CURVE('',#72,#74,#76,.T.);
#72 = VERTEX_POINT('',#73);
#73 = CARTESIAN_POINT('',(-26.98722458069,-25.4,89.800703215507));
#74 = VERTEX_POINT('',#75);
#75 = CARTESIAN_POINT('',(-15.19813793103,-25.4,110.22000026753));
#76 = SURFACE_CURVE('',#77,(#81,#95),.PCURVE_S1.);
#77 = ( BOUNDED_CURVE() B_SPLINE_CURVE(2,(#78,#79,#80),.UNSPECIFIED.,.F.
,.F.) B_SPLINE_CURVE_WITH_KNOTS((3,3),(5.420076590693,6.099096472469),
.PIECEWISE_BEZIER_KNOTS.) CURVE() GEOMETRIC_REPRESENTATION_ITEM() 
RATIONAL_B_SPLINE_CURVE((1.,0.942917980705,1.)) REPRESENTATION_ITEM('') 
  );
#78 = CARTESIAN_POINT('',(-26.98722458068,-25.4,89.800703215505));
#79 = CARTESIAN_POINT('',(-17.48678048217,-25.4,97.928483959161));
#80 = CARTESIAN_POINT('',(-15.19813793103,-25.4,110.22000026753));
#81 = PCURVE('',#82,#89);
#82 = ( BOUNDED_SURFACE() B_SPLINE_SURFACE(2,1,(
    (#83,#84)
    ,(#85,#86)
,(#87,#88
  )),.UNSPECIFIED.,.F.,.F.,.F.) B_SPLINE_SURFACE_WITH_KNOTS((3,3),(2,2),
  (0.18408883471,0.863108716487),(-20.,20.),.PIECEWISE_BEZIER_KNOTS.) 
GEOMETRIC_REPRESENTATION_ITEM() RATIONAL_B_SPLINE_SURFACE((
    (1.,1.)
    ,(0.942917980705,0.942917980705)
,(1.,1.))) REPRESENTATION_ITEM('') SURFACE() );
#83 = CARTESIAN_POINT('',(-15.19813793103,-25.4,110.22000026753));
#84 = CARTESIAN_POINT('',(-15.19813793103,25.4,110.22000026753));
#85 = CARTESIAN_POINT('',(-17.48678048217,-25.4,97.928483959157));
#86 = CARTESIAN_POINT('',(-17.48678048217,25.4,97.928483959157));
#87 = CARTESIAN_POINT('',(-26.98722458069,-25.4,89.800703215501));
#88 = CARTESIAN_POINT('',(-26.98722458069,25.4,89.800703215501));
#89 = DEFINITIONAL_REPRESENTATION('',(#90),#94);
#90 = B_SPLINE_CURVE_WITH_KNOTS('',2,(#91,#92,#93),.UNSPECIFIED.,.F.,.F.
  ,(3,3),(5.420076590693,6.099096472469),.PIECEWISE_BEZIER_KNOTS.);
#91 = CARTESIAN_POINT('',(0.863108716486,-20.));
#92 = CARTESIAN_POINT('',(0.523598775598,-20.));
#93 = CARTESIAN_POINT('',(0.18408883471,-20.));
#94 = ( GEOMETRIC_REPRESENTATION_CONTEXT(2) 
PARAMETRIC_REPRESENTATION_CONTEXT() REPRESENTATION_CONTEXT('2D SPACE',''
  ) );
#95 = PCURVE('',#96,#101);
#96 = B_SPLINE_SURFACE_WITH_KNOTS('',1,1,(
    (#97,#98)
    ,(#99,#100
    )),.UNSPECIFIED.,.F.,.F.,.F.,(2,2),(2,2),(-34.8,34.8),(-34.212,
    34.212),.PIECEWISE_BEZIER_KNOTS.);
#97 = CARTESIAN_POINT('',(-84.80186206896,-25.4,152.1));
#98 = CARTESIAN_POINT('',(-15.19813793103,-25.4,152.1));
#99 = CARTESIAN_POINT('',(-84.80186206896,-25.4,81.3));
#100 = CARTESIAN_POINT('',(-15.19813793103,-25.4,81.3));
#101 = DEFINITIONAL_REPRESENTATION('',(#102),#106);
#102 = ( BOUNDED_CURVE() B_SPLINE_CURVE(2,(#103,#104,#105),
.UNSPECIFIED.,.F.,.F.) B_SPLINE_CURVE_WITH_KNOTS((3,3),(5.420076590693,
6.099096472469),.PIECEWISE_BEZIER_KNOTS.) CURVE() 
GEOMETRIC_REPRESENTATION_ITEM() RATIONAL_B_SPLINE_CURVE((1.,
0.942917980705,1.)) REPRESENTATION_ITEM('') );
#103 = CARTESIAN_POINT('',(26.443376500012,22.622728378306));
#104 = CARTESIAN_POINT('',(18.453354752011,31.962148000577));
#105 = CARTESIAN_POINT('',(6.370169228521,34.212));
#106 = ( GEOMETRIC_REPRESENTATION_CONTEXT(2) 
PARAMETRIC_REPRESENTATION_CONTEXT() REPRESENTATION_CONTEXT('2D SPACE',''
  ) );
#107 = ORIENTED_EDGE('',*,*,#108,.T.);
#108 = EDGE_CURVE('',#72,#109,#111,.T.);
#109 = VERTEX_POINT('',#110);
#110 = CARTESIAN_POINT('',(-26.98722458069,25.4,89.800703215507));
#111 = SURFACE_CURVE('',#112,(#115,#122),.PCURVE_S1.);
#112 = B_SPLINE_CURVE_WITH_KNOTS('',1,(#113,#114),.UNSPECIFIED.,.F.,.F.,
  (2,2),(0.,40.),.PIECEWISE_BEZIER_KNOTS.);
#113 = CARTESIAN_POINT('',(-26.98722458069,-25.4,89.800703215507));
#114 = CARTESIAN_POINT('',(-26.98722458069,25.4,89.800703215507));
#115 = PCURVE('',#82,#116);
#116 = DEFINITIONAL_REPRESENTATION('',(#117),#121);
#117 = B_SPLINE_CURVE_WITH_KNOTS('',2,(#118,#119,#120),.UNSPECIFIED.,.F.
  ,.F.,(3,3),(0.,40.),.PIECEWISE_BEZIER_KNOTS.);
#118 = CARTESIAN_POINT('',(0.863108716486,-20.));
#119 = CARTESIAN_POINT('',(0.863108716486,-1.46941282671E-15));
#120 = CARTESIAN_POINT('',(0.863108716486,20.));
#121 = ( GEOMETRIC_REPRESENTATION_CONTEXT(2) 
PARAMETRIC_REPRESENTATION_CONTEXT() REPRESENTATION_CONTEXT('2D SPACE',''
  ) );
#122 = PCURVE('',#123,#134);
#123 = ( BOUNDED_SURFACE() B_SPLINE_SURFACE(2,1,(
    (#124,#125)
    ,(#126,#127)
    ,(#128,#129)
    ,(#130,#131)
,(#132,#133
    )),.UNSPECIFIED.,.F.,.F.,.F.) B_SPLINE_SURFACE_WITH_KNOTS((3,2,3),(2
    ,2),(1.652201239259,4.188790204792,6.725379170325),(-20.,20.),
.PIECEWISE_BEZIER_KNOTS.) GEOMETRIC_REPRESENTATION_ITEM() 
RATIONAL_B_SPLINE_SURFACE((
    (1.,1.)
    ,(0.297909382195,0.297909382195)
    ,(1.,1.)
    ,(0.297909382195,0.297909382195)
,(1.,1.))) REPRESENTATION_ITEM('') SURFACE() );
#124 = CARTESIAN_POINT('',(-38.21091335041,-25.4,83.32070348305));
#125 = CARTESIAN_POINT('',(-38.21091335041,25.4,83.32070348305));
#126 = CARTESIAN_POINT('',(-74.59705918605,-25.4,86.289274734653));
#127 = CARTESIAN_POINT('',(-74.59705918605,25.4,86.289274734653));
#128 = CARTESIAN_POINT('',(-42.9810344827,-25.4,104.54279510759));
#129 = CARTESIAN_POINT('',(-42.9810344827,25.4,104.54279510759));
#130 = CARTESIAN_POINT('',(-11.36500977934,-25.4,122.79631548054));
#131 = CARTESIAN_POINT('',(-11.36500977934,25.4,122.79631548054));
#132 = CARTESIAN_POINT('',(-26.98722458071,-25.4,89.800703215447));
#133 = CARTESIAN_POINT('',(-26.98722458071,25.4,89.800703215447));
#134 = DEFINITIONAL_REPRESENTATION('',(#135),#139);
#135 = B_SPLINE_CURVE_WITH_KNOTS('',2,(#136,#137,#138),.UNSPECIFIED.,.F.
  ,.F.,(3,3),(0.,40.),.PIECEWISE_BEZIER_KNOTS.);
#136 = CARTESIAN_POINT('',(6.725379170317,-20.));
#137 = CARTESIAN_POINT('',(6.725379170317,-1.46941282671E-15));
#138 = CARTESIAN_POINT('',(6.725379170317,20.));
#139 = ( GEOMETRIC_REPRESENTATION_CONTEXT(2) 
PARAMETRIC_REPRESENTATION_CONTEXT() REPRESENTATION_CONTEXT('2D SPACE',''
  ) );
#140 = ORIENTED_EDGE('',*,*,#141,.T.);
#141 = EDGE_CURVE('',#109,#142,#144,.T.);
#142 = VERTEX_POINT('',#143);
#143 = CARTESIAN_POINT('',(-15.19813793103,25.4,110.22000026753));
#144 = SURFACE_CURVE('',#145,(#149,#156),.PCURVE_S1.);
#145 = ( BOUNDED_CURVE() B_SPLINE_CURVE(2,(#146,#147,#148),
.UNSPECIFIED.,.F.,.F.) B_SPLINE_CURVE_WITH_KNOTS((3,3),(5.420076590693,
6.099096472469),.PIECEWISE_BEZIER_KNOTS.) CURVE() 
GEOMETRIC_REPRESENTATION_ITEM() RATIONAL_B_SPLINE_CURVE((1.,
0.942917980705,1.)) REPRESENTATION_ITEM('') );
#146 = CARTESIAN_POINT('',(-26.98722458068,25.4,89.800703215505));
#147 = CARTESIAN_POINT('',(-17.48678048217,25.4,97.928483959161));
#148 = CARTESIAN_POINT('',(-15.19813793103,25.4,110.22000026753));
#149 = PCURVE('',#82,#150);
#150 = DEFINITIONAL_REPRESENTATION('',(#151),#155);
#151 = B_SPLINE_CURVE_WITH_KNOTS('',2,(#152,#153,#154),.UNSPECIFIED.,.F.
  ,.F.,(3,3),(5.420076590693,6.099096472469),.PIECEWISE_BEZIER_KNOTS.);
#152 = CARTESIAN_POINT('',(0.863108716486,20.));
#153 = CARTESIAN_POINT('',(0.523598775598,20.));
#154 = CARTESIAN_POINT('',(0.18408883471,20.));
#155 = ( GEOMETRIC_REPRESENTATION_CONTEXT(2) 
PARAMETRIC_REPRESENTATION_CONTEXT() REPRESENTATION_CONTEXT('2D SPACE',''
  ) );
#156 = PCURVE('',#157,#162);
#157 = B_SPLINE_SURFACE_WITH_KNOTS('',1,1,(
    (#158,#159)
    ,(#160,#161
    )),.UNSPECIFIED.,.F.,.F.,.F.,(2,2),(2,2),(-34.8,34.8),(-34.212,
    34.212),.PIECEWISE_BEZIER_KNOTS.);
#158 = CARTESIAN_POINT('',(-84.80186206896,25.4,152.1));
#159 = CARTESIAN_POINT('',(-15.19813793103,25.4,152.1));
#160 = CARTESIAN_POINT('',(-84.80186206896,25.4,81.3));
#161 = CARTESIAN_POINT('',(-15.19813793103,25.4,81.3));
#162 = DEFINITIONAL_REPRESENTATION('',(#163),#167);
#163 = ( BOUNDED_CURVE() B_SPLINE_CURVE(2,(#164,#165,#166),
.UNSPECIFIED.,.F.,.F.) B_SPLINE_CURVE_WITH_KNOTS((3,3),(5.420076590693,
6.099096472469),.PIECEWISE_BEZIER_KNOTS.) CURVE() 
GEOMETRIC_REPRESENTATION_ITEM() RATIONAL_B_SPLINE_CURVE((1.,
0.942917980705,1.)) REPRESENTATION_ITEM('') );
#164 = CARTESIAN_POINT('',(26.443376500012,22.622728378306));
#165 = CARTESIAN_POINT('',(18.453354752011,31.962148000577));
#166 = CARTESIAN_POINT('',(6.370169228521,34.212));
#167 = ( GEOMETRIC_REPRESENTATION_CONTEXT(2) 
PARAMETRIC_REPRESENTATION_CONTEXT() REPRESENTATION_CONTEXT('2D SPACE',''
  ) );
#168 = ORIENTED_EDGE('',*,*,#169,.T.);
#169 = EDGE_CURVE('',#142,#74,#170,.T.);
#170 = SURFACE_CURVE('',#171,(#174,#181),.PCURVE_S1.);
#171 = B_SPLINE_CURVE_WITH_KNOTS('',1,(#172,#173),.UNSPECIFIED.,.F.,.F.,
  (2,2),(0.,40.),.PIECEWISE_BEZIER_KNOTS.);
#172 = CARTESIAN_POINT('',(-15.19813793103,25.4,110.22000026753));
#173 = CARTESIAN_POINT('',(-15.19813793103,-25.4,110.22000026753));
#174 = PCURVE('',#82,#175);
#175 = DEFINITIONAL_REPRESENTATION('',(#176),#180);
#176 = B_SPLINE_CURVE_WITH_KNOTS('',2,(#177,#178,#179),.UNSPECIFIED.,.F.
  ,.F.,(3,3),(0.,40.),.PIECEWISE_BEZIER_KNOTS.);
#177 = CARTESIAN_POINT('',(0.18408883471,20.));
#178 = CARTESIAN_POINT('',(0.18408883471,1.46941282671E-15));
#179 = CARTESIAN_POINT('',(0.18408883471,-20.));
#180 = ( GEOMETRIC_REPRESENTATION_CONTEXT(2) 
PARAMETRIC_REPRESENTATION_CONTEXT() REPRESENTATION_CONTEXT('2D SPACE',''
  ) );
#181 = PCURVE('',#182,#193);
#182 = ( BOUNDED_SURFACE() B_SPLINE_SURFACE(2,1,(
    (#183,#184)
    ,(#185,#186)
    ,(#187,#188)
    ,(#189,#190)
,(#191,#192
    )),.UNSPECIFIED.,.F.,.F.,.F.) B_SPLINE_SURFACE_WITH_KNOTS((3,2,3),(2
    ,2),(0.605003688056,3.14159265359,5.678181619123),(-20.,20.),
.PIECEWISE_BEZIER_KNOTS.) GEOMETRIC_REPRESENTATION_ITEM() 
RATIONAL_B_SPLINE_SURFACE((
    (1.,1.)
    ,(0.297909382195,0.297909382195)
    ,(1.,1.)
    ,(0.297909382195,0.297909382195)
,(1.,1.))) REPRESENTATION_ITEM('') SURFACE() );
#183 = CARTESIAN_POINT('',(-15.19813793103,-25.4,110.22000026754));
#184 = CARTESIAN_POINT('',(-15.19813793103,25.4,110.22000026754));
#185 = CARTESIAN_POINT('',(-35.96206896551,-25.4,80.192959253722));
#186 = CARTESIAN_POINT('',(-35.96206896551,25.4,80.192959253722));
#187 = CARTESIAN_POINT('',(-35.96206896551,-25.4,116.69999999999));
#188 = CARTESIAN_POINT('',(-35.96206896551,25.4,116.69999999999));
#189 = CARTESIAN_POINT('',(-35.96206896552,-25.4,153.20704074627));
#190 = CARTESIAN_POINT('',(-35.96206896552,25.4,153.20704074627));
#191 = CARTESIAN_POINT('',(-15.19813793103,-25.4,123.17999973246));
#192 = CARTESIAN_POINT('',(-15.19813793103,25.4,123.17999973246));
#193 = DEFINITIONAL_REPRESENTATION('',(#194),#198);
#194 = B_SPLINE_CURVE_WITH_KNOTS('',2,(#195,#196,#197),.UNSPECIFIED.,.F.
  ,.F.,(3,3),(0.,40.),.PIECEWISE_BEZIER_KNOTS.);
#195 = CARTESIAN_POINT('',(0.605003688057,20.));
#196 = CARTESIAN_POINT('',(0.605003688057,1.46941282671E-15));
#197 = CARTESIAN_POINT('',(0.605003688057,-20.));
#198 = ( GEOMETRIC_REPRESENTATION_CONTEXT(2) 
PARAMETRIC_REPRESENTATION_CONTEXT() REPRESENTATION_CONTEXT('2D SPACE',''
  ) );
#199 = ADVANCED_FACE('',(#200,#569),#96,.T.);
#200 = FACE_BOUND('',#201,.T.);
#201 = EDGE_LOOP('',(#202,#203,#232,#262,#302,#332,#372,#402,#442,#472,
    #512,#542));
#202 = ORIENTED_EDGE('',*,*,#71,.T.);
#203 = ORIENTED_EDGE('',*,*,#204,.T.);
#204 = EDGE_CURVE('',#74,#205,#207,.T.);
#205 = VERTEX_POINT('',#206);
#206 = CARTESIAN_POINT('',(-15.19813793103,-25.4,123.17999973246));
#207 = SURFACE_CURVE('',#208,(#214,#223),.PCURVE_S1.);
#208 = ( BOUNDED_CURVE() B_SPLINE_CURVE(2,(#209,#210,#211,#212,#213),
.UNSPECIFIED.,.F.,.F.) B_SPLINE_CURVE_WITH_KNOTS((3,2,3),(0.605003688057
,3.14159265359,5.678181619123),.PIECEWISE_BEZIER_KNOTS.) CURVE() 
GEOMETRIC_REPRESENTATION_ITEM() RATIONAL_B_SPLINE_CURVE((1.,
0.297909382195,1.,0.297909382195,1.)) REPRESENTATION_ITEM('') );
#209 = CARTESIAN_POINT('',(-15.19813793103,-25.4,110.22000026753));
#210 = CARTESIAN_POINT('',(-35.96206896551,-25.4,80.192959253737));
#211 = CARTESIAN_POINT('',(-35.96206896551,-25.4,116.7));
#212 = CARTESIAN_POINT('',(-35.96206896551,-25.4,153.20704074626));
#213 = CARTESIAN_POINT('',(-15.19813793103,-25.4,123.17999973246));
#214 = PCURVE('',#96,#215);
#215 = DEFINITIONAL_REPRESENTATION('',(#216),#222);
#216 = ( BOUNDED_CURVE() B_SPLINE_CURVE(2,(#217,#218,#219,#220,#221),
.UNSPECIFIED.,.F.,.F.) B_SPLINE_CURVE_WITH_KNOTS((3,2,3),(0.605003688057
,3.14159265359,5.678181619123),.PIECEWISE_BEZIER_KNOTS.) CURVE() 
GEOMETRIC_REPRESENTATION_ITEM() RATIONAL_B_SPLINE_CURVE((1.,
0.297909382195,1.,0.297909382195,1.)) REPRESENTATION_ITEM('') );
#217 = CARTESIAN_POINT('',(6.370169228521,34.212));
#218 = CARTESIAN_POINT('',(35.888277343784,13.8));
#219 = CARTESIAN_POINT('',(7.439645706014E-15,13.8));
#220 = CARTESIAN_POINT('',(-35.88827734378,13.8));
#221 = CARTESIAN_POINT('',(-6.370169228521,34.212));
#222 = ( GEOMETRIC_REPRESENTATION_CONTEXT(2) 
PARAMETRIC_REPRESENTATION_CONTEXT() REPRESENTATION_CONTEXT('2D SPACE',''
  ) );
#223 = PCURVE('',#182,#224);
#224 = DEFINITIONAL_REPRESENTATION('',(#225),#231);
#225 = B_SPLINE_CURVE_WITH_KNOTS('',2,(#226,#227,#228,#229,#230),
  .UNSPECIFIED.,.F.,.F.,(3,2,3),(0.605003688057,3.14159265359,
    5.678181619123),.PIECEWISE_BEZIER_KNOTS.);
#226 = CARTESIAN_POINT('',(0.605003688057,-20.));
#227 = CARTESIAN_POINT('',(1.873298170823,-20.));
#228 = CARTESIAN_POINT('',(3.14159265359,-20.));
#229 = CARTESIAN_POINT('',(4.409887136356,-20.));
#230 = CARTESIAN_POINT('',(5.678181619123,-20.));
#231 = ( GEOMETRIC_REPRESENTATION_CONTEXT(2) 
PARAMETRIC_REPRESENTATION_CONTEXT() REPRESENTATION_CONTEXT('2D SPACE',''
  ) );
#232 = ORIENTED_EDGE('',*,*,#233,.T.);
#233 = EDGE_CURVE('',#205,#234,#236,.T.);
#234 = VERTEX_POINT('',#235);
#235 = CARTESIAN_POINT('',(-26.98722458069,-25.4,143.59929678449));
#236 = SURFACE_CURVE('',#237,(#241,#248),.PCURVE_S1.);
#237 = ( BOUNDED_CURVE() B_SPLINE_CURVE(2,(#238,#239,#240),
.UNSPECIFIED.,.F.,.F.) B_SPLINE_CURVE_WITH_KNOTS((3,3),(0.18408883471,
0.863108716486),.PIECEWISE_BEZIER_KNOTS.) CURVE() 
GEOMETRIC_REPRESENTATION_ITEM() RATIONAL_B_SPLINE_CURVE((1.,
0.942917980705,1.)) REPRESENTATION_ITEM('') );
#238 = CARTESIAN_POINT('',(-15.19813793103,-25.4,123.17999973246));
#239 = CARTESIAN_POINT('',(-17.48678048217,-25.4,135.47151604084));
#240 = CARTESIAN_POINT('',(-26.98722458069,-25.4,143.59929678449));
#241 = PCURVE('',#96,#242);
#242 = DEFINITIONAL_REPRESENTATION('',(#243),#247);
#243 = ( BOUNDED_CURVE() B_SPLINE_CURVE(2,(#244,#245,#246),
.UNSPECIFIED.,.F.,.F.) B_SPLINE_CURVE_WITH_KNOTS((3,3),(0.18408883471,
0.863108716486),.PIECEWISE_BEZIER_KNOTS.) CURVE() 
GEOMETRIC_REPRESENTATION_ITEM() RATIONAL_B_SPLINE_CURVE((1.,
0.942917980705,1.)) REPRESENTATION_ITEM('') );
#244 = CARTESIAN_POINT('',(-6.370169228521,34.212));
#245 = CARTESIAN_POINT('',(-18.45335475201,31.962148000577));
#246 = CARTESIAN_POINT('',(-26.44337650001,22.622728378305));
#247 = ( GEOMETRIC_REPRESENTATION_CONTEXT(2) 
PARAMETRIC_REPRESENTATION_CONTEXT() REPRESENTATION_CONTEXT('2D SPACE',''
  ) );
#248 = PCURVE('',#249,#256);
#249 = ( BOUNDED_SURFACE() B_SPLINE_SURFACE(2,1,(
    (#250,#251)
    ,(#252,#253)
,(#254,#255
    )),.UNSPECIFIED.,.F.,.F.,.F.) B_SPLINE_SURFACE_WITH_KNOTS((3,3),(2,2
    ),(5.420076590693,6.09909647247),(-20.,20.),
.PIECEWISE_BEZIER_KNOTS.) GEOMETRIC_REPRESENTATION_ITEM() 
RATIONAL_B_SPLINE_SURFACE((
    (1.,1.)
    ,(0.942917980705,0.942917980705)
,(1.,1.))) REPRESENTATION_ITEM('') SURFACE() );
#250 = CARTESIAN_POINT('',(-26.98722458069,-25.4,143.59929678449));
#251 = CARTESIAN_POINT('',(-26.98722458069,25.4,143.59929678449));
#252 = CARTESIAN_POINT('',(-17.48678048216,-25.4,135.47151604083));
#253 = CARTESIAN_POINT('',(-17.48678048216,25.4,135.47151604083));
#254 = CARTESIAN_POINT('',(-15.19813793103,-25.4,123.17999973245));
#255 = CARTESIAN_POINT('',(-15.19813793103,25.4,123.17999973245));
#256 = DEFINITIONAL_REPRESENTATION('',(#257),#261);
#257 = B_SPLINE_CURVE_WITH_KNOTS('',2,(#258,#259,#260),.UNSPECIFIED.,.F.
  ,.F.,(3,3),(0.18408883471,0.863108716486),.PIECEWISE_BEZIER_KNOTS.);
#258 = CARTESIAN_POINT('',(6.099096472469,-20.));
#259 = CARTESIAN_POINT('',(5.759586531581,-20.));
#260 = CARTESIAN_POINT('',(5.420076590693,-20.));
#261 = ( GEOMETRIC_REPRESENTATION_CONTEXT(2) 
PARAMETRIC_REPRESENTATION_CONTEXT() REPRESENTATION_CONTEXT('2D SPACE',''
  ) );
#262 = ORIENTED_EDGE('',*,*,#263,.T.);
#263 = EDGE_CURVE('',#234,#264,#266,.T.);
#264 = VERTEX_POINT('',#265);
#265 = CARTESIAN_POINT('',(-38.21091335034,-25.4,150.07929651695));
#266 = SURFACE_CURVE('',#267,(#273,#282),.PCURVE_S1.);
#267 = ( BOUNDED_CURVE() B_SPLINE_CURVE(2,(#268,#269,#270,#271,#272),
.UNSPECIFIED.,.F.,.F.) B_SPLINE_CURVE_WITH_KNOTS((3,2,3),(0.,
2.536588965533,5.073177931066),.PIECEWISE_BEZIER_KNOTS.) CURVE() 
GEOMETRIC_REPRESENTATION_ITEM() RATIONAL_B_SPLINE_CURVE((1.,
0.297909382195,1.,0.297909382195,1.)) REPRESENTATION_ITEM('') );
#268 = CARTESIAN_POINT('',(-26.98722458069,-25.4,143.59929678449));
#269 = CARTESIAN_POINT('',(-11.36500977949,-25.4,110.6036845193));
#270 = CARTESIAN_POINT('',(-42.98103448275,-25.4,128.85720489243));
#271 = CARTESIAN_POINT('',(-74.59705918601,-25.4,147.11072526556));
#272 = CARTESIAN_POINT('',(-38.21091335034,-25.4,150.07929651695));
#273 = PCURVE('',#96,#274);
#274 = DEFINITIONAL_REPRESENTATION('',(#275),#281);
#275 = ( BOUNDED_CURVE() B_SPLINE_CURVE(2,(#276,#277,#278,#279,#280),
.UNSPECIFIED.,.F.,.F.) B_SPLINE_CURVE_WITH_KNOTS((3,2,3),(0.,
2.536588965533,5.073177931066),.PIECEWISE_BEZIER_KNOTS.) CURVE() 
GEOMETRIC_REPRESENTATION_ITEM() RATIONAL_B_SPLINE_CURVE((1.,
0.297909382195,1.,0.297909382195,1.)) REPRESENTATION_ITEM('') );
#276 = CARTESIAN_POINT('',(-26.44337650001,22.622728378305));
#277 = CARTESIAN_POINT('',(5.992988099667,37.980159877782));
#278 = CARTESIAN_POINT('',(-11.95115057222,6.9));
#279 = CARTESIAN_POINT('',(-29.89528924411,-24.18015987778));
#280 = CARTESIAN_POINT('',(-32.81354572853,11.589271621695));
#281 = ( GEOMETRIC_REPRESENTATION_CONTEXT(2) 
PARAMETRIC_REPRESENTATION_CONTEXT() REPRESENTATION_CONTEXT('2D SPACE',''
  ) );
#282 = PCURVE('',#283,#294);
#283 = ( BOUNDED_SURFACE() B_SPLINE_SURFACE(2,1,(
    (#284,#285)
    ,(#286,#287)
    ,(#288,#289)
    ,(#290,#291)
,(#292,#293
    )),.UNSPECIFIED.,.F.,.F.,.F.) B_SPLINE_SURFACE_WITH_KNOTS((3,2,3),(2
    ,2),(-0.442193863139,2.094395102394,4.630984067927),(-20.,20.),
.UNSPECIFIED.) GEOMETRIC_REPRESENTATION_ITEM() RATIONAL_B_SPLINE_SURFACE
((
    (1.,1.)
    ,(0.297909382195,0.297909382195)
    ,(1.,1.)
    ,(0.297909382195,0.297909382195)
,(1.,1.))) REPRESENTATION_ITEM('') SURFACE() );
#284 = CARTESIAN_POINT('',(-26.98722458068,-25.4,143.59929678449));
#285 = CARTESIAN_POINT('',(-26.98722458068,25.4,143.59929678449));
#286 = CARTESIAN_POINT('',(-11.36500977951,-25.4,110.60368451928));
#287 = CARTESIAN_POINT('',(-11.36500977951,25.4,110.60368451928));
#288 = CARTESIAN_POINT('',(-42.98103448276,-25.4,128.85720489243));
#289 = CARTESIAN_POINT('',(-42.98103448276,25.4,128.85720489243));
#290 = CARTESIAN_POINT('',(-74.59705918601,-25.4,147.11072526559));
#291 = CARTESIAN_POINT('',(-74.59705918601,25.4,147.11072526559));
#292 = CARTESIAN_POINT('',(-38.21091335033,-25.4,150.07929651695));
#293 = CARTESIAN_POINT('',(-38.21091335033,25.4,150.07929651695));
#294 = DEFINITIONAL_REPRESENTATION('',(#295),#301);
#295 = B_SPLINE_CURVE_WITH_KNOTS('',2,(#296,#297,#298,#299,#300),
  .UNSPECIFIED.,.F.,.F.,(3,2,3),(8.942993453601E-14,2.536588965533,
    5.073177931066),.UNSPECIFIED.);
#296 = CARTESIAN_POINT('',(-0.44219386314,-20.));
#297 = CARTESIAN_POINT('',(0.826100619627,-20.));
#298 = CARTESIAN_POINT('',(2.094395102393,-20.));
#299 = CARTESIAN_POINT('',(3.36268958516,-20.));
#300 = CARTESIAN_POINT('',(4.630984067926,-20.));
#301 = ( GEOMETRIC_REPRESENTATION_CONTEXT(2) 
PARAMETRIC_REPRESENTATION_CONTEXT() REPRESENTATION_CONTEXT('2D SPACE',''
  ) );
#302 = ORIENTED_EDGE('',*,*,#303,.T.);
#303 = EDGE_CURVE('',#264,#304,#306,.T.);
#304 = VERTEX_POINT('',#305);
#305 = CARTESIAN_POINT('',(-61.78908664965,-25.4,150.07929651695));
#306 = SURFACE_CURVE('',#307,(#311,#318),.PCURVE_S1.);
#307 = ( BOUNDED_CURVE() B_SPLINE_CURVE(2,(#308,#309,#310),
.UNSPECIFIED.,.F.,.F.) B_SPLINE_CURVE_WITH_KNOTS((3,3),(1.231286385907,
1.910306267683),.PIECEWISE_BEZIER_KNOTS.) CURVE() 
GEOMETRIC_REPRESENTATION_ITEM() RATIONAL_B_SPLINE_CURVE((1.,
0.942917980705,1.)) REPRESENTATION_ITEM('') );
#308 = CARTESIAN_POINT('',(-38.21091335034,-25.4,150.07929651695));
#309 = CARTESIAN_POINT('',(-49.99999999999,-25.4,154.24303208167));
#310 = CARTESIAN_POINT('',(-61.78908664965,-25.4,150.07929651695));
#311 = PCURVE('',#96,#312);
#312 = DEFINITIONAL_REPRESENTATION('',(#313),#317);
#313 = ( BOUNDED_CURVE() B_SPLINE_CURVE(2,(#314,#315,#316),
.UNSPECIFIED.,.F.,.F.) B_SPLINE_CURVE_WITH_KNOTS((3,3),(1.231286385907,
1.910306267683),.PIECEWISE_BEZIER_KNOTS.) CURVE() 
GEOMETRIC_REPRESENTATION_ITEM() RATIONAL_B_SPLINE_CURVE((1.,
0.942917980705,1.)) REPRESENTATION_ITEM('') );
#314 = CARTESIAN_POINT('',(-32.81354572853,11.589271621695));
#315 = CARTESIAN_POINT('',(-36.90670950402,2.496035178805E-12));
#316 = CARTESIAN_POINT('',(-32.81354572853,-11.58927162169));
#317 = ( GEOMETRIC_REPRESENTATION_CONTEXT(2) 
PARAMETRIC_REPRESENTATION_CONTEXT() REPRESENTATION_CONTEXT('2D SPACE',''
  ) );
#318 = PCURVE('',#319,#326);
#319 = ( BOUNDED_SURFACE() B_SPLINE_SURFACE(2,1,(
    (#320,#321)
    ,(#322,#323)
,(#324,#325
    )),.UNSPECIFIED.,.F.,.F.,.F.) B_SPLINE_SURFACE_WITH_KNOTS((3,3),(2,2
    ),(4.372879039497,5.051898921273),(-20.,20.),
.PIECEWISE_BEZIER_KNOTS.) GEOMETRIC_REPRESENTATION_ITEM() 
RATIONAL_B_SPLINE_SURFACE((
    (1.,1.)
    ,(0.942917980705,0.942917980705)
,(1.,1.))) REPRESENTATION_ITEM('') SURFACE() );
#320 = CARTESIAN_POINT('',(-61.78908664965,-25.4,150.07929651695));
#321 = CARTESIAN_POINT('',(-61.78908664965,25.4,150.07929651695));
#322 = CARTESIAN_POINT('',(-49.99999999999,-25.4,154.24303208167));
#323 = CARTESIAN_POINT('',(-49.99999999999,25.4,154.24303208167));
#324 = CARTESIAN_POINT('',(-38.21091335034,-25.4,150.07929651695));
#325 = CARTESIAN_POINT('',(-38.21091335034,25.4,150.07929651695));
#326 = DEFINITIONAL_REPRESENTATION('',(#327),#331);
#327 = B_SPLINE_CURVE_WITH_KNOTS('',2,(#328,#329,#330),.UNSPECIFIED.,.F.
  ,.F.,(3,3),(1.231286385907,1.910306267683),.PIECEWISE_BEZIER_KNOTS.);
#328 = CARTESIAN_POINT('',(5.051898921273,-20.));
#329 = CARTESIAN_POINT('',(4.712388980385,-20.));
#330 = CARTESIAN_POINT('',(4.372879039497,-20.));
#331 = ( GEOMETRIC_REPRESENTATION_CONTEXT(2) 
PARAMETRIC_REPRESENTATION_CONTEXT() REPRESENTATION_CONTEXT('2D SPACE',''
  ) );
#332 = ORIENTED_EDGE('',*,*,#333,.T.);
#333 = EDGE_CURVE('',#304,#334,#336,.T.);
#334 = VERTEX_POINT('',#335);
#335 = CARTESIAN_POINT('',(-73.0127754193,-25.4,143.59929678449));
#336 = SURFACE_CURVE('',#337,(#343,#352),.PCURVE_S1.);
#337 = ( BOUNDED_CURVE() B_SPLINE_CURVE(2,(#338,#339,#340,#341,#342),
.UNSPECIFIED.,.F.,.F.) B_SPLINE_CURVE_WITH_KNOTS((3,2,3),(0.,
2.536588965533,5.073177931066),.PIECEWISE_BEZIER_KNOTS.) CURVE() 
GEOMETRIC_REPRESENTATION_ITEM() RATIONAL_B_SPLINE_CURVE((1.,
0.297909382195,1.,0.297909382195,1.)) REPRESENTATION_ITEM('') );
#338 = CARTESIAN_POINT('',(-61.78908664965,-25.4,150.07929651695));
#339 = CARTESIAN_POINT('',(-25.40294081397,-25.4,147.11072526556));
#340 = CARTESIAN_POINT('',(-57.01896551724,-25.4,128.85720489243));
#341 = CARTESIAN_POINT('',(-88.6349902205,-25.4,110.6036845193));
#342 = CARTESIAN_POINT('',(-73.0127754193,-25.4,143.59929678449));
#343 = PCURVE('',#96,#344);
#344 = DEFINITIONAL_REPRESENTATION('',(#345),#351);
#345 = ( BOUNDED_CURVE() B_SPLINE_CURVE(2,(#346,#347,#348,#349,#350),
.UNSPECIFIED.,.F.,.F.) B_SPLINE_CURVE_WITH_KNOTS((3,2,3),(0.,
2.536588965533,5.073177931066),.PIECEWISE_BEZIER_KNOTS.) CURVE() 
GEOMETRIC_REPRESENTATION_ITEM() RATIONAL_B_SPLINE_CURVE((1.,
0.297909382195,1.,0.297909382195,1.)) REPRESENTATION_ITEM('') );
#346 = CARTESIAN_POINT('',(-32.81354572853,-11.58927162169));
#347 = CARTESIAN_POINT('',(-29.89528924411,24.180159877784));
#348 = CARTESIAN_POINT('',(-11.95115057222,-6.900000000001));
#349 = CARTESIAN_POINT('',(5.992988099665,-37.98015987778));
#350 = CARTESIAN_POINT('',(-26.44337650001,-22.6227283783));
#351 = ( GEOMETRIC_REPRESENTATION_CONTEXT(2) 
PARAMETRIC_REPRESENTATION_CONTEXT() REPRESENTATION_CONTEXT('2D SPACE',''
  ) );
#352 = PCURVE('',#353,#364);
#353 = ( BOUNDED_SURFACE() B_SPLINE_SURFACE(2,1,(
    (#354,#355)
    ,(#356,#357)
    ,(#358,#359)
    ,(#360,#361)
,(#362,#363
    )),.UNSPECIFIED.,.F.,.F.,.F.) B_SPLINE_SURFACE_WITH_KNOTS((3,2,3),(2
    ,2),(-1.489391414336,1.047197551197,3.58378651673),(-20.,20.),
.UNSPECIFIED.) GEOMETRIC_REPRESENTATION_ITEM() RATIONAL_B_SPLINE_SURFACE
((
    (1.,1.)
    ,(0.297909382195,0.297909382195)
    ,(1.,1.)
    ,(0.297909382195,0.297909382195)
,(1.,1.))) REPRESENTATION_ITEM('') SURFACE() );
#354 = CARTESIAN_POINT('',(-61.78908664965,-25.4,150.07929651695));
#355 = CARTESIAN_POINT('',(-61.78908664965,25.4,150.07929651695));
#356 = CARTESIAN_POINT('',(-25.40294081397,-25.4,147.11072526556));
#357 = CARTESIAN_POINT('',(-25.40294081397,25.4,147.11072526556));
#358 = CARTESIAN_POINT('',(-57.01896551724,-25.4,128.85720489243));
#359 = CARTESIAN_POINT('',(-57.01896551724,25.4,128.85720489243));
#360 = CARTESIAN_POINT('',(-88.6349902205,-25.4,110.6036845193));
#361 = CARTESIAN_POINT('',(-88.6349902205,25.4,110.6036845193));
#362 = CARTESIAN_POINT('',(-73.0127754193,-25.4,143.59929678449));
#363 = CARTESIAN_POINT('',(-73.0127754193,25.4,143.59929678449));
#364 = DEFINITIONAL_REPRESENTATION('',(#365),#371);
#365 = B_SPLINE_CURVE_WITH_KNOTS('',2,(#366,#367,#368,#369,#370),
  .UNSPECIFIED.,.F.,.F.,(3,2,3),(4.968063350947E-13,2.536588965533,
    5.073177931066),.UNSPECIFIED.);
#366 = CARTESIAN_POINT('',(-1.489391414336,-20.));
#367 = CARTESIAN_POINT('',(-0.22109693157,-20.));
#368 = CARTESIAN_POINT('',(1.047197551197,-20.));
#369 = CARTESIAN_POINT('',(2.315492033963,-20.));
#370 = CARTESIAN_POINT('',(3.58378651673,-20.));
#371 = ( GEOMETRIC_REPRESENTATION_CONTEXT(2) 
PARAMETRIC_REPRESENTATION_CONTEXT() REPRESENTATION_CONTEXT('2D SPACE',''
  ) );
#372 = ORIENTED_EDGE('',*,*,#373,.T.);
#373 = EDGE_CURVE('',#334,#374,#376,.T.);
#374 = VERTEX_POINT('',#375);
#375 = CARTESIAN_POINT('',(-84.80186206896,-25.4,123.17999973246));
#376 = SURFACE_CURVE('',#377,(#381,#388),.PCURVE_S1.);
#377 = ( BOUNDED_CURVE() B_SPLINE_CURVE(2,(#378,#379,#380),
.UNSPECIFIED.,.F.,.F.) B_SPLINE_CURVE_WITH_KNOTS((3,3),(2.278483937103,
2.95750381888),.PIECEWISE_BEZIER_KNOTS.) CURVE() 
GEOMETRIC_REPRESENTATION_ITEM() RATIONAL_B_SPLINE_CURVE((1.,
0.942917980705,1.)) REPRESENTATION_ITEM('') );
#378 = CARTESIAN_POINT('',(-73.0127754193,-25.4,143.59929678449));
#379 = CARTESIAN_POINT('',(-82.51321951782,-25.4,135.47151604084));
#380 = CARTESIAN_POINT('',(-84.80186206896,-25.4,123.17999973246));
#381 = PCURVE('',#96,#382);
#382 = DEFINITIONAL_REPRESENTATION('',(#383),#387);
#383 = ( BOUNDED_CURVE() B_SPLINE_CURVE(2,(#384,#385,#386),
.UNSPECIFIED.,.F.,.F.) B_SPLINE_CURVE_WITH_KNOTS((3,3),(2.278483937103,
2.95750381888),.PIECEWISE_BEZIER_KNOTS.) CURVE() 
GEOMETRIC_REPRESENTATION_ITEM() RATIONAL_B_SPLINE_CURVE((1.,
0.942917980705,1.)) REPRESENTATION_ITEM('') );
#384 = CARTESIAN_POINT('',(-26.44337650001,-22.6227283783));
#385 = CARTESIAN_POINT('',(-18.45335475201,-31.96214800057));
#386 = CARTESIAN_POINT('',(-6.370169228521,-34.212));
#387 = ( GEOMETRIC_REPRESENTATION_CONTEXT(2) 
PARAMETRIC_REPRESENTATION_CONTEXT() REPRESENTATION_CONTEXT('2D SPACE',''
  ) );
#388 = PCURVE('',#389,#396);
#389 = ( BOUNDED_SURFACE() B_SPLINE_SURFACE(2,1,(
    (#390,#391)
    ,(#392,#393)
,(#394,#395
    )),.UNSPECIFIED.,.F.,.F.,.F.) B_SPLINE_SURFACE_WITH_KNOTS((3,3),(2,2
    ),(3.3256814883,4.004701370077),(-20.,20.),
.PIECEWISE_BEZIER_KNOTS.) GEOMETRIC_REPRESENTATION_ITEM() 
RATIONAL_B_SPLINE_SURFACE((
    (1.,1.)
    ,(0.942917980705,0.942917980705)
,(1.,1.))) REPRESENTATION_ITEM('') SURFACE() );
#390 = CARTESIAN_POINT('',(-84.80186206896,-25.4,123.17999973244));
#391 = CARTESIAN_POINT('',(-84.80186206896,25.4,123.17999973244));
#392 = CARTESIAN_POINT('',(-82.51321951783,-25.4,135.47151604084));
#393 = CARTESIAN_POINT('',(-82.51321951783,25.4,135.47151604084));
#394 = CARTESIAN_POINT('',(-73.0127754193,-25.4,143.5992967845));
#395 = CARTESIAN_POINT('',(-73.0127754193,25.4,143.5992967845));
#396 = DEFINITIONAL_REPRESENTATION('',(#397),#401);
#397 = B_SPLINE_CURVE_WITH_KNOTS('',2,(#398,#399,#400),.UNSPECIFIED.,.F.
  ,.F.,(3,3),(2.278483937103,2.95750381888),.PIECEWISE_BEZIER_KNOTS.);
#398 = CARTESIAN_POINT('',(4.004701370076,-20.));
#399 = CARTESIAN_POINT('',(3.665191429188,-20.));
#400 = CARTESIAN_POINT('',(3.3256814883,-20.));
#401 = ( GEOMETRIC_REPRESENTATION_CONTEXT(2) 
PARAMETRIC_REPRESENTATION_CONTEXT() REPRESENTATION_CONTEXT('2D SPACE',''
  ) );
#402 = ORIENTED_EDGE('',*,*,#403,.T.);
#403 = EDGE_CURVE('',#374,#404,#406,.T.);
#404 = VERTEX_POINT('',#405);
#405 = CARTESIAN_POINT('',(-84.80186206896,-25.4,110.22000026753));
#406 = SURFACE_CURVE('',#407,(#413,#422),.PCURVE_S1.);
#407 = ( BOUNDED_CURVE() B_SPLINE_CURVE(2,(#408,#409,#410,#411,#412),
.UNSPECIFIED.,.F.,.F.) B_SPLINE_CURVE_WITH_KNOTS((3,2,3),(0.,
2.536588965533,5.073177931067),.PIECEWISE_BEZIER_KNOTS.) CURVE() 
GEOMETRIC_REPRESENTATION_ITEM() RATIONAL_B_SPLINE_CURVE((1.,
0.297909382195,1.,0.297909382195,1.)) REPRESENTATION_ITEM('') );
#408 = CARTESIAN_POINT('',(-84.80186206896,-25.4,123.17999973245));
#409 = CARTESIAN_POINT('',(-64.03793103448,-25.4,153.20704074627));
#410 = CARTESIAN_POINT('',(-64.03793103448,-25.4,116.7));
#411 = CARTESIAN_POINT('',(-64.03793103447,-25.4,80.192959253729));
#412 = CARTESIAN_POINT('',(-84.80186206896,-25.4,110.22000026753));
#413 = PCURVE('',#96,#414);
#414 = DEFINITIONAL_REPRESENTATION('',(#415),#421);
#415 = ( BOUNDED_CURVE() B_SPLINE_CURVE(2,(#416,#417,#418,#419,#420),
.UNSPECIFIED.,.F.,.F.) B_SPLINE_CURVE_WITH_KNOTS((3,2,3),(0.,
2.536588965533,5.073177931067),.PIECEWISE_BEZIER_KNOTS.) CURVE() 
GEOMETRIC_REPRESENTATION_ITEM() RATIONAL_B_SPLINE_CURVE((1.,
0.297909382195,1.,0.297909382195,1.)) REPRESENTATION_ITEM('') );
#416 = CARTESIAN_POINT('',(-6.370169228518,-34.212));
#417 = CARTESIAN_POINT('',(-35.88827734379,-13.8));
#418 = CARTESIAN_POINT('',(-1.728586222754E-12,-13.8));
#419 = CARTESIAN_POINT('',(35.888277343792,-13.79999999999));
#420 = CARTESIAN_POINT('',(6.370169228521,-34.212));
#421 = ( GEOMETRIC_REPRESENTATION_CONTEXT(2) 
PARAMETRIC_REPRESENTATION_CONTEXT() REPRESENTATION_CONTEXT('2D SPACE',''
  ) );
#422 = PCURVE('',#423,#434);
#423 = ( BOUNDED_SURFACE() B_SPLINE_SURFACE(2,1,(
    (#424,#425)
    ,(#426,#427)
    ,(#428,#429)
    ,(#430,#431)
,(#432,#433
    )),.UNSPECIFIED.,.F.,.F.,.F.) B_SPLINE_SURFACE_WITH_KNOTS((3,2,3),(2
    ,2),(-2.536588965533,8.615330671091E-14,2.536588965534),(-20.,20.),
.UNSPECIFIED.) GEOMETRIC_REPRESENTATION_ITEM() RATIONAL_B_SPLINE_SURFACE
((
    (1.,1.)
    ,(0.297909382195,0.297909382195)
    ,(1.,1.)
    ,(0.297909382195,0.297909382195)
,(1.,1.))) REPRESENTATION_ITEM('') SURFACE() );
#424 = CARTESIAN_POINT('',(-84.80186206896,-25.4,123.17999973245));
#425 = CARTESIAN_POINT('',(-84.80186206896,25.4,123.17999973245));
#426 = CARTESIAN_POINT('',(-64.03793103448,-25.4,153.20704074628));
#427 = CARTESIAN_POINT('',(-64.03793103448,25.4,153.20704074628));
#428 = CARTESIAN_POINT('',(-64.03793103448,-25.4,116.69999999999));
#429 = CARTESIAN_POINT('',(-64.03793103448,25.4,116.69999999999));
#430 = CARTESIAN_POINT('',(-64.03793103448,-25.4,80.192959253712));
#431 = CARTESIAN_POINT('',(-64.03793103448,25.4,80.192959253712));
#432 = CARTESIAN_POINT('',(-84.80186206896,-25.4,110.22000026754));
#433 = CARTESIAN_POINT('',(-84.80186206896,25.4,110.22000026754));
#434 = DEFINITIONAL_REPRESENTATION('',(#435),#441);
#435 = B_SPLINE_CURVE_WITH_KNOTS('',2,(#436,#437,#438,#439,#440),
  .UNSPECIFIED.,.F.,.F.,(3,2,3),(4.096039132557E-13,2.536588965533,
    5.073177931067),.UNSPECIFIED.);
#436 = CARTESIAN_POINT('',(-2.536588965533,-20.));
#437 = CARTESIAN_POINT('',(-1.268294482767,-20.));
#438 = CARTESIAN_POINT('',(-2.327668717624E-13,-20.));
#439 = CARTESIAN_POINT('',(1.268294482767,-20.));
#440 = CARTESIAN_POINT('',(2.536588965533,-20.));
#441 = ( GEOMETRIC_REPRESENTATION_CONTEXT(2) 
PARAMETRIC_REPRESENTATION_CONTEXT() REPRESENTATION_CONTEXT('2D SPACE',''
  ) );
#442 = ORIENTED_EDGE('',*,*,#443,.T.);
#443 = EDGE_CURVE('',#404,#444,#446,.T.);
#444 = VERTEX_POINT('',#445);
#445 = CARTESIAN_POINT('',(-73.0127754193,-25.4,89.800703215507));
#446 = SURFACE_CURVE('',#447,(#451,#458),.PCURVE_S1.);
#447 = ( BOUNDED_CURVE() B_SPLINE_CURVE(2,(#448,#449,#450),
.UNSPECIFIED.,.F.,.F.) B_SPLINE_CURVE_WITH_KNOTS((3,3),(3.3256814883,
4.004701370076),.PIECEWISE_BEZIER_KNOTS.) CURVE() 
GEOMETRIC_REPRESENTATION_ITEM() RATIONAL_B_SPLINE_CURVE((1.,
0.942917980705,1.)) REPRESENTATION_ITEM('') );
#448 = CARTESIAN_POINT('',(-84.80186206896,-25.4,110.22000026753));
#449 = CARTESIAN_POINT('',(-82.51321951782,-25.4,97.928483959159));
#450 = CARTESIAN_POINT('',(-73.0127754193,-25.4,89.800703215503));
#451 = PCURVE('',#96,#452);
#452 = DEFINITIONAL_REPRESENTATION('',(#453),#457);
#453 = ( BOUNDED_CURVE() B_SPLINE_CURVE(2,(#454,#455,#456),
.UNSPECIFIED.,.F.,.F.) B_SPLINE_CURVE_WITH_KNOTS((3,3),(3.3256814883,
4.004701370076),.PIECEWISE_BEZIER_KNOTS.) CURVE() 
GEOMETRIC_REPRESENTATION_ITEM() RATIONAL_B_SPLINE_CURVE((1.,
0.942917980705,1.)) REPRESENTATION_ITEM('') );
#454 = CARTESIAN_POINT('',(6.370169228521,-34.212));
#455 = CARTESIAN_POINT('',(18.453354752013,-31.96214800057));
#456 = CARTESIAN_POINT('',(26.443376500014,-22.6227283783));
#457 = ( GEOMETRIC_REPRESENTATION_CONTEXT(2) 
PARAMETRIC_REPRESENTATION_CONTEXT() REPRESENTATION_CONTEXT('2D SPACE',''
  ) );
#458 = PCURVE('',#459,#466);
#459 = ( BOUNDED_SURFACE() B_SPLINE_SURFACE(2,1,(
    (#460,#461)
    ,(#462,#463)
,(#464,#465
    )),.UNSPECIFIED.,.F.,.F.,.F.) B_SPLINE_SURFACE_WITH_KNOTS((3,3),(2,2
    ),(2.278483937103,2.95750381888),(-20.,20.),
.PIECEWISE_BEZIER_KNOTS.) GEOMETRIC_REPRESENTATION_ITEM() 
RATIONAL_B_SPLINE_SURFACE((
    (1.,1.)
    ,(0.942917980705,0.942917980705)
,(1.,1.))) REPRESENTATION_ITEM('') SURFACE() );
#460 = CARTESIAN_POINT('',(-73.0127754193,-25.4,89.800703215503));
#461 = CARTESIAN_POINT('',(-73.0127754193,25.4,89.800703215503));
#462 = CARTESIAN_POINT('',(-82.51321951782,-25.4,97.928483959159));
#463 = CARTESIAN_POINT('',(-82.51321951782,25.4,97.928483959159));
#464 = CARTESIAN_POINT('',(-84.80186206896,-25.4,110.22000026753));
#465 = CARTESIAN_POINT('',(-84.80186206896,25.4,110.22000026753));
#466 = DEFINITIONAL_REPRESENTATION('',(#467),#471);
#467 = B_SPLINE_CURVE_WITH_KNOTS('',2,(#468,#469,#470),.UNSPECIFIED.,.F.
  ,.F.,(3,3),(3.3256814883,4.004701370076),.PIECEWISE_BEZIER_KNOTS.);
#468 = CARTESIAN_POINT('',(2.95750381888,-20.));
#469 = CARTESIAN_POINT('',(2.617993877991,-20.));
#470 = CARTESIAN_POINT('',(2.278483937103,-20.));
#471 = ( GEOMETRIC_REPRESENTATION_CONTEXT(2) 
PARAMETRIC_REPRESENTATION_CONTEXT() REPRESENTATION_CONTEXT('2D SPACE',''
  ) );
#472 = ORIENTED_EDGE('',*,*,#473,.T.);
#473 = EDGE_CURVE('',#444,#474,#476,.T.);
#474 = VERTEX_POINT('',#475);
#475 = CARTESIAN_POINT('',(-61.78908664965,-25.4,83.320703483047));
#476 = SURFACE_CURVE('',#477,(#483,#492),.PCURVE_S1.);
#477 = ( BOUNDED_CURVE() B_SPLINE_CURVE(2,(#478,#479,#480,#481,#482),
.UNSPECIFIED.,.F.,.F.) B_SPLINE_CURVE_WITH_KNOTS((3,2,3),(0.,
2.536588965533,5.073177931066),.PIECEWISE_BEZIER_KNOTS.) CURVE() 
GEOMETRIC_REPRESENTATION_ITEM() RATIONAL_B_SPLINE_CURVE((1.,
0.297909382195,1.,0.297909382195,1.)) REPRESENTATION_ITEM('') );
#478 = CARTESIAN_POINT('',(-73.01277541931,-25.4,89.800703215504));
#479 = CARTESIAN_POINT('',(-88.63499022049,-25.4,122.79631548068));
#480 = CARTESIAN_POINT('',(-57.01896551724,-25.4,104.54279510756));
#481 = CARTESIAN_POINT('',(-25.40294081399,-25.4,86.28927473445));
#482 = CARTESIAN_POINT('',(-61.78908664965,-25.4,83.320703483044));
#483 = PCURVE('',#96,#484);
#484 = DEFINITIONAL_REPRESENTATION('',(#485),#491);
#485 = ( BOUNDED_CURVE() B_SPLINE_CURVE(2,(#486,#487,#488,#489,#490),
.UNSPECIFIED.,.F.,.F.) B_SPLINE_CURVE_WITH_KNOTS((3,2,3),(0.,
2.536588965533,5.073177931066),.PIECEWISE_BEZIER_KNOTS.) CURVE() 
GEOMETRIC_REPRESENTATION_ITEM() RATIONAL_B_SPLINE_CURVE((1.,
0.297909382195,1.,0.297909382195,1.)) REPRESENTATION_ITEM('') );
#486 = CARTESIAN_POINT('',(26.443376500013,-22.6227283783));
#487 = CARTESIAN_POINT('',(-5.992988099655,-37.98015987777));
#488 = CARTESIAN_POINT('',(11.951150572223,-6.900000000003));
#489 = CARTESIAN_POINT('',(29.8952892441,24.18015987777));
#490 = CARTESIAN_POINT('',(32.813545728533,-11.58927162169));
#491 = ( GEOMETRIC_REPRESENTATION_CONTEXT(2) 
PARAMETRIC_REPRESENTATION_CONTEXT() REPRESENTATION_CONTEXT('2D SPACE',''
  ) );
#492 = PCURVE('',#493,#504);
#493 = ( BOUNDED_SURFACE() B_SPLINE_SURFACE(2,1,(
    (#494,#495)
    ,(#496,#497)
    ,(#498,#499)
    ,(#500,#501)
,(#502,#503
    )),.UNSPECIFIED.,.F.,.F.,.F.) B_SPLINE_SURFACE_WITH_KNOTS((3,2,3),(2
    ,2),(2.69939879045,5.235987755983,7.772576721516),(-20.,20.),
.PIECEWISE_BEZIER_KNOTS.) GEOMETRIC_REPRESENTATION_ITEM() 
RATIONAL_B_SPLINE_SURFACE((
    (1.,1.)
    ,(0.297909382195,0.297909382195)
    ,(1.,1.)
    ,(0.297909382195,0.297909382195)
,(1.,1.))) REPRESENTATION_ITEM('') SURFACE() );
#494 = CARTESIAN_POINT('',(-73.01277541931,-25.4,89.800703215508));
#495 = CARTESIAN_POINT('',(-73.01277541931,25.4,89.800703215508));
#496 = CARTESIAN_POINT('',(-88.63499022048,-25.4,122.79631548069));
#497 = CARTESIAN_POINT('',(-88.63499022048,25.4,122.79631548069));
#498 = CARTESIAN_POINT('',(-57.01896551724,-25.4,104.54279510756));
#499 = CARTESIAN_POINT('',(-57.01896551724,25.4,104.54279510756));
#500 = CARTESIAN_POINT('',(-25.40294081399,-25.4,86.289274734431));
#501 = CARTESIAN_POINT('',(-25.40294081399,25.4,86.289274734431));
#502 = CARTESIAN_POINT('',(-61.78908664965,-25.4,83.320703483044));
#503 = CARTESIAN_POINT('',(-61.78908664965,25.4,83.320703483044));
#504 = DEFINITIONAL_REPRESENTATION('',(#505),#511);
#505 = B_SPLINE_CURVE_WITH_KNOTS('',2,(#506,#507,#508,#509,#510),
  .UNSPECIFIED.,.F.,.F.,(3,2,3),(4.975313984267E-14,2.536588965533,
    5.073177931066),.UNSPECIFIED.);
#506 = CARTESIAN_POINT('',(2.69939879045,-20.));
#507 = CARTESIAN_POINT('',(3.967693273217,-20.));
#508 = CARTESIAN_POINT('',(5.235987755983,-20.));
#509 = CARTESIAN_POINT('',(6.504282238749,-20.));
#510 = CARTESIAN_POINT('',(7.772576721515,-20.));
#511 = ( GEOMETRIC_REPRESENTATION_CONTEXT(2) 
PARAMETRIC_REPRESENTATION_CONTEXT() REPRESENTATION_CONTEXT('2D SPACE',''
  ) );
#512 = ORIENTED_EDGE('',*,*,#513,.T.);
#513 = EDGE_CURVE('',#474,#514,#516,.T.);
#514 = VERTEX_POINT('',#515);
#515 = CARTESIAN_POINT('',(-38.21091335034,-25.4,83.320703483047));
#516 = SURFACE_CURVE('',#517,(#521,#528),.PCURVE_S1.);
#517 = ( BOUNDED_CURVE() B_SPLINE_CURVE(2,(#518,#519,#520),
.UNSPECIFIED.,.F.,.F.) B_SPLINE_CURVE_WITH_KNOTS((3,3),(4.372879039497,
5.051898921273),.PIECEWISE_BEZIER_KNOTS.) CURVE() 
GEOMETRIC_REPRESENTATION_ITEM() RATIONAL_B_SPLINE_CURVE((1.,
0.942917980705,1.)) REPRESENTATION_ITEM('') );
#518 = CARTESIAN_POINT('',(-61.78908664965,-25.4,83.320703483042));
#519 = CARTESIAN_POINT('',(-49.99999999999,-25.4,79.156967918321));
#520 = CARTESIAN_POINT('',(-38.21091335034,-25.4,83.320703483044));
#521 = PCURVE('',#96,#522);
#522 = DEFINITIONAL_REPRESENTATION('',(#523),#527);
#523 = ( BOUNDED_CURVE() B_SPLINE_CURVE(2,(#524,#525,#526),
.UNSPECIFIED.,.F.,.F.) B_SPLINE_CURVE_WITH_KNOTS((3,3),(4.372879039497,
5.051898921273),.PIECEWISE_BEZIER_KNOTS.) CURVE() 
GEOMETRIC_REPRESENTATION_ITEM() RATIONAL_B_SPLINE_CURVE((1.,
0.942917980705,1.)) REPRESENTATION_ITEM('') );
#524 = CARTESIAN_POINT('',(32.813545728535,-11.58927162169));
#525 = CARTESIAN_POINT('',(36.906709504024,2.486995642073E-12));
#526 = CARTESIAN_POINT('',(32.813545728533,11.589271621696));
#527 = ( GEOMETRIC_REPRESENTATION_CONTEXT(2) 
PARAMETRIC_REPRESENTATION_CONTEXT() REPRESENTATION_CONTEXT('2D SPACE',''
  ) );
#528 = PCURVE('',#529,#536);
#529 = ( BOUNDED_SURFACE() B_SPLINE_SURFACE(2,1,(
    (#530,#531)
    ,(#532,#533)
,(#534,#535
    )),.UNSPECIFIED.,.F.,.F.,.F.) B_SPLINE_SURFACE_WITH_KNOTS((3,3),(2,2
    ),(1.231286385907,1.910306267683),(-20.,20.),
.PIECEWISE_BEZIER_KNOTS.) GEOMETRIC_REPRESENTATION_ITEM() 
RATIONAL_B_SPLINE_SURFACE((
    (1.,1.)
    ,(0.942917980705,0.942917980705)
,(1.,1.))) REPRESENTATION_ITEM('') SURFACE() );
#530 = CARTESIAN_POINT('',(-38.21091335033,-25.4,83.320703483045));
#531 = CARTESIAN_POINT('',(-38.21091335033,25.4,83.320703483045));
#532 = CARTESIAN_POINT('',(-49.99999999999,-25.4,79.15696791832));
#533 = CARTESIAN_POINT('',(-49.99999999999,25.4,79.15696791832));
#534 = CARTESIAN_POINT('',(-61.78908664965,-25.4,83.320703483042));
#535 = CARTESIAN_POINT('',(-61.78908664965,25.4,83.320703483042));
#536 = DEFINITIONAL_REPRESENTATION('',(#537),#541);
#537 = B_SPLINE_CURVE_WITH_KNOTS('',2,(#538,#539,#540),.UNSPECIFIED.,.F.
  ,.F.,(3,3),(4.372879039497,5.051898921273),.PIECEWISE_BEZIER_KNOTS.);
#538 = CARTESIAN_POINT('',(1.910306267683,-20.));
#539 = CARTESIAN_POINT('',(1.570796326795,-20.));
#540 = CARTESIAN_POINT('',(1.231286385907,-20.));
#541 = ( GEOMETRIC_REPRESENTATION_CONTEXT(2) 
PARAMETRIC_REPRESENTATION_CONTEXT() REPRESENTATION_CONTEXT('2D SPACE',''
  ) );
#542 = ORIENTED_EDGE('',*,*,#543,.T.);
#543 = EDGE_CURVE('',#514,#72,#544,.T.);
#544 = SURFACE_CURVE('',#545,(#551,#560),.PCURVE_S1.);
#545 = ( BOUNDED_CURVE() B_SPLINE_CURVE(2,(#546,#547,#548,#549,#550),
.UNSPECIFIED.,.F.,.F.) B_SPLINE_CURVE_WITH_KNOTS((3,2,3),(0.,
2.536588965533,5.073177931066),.PIECEWISE_BEZIER_KNOTS.) CURVE() 
GEOMETRIC_REPRESENTATION_ITEM() RATIONAL_B_SPLINE_CURVE((1.,
0.297909382195,1.,0.297909382195,1.)) REPRESENTATION_ITEM('') );
#546 = CARTESIAN_POINT('',(-38.21091335034,-25.4,83.320703483044));
#547 = CARTESIAN_POINT('',(-74.59705918601,-25.4,86.289274734435));
#548 = CARTESIAN_POINT('',(-42.98103448275,-25.4,104.54279510756));
#549 = CARTESIAN_POINT('',(-11.3650097795,-25.4,122.79631548069));
#550 = CARTESIAN_POINT('',(-26.98722458068,-25.4,89.800703215507));
#551 = PCURVE('',#96,#552);
#552 = DEFINITIONAL_REPRESENTATION('',(#553),#559);
#553 = ( BOUNDED_CURVE() B_SPLINE_CURVE(2,(#554,#555,#556,#557,#558),
.UNSPECIFIED.,.F.,.F.) B_SPLINE_CURVE_WITH_KNOTS((3,2,3),(0.,
2.536588965533,5.073177931066),.PIECEWISE_BEZIER_KNOTS.) CURVE() 
GEOMETRIC_REPRESENTATION_ITEM() RATIONAL_B_SPLINE_CURVE((1.,
0.297909382195,1.,0.297909382195,1.)) REPRESENTATION_ITEM('') );
#554 = CARTESIAN_POINT('',(32.813545728533,11.589271621694));
#555 = CARTESIAN_POINT('',(29.895289244114,-24.18015987777));
#556 = CARTESIAN_POINT('',(11.951150572225,6.9));
#557 = CARTESIAN_POINT('',(-5.992988099665,37.980159877772));
#558 = CARTESIAN_POINT('',(26.44337650001,22.622728378306));
#559 = ( GEOMETRIC_REPRESENTATION_CONTEXT(2) 
PARAMETRIC_REPRESENTATION_CONTEXT() REPRESENTATION_CONTEXT('2D SPACE',''
  ) );
#560 = PCURVE('',#123,#561);
#561 = DEFINITIONAL_REPRESENTATION('',(#562),#568);
#562 = B_SPLINE_CURVE_WITH_KNOTS('',2,(#563,#564,#565,#566,#567),
  .UNSPECIFIED.,.F.,.F.,(3,2,3),(0.,2.536588965533,5.073177931066),
  .PIECEWISE_BEZIER_KNOTS.);
#563 = CARTESIAN_POINT('',(1.652201239251,-20.));
#564 = CARTESIAN_POINT('',(2.920495722023,-20.));
#565 = CARTESIAN_POINT('',(4.188790204784,-20.));
#566 = CARTESIAN_POINT('',(5.457084687556,-20.));
#567 = CARTESIAN_POINT('',(6.725379170317,-20.));
#568 = ( GEOMETRIC_REPRESENTATION_CONTEXT(2) 
PARAMETRIC_REPRESENTATION_CONTEXT() REPRESENTATION_CONTEXT('2D SPACE',''
  ) );
#569 = FACE_BOUND('',#570,.T.);
#570 = EDGE_LOOP('',(#571));
#571 = ORIENTED_EDGE('',*,*,#572,.F.);
#572 = EDGE_CURVE('',#573,#573,#575,.T.);
#573 = VERTEX_POINT('',#574);
#574 = CARTESIAN_POINT('',(-46.,-25.4,116.7));
#575 = SURFACE_CURVE('',#576,(#581,#617),.PCURVE_S1.);
#576 = CIRCLE('',#577,4.);
#577 = AXIS2_PLACEMENT_3D('',#578,#579,#580);
#578 = CARTESIAN_POINT('',(-50.,-25.4,116.7));
#579 = DIRECTION('',(0.,-1.,0.));
#580 = DIRECTION('',(1.,0.,0.));
#581 = PCURVE('',#96,#582);
#582 = DEFINITIONAL_REPRESENTATION('',(#583),#616);
#583 = B_SPLINE_CURVE_WITH_KNOTS('',8,(#584,#585,#586,#587,#588,#589,
    #590,#591,#592,#593,#594,#595,#596,#597,#598,#599,#600,#601,#602,
    #603,#604,#605,#606,#607,#608,#609,#610,#611,#612,#613,#614,#615),
  .UNSPECIFIED.,.F.,.F.,(9,7,8,8,9),(0.,1.570796326795,2.748893571891,
    4.516039439535,6.28318530718),.UNSPECIFIED.);
#584 = CARTESIAN_POINT('',(-6.994405055138E-15,3.932203389831));
#585 = CARTESIAN_POINT('',(-0.772086289451,3.932203426978));
#586 = CARTESIAN_POINT('',(-1.544172998532,3.758947322527));
#587 = CARTESIAN_POINT('',(-2.270899403578,3.412437212508));
#588 = CARTESIAN_POINT('',(-2.906915797706,2.906915797575));
#589 = CARTESIAN_POINT('',(-3.412437212653,2.270899403433));
#590 = CARTESIAN_POINT('',(-3.758947322385,1.544172998707));
#591 = CARTESIAN_POINT('',(-3.932203426957,0.772086289462));
#592 = CARTESIAN_POINT('',(-3.932203480426,-0.579064803165));
#593 = CARTESIAN_POINT('',(-3.83474647889,-1.158129174068));
#594 = CARTESIAN_POINT('',(-3.6398356505,-1.718059485316));
#595 = CARTESIAN_POINT('',(-3.351971983337,-2.239716074193));
#596 = CARTESIAN_POINT('',(-2.980184794086,-2.70529675837));
#597 = CARTESIAN_POINT('',(-2.537465784724,-3.099646936755));
#598 = CARTESIAN_POINT('',(-2.039775244286,-3.411283806795));
#599 = CARTESIAN_POINT('',(-1.504789089978,-3.632882229536));
#600 = CARTESIAN_POINT('',(-0.702310130723,-3.965280024651));
#601 = CARTESIAN_POINT('',(0.184083909815,-4.095091775678));
#602 = CARTESIAN_POINT('',(1.094718106993,-3.997606620163));
#603 = CARTESIAN_POINT('',(1.961220768193,-3.669185982842));
#604 = CARTESIAN_POINT('',(2.715695631909,-3.13117608169));
#605 = CARTESIAN_POINT('',(3.302672830556,-2.428171268824));
#606 = CARTESIAN_POINT('',(3.687192447702,-1.619042015202));
#607 = CARTESIAN_POINT('',(3.856647204297,-0.767134825555));
#608 = CARTESIAN_POINT('',(4.026102190386,8.47723183997E-02));
#609 = CARTESIAN_POINT('',(3.980492746312,0.979459562317));
#610 = CARTESIAN_POINT('',(3.707224821905,1.853577768488));
#611 = CARTESIAN_POINT('',(3.216068411872,2.639359135879));
#612 = CARTESIAN_POINT('',(2.541205476242,3.274376452202));
#613 = CARTESIAN_POINT('',(1.737195132882,3.71292561313));
#614 = CARTESIAN_POINT('',(0.868597014917,3.932203506809));
#615 = CARTESIAN_POINT('',(-6.050715484207E-15,3.932203389831));
#616 = ( GEOMETRIC_REPRESENTATION_CONTEXT(2) 
PARAMETRIC_REPRESENTATION_CONTEXT() REPRESENTATION_CONTEXT('2D SPACE',''
  ) );
#617 = PCURVE('',#618,#623);
#618 = PLANE('',#619);
#619 = AXIS2_PLACEMENT_3D('',#620,#621,#622);
#620 = CARTESIAN_POINT('',(-50.,-25.4,116.7));
#621 = DIRECTION('',(-0.,-1.,-0.));
#622 = DIRECTION('',(0.,0.,-1.));
#623 = DEFINITIONAL_REPRESENTATION('',(#624),#628);
#624 = CIRCLE('',#625,4.);
#625 = AXIS2_PLACEMENT_2D('',#626,#627);
#626 = CARTESIAN_POINT('',(0.,0.));
#627 = DIRECTION('',(0.,1.));
#628 = ( GEOMETRIC_REPRESENTATION_CONTEXT(2) 
PARAMETRIC_REPRESENTATION_CONTEXT() REPRESENTATION_CONTEXT('2D SPACE',''
  ) );
#629 = ADVANCED_FACE('',(#630),#123,.F.);
#630 = FACE_BOUND('',#631,.F.);
#631 = EDGE_LOOP('',(#632,#633,#662,#682));
#632 = ORIENTED_EDGE('',*,*,#108,.T.);
#633 = ORIENTED_EDGE('',*,*,#634,.F.);
#634 = EDGE_CURVE('',#635,#109,#637,.T.);
#635 = VERTEX_POINT('',#636);
#636 = CARTESIAN_POINT('',(-38.21091335034,25.4,83.320703483047));
#637 = SURFACE_CURVE('',#638,(#644,#653),.PCURVE_S1.);
#638 = ( BOUNDED_CURVE() B_SPLINE_CURVE(2,(#639,#640,#641,#642,#643),
.UNSPECIFIED.,.F.,.F.) B_SPLINE_CURVE_WITH_KNOTS((3,2,3),(0.,
2.536588965533,5.073177931066),.PIECEWISE_BEZIER_KNOTS.) CURVE() 
GEOMETRIC_REPRESENTATION_ITEM() RATIONAL_B_SPLINE_CURVE((1.,
0.297909382195,1.,0.297909382195,1.)) REPRESENTATION_ITEM('') );
#639 = CARTESIAN_POINT('',(-38.21091335034,25.4,83.320703483044));
#640 = CARTESIAN_POINT('',(-74.59705918601,25.4,86.289274734435));
#641 = CARTESIAN_POINT('',(-42.98103448275,25.4,104.54279510756));
#642 = CARTESIAN_POINT('',(-11.3650097795,25.4,122.79631548069));
#643 = CARTESIAN_POINT('',(-26.98722458068,25.4,89.800703215507));
#644 = PCURVE('',#123,#645);
#645 = DEFINITIONAL_REPRESENTATION('',(#646),#652);
#646 = B_SPLINE_CURVE_WITH_KNOTS('',2,(#647,#648,#649,#650,#651),
  .UNSPECIFIED.,.F.,.F.,(3,2,3),(0.,2.536588965533,5.073177931066),
  .PIECEWISE_BEZIER_KNOTS.);
#647 = CARTESIAN_POINT('',(1.652201239251,20.));
#648 = CARTESIAN_POINT('',(2.920495722023,20.));
#649 = CARTESIAN_POINT('',(4.188790204784,20.));
#650 = CARTESIAN_POINT('',(5.457084687556,20.));
#651 = CARTESIAN_POINT('',(6.725379170317,20.));
#652 = ( GEOMETRIC_REPRESENTATION_CONTEXT(2) 
PARAMETRIC_REPRESENTATION_CONTEXT() REPRESENTATION_CONTEXT('2D SPACE',''
  ) );
#653 = PCURVE('',#157,#654);
#654 = DEFINITIONAL_REPRESENTATION('',(#655),#661);
#655 = ( BOUNDED_CURVE() B_SPLINE_CURVE(2,(#656,#657,#658,#659,#660),
.UNSPECIFIED.,.F.,.F.) B_SPLINE_CURVE_WITH_KNOTS((3,2,3),(0.,
2.536588965533,5.073177931066),.PIECEWISE_BEZIER_KNOTS.) CURVE() 
GEOMETRIC_REPRESENTATION_ITEM() RATIONAL_B_SPLINE_CURVE((1.,
0.297909382195,1.,0.297909382195,1.)) REPRESENTATION_ITEM('') );
#656 = CARTESIAN_POINT('',(32.813545728533,11.589271621694));
#657 = CARTESIAN_POINT('',(29.895289244114,-24.18015987777));
#658 = CARTESIAN_POINT('',(11.951150572225,6.9));
#659 = CARTESIAN_POINT('',(-5.992988099665,37.980159877772));
#660 = CARTESIAN_POINT('',(26.44337650001,22.622728378306));
#661 = ( GEOMETRIC_REPRESENTATION_CONTEXT(2) 
PARAMETRIC_REPRESENTATION_CONTEXT() REPRESENTATION_CONTEXT('2D SPACE',''
  ) );
#662 = ORIENTED_EDGE('',*,*,#663,.F.);
#663 = EDGE_CURVE('',#514,#635,#664,.T.);
#664 = SURFACE_CURVE('',#665,(#668,#675),.PCURVE_S1.);
#665 = B_SPLINE_CURVE_WITH_KNOTS('',1,(#666,#667),.UNSPECIFIED.,.F.,.F.,
  (2,2),(0.,40.),.PIECEWISE_BEZIER_KNOTS.);
#666 = CARTESIAN_POINT('',(-38.21091335034,-25.4,83.320703483047));
#667 = CARTESIAN_POINT('',(-38.21091335034,25.4,83.320703483047));
#668 = PCURVE('',#123,#669);
#669 = DEFINITIONAL_REPRESENTATION('',(#670),#674);
#670 = B_SPLINE_CURVE_WITH_KNOTS('',2,(#671,#672,#673),.UNSPECIFIED.,.F.
  ,.F.,(3,3),(0.,40.),.PIECEWISE_BEZIER_KNOTS.);
#671 = CARTESIAN_POINT('',(1.652201239251,-20.));
#672 = CARTESIAN_POINT('',(1.652201239251,-1.46941282671E-15));
#673 = CARTESIAN_POINT('',(1.652201239251,20.));
#674 = ( GEOMETRIC_REPRESENTATION_CONTEXT(2) 
PARAMETRIC_REPRESENTATION_CONTEXT() REPRESENTATION_CONTEXT('2D SPACE',''
  ) );
#675 = PCURVE('',#529,#676);
#676 = DEFINITIONAL_REPRESENTATION('',(#677),#681);
#677 = B_SPLINE_CURVE_WITH_KNOTS('',2,(#678,#679,#680),.UNSPECIFIED.,.F.
  ,.F.,(3,3),(0.,40.),.PIECEWISE_BEZIER_KNOTS.);
#678 = CARTESIAN_POINT('',(1.231286385907,-20.));
#679 = CARTESIAN_POINT('',(1.231286385907,-5.877651306839E-16));
#680 = CARTESIAN_POINT('',(1.231286385907,20.));
#681 = ( GEOMETRIC_REPRESENTATION_CONTEXT(2) 
PARAMETRIC_REPRESENTATION_CONTEXT() REPRESENTATION_CONTEXT('2D SPACE',''
  ) );
#682 = ORIENTED_EDGE('',*,*,#543,.T.);
#683 = ADVANCED_FACE('',(#684,#946),#157,.F.);
#684 = FACE_BOUND('',#685,.F.);
#685 = EDGE_LOOP('',(#686,#715,#738,#767,#790,#819,#842,#871,#894,#923,
    #944,#945));
#686 = ORIENTED_EDGE('',*,*,#687,.F.);
#687 = EDGE_CURVE('',#688,#142,#690,.T.);
#688 = VERTEX_POINT('',#689);
#689 = CARTESIAN_POINT('',(-15.19813793103,25.4,123.17999973246));
#690 = SURFACE_CURVE('',#691,(#697,#706),.PCURVE_S1.);
#691 = ( BOUNDED_CURVE() B_SPLINE_CURVE(2,(#692,#693,#694,#695,#696),
.UNSPECIFIED.,.F.,.F.) B_SPLINE_CURVE_WITH_KNOTS((3,2,3),(0.605003688057
,3.14159265359,5.678181619123),.PIECEWISE_BEZIER_KNOTS.) CURVE() 
GEOMETRIC_REPRESENTATION_ITEM() RATIONAL_B_SPLINE_CURVE((1.,
0.297909382195,1.,0.297909382195,1.)) REPRESENTATION_ITEM('') );
#692 = CARTESIAN_POINT('',(-15.19813793103,25.4,123.17999973246));
#693 = CARTESIAN_POINT('',(-35.96206896551,25.4,153.20704074626));
#694 = CARTESIAN_POINT('',(-35.96206896551,25.4,116.7));
#695 = CARTESIAN_POINT('',(-35.96206896551,25.4,80.192959253737));
#696 = CARTESIAN_POINT('',(-15.19813793103,25.4,110.22000026753));
#697 = PCURVE('',#157,#698);
#698 = DEFINITIONAL_REPRESENTATION('',(#699),#705);
#699 = ( BOUNDED_CURVE() B_SPLINE_CURVE(2,(#700,#701,#702,#703,#704),
.UNSPECIFIED.,.F.,.F.) B_SPLINE_CURVE_WITH_KNOTS((3,2,3),(0.605003688057
,3.14159265359,5.678181619123),.PIECEWISE_BEZIER_KNOTS.) CURVE() 
GEOMETRIC_REPRESENTATION_ITEM() RATIONAL_B_SPLINE_CURVE((1.,
0.297909382195,1.,0.297909382195,1.)) REPRESENTATION_ITEM('') );
#700 = CARTESIAN_POINT('',(-6.370169228521,34.212));
#701 = CARTESIAN_POINT('',(-35.88827734378,13.8));
#702 = CARTESIAN_POINT('',(-5.251161424718E-15,13.8));
#703 = CARTESIAN_POINT('',(35.888277343784,13.8));
#704 = CARTESIAN_POINT('',(6.370169228521,34.212));
#705 = ( GEOMETRIC_REPRESENTATION_CONTEXT(2) 
PARAMETRIC_REPRESENTATION_CONTEXT() REPRESENTATION_CONTEXT('2D SPACE',''
  ) );
#706 = PCURVE('',#182,#707);
#707 = DEFINITIONAL_REPRESENTATION('',(#708),#714);
#708 = B_SPLINE_CURVE_WITH_KNOTS('',2,(#709,#710,#711,#712,#713),
  .UNSPECIFIED.,.F.,.F.,(3,2,3),(0.605003688057,3.14159265359,
    5.678181619123),.PIECEWISE_BEZIER_KNOTS.);
#709 = CARTESIAN_POINT('',(5.678181619123,20.));
#710 = CARTESIAN_POINT('',(4.409887136356,20.));
#711 = CARTESIAN_POINT('',(3.14159265359,20.));
#712 = CARTESIAN_POINT('',(1.873298170823,20.));
#713 = CARTESIAN_POINT('',(0.605003688057,20.));
#714 = ( GEOMETRIC_REPRESENTATION_CONTEXT(2) 
PARAMETRIC_REPRESENTATION_CONTEXT() REPRESENTATION_CONTEXT('2D SPACE',''
  ) );
#715 = ORIENTED_EDGE('',*,*,#716,.T.);
#716 = EDGE_CURVE('',#688,#717,#719,.T.);
#717 = VERTEX_POINT('',#718);
#718 = CARTESIAN_POINT('',(-26.98722458069,25.4,143.59929678449));
#719 = SURFACE_CURVE('',#720,(#724,#731),.PCURVE_S1.);
#720 = ( BOUNDED_CURVE() B_SPLINE_CURVE(2,(#721,#722,#723),
.UNSPECIFIED.,.F.,.F.) B_SPLINE_CURVE_WITH_KNOTS((3,3),(0.18408883471,
0.863108716486),.PIECEWISE_BEZIER_KNOTS.) CURVE() 
GEOMETRIC_REPRESENTATION_ITEM() RATIONAL_B_SPLINE_CURVE((1.,
0.942917980705,1.)) REPRESENTATION_ITEM('') );
#721 = CARTESIAN_POINT('',(-15.19813793103,25.4,123.17999973246));
#722 = CARTESIAN_POINT('',(-17.48678048217,25.4,135.47151604084));
#723 = CARTESIAN_POINT('',(-26.98722458069,25.4,143.59929678449));
#724 = PCURVE('',#157,#725);
#725 = DEFINITIONAL_REPRESENTATION('',(#726),#730);
#726 = ( BOUNDED_CURVE() B_SPLINE_CURVE(2,(#727,#728,#729),
.UNSPECIFIED.,.F.,.F.) B_SPLINE_CURVE_WITH_KNOTS((3,3),(0.18408883471,
0.863108716486),.PIECEWISE_BEZIER_KNOTS.) CURVE() 
GEOMETRIC_REPRESENTATION_ITEM() RATIONAL_B_SPLINE_CURVE((1.,
0.942917980705,1.)) REPRESENTATION_ITEM('') );
#727 = CARTESIAN_POINT('',(-6.370169228521,34.212));
#728 = CARTESIAN_POINT('',(-18.45335475201,31.962148000577));
#729 = CARTESIAN_POINT('',(-26.44337650001,22.622728378305));
#730 = ( GEOMETRIC_REPRESENTATION_CONTEXT(2) 
PARAMETRIC_REPRESENTATION_CONTEXT() REPRESENTATION_CONTEXT('2D SPACE',''
  ) );
#731 = PCURVE('',#249,#732);
#732 = DEFINITIONAL_REPRESENTATION('',(#733),#737);
#733 = B_SPLINE_CURVE_WITH_KNOTS('',2,(#734,#735,#736),.UNSPECIFIED.,.F.
  ,.F.,(3,3),(0.18408883471,0.863108716486),.PIECEWISE_BEZIER_KNOTS.);
#734 = CARTESIAN_POINT('',(6.099096472469,20.));
#735 = CARTESIAN_POINT('',(5.759586531581,20.));
#736 = CARTESIAN_POINT('',(5.420076590693,20.));
#737 = ( GEOMETRIC_REPRESENTATION_CONTEXT(2) 
PARAMETRIC_REPRESENTATION_CONTEXT() REPRESENTATION_CONTEXT('2D SPACE',''
  ) );
#738 = ORIENTED_EDGE('',*,*,#739,.T.);
#739 = EDGE_CURVE('',#717,#740,#742,.T.);
#740 = VERTEX_POINT('',#741);
#741 = CARTESIAN_POINT('',(-38.21091335034,25.4,150.07929651695));
#742 = SURFACE_CURVE('',#743,(#749,#758),.PCURVE_S1.);
#743 = ( BOUNDED_CURVE() B_SPLINE_CURVE(2,(#744,#745,#746,#747,#748),
.UNSPECIFIED.,.F.,.F.) B_SPLINE_CURVE_WITH_KNOTS((3,2,3),(0.,
2.536588965533,5.073177931066),.PIECEWISE_BEZIER_KNOTS.) CURVE() 
GEOMETRIC_REPRESENTATION_ITEM() RATIONAL_B_SPLINE_CURVE((1.,
0.297909382195,1.,0.297909382195,1.)) REPRESENTATION_ITEM('') );
#744 = CARTESIAN_POINT('',(-26.98722458069,25.4,143.59929678449));
#745 = CARTESIAN_POINT('',(-11.36500977949,25.4,110.6036845193));
#746 = CARTESIAN_POINT('',(-42.98103448275,25.4,128.85720489243));
#747 = CARTESIAN_POINT('',(-74.59705918601,25.4,147.11072526556));
#748 = CARTESIAN_POINT('',(-38.21091335034,25.4,150.07929651695));
#749 = PCURVE('',#157,#750);
#750 = DEFINITIONAL_REPRESENTATION('',(#751),#757);
#751 = ( BOUNDED_CURVE() B_SPLINE_CURVE(2,(#752,#753,#754,#755,#756),
.UNSPECIFIED.,.F.,.F.) B_SPLINE_CURVE_WITH_KNOTS((3,2,3),(0.,
2.536588965533,5.073177931066),.PIECEWISE_BEZIER_KNOTS.) CURVE() 
GEOMETRIC_REPRESENTATION_ITEM() RATIONAL_B_SPLINE_CURVE((1.,
0.297909382195,1.,0.297909382195,1.)) REPRESENTATION_ITEM('') );
#752 = CARTESIAN_POINT('',(-26.44337650001,22.622728378305));
#753 = CARTESIAN_POINT('',(5.992988099667,37.980159877782));
#754 = CARTESIAN_POINT('',(-11.95115057222,6.9));
#755 = CARTESIAN_POINT('',(-29.89528924411,-24.18015987778));
#756 = CARTESIAN_POINT('',(-32.81354572853,11.589271621695));
#757 = ( GEOMETRIC_REPRESENTATION_CONTEXT(2) 
PARAMETRIC_REPRESENTATION_CONTEXT() REPRESENTATION_CONTEXT('2D SPACE',''
  ) );
#758 = PCURVE('',#283,#759);
#759 = DEFINITIONAL_REPRESENTATION('',(#760),#766);
#760 = B_SPLINE_CURVE_WITH_KNOTS('',2,(#761,#762,#763,#764,#765),
  .UNSPECIFIED.,.F.,.F.,(3,2,3),(8.942993453601E-14,2.536588965533,
    5.073177931066),.UNSPECIFIED.);
#761 = CARTESIAN_POINT('',(-0.44219386314,20.));
#762 = CARTESIAN_POINT('',(0.826100619627,20.));
#763 = CARTESIAN_POINT('',(2.094395102393,20.));
#764 = CARTESIAN_POINT('',(3.36268958516,20.));
#765 = CARTESIAN_POINT('',(4.630984067926,20.));
#766 = ( GEOMETRIC_REPRESENTATION_CONTEXT(2) 
PARAMETRIC_REPRESENTATION_CONTEXT() REPRESENTATION_CONTEXT('2D SPACE',''
  ) );
#767 = ORIENTED_EDGE('',*,*,#768,.T.);
#768 = EDGE_CURVE('',#740,#769,#771,.T.);
#769 = VERTEX_POINT('',#770);
#770 = CARTESIAN_POINT('',(-61.78908664965,25.4,150.07929651695));
#771 = SURFACE_CURVE('',#772,(#776,#783),.PCURVE_S1.);
#772 = ( BOUNDED_CURVE() B_SPLINE_CURVE(2,(#773,#774,#775),
.UNSPECIFIED.,.F.,.F.) B_SPLINE_CURVE_WITH_KNOTS((3,3),(1.231286385907,
1.910306267683),.PIECEWISE_BEZIER_KNOTS.) CURVE() 
GEOMETRIC_REPRESENTATION_ITEM() RATIONAL_B_SPLINE_CURVE((1.,
0.942917980705,1.)) REPRESENTATION_ITEM('') );
#773 = CARTESIAN_POINT('',(-38.21091335034,25.4,150.07929651695));
#774 = CARTESIAN_POINT('',(-49.99999999999,25.4,154.24303208167));
#775 = CARTESIAN_POINT('',(-61.78908664965,25.4,150.07929651695));
#776 = PCURVE('',#157,#777);
#777 = DEFINITIONAL_REPRESENTATION('',(#778),#782);
#778 = ( BOUNDED_CURVE() B_SPLINE_CURVE(2,(#779,#780,#781),
.UNSPECIFIED.,.F.,.F.) B_SPLINE_CURVE_WITH_KNOTS((3,3),(1.231286385907,
1.910306267683),.PIECEWISE_BEZIER_KNOTS.) CURVE() 
GEOMETRIC_REPRESENTATION_ITEM() RATIONAL_B_SPLINE_CURVE((1.,
0.942917980705,1.)) REPRESENTATION_ITEM('') );
#779 = CARTESIAN_POINT('',(-32.81354572853,11.589271621695));
#780 = CARTESIAN_POINT('',(-36.90670950402,2.496035178805E-12));
#781 = CARTESIAN_POINT('',(-32.81354572853,-11.58927162169));
#782 = ( GEOMETRIC_REPRESENTATION_CONTEXT(2) 
PARAMETRIC_REPRESENTATION_CONTEXT() REPRESENTATION_CONTEXT('2D SPACE',''
  ) );
#783 = PCURVE('',#319,#784);
#784 = DEFINITIONAL_REPRESENTATION('',(#785),#789);
#785 = B_SPLINE_CURVE_WITH_KNOTS('',2,(#786,#787,#788),.UNSPECIFIED.,.F.
  ,.F.,(3,3),(1.231286385907,1.910306267683),.PIECEWISE_BEZIER_KNOTS.);
#786 = CARTESIAN_POINT('',(5.051898921273,20.));
#787 = CARTESIAN_POINT('',(4.712388980385,20.));
#788 = CARTESIAN_POINT('',(4.372879039497,20.));
#789 = ( GEOMETRIC_REPRESENTATION_CONTEXT(2) 
PARAMETRIC_REPRESENTATION_CONTEXT() REPRESENTATION_CONTEXT('2D SPACE',''
  ) );
#790 = ORIENTED_EDGE('',*,*,#791,.T.);
#791 = EDGE_CURVE('',#769,#792,#794,.T.);
#792 = VERTEX_POINT('',#793);
#793 = CARTESIAN_POINT('',(-73.0127754193,25.4,143.59929678449));
#794 = SURFACE_CURVE('',#795,(#801,#810),.PCURVE_S1.);
#795 = ( BOUNDED_CURVE() B_SPLINE_CURVE(2,(#796,#797,#798,#799,#800),
.UNSPECIFIED.,.F.,.F.) B_SPLINE_CURVE_WITH_KNOTS((3,2,3),(0.,
2.536588965533,5.073177931066),.PIECEWISE_BEZIER_KNOTS.) CURVE() 
GEOMETRIC_REPRESENTATION_ITEM() RATIONAL_B_SPLINE_CURVE((1.,
0.297909382195,1.,0.297909382195,1.)) REPRESENTATION_ITEM('') );
#796 = CARTESIAN_POINT('',(-61.78908664965,25.4,150.07929651695));
#797 = CARTESIAN_POINT('',(-25.40294081397,25.4,147.11072526556));
#798 = CARTESIAN_POINT('',(-57.01896551724,25.4,128.85720489243));
#799 = CARTESIAN_POINT('',(-88.6349902205,25.4,110.6036845193));
#800 = CARTESIAN_POINT('',(-73.0127754193,25.4,143.59929678449));
#801 = PCURVE('',#157,#802);
#802 = DEFINITIONAL_REPRESENTATION('',(#803),#809);
#803 = ( BOUNDED_CURVE() B_SPLINE_CURVE(2,(#804,#805,#806,#807,#808),
.UNSPECIFIED.,.F.,.F.) B_SPLINE_CURVE_WITH_KNOTS((3,2,3),(0.,
2.536588965533,5.073177931066),.PIECEWISE_BEZIER_KNOTS.) CURVE() 
GEOMETRIC_REPRESENTATION_ITEM() RATIONAL_B_SPLINE_CURVE((1.,
0.297909382195,1.,0.297909382195,1.)) REPRESENTATION_ITEM('') );
#804 = CARTESIAN_POINT('',(-32.81354572853,-11.58927162169));
#805 = CARTESIAN_POINT('',(-29.89528924411,24.180159877784));
#806 = CARTESIAN_POINT('',(-11.95115057222,-6.900000000001));
#807 = CARTESIAN_POINT('',(5.992988099665,-37.98015987778));
#808 = CARTESIAN_POINT('',(-26.44337650001,-22.6227283783));
#809 = ( GEOMETRIC_REPRESENTATION_CONTEXT(2) 
PARAMETRIC_REPRESENTATION_CONTEXT() REPRESENTATION_CONTEXT('2D SPACE',''
  ) );
#810 = PCURVE('',#353,#811);
#811 = DEFINITIONAL_REPRESENTATION('',(#812),#818);
#812 = B_SPLINE_CURVE_WITH_KNOTS('',2,(#813,#814,#815,#816,#817),
  .UNSPECIFIED.,.F.,.F.,(3,2,3),(4.968063350947E-13,2.536588965533,
    5.073177931066),.UNSPECIFIED.);
#813 = CARTESIAN_POINT('',(-1.489391414336,20.));
#814 = CARTESIAN_POINT('',(-0.22109693157,20.));
#815 = CARTESIAN_POINT('',(1.047197551197,20.));
#816 = CARTESIAN_POINT('',(2.315492033963,20.));
#817 = CARTESIAN_POINT('',(3.58378651673,20.));
#818 = ( GEOMETRIC_REPRESENTATION_CONTEXT(2) 
PARAMETRIC_REPRESENTATION_CONTEXT() REPRESENTATION_CONTEXT('2D SPACE',''
  ) );
#819 = ORIENTED_EDGE('',*,*,#820,.T.);
#820 = EDGE_CURVE('',#792,#821,#823,.T.);
#821 = VERTEX_POINT('',#822);
#822 = CARTESIAN_POINT('',(-84.80186206896,25.4,123.17999973246));
#823 = SURFACE_CURVE('',#824,(#828,#835),.PCURVE_S1.);
#824 = ( BOUNDED_CURVE() B_SPLINE_CURVE(2,(#825,#826,#827),
.UNSPECIFIED.,.F.,.F.) B_SPLINE_CURVE_WITH_KNOTS((3,3),(2.278483937103,
2.95750381888),.PIECEWISE_BEZIER_KNOTS.) CURVE() 
GEOMETRIC_REPRESENTATION_ITEM() RATIONAL_B_SPLINE_CURVE((1.,
0.942917980705,1.)) REPRESENTATION_ITEM('') );
#825 = CARTESIAN_POINT('',(-73.0127754193,25.4,143.59929678449));
#826 = CARTESIAN_POINT('',(-82.51321951782,25.4,135.47151604084));
#827 = CARTESIAN_POINT('',(-84.80186206896,25.4,123.17999973246));
#828 = PCURVE('',#157,#829);
#829 = DEFINITIONAL_REPRESENTATION('',(#830),#834);
#830 = ( BOUNDED_CURVE() B_SPLINE_CURVE(2,(#831,#832,#833),
.UNSPECIFIED.,.F.,.F.) B_SPLINE_CURVE_WITH_KNOTS((3,3),(2.278483937103,
2.95750381888),.PIECEWISE_BEZIER_KNOTS.) CURVE() 
GEOMETRIC_REPRESENTATION_ITEM() RATIONAL_B_SPLINE_CURVE((1.,
0.942917980705,1.)) REPRESENTATION_ITEM('') );
#831 = CARTESIAN_POINT('',(-26.44337650001,-22.6227283783));
#832 = CARTESIAN_POINT('',(-18.45335475201,-31.96214800057));
#833 = CARTESIAN_POINT('',(-6.370169228521,-34.212));
#834 = ( GEOMETRIC_REPRESENTATION_CONTEXT(2) 
PARAMETRIC_REPRESENTATION_CONTEXT() REPRESENTATION_CONTEXT('2D SPACE',''
  ) );
#835 = PCURVE('',#389,#836);
#836 = DEFINITIONAL_REPRESENTATION('',(#837),#841);
#837 = B_SPLINE_CURVE_WITH_KNOTS('',2,(#838,#839,#840),.UNSPECIFIED.,.F.
  ,.F.,(3,3),(2.278483937103,2.95750381888),.PIECEWISE_BEZIER_KNOTS.);
#838 = CARTESIAN_POINT('',(4.004701370076,20.));
#839 = CARTESIAN_POINT('',(3.665191429188,20.));
#840 = CARTESIAN_POINT('',(3.3256814883,20.));
#841 = ( GEOMETRIC_REPRESENTATION_CONTEXT(2) 
PARAMETRIC_REPRESENTATION_CONTEXT() REPRESENTATION_CONTEXT('2D SPACE',''
  ) );
#842 = ORIENTED_EDGE('',*,*,#843,.T.);
#843 = EDGE_CURVE('',#821,#844,#846,.T.);
#844 = VERTEX_POINT('',#845);
#845 = CARTESIAN_POINT('',(-84.80186206896,25.4,110.22000026753));
#846 = SURFACE_CURVE('',#847,(#853,#862),.PCURVE_S1.);
#847 = ( BOUNDED_CURVE() B_SPLINE_CURVE(2,(#848,#849,#850,#851,#852),
.UNSPECIFIED.,.F.,.F.) B_SPLINE_CURVE_WITH_KNOTS((3,2,3),(0.,
2.536588965533,5.073177931067),.PIECEWISE_BEZIER_KNOTS.) CURVE() 
GEOMETRIC_REPRESENTATION_ITEM() RATIONAL_B_SPLINE_CURVE((1.,
0.297909382195,1.,0.297909382195,1.)) REPRESENTATION_ITEM('') );
#848 = CARTESIAN_POINT('',(-84.80186206896,25.4,123.17999973245));
#849 = CARTESIAN_POINT('',(-64.03793103448,25.4,153.20704074627));
#850 = CARTESIAN_POINT('',(-64.03793103448,25.4,116.7));
#851 = CARTESIAN_POINT('',(-64.03793103447,25.4,80.192959253729));
#852 = CARTESIAN_POINT('',(-84.80186206896,25.4,110.22000026753));
#853 = PCURVE('',#157,#854);
#854 = DEFINITIONAL_REPRESENTATION('',(#855),#861);
#855 = ( BOUNDED_CURVE() B_SPLINE_CURVE(2,(#856,#857,#858,#859,#860),
.UNSPECIFIED.,.F.,.F.) B_SPLINE_CURVE_WITH_KNOTS((3,2,3),(0.,
2.536588965533,5.073177931067),.PIECEWISE_BEZIER_KNOTS.) CURVE() 
GEOMETRIC_REPRESENTATION_ITEM() RATIONAL_B_SPLINE_CURVE((1.,
0.297909382195,1.,0.297909382195,1.)) REPRESENTATION_ITEM('') );
#856 = CARTESIAN_POINT('',(-6.370169228518,-34.212));
#857 = CARTESIAN_POINT('',(-35.88827734379,-13.8));
#858 = CARTESIAN_POINT('',(-1.728586222754E-12,-13.8));
#859 = CARTESIAN_POINT('',(35.888277343792,-13.79999999999));
#860 = CARTESIAN_POINT('',(6.370169228521,-34.212));
#861 = ( GEOMETRIC_REPRESENTATION_CONTEXT(2) 
PARAMETRIC_REPRESENTATION_CONTEXT() REPRESENTATION_CONTEXT('2D SPACE',''
  ) );
#862 = PCURVE('',#423,#863);
#863 = DEFINITIONAL_REPRESENTATION('',(#864),#870);
#864 = B_SPLINE_CURVE_WITH_KNOTS('',2,(#865,#866,#867,#868,#869),
  .UNSPECIFIED.,.F.,.F.,(3,2,3),(4.096039132557E-13,2.536588965533,
    5.073177931067),.UNSPECIFIED.);
#865 = CARTESIAN_POINT('',(-2.536588965533,20.));
#866 = CARTESIAN_POINT('',(-1.268294482767,20.));
#867 = CARTESIAN_POINT('',(-2.327668717624E-13,20.));
#868 = CARTESIAN_POINT('',(1.268294482767,20.));
#869 = CARTESIAN_POINT('',(2.536588965533,20.));
#870 = ( GEOMETRIC_REPRESENTATION_CONTEXT(2) 
PARAMETRIC_REPRESENTATION_CONTEXT() REPRESENTATION_CONTEXT('2D SPACE',''
  ) );
#871 = ORIENTED_EDGE('',*,*,#872,.T.);
#872 = EDGE_CURVE('',#844,#873,#875,.T.);
#873 = VERTEX_POINT('',#874);
#874 = CARTESIAN_POINT('',(-73.0127754193,25.4,89.800703215507));
#875 = SURFACE_CURVE('',#876,(#880,#887),.PCURVE_S1.);
#876 = ( BOUNDED_CURVE() B_SPLINE_CURVE(2,(#877,#878,#879),
.UNSPECIFIED.,.F.,.F.) B_SPLINE_CURVE_WITH_KNOTS((3,3),(3.3256814883,
4.004701370076),.PIECEWISE_BEZIER_KNOTS.) CURVE() 
GEOMETRIC_REPRESENTATION_ITEM() RATIONAL_B_SPLINE_CURVE((1.,
0.942917980705,1.)) REPRESENTATION_ITEM('') );
#877 = CARTESIAN_POINT('',(-84.80186206896,25.4,110.22000026753));
#878 = CARTESIAN_POINT('',(-82.51321951782,25.4,97.928483959159));
#879 = CARTESIAN_POINT('',(-73.0127754193,25.4,89.800703215503));
#880 = PCURVE('',#157,#881);
#881 = DEFINITIONAL_REPRESENTATION('',(#882),#886);
#882 = ( BOUNDED_CURVE() B_SPLINE_CURVE(2,(#883,#884,#885),
.UNSPECIFIED.,.F.,.F.) B_SPLINE_CURVE_WITH_KNOTS((3,3),(3.3256814883,
4.004701370076),.PIECEWISE_BEZIER_KNOTS.) CURVE() 
GEOMETRIC_REPRESENTATION_ITEM() RATIONAL_B_SPLINE_CURVE((1.,
0.942917980705,1.)) REPRESENTATION_ITEM('') );
#883 = CARTESIAN_POINT('',(6.370169228521,-34.212));
#884 = CARTESIAN_POINT('',(18.453354752013,-31.96214800057));
#885 = CARTESIAN_POINT('',(26.443376500014,-22.6227283783));
#886 = ( GEOMETRIC_REPRESENTATION_CONTEXT(2) 
PARAMETRIC_REPRESENTATION_CONTEXT() REPRESENTATION_CONTEXT('2D SPACE',''
  ) );
#887 = PCURVE('',#459,#888);
#888 = DEFINITIONAL_REPRESENTATION('',(#889),#893);
#889 = B_SPLINE_CURVE_WITH_KNOTS('',2,(#890,#891,#892),.UNSPECIFIED.,.F.
  ,.F.,(3,3),(3.3256814883,4.004701370076),.PIECEWISE_BEZIER_KNOTS.);
#890 = CARTESIAN_POINT('',(2.95750381888,20.));
#891 = CARTESIAN_POINT('',(2.617993877991,20.));
#892 = CARTESIAN_POINT('',(2.278483937103,20.));
#893 = ( GEOMETRIC_REPRESENTATION_CONTEXT(2) 
PARAMETRIC_REPRESENTATION_CONTEXT() REPRESENTATION_CONTEXT('2D SPACE',''
  ) );
#894 = ORIENTED_EDGE('',*,*,#895,.T.);
#895 = EDGE_CURVE('',#873,#896,#898,.T.);
#896 = VERTEX_POINT('',#897);
#897 = CARTESIAN_POINT('',(-61.78908664965,25.4,83.320703483047));
#898 = SURFACE_CURVE('',#899,(#905,#914),.PCURVE_S1.);
#899 = ( BOUNDED_CURVE() B_SPLINE_CURVE(2,(#900,#901,#902,#903,#904),
.UNSPECIFIED.,.F.,.F.) B_SPLINE_CURVE_WITH_KNOTS((3,2,3),(0.,
2.536588965533,5.073177931066),.PIECEWISE_BEZIER_KNOTS.) CURVE() 
GEOMETRIC_REPRESENTATION_ITEM() RATIONAL_B_SPLINE_CURVE((1.,
0.297909382195,1.,0.297909382195,1.)) REPRESENTATION_ITEM('') );
#900 = CARTESIAN_POINT('',(-73.01277541931,25.4,89.800703215504));
#901 = CARTESIAN_POINT('',(-88.63499022049,25.4,122.79631548068));
#902 = CARTESIAN_POINT('',(-57.01896551724,25.4,104.54279510756));
#903 = CARTESIAN_POINT('',(-25.40294081399,25.4,86.28927473445));
#904 = CARTESIAN_POINT('',(-61.78908664965,25.4,83.320703483044));
#905 = PCURVE('',#157,#906);
#906 = DEFINITIONAL_REPRESENTATION('',(#907),#913);
#907 = ( BOUNDED_CURVE() B_SPLINE_CURVE(2,(#908,#909,#910,#911,#912),
.UNSPECIFIED.,.F.,.F.) B_SPLINE_CURVE_WITH_KNOTS((3,2,3),(0.,
2.536588965533,5.073177931066),.PIECEWISE_BEZIER_KNOTS.) CURVE() 
GEOMETRIC_REPRESENTATION_ITEM() RATIONAL_B_SPLINE_CURVE((1.,
0.297909382195,1.,0.297909382195,1.)) REPRESENTATION_ITEM('') );
#908 = CARTESIAN_POINT('',(26.443376500013,-22.6227283783));
#909 = CARTESIAN_POINT('',(-5.992988099655,-37.98015987777));
#910 = CARTESIAN_POINT('',(11.951150572223,-6.900000000003));
#911 = CARTESIAN_POINT('',(29.8952892441,24.18015987777));
#912 = CARTESIAN_POINT('',(32.813545728533,-11.58927162169));
#913 = ( GEOMETRIC_REPRESENTATION_CONTEXT(2) 
PARAMETRIC_REPRESENTATION_CONTEXT() REPRESENTATION_CONTEXT('2D SPACE',''
  ) );
#914 = PCURVE('',#493,#915);
#915 = DEFINITIONAL_REPRESENTATION('',(#916),#922);
#916 = B_SPLINE_CURVE_WITH_KNOTS('',2,(#917,#918,#919,#920,#921),
  .UNSPECIFIED.,.F.,.F.,(3,2,3),(4.975313984267E-14,2.536588965533,
    5.073177931066),.UNSPECIFIED.);
#917 = CARTESIAN_POINT('',(2.69939879045,20.));
#918 = CARTESIAN_POINT('',(3.967693273217,20.));
#919 = CARTESIAN_POINT('',(5.235987755983,20.));
#920 = CARTESIAN_POINT('',(6.504282238749,20.));
#921 = CARTESIAN_POINT('',(7.772576721515,20.));
#922 = ( GEOMETRIC_REPRESENTATION_CONTEXT(2) 
PARAMETRIC_REPRESENTATION_CONTEXT() REPRESENTATION_CONTEXT('2D SPACE',''
  ) );
#923 = ORIENTED_EDGE('',*,*,#924,.T.);
#924 = EDGE_CURVE('',#896,#635,#925,.T.);
#925 = SURFACE_CURVE('',#926,(#930,#937),.PCURVE_S1.);
#926 = ( BOUNDED_CURVE() B_SPLINE_CURVE(2,(#927,#928,#929),
.UNSPECIFIED.,.F.,.F.) B_SPLINE_CURVE_WITH_KNOTS((3,3),(4.372879039497,
5.051898921273),.PIECEWISE_BEZIER_KNOTS.) CURVE() 
GEOMETRIC_REPRESENTATION_ITEM() RATIONAL_B_SPLINE_CURVE((1.,
0.942917980705,1.)) REPRESENTATION_ITEM('') );
#927 = CARTESIAN_POINT('',(-61.78908664965,25.4,83.320703483042));
#928 = CARTESIAN_POINT('',(-49.99999999999,25.4,79.156967918321));
#929 = CARTESIAN_POINT('',(-38.21091335034,25.4,83.320703483044));
#930 = PCURVE('',#157,#931);
#931 = DEFINITIONAL_REPRESENTATION('',(#932),#936);
#932 = ( BOUNDED_CURVE() B_SPLINE_CURVE(2,(#933,#934,#935),
.UNSPECIFIED.,.F.,.F.) B_SPLINE_CURVE_WITH_KNOTS((3,3),(4.372879039497,
5.051898921273),.PIECEWISE_BEZIER_KNOTS.) CURVE() 
GEOMETRIC_REPRESENTATION_ITEM() RATIONAL_B_SPLINE_CURVE((1.,
0.942917980705,1.)) REPRESENTATION_ITEM('') );
#933 = CARTESIAN_POINT('',(32.813545728535,-11.58927162169));
#934 = CARTESIAN_POINT('',(36.906709504024,2.486995642073E-12));
#935 = CARTESIAN_POINT('',(32.813545728533,11.589271621696));
#936 = ( GEOMETRIC_REPRESENTATION_CONTEXT(2) 
PARAMETRIC_REPRESENTATION_CONTEXT() REPRESENTATION_CONTEXT('2D SPACE',''
  ) );
#937 = PCURVE('',#529,#938);
#938 = DEFINITIONAL_REPRESENTATION('',(#939),#943);
#939 = B_SPLINE_CURVE_WITH_KNOTS('',2,(#940,#941,#942),.UNSPECIFIED.,.F.
  ,.F.,(3,3),(4.372879039497,5.051898921273),.PIECEWISE_BEZIER_KNOTS.);
#940 = CARTESIAN_POINT('',(1.910306267683,20.));
#941 = CARTESIAN_POINT('',(1.570796326795,20.));
#942 = CARTESIAN_POINT('',(1.231286385907,20.));
#943 = ( GEOMETRIC_REPRESENTATION_CONTEXT(2) 
PARAMETRIC_REPRESENTATION_CONTEXT() REPRESENTATION_CONTEXT('2D SPACE',''
  ) );
#944 = ORIENTED_EDGE('',*,*,#634,.T.);
#945 = ORIENTED_EDGE('',*,*,#141,.T.);
#946 = FACE_BOUND('',#947,.F.);
#947 = EDGE_LOOP('',(#948));
#948 = ORIENTED_EDGE('',*,*,#949,.F.);
#949 = EDGE_CURVE('',#950,#950,#952,.T.);
#950 = VERTEX_POINT('',#951);
#951 = CARTESIAN_POINT('',(-46.,25.4,116.7));
#952 = SURFACE_CURVE('',#953,(#958,#994),.PCURVE_S1.);
#953 = CIRCLE('',#954,4.);
#954 = AXIS2_PLACEMENT_3D('',#955,#956,#957);
#955 = CARTESIAN_POINT('',(-50.,25.4,116.7));
#956 = DIRECTION('',(0.,-1.,0.));
#957 = DIRECTION('',(1.,0.,0.));
#958 = PCURVE('',#157,#959);
#959 = DEFINITIONAL_REPRESENTATION('',(#960),#993);
#960 = B_SPLINE_CURVE_WITH_KNOTS('',8,(#961,#962,#963,#964,#965,#966,
    #967,#968,#969,#970,#971,#972,#973,#974,#975,#976,#977,#978,#979,
    #980,#981,#982,#983,#984,#985,#986,#987,#988,#989,#990,#991,#992),
  .UNSPECIFIED.,.F.,.F.,(9,7,8,8,9),(0.,1.570796326795,2.748893571891,
    4.516039439535,6.28318530718),.UNSPECIFIED.);
#961 = CARTESIAN_POINT('',(-6.994405055138E-15,3.932203389831));
#962 = CARTESIAN_POINT('',(-0.772086289451,3.932203426978));
#963 = CARTESIAN_POINT('',(-1.544172998532,3.758947322527));
#964 = CARTESIAN_POINT('',(-2.270899403578,3.412437212508));
#965 = CARTESIAN_POINT('',(-2.906915797706,2.906915797575));
#966 = CARTESIAN_POINT('',(-3.412437212653,2.270899403433));
#967 = CARTESIAN_POINT('',(-3.758947322385,1.544172998707));
#968 = CARTESIAN_POINT('',(-3.932203426957,0.772086289462));
#969 = CARTESIAN_POINT('',(-3.932203480426,-0.579064803165));
#970 = CARTESIAN_POINT('',(-3.83474647889,-1.158129174068));
#971 = CARTESIAN_POINT('',(-3.6398356505,-1.718059485316));
#972 = CARTESIAN_POINT('',(-3.351971983337,-2.239716074193));
#973 = CARTESIAN_POINT('',(-2.980184794086,-2.70529675837));
#974 = CARTESIAN_POINT('',(-2.537465784724,-3.099646936755));
#975 = CARTESIAN_POINT('',(-2.039775244286,-3.411283806795));
#976 = CARTESIAN_POINT('',(-1.504789089978,-3.632882229536));
#977 = CARTESIAN_POINT('',(-0.702310130723,-3.965280024651));
#978 = CARTESIAN_POINT('',(0.184083909815,-4.095091775678));
#979 = CARTESIAN_POINT('',(1.094718106993,-3.997606620163));
#980 = CARTESIAN_POINT('',(1.961220768193,-3.669185982842));
#981 = CARTESIAN_POINT('',(2.715695631909,-3.13117608169));
#982 = CARTESIAN_POINT('',(3.302672830556,-2.428171268824));
#983 = CARTESIAN_POINT('',(3.687192447702,-1.619042015202));
#984 = CARTESIAN_POINT('',(3.856647204297,-0.767134825555));
#985 = CARTESIAN_POINT('',(4.026102190386,8.47723183997E-02));
#986 = CARTESIAN_POINT('',(3.980492746312,0.979459562317));
#987 = CARTESIAN_POINT('',(3.707224821905,1.853577768488));
#988 = CARTESIAN_POINT('',(3.216068411872,2.639359135879));
#989 = CARTESIAN_POINT('',(2.541205476242,3.274376452202));
#990 = CARTESIAN_POINT('',(1.737195132882,3.71292561313));
#991 = CARTESIAN_POINT('',(0.868597014917,3.932203506809));
#992 = CARTESIAN_POINT('',(-6.050715484207E-15,3.932203389831));
#993 = ( GEOMETRIC_REPRESENTATION_CONTEXT(2) 
PARAMETRIC_REPRESENTATION_CONTEXT() REPRESENTATION_CONTEXT('2D SPACE',''
  ) );
#994 = PCURVE('',#995,#1000);
#995 = PLANE('',#996);
#996 = AXIS2_PLACEMENT_3D('',#997,#998,#999);
#997 = CARTESIAN_POINT('',(-50.,25.4,116.7));
#998 = DIRECTION('',(-0.,-1.,-0.));
#999 = DIRECTION('',(0.,0.,-1.));
#1000 = DEFINITIONAL_REPRESENTATION('',(#1001),#1005);
#1001 = CIRCLE('',#1002,4.);
#1002 = AXIS2_PLACEMENT_2D('',#1003,#1004);
#1003 = CARTESIAN_POINT('',(0.,0.));
#1004 = DIRECTION('',(0.,1.));
#1005 = ( GEOMETRIC_REPRESENTATION_CONTEXT(2) 
PARAMETRIC_REPRESENTATION_CONTEXT() REPRESENTATION_CONTEXT('2D SPACE',''
  ) );
#1006 = ADVANCED_FACE('',(#1007),#182,.F.);
#1007 = FACE_BOUND('',#1008,.F.);
#1008 = EDGE_LOOP('',(#1009,#1010,#1030,#1031));
#1009 = ORIENTED_EDGE('',*,*,#204,.T.);
#1010 = ORIENTED_EDGE('',*,*,#1011,.T.);
#1011 = EDGE_CURVE('',#205,#688,#1012,.T.);
#1012 = SURFACE_CURVE('',#1013,(#1016,#1023),.PCURVE_S1.);
#1013 = B_SPLINE_CURVE_WITH_KNOTS('',1,(#1014,#1015),.UNSPECIFIED.,.F.,
  .F.,(2,2),(0.,40.),.PIECEWISE_BEZIER_KNOTS.);
#1014 = CARTESIAN_POINT('',(-15.19813793103,-25.4,123.17999973246));
#1015 = CARTESIAN_POINT('',(-15.19813793103,25.4,123.17999973246));
#1016 = PCURVE('',#182,#1017);
#1017 = DEFINITIONAL_REPRESENTATION('',(#1018),#1022);
#1018 = B_SPLINE_CURVE_WITH_KNOTS('',2,(#1019,#1020,#1021),
  .UNSPECIFIED.,.F.,.F.,(3,3),(0.,40.),.PIECEWISE_BEZIER_KNOTS.);
#1019 = CARTESIAN_POINT('',(5.678181619123,-20.));
#1020 = CARTESIAN_POINT('',(5.678181619123,-1.95921710228E-15));
#1021 = CARTESIAN_POINT('',(5.678181619123,20.));
#1022 = ( GEOMETRIC_REPRESENTATION_CONTEXT(2) 
PARAMETRIC_REPRESENTATION_CONTEXT() REPRESENTATION_CONTEXT('2D SPACE',''
  ) );
#1023 = PCURVE('',#249,#1024);
#1024 = DEFINITIONAL_REPRESENTATION('',(#1025),#1029);
#1025 = B_SPLINE_CURVE_WITH_KNOTS('',2,(#1026,#1027,#1028),
  .UNSPECIFIED.,.F.,.F.,(3,3),(0.,40.),.PIECEWISE_BEZIER_KNOTS.);
#1026 = CARTESIAN_POINT('',(6.099096472469,-20.));
#1027 = CARTESIAN_POINT('',(6.099096472469,-1.46941282671E-15));
#1028 = CARTESIAN_POINT('',(6.099096472469,20.));
#1029 = ( GEOMETRIC_REPRESENTATION_CONTEXT(2) 
PARAMETRIC_REPRESENTATION_CONTEXT() REPRESENTATION_CONTEXT('2D SPACE',''
  ) );
#1030 = ORIENTED_EDGE('',*,*,#687,.T.);
#1031 = ORIENTED_EDGE('',*,*,#169,.T.);
#1032 = ADVANCED_FACE('',(#1033),#529,.T.);
#1033 = FACE_BOUND('',#1034,.T.);
#1034 = EDGE_LOOP('',(#1035,#1036,#1056,#1057));
#1035 = ORIENTED_EDGE('',*,*,#513,.F.);
#1036 = ORIENTED_EDGE('',*,*,#1037,.T.);
#1037 = EDGE_CURVE('',#474,#896,#1038,.T.);
#1038 = SURFACE_CURVE('',#1039,(#1042,#1049),.PCURVE_S1.);
#1039 = B_SPLINE_CURVE_WITH_KNOTS('',1,(#1040,#1041),.UNSPECIFIED.,.F.,
  .F.,(2,2),(0.,40.),.PIECEWISE_BEZIER_KNOTS.);
#1040 = CARTESIAN_POINT('',(-61.78908664965,-25.4,83.320703483047));
#1041 = CARTESIAN_POINT('',(-61.78908664965,25.4,83.320703483047));
#1042 = PCURVE('',#529,#1043);
#1043 = DEFINITIONAL_REPRESENTATION('',(#1044),#1048);
#1044 = B_SPLINE_CURVE_WITH_KNOTS('',2,(#1045,#1046,#1047),
  .UNSPECIFIED.,.F.,.F.,(3,3),(0.,40.),.PIECEWISE_BEZIER_KNOTS.);
#1045 = CARTESIAN_POINT('',(1.910306267683,-20.));
#1046 = CARTESIAN_POINT('',(1.910306267683,-5.877651306839E-16));
#1047 = CARTESIAN_POINT('',(1.910306267683,20.));
#1048 = ( GEOMETRIC_REPRESENTATION_CONTEXT(2) 
PARAMETRIC_REPRESENTATION_CONTEXT() REPRESENTATION_CONTEXT('2D SPACE',''
  ) );
#1049 = PCURVE('',#493,#1050);
#1050 = DEFINITIONAL_REPRESENTATION('',(#1051),#1055);
#1051 = B_SPLINE_CURVE_WITH_KNOTS('',2,(#1052,#1053,#1054),
  .UNSPECIFIED.,.F.,.F.,(3,3),(0.,40.),.PIECEWISE_BEZIER_KNOTS.);
#1052 = CARTESIAN_POINT('',(7.772576721515,-20.));
#1053 = CARTESIAN_POINT('',(7.772576721515,-1.46941282671E-15));
#1054 = CARTESIAN_POINT('',(7.772576721515,20.));
#1055 = ( GEOMETRIC_REPRESENTATION_CONTEXT(2) 
PARAMETRIC_REPRESENTATION_CONTEXT() REPRESENTATION_CONTEXT('2D SPACE',''
  ) );
#1056 = ORIENTED_EDGE('',*,*,#924,.T.);
#1057 = ORIENTED_EDGE('',*,*,#663,.F.);
#1058 = ADVANCED_FACE('',(#1059),#249,.T.);
#1059 = FACE_BOUND('',#1060,.T.);
#1060 = EDGE_LOOP('',(#1061,#1062,#1063,#1064));
#1061 = ORIENTED_EDGE('',*,*,#233,.F.);
#1062 = ORIENTED_EDGE('',*,*,#1011,.T.);
#1063 = ORIENTED_EDGE('',*,*,#716,.T.);
#1064 = ORIENTED_EDGE('',*,*,#1065,.F.);
#1065 = EDGE_CURVE('',#234,#717,#1066,.T.);
#1066 = SURFACE_CURVE('',#1067,(#1070,#1077),.PCURVE_S1.);
#1067 = B_SPLINE_CURVE_WITH_KNOTS('',1,(#1068,#1069),.UNSPECIFIED.,.F.,
  .F.,(2,2),(0.,40.),.PIECEWISE_BEZIER_KNOTS.);
#1068 = CARTESIAN_POINT('',(-26.98722458069,-25.4,143.59929678449));
#1069 = CARTESIAN_POINT('',(-26.98722458069,25.4,143.59929678449));
#1070 = PCURVE('',#249,#1071);
#1071 = DEFINITIONAL_REPRESENTATION('',(#1072),#1076);
#1072 = B_SPLINE_CURVE_WITH_KNOTS('',2,(#1073,#1074,#1075),
  .UNSPECIFIED.,.F.,.F.,(3,3),(0.,40.),.PIECEWISE_BEZIER_KNOTS.);
#1073 = CARTESIAN_POINT('',(5.420076590693,-20.));
#1074 = CARTESIAN_POINT('',(5.420076590693,-7.836868409119E-16));
#1075 = CARTESIAN_POINT('',(5.420076590693,20.));
#1076 = ( GEOMETRIC_REPRESENTATION_CONTEXT(2) 
PARAMETRIC_REPRESENTATION_CONTEXT() REPRESENTATION_CONTEXT('2D SPACE',''
  ) );
#1077 = PCURVE('',#283,#1078);
#1078 = DEFINITIONAL_REPRESENTATION('',(#1079),#1083);
#1079 = B_SPLINE_CURVE_WITH_KNOTS('',2,(#1080,#1081,#1082),
  .UNSPECIFIED.,.F.,.F.,(3,3),(0.,40.),.PIECEWISE_BEZIER_KNOTS.);
#1080 = CARTESIAN_POINT('',(-0.44219386314,-20.));
#1081 = CARTESIAN_POINT('',(-0.44219386314,-1.46941282671E-15));
#1082 = CARTESIAN_POINT('',(-0.44219386314,20.));
#1083 = ( GEOMETRIC_REPRESENTATION_CONTEXT(2) 
PARAMETRIC_REPRESENTATION_CONTEXT() REPRESENTATION_CONTEXT('2D SPACE',''
  ) );
#1084 = ADVANCED_FACE('',(#1085),#493,.F.);
#1085 = FACE_BOUND('',#1086,.F.);
#1086 = EDGE_LOOP('',(#1087,#1088,#1089,#1109));
#1087 = ORIENTED_EDGE('',*,*,#1037,.T.);
#1088 = ORIENTED_EDGE('',*,*,#895,.F.);
#1089 = ORIENTED_EDGE('',*,*,#1090,.F.);
#1090 = EDGE_CURVE('',#444,#873,#1091,.T.);
#1091 = SURFACE_CURVE('',#1092,(#1095,#1102),.PCURVE_S1.);
#1092 = B_SPLINE_CURVE_WITH_KNOTS('',1,(#1093,#1094),.UNSPECIFIED.,.F.,
  .F.,(2,2),(0.,40.),.PIECEWISE_BEZIER_KNOTS.);
#1093 = CARTESIAN_POINT('',(-73.0127754193,-25.4,89.800703215507));
#1094 = CARTESIAN_POINT('',(-73.0127754193,25.4,89.800703215507));
#1095 = PCURVE('',#493,#1096);
#1096 = DEFINITIONAL_REPRESENTATION('',(#1097),#1101);
#1097 = B_SPLINE_CURVE_WITH_KNOTS('',2,(#1098,#1099,#1100),
  .UNSPECIFIED.,.F.,.F.,(3,3),(0.,40.),.PIECEWISE_BEZIER_KNOTS.);
#1098 = CARTESIAN_POINT('',(2.69939879045,-20.));
#1099 = CARTESIAN_POINT('',(2.69939879045,-1.46941282671E-15));
#1100 = CARTESIAN_POINT('',(2.69939879045,20.));
#1101 = ( GEOMETRIC_REPRESENTATION_CONTEXT(2) 
PARAMETRIC_REPRESENTATION_CONTEXT() REPRESENTATION_CONTEXT('2D SPACE',''
  ) );
#1102 = PCURVE('',#459,#1103);
#1103 = DEFINITIONAL_REPRESENTATION('',(#1104),#1108);
#1104 = B_SPLINE_CURVE_WITH_KNOTS('',2,(#1105,#1106,#1107),
  .UNSPECIFIED.,.F.,.F.,(3,3),(0.,40.),.PIECEWISE_BEZIER_KNOTS.);
#1105 = CARTESIAN_POINT('',(2.278483937103,-20.));
#1106 = CARTESIAN_POINT('',(2.278483937103,-1.46941282671E-15));
#1107 = CARTESIAN_POINT('',(2.278483937103,20.));
#1108 = ( GEOMETRIC_REPRESENTATION_CONTEXT(2) 
PARAMETRIC_REPRESENTATION_CONTEXT() REPRESENTATION_CONTEXT('2D SPACE',''
  ) );
#1109 = ORIENTED_EDGE('',*,*,#473,.T.);
#1110 = ADVANCED_FACE('',(#1111),#283,.F.);
#1111 = FACE_BOUND('',#1112,.F.);
#1112 = EDGE_LOOP('',(#1113,#1133,#1134,#1135));
#1113 = ORIENTED_EDGE('',*,*,#1114,.T.);
#1114 = EDGE_CURVE('',#264,#740,#1115,.T.);
#1115 = SURFACE_CURVE('',#1116,(#1119,#1126),.PCURVE_S1.);
#1116 = B_SPLINE_CURVE_WITH_KNOTS('',1,(#1117,#1118),.UNSPECIFIED.,.F.,
  .F.,(2,2),(0.,40.),.PIECEWISE_BEZIER_KNOTS.);
#1117 = CARTESIAN_POINT('',(-38.21091335034,-25.4,150.07929651695));
#1118 = CARTESIAN_POINT('',(-38.21091335034,25.4,150.07929651695));
#1119 = PCURVE('',#283,#1120);
#1120 = DEFINITIONAL_REPRESENTATION('',(#1121),#1125);
#1121 = B_SPLINE_CURVE_WITH_KNOTS('',2,(#1122,#1123,#1124),
  .UNSPECIFIED.,.F.,.F.,(3,3),(0.,40.),.PIECEWISE_BEZIER_KNOTS.);
#1122 = CARTESIAN_POINT('',(4.630984067926,-20.));
#1123 = CARTESIAN_POINT('',(4.630984067926,-1.46941282671E-15));
#1124 = CARTESIAN_POINT('',(4.630984067926,20.));
#1125 = ( GEOMETRIC_REPRESENTATION_CONTEXT(2) 
PARAMETRIC_REPRESENTATION_CONTEXT() REPRESENTATION_CONTEXT('2D SPACE',''
  ) );
#1126 = PCURVE('',#319,#1127);
#1127 = DEFINITIONAL_REPRESENTATION('',(#1128),#1132);
#1128 = B_SPLINE_CURVE_WITH_KNOTS('',2,(#1129,#1130,#1131),
  .UNSPECIFIED.,.F.,.F.,(3,3),(0.,40.),.PIECEWISE_BEZIER_KNOTS.);
#1129 = CARTESIAN_POINT('',(5.051898921273,-20.));
#1130 = CARTESIAN_POINT('',(5.051898921273,-2.253099667622E-15));
#1131 = CARTESIAN_POINT('',(5.051898921273,20.));
#1132 = ( GEOMETRIC_REPRESENTATION_CONTEXT(2) 
PARAMETRIC_REPRESENTATION_CONTEXT() REPRESENTATION_CONTEXT('2D SPACE',''
  ) );
#1133 = ORIENTED_EDGE('',*,*,#739,.F.);
#1134 = ORIENTED_EDGE('',*,*,#1065,.F.);
#1135 = ORIENTED_EDGE('',*,*,#263,.T.);
#1136 = ADVANCED_FACE('',(#1137),#459,.T.);
#1137 = FACE_BOUND('',#1138,.T.);
#1138 = EDGE_LOOP('',(#1139,#1140,#1160,#1161));
#1139 = ORIENTED_EDGE('',*,*,#443,.F.);
#1140 = ORIENTED_EDGE('',*,*,#1141,.T.);
#1141 = EDGE_CURVE('',#404,#844,#1142,.T.);
#1142 = SURFACE_CURVE('',#1143,(#1146,#1153),.PCURVE_S1.);
#1143 = B_SPLINE_CURVE_WITH_KNOTS('',1,(#1144,#1145),.UNSPECIFIED.,.F.,
  .F.,(2,2),(0.,40.),.PIECEWISE_BEZIER_KNOTS.);
#1144 = CARTESIAN_POINT('',(-84.80186206896,-25.4,110.22000026753));
#1145 = CARTESIAN_POINT('',(-84.80186206896,25.4,110.22000026753));
#1146 = PCURVE('',#459,#1147);
#1147 = DEFINITIONAL_REPRESENTATION('',(#1148),#1152);
#1148 = B_SPLINE_CURVE_WITH_KNOTS('',2,(#1149,#1150,#1151),
  .UNSPECIFIED.,.F.,.F.,(3,3),(0.,40.),.PIECEWISE_BEZIER_KNOTS.);
#1149 = CARTESIAN_POINT('',(2.95750381888,-20.));
#1150 = CARTESIAN_POINT('',(2.95750381888,-2.253099667622E-15));
#1151 = CARTESIAN_POINT('',(2.95750381888,20.));
#1152 = ( GEOMETRIC_REPRESENTATION_CONTEXT(2) 
PARAMETRIC_REPRESENTATION_CONTEXT() REPRESENTATION_CONTEXT('2D SPACE',''
  ) );
#1153 = PCURVE('',#423,#1154);
#1154 = DEFINITIONAL_REPRESENTATION('',(#1155),#1159);
#1155 = B_SPLINE_CURVE_WITH_KNOTS('',2,(#1156,#1157,#1158),
  .UNSPECIFIED.,.F.,.F.,(3,3),(0.,40.),.PIECEWISE_BEZIER_KNOTS.);
#1156 = CARTESIAN_POINT('',(2.536588965533,-20.));
#1157 = CARTESIAN_POINT('',(2.536588965533,-1.95921710228E-15));
#1158 = CARTESIAN_POINT('',(2.536588965533,20.));
#1159 = ( GEOMETRIC_REPRESENTATION_CONTEXT(2) 
PARAMETRIC_REPRESENTATION_CONTEXT() REPRESENTATION_CONTEXT('2D SPACE',''
  ) );
#1160 = ORIENTED_EDGE('',*,*,#872,.T.);
#1161 = ORIENTED_EDGE('',*,*,#1090,.F.);
#1162 = ADVANCED_FACE('',(#1163),#319,.T.);
#1163 = FACE_BOUND('',#1164,.T.);
#1164 = EDGE_LOOP('',(#1165,#1166,#1167,#1168));
#1165 = ORIENTED_EDGE('',*,*,#303,.F.);
#1166 = ORIENTED_EDGE('',*,*,#1114,.T.);
#1167 = ORIENTED_EDGE('',*,*,#768,.T.);
#1168 = ORIENTED_EDGE('',*,*,#1169,.F.);
#1169 = EDGE_CURVE('',#304,#769,#1170,.T.);
#1170 = SURFACE_CURVE('',#1171,(#1174,#1181),.PCURVE_S1.);
#1171 = B_SPLINE_CURVE_WITH_KNOTS('',1,(#1172,#1173),.UNSPECIFIED.,.F.,
  .F.,(2,2),(0.,40.),.PIECEWISE_BEZIER_KNOTS.);
#1172 = CARTESIAN_POINT('',(-61.78908664965,-25.4,150.07929651695));
#1173 = CARTESIAN_POINT('',(-61.78908664965,25.4,150.07929651695));
#1174 = PCURVE('',#319,#1175);
#1175 = DEFINITIONAL_REPRESENTATION('',(#1176),#1180);
#1176 = B_SPLINE_CURVE_WITH_KNOTS('',2,(#1177,#1178,#1179),
  .UNSPECIFIED.,.F.,.F.,(3,3),(0.,40.),.PIECEWISE_BEZIER_KNOTS.);
#1177 = CARTESIAN_POINT('',(4.372879039497,-20.));
#1178 = CARTESIAN_POINT('',(4.372879039497,-1.46941282671E-15));
#1179 = CARTESIAN_POINT('',(4.372879039497,20.));
#1180 = ( GEOMETRIC_REPRESENTATION_CONTEXT(2) 
PARAMETRIC_REPRESENTATION_CONTEXT() REPRESENTATION_CONTEXT('2D SPACE',''
  ) );
#1181 = PCURVE('',#353,#1182);
#1182 = DEFINITIONAL_REPRESENTATION('',(#1183),#1187);
#1183 = B_SPLINE_CURVE_WITH_KNOTS('',2,(#1184,#1185,#1186),
  .UNSPECIFIED.,.F.,.F.,(3,3),(0.,40.),.PIECEWISE_BEZIER_KNOTS.);
#1184 = CARTESIAN_POINT('',(-1.489391414336,-20.));
#1185 = CARTESIAN_POINT('',(-1.489391414336,-1.46941282671E-15));
#1186 = CARTESIAN_POINT('',(-1.489391414336,20.));
#1187 = ( GEOMETRIC_REPRESENTATION_CONTEXT(2) 
PARAMETRIC_REPRESENTATION_CONTEXT() REPRESENTATION_CONTEXT('2D SPACE',''
  ) );
#1188 = ADVANCED_FACE('',(#1189),#423,.F.);
#1189 = FACE_BOUND('',#1190,.F.);
#1190 = EDGE_LOOP('',(#1191,#1192,#1193,#1213));
#1191 = ORIENTED_EDGE('',*,*,#1141,.T.);
#1192 = ORIENTED_EDGE('',*,*,#843,.F.);
#1193 = ORIENTED_EDGE('',*,*,#1194,.F.);
#1194 = EDGE_CURVE('',#374,#821,#1195,.T.);
#1195 = SURFACE_CURVE('',#1196,(#1199,#1206),.PCURVE_S1.);
#1196 = B_SPLINE_CURVE_WITH_KNOTS('',1,(#1197,#1198),.UNSPECIFIED.,.F.,
  .F.,(2,2),(0.,40.),.PIECEWISE_BEZIER_KNOTS.);
#1197 = CARTESIAN_POINT('',(-84.80186206896,-25.4,123.17999973246));
#1198 = CARTESIAN_POINT('',(-84.80186206896,25.4,123.17999973246));
#1199 = PCURVE('',#423,#1200);
#1200 = DEFINITIONAL_REPRESENTATION('',(#1201),#1205);
#1201 = B_SPLINE_CURVE_WITH_KNOTS('',2,(#1202,#1203,#1204),
  .UNSPECIFIED.,.F.,.F.,(3,3),(0.,40.),.PIECEWISE_BEZIER_KNOTS.);
#1202 = CARTESIAN_POINT('',(-2.536588965533,-20.));
#1203 = CARTESIAN_POINT('',(-2.536588965533,-1.46941282671E-15));
#1204 = CARTESIAN_POINT('',(-2.536588965533,20.));
#1205 = ( GEOMETRIC_REPRESENTATION_CONTEXT(2) 
PARAMETRIC_REPRESENTATION_CONTEXT() REPRESENTATION_CONTEXT('2D SPACE',''
  ) );
#1206 = PCURVE('',#389,#1207);
#1207 = DEFINITIONAL_REPRESENTATION('',(#1208),#1212);
#1208 = B_SPLINE_CURVE_WITH_KNOTS('',2,(#1209,#1210,#1211),
  .UNSPECIFIED.,.F.,.F.,(3,3),(0.,40.),.PIECEWISE_BEZIER_KNOTS.);
#1209 = CARTESIAN_POINT('',(3.3256814883,-20.));
#1210 = CARTESIAN_POINT('',(3.3256814883,-1.46941282671E-15));
#1211 = CARTESIAN_POINT('',(3.3256814883,20.));
#1212 = ( GEOMETRIC_REPRESENTATION_CONTEXT(2) 
PARAMETRIC_REPRESENTATION_CONTEXT() REPRESENTATION_CONTEXT('2D SPACE',''
  ) );
#1213 = ORIENTED_EDGE('',*,*,#403,.T.);
#1214 = ADVANCED_FACE('',(#1215),#353,.F.);
#1215 = FACE_BOUND('',#1216,.F.);
#1216 = EDGE_LOOP('',(#1217,#1237,#1238,#1239));
#1217 = ORIENTED_EDGE('',*,*,#1218,.T.);
#1218 = EDGE_CURVE('',#334,#792,#1219,.T.);
#1219 = SURFACE_CURVE('',#1220,(#1223,#1230),.PCURVE_S1.);
#1220 = B_SPLINE_CURVE_WITH_KNOTS('',1,(#1221,#1222),.UNSPECIFIED.,.F.,
  .F.,(2,2),(0.,40.),.PIECEWISE_BEZIER_KNOTS.);
#1221 = CARTESIAN_POINT('',(-73.0127754193,-25.4,143.59929678449));
#1222 = CARTESIAN_POINT('',(-73.0127754193,25.4,143.59929678449));
#1223 = PCURVE('',#353,#1224);
#1224 = DEFINITIONAL_REPRESENTATION('',(#1225),#1229);
#1225 = B_SPLINE_CURVE_WITH_KNOTS('',2,(#1226,#1227,#1228),
  .UNSPECIFIED.,.F.,.F.,(3,3),(0.,40.),.PIECEWISE_BEZIER_KNOTS.);
#1226 = CARTESIAN_POINT('',(3.58378651673,-20.));
#1227 = CARTESIAN_POINT('',(3.58378651673,-1.95921710228E-15));
#1228 = CARTESIAN_POINT('',(3.58378651673,20.));
#1229 = ( GEOMETRIC_REPRESENTATION_CONTEXT(2) 
PARAMETRIC_REPRESENTATION_CONTEXT() REPRESENTATION_CONTEXT('2D SPACE',''
  ) );
#1230 = PCURVE('',#389,#1231);
#1231 = DEFINITIONAL_REPRESENTATION('',(#1232),#1236);
#1232 = B_SPLINE_CURVE_WITH_KNOTS('',2,(#1233,#1234,#1235),
  .UNSPECIFIED.,.F.,.F.,(3,3),(0.,40.),.PIECEWISE_BEZIER_KNOTS.);
#1233 = CARTESIAN_POINT('',(4.004701370076,-20.));
#1234 = CARTESIAN_POINT('',(4.004701370076,-1.46941282671E-15));
#1235 = CARTESIAN_POINT('',(4.004701370076,20.));
#1236 = ( GEOMETRIC_REPRESENTATION_CONTEXT(2) 
PARAMETRIC_REPRESENTATION_CONTEXT() REPRESENTATION_CONTEXT('2D SPACE',''
  ) );
#1237 = ORIENTED_EDGE('',*,*,#791,.F.);
#1238 = ORIENTED_EDGE('',*,*,#1169,.F.);
#1239 = ORIENTED_EDGE('',*,*,#333,.T.);
#1240 = ADVANCED_FACE('',(#1241),#389,.T.);
#1241 = FACE_BOUND('',#1242,.T.);
#1242 = EDGE_LOOP('',(#1243,#1244,#1245,#1246));
#1243 = ORIENTED_EDGE('',*,*,#373,.F.);
#1244 = ORIENTED_EDGE('',*,*,#1218,.T.);
#1245 = ORIENTED_EDGE('',*,*,#820,.T.);
#1246 = ORIENTED_EDGE('',*,*,#1194,.F.);
#1247 = ADVANCED_FACE('',(#1248,#1251),#618,.T.);
#1248 = FACE_BOUND('',#1249,.T.);
#1249 = EDGE_LOOP('',(#1250));
#1250 = ORIENTED_EDGE('',*,*,#572,.T.);
#1251 = FACE_BOUND('',#1252,.T.);
#1252 = EDGE_LOOP('',(#1253,#1288,#1321,#1349,#1382));
#1253 = ORIENTED_EDGE('',*,*,#1254,.T.);
#1254 = EDGE_CURVE('',#1255,#1257,#1259,.T.);
#1255 = VERTEX_POINT('',#1256);
#1256 = CARTESIAN_POINT('',(-53.,-25.4,116.7));
#1257 = VERTEX_POINT('',#1258);
#1258 = CARTESIAN_POINT('',(-50.,-25.4,119.7));
#1259 = SURFACE_CURVE('',#1260,(#1265,#1276),.PCURVE_S1.);
#1260 = CIRCLE('',#1261,3.);
#1261 = AXIS2_PLACEMENT_3D('',#1262,#1263,#1264);
#1262 = CARTESIAN_POINT('',(-50.,-25.4,116.7));
#1263 = DIRECTION('',(-0.,1.,0.));
#1264 = DIRECTION('',(1.,0.,0.));
#1265 = PCURVE('',#618,#1266);
#1266 = DEFINITIONAL_REPRESENTATION('',(#1267),#1275);
#1267 = ( BOUNDED_CURVE() B_SPLINE_CURVE(2,(#1268,#1269,#1270,#1271,
#1272,#1273,#1274),.UNSPECIFIED.,.T.,.F.) B_SPLINE_CURVE_WITH_KNOTS((1,2
    ,2,2,2,1),(-2.094395102393,0.,2.094395102393,4.188790204786,
6.28318530718,8.377580409573),.UNSPECIFIED.) CURVE() 
GEOMETRIC_REPRESENTATION_ITEM() RATIONAL_B_SPLINE_CURVE((1.,0.5,1.,0.5,
1.,0.5,1.)) REPRESENTATION_ITEM('') );
#1268 = CARTESIAN_POINT('',(0.,3.));
#1269 = CARTESIAN_POINT('',(5.196152422707,3.));
#1270 = CARTESIAN_POINT('',(2.598076211353,-1.5));
#1271 = CARTESIAN_POINT('',(7.347880794884E-16,-6.));
#1272 = CARTESIAN_POINT('',(-2.598076211353,-1.5));
#1273 = CARTESIAN_POINT('',(-5.196152422707,3.));
#1274 = CARTESIAN_POINT('',(0.,3.));
#1275 = ( GEOMETRIC_REPRESENTATION_CONTEXT(2) 
PARAMETRIC_REPRESENTATION_CONTEXT() REPRESENTATION_CONTEXT('2D SPACE',''
  ) );
#1276 = PCURVE('',#1277,#1282);
#1277 = CYLINDRICAL_SURFACE('',#1278,3.);
#1278 = AXIS2_PLACEMENT_3D('',#1279,#1280,#1281);
#1279 = CARTESIAN_POINT('',(-50.,0.,116.7));
#1280 = DIRECTION('',(-0.,1.,-0.));
#1281 = DIRECTION('',(1.,0.,0.));
#1282 = DEFINITIONAL_REPRESENTATION('',(#1283),#1287);
#1283 = LINE('',#1284,#1285);
#1284 = CARTESIAN_POINT('',(-6.28318530718,-25.4));
#1285 = VECTOR('',#1286,1.);
#1286 = DIRECTION('',(1.,-0.));
#1287 = ( GEOMETRIC_REPRESENTATION_CONTEXT(2) 
PARAMETRIC_REPRESENTATION_CONTEXT() REPRESENTATION_CONTEXT('2D SPACE',''
  ) );
#1288 = ORIENTED_EDGE('',*,*,#1289,.T.);
#1289 = EDGE_CURVE('',#1257,#1290,#1292,.T.);
#1290 = VERTEX_POINT('',#1291);
#1291 = CARTESIAN_POINT('',(-48.,-25.4,118.9360679775));
#1292 = SURFACE_CURVE('',#1293,(#1298,#1309),.PCURVE_S1.);
#1293 = CIRCLE('',#1294,3.);
#1294 = AXIS2_PLACEMENT_3D('',#1295,#1296,#1297);
#1295 = CARTESIAN_POINT('',(-50.,-25.4,116.7));
#1296 = DIRECTION('',(-0.,1.,0.));
#1297 = DIRECTION('',(1.,0.,0.));
#1298 = PCURVE('',#618,#1299);
#1299 = DEFINITIONAL_REPRESENTATION('',(#1300),#1308);
#1300 = ( BOUNDED_CURVE() B_SPLINE_CURVE(2,(#1301,#1302,#1303,#1304,
#1305,#1306,#1307),.UNSPECIFIED.,.T.,.F.) B_SPLINE_CURVE_WITH_KNOTS((1,2
    ,2,2,2,1),(-2.094395102393,0.,2.094395102393,4.188790204786,
6.28318530718,8.377580409573),.UNSPECIFIED.) CURVE() 
GEOMETRIC_REPRESENTATION_ITEM() RATIONAL_B_SPLINE_CURVE((1.,0.5,1.,0.5,
1.,0.5,1.)) REPRESENTATION_ITEM('') );
#1301 = CARTESIAN_POINT('',(0.,3.));
#1302 = CARTESIAN_POINT('',(5.196152422707,3.));
#1303 = CARTESIAN_POINT('',(2.598076211353,-1.5));
#1304 = CARTESIAN_POINT('',(7.347880794884E-16,-6.));
#1305 = CARTESIAN_POINT('',(-2.598076211353,-1.5));
#1306 = CARTESIAN_POINT('',(-5.196152422707,3.));
#1307 = CARTESIAN_POINT('',(0.,3.));
#1308 = ( GEOMETRIC_REPRESENTATION_CONTEXT(2) 
PARAMETRIC_REPRESENTATION_CONTEXT() REPRESENTATION_CONTEXT('2D SPACE',''
  ) );
#1309 = PCURVE('',#1310,#1315);
#1310 = CYLINDRICAL_SURFACE('',#1311,3.);
#1311 = AXIS2_PLACEMENT_3D('',#1312,#1313,#1314);
#1312 = CARTESIAN_POINT('',(-50.,0.,116.7));
#1313 = DIRECTION('',(-0.,1.,-0.));
#1314 = DIRECTION('',(1.,0.,0.));
#1315 = DEFINITIONAL_REPRESENTATION('',(#1316),#1320);
#1316 = LINE('',#1317,#1318);
#1317 = CARTESIAN_POINT('',(-6.28318530718,-25.4));
#1318 = VECTOR('',#1319,1.);
#1319 = DIRECTION('',(1.,-0.));
#1320 = ( GEOMETRIC_REPRESENTATION_CONTEXT(2) 
PARAMETRIC_REPRESENTATION_CONTEXT() REPRESENTATION_CONTEXT('2D SPACE',''
  ) );
#1321 = ORIENTED_EDGE('',*,*,#1322,.T.);
#1322 = EDGE_CURVE('',#1290,#1323,#1325,.T.);
#1323 = VERTEX_POINT('',#1324);
#1324 = CARTESIAN_POINT('',(-48.,-25.4,114.4639320225));
#1325 = SURFACE_CURVE('',#1326,(#1330,#1337),.PCURVE_S1.);
#1326 = LINE('',#1327,#1328);
#1327 = CARTESIAN_POINT('',(-48.,-25.4,115.2));
#1328 = VECTOR('',#1329,1.);
#1329 = DIRECTION('',(0.,0.,-1.));
#1330 = PCURVE('',#618,#1331);
#1331 = DEFINITIONAL_REPRESENTATION('',(#1332),#1336);
#1332 = LINE('',#1333,#1334);
#1333 = CARTESIAN_POINT('',(1.5,2.));
#1334 = VECTOR('',#1335,1.);
#1335 = DIRECTION('',(1.,0.));
#1336 = ( GEOMETRIC_REPRESENTATION_CONTEXT(2) 
PARAMETRIC_REPRESENTATION_CONTEXT() REPRESENTATION_CONTEXT('2D SPACE',''
  ) );
#1337 = PCURVE('',#1338,#1343);
#1338 = PLANE('',#1339);
#1339 = AXIS2_PLACEMENT_3D('',#1340,#1341,#1342);
#1340 = CARTESIAN_POINT('',(-48.,0.,113.7));
#1341 = DIRECTION('',(-1.,0.,0.));
#1342 = DIRECTION('',(0.,0.,1.));
#1343 = DEFINITIONAL_REPRESENTATION('',(#1344),#1348);
#1344 = LINE('',#1345,#1346);
#1345 = CARTESIAN_POINT('',(1.5,-25.4));
#1346 = VECTOR('',#1347,1.);
#1347 = DIRECTION('',(-1.,0.));
#1348 = ( GEOMETRIC_REPRESENTATION_CONTEXT(2) 
PARAMETRIC_REPRESENTATION_CONTEXT() REPRESENTATION_CONTEXT('2D SPACE',''
  ) );
#1349 = ORIENTED_EDGE('',*,*,#1350,.T.);
#1350 = EDGE_CURVE('',#1323,#1351,#1353,.T.);
#1351 = VERTEX_POINT('',#1352);
#1352 = CARTESIAN_POINT('',(-50.,-25.4,113.7));
#1353 = SURFACE_CURVE('',#1354,(#1359,#1370),.PCURVE_S1.);
#1354 = CIRCLE('',#1355,3.);
#1355 = AXIS2_PLACEMENT_3D('',#1356,#1357,#1358);
#1356 = CARTESIAN_POINT('',(-50.,-25.4,116.7));
#1357 = DIRECTION('',(-0.,1.,0.));
#1358 = DIRECTION('',(1.,0.,0.));
#1359 = PCURVE('',#618,#1360);
#1360 = DEFINITIONAL_REPRESENTATION('',(#1361),#1369);
#1361 = ( BOUNDED_CURVE() B_SPLINE_CURVE(2,(#1362,#1363,#1364,#1365,
#1366,#1367,#1368),.UNSPECIFIED.,.T.,.F.) B_SPLINE_CURVE_WITH_KNOTS((1,2
    ,2,2,2,1),(-2.094395102393,0.,2.094395102393,4.188790204786,
6.28318530718,8.377580409573),.UNSPECIFIED.) CURVE() 
GEOMETRIC_REPRESENTATION_ITEM() RATIONAL_B_SPLINE_CURVE((1.,0.5,1.,0.5,
1.,0.5,1.)) REPRESENTATION_ITEM('') );
#1362 = CARTESIAN_POINT('',(0.,3.));
#1363 = CARTESIAN_POINT('',(5.196152422707,3.));
#1364 = CARTESIAN_POINT('',(2.598076211353,-1.5));
#1365 = CARTESIAN_POINT('',(7.347880794884E-16,-6.));
#1366 = CARTESIAN_POINT('',(-2.598076211353,-1.5));
#1367 = CARTESIAN_POINT('',(-5.196152422707,3.));
#1368 = CARTESIAN_POINT('',(0.,3.));
#1369 = ( GEOMETRIC_REPRESENTATION_CONTEXT(2) 
PARAMETRIC_REPRESENTATION_CONTEXT() REPRESENTATION_CONTEXT('2D SPACE',''
  ) );
#1370 = PCURVE('',#1371,#1376);
#1371 = CYLINDRICAL_SURFACE('',#1372,3.);
#1372 = AXIS2_PLACEMENT_3D('',#1373,#1374,#1375);
#1373 = CARTESIAN_POINT('',(-50.,0.,116.7));
#1374 = DIRECTION('',(-0.,1.,-0.));
#1375 = DIRECTION('',(1.,0.,0.));
#1376 = DEFINITIONAL_REPRESENTATION('',(#1377),#1381);
#1377 = LINE('',#1378,#1379);
#1378 = CARTESIAN_POINT('',(-6.28318530718,-25.4));
#1379 = VECTOR('',#1380,1.);
#1380 = DIRECTION('',(1.,-0.));
#1381 = ( GEOMETRIC_REPRESENTATION_CONTEXT(2) 
PARAMETRIC_REPRESENTATION_CONTEXT() REPRESENTATION_CONTEXT('2D SPACE',''
  ) );
#1382 = ORIENTED_EDGE('',*,*,#1383,.T.);
#1383 = EDGE_CURVE('',#1351,#1255,#1384,.T.);
#1384 = SURFACE_CURVE('',#1385,(#1390,#1401),.PCURVE_S1.);
#1385 = CIRCLE('',#1386,3.);
#1386 = AXIS2_PLACEMENT_3D('',#1387,#1388,#1389);
#1387 = CARTESIAN_POINT('',(-50.,-25.4,116.7));
#1388 = DIRECTION('',(-0.,1.,0.));
#1389 = DIRECTION('',(1.,0.,0.));
#1390 = PCURVE('',#618,#1391);
#1391 = DEFINITIONAL_REPRESENTATION('',(#1392),#1400);
#1392 = ( BOUNDED_CURVE() B_SPLINE_CURVE(2,(#1393,#1394,#1395,#1396,
#1397,#1398,#1399),.UNSPECIFIED.,.T.,.F.) B_SPLINE_CURVE_WITH_KNOTS((1,2
    ,2,2,2,1),(-2.094395102393,0.,2.094395102393,4.188790204786,
6.28318530718,8.377580409573),.UNSPECIFIED.) CURVE() 
GEOMETRIC_REPRESENTATION_ITEM() RATIONAL_B_SPLINE_CURVE((1.,0.5,1.,0.5,
1.,0.5,1.)) REPRESENTATION_ITEM('') );
#1393 = CARTESIAN_POINT('',(0.,3.));
#1394 = CARTESIAN_POINT('',(5.196152422707,3.));
#1395 = CARTESIAN_POINT('',(2.598076211353,-1.5));
#1396 = CARTESIAN_POINT('',(7.347880794884E-16,-6.));
#1397 = CARTESIAN_POINT('',(-2.598076211353,-1.5));
#1398 = CARTESIAN_POINT('',(-5.196152422707,3.));
#1399 = CARTESIAN_POINT('',(0.,3.));
#1400 = ( GEOMETRIC_REPRESENTATION_CONTEXT(2) 
PARAMETRIC_REPRESENTATION_CONTEXT() REPRESENTATION_CONTEXT('2D SPACE',''
  ) );
#1401 = PCURVE('',#1402,#1407);
#1402 = CYLINDRICAL_SURFACE('',#1403,3.);
#1403 = AXIS2_PLACEMENT_3D('',#1404,#1405,#1406);
#1404 = CARTESIAN_POINT('',(-50.,0.,116.7));
#1405 = DIRECTION('',(-0.,1.,-0.));
#1406 = DIRECTION('',(1.,0.,0.));
#1407 = DEFINITIONAL_REPRESENTATION('',(#1408),#1412);
#1408 = LINE('',#1409,#1410);
#1409 = CARTESIAN_POINT('',(-6.28318530718,-25.4));
#1410 = VECTOR('',#1411,1.);
#1411 = DIRECTION('',(1.,-0.));
#1412 = ( GEOMETRIC_REPRESENTATION_CONTEXT(2) 
PARAMETRIC_REPRESENTATION_CONTEXT() REPRESENTATION_CONTEXT('2D SPACE',''
  ) );
#1413 = ADVANCED_FACE('',(#1414,#1417),#995,.F.);
#1414 = FACE_BOUND('',#1415,.F.);
#1415 = EDGE_LOOP('',(#1416));
#1416 = ORIENTED_EDGE('',*,*,#949,.T.);
#1417 = FACE_BOUND('',#1418,.F.);
#1418 = EDGE_LOOP('',(#1419,#1450,#1473,#1502,#1531));
#1419 = ORIENTED_EDGE('',*,*,#1420,.F.);
#1420 = EDGE_CURVE('',#1421,#1423,#1425,.T.);
#1421 = VERTEX_POINT('',#1422);
#1422 = CARTESIAN_POINT('',(-48.,25.4,118.9360679775));
#1423 = VERTEX_POINT('',#1424);
#1424 = CARTESIAN_POINT('',(-50.,25.4,119.7));
#1425 = SURFACE_CURVE('',#1426,(#1431,#1438),.PCURVE_S1.);
#1426 = CIRCLE('',#1427,3.);
#1427 = AXIS2_PLACEMENT_3D('',#1428,#1429,#1430);
#1428 = CARTESIAN_POINT('',(-50.,25.4,116.7));
#1429 = DIRECTION('',(0.,-1.,0.));
#1430 = DIRECTION('',(1.,0.,0.));
#1431 = PCURVE('',#995,#1432);
#1432 = DEFINITIONAL_REPRESENTATION('',(#1433),#1437);
#1433 = CIRCLE('',#1434,3.);
#1434 = AXIS2_PLACEMENT_2D('',#1435,#1436);
#1435 = CARTESIAN_POINT('',(0.,0.));
#1436 = DIRECTION('',(0.,1.));
#1437 = ( GEOMETRIC_REPRESENTATION_CONTEXT(2) 
PARAMETRIC_REPRESENTATION_CONTEXT() REPRESENTATION_CONTEXT('2D SPACE',''
  ) );
#1438 = PCURVE('',#1439,#1444);
#1439 = CYLINDRICAL_SURFACE('',#1440,3.);
#1440 = AXIS2_PLACEMENT_3D('',#1441,#1442,#1443);
#1441 = CARTESIAN_POINT('',(-50.,0.,116.7));
#1442 = DIRECTION('',(0.,-1.,0.));
#1443 = DIRECTION('',(1.,0.,0.));
#1444 = DEFINITIONAL_REPRESENTATION('',(#1445),#1449);
#1445 = LINE('',#1446,#1447);
#1446 = CARTESIAN_POINT('',(0.,-25.4));
#1447 = VECTOR('',#1448,1.);
#1448 = DIRECTION('',(1.,0.));
#1449 = ( GEOMETRIC_REPRESENTATION_CONTEXT(2) 
PARAMETRIC_REPRESENTATION_CONTEXT() REPRESENTATION_CONTEXT('2D SPACE',''
  ) );
#1450 = ORIENTED_EDGE('',*,*,#1451,.T.);
#1451 = EDGE_CURVE('',#1421,#1452,#1454,.T.);
#1452 = VERTEX_POINT('',#1453);
#1453 = CARTESIAN_POINT('',(-48.,25.4,114.4639320225));
#1454 = SURFACE_CURVE('',#1455,(#1459,#1466),.PCURVE_S1.);
#1455 = LINE('',#1456,#1457);
#1456 = CARTESIAN_POINT('',(-48.,25.4,115.2));
#1457 = VECTOR('',#1458,1.);
#1458 = DIRECTION('',(0.,0.,-1.));
#1459 = PCURVE('',#995,#1460);
#1460 = DEFINITIONAL_REPRESENTATION('',(#1461),#1465);
#1461 = LINE('',#1462,#1463);
#1462 = CARTESIAN_POINT('',(1.5,2.));
#1463 = VECTOR('',#1464,1.);
#1464 = DIRECTION('',(1.,0.));
#1465 = ( GEOMETRIC_REPRESENTATION_CONTEXT(2) 
PARAMETRIC_REPRESENTATION_CONTEXT() REPRESENTATION_CONTEXT('2D SPACE',''
  ) );
#1466 = PCURVE('',#1338,#1467);
#1467 = DEFINITIONAL_REPRESENTATION('',(#1468),#1472);
#1468 = LINE('',#1469,#1470);
#1469 = CARTESIAN_POINT('',(1.5,25.4));
#1470 = VECTOR('',#1471,1.);
#1471 = DIRECTION('',(-1.,0.));
#1472 = ( GEOMETRIC_REPRESENTATION_CONTEXT(2) 
PARAMETRIC_REPRESENTATION_CONTEXT() REPRESENTATION_CONTEXT('2D SPACE',''
  ) );
#1473 = ORIENTED_EDGE('',*,*,#1474,.F.);
#1474 = EDGE_CURVE('',#1475,#1452,#1477,.T.);
#1475 = VERTEX_POINT('',#1476);
#1476 = CARTESIAN_POINT('',(-50.,25.4,113.7));
#1477 = SURFACE_CURVE('',#1478,(#1483,#1490),.PCURVE_S1.);
#1478 = CIRCLE('',#1479,3.);
#1479 = AXIS2_PLACEMENT_3D('',#1480,#1481,#1482);
#1480 = CARTESIAN_POINT('',(-50.,25.4,116.7));
#1481 = DIRECTION('',(0.,-1.,0.));
#1482 = DIRECTION('',(1.,0.,0.));
#1483 = PCURVE('',#995,#1484);
#1484 = DEFINITIONAL_REPRESENTATION('',(#1485),#1489);
#1485 = CIRCLE('',#1486,3.);
#1486 = AXIS2_PLACEMENT_2D('',#1487,#1488);
#1487 = CARTESIAN_POINT('',(0.,0.));
#1488 = DIRECTION('',(0.,1.));
#1489 = ( GEOMETRIC_REPRESENTATION_CONTEXT(2) 
PARAMETRIC_REPRESENTATION_CONTEXT() REPRESENTATION_CONTEXT('2D SPACE',''
  ) );
#1490 = PCURVE('',#1491,#1496);
#1491 = CYLINDRICAL_SURFACE('',#1492,3.);
#1492 = AXIS2_PLACEMENT_3D('',#1493,#1494,#1495);
#1493 = CARTESIAN_POINT('',(-50.,0.,116.7));
#1494 = DIRECTION('',(0.,-1.,0.));
#1495 = DIRECTION('',(1.,0.,0.));
#1496 = DEFINITIONAL_REPRESENTATION('',(#1497),#1501);
#1497 = LINE('',#1498,#1499);
#1498 = CARTESIAN_POINT('',(0.,-25.4));
#1499 = VECTOR('',#1500,1.);
#1500 = DIRECTION('',(1.,0.));
#1501 = ( GEOMETRIC_REPRESENTATION_CONTEXT(2) 
PARAMETRIC_REPRESENTATION_CONTEXT() REPRESENTATION_CONTEXT('2D SPACE',''
  ) );
#1502 = ORIENTED_EDGE('',*,*,#1503,.F.);
#1503 = EDGE_CURVE('',#1504,#1475,#1506,.T.);
#1504 = VERTEX_POINT('',#1505);
#1505 = CARTESIAN_POINT('',(-53.,25.4,116.7));
#1506 = SURFACE_CURVE('',#1507,(#1512,#1519),.PCURVE_S1.);
#1507 = CIRCLE('',#1508,3.);
#1508 = AXIS2_PLACEMENT_3D('',#1509,#1510,#1511);
#1509 = CARTESIAN_POINT('',(-50.,25.4,116.7));
#1510 = DIRECTION('',(0.,-1.,0.));
#1511 = DIRECTION('',(1.,0.,0.));
#1512 = PCURVE('',#995,#1513);
#1513 = DEFINITIONAL_REPRESENTATION('',(#1514),#1518);
#1514 = CIRCLE('',#1515,3.);
#1515 = AXIS2_PLACEMENT_2D('',#1516,#1517);
#1516 = CARTESIAN_POINT('',(0.,0.));
#1517 = DIRECTION('',(0.,1.));
#1518 = ( GEOMETRIC_REPRESENTATION_CONTEXT(2) 
PARAMETRIC_REPRESENTATION_CONTEXT() REPRESENTATION_CONTEXT('2D SPACE',''
  ) );
#1519 = PCURVE('',#1520,#1525);
#1520 = CYLINDRICAL_SURFACE('',#1521,3.);
#1521 = AXIS2_PLACEMENT_3D('',#1522,#1523,#1524);
#1522 = CARTESIAN_POINT('',(-50.,0.,116.7));
#1523 = DIRECTION('',(0.,-1.,0.));
#1524 = DIRECTION('',(1.,0.,0.));
#1525 = DEFINITIONAL_REPRESENTATION('',(#1526),#1530);
#1526 = LINE('',#1527,#1528);
#1527 = CARTESIAN_POINT('',(0.,-25.4));
#1528 = VECTOR('',#1529,1.);
#1529 = DIRECTION('',(1.,0.));
#1530 = ( GEOMETRIC_REPRESENTATION_CONTEXT(2) 
PARAMETRIC_REPRESENTATION_CONTEXT() REPRESENTATION_CONTEXT('2D SPACE',''
  ) );
#1531 = ORIENTED_EDGE('',*,*,#1532,.F.);
#1532 = EDGE_CURVE('',#1423,#1504,#1533,.T.);
#1533 = SURFACE_CURVE('',#1534,(#1539,#1546),.PCURVE_S1.);
#1534 = CIRCLE('',#1535,3.);
#1535 = AXIS2_PLACEMENT_3D('',#1536,#1537,#1538);
#1536 = CARTESIAN_POINT('',(-50.,25.4,116.7));
#1537 = DIRECTION('',(0.,-1.,0.));
#1538 = DIRECTION('',(1.,0.,0.));
#1539 = PCURVE('',#995,#1540);
#1540 = DEFINITIONAL_REPRESENTATION('',(#1541),#1545);
#1541 = CIRCLE('',#1542,3.);
#1542 = AXIS2_PLACEMENT_2D('',#1543,#1544);
#1543 = CARTESIAN_POINT('',(0.,0.));
#1544 = DIRECTION('',(0.,1.));
#1545 = ( GEOMETRIC_REPRESENTATION_CONTEXT(2) 
PARAMETRIC_REPRESENTATION_CONTEXT() REPRESENTATION_CONTEXT('2D SPACE',''
  ) );
#1546 = PCURVE('',#1547,#1552);
#1547 = CYLINDRICAL_SURFACE('',#1548,3.);
#1548 = AXIS2_PLACEMENT_3D('',#1549,#1550,#1551);
#1549 = CARTESIAN_POINT('',(-50.,0.,116.7));
#1550 = DIRECTION('',(0.,-1.,0.));
#1551 = DIRECTION('',(1.,0.,0.));
#1552 = DEFINITIONAL_REPRESENTATION('',(#1553),#1557);
#1553 = LINE('',#1554,#1555);
#1554 = CARTESIAN_POINT('',(0.,-25.4));
#1555 = VECTOR('',#1556,1.);
#1556 = DIRECTION('',(1.,0.));
#1557 = ( GEOMETRIC_REPRESENTATION_CONTEXT(2) 
PARAMETRIC_REPRESENTATION_CONTEXT() REPRESENTATION_CONTEXT('2D SPACE',''
  ) );
#1558 = ADVANCED_FACE('',(#1559),#1277,.F.);
#1559 = FACE_BOUND('',#1560,.T.);
#1560 = EDGE_LOOP('',(#1561,#1587,#1608,#1609));
#1561 = ORIENTED_EDGE('',*,*,#1562,.F.);
#1562 = EDGE_CURVE('',#1563,#1565,#1567,.T.);
#1563 = VERTEX_POINT('',#1564);
#1564 = CARTESIAN_POINT('',(-50.,0.,119.7));
#1565 = VERTEX_POINT('',#1566);
#1566 = CARTESIAN_POINT('',(-53.,0.,116.7));
#1567 = SURFACE_CURVE('',#1568,(#1573,#1580),.PCURVE_S1.);
#1568 = CIRCLE('',#1569,3.);
#1569 = AXIS2_PLACEMENT_3D('',#1570,#1571,#1572);
#1570 = CARTESIAN_POINT('',(-50.,0.,116.7));
#1571 = DIRECTION('',(0.,-1.,0.));
#1572 = DIRECTION('',(1.,0.,0.));
#1573 = PCURVE('',#1277,#1574);
#1574 = DEFINITIONAL_REPRESENTATION('',(#1575),#1579);
#1575 = LINE('',#1576,#1577);
#1576 = CARTESIAN_POINT('',(-0.,0.));
#1577 = VECTOR('',#1578,1.);
#1578 = DIRECTION('',(-1.,0.));
#1579 = ( GEOMETRIC_REPRESENTATION_CONTEXT(2) 
PARAMETRIC_REPRESENTATION_CONTEXT() REPRESENTATION_CONTEXT('2D SPACE',''
  ) );
#1580 = PCURVE('',#1547,#1581);
#1581 = DEFINITIONAL_REPRESENTATION('',(#1582),#1586);
#1582 = LINE('',#1583,#1584);
#1583 = CARTESIAN_POINT('',(0.,0.));
#1584 = VECTOR('',#1585,1.);
#1585 = DIRECTION('',(1.,0.));
#1586 = ( GEOMETRIC_REPRESENTATION_CONTEXT(2) 
PARAMETRIC_REPRESENTATION_CONTEXT() REPRESENTATION_CONTEXT('2D SPACE',''
  ) );
#1587 = ORIENTED_EDGE('',*,*,#1588,.F.);
#1588 = EDGE_CURVE('',#1257,#1563,#1589,.T.);
#1589 = SURFACE_CURVE('',#1590,(#1594,#1601),.PCURVE_S1.);
#1590 = LINE('',#1591,#1592);
#1591 = CARTESIAN_POINT('',(-50.,0.,119.7));
#1592 = VECTOR('',#1593,1.);
#1593 = DIRECTION('',(-0.,1.,-0.));
#1594 = PCURVE('',#1277,#1595);
#1595 = DEFINITIONAL_REPRESENTATION('',(#1596),#1600);
#1596 = LINE('',#1597,#1598);
#1597 = CARTESIAN_POINT('',(-1.570796326795,0.));
#1598 = VECTOR('',#1599,1.);
#1599 = DIRECTION('',(-0.,1.));
#1600 = ( GEOMETRIC_REPRESENTATION_CONTEXT(2) 
PARAMETRIC_REPRESENTATION_CONTEXT() REPRESENTATION_CONTEXT('2D SPACE',''
  ) );
#1601 = PCURVE('',#1310,#1602);
#1602 = DEFINITIONAL_REPRESENTATION('',(#1603),#1607);
#1603 = LINE('',#1604,#1605);
#1604 = CARTESIAN_POINT('',(-1.570796326795,0.));
#1605 = VECTOR('',#1606,1.);
#1606 = DIRECTION('',(-0.,1.));
#1607 = ( GEOMETRIC_REPRESENTATION_CONTEXT(2) 
PARAMETRIC_REPRESENTATION_CONTEXT() REPRESENTATION_CONTEXT('2D SPACE',''
  ) );
#1608 = ORIENTED_EDGE('',*,*,#1254,.F.);
#1609 = ORIENTED_EDGE('',*,*,#1610,.T.);
#1610 = EDGE_CURVE('',#1255,#1565,#1611,.T.);
#1611 = SURFACE_CURVE('',#1612,(#1616,#1623),.PCURVE_S1.);
#1612 = LINE('',#1613,#1614);
#1613 = CARTESIAN_POINT('',(-53.,0.,116.7));
#1614 = VECTOR('',#1615,1.);
#1615 = DIRECTION('',(-0.,1.,-0.));
#1616 = PCURVE('',#1277,#1617);
#1617 = DEFINITIONAL_REPRESENTATION('',(#1618),#1622);
#1618 = LINE('',#1619,#1620);
#1619 = CARTESIAN_POINT('',(-3.14159265359,0.));
#1620 = VECTOR('',#1621,1.);
#1621 = DIRECTION('',(-0.,1.));
#1622 = ( GEOMETRIC_REPRESENTATION_CONTEXT(2) 
PARAMETRIC_REPRESENTATION_CONTEXT() REPRESENTATION_CONTEXT('2D SPACE',''
  ) );
#1623 = PCURVE('',#1402,#1624);
#1624 = DEFINITIONAL_REPRESENTATION('',(#1625),#1629);
#1625 = LINE('',#1626,#1627);
#1626 = CARTESIAN_POINT('',(-3.14159265359,0.));
#1627 = VECTOR('',#1628,1.);
#1628 = DIRECTION('',(-0.,1.));
#1629 = ( GEOMETRIC_REPRESENTATION_CONTEXT(2) 
PARAMETRIC_REPRESENTATION_CONTEXT() REPRESENTATION_CONTEXT('2D SPACE',''
  ) );
#1630 = ADVANCED_FACE('',(#1631),#1402,.F.);
#1631 = FACE_BOUND('',#1632,.T.);
#1632 = EDGE_LOOP('',(#1633,#1634,#1657,#1679));
#1633 = ORIENTED_EDGE('',*,*,#1383,.F.);
#1634 = ORIENTED_EDGE('',*,*,#1635,.T.);
#1635 = EDGE_CURVE('',#1351,#1636,#1638,.T.);
#1636 = VERTEX_POINT('',#1637);
#1637 = CARTESIAN_POINT('',(-50.,0.,113.7));
#1638 = SURFACE_CURVE('',#1639,(#1643,#1650),.PCURVE_S1.);
#1639 = LINE('',#1640,#1641);
#1640 = CARTESIAN_POINT('',(-50.,0.,113.7));
#1641 = VECTOR('',#1642,1.);
#1642 = DIRECTION('',(-0.,1.,-0.));
#1643 = PCURVE('',#1402,#1644);
#1644 = DEFINITIONAL_REPRESENTATION('',(#1645),#1649);
#1645 = LINE('',#1646,#1647);
#1646 = CARTESIAN_POINT('',(-4.712388980385,0.));
#1647 = VECTOR('',#1648,1.);
#1648 = DIRECTION('',(-0.,1.));
#1649 = ( GEOMETRIC_REPRESENTATION_CONTEXT(2) 
PARAMETRIC_REPRESENTATION_CONTEXT() REPRESENTATION_CONTEXT('2D SPACE',''
  ) );
#1650 = PCURVE('',#1371,#1651);
#1651 = DEFINITIONAL_REPRESENTATION('',(#1652),#1656);
#1652 = LINE('',#1653,#1654);
#1653 = CARTESIAN_POINT('',(-4.712388980385,0.));
#1654 = VECTOR('',#1655,1.);
#1655 = DIRECTION('',(-0.,1.));
#1656 = ( GEOMETRIC_REPRESENTATION_CONTEXT(2) 
PARAMETRIC_REPRESENTATION_CONTEXT() REPRESENTATION_CONTEXT('2D SPACE',''
  ) );
#1657 = ORIENTED_EDGE('',*,*,#1658,.F.);
#1658 = EDGE_CURVE('',#1565,#1636,#1659,.T.);
#1659 = SURFACE_CURVE('',#1660,(#1665,#1672),.PCURVE_S1.);
#1660 = CIRCLE('',#1661,3.);
#1661 = AXIS2_PLACEMENT_3D('',#1662,#1663,#1664);
#1662 = CARTESIAN_POINT('',(-50.,0.,116.7));
#1663 = DIRECTION('',(0.,-1.,0.));
#1664 = DIRECTION('',(1.,0.,0.));
#1665 = PCURVE('',#1402,#1666);
#1666 = DEFINITIONAL_REPRESENTATION('',(#1667),#1671);
#1667 = LINE('',#1668,#1669);
#1668 = CARTESIAN_POINT('',(-0.,0.));
#1669 = VECTOR('',#1670,1.);
#1670 = DIRECTION('',(-1.,0.));
#1671 = ( GEOMETRIC_REPRESENTATION_CONTEXT(2) 
PARAMETRIC_REPRESENTATION_CONTEXT() REPRESENTATION_CONTEXT('2D SPACE',''
  ) );
#1672 = PCURVE('',#1520,#1673);
#1673 = DEFINITIONAL_REPRESENTATION('',(#1674),#1678);
#1674 = LINE('',#1675,#1676);
#1675 = CARTESIAN_POINT('',(0.,0.));
#1676 = VECTOR('',#1677,1.);
#1677 = DIRECTION('',(1.,0.));
#1678 = ( GEOMETRIC_REPRESENTATION_CONTEXT(2) 
PARAMETRIC_REPRESENTATION_CONTEXT() REPRESENTATION_CONTEXT('2D SPACE',''
  ) );
#1679 = ORIENTED_EDGE('',*,*,#1610,.F.);
#1680 = ADVANCED_FACE('',(#1681),#1371,.F.);
#1681 = FACE_BOUND('',#1682,.T.);
#1682 = EDGE_LOOP('',(#1683,#1684,#1707,#1729));
#1683 = ORIENTED_EDGE('',*,*,#1350,.F.);
#1684 = ORIENTED_EDGE('',*,*,#1685,.T.);
#1685 = EDGE_CURVE('',#1323,#1686,#1688,.T.);
#1686 = VERTEX_POINT('',#1687);
#1687 = CARTESIAN_POINT('',(-48.,0.,114.4639320225));
#1688 = SURFACE_CURVE('',#1689,(#1693,#1700),.PCURVE_S1.);
#1689 = LINE('',#1690,#1691);
#1690 = CARTESIAN_POINT('',(-48.,0.,114.4639320225));
#1691 = VECTOR('',#1692,1.);
#1692 = DIRECTION('',(-0.,1.,-0.));
#1693 = PCURVE('',#1371,#1694);
#1694 = DEFINITIONAL_REPRESENTATION('',(#1695),#1699);
#1695 = LINE('',#1696,#1697);
#1696 = CARTESIAN_POINT('',(-5.442116636612,0.));
#1697 = VECTOR('',#1698,1.);
#1698 = DIRECTION('',(-0.,1.));
#1699 = ( GEOMETRIC_REPRESENTATION_CONTEXT(2) 
PARAMETRIC_REPRESENTATION_CONTEXT() REPRESENTATION_CONTEXT('2D SPACE',''
  ) );
#1700 = PCURVE('',#1338,#1701);
#1701 = DEFINITIONAL_REPRESENTATION('',(#1702),#1706);
#1702 = LINE('',#1703,#1704);
#1703 = CARTESIAN_POINT('',(0.7639320225,0.));
#1704 = VECTOR('',#1705,1.);
#1705 = DIRECTION('',(0.,1.));
#1706 = ( GEOMETRIC_REPRESENTATION_CONTEXT(2) 
PARAMETRIC_REPRESENTATION_CONTEXT() REPRESENTATION_CONTEXT('2D SPACE',''
  ) );
#1707 = ORIENTED_EDGE('',*,*,#1708,.F.);
#1708 = EDGE_CURVE('',#1636,#1686,#1709,.T.);
#1709 = SURFACE_CURVE('',#1710,(#1715,#1722),.PCURVE_S1.);
#1710 = CIRCLE('',#1711,3.);
#1711 = AXIS2_PLACEMENT_3D('',#1712,#1713,#1714);
#1712 = CARTESIAN_POINT('',(-50.,0.,116.7));
#1713 = DIRECTION('',(0.,-1.,0.));
#1714 = DIRECTION('',(1.,0.,0.));
#1715 = PCURVE('',#1371,#1716);
#1716 = DEFINITIONAL_REPRESENTATION('',(#1717),#1721);
#1717 = LINE('',#1718,#1719);
#1718 = CARTESIAN_POINT('',(-0.,0.));
#1719 = VECTOR('',#1720,1.);
#1720 = DIRECTION('',(-1.,0.));
#1721 = ( GEOMETRIC_REPRESENTATION_CONTEXT(2) 
PARAMETRIC_REPRESENTATION_CONTEXT() REPRESENTATION_CONTEXT('2D SPACE',''
  ) );
#1722 = PCURVE('',#1491,#1723);
#1723 = DEFINITIONAL_REPRESENTATION('',(#1724),#1728);
#1724 = LINE('',#1725,#1726);
#1725 = CARTESIAN_POINT('',(0.,0.));
#1726 = VECTOR('',#1727,1.);
#1727 = DIRECTION('',(1.,0.));
#1728 = ( GEOMETRIC_REPRESENTATION_CONTEXT(2) 
PARAMETRIC_REPRESENTATION_CONTEXT() REPRESENTATION_CONTEXT('2D SPACE',''
  ) );
#1729 = ORIENTED_EDGE('',*,*,#1635,.F.);
#1730 = ADVANCED_FACE('',(#1731),#1338,.T.);
#1731 = FACE_BOUND('',#1732,.T.);
#1732 = EDGE_LOOP('',(#1733,#1734,#1735,#1758,#1779,#1780));
#1733 = ORIENTED_EDGE('',*,*,#1685,.F.);
#1734 = ORIENTED_EDGE('',*,*,#1322,.F.);
#1735 = ORIENTED_EDGE('',*,*,#1736,.T.);
#1736 = EDGE_CURVE('',#1290,#1737,#1739,.T.);
#1737 = VERTEX_POINT('',#1738);
#1738 = CARTESIAN_POINT('',(-48.,0.,118.9360679775));
#1739 = SURFACE_CURVE('',#1740,(#1744,#1751),.PCURVE_S1.);
#1740 = LINE('',#1741,#1742);
#1741 = CARTESIAN_POINT('',(-48.,0.,118.9360679775));
#1742 = VECTOR('',#1743,1.);
#1743 = DIRECTION('',(-0.,1.,-0.));
#1744 = PCURVE('',#1338,#1745);
#1745 = DEFINITIONAL_REPRESENTATION('',(#1746),#1750);
#1746 = LINE('',#1747,#1748);
#1747 = CARTESIAN_POINT('',(5.2360679775,0.));
#1748 = VECTOR('',#1749,1.);
#1749 = DIRECTION('',(0.,1.));
#1750 = ( GEOMETRIC_REPRESENTATION_CONTEXT(2) 
PARAMETRIC_REPRESENTATION_CONTEXT() REPRESENTATION_CONTEXT('2D SPACE',''
  ) );
#1751 = PCURVE('',#1310,#1752);
#1752 = DEFINITIONAL_REPRESENTATION('',(#1753),#1757);
#1753 = LINE('',#1754,#1755);
#1754 = CARTESIAN_POINT('',(-0.841068670568,0.));
#1755 = VECTOR('',#1756,1.);
#1756 = DIRECTION('',(-0.,1.));
#1757 = ( GEOMETRIC_REPRESENTATION_CONTEXT(2) 
PARAMETRIC_REPRESENTATION_CONTEXT() REPRESENTATION_CONTEXT('2D SPACE',''
  ) );
#1758 = ORIENTED_EDGE('',*,*,#1759,.F.);
#1759 = EDGE_CURVE('',#1421,#1737,#1760,.T.);
#1760 = SURFACE_CURVE('',#1761,(#1765,#1772),.PCURVE_S1.);
#1761 = LINE('',#1762,#1763);
#1762 = CARTESIAN_POINT('',(-48.,0.,118.9360679775));
#1763 = VECTOR('',#1764,1.);
#1764 = DIRECTION('',(0.,-1.,0.));
#1765 = PCURVE('',#1338,#1766);
#1766 = DEFINITIONAL_REPRESENTATION('',(#1767),#1771);
#1767 = LINE('',#1768,#1769);
#1768 = CARTESIAN_POINT('',(5.2360679775,0.));
#1769 = VECTOR('',#1770,1.);
#1770 = DIRECTION('',(0.,-1.));
#1771 = ( GEOMETRIC_REPRESENTATION_CONTEXT(2) 
PARAMETRIC_REPRESENTATION_CONTEXT() REPRESENTATION_CONTEXT('2D SPACE',''
  ) );
#1772 = PCURVE('',#1439,#1773);
#1773 = DEFINITIONAL_REPRESENTATION('',(#1774),#1778);
#1774 = LINE('',#1775,#1776);
#1775 = CARTESIAN_POINT('',(0.841068670568,0.));
#1776 = VECTOR('',#1777,1.);
#1777 = DIRECTION('',(0.,1.));
#1778 = ( GEOMETRIC_REPRESENTATION_CONTEXT(2) 
PARAMETRIC_REPRESENTATION_CONTEXT() REPRESENTATION_CONTEXT('2D SPACE',''
  ) );
#1779 = ORIENTED_EDGE('',*,*,#1451,.T.);
#1780 = ORIENTED_EDGE('',*,*,#1781,.T.);
#1781 = EDGE_CURVE('',#1452,#1686,#1782,.T.);
#1782 = SURFACE_CURVE('',#1783,(#1787,#1794),.PCURVE_S1.);
#1783 = LINE('',#1784,#1785);
#1784 = CARTESIAN_POINT('',(-48.,0.,114.4639320225));
#1785 = VECTOR('',#1786,1.);
#1786 = DIRECTION('',(0.,-1.,0.));
#1787 = PCURVE('',#1338,#1788);
#1788 = DEFINITIONAL_REPRESENTATION('',(#1789),#1793);
#1789 = LINE('',#1790,#1791);
#1790 = CARTESIAN_POINT('',(0.7639320225,0.));
#1791 = VECTOR('',#1792,1.);
#1792 = DIRECTION('',(0.,-1.));
#1793 = ( GEOMETRIC_REPRESENTATION_CONTEXT(2) 
PARAMETRIC_REPRESENTATION_CONTEXT() REPRESENTATION_CONTEXT('2D SPACE',''
  ) );
#1794 = PCURVE('',#1491,#1795);
#1795 = DEFINITIONAL_REPRESENTATION('',(#1796),#1800);
#1796 = LINE('',#1797,#1798);
#1797 = CARTESIAN_POINT('',(5.442116636612,0.));
#1798 = VECTOR('',#1799,1.);
#1799 = DIRECTION('',(0.,1.));
#1800 = ( GEOMETRIC_REPRESENTATION_CONTEXT(2) 
PARAMETRIC_REPRESENTATION_CONTEXT() REPRESENTATION_CONTEXT('2D SPACE',''
  ) );
#1801 = ADVANCED_FACE('',(#1802),#1310,.F.);
#1802 = FACE_BOUND('',#1803,.T.);
#1803 = EDGE_LOOP('',(#1804,#1826,#1827,#1828));
#1804 = ORIENTED_EDGE('',*,*,#1805,.F.);
#1805 = EDGE_CURVE('',#1737,#1563,#1806,.T.);
#1806 = SURFACE_CURVE('',#1807,(#1812,#1819),.PCURVE_S1.);
#1807 = CIRCLE('',#1808,3.);
#1808 = AXIS2_PLACEMENT_3D('',#1809,#1810,#1811);
#1809 = CARTESIAN_POINT('',(-50.,0.,116.7));
#1810 = DIRECTION('',(0.,-1.,0.));
#1811 = DIRECTION('',(1.,0.,0.));
#1812 = PCURVE('',#1310,#1813);
#1813 = DEFINITIONAL_REPRESENTATION('',(#1814),#1818);
#1814 = LINE('',#1815,#1816);
#1815 = CARTESIAN_POINT('',(-0.,0.));
#1816 = VECTOR('',#1817,1.);
#1817 = DIRECTION('',(-1.,0.));
#1818 = ( GEOMETRIC_REPRESENTATION_CONTEXT(2) 
PARAMETRIC_REPRESENTATION_CONTEXT() REPRESENTATION_CONTEXT('2D SPACE',''
  ) );
#1819 = PCURVE('',#1439,#1820);
#1820 = DEFINITIONAL_REPRESENTATION('',(#1821),#1825);
#1821 = LINE('',#1822,#1823);
#1822 = CARTESIAN_POINT('',(0.,0.));
#1823 = VECTOR('',#1824,1.);
#1824 = DIRECTION('',(1.,0.));
#1825 = ( GEOMETRIC_REPRESENTATION_CONTEXT(2) 
PARAMETRIC_REPRESENTATION_CONTEXT() REPRESENTATION_CONTEXT('2D SPACE',''
  ) );
#1826 = ORIENTED_EDGE('',*,*,#1736,.F.);
#1827 = ORIENTED_EDGE('',*,*,#1289,.F.);
#1828 = ORIENTED_EDGE('',*,*,#1588,.T.);
#1829 = ADVANCED_FACE('',(#1830),#1439,.F.);
#1830 = FACE_BOUND('',#1831,.F.);
#1831 = EDGE_LOOP('',(#1832,#1833,#1834,#1835));
#1832 = ORIENTED_EDGE('',*,*,#1805,.F.);
#1833 = ORIENTED_EDGE('',*,*,#1759,.F.);
#1834 = ORIENTED_EDGE('',*,*,#1420,.T.);
#1835 = ORIENTED_EDGE('',*,*,#1836,.T.);
#1836 = EDGE_CURVE('',#1423,#1563,#1837,.T.);
#1837 = SURFACE_CURVE('',#1838,(#1842,#1849),.PCURVE_S1.);
#1838 = LINE('',#1839,#1840);
#1839 = CARTESIAN_POINT('',(-50.,0.,119.7));
#1840 = VECTOR('',#1841,1.);
#1841 = DIRECTION('',(0.,-1.,0.));
#1842 = PCURVE('',#1439,#1843);
#1843 = DEFINITIONAL_REPRESENTATION('',(#1844),#1848);
#1844 = LINE('',#1845,#1846);
#1845 = CARTESIAN_POINT('',(1.570796326795,0.));
#1846 = VECTOR('',#1847,1.);
#1847 = DIRECTION('',(0.,1.));
#1848 = ( GEOMETRIC_REPRESENTATION_CONTEXT(2) 
PARAMETRIC_REPRESENTATION_CONTEXT() REPRESENTATION_CONTEXT('2D SPACE',''
  ) );
#1849 = PCURVE('',#1547,#1850);
#1850 = DEFINITIONAL_REPRESENTATION('',(#1851),#1855);
#1851 = LINE('',#1852,#1853);
#1852 = CARTESIAN_POINT('',(1.570796326795,0.));
#1853 = VECTOR('',#1854,1.);
#1854 = DIRECTION('',(0.,1.));
#1855 = ( GEOMETRIC_REPRESENTATION_CONTEXT(2) 
PARAMETRIC_REPRESENTATION_CONTEXT() REPRESENTATION_CONTEXT('2D SPACE',''
  ) );
#1856 = ADVANCED_FACE('',(#1857),#1547,.F.);
#1857 = FACE_BOUND('',#1858,.F.);
#1858 = EDGE_LOOP('',(#1859,#1860,#1861,#1862));
#1859 = ORIENTED_EDGE('',*,*,#1562,.F.);
#1860 = ORIENTED_EDGE('',*,*,#1836,.F.);
#1861 = ORIENTED_EDGE('',*,*,#1532,.T.);
#1862 = ORIENTED_EDGE('',*,*,#1863,.T.);
#1863 = EDGE_CURVE('',#1504,#1565,#1864,.T.);
#1864 = SURFACE_CURVE('',#1865,(#1869,#1876),.PCURVE_S1.);
#1865 = LINE('',#1866,#1867);
#1866 = CARTESIAN_POINT('',(-53.,0.,116.7));
#1867 = VECTOR('',#1868,1.);
#1868 = DIRECTION('',(0.,-1.,0.));
#1869 = PCURVE('',#1547,#1870);
#1870 = DEFINITIONAL_REPRESENTATION('',(#1871),#1875);
#1871 = LINE('',#1872,#1873);
#1872 = CARTESIAN_POINT('',(3.14159265359,0.));
#1873 = VECTOR('',#1874,1.);
#1874 = DIRECTION('',(0.,1.));
#1875 = ( GEOMETRIC_REPRESENTATION_CONTEXT(2) 
PARAMETRIC_REPRESENTATION_CONTEXT() REPRESENTATION_CONTEXT('2D SPACE',''
  ) );
#1876 = PCURVE('',#1520,#1877);
#1877 = DEFINITIONAL_REPRESENTATION('',(#1878),#1882);
#1878 = LINE('',#1879,#1880);
#1879 = CARTESIAN_POINT('',(3.14159265359,0.));
#1880 = VECTOR('',#1881,1.);
#1881 = DIRECTION('',(0.,1.));
#1882 = ( GEOMETRIC_REPRESENTATION_CONTEXT(2) 
PARAMETRIC_REPRESENTATION_CONTEXT() REPRESENTATION_CONTEXT('2D SPACE',''
  ) );
#1883 = ADVANCED_FACE('',(#1884),#1520,.F.);
#1884 = FACE_BOUND('',#1885,.F.);
#1885 = EDGE_LOOP('',(#1886,#1887,#1908,#1909));
#1886 = ORIENTED_EDGE('',*,*,#1503,.T.);
#1887 = ORIENTED_EDGE('',*,*,#1888,.T.);
#1888 = EDGE_CURVE('',#1475,#1636,#1889,.T.);
#1889 = SURFACE_CURVE('',#1890,(#1894,#1901),.PCURVE_S1.);
#1890 = LINE('',#1891,#1892);
#1891 = CARTESIAN_POINT('',(-50.,0.,113.7));
#1892 = VECTOR('',#1893,1.);
#1893 = DIRECTION('',(0.,-1.,0.));
#1894 = PCURVE('',#1520,#1895);
#1895 = DEFINITIONAL_REPRESENTATION('',(#1896),#1900);
#1896 = LINE('',#1897,#1898);
#1897 = CARTESIAN_POINT('',(4.712388980385,0.));
#1898 = VECTOR('',#1899,1.);
#1899 = DIRECTION('',(0.,1.));
#1900 = ( GEOMETRIC_REPRESENTATION_CONTEXT(2) 
PARAMETRIC_REPRESENTATION_CONTEXT() REPRESENTATION_CONTEXT('2D SPACE',''
  ) );
#1901 = PCURVE('',#1491,#1902);
#1902 = DEFINITIONAL_REPRESENTATION('',(#1903),#1907);
#1903 = LINE('',#1904,#1905);
#1904 = CARTESIAN_POINT('',(4.712388980385,0.));
#1905 = VECTOR('',#1906,1.);
#1906 = DIRECTION('',(0.,1.));
#1907 = ( GEOMETRIC_REPRESENTATION_CONTEXT(2) 
PARAMETRIC_REPRESENTATION_CONTEXT() REPRESENTATION_CONTEXT('2D SPACE',''
  ) );
#1908 = ORIENTED_EDGE('',*,*,#1658,.F.);
#1909 = ORIENTED_EDGE('',*,*,#1863,.F.);
#1910 = ADVANCED_FACE('',(#1911),#1491,.F.);
#1911 = FACE_BOUND('',#1912,.F.);
#1912 = EDGE_LOOP('',(#1913,#1914,#1915,#1916));
#1913 = ORIENTED_EDGE('',*,*,#1474,.T.);
#1914 = ORIENTED_EDGE('',*,*,#1781,.T.);
#1915 = ORIENTED_EDGE('',*,*,#1708,.F.);
#1916 = ORIENTED_EDGE('',*,*,#1888,.F.);
#1917 = ( GEOMETRIC_REPRESENTATION_CONTEXT(3) 
GLOBAL_UNCERTAINTY_ASSIGNED_CONTEXT((#1921)) 
GLOBAL_UNIT_ASSIGNED_CONTEXT((#1918,#1919,#1920)) REPRESENTATION_CONTEXT
('Context #1','3D Context with UNIT and UNCERTAINTY') );
#1918 = ( LENGTH_UNIT() NAMED_UNIT(*) SI_UNIT(.MILLI.,.METRE.) );
#1919 = ( NAMED_UNIT(*) PLANE_ANGLE_UNIT() SI_UNIT($,.RADIAN.) );
#1920 = ( NAMED_UNIT(*) SI_UNIT($,.STERADIAN.) SOLID_ANGLE_UNIT() );
#1921 = UNCERTAINTY_MEASURE_WITH_UNIT(LENGTH_MEASURE(1.E-07),#1918,
  'distance_accuracy_value','confusion accuracy');
#1922 = CONTEXT_DEPENDENT_SHAPE_REPRESENTATION(#1923,#1925);
#1923 = ( REPRESENTATION_RELATIONSHIP('','',#64,#10) 
REPRESENTATION_RELATIONSHIP_WITH_TRANSFORMATION(#1924) 
SHAPE_REPRESENTATION_RELATIONSHIP() );
#1924 = ITEM_DEFINED_TRANSFORMATION('','',#11,#15);
#1925 = PRODUCT_DEFINITION_SHAPE('Placement','Placement of an item',
  #1926);
#1926 = NEXT_ASSEMBLY_USAGE_OCCURRENCE('12','','',#5,#59,$);
#1927 = PRODUCT_RELATED_PRODUCT_CATEGORY('part',$,(#61));
#1928 = SHAPE_DEFINITION_REPRESENTATION(#1929,#1935);
#1929 = PRODUCT_DEFINITION_SHAPE('','',#1930);
#1930 = PRODUCT_DEFINITION('design','',#1931,#1934);
#1931 = PRODUCT_DEFINITION_FORMATION('','',#1932);
#1932 = PRODUCT('Open CASCADE STEP translator 7.9 3.2',
  'Open CASCADE STEP translator 7.9 3.2','',(#1933));
#1933 = PRODUCT_CONTEXT('',#2,'mechanical');
#1934 = PRODUCT_DEFINITION_CONTEXT('part definition',#2,'design');
#1935 = ADVANCED_BREP_SHAPE_REPRESENTATION('',(#11,#1936),#2089);
#1936 = MANIFOLD_SOLID_BREP('',#1937);
#1937 = CLOSED_SHELL('',(#1938,#2026,#2081,#2085));
#1938 = ADVANCED_FACE('',(#1939),#1953,.T.);
#1939 = FACE_BOUND('',#1940,.F.);
#1940 = EDGE_LOOP('',(#1941,#1971,#1998,#1999));
#1941 = ORIENTED_EDGE('',*,*,#1942,.T.);
#1942 = EDGE_CURVE('',#1943,#1945,#1947,.T.);
#1943 = VERTEX_POINT('',#1944);
#1944 = CARTESIAN_POINT('',(-47.,0.,116.7));
#1945 = VERTEX_POINT('',#1946);
#1946 = CARTESIAN_POINT('',(-47.,-50.,116.7));
#1947 = SEAM_CURVE('',#1948,(#1952,#1964),.PCURVE_S1.);
#1948 = LINE('',#1949,#1950);
#1949 = CARTESIAN_POINT('',(-47.,0.,116.7));
#1950 = VECTOR('',#1951,1.);
#1951 = DIRECTION('',(0.,-1.,0.));
#1952 = PCURVE('',#1953,#1958);
#1953 = CYLINDRICAL_SURFACE('',#1954,3.);
#1954 = AXIS2_PLACEMENT_3D('',#1955,#1956,#1957);
#1955 = CARTESIAN_POINT('',(-50.,0.,116.7));
#1956 = DIRECTION('',(-0.,1.,-0.));
#1957 = DIRECTION('',(1.,0.,0.));
#1958 = DEFINITIONAL_REPRESENTATION('',(#1959),#1963);
#1959 = LINE('',#1960,#1961);
#1960 = CARTESIAN_POINT('',(-0.,0.));
#1961 = VECTOR('',#1962,1.);
#1962 = DIRECTION('',(-0.,-1.));
#1963 = ( GEOMETRIC_REPRESENTATION_CONTEXT(2) 
PARAMETRIC_REPRESENTATION_CONTEXT() REPRESENTATION_CONTEXT('2D SPACE',''
  ) );
#1964 = PCURVE('',#1953,#1965);
#1965 = DEFINITIONAL_REPRESENTATION('',(#1966),#1970);
#1966 = LINE('',#1967,#1968);
#1967 = CARTESIAN_POINT('',(-6.28318530718,0.));
#1968 = VECTOR('',#1969,1.);
#1969 = DIRECTION('',(-0.,-1.));
#1970 = ( GEOMETRIC_REPRESENTATION_CONTEXT(2) 
PARAMETRIC_REPRESENTATION_CONTEXT() REPRESENTATION_CONTEXT('2D SPACE',''
  ) );
#1971 = ORIENTED_EDGE('',*,*,#1972,.T.);
#1972 = EDGE_CURVE('',#1945,#1945,#1973,.T.);
#1973 = SURFACE_CURVE('',#1974,(#1979,#1986),.PCURVE_S1.);
#1974 = CIRCLE('',#1975,3.);
#1975 = AXIS2_PLACEMENT_3D('',#1976,#1977,#1978);
#1976 = CARTESIAN_POINT('',(-50.,-50.,116.7));
#1977 = DIRECTION('',(0.,-1.,0.));
#1978 = DIRECTION('',(1.,0.,0.));
#1979 = PCURVE('',#1953,#1980);
#1980 = DEFINITIONAL_REPRESENTATION('',(#1981),#1985);
#1981 = LINE('',#1982,#1983);
#1982 = CARTESIAN_POINT('',(-0.,-50.));
#1983 = VECTOR('',#1984,1.);
#1984 = DIRECTION('',(-1.,0.));
#1985 = ( GEOMETRIC_REPRESENTATION_CONTEXT(2) 
PARAMETRIC_REPRESENTATION_CONTEXT() REPRESENTATION_CONTEXT('2D SPACE',''
  ) );
#1986 = PCURVE('',#1987,#1992);
#1987 = PLANE('',#1988);
#1988 = AXIS2_PLACEMENT_3D('',#1989,#1990,#1991);
#1989 = CARTESIAN_POINT('',(-50.,-50.,116.7));
#1990 = DIRECTION('',(-0.,-1.,-0.));
#1991 = DIRECTION('',(0.,0.,-1.));
#1992 = DEFINITIONAL_REPRESENTATION('',(#1993),#1997);
#1993 = CIRCLE('',#1994,3.);
#1994 = AXIS2_PLACEMENT_2D('',#1995,#1996);
#1995 = CARTESIAN_POINT('',(0.,0.));
#1996 = DIRECTION('',(0.,1.));
#1997 = ( GEOMETRIC_REPRESENTATION_CONTEXT(2) 
PARAMETRIC_REPRESENTATION_CONTEXT() REPRESENTATION_CONTEXT('2D SPACE',''
  ) );
#1998 = ORIENTED_EDGE('',*,*,#1942,.F.);
#1999 = ORIENTED_EDGE('',*,*,#2000,.F.);
#2000 = EDGE_CURVE('',#1943,#1943,#2001,.T.);
#2001 = SURFACE_CURVE('',#2002,(#2007,#2014),.PCURVE_S1.);
#2002 = CIRCLE('',#2003,3.);
#2003 = AXIS2_PLACEMENT_3D('',#2004,#2005,#2006);
#2004 = CARTESIAN_POINT('',(-50.,0.,116.7));
#2005 = DIRECTION('',(0.,-1.,0.));
#2006 = DIRECTION('',(1.,0.,0.));
#2007 = PCURVE('',#1953,#2008);
#2008 = DEFINITIONAL_REPRESENTATION('',(#2009),#2013);
#2009 = LINE('',#2010,#2011);
#2010 = CARTESIAN_POINT('',(-0.,0.));
#2011 = VECTOR('',#2012,1.);
#2012 = DIRECTION('',(-1.,0.));
#2013 = ( GEOMETRIC_REPRESENTATION_CONTEXT(2) 
PARAMETRIC_REPRESENTATION_CONTEXT() REPRESENTATION_CONTEXT('2D SPACE',''
  ) );
#2014 = PCURVE('',#2015,#2020);
#2015 = CYLINDRICAL_SURFACE('',#2016,3.);
#2016 = AXIS2_PLACEMENT_3D('',#2017,#2018,#2019);
#2017 = CARTESIAN_POINT('',(-50.,0.,116.7));
#2018 = DIRECTION('',(0.,-1.,0.));
#2019 = DIRECTION('',(1.,0.,0.));
#2020 = DEFINITIONAL_REPRESENTATION('',(#2021),#2025);
#2021 = LINE('',#2022,#2023);
#2022 = CARTESIAN_POINT('',(0.,0.));
#2023 = VECTOR('',#2024,1.);
#2024 = DIRECTION('',(1.,0.));
#2025 = ( GEOMETRIC_REPRESENTATION_CONTEXT(2) 
PARAMETRIC_REPRESENTATION_CONTEXT() REPRESENTATION_CONTEXT('2D SPACE',''
  ) );
#2026 = ADVANCED_FACE('',(#2027),#2015,.T.);
#2027 = FACE_BOUND('',#2028,.T.);
#2028 = EDGE_LOOP('',(#2029,#2052,#2079,#2080));
#2029 = ORIENTED_EDGE('',*,*,#2030,.T.);
#2030 = EDGE_CURVE('',#1943,#2031,#2033,.T.);
#2031 = VERTEX_POINT('',#2032);
#2032 = CARTESIAN_POINT('',(-47.,50.,116.7));
#2033 = SEAM_CURVE('',#2034,(#2038,#2045),.PCURVE_S1.);
#2034 = LINE('',#2035,#2036);
#2035 = CARTESIAN_POINT('',(-47.,0.,116.7));
#2036 = VECTOR('',#2037,1.);
#2037 = DIRECTION('',(-0.,1.,-0.));
#2038 = PCURVE('',#2015,#2039);
#2039 = DEFINITIONAL_REPRESENTATION('',(#2040),#2044);
#2040 = LINE('',#2041,#2042);
#2041 = CARTESIAN_POINT('',(0.,0.));
#2042 = VECTOR('',#2043,1.);
#2043 = DIRECTION('',(0.,-1.));
#2044 = ( GEOMETRIC_REPRESENTATION_CONTEXT(2) 
PARAMETRIC_REPRESENTATION_CONTEXT() REPRESENTATION_CONTEXT('2D SPACE',''
  ) );
#2045 = PCURVE('',#2015,#2046);
#2046 = DEFINITIONAL_REPRESENTATION('',(#2047),#2051);
#2047 = LINE('',#2048,#2049);
#2048 = CARTESIAN_POINT('',(6.28318530718,0.));
#2049 = VECTOR('',#2050,1.);
#2050 = DIRECTION('',(0.,-1.));
#2051 = ( GEOMETRIC_REPRESENTATION_CONTEXT(2) 
PARAMETRIC_REPRESENTATION_CONTEXT() REPRESENTATION_CONTEXT('2D SPACE',''
  ) );
#2052 = ORIENTED_EDGE('',*,*,#2053,.T.);
#2053 = EDGE_CURVE('',#2031,#2031,#2054,.T.);
#2054 = SURFACE_CURVE('',#2055,(#2060,#2067),.PCURVE_S1.);
#2055 = CIRCLE('',#2056,3.);
#2056 = AXIS2_PLACEMENT_3D('',#2057,#2058,#2059);
#2057 = CARTESIAN_POINT('',(-50.,50.,116.7));
#2058 = DIRECTION('',(0.,-1.,0.));
#2059 = DIRECTION('',(1.,0.,0.));
#2060 = PCURVE('',#2015,#2061);
#2061 = DEFINITIONAL_REPRESENTATION('',(#2062),#2066);
#2062 = LINE('',#2063,#2064);
#2063 = CARTESIAN_POINT('',(0.,-50.));
#2064 = VECTOR('',#2065,1.);
#2065 = DIRECTION('',(1.,0.));
#2066 = ( GEOMETRIC_REPRESENTATION_CONTEXT(2) 
PARAMETRIC_REPRESENTATION_CONTEXT() REPRESENTATION_CONTEXT('2D SPACE',''
  ) );
#2067 = PCURVE('',#2068,#2073);
#2068 = PLANE('',#2069);
#2069 = AXIS2_PLACEMENT_3D('',#2070,#2071,#2072);
#2070 = CARTESIAN_POINT('',(-50.,50.,116.7));
#2071 = DIRECTION('',(-0.,-1.,-0.));
#2072 = DIRECTION('',(0.,0.,-1.));
#2073 = DEFINITIONAL_REPRESENTATION('',(#2074),#2078);
#2074 = CIRCLE('',#2075,3.);
#2075 = AXIS2_PLACEMENT_2D('',#2076,#2077);
#2076 = CARTESIAN_POINT('',(0.,0.));
#2077 = DIRECTION('',(0.,1.));
#2078 = ( GEOMETRIC_REPRESENTATION_CONTEXT(2) 
PARAMETRIC_REPRESENTATION_CONTEXT() REPRESENTATION_CONTEXT('2D SPACE',''
  ) );
#2079 = ORIENTED_EDGE('',*,*,#2030,.F.);
#2080 = ORIENTED_EDGE('',*,*,#2000,.F.);
#2081 = ADVANCED_FACE('',(#2082),#1987,.T.);
#2082 = FACE_BOUND('',#2083,.T.);
#2083 = EDGE_LOOP('',(#2084));
#2084 = ORIENTED_EDGE('',*,*,#1972,.T.);
#2085 = ADVANCED_FACE('',(#2086),#2068,.F.);
#2086 = FACE_BOUND('',#2087,.F.);
#2087 = EDGE_LOOP('',(#2088));
#2088 = ORIENTED_EDGE('',*,*,#2053,.T.);
#2089 = ( GEOMETRIC_REPRESENTATION_CONTEXT(3) 
GLOBAL_UNCERTAINTY_ASSIGNED_CONTEXT((#2093)) 
GLOBAL_UNIT_ASSIGNED_CONTEXT((#2090,#2091,#2092)) REPRESENTATION_CONTEXT
('Context #1','3D Context with UNIT and UNCERTAINTY') );
#2090 = ( LENGTH_UNIT() NAMED_UNIT(*) SI_UNIT(.MILLI.,.METRE.) );
#2091 = ( NAMED_UNIT(*) PLANE_ANGLE_UNIT() SI_UNIT($,.RADIAN.) );
#2092 = ( NAMED_UNIT(*) SI_UNIT($,.STERADIAN.) SOLID_ANGLE_UNIT() );
#2093 = UNCERTAINTY_MEASURE_WITH_UNIT(LENGTH_MEASURE(1.E-07),#2090,
  'distance_accuracy_value','confusion accuracy');
#2094 = CONTEXT_DEPENDENT_SHAPE_REPRESENTATION(#2095,#2097);
#2095 = ( REPRESENTATION_RELATIONSHIP('','',#1935,#10) 
REPRESENTATION_RELATIONSHIP_WITH_TRANSFORMATION(#2096) 
SHAPE_REPRESENTATION_RELATIONSHIP() );
#2096 = ITEM_DEFINED_TRANSFORMATION('','',#11,#19);
#2097 = PRODUCT_DEFINITION_SHAPE('Placement','Placement of an item',
  #2098);
#2098 = NEXT_ASSEMBLY_USAGE_OCCURRENCE('13','','',#5,#1930,$);
#2099 = PRODUCT_RELATED_PRODUCT_CATEGORY('part',$,(#1932));
#2100 = SHAPE_DEFINITION_REPRESENTATION(#2101,#2107);
#2101 = PRODUCT_DEFINITION_SHAPE('','',#2102);
#2102 = PRODUCT_DEFINITION('design','',#2103,#2106);
#2103 = PRODUCT_DEFINITION_FORMATION('','',#2104);
#2104 = PRODUCT('Open CASCADE STEP translator 7.9 3.3',
  'Open CASCADE STEP translator 7.9 3.3','',(#2105));
#2105 = PRODUCT_CONTEXT('',#2,'mechanical');
#2106 = PRODUCT_DEFINITION_CONTEXT('part definition',#2,'design');
#2107 = ADVANCED_BREP_SHAPE_REPRESENTATION('',(#11,#2108),#2294);
#2108 = MANIFOLD_SOLID_BREP('',#2109);
#2109 = CLOSED_SHELL('',(#2110,#2198,#2233,#2267));
#2110 = ADVANCED_FACE('',(#2111),#2124,.T.);
#2111 = FACE_BOUND('',#2112,.T.);
#2112 = EDGE_LOOP('',(#2113,#2147,#2170,#2197));
#2113 = ORIENTED_EDGE('',*,*,#2114,.T.);
#2114 = EDGE_CURVE('',#2115,#2115,#2117,.T.);
#2115 = VERTEX_POINT('',#2116);
#2116 = CARTESIAN_POINT('',(-42.5,29.5,116.7));
#2117 = SURFACE_CURVE('',#2118,(#2123,#2135),.PCURVE_S1.);
#2118 = CIRCLE('',#2119,7.5);
#2119 = AXIS2_PLACEMENT_3D('',#2120,#2121,#2122);
#2120 = CARTESIAN_POINT('',(-50.,29.5,116.7));
#2121 = DIRECTION('',(0.,-1.,1.110223024625E-16));
#2122 = DIRECTION('',(1.,0.,0.));
#2123 = PCURVE('',#2124,#2129);
#2124 = CYLINDRICAL_SURFACE('',#2125,7.5);
#2125 = AXIS2_PLACEMENT_3D('',#2126,#2127,#2128);
#2126 = CARTESIAN_POINT('',(-50.,29.5,116.7));
#2127 = DIRECTION('',(-0.,1.,-1.110223024625E-16));
#2128 = DIRECTION('',(1.,0.,0.));
#2129 = DEFINITIONAL_REPRESENTATION('',(#2130),#2134);
#2130 = LINE('',#2131,#2132);
#2131 = CARTESIAN_POINT('',(6.28318530718,0.));
#2132 = VECTOR('',#2133,1.);
#2133 = DIRECTION('',(-1.,0.));
#2134 = ( GEOMETRIC_REPRESENTATION_CONTEXT(2) 
PARAMETRIC_REPRESENTATION_CONTEXT() REPRESENTATION_CONTEXT('2D SPACE',''
  ) );
#2135 = PCURVE('',#2136,#2141);
#2136 = PLANE('',#2137);
#2137 = AXIS2_PLACEMENT_3D('',#2138,#2139,#2140);
#2138 = CARTESIAN_POINT('',(-50.,29.5,116.7));
#2139 = DIRECTION('',(0.,-1.,1.110223024625E-16));
#2140 = DIRECTION('',(1.,0.,0.));
#2141 = DEFINITIONAL_REPRESENTATION('',(#2142),#2146);
#2142 = CIRCLE('',#2143,7.5);
#2143 = AXIS2_PLACEMENT_2D('',#2144,#2145);
#2144 = CARTESIAN_POINT('',(0.,0.));
#2145 = DIRECTION('',(1.,0.));
#2146 = ( GEOMETRIC_REPRESENTATION_CONTEXT(2) 
PARAMETRIC_REPRESENTATION_CONTEXT() REPRESENTATION_CONTEXT('2D SPACE',''
  ) );
#2147 = ORIENTED_EDGE('',*,*,#2148,.T.);
#2148 = EDGE_CURVE('',#2115,#2149,#2151,.T.);
#2149 = VERTEX_POINT('',#2150);
#2150 = CARTESIAN_POINT('',(-42.5,24.5,116.7));
#2151 = SEAM_CURVE('',#2152,(#2156,#2163),.PCURVE_S1.);
#2152 = LINE('',#2153,#2154);
#2153 = CARTESIAN_POINT('',(-42.5,29.5,116.7));
#2154 = VECTOR('',#2155,1.);
#2155 = DIRECTION('',(0.,-1.,1.110223024625E-16));
#2156 = PCURVE('',#2124,#2157);
#2157 = DEFINITIONAL_REPRESENTATION('',(#2158),#2162);
#2158 = LINE('',#2159,#2160);
#2159 = CARTESIAN_POINT('',(-4.138911435803E-13,0.));
#2160 = VECTOR('',#2161,1.);
#2161 = DIRECTION('',(-0.,-1.));
#2162 = ( GEOMETRIC_REPRESENTATION_CONTEXT(2) 
PARAMETRIC_REPRESENTATION_CONTEXT() REPRESENTATION_CONTEXT('2D SPACE',''
  ) );
#2163 = PCURVE('',#2124,#2164);
#2164 = DEFINITIONAL_REPRESENTATION('',(#2165),#2169);
#2165 = LINE('',#2166,#2167);
#2166 = CARTESIAN_POINT('',(6.28318530718,0.));
#2167 = VECTOR('',#2168,1.);
#2168 = DIRECTION('',(-0.,-1.));
#2169 = ( GEOMETRIC_REPRESENTATION_CONTEXT(2) 
PARAMETRIC_REPRESENTATION_CONTEXT() REPRESENTATION_CONTEXT('2D SPACE',''
  ) );
#2170 = ORIENTED_EDGE('',*,*,#2171,.F.);
#2171 = EDGE_CURVE('',#2149,#2149,#2172,.T.);
#2172 = SURFACE_CURVE('',#2173,(#2178,#2185),.PCURVE_S1.);
#2173 = CIRCLE('',#2174,7.5);
#2174 = AXIS2_PLACEMENT_3D('',#2175,#2176,#2177);
#2175 = CARTESIAN_POINT('',(-50.,24.5,116.7));
#2176 = DIRECTION('',(0.,-1.,1.110223024625E-16));
#2177 = DIRECTION('',(1.,0.,0.));
#2178 = PCURVE('',#2124,#2179);
#2179 = DEFINITIONAL_REPRESENTATION('',(#2180),#2184);
#2180 = LINE('',#2181,#2182);
#2181 = CARTESIAN_POINT('',(6.28318530718,-5.));
#2182 = VECTOR('',#2183,1.);
#2183 = DIRECTION('',(-1.,0.));
#2184 = ( GEOMETRIC_REPRESENTATION_CONTEXT(2) 
PARAMETRIC_REPRESENTATION_CONTEXT() REPRESENTATION_CONTEXT('2D SPACE',''
  ) );
#2185 = PCURVE('',#2186,#2191);
#2186 = PLANE('',#2187);
#2187 = AXIS2_PLACEMENT_3D('',#2188,#2189,#2190);
#2188 = CARTESIAN_POINT('',(-50.,24.5,116.7));
#2189 = DIRECTION('',(0.,-1.,1.110223024625E-16));
#2190 = DIRECTION('',(1.,0.,0.));
#2191 = DEFINITIONAL_REPRESENTATION('',(#2192),#2196);
#2192 = CIRCLE('',#2193,7.5);
#2193 = AXIS2_PLACEMENT_2D('',#2194,#2195);
#2194 = CARTESIAN_POINT('',(0.,0.));
#2195 = DIRECTION('',(1.,0.));
#2196 = ( GEOMETRIC_REPRESENTATION_CONTEXT(2) 
PARAMETRIC_REPRESENTATION_CONTEXT() REPRESENTATION_CONTEXT('2D SPACE',''
  ) );
#2197 = ORIENTED_EDGE('',*,*,#2148,.F.);
#2198 = ADVANCED_FACE('',(#2199,#2202),#2136,.F.);
#2199 = FACE_BOUND('',#2200,.F.);
#2200 = EDGE_LOOP('',(#2201));
#2201 = ORIENTED_EDGE('',*,*,#2114,.T.);
#2202 = FACE_BOUND('',#2203,.F.);
#2203 = EDGE_LOOP('',(#2204));
#2204 = ORIENTED_EDGE('',*,*,#2205,.F.);
#2205 = EDGE_CURVE('',#2206,#2206,#2208,.T.);
#2206 = VERTEX_POINT('',#2207);
#2207 = CARTESIAN_POINT('',(-47.,29.5,116.7));
#2208 = SURFACE_CURVE('',#2209,(#2214,#2221),.PCURVE_S1.);
#2209 = CIRCLE('',#2210,3.);
#2210 = AXIS2_PLACEMENT_3D('',#2211,#2212,#2213);
#2211 = CARTESIAN_POINT('',(-50.,29.5,116.7));
#2212 = DIRECTION('',(0.,-1.,1.110223024625E-16));
#2213 = DIRECTION('',(1.,0.,0.));
#2214 = PCURVE('',#2136,#2215);
#2215 = DEFINITIONAL_REPRESENTATION('',(#2216),#2220);
#2216 = CIRCLE('',#2217,3.);
#2217 = AXIS2_PLACEMENT_2D('',#2218,#2219);
#2218 = CARTESIAN_POINT('',(0.,0.));
#2219 = DIRECTION('',(1.,0.));
#2220 = ( GEOMETRIC_REPRESENTATION_CONTEXT(2) 
PARAMETRIC_REPRESENTATION_CONTEXT() REPRESENTATION_CONTEXT('2D SPACE',''
  ) );
#2221 = PCURVE('',#2222,#2227);
#2222 = CYLINDRICAL_SURFACE('',#2223,3.);
#2223 = AXIS2_PLACEMENT_3D('',#2224,#2225,#2226);
#2224 = CARTESIAN_POINT('',(-50.,29.5,116.7));
#2225 = DIRECTION('',(-0.,1.,-1.110223024625E-16));
#2226 = DIRECTION('',(1.,0.,0.));
#2227 = DEFINITIONAL_REPRESENTATION('',(#2228),#2232);
#2228 = LINE('',#2229,#2230);
#2229 = CARTESIAN_POINT('',(6.28318530718,0.));
#2230 = VECTOR('',#2231,1.);
#2231 = DIRECTION('',(-1.,0.));
#2232 = ( GEOMETRIC_REPRESENTATION_CONTEXT(2) 
PARAMETRIC_REPRESENTATION_CONTEXT() REPRESENTATION_CONTEXT('2D SPACE',''
  ) );
#2233 = ADVANCED_FACE('',(#2234,#2237),#2186,.T.);
#2234 = FACE_BOUND('',#2235,.T.);
#2235 = EDGE_LOOP('',(#2236));
#2236 = ORIENTED_EDGE('',*,*,#2171,.T.);
#2237 = FACE_BOUND('',#2238,.T.);
#2238 = EDGE_LOOP('',(#2239));
#2239 = ORIENTED_EDGE('',*,*,#2240,.T.);
#2240 = EDGE_CURVE('',#2241,#2241,#2243,.T.);
#2241 = VERTEX_POINT('',#2242);
#2242 = CARTESIAN_POINT('',(-47.,24.5,116.7));
#2243 = SURFACE_CURVE('',#2244,(#2249,#2260),.PCURVE_S1.);
#2244 = CIRCLE('',#2245,3.);
#2245 = AXIS2_PLACEMENT_3D('',#2246,#2247,#2248);
#2246 = CARTESIAN_POINT('',(-50.,24.5,116.7));
#2247 = DIRECTION('',(0.,1.,-1.110223024625E-16));
#2248 = DIRECTION('',(1.,0.,0.));
#2249 = PCURVE('',#2186,#2250);
#2250 = DEFINITIONAL_REPRESENTATION('',(#2251),#2259);
#2251 = ( BOUNDED_CURVE() B_SPLINE_CURVE(2,(#2252,#2253,#2254,#2255,
#2256,#2257,#2258),.UNSPECIFIED.,.T.,.F.) B_SPLINE_CURVE_WITH_KNOTS((1,2
    ,2,2,2,1),(-2.094395102393,0.,2.094395102393,4.188790204786,
6.28318530718,8.377580409573),.UNSPECIFIED.) CURVE() 
GEOMETRIC_REPRESENTATION_ITEM() RATIONAL_B_SPLINE_CURVE((1.,0.5,1.,0.5,
1.,0.5,1.)) REPRESENTATION_ITEM('') );
#2252 = CARTESIAN_POINT('',(3.,0.));
#2253 = CARTESIAN_POINT('',(3.,-5.196152422707));
#2254 = CARTESIAN_POINT('',(-1.5,-2.598076211353));
#2255 = CARTESIAN_POINT('',(-6.,-7.347880794884E-16));
#2256 = CARTESIAN_POINT('',(-1.5,2.598076211353));
#2257 = CARTESIAN_POINT('',(3.,5.196152422707));
#2258 = CARTESIAN_POINT('',(3.,0.));
#2259 = ( GEOMETRIC_REPRESENTATION_CONTEXT(2) 
PARAMETRIC_REPRESENTATION_CONTEXT() REPRESENTATION_CONTEXT('2D SPACE',''
  ) );
#2260 = PCURVE('',#2222,#2261);
#2261 = DEFINITIONAL_REPRESENTATION('',(#2262),#2266);
#2262 = LINE('',#2263,#2264);
#2263 = CARTESIAN_POINT('',(-4.138911435803E-13,-5.));
#2264 = VECTOR('',#2265,1.);
#2265 = DIRECTION('',(1.,-0.));
#2266 = ( GEOMETRIC_REPRESENTATION_CONTEXT(2) 
PARAMETRIC_REPRESENTATION_CONTEXT() REPRESENTATION_CONTEXT('2D SPACE',''
  ) );
#2267 = ADVANCED_FACE('',(#2268),#2222,.F.);
#2268 = FACE_BOUND('',#2269,.F.);
#2269 = EDGE_LOOP('',(#2270,#2291,#2292,#2293));
#2270 = ORIENTED_EDGE('',*,*,#2271,.T.);
#2271 = EDGE_CURVE('',#2206,#2241,#2272,.T.);
#2272 = SEAM_CURVE('',#2273,(#2277,#2284),.PCURVE_S1.);
#2273 = LINE('',#2274,#2275);
#2274 = CARTESIAN_POINT('',(-47.,29.5,116.7));
#2275 = VECTOR('',#2276,1.);
#2276 = DIRECTION('',(0.,-1.,1.110223024625E-16));
#2277 = PCURVE('',#2222,#2278);
#2278 = DEFINITIONAL_REPRESENTATION('',(#2279),#2283);
#2279 = LINE('',#2280,#2281);
#2280 = CARTESIAN_POINT('',(-4.138911435803E-13,0.));
#2281 = VECTOR('',#2282,1.);
#2282 = DIRECTION('',(-0.,-1.));
#2283 = ( GEOMETRIC_REPRESENTATION_CONTEXT(2) 
PARAMETRIC_REPRESENTATION_CONTEXT() REPRESENTATION_CONTEXT('2D SPACE',''
  ) );
#2284 = PCURVE('',#2222,#2285);
#2285 = DEFINITIONAL_REPRESENTATION('',(#2286),#2290);
#2286 = LINE('',#2287,#2288);
#2287 = CARTESIAN_POINT('',(6.28318530718,0.));
#2288 = VECTOR('',#2289,1.);
#2289 = DIRECTION('',(-0.,-1.));
#2290 = ( GEOMETRIC_REPRESENTATION_CONTEXT(2) 
PARAMETRIC_REPRESENTATION_CONTEXT() REPRESENTATION_CONTEXT('2D SPACE',''
  ) );
#2291 = ORIENTED_EDGE('',*,*,#2240,.T.);
#2292 = ORIENTED_EDGE('',*,*,#2271,.F.);
#2293 = ORIENTED_EDGE('',*,*,#2205,.T.);
#2294 = ( GEOMETRIC_REPRESENTATION_CONTEXT(3) 
GLOBAL_UNCERTAINTY_ASSIGNED_CONTEXT((#2298)) 
GLOBAL_UNIT_ASSIGNED_CONTEXT((#2295,#2296,#2297)) REPRESENTATION_CONTEXT
('Context #1','3D Context with UNIT and UNCERTAINTY') );
#2295 = ( LENGTH_UNIT() NAMED_UNIT(*) SI_UNIT(.MILLI.,.METRE.) );
#2296 = ( NAMED_UNIT(*) PLANE_ANGLE_UNIT() SI_UNIT($,.RADIAN.) );
#2297 = ( NAMED_UNIT(*) SI_UNIT($,.STERADIAN.) SOLID_ANGLE_UNIT() );
#2298 = UNCERTAINTY_MEASURE_WITH_UNIT(LENGTH_MEASURE(1.E-07),#2295,
  'distance_accuracy_value','confusion accuracy');
#2299 = CONTEXT_DEPENDENT_SHAPE_REPRESENTATION(#2300,#2302);
#2300 = ( REPRESENTATION_RELATIONSHIP('','',#2107,#10) 
REPRESENTATION_RELATIONSHIP_WITH_TRANSFORMATION(#2301) 
SHAPE_REPRESENTATION_RELATIONSHIP() );
#2301 = ITEM_DEFINED_TRANSFORMATION('','',#11,#23);
#2302 = PRODUCT_DEFINITION_SHAPE('Placement','Placement of an item',
  #2303);
#2303 = NEXT_ASSEMBLY_USAGE_OCCURRENCE('14','','',#5,#2102,$);
#2304 = PRODUCT_RELATED_PRODUCT_CATEGORY('part',$,(#2104));
#2305 = SHAPE_DEFINITION_REPRESENTATION(#2306,#2312);
#2306 = PRODUCT_DEFINITION_SHAPE('','',#2307);
#2307 = PRODUCT_DEFINITION('design','',#2308,#2311);
#2308 = PRODUCT_DEFINITION_FORMATION('','',#2309);
#2309 = PRODUCT('Open CASCADE STEP translator 7.9 3.4',
  'Open CASCADE STEP translator 7.9 3.4','',(#2310));
#2310 = PRODUCT_CONTEXT('',#2,'mechanical');
#2311 = PRODUCT_DEFINITION_CONTEXT('part definition',#2,'design');
#2312 = ADVANCED_BREP_SHAPE_REPRESENTATION('',(#11,#2313),#2499);
#2313 = MANIFOLD_SOLID_BREP('',#2314);
#2314 = CLOSED_SHELL('',(#2315,#2403,#2438,#2472));
#2315 = ADVANCED_FACE('',(#2316),#2329,.T.);
#2316 = FACE_BOUND('',#2317,.T.);
#2317 = EDGE_LOOP('',(#2318,#2352,#2375,#2402));
#2318 = ORIENTED_EDGE('',*,*,#2319,.T.);
#2319 = EDGE_CURVE('',#2320,#2320,#2322,.T.);
#2320 = VERTEX_POINT('',#2321);
#2321 = CARTESIAN_POINT('',(-42.5,-29.5,116.7));
#2322 = SURFACE_CURVE('',#2323,(#2328,#2340),.PCURVE_S1.);
#2323 = CIRCLE('',#2324,7.5);
#2324 = AXIS2_PLACEMENT_3D('',#2325,#2326,#2327);
#2325 = CARTESIAN_POINT('',(-50.,-29.5,116.7));
#2326 = DIRECTION('',(0.,-1.,1.110223024625E-16));
#2327 = DIRECTION('',(1.,0.,0.));
#2328 = PCURVE('',#2329,#2334);
#2329 = CYLINDRICAL_SURFACE('',#2330,7.5);
#2330 = AXIS2_PLACEMENT_3D('',#2331,#2332,#2333);
#2331 = CARTESIAN_POINT('',(-50.,-29.5,116.7));
#2332 = DIRECTION('',(-0.,1.,-1.110223024625E-16));
#2333 = DIRECTION('',(1.,0.,0.));
#2334 = DEFINITIONAL_REPRESENTATION('',(#2335),#2339);
#2335 = LINE('',#2336,#2337);
#2336 = CARTESIAN_POINT('',(6.28318530718,0.));
#2337 = VECTOR('',#2338,1.);
#2338 = DIRECTION('',(-1.,0.));
#2339 = ( GEOMETRIC_REPRESENTATION_CONTEXT(2) 
PARAMETRIC_REPRESENTATION_CONTEXT() REPRESENTATION_CONTEXT('2D SPACE',''
  ) );
#2340 = PCURVE('',#2341,#2346);
#2341 = PLANE('',#2342);
#2342 = AXIS2_PLACEMENT_3D('',#2343,#2344,#2345);
#2343 = CARTESIAN_POINT('',(-50.,-29.5,116.7));
#2344 = DIRECTION('',(0.,-1.,1.110223024625E-16));
#2345 = DIRECTION('',(1.,0.,0.));
#2346 = DEFINITIONAL_REPRESENTATION('',(#2347),#2351);
#2347 = CIRCLE('',#2348,7.5);
#2348 = AXIS2_PLACEMENT_2D('',#2349,#2350);
#2349 = CARTESIAN_POINT('',(0.,0.));
#2350 = DIRECTION('',(1.,0.));
#2351 = ( GEOMETRIC_REPRESENTATION_CONTEXT(2) 
PARAMETRIC_REPRESENTATION_CONTEXT() REPRESENTATION_CONTEXT('2D SPACE',''
  ) );
#2352 = ORIENTED_EDGE('',*,*,#2353,.T.);
#2353 = EDGE_CURVE('',#2320,#2354,#2356,.T.);
#2354 = VERTEX_POINT('',#2355);
#2355 = CARTESIAN_POINT('',(-42.5,-34.5,116.7));
#2356 = SEAM_CURVE('',#2357,(#2361,#2368),.PCURVE_S1.);
#2357 = LINE('',#2358,#2359);
#2358 = CARTESIAN_POINT('',(-42.5,-29.5,116.7));
#2359 = VECTOR('',#2360,1.);
#2360 = DIRECTION('',(0.,-1.,1.110223024625E-16));
#2361 = PCURVE('',#2329,#2362);
#2362 = DEFINITIONAL_REPRESENTATION('',(#2363),#2367);
#2363 = LINE('',#2364,#2365);
#2364 = CARTESIAN_POINT('',(-4.138911435803E-13,0.));
#2365 = VECTOR('',#2366,1.);
#2366 = DIRECTION('',(-0.,-1.));
#2367 = ( GEOMETRIC_REPRESENTATION_CONTEXT(2) 
PARAMETRIC_REPRESENTATION_CONTEXT() REPRESENTATION_CONTEXT('2D SPACE',''
  ) );
#2368 = PCURVE('',#2329,#2369);
#2369 = DEFINITIONAL_REPRESENTATION('',(#2370),#2374);
#2370 = LINE('',#2371,#2372);
#2371 = CARTESIAN_POINT('',(6.28318530718,0.));
#2372 = VECTOR('',#2373,1.);
#2373 = DIRECTION('',(-0.,-1.));
#2374 = ( GEOMETRIC_REPRESENTATION_CONTEXT(2) 
PARAMETRIC_REPRESENTATION_CONTEXT() REPRESENTATION_CONTEXT('2D SPACE',''
  ) );
#2375 = ORIENTED_EDGE('',*,*,#2376,.F.);
#2376 = EDGE_CURVE('',#2354,#2354,#2377,.T.);
#2377 = SURFACE_CURVE('',#2378,(#2383,#2390),.PCURVE_S1.);
#2378 = CIRCLE('',#2379,7.5);
#2379 = AXIS2_PLACEMENT_3D('',#2380,#2381,#2382);
#2380 = CARTESIAN_POINT('',(-50.,-34.5,116.7));
#2381 = DIRECTION('',(0.,-1.,1.110223024625E-16));
#2382 = DIRECTION('',(1.,0.,0.));
#2383 = PCURVE('',#2329,#2384);
#2384 = DEFINITIONAL_REPRESENTATION('',(#2385),#2389);
#2385 = LINE('',#2386,#2387);
#2386 = CARTESIAN_POINT('',(6.28318530718,-5.));
#2387 = VECTOR('',#2388,1.);
#2388 = DIRECTION('',(-1.,0.));
#2389 = ( GEOMETRIC_REPRESENTATION_CONTEXT(2) 
PARAMETRIC_REPRESENTATION_CONTEXT() REPRESENTATION_CONTEXT('2D SPACE',''
  ) );
#2390 = PCURVE('',#2391,#2396);
#2391 = PLANE('',#2392);
#2392 = AXIS2_PLACEMENT_3D('',#2393,#2394,#2395);
#2393 = CARTESIAN_POINT('',(-50.,-34.5,116.7));
#2394 = DIRECTION('',(0.,-1.,1.110223024625E-16));
#2395 = DIRECTION('',(1.,0.,0.));
#2396 = DEFINITIONAL_REPRESENTATION('',(#2397),#2401);
#2397 = CIRCLE('',#2398,7.5);
#2398 = AXIS2_PLACEMENT_2D('',#2399,#2400);
#2399 = CARTESIAN_POINT('',(0.,0.));
#2400 = DIRECTION('',(1.,0.));
#2401 = ( GEOMETRIC_REPRESENTATION_CONTEXT(2) 
PARAMETRIC_REPRESENTATION_CONTEXT() REPRESENTATION_CONTEXT('2D SPACE',''
  ) );
#2402 = ORIENTED_EDGE('',*,*,#2353,.F.);
#2403 = ADVANCED_FACE('',(#2404,#2407),#2341,.F.);
#2404 = FACE_BOUND('',#2405,.F.);
#2405 = EDGE_LOOP('',(#2406));
#2406 = ORIENTED_EDGE('',*,*,#2319,.T.);
#2407 = FACE_BOUND('',#2408,.F.);
#2408 = EDGE_LOOP('',(#2409));
#2409 = ORIENTED_EDGE('',*,*,#2410,.F.);
#2410 = EDGE_CURVE('',#2411,#2411,#2413,.T.);
#2411 = VERTEX_POINT('',#2412);
#2412 = CARTESIAN_POINT('',(-47.,-29.5,116.7));
#2413 = SURFACE_CURVE('',#2414,(#2419,#2426),.PCURVE_S1.);
#2414 = CIRCLE('',#2415,3.);
#2415 = AXIS2_PLACEMENT_3D('',#2416,#2417,#2418);
#2416 = CARTESIAN_POINT('',(-50.,-29.5,116.7));
#2417 = DIRECTION('',(0.,-1.,1.110223024625E-16));
#2418 = DIRECTION('',(1.,0.,0.));
#2419 = PCURVE('',#2341,#2420);
#2420 = DEFINITIONAL_REPRESENTATION('',(#2421),#2425);
#2421 = CIRCLE('',#2422,3.);
#2422 = AXIS2_PLACEMENT_2D('',#2423,#2424);
#2423 = CARTESIAN_POINT('',(0.,0.));
#2424 = DIRECTION('',(1.,0.));
#2425 = ( GEOMETRIC_REPRESENTATION_CONTEXT(2) 
PARAMETRIC_REPRESENTATION_CONTEXT() REPRESENTATION_CONTEXT('2D SPACE',''
  ) );
#2426 = PCURVE('',#2427,#2432);
#2427 = CYLINDRICAL_SURFACE('',#2428,3.);
#2428 = AXIS2_PLACEMENT_3D('',#2429,#2430,#2431);
#2429 = CARTESIAN_POINT('',(-50.,-29.5,116.7));
#2430 = DIRECTION('',(-0.,1.,-1.110223024625E-16));
#2431 = DIRECTION('',(1.,0.,0.));
#2432 = DEFINITIONAL_REPRESENTATION('',(#2433),#2437);
#2433 = LINE('',#2434,#2435);
#2434 = CARTESIAN_POINT('',(6.28318530718,0.));
#2435 = VECTOR('',#2436,1.);
#2436 = DIRECTION('',(-1.,0.));
#2437 = ( GEOMETRIC_REPRESENTATION_CONTEXT(2) 
PARAMETRIC_REPRESENTATION_CONTEXT() REPRESENTATION_CONTEXT('2D SPACE',''
  ) );
#2438 = ADVANCED_FACE('',(#2439,#2442),#2391,.T.);
#2439 = FACE_BOUND('',#2440,.T.);
#2440 = EDGE_LOOP('',(#2441));
#2441 = ORIENTED_EDGE('',*,*,#2376,.T.);
#2442 = FACE_BOUND('',#2443,.T.);
#2443 = EDGE_LOOP('',(#2444));
#2444 = ORIENTED_EDGE('',*,*,#2445,.T.);
#2445 = EDGE_CURVE('',#2446,#2446,#2448,.T.);
#2446 = VERTEX_POINT('',#2447);
#2447 = CARTESIAN_POINT('',(-47.,-34.5,116.7));
#2448 = SURFACE_CURVE('',#2449,(#2454,#2465),.PCURVE_S1.);
#2449 = CIRCLE('',#2450,3.);
#2450 = AXIS2_PLACEMENT_3D('',#2451,#2452,#2453);
#2451 = CARTESIAN_POINT('',(-50.,-34.5,116.7));
#2452 = DIRECTION('',(0.,1.,-1.110223024625E-16));
#2453 = DIRECTION('',(1.,0.,0.));
#2454 = PCURVE('',#2391,#2455);
#2455 = DEFINITIONAL_REPRESENTATION('',(#2456),#2464);
#2456 = ( BOUNDED_CURVE() B_SPLINE_CURVE(2,(#2457,#2458,#2459,#2460,
#2461,#2462,#2463),.UNSPECIFIED.,.T.,.F.) B_SPLINE_CURVE_WITH_KNOTS((1,2
    ,2,2,2,1),(-2.094395102393,0.,2.094395102393,4.188790204786,
6.28318530718,8.377580409573),.UNSPECIFIED.) CURVE() 
GEOMETRIC_REPRESENTATION_ITEM() RATIONAL_B_SPLINE_CURVE((1.,0.5,1.,0.5,
1.,0.5,1.)) REPRESENTATION_ITEM('') );
#2457 = CARTESIAN_POINT('',(3.,0.));
#2458 = CARTESIAN_POINT('',(3.,-5.196152422707));
#2459 = CARTESIAN_POINT('',(-1.5,-2.598076211353));
#2460 = CARTESIAN_POINT('',(-6.,-7.347880794884E-16));
#2461 = CARTESIAN_POINT('',(-1.5,2.598076211353));
#2462 = CARTESIAN_POINT('',(3.,5.196152422707));
#2463 = CARTESIAN_POINT('',(3.,0.));
#2464 = ( GEOMETRIC_REPRESENTATION_CONTEXT(2) 
PARAMETRIC_REPRESENTATION_CONTEXT() REPRESENTATION_CONTEXT('2D SPACE',''
  ) );
#2465 = PCURVE('',#2427,#2466);
#2466 = DEFINITIONAL_REPRESENTATION('',(#2467),#2471);
#2467 = LINE('',#2468,#2469);
#2468 = CARTESIAN_POINT('',(-4.138911435803E-13,-5.));
#2469 = VECTOR('',#2470,1.);
#2470 = DIRECTION('',(1.,-0.));
#2471 = ( GEOMETRIC_REPRESENTATION_CONTEXT(2) 
PARAMETRIC_REPRESENTATION_CONTEXT() REPRESENTATION_CONTEXT('2D SPACE',''
  ) );
#2472 = ADVANCED_FACE('',(#2473),#2427,.F.);
#2473 = FACE_BOUND('',#2474,.F.);
#2474 = EDGE_LOOP('',(#2475,#2496,#2497,#2498));
#2475 = ORIENTED_EDGE('',*,*,#2476,.T.);
#2476 = EDGE_CURVE('',#2411,#2446,#2477,.T.);
#2477 = SEAM_CURVE('',#2478,(#2482,#2489),.PCURVE_S1.);
#2478 = LINE('',#2479,#2480);
#2479 = CARTESIAN_POINT('',(-47.,-29.5,116.7));
#2480 = VECTOR('',#2481,1.);
#2481 = DIRECTION('',(0.,-1.,1.110223024625E-16));
#2482 = PCURVE('',#2427,#2483);
#2483 = DEFINITIONAL_REPRESENTATION('',(#2484),#2488);
#2484 = LINE('',#2485,#2486);
#2485 = CARTESIAN_POINT('',(-4.138911435803E-13,0.));
#2486 = VECTOR('',#2487,1.);
#2487 = DIRECTION('',(-0.,-1.));
#2488 = ( GEOMETRIC_REPRESENTATION_CONTEXT(2) 
PARAMETRIC_REPRESENTATION_CONTEXT() REPRESENTATION_CONTEXT('2D SPACE',''
  ) );
#2489 = PCURVE('',#2427,#2490);
#2490 = DEFINITIONAL_REPRESENTATION('',(#2491),#2495);
#2491 = LINE('',#2492,#2493);
#2492 = CARTESIAN_POINT('',(6.28318530718,0.));
#2493 = VECTOR('',#2494,1.);
#2494 = DIRECTION('',(-0.,-1.));
#2495 = ( GEOMETRIC_REPRESENTATION_CONTEXT(2) 
PARAMETRIC_REPRESENTATION_CONTEXT() REPRESENTATION_CONTEXT('2D SPACE',''
  ) );
#2496 = ORIENTED_EDGE('',*,*,#2445,.T.);
#2497 = ORIENTED_EDGE('',*,*,#2476,.F.);
#2498 = ORIENTED_EDGE('',*,*,#2410,.T.);
#2499 = ( GEOMETRIC_REPRESENTATION_CONTEXT(3) 
GLOBAL_UNCERTAINTY_ASSIGNED_CONTEXT((#2503)) 
GLOBAL_UNIT_ASSIGNED_CONTEXT((#2500,#2501,#2502)) REPRESENTATION_CONTEXT
('Context #1','3D Context with UNIT and UNCERTAINTY') );
#2500 = ( LENGTH_UNIT() NAMED_UNIT(*) SI_UNIT(.MILLI.,.METRE.) );
#2501 = ( NAMED_UNIT(*) PLANE_ANGLE_UNIT() SI_UNIT($,.RADIAN.) );
#2502 = ( NAMED_UNIT(*) SI_UNIT($,.STERADIAN.) SOLID_ANGLE_UNIT() );
#2503 = UNCERTAINTY_MEASURE_WITH_UNIT(LENGTH_MEASURE(1.E-07),#2500,
  'distance_accuracy_value','confusion accuracy');
#2504 = CONTEXT_DEPENDENT_SHAPE_REPRESENTATION(#2505,#2507);
#2505 = ( REPRESENTATION_RELATIONSHIP('','',#2312,#10) 
REPRESENTATION_RELATIONSHIP_WITH_TRANSFORMATION(#2506) 
SHAPE_REPRESENTATION_RELATIONSHIP() );
#2506 = ITEM_DEFINED_TRANSFORMATION('','',#11,#27);
#2507 = PRODUCT_DEFINITION_SHAPE('Placement','Placement of an item',
  #2508);
#2508 = NEXT_ASSEMBLY_USAGE_OCCURRENCE('15','','',#5,#2307,$);
#2509 = PRODUCT_RELATED_PRODUCT_CATEGORY('part',$,(#2309));
#2510 = SHAPE_DEFINITION_REPRESENTATION(#2511,#2517);
#2511 = PRODUCT_DEFINITION_SHAPE('','',#2512);
#2512 = PRODUCT_DEFINITION('design','',#2513,#2516);
#2513 = PRODUCT_DEFINITION_FORMATION('','',#2514);
#2514 = PRODUCT('Open CASCADE STEP translator 7.9 3.5',
  'Open CASCADE STEP translator 7.9 3.5','',(#2515));
#2515 = PRODUCT_CONTEXT('',#2,'mechanical');
#2516 = PRODUCT_DEFINITION_CONTEXT('part definition',#2,'design');
#2517 = ADVANCED_BREP_SHAPE_REPRESENTATION('',(#11,#2518),#2980);
#2518 = MANIFOLD_SOLID_BREP('',#2519);
#2519 = CLOSED_SHELL('',(#2520,#2608,#2748,#2872,#2899,#2926,#2953));
#2520 = ADVANCED_FACE('',(#2521),#2534,.T.);
#2521 = FACE_BOUND('',#2522,.T.);
#2522 = EDGE_LOOP('',(#2523,#2557,#2580,#2607));
#2523 = ORIENTED_EDGE('',*,*,#2524,.T.);
#2524 = EDGE_CURVE('',#2525,#2525,#2527,.T.);
#2525 = VERTEX_POINT('',#2526);
#2526 = CARTESIAN_POINT('',(-34.,34.5,116.7));
#2527 = SURFACE_CURVE('',#2528,(#2533,#2545),.PCURVE_S1.);
#2528 = CIRCLE('',#2529,16.);
#2529 = AXIS2_PLACEMENT_3D('',#2530,#2531,#2532);
#2530 = CARTESIAN_POINT('',(-50.,34.5,116.7));
#2531 = DIRECTION('',(0.,-1.,1.110223024625E-16));
#2532 = DIRECTION('',(1.,0.,0.));
#2533 = PCURVE('',#2534,#2539);
#2534 = CYLINDRICAL_SURFACE('',#2535,16.);
#2535 = AXIS2_PLACEMENT_3D('',#2536,#2537,#2538);
#2536 = CARTESIAN_POINT('',(-50.,34.5,116.7));
#2537 = DIRECTION('',(-0.,1.,-1.110223024625E-16));
#2538 = DIRECTION('',(1.,0.,0.));
#2539 = DEFINITIONAL_REPRESENTATION('',(#2540),#2544);
#2540 = LINE('',#2541,#2542);
#2541 = CARTESIAN_POINT('',(6.28318530718,0.));
#2542 = VECTOR('',#2543,1.);
#2543 = DIRECTION('',(-1.,0.));
#2544 = ( GEOMETRIC_REPRESENTATION_CONTEXT(2) 
PARAMETRIC_REPRESENTATION_CONTEXT() REPRESENTATION_CONTEXT('2D SPACE',''
  ) );
#2545 = PCURVE('',#2546,#2551);
#2546 = PLANE('',#2547);
#2547 = AXIS2_PLACEMENT_3D('',#2548,#2549,#2550);
#2548 = CARTESIAN_POINT('',(-50.,34.5,116.7));
#2549 = DIRECTION('',(0.,-1.,1.110223024625E-16));
#2550 = DIRECTION('',(1.,0.,0.));
#2551 = DEFINITIONAL_REPRESENTATION('',(#2552),#2556);
#2552 = CIRCLE('',#2553,16.);
#2553 = AXIS2_PLACEMENT_2D('',#2554,#2555);
#2554 = CARTESIAN_POINT('',(0.,0.));
#2555 = DIRECTION('',(1.,0.));
#2556 = ( GEOMETRIC_REPRESENTATION_CONTEXT(2) 
PARAMETRIC_REPRESENTATION_CONTEXT() REPRESENTATION_CONTEXT('2D SPACE',''
  ) );
#2557 = ORIENTED_EDGE('',*,*,#2558,.T.);
#2558 = EDGE_CURVE('',#2525,#2559,#2561,.T.);
#2559 = VERTEX_POINT('',#2560);
#2560 = CARTESIAN_POINT('',(-34.,31.5,116.7));
#2561 = SEAM_CURVE('',#2562,(#2566,#2573),.PCURVE_S1.);
#2562 = LINE('',#2563,#2564);
#2563 = CARTESIAN_POINT('',(-34.,34.5,116.7));
#2564 = VECTOR('',#2565,1.);
#2565 = DIRECTION('',(0.,-1.,1.110223024625E-16));
#2566 = PCURVE('',#2534,#2567);
#2567 = DEFINITIONAL_REPRESENTATION('',(#2568),#2572);
#2568 = LINE('',#2569,#2570);
#2569 = CARTESIAN_POINT('',(-4.138911435803E-13,0.));
#2570 = VECTOR('',#2571,1.);
#2571 = DIRECTION('',(-0.,-1.));
#2572 = ( GEOMETRIC_REPRESENTATION_CONTEXT(2) 
PARAMETRIC_REPRESENTATION_CONTEXT() REPRESENTATION_CONTEXT('2D SPACE',''
  ) );
#2573 = PCURVE('',#2534,#2574);
#2574 = DEFINITIONAL_REPRESENTATION('',(#2575),#2579);
#2575 = LINE('',#2576,#2577);
#2576 = CARTESIAN_POINT('',(6.28318530718,0.));
#2577 = VECTOR('',#2578,1.);
#2578 = DIRECTION('',(-0.,-1.));
#2579 = ( GEOMETRIC_REPRESENTATION_CONTEXT(2) 
PARAMETRIC_REPRESENTATION_CONTEXT() REPRESENTATION_CONTEXT('2D SPACE',''
  ) );
#2580 = ORIENTED_EDGE('',*,*,#2581,.F.);
#2581 = EDGE_CURVE('',#2559,#2559,#2582,.T.);
#2582 = SURFACE_CURVE('',#2583,(#2588,#2595),.PCURVE_S1.);
#2583 = CIRCLE('',#2584,16.);
#2584 = AXIS2_PLACEMENT_3D('',#2585,#2586,#2587);
#2585 = CARTESIAN_POINT('',(-50.,31.5,116.7));
#2586 = DIRECTION('',(0.,-1.,1.110223024625E-16));
#2587 = DIRECTION('',(1.,0.,0.));
#2588 = PCURVE('',#2534,#2589);
#2589 = DEFINITIONAL_REPRESENTATION('',(#2590),#2594);
#2590 = LINE('',#2591,#2592);
#2591 = CARTESIAN_POINT('',(6.28318530718,-3.));
#2592 = VECTOR('',#2593,1.);
#2593 = DIRECTION('',(-1.,0.));
#2594 = ( GEOMETRIC_REPRESENTATION_CONTEXT(2) 
PARAMETRIC_REPRESENTATION_CONTEXT() REPRESENTATION_CONTEXT('2D SPACE',''
  ) );
#2595 = PCURVE('',#2596,#2601);
#2596 = PLANE('',#2597);
#2597 = AXIS2_PLACEMENT_3D('',#2598,#2599,#2600);
#2598 = CARTESIAN_POINT('',(-50.,31.5,116.7));
#2599 = DIRECTION('',(0.,-1.,1.110223024625E-16));
#2600 = DIRECTION('',(1.,0.,0.));
#2601 = DEFINITIONAL_REPRESENTATION('',(#2602),#2606);
#2602 = CIRCLE('',#2603,16.);
#2603 = AXIS2_PLACEMENT_2D('',#2604,#2605);
#2604 = CARTESIAN_POINT('',(0.,0.));
#2605 = DIRECTION('',(1.,0.));
#2606 = ( GEOMETRIC_REPRESENTATION_CONTEXT(2) 
PARAMETRIC_REPRESENTATION_CONTEXT() REPRESENTATION_CONTEXT('2D SPACE',''
  ) );
#2607 = ORIENTED_EDGE('',*,*,#2558,.F.);
#2608 = ADVANCED_FACE('',(#2609,#2612,#2647,#2678,#2713),#2546,.F.);
#2609 = FACE_BOUND('',#2610,.F.);
#2610 = EDGE_LOOP('',(#2611));
#2611 = ORIENTED_EDGE('',*,*,#2524,.T.);
#2612 = FACE_BOUND('',#2613,.F.);
#2613 = EDGE_LOOP('',(#2614));
#2614 = ORIENTED_EDGE('',*,*,#2615,.T.);
#2615 = EDGE_CURVE('',#2616,#2616,#2618,.T.);
#2616 = VERTEX_POINT('',#2617);
#2617 = CARTESIAN_POINT('',(-57.7,34.5,106.30769515459));
#2618 = SURFACE_CURVE('',#2619,(#2624,#2635),.PCURVE_S1.);
#2619 = CIRCLE('',#2620,1.7);
#2620 = AXIS2_PLACEMENT_3D('',#2621,#2622,#2623);
#2621 = CARTESIAN_POINT('',(-56.,34.5,106.30769515459));
#2622 = DIRECTION('',(0.,1.,-1.110223024625E-16));
#2623 = DIRECTION('',(-1.,0.,0.));
#2624 = PCURVE('',#2546,#2625);
#2625 = DEFINITIONAL_REPRESENTATION('',(#2626),#2634);
#2626 = ( BOUNDED_CURVE() B_SPLINE_CURVE(2,(#2627,#2628,#2629,#2630,
#2631,#2632,#2633),.UNSPECIFIED.,.T.,.F.) B_SPLINE_CURVE_WITH_KNOTS((1,2
    ,2,2,2,1),(-2.094395102393,0.,2.094395102393,4.188790204786,
6.28318530718,8.377580409573),.UNSPECIFIED.) CURVE() 
GEOMETRIC_REPRESENTATION_ITEM() RATIONAL_B_SPLINE_CURVE((1.,0.5,1.,0.5,
1.,0.5,1.)) REPRESENTATION_ITEM('') );
#2627 = CARTESIAN_POINT('',(-7.7,-10.39230484541));
#2628 = CARTESIAN_POINT('',(-7.7,-7.447818472543));
#2629 = CARTESIAN_POINT('',(-5.15,-8.920061658976));
#2630 = CARTESIAN_POINT('',(-2.6,-10.39230484541));
#2631 = CARTESIAN_POINT('',(-5.15,-11.86454803184));
#2632 = CARTESIAN_POINT('',(-7.7,-13.33679121827));
#2633 = CARTESIAN_POINT('',(-7.7,-10.39230484541));
#2634 = ( GEOMETRIC_REPRESENTATION_CONTEXT(2) 
PARAMETRIC_REPRESENTATION_CONTEXT() REPRESENTATION_CONTEXT('2D SPACE',''
  ) );
#2635 = PCURVE('',#2636,#2641);
#2636 = CYLINDRICAL_SURFACE('',#2637,1.7);
#2637 = AXIS2_PLACEMENT_3D('',#2638,#2639,#2640);
#2638 = CARTESIAN_POINT('',(-56.,31.5,106.30769515459));
#2639 = DIRECTION('',(0.,1.,-1.110223024625E-16));
#2640 = DIRECTION('',(-1.,0.,0.));
#2641 = DEFINITIONAL_REPRESENTATION('',(#2642),#2646);
#2642 = LINE('',#2643,#2644);
#2643 = CARTESIAN_POINT('',(0.,3.));
#2644 = VECTOR('',#2645,1.);
#2645 = DIRECTION('',(1.,0.));
#2646 = ( GEOMETRIC_REPRESENTATION_CONTEXT(2) 
PARAMETRIC_REPRESENTATION_CONTEXT() REPRESENTATION_CONTEXT('2D SPACE',''
  ) );
#2647 = FACE_BOUND('',#2648,.F.);
#2648 = EDGE_LOOP('',(#2649));
#2649 = ORIENTED_EDGE('',*,*,#2650,.F.);
#2650 = EDGE_CURVE('',#2651,#2651,#2653,.T.);
#2651 = VERTEX_POINT('',#2652);
#2652 = CARTESIAN_POINT('',(-46.,34.5,116.7));
#2653 = SURFACE_CURVE('',#2654,(#2659,#2666),.PCURVE_S1.);
#2654 = CIRCLE('',#2655,4.);
#2655 = AXIS2_PLACEMENT_3D('',#2656,#2657,#2658);
#2656 = CARTESIAN_POINT('',(-50.,34.5,116.7));
#2657 = DIRECTION('',(0.,-1.,1.110223024625E-16));
#2658 = DIRECTION('',(1.,0.,0.));
#2659 = PCURVE('',#2546,#2660);
#2660 = DEFINITIONAL_REPRESENTATION('',(#2661),#2665);
#2661 = CIRCLE('',#2662,4.);
#2662 = AXIS2_PLACEMENT_2D('',#2663,#2664);
#2663 = CARTESIAN_POINT('',(0.,0.));
#2664 = DIRECTION('',(1.,0.));
#2665 = ( GEOMETRIC_REPRESENTATION_CONTEXT(2) 
PARAMETRIC_REPRESENTATION_CONTEXT() REPRESENTATION_CONTEXT('2D SPACE',''
  ) );
#2666 = PCURVE('',#2667,#2672);
#2667 = CYLINDRICAL_SURFACE('',#2668,4.);
#2668 = AXIS2_PLACEMENT_3D('',#2669,#2670,#2671);
#2669 = CARTESIAN_POINT('',(-50.,34.5,116.7));
#2670 = DIRECTION('',(-0.,1.,-1.110223024625E-16));
#2671 = DIRECTION('',(1.,0.,0.));
#2672 = DEFINITIONAL_REPRESENTATION('',(#2673),#2677);
#2673 = LINE('',#2674,#2675);
#2674 = CARTESIAN_POINT('',(6.28318530718,0.));
#2675 = VECTOR('',#2676,1.);
#2676 = DIRECTION('',(-1.,0.));
#2677 = ( GEOMETRIC_REPRESENTATION_CONTEXT(2) 
PARAMETRIC_REPRESENTATION_CONTEXT() REPRESENTATION_CONTEXT('2D SPACE',''
  ) );
#2678 = FACE_BOUND('',#2679,.F.);
#2679 = EDGE_LOOP('',(#2680));
#2680 = ORIENTED_EDGE('',*,*,#2681,.T.);
#2681 = EDGE_CURVE('',#2682,#2682,#2684,.T.);
#2682 = VERTEX_POINT('',#2683);
#2683 = CARTESIAN_POINT('',(-39.7,34.5,116.7));
#2684 = SURFACE_CURVE('',#2685,(#2690,#2701),.PCURVE_S1.);
#2685 = CIRCLE('',#2686,1.7);
#2686 = AXIS2_PLACEMENT_3D('',#2687,#2688,#2689);
#2687 = CARTESIAN_POINT('',(-38.,34.5,116.7));
#2688 = DIRECTION('',(0.,1.,-1.110223024625E-16));
#2689 = DIRECTION('',(-1.,0.,0.));
#2690 = PCURVE('',#2546,#2691);
#2691 = DEFINITIONAL_REPRESENTATION('',(#2692),#2700);
#2692 = ( BOUNDED_CURVE() B_SPLINE_CURVE(2,(#2693,#2694,#2695,#2696,
#2697,#2698,#2699),.UNSPECIFIED.,.T.,.F.) B_SPLINE_CURVE_WITH_KNOTS((1,2
    ,2,2,2,1),(-2.094395102393,0.,2.094395102393,4.188790204786,
6.28318530718,8.377580409573),.UNSPECIFIED.) CURVE() 
GEOMETRIC_REPRESENTATION_ITEM() RATIONAL_B_SPLINE_CURVE((1.,0.5,1.,0.5,
1.,0.5,1.)) REPRESENTATION_ITEM('') );
#2693 = CARTESIAN_POINT('',(10.3,0.));
#2694 = CARTESIAN_POINT('',(10.3,2.944486372867));
#2695 = CARTESIAN_POINT('',(12.85,1.472243186434));
#2696 = CARTESIAN_POINT('',(15.4,4.163799117101E-16));
#2697 = CARTESIAN_POINT('',(12.85,-1.472243186434));
#2698 = CARTESIAN_POINT('',(10.3,-2.944486372867));
#2699 = CARTESIAN_POINT('',(10.3,0.));
#2700 = ( GEOMETRIC_REPRESENTATION_CONTEXT(2) 
PARAMETRIC_REPRESENTATION_CONTEXT() REPRESENTATION_CONTEXT('2D SPACE',''
  ) );
#2701 = PCURVE('',#2702,#2707);
#2702 = CYLINDRICAL_SURFACE('',#2703,1.7);
#2703 = AXIS2_PLACEMENT_3D('',#2704,#2705,#2706);
#2704 = CARTESIAN_POINT('',(-38.,31.5,116.7));
#2705 = DIRECTION('',(0.,1.,-1.110223024625E-16));
#2706 = DIRECTION('',(-1.,0.,0.));
#2707 = DEFINITIONAL_REPRESENTATION('',(#2708),#2712);
#2708 = LINE('',#2709,#2710);
#2709 = CARTESIAN_POINT('',(0.,3.));
#2710 = VECTOR('',#2711,1.);
#2711 = DIRECTION('',(1.,0.));
#2712 = ( GEOMETRIC_REPRESENTATION_CONTEXT(2) 
PARAMETRIC_REPRESENTATION_CONTEXT() REPRESENTATION_CONTEXT('2D SPACE',''
  ) );
#2713 = FACE_BOUND('',#2714,.F.);
#2714 = EDGE_LOOP('',(#2715));
#2715 = ORIENTED_EDGE('',*,*,#2716,.T.);
#2716 = EDGE_CURVE('',#2717,#2717,#2719,.T.);
#2717 = VERTEX_POINT('',#2718);
#2718 = CARTESIAN_POINT('',(-57.7,34.5,127.09230484541));
#2719 = SURFACE_CURVE('',#2720,(#2725,#2736),.PCURVE_S1.);
#2720 = CIRCLE('',#2721,1.7);
#2721 = AXIS2_PLACEMENT_3D('',#2722,#2723,#2724);
#2722 = CARTESIAN_POINT('',(-56.,34.5,127.09230484541));
#2723 = DIRECTION('',(0.,1.,-1.110223024625E-16));
#2724 = DIRECTION('',(-1.,0.,0.));
#2725 = PCURVE('',#2546,#2726);
#2726 = DEFINITIONAL_REPRESENTATION('',(#2727),#2735);
#2727 = ( BOUNDED_CURVE() B_SPLINE_CURVE(2,(#2728,#2729,#2730,#2731,
#2732,#2733,#2734),.UNSPECIFIED.,.T.,.F.) B_SPLINE_CURVE_WITH_KNOTS((1,2
    ,2,2,2,1),(-2.094395102393,0.,2.094395102393,4.188790204786,
6.28318530718,8.377580409573),.UNSPECIFIED.) CURVE() 
GEOMETRIC_REPRESENTATION_ITEM() RATIONAL_B_SPLINE_CURVE((1.,0.5,1.,0.5,
1.,0.5,1.)) REPRESENTATION_ITEM('') );
#2728 = CARTESIAN_POINT('',(-7.7,10.392304845413));
#2729 = CARTESIAN_POINT('',(-7.7,13.33679121828));
#2730 = CARTESIAN_POINT('',(-5.15,11.864548031847));
#2731 = CARTESIAN_POINT('',(-2.6,10.392304845413));
#2732 = CARTESIAN_POINT('',(-5.15,8.920061658979));
#2733 = CARTESIAN_POINT('',(-7.7,7.447818472546));
#2734 = CARTESIAN_POINT('',(-7.7,10.392304845413));
#2735 = ( GEOMETRIC_REPRESENTATION_CONTEXT(2) 
PARAMETRIC_REPRESENTATION_CONTEXT() REPRESENTATION_CONTEXT('2D SPACE',''
  ) );
#2736 = PCURVE('',#2737,#2742);
#2737 = CYLINDRICAL_SURFACE('',#2738,1.7);
#2738 = AXIS2_PLACEMENT_3D('',#2739,#2740,#2741);
#2739 = CARTESIAN_POINT('',(-56.,31.5,127.09230484541));
#2740 = DIRECTION('',(0.,1.,-1.110223024625E-16));
#2741 = DIRECTION('',(-1.,0.,0.));
#2742 = DEFINITIONAL_REPRESENTATION('',(#2743),#2747);
#2743 = LINE('',#2744,#2745);
#2744 = CARTESIAN_POINT('',(0.,3.));
#2745 = VECTOR('',#2746,1.);
#2746 = DIRECTION('',(1.,0.));
#2747 = ( GEOMETRIC_REPRESENTATION_CONTEXT(2) 
PARAMETRIC_REPRESENTATION_CONTEXT() REPRESENTATION_CONTEXT('2D SPACE',''
  ) );
#2748 = ADVANCED_FACE('',(#2749,#2752,#2782,#2812,#2842),#2596,.T.);
#2749 = FACE_BOUND('',#2750,.T.);
#2750 = EDGE_LOOP('',(#2751));
#2751 = ORIENTED_EDGE('',*,*,#2581,.T.);
#2752 = FACE_BOUND('',#2753,.T.);
#2753 = EDGE_LOOP('',(#2754));
#2754 = ORIENTED_EDGE('',*,*,#2755,.T.);
#2755 = EDGE_CURVE('',#2756,#2756,#2758,.T.);
#2756 = VERTEX_POINT('',#2757);
#2757 = CARTESIAN_POINT('',(-57.7,31.5,106.30769515459));
#2758 = SURFACE_CURVE('',#2759,(#2764,#2775),.PCURVE_S1.);
#2759 = CIRCLE('',#2760,1.7);
#2760 = AXIS2_PLACEMENT_3D('',#2761,#2762,#2763);
#2761 = CARTESIAN_POINT('',(-56.,31.5,106.30769515459));
#2762 = DIRECTION('',(0.,1.,-1.110223024625E-16));
#2763 = DIRECTION('',(-1.,0.,0.));
#2764 = PCURVE('',#2596,#2765);
#2765 = DEFINITIONAL_REPRESENTATION('',(#2766),#2774);
#2766 = ( BOUNDED_CURVE() B_SPLINE_CURVE(2,(#2767,#2768,#2769,#2770,
#2771,#2772,#2773),.UNSPECIFIED.,.T.,.F.) B_SPLINE_CURVE_WITH_KNOTS((1,2
    ,2,2,2,1),(-2.094395102393,0.,2.094395102393,4.188790204786,
6.28318530718,8.377580409573),.UNSPECIFIED.) CURVE() 
GEOMETRIC_REPRESENTATION_ITEM() RATIONAL_B_SPLINE_CURVE((1.,0.5,1.,0.5,
1.,0.5,1.)) REPRESENTATION_ITEM('') );
#2767 = CARTESIAN_POINT('',(-7.7,-10.39230484541));
#2768 = CARTESIAN_POINT('',(-7.7,-7.447818472543));
#2769 = CARTESIAN_POINT('',(-5.15,-8.920061658976));
#2770 = CARTESIAN_POINT('',(-2.6,-10.39230484541));
#2771 = CARTESIAN_POINT('',(-5.15,-11.86454803184));
#2772 = CARTESIAN_POINT('',(-7.7,-13.33679121827));
#2773 = CARTESIAN_POINT('',(-7.7,-10.39230484541));
#2774 = ( GEOMETRIC_REPRESENTATION_CONTEXT(2) 
PARAMETRIC_REPRESENTATION_CONTEXT() REPRESENTATION_CONTEXT('2D SPACE',''
  ) );
#2775 = PCURVE('',#2636,#2776);
#2776 = DEFINITIONAL_REPRESENTATION('',(#2777),#2781);
#2777 = LINE('',#2778,#2779);
#2778 = CARTESIAN_POINT('',(0.,0.));
#2779 = VECTOR('',#2780,1.);
#2780 = DIRECTION('',(1.,0.));
#2781 = ( GEOMETRIC_REPRESENTATION_CONTEXT(2) 
PARAMETRIC_REPRESENTATION_CONTEXT() REPRESENTATION_CONTEXT('2D SPACE',''
  ) );
#2782 = FACE_BOUND('',#2783,.T.);
#2783 = EDGE_LOOP('',(#2784));
#2784 = ORIENTED_EDGE('',*,*,#2785,.T.);
#2785 = EDGE_CURVE('',#2786,#2786,#2788,.T.);
#2786 = VERTEX_POINT('',#2787);
#2787 = CARTESIAN_POINT('',(-46.,31.5,116.7));
#2788 = SURFACE_CURVE('',#2789,(#2794,#2805),.PCURVE_S1.);
#2789 = CIRCLE('',#2790,4.);
#2790 = AXIS2_PLACEMENT_3D('',#2791,#2792,#2793);
#2791 = CARTESIAN_POINT('',(-50.,31.5,116.7));
#2792 = DIRECTION('',(0.,1.,-1.110223024625E-16));
#2793 = DIRECTION('',(1.,0.,0.));
#2794 = PCURVE('',#2596,#2795);
#2795 = DEFINITIONAL_REPRESENTATION('',(#2796),#2804);
#2796 = ( BOUNDED_CURVE() B_SPLINE_CURVE(2,(#2797,#2798,#2799,#2800,
#2801,#2802,#2803),.UNSPECIFIED.,.T.,.F.) B_SPLINE_CURVE_WITH_KNOTS((1,2
    ,2,2,2,1),(-2.094395102393,0.,2.094395102393,4.188790204786,
6.28318530718,8.377580409573),.UNSPECIFIED.) CURVE() 
GEOMETRIC_REPRESENTATION_ITEM() RATIONAL_B_SPLINE_CURVE((1.,0.5,1.,0.5,
1.,0.5,1.)) REPRESENTATION_ITEM('') );
#2797 = CARTESIAN_POINT('',(4.,0.));
#2798 = CARTESIAN_POINT('',(4.,-6.928203230276));
#2799 = CARTESIAN_POINT('',(-2.,-3.464101615138));
#2800 = CARTESIAN_POINT('',(-8.,-9.797174393179E-16));
#2801 = CARTESIAN_POINT('',(-2.,3.464101615138));
#2802 = CARTESIAN_POINT('',(4.,6.928203230276));
#2803 = CARTESIAN_POINT('',(4.,0.));
#2804 = ( GEOMETRIC_REPRESENTATION_CONTEXT(2) 
PARAMETRIC_REPRESENTATION_CONTEXT() REPRESENTATION_CONTEXT('2D SPACE',''
  ) );
#2805 = PCURVE('',#2667,#2806);
#2806 = DEFINITIONAL_REPRESENTATION('',(#2807),#2811);
#2807 = LINE('',#2808,#2809);
#2808 = CARTESIAN_POINT('',(-4.138911435803E-13,-3.));
#2809 = VECTOR('',#2810,1.);
#2810 = DIRECTION('',(1.,-0.));
#2811 = ( GEOMETRIC_REPRESENTATION_CONTEXT(2) 
PARAMETRIC_REPRESENTATION_CONTEXT() REPRESENTATION_CONTEXT('2D SPACE',''
  ) );
#2812 = FACE_BOUND('',#2813,.T.);
#2813 = EDGE_LOOP('',(#2814));
#2814 = ORIENTED_EDGE('',*,*,#2815,.T.);
#2815 = EDGE_CURVE('',#2816,#2816,#2818,.T.);
#2816 = VERTEX_POINT('',#2817);
#2817 = CARTESIAN_POINT('',(-39.7,31.5,116.7));
#2818 = SURFACE_CURVE('',#2819,(#2824,#2835),.PCURVE_S1.);
#2819 = CIRCLE('',#2820,1.7);
#2820 = AXIS2_PLACEMENT_3D('',#2821,#2822,#2823);
#2821 = CARTESIAN_POINT('',(-38.,31.5,116.7));
#2822 = DIRECTION('',(0.,1.,-1.110223024625E-16));
#2823 = DIRECTION('',(-1.,0.,0.));
#2824 = PCURVE('',#2596,#2825);
#2825 = DEFINITIONAL_REPRESENTATION('',(#2826),#2834);
#2826 = ( BOUNDED_CURVE() B_SPLINE_CURVE(2,(#2827,#2828,#2829,#2830,
#2831,#2832,#2833),.UNSPECIFIED.,.T.,.F.) B_SPLINE_CURVE_WITH_KNOTS((1,2
    ,2,2,2,1),(-2.094395102393,0.,2.094395102393,4.188790204786,
6.28318530718,8.377580409573),.UNSPECIFIED.) CURVE() 
GEOMETRIC_REPRESENTATION_ITEM() RATIONAL_B_SPLINE_CURVE((1.,0.5,1.,0.5,
1.,0.5,1.)) REPRESENTATION_ITEM('') );
#2827 = CARTESIAN_POINT('',(10.3,0.));
#2828 = CARTESIAN_POINT('',(10.3,2.944486372867));
#2829 = CARTESIAN_POINT('',(12.85,1.472243186434));
#2830 = CARTESIAN_POINT('',(15.4,4.163799117101E-16));
#2831 = CARTESIAN_POINT('',(12.85,-1.472243186434));
#2832 = CARTESIAN_POINT('',(10.3,-2.944486372867));
#2833 = CARTESIAN_POINT('',(10.3,0.));
#2834 = ( GEOMETRIC_REPRESENTATION_CONTEXT(2) 
PARAMETRIC_REPRESENTATION_CONTEXT() REPRESENTATION_CONTEXT('2D SPACE',''
  ) );
#2835 = PCURVE('',#2702,#2836);
#2836 = DEFINITIONAL_REPRESENTATION('',(#2837),#2841);
#2837 = LINE('',#2838,#2839);
#2838 = CARTESIAN_POINT('',(0.,0.));
#2839 = VECTOR('',#2840,1.);
#2840 = DIRECTION('',(1.,0.));
#2841 = ( GEOMETRIC_REPRESENTATION_CONTEXT(2) 
PARAMETRIC_REPRESENTATION_CONTEXT() REPRESENTATION_CONTEXT('2D SPACE',''
  ) );
#2842 = FACE_BOUND('',#2843,.T.);
#2843 = EDGE_LOOP('',(#2844));
#2844 = ORIENTED_EDGE('',*,*,#2845,.T.);
#2845 = EDGE_CURVE('',#2846,#2846,#2848,.T.);
#2846 = VERTEX_POINT('',#2847);
#2847 = CARTESIAN_POINT('',(-57.7,31.5,127.09230484541));
#2848 = SURFACE_CURVE('',#2849,(#2854,#2865),.PCURVE_S1.);
#2849 = CIRCLE('',#2850,1.7);
#2850 = AXIS2_PLACEMENT_3D('',#2851,#2852,#2853);
#2851 = CARTESIAN_POINT('',(-56.,31.5,127.09230484541));
#2852 = DIRECTION('',(0.,1.,-1.110223024625E-16));
#2853 = DIRECTION('',(-1.,0.,0.));
#2854 = PCURVE('',#2596,#2855);
#2855 = DEFINITIONAL_REPRESENTATION('',(#2856),#2864);
#2856 = ( BOUNDED_CURVE() B_SPLINE_CURVE(2,(#2857,#2858,#2859,#2860,
#2861,#2862,#2863),.UNSPECIFIED.,.T.,.F.) B_SPLINE_CURVE_WITH_KNOTS((1,2
    ,2,2,2,1),(-2.094395102393,0.,2.094395102393,4.188790204786,
6.28318530718,8.377580409573),.UNSPECIFIED.) CURVE() 
GEOMETRIC_REPRESENTATION_ITEM() RATIONAL_B_SPLINE_CURVE((1.,0.5,1.,0.5,
1.,0.5,1.)) REPRESENTATION_ITEM('') );
#2857 = CARTESIAN_POINT('',(-7.7,10.392304845413));
#2858 = CARTESIAN_POINT('',(-7.7,13.33679121828));
#2859 = CARTESIAN_POINT('',(-5.15,11.864548031847));
#2860 = CARTESIAN_POINT('',(-2.6,10.392304845413));
#2861 = CARTESIAN_POINT('',(-5.15,8.920061658979));
#2862 = CARTESIAN_POINT('',(-7.7,7.447818472546));
#2863 = CARTESIAN_POINT('',(-7.7,10.392304845413));
#2864 = ( GEOMETRIC_REPRESENTATION_CONTEXT(2) 
PARAMETRIC_REPRESENTATION_CONTEXT() REPRESENTATION_CONTEXT('2D SPACE',''
  ) );
#2865 = PCURVE('',#2737,#2866);
#2866 = DEFINITIONAL_REPRESENTATION('',(#2867),#2871);
#2867 = LINE('',#2868,#2869);
#2868 = CARTESIAN_POINT('',(0.,0.));
#2869 = VECTOR('',#2870,1.);
#2870 = DIRECTION('',(1.,0.));
#2871 = ( GEOMETRIC_REPRESENTATION_CONTEXT(2) 
PARAMETRIC_REPRESENTATION_CONTEXT() REPRESENTATION_CONTEXT('2D SPACE',''
  ) );
#2872 = ADVANCED_FACE('',(#2873),#2636,.F.);
#2873 = FACE_BOUND('',#2874,.F.);
#2874 = EDGE_LOOP('',(#2875,#2876,#2897,#2898));
#2875 = ORIENTED_EDGE('',*,*,#2615,.F.);
#2876 = ORIENTED_EDGE('',*,*,#2877,.F.);
#2877 = EDGE_CURVE('',#2756,#2616,#2878,.T.);
#2878 = SEAM_CURVE('',#2879,(#2883,#2890),.PCURVE_S1.);
#2879 = LINE('',#2880,#2881);
#2880 = CARTESIAN_POINT('',(-57.7,31.5,106.30769515459));
#2881 = VECTOR('',#2882,1.);
#2882 = DIRECTION('',(0.,1.,-1.110223024625E-16));
#2883 = PCURVE('',#2636,#2884);
#2884 = DEFINITIONAL_REPRESENTATION('',(#2885),#2889);
#2885 = LINE('',#2886,#2887);
#2886 = CARTESIAN_POINT('',(0.,-0.));
#2887 = VECTOR('',#2888,1.);
#2888 = DIRECTION('',(0.,1.));
#2889 = ( GEOMETRIC_REPRESENTATION_CONTEXT(2) 
PARAMETRIC_REPRESENTATION_CONTEXT() REPRESENTATION_CONTEXT('2D SPACE',''
  ) );
#2890 = PCURVE('',#2636,#2891);
#2891 = DEFINITIONAL_REPRESENTATION('',(#2892),#2896);
#2892 = LINE('',#2893,#2894);
#2893 = CARTESIAN_POINT('',(6.28318530718,-0.));
#2894 = VECTOR('',#2895,1.);
#2895 = DIRECTION('',(0.,1.));
#2896 = ( GEOMETRIC_REPRESENTATION_CONTEXT(2) 
PARAMETRIC_REPRESENTATION_CONTEXT() REPRESENTATION_CONTEXT('2D SPACE',''
  ) );
#2897 = ORIENTED_EDGE('',*,*,#2755,.T.);
#2898 = ORIENTED_EDGE('',*,*,#2877,.T.);
#2899 = ADVANCED_FACE('',(#2900),#2667,.F.);
#2900 = FACE_BOUND('',#2901,.F.);
#2901 = EDGE_LOOP('',(#2902,#2923,#2924,#2925));
#2902 = ORIENTED_EDGE('',*,*,#2903,.T.);
#2903 = EDGE_CURVE('',#2651,#2786,#2904,.T.);
#2904 = SEAM_CURVE('',#2905,(#2909,#2916),.PCURVE_S1.);
#2905 = LINE('',#2906,#2907);
#2906 = CARTESIAN_POINT('',(-46.,34.5,116.7));
#2907 = VECTOR('',#2908,1.);
#2908 = DIRECTION('',(0.,-1.,1.110223024625E-16));
#2909 = PCURVE('',#2667,#2910);
#2910 = DEFINITIONAL_REPRESENTATION('',(#2911),#2915);
#2911 = LINE('',#2912,#2913);
#2912 = CARTESIAN_POINT('',(-4.138911435803E-13,0.));
#2913 = VECTOR('',#2914,1.);
#2914 = DIRECTION('',(-0.,-1.));
#2915 = ( GEOMETRIC_REPRESENTATION_CONTEXT(2) 
PARAMETRIC_REPRESENTATION_CONTEXT() REPRESENTATION_CONTEXT('2D SPACE',''
  ) );
#2916 = PCURVE('',#2667,#2917);
#2917 = DEFINITIONAL_REPRESENTATION('',(#2918),#2922);
#2918 = LINE('',#2919,#2920);
#2919 = CARTESIAN_POINT('',(6.28318530718,0.));
#2920 = VECTOR('',#2921,1.);
#2921 = DIRECTION('',(-0.,-1.));
#2922 = ( GEOMETRIC_REPRESENTATION_CONTEXT(2) 
PARAMETRIC_REPRESENTATION_CONTEXT() REPRESENTATION_CONTEXT('2D SPACE',''
  ) );
#2923 = ORIENTED_EDGE('',*,*,#2785,.T.);
#2924 = ORIENTED_EDGE('',*,*,#2903,.F.);
#2925 = ORIENTED_EDGE('',*,*,#2650,.T.);
#2926 = ADVANCED_FACE('',(#2927),#2702,.F.);
#2927 = FACE_BOUND('',#2928,.F.);
#2928 = EDGE_LOOP('',(#2929,#2930,#2951,#2952));
#2929 = ORIENTED_EDGE('',*,*,#2681,.F.);
#2930 = ORIENTED_EDGE('',*,*,#2931,.F.);
#2931 = EDGE_CURVE('',#2816,#2682,#2932,.T.);
#2932 = SEAM_CURVE('',#2933,(#2937,#2944),.PCURVE_S1.);
#2933 = LINE('',#2934,#2935);
#2934 = CARTESIAN_POINT('',(-39.7,31.5,116.7));
#2935 = VECTOR('',#2936,1.);
#2936 = DIRECTION('',(0.,1.,-1.110223024625E-16));
#2937 = PCURVE('',#2702,#2938);
#2938 = DEFINITIONAL_REPRESENTATION('',(#2939),#2943);
#2939 = LINE('',#2940,#2941);
#2940 = CARTESIAN_POINT('',(0.,-0.));
#2941 = VECTOR('',#2942,1.);
#2942 = DIRECTION('',(0.,1.));
#2943 = ( GEOMETRIC_REPRESENTATION_CONTEXT(2) 
PARAMETRIC_REPRESENTATION_CONTEXT() REPRESENTATION_CONTEXT('2D SPACE',''
  ) );
#2944 = PCURVE('',#2702,#2945);
#2945 = DEFINITIONAL_REPRESENTATION('',(#2946),#2950);
#2946 = LINE('',#2947,#2948);
#2947 = CARTESIAN_POINT('',(6.28318530718,-0.));
#2948 = VECTOR('',#2949,1.);
#2949 = DIRECTION('',(0.,1.));
#2950 = ( GEOMETRIC_REPRESENTATION_CONTEXT(2) 
PARAMETRIC_REPRESENTATION_CONTEXT() REPRESENTATION_CONTEXT('2D SPACE',''
  ) );
#2951 = ORIENTED_EDGE('',*,*,#2815,.T.);
#2952 = ORIENTED_EDGE('',*,*,#2931,.T.);
#2953 = ADVANCED_FACE('',(#2954),#2737,.F.);
#2954 = FACE_BOUND('',#2955,.F.);
#2955 = EDGE_LOOP('',(#2956,#2957,#2978,#2979));
#2956 = ORIENTED_EDGE('',*,*,#2716,.F.);
#2957 = ORIENTED_EDGE('',*,*,#2958,.F.);
#2958 = EDGE_CURVE('',#2846,#2717,#2959,.T.);
#2959 = SEAM_CURVE('',#2960,(#2964,#2971),.PCURVE_S1.);
#2960 = LINE('',#2961,#2962);
#2961 = CARTESIAN_POINT('',(-57.7,31.5,127.09230484541));
#2962 = VECTOR('',#2963,1.);
#2963 = DIRECTION('',(0.,1.,-1.110223024625E-16));
#2964 = PCURVE('',#2737,#2965);
#2965 = DEFINITIONAL_REPRESENTATION('',(#2966),#2970);
#2966 = LINE('',#2967,#2968);
#2967 = CARTESIAN_POINT('',(0.,-0.));
#2968 = VECTOR('',#2969,1.);
#2969 = DIRECTION('',(0.,1.));
#2970 = ( GEOMETRIC_REPRESENTATION_CONTEXT(2) 
PARAMETRIC_REPRESENTATION_CONTEXT() REPRESENTATION_CONTEXT('2D SPACE',''
  ) );
#2971 = PCURVE('',#2737,#2972);
#2972 = DEFINITIONAL_REPRESENTATION('',(#2973),#2977);
#2973 = LINE('',#2974,#2975);
#2974 = CARTESIAN_POINT('',(6.28318530718,-0.));
#2975 = VECTOR('',#2976,1.);
#2976 = DIRECTION('',(0.,1.));
#2977 = ( GEOMETRIC_REPRESENTATION_CONTEXT(2) 
PARAMETRIC_REPRESENTATION_CONTEXT() REPRESENTATION_CONTEXT('2D SPACE',''
  ) );
#2978 = ORIENTED_EDGE('',*,*,#2845,.T.);
#2979 = ORIENTED_EDGE('',*,*,#2958,.T.);
#2980 = ( GEOMETRIC_REPRESENTATION_CONTEXT(3) 
GLOBAL_UNCERTAINTY_ASSIGNED_CONTEXT((#2984)) 
GLOBAL_UNIT_ASSIGNED_CONTEXT((#2981,#2982,#2983)) REPRESENTATION_CONTEXT
('Context #1','3D Context with UNIT and UNCERTAINTY') );
#2981 = ( LENGTH_UNIT() NAMED_UNIT(*) SI_UNIT(.MILLI.,.METRE.) );
#2982 = ( NAMED_UNIT(*) PLANE_ANGLE_UNIT() SI_UNIT($,.RADIAN.) );
#2983 = ( NAMED_UNIT(*) SI_UNIT($,.STERADIAN.) SOLID_ANGLE_UNIT() );
#2984 = UNCERTAINTY_MEASURE_WITH_UNIT(LENGTH_MEASURE(1.E-07),#2981,
  'distance_accuracy_value','confusion accuracy');
#2985 = CONTEXT_DEPENDENT_SHAPE_REPRESENTATION(#2986,#2988);
#2986 = ( REPRESENTATION_RELATIONSHIP('','',#2517,#10) 
REPRESENTATION_RELATIONSHIP_WITH_TRANSFORMATION(#2987) 
SHAPE_REPRESENTATION_RELATIONSHIP() );
#2987 = ITEM_DEFINED_TRANSFORMATION('','',#11,#31);
#2988 = PRODUCT_DEFINITION_SHAPE('Placement','Placement of an item',
  #2989);
#2989 = NEXT_ASSEMBLY_USAGE_OCCURRENCE('16','','',#5,#2512,$);
#2990 = PRODUCT_RELATED_PRODUCT_CATEGORY('part',$,(#2514));
#2991 = SHAPE_DEFINITION_REPRESENTATION(#2992,#2998);
#2992 = PRODUCT_DEFINITION_SHAPE('','',#2993);
#2993 = PRODUCT_DEFINITION('design','',#2994,#2997);
#2994 = PRODUCT_DEFINITION_FORMATION('','',#2995);
#2995 = PRODUCT('Open CASCADE STEP translator 7.9 3.6',
  'Open CASCADE STEP translator 7.9 3.6','',(#2996));
#2996 = PRODUCT_CONTEXT('',#2,'mechanical');
#2997 = PRODUCT_DEFINITION_CONTEXT('part definition',#2,'design');
#2998 = ADVANCED_BREP_SHAPE_REPRESENTATION('',(#11,#2999),#3461);
#2999 = MANIFOLD_SOLID_BREP('',#3000);
#3000 = CLOSED_SHELL('',(#3001,#3089,#3229,#3353,#3380,#3407,#3434));
#3001 = ADVANCED_FACE('',(#3002),#3015,.T.);
#3002 = FACE_BOUND('',#3003,.T.);
#3003 = EDGE_LOOP('',(#3004,#3038,#3061,#3088));
#3004 = ORIENTED_EDGE('',*,*,#3005,.T.);
#3005 = EDGE_CURVE('',#3006,#3006,#3008,.T.);
#3006 = VERTEX_POINT('',#3007);
#3007 = CARTESIAN_POINT('',(-34.,-34.5,116.7));
#3008 = SURFACE_CURVE('',#3009,(#3014,#3026),.PCURVE_S1.);
#3009 = CIRCLE('',#3010,16.);
#3010 = AXIS2_PLACEMENT_3D('',#3011,#3012,#3013);
#3011 = CARTESIAN_POINT('',(-50.,-34.5,116.7));
#3012 = DIRECTION('',(0.,-1.,1.110223024625E-16));
#3013 = DIRECTION('',(1.,0.,0.));
#3014 = PCURVE('',#3015,#3020);
#3015 = CYLINDRICAL_SURFACE('',#3016,16.);
#3016 = AXIS2_PLACEMENT_3D('',#3017,#3018,#3019);
#3017 = CARTESIAN_POINT('',(-50.,-34.5,116.7));
#3018 = DIRECTION('',(-0.,1.,-1.110223024625E-16));
#3019 = DIRECTION('',(1.,0.,0.));
#3020 = DEFINITIONAL_REPRESENTATION('',(#3021),#3025);
#3021 = LINE('',#3022,#3023);
#3022 = CARTESIAN_POINT('',(6.28318530718,0.));
#3023 = VECTOR('',#3024,1.);
#3024 = DIRECTION('',(-1.,0.));
#3025 = ( GEOMETRIC_REPRESENTATION_CONTEXT(2) 
PARAMETRIC_REPRESENTATION_CONTEXT() REPRESENTATION_CONTEXT('2D SPACE',''
  ) );
#3026 = PCURVE('',#3027,#3032);
#3027 = PLANE('',#3028);
#3028 = AXIS2_PLACEMENT_3D('',#3029,#3030,#3031);
#3029 = CARTESIAN_POINT('',(-50.,-34.5,116.7));
#3030 = DIRECTION('',(0.,-1.,1.110223024625E-16));
#3031 = DIRECTION('',(1.,0.,0.));
#3032 = DEFINITIONAL_REPRESENTATION('',(#3033),#3037);
#3033 = CIRCLE('',#3034,16.);
#3034 = AXIS2_PLACEMENT_2D('',#3035,#3036);
#3035 = CARTESIAN_POINT('',(0.,0.));
#3036 = DIRECTION('',(1.,0.));
#3037 = ( GEOMETRIC_REPRESENTATION_CONTEXT(2) 
PARAMETRIC_REPRESENTATION_CONTEXT() REPRESENTATION_CONTEXT('2D SPACE',''
  ) );
#3038 = ORIENTED_EDGE('',*,*,#3039,.T.);
#3039 = EDGE_CURVE('',#3006,#3040,#3042,.T.);
#3040 = VERTEX_POINT('',#3041);
#3041 = CARTESIAN_POINT('',(-34.,-37.5,116.7));
#3042 = SEAM_CURVE('',#3043,(#3047,#3054),.PCURVE_S1.);
#3043 = LINE('',#3044,#3045);
#3044 = CARTESIAN_POINT('',(-34.,-34.5,116.7));
#3045 = VECTOR('',#3046,1.);
#3046 = DIRECTION('',(0.,-1.,1.110223024625E-16));
#3047 = PCURVE('',#3015,#3048);
#3048 = DEFINITIONAL_REPRESENTATION('',(#3049),#3053);
#3049 = LINE('',#3050,#3051);
#3050 = CARTESIAN_POINT('',(-4.138911435803E-13,0.));
#3051 = VECTOR('',#3052,1.);
#3052 = DIRECTION('',(-0.,-1.));
#3053 = ( GEOMETRIC_REPRESENTATION_CONTEXT(2) 
PARAMETRIC_REPRESENTATION_CONTEXT() REPRESENTATION_CONTEXT('2D SPACE',''
  ) );
#3054 = PCURVE('',#3015,#3055);
#3055 = DEFINITIONAL_REPRESENTATION('',(#3056),#3060);
#3056 = LINE('',#3057,#3058);
#3057 = CARTESIAN_POINT('',(6.28318530718,0.));
#3058 = VECTOR('',#3059,1.);
#3059 = DIRECTION('',(-0.,-1.));
#3060 = ( GEOMETRIC_REPRESENTATION_CONTEXT(2) 
PARAMETRIC_REPRESENTATION_CONTEXT() REPRESENTATION_CONTEXT('2D SPACE',''
  ) );
#3061 = ORIENTED_EDGE('',*,*,#3062,.F.);
#3062 = EDGE_CURVE('',#3040,#3040,#3063,.T.);
#3063 = SURFACE_CURVE('',#3064,(#3069,#3076),.PCURVE_S1.);
#3064 = CIRCLE('',#3065,16.);
#3065 = AXIS2_PLACEMENT_3D('',#3066,#3067,#3068);
#3066 = CARTESIAN_POINT('',(-50.,-37.5,116.7));
#3067 = DIRECTION('',(0.,-1.,1.110223024625E-16));
#3068 = DIRECTION('',(1.,0.,0.));
#3069 = PCURVE('',#3015,#3070);
#3070 = DEFINITIONAL_REPRESENTATION('',(#3071),#3075);
#3071 = LINE('',#3072,#3073);
#3072 = CARTESIAN_POINT('',(6.28318530718,-3.));
#3073 = VECTOR('',#3074,1.);
#3074 = DIRECTION('',(-1.,0.));
#3075 = ( GEOMETRIC_REPRESENTATION_CONTEXT(2) 
PARAMETRIC_REPRESENTATION_CONTEXT() REPRESENTATION_CONTEXT('2D SPACE',''
  ) );
#3076 = PCURVE('',#3077,#3082);
#3077 = PLANE('',#3078);
#3078 = AXIS2_PLACEMENT_3D('',#3079,#3080,#3081);
#3079 = CARTESIAN_POINT('',(-50.,-37.5,116.7));
#3080 = DIRECTION('',(0.,-1.,1.110223024625E-16));
#3081 = DIRECTION('',(1.,0.,0.));
#3082 = DEFINITIONAL_REPRESENTATION('',(#3083),#3087);
#3083 = CIRCLE('',#3084,16.);
#3084 = AXIS2_PLACEMENT_2D('',#3085,#3086);
#3085 = CARTESIAN_POINT('',(0.,0.));
#3086 = DIRECTION('',(1.,0.));
#3087 = ( GEOMETRIC_REPRESENTATION_CONTEXT(2) 
PARAMETRIC_REPRESENTATION_CONTEXT() REPRESENTATION_CONTEXT('2D SPACE',''
  ) );
#3088 = ORIENTED_EDGE('',*,*,#3039,.F.);
#3089 = ADVANCED_FACE('',(#3090,#3093,#3128,#3159,#3194),#3027,.F.);
#3090 = FACE_BOUND('',#3091,.F.);
#3091 = EDGE_LOOP('',(#3092));
#3092 = ORIENTED_EDGE('',*,*,#3005,.T.);
#3093 = FACE_BOUND('',#3094,.F.);
#3094 = EDGE_LOOP('',(#3095));
#3095 = ORIENTED_EDGE('',*,*,#3096,.T.);
#3096 = EDGE_CURVE('',#3097,#3097,#3099,.T.);
#3097 = VERTEX_POINT('',#3098);
#3098 = CARTESIAN_POINT('',(-57.7,-34.5,106.30769515459));
#3099 = SURFACE_CURVE('',#3100,(#3105,#3116),.PCURVE_S1.);
#3100 = CIRCLE('',#3101,1.7);
#3101 = AXIS2_PLACEMENT_3D('',#3102,#3103,#3104);
#3102 = CARTESIAN_POINT('',(-56.,-34.5,106.30769515459));
#3103 = DIRECTION('',(0.,1.,-1.110223024625E-16));
#3104 = DIRECTION('',(-1.,0.,0.));
#3105 = PCURVE('',#3027,#3106);
#3106 = DEFINITIONAL_REPRESENTATION('',(#3107),#3115);
#3107 = ( BOUNDED_CURVE() B_SPLINE_CURVE(2,(#3108,#3109,#3110,#3111,
#3112,#3113,#3114),.UNSPECIFIED.,.T.,.F.) B_SPLINE_CURVE_WITH_KNOTS((1,2
    ,2,2,2,1),(-2.094395102393,0.,2.094395102393,4.188790204786,
6.28318530718,8.377580409573),.UNSPECIFIED.) CURVE() 
GEOMETRIC_REPRESENTATION_ITEM() RATIONAL_B_SPLINE_CURVE((1.,0.5,1.,0.5,
1.,0.5,1.)) REPRESENTATION_ITEM('') );
#3108 = CARTESIAN_POINT('',(-7.7,-10.39230484541));
#3109 = CARTESIAN_POINT('',(-7.7,-7.447818472543));
#3110 = CARTESIAN_POINT('',(-5.15,-8.920061658976));
#3111 = CARTESIAN_POINT('',(-2.6,-10.39230484541));
#3112 = CARTESIAN_POINT('',(-5.15,-11.86454803184));
#3113 = CARTESIAN_POINT('',(-7.7,-13.33679121827));
#3114 = CARTESIAN_POINT('',(-7.7,-10.39230484541));
#3115 = ( GEOMETRIC_REPRESENTATION_CONTEXT(2) 
PARAMETRIC_REPRESENTATION_CONTEXT() REPRESENTATION_CONTEXT('2D SPACE',''
  ) );
#3116 = PCURVE('',#3117,#3122);
#3117 = CYLINDRICAL_SURFACE('',#3118,1.7);
#3118 = AXIS2_PLACEMENT_3D('',#3119,#3120,#3121);
#3119 = CARTESIAN_POINT('',(-56.,-37.5,106.30769515459));
#3120 = DIRECTION('',(0.,1.,-1.110223024625E-16));
#3121 = DIRECTION('',(-1.,0.,0.));
#3122 = DEFINITIONAL_REPRESENTATION('',(#3123),#3127);
#3123 = LINE('',#3124,#3125);
#3124 = CARTESIAN_POINT('',(0.,3.));
#3125 = VECTOR('',#3126,1.);
#3126 = DIRECTION('',(1.,0.));
#3127 = ( GEOMETRIC_REPRESENTATION_CONTEXT(2) 
PARAMETRIC_REPRESENTATION_CONTEXT() REPRESENTATION_CONTEXT('2D SPACE',''
  ) );
#3128 = FACE_BOUND('',#3129,.F.);
#3129 = EDGE_LOOP('',(#3130));
#3130 = ORIENTED_EDGE('',*,*,#3131,.F.);
#3131 = EDGE_CURVE('',#3132,#3132,#3134,.T.);
#3132 = VERTEX_POINT('',#3133);
#3133 = CARTESIAN_POINT('',(-46.,-34.5,116.7));
#3134 = SURFACE_CURVE('',#3135,(#3140,#3147),.PCURVE_S1.);
#3135 = CIRCLE('',#3136,4.);
#3136 = AXIS2_PLACEMENT_3D('',#3137,#3138,#3139);
#3137 = CARTESIAN_POINT('',(-50.,-34.5,116.7));
#3138 = DIRECTION('',(0.,-1.,1.110223024625E-16));
#3139 = DIRECTION('',(1.,0.,0.));
#3140 = PCURVE('',#3027,#3141);
#3141 = DEFINITIONAL_REPRESENTATION('',(#3142),#3146);
#3142 = CIRCLE('',#3143,4.);
#3143 = AXIS2_PLACEMENT_2D('',#3144,#3145);
#3144 = CARTESIAN_POINT('',(0.,0.));
#3145 = DIRECTION('',(1.,0.));
#3146 = ( GEOMETRIC_REPRESENTATION_CONTEXT(2) 
PARAMETRIC_REPRESENTATION_CONTEXT() REPRESENTATION_CONTEXT('2D SPACE',''
  ) );
#3147 = PCURVE('',#3148,#3153);
#3148 = CYLINDRICAL_SURFACE('',#3149,4.);
#3149 = AXIS2_PLACEMENT_3D('',#3150,#3151,#3152);
#3150 = CARTESIAN_POINT('',(-50.,-34.5,116.7));
#3151 = DIRECTION('',(-0.,1.,-1.110223024625E-16));
#3152 = DIRECTION('',(1.,0.,0.));
#3153 = DEFINITIONAL_REPRESENTATION('',(#3154),#3158);
#3154 = LINE('',#3155,#3156);
#3155 = CARTESIAN_POINT('',(6.28318530718,0.));
#3156 = VECTOR('',#3157,1.);
#3157 = DIRECTION('',(-1.,0.));
#3158 = ( GEOMETRIC_REPRESENTATION_CONTEXT(2) 
PARAMETRIC_REPRESENTATION_CONTEXT() REPRESENTATION_CONTEXT('2D SPACE',''
  ) );
#3159 = FACE_BOUND('',#3160,.F.);
#3160 = EDGE_LOOP('',(#3161));
#3161 = ORIENTED_EDGE('',*,*,#3162,.T.);
#3162 = EDGE_CURVE('',#3163,#3163,#3165,.T.);
#3163 = VERTEX_POINT('',#3164);
#3164 = CARTESIAN_POINT('',(-39.7,-34.5,116.7));
#3165 = SURFACE_CURVE('',#3166,(#3171,#3182),.PCURVE_S1.);
#3166 = CIRCLE('',#3167,1.7);
#3167 = AXIS2_PLACEMENT_3D('',#3168,#3169,#3170);
#3168 = CARTESIAN_POINT('',(-38.,-34.5,116.7));
#3169 = DIRECTION('',(0.,1.,-1.110223024625E-16));
#3170 = DIRECTION('',(-1.,0.,0.));
#3171 = PCURVE('',#3027,#3172);
#3172 = DEFINITIONAL_REPRESENTATION('',(#3173),#3181);
#3173 = ( BOUNDED_CURVE() B_SPLINE_CURVE(2,(#3174,#3175,#3176,#3177,
#3178,#3179,#3180),.UNSPECIFIED.,.T.,.F.) B_SPLINE_CURVE_WITH_KNOTS((1,2
    ,2,2,2,1),(-2.094395102393,0.,2.094395102393,4.188790204786,
6.28318530718,8.377580409573),.UNSPECIFIED.) CURVE() 
GEOMETRIC_REPRESENTATION_ITEM() RATIONAL_B_SPLINE_CURVE((1.,0.5,1.,0.5,
1.,0.5,1.)) REPRESENTATION_ITEM('') );
#3174 = CARTESIAN_POINT('',(10.3,0.));
#3175 = CARTESIAN_POINT('',(10.3,2.944486372867));
#3176 = CARTESIAN_POINT('',(12.85,1.472243186434));
#3177 = CARTESIAN_POINT('',(15.4,4.163799117101E-16));
#3178 = CARTESIAN_POINT('',(12.85,-1.472243186434));
#3179 = CARTESIAN_POINT('',(10.3,-2.944486372867));
#3180 = CARTESIAN_POINT('',(10.3,0.));
#3181 = ( GEOMETRIC_REPRESENTATION_CONTEXT(2) 
PARAMETRIC_REPRESENTATION_CONTEXT() REPRESENTATION_CONTEXT('2D SPACE',''
  ) );
#3182 = PCURVE('',#3183,#3188);
#3183 = CYLINDRICAL_SURFACE('',#3184,1.7);
#3184 = AXIS2_PLACEMENT_3D('',#3185,#3186,#3187);
#3185 = CARTESIAN_POINT('',(-38.,-37.5,116.7));
#3186 = DIRECTION('',(0.,1.,-1.110223024625E-16));
#3187 = DIRECTION('',(-1.,0.,0.));
#3188 = DEFINITIONAL_REPRESENTATION('',(#3189),#3193);
#3189 = LINE('',#3190,#3191);
#3190 = CARTESIAN_POINT('',(0.,3.));
#3191 = VECTOR('',#3192,1.);
#3192 = DIRECTION('',(1.,0.));
#3193 = ( GEOMETRIC_REPRESENTATION_CONTEXT(2) 
PARAMETRIC_REPRESENTATION_CONTEXT() REPRESENTATION_CONTEXT('2D SPACE',''
  ) );
#3194 = FACE_BOUND('',#3195,.F.);
#3195 = EDGE_LOOP('',(#3196));
#3196 = ORIENTED_EDGE('',*,*,#3197,.T.);
#3197 = EDGE_CURVE('',#3198,#3198,#3200,.T.);
#3198 = VERTEX_POINT('',#3199);
#3199 = CARTESIAN_POINT('',(-57.7,-34.5,127.09230484541));
#3200 = SURFACE_CURVE('',#3201,(#3206,#3217),.PCURVE_S1.);
#3201 = CIRCLE('',#3202,1.7);
#3202 = AXIS2_PLACEMENT_3D('',#3203,#3204,#3205);
#3203 = CARTESIAN_POINT('',(-56.,-34.5,127.09230484541));
#3204 = DIRECTION('',(0.,1.,-1.110223024625E-16));
#3205 = DIRECTION('',(-1.,0.,0.));
#3206 = PCURVE('',#3027,#3207);
#3207 = DEFINITIONAL_REPRESENTATION('',(#3208),#3216);
#3208 = ( BOUNDED_CURVE() B_SPLINE_CURVE(2,(#3209,#3210,#3211,#3212,
#3213,#3214,#3215),.UNSPECIFIED.,.T.,.F.) B_SPLINE_CURVE_WITH_KNOTS((1,2
    ,2,2,2,1),(-2.094395102393,0.,2.094395102393,4.188790204786,
6.28318530718,8.377580409573),.UNSPECIFIED.) CURVE() 
GEOMETRIC_REPRESENTATION_ITEM() RATIONAL_B_SPLINE_CURVE((1.,0.5,1.,0.5,
1.,0.5,1.)) REPRESENTATION_ITEM('') );
#3209 = CARTESIAN_POINT('',(-7.7,10.392304845413));
#3210 = CARTESIAN_POINT('',(-7.7,13.33679121828));
#3211 = CARTESIAN_POINT('',(-5.15,11.864548031847));
#3212 = CARTESIAN_POINT('',(-2.6,10.392304845413));
#3213 = CARTESIAN_POINT('',(-5.15,8.920061658979));
#3214 = CARTESIAN_POINT('',(-7.7,7.447818472546));
#3215 = CARTESIAN_POINT('',(-7.7,10.392304845413));
#3216 = ( GEOMETRIC_REPRESENTATION_CONTEXT(2) 
PARAMETRIC_REPRESENTATION_CONTEXT() REPRESENTATION_CONTEXT('2D SPACE',''
  ) );
#3217 = PCURVE('',#3218,#3223);
#3218 = CYLINDRICAL_SURFACE('',#3219,1.7);
#3219 = AXIS2_PLACEMENT_3D('',#3220,#3221,#3222);
#3220 = CARTESIAN_POINT('',(-56.,-37.5,127.09230484541));
#3221 = DIRECTION('',(0.,1.,-1.110223024625E-16));
#3222 = DIRECTION('',(-1.,0.,0.));
#3223 = DEFINITIONAL_REPRESENTATION('',(#3224),#3228);
#3224 = LINE('',#3225,#3226);
#3225 = CARTESIAN_POINT('',(0.,3.));
#3226 = VECTOR('',#3227,1.);
#3227 = DIRECTION('',(1.,0.));
#3228 = ( GEOMETRIC_REPRESENTATION_CONTEXT(2) 
PARAMETRIC_REPRESENTATION_CONTEXT() REPRESENTATION_CONTEXT('2D SPACE',''
  ) );
#3229 = ADVANCED_FACE('',(#3230,#3233,#3263,#3293,#3323),#3077,.T.);
#3230 = FACE_BOUND('',#3231,.T.);
#3231 = EDGE_LOOP('',(#3232));
#3232 = ORIENTED_EDGE('',*,*,#3062,.T.);
#3233 = FACE_BOUND('',#3234,.T.);
#3234 = EDGE_LOOP('',(#3235));
#3235 = ORIENTED_EDGE('',*,*,#3236,.T.);
#3236 = EDGE_CURVE('',#3237,#3237,#3239,.T.);
#3237 = VERTEX_POINT('',#3238);
#3238 = CARTESIAN_POINT('',(-57.7,-37.5,106.30769515459));
#3239 = SURFACE_CURVE('',#3240,(#3245,#3256),.PCURVE_S1.);
#3240 = CIRCLE('',#3241,1.7);
#3241 = AXIS2_PLACEMENT_3D('',#3242,#3243,#3244);
#3242 = CARTESIAN_POINT('',(-56.,-37.5,106.30769515459));
#3243 = DIRECTION('',(0.,1.,-1.110223024625E-16));
#3244 = DIRECTION('',(-1.,0.,0.));
#3245 = PCURVE('',#3077,#3246);
#3246 = DEFINITIONAL_REPRESENTATION('',(#3247),#3255);
#3247 = ( BOUNDED_CURVE() B_SPLINE_CURVE(2,(#3248,#3249,#3250,#3251,
#3252,#3253,#3254),.UNSPECIFIED.,.T.,.F.) B_SPLINE_CURVE_WITH_KNOTS((1,2
    ,2,2,2,1),(-2.094395102393,0.,2.094395102393,4.188790204786,
6.28318530718,8.377580409573),.UNSPECIFIED.) CURVE() 
GEOMETRIC_REPRESENTATION_ITEM() RATIONAL_B_SPLINE_CURVE((1.,0.5,1.,0.5,
1.,0.5,1.)) REPRESENTATION_ITEM('') );
#3248 = CARTESIAN_POINT('',(-7.7,-10.39230484541));
#3249 = CARTESIAN_POINT('',(-7.7,-7.447818472543));
#3250 = CARTESIAN_POINT('',(-5.15,-8.920061658976));
#3251 = CARTESIAN_POINT('',(-2.6,-10.39230484541));
#3252 = CARTESIAN_POINT('',(-5.15,-11.86454803184));
#3253 = CARTESIAN_POINT('',(-7.7,-13.33679121827));
#3254 = CARTESIAN_POINT('',(-7.7,-10.39230484541));
#3255 = ( GEOMETRIC_REPRESENTATION_CONTEXT(2) 
PARAMETRIC_REPRESENTATION_CONTEXT() REPRESENTATION_CONTEXT('2D SPACE',''
  ) );
#3256 = PCURVE('',#3117,#3257);
#3257 = DEFINITIONAL_REPRESENTATION('',(#3258),#3262);
#3258 = LINE('',#3259,#3260);
#3259 = CARTESIAN_POINT('',(0.,0.));
#3260 = VECTOR('',#3261,1.);
#3261 = DIRECTION('',(1.,0.));
#3262 = ( GEOMETRIC_REPRESENTATION_CONTEXT(2) 
PARAMETRIC_REPRESENTATION_CONTEXT() REPRESENTATION_CONTEXT('2D SPACE',''
  ) );
#3263 = FACE_BOUND('',#3264,.T.);
#3264 = EDGE_LOOP('',(#3265));
#3265 = ORIENTED_EDGE('',*,*,#3266,.T.);
#3266 = EDGE_CURVE('',#3267,#3267,#3269,.T.);
#3267 = VERTEX_POINT('',#3268);
#3268 = CARTESIAN_POINT('',(-46.,-37.5,116.7));
#3269 = SURFACE_CURVE('',#3270,(#3275,#3286),.PCURVE_S1.);
#3270 = CIRCLE('',#3271,4.);
#3271 = AXIS2_PLACEMENT_3D('',#3272,#3273,#3274);
#3272 = CARTESIAN_POINT('',(-50.,-37.5,116.7));
#3273 = DIRECTION('',(0.,1.,-1.110223024625E-16));
#3274 = DIRECTION('',(1.,0.,0.));
#3275 = PCURVE('',#3077,#3276);
#3276 = DEFINITIONAL_REPRESENTATION('',(#3277),#3285);
#3277 = ( BOUNDED_CURVE() B_SPLINE_CURVE(2,(#3278,#3279,#3280,#3281,
#3282,#3283,#3284),.UNSPECIFIED.,.T.,.F.) B_SPLINE_CURVE_WITH_KNOTS((1,2
    ,2,2,2,1),(-2.094395102393,0.,2.094395102393,4.188790204786,
6.28318530718,8.377580409573),.UNSPECIFIED.) CURVE() 
GEOMETRIC_REPRESENTATION_ITEM() RATIONAL_B_SPLINE_CURVE((1.,0.5,1.,0.5,
1.,0.5,1.)) REPRESENTATION_ITEM('') );
#3278 = CARTESIAN_POINT('',(4.,0.));
#3279 = CARTESIAN_POINT('',(4.,-6.928203230276));
#3280 = CARTESIAN_POINT('',(-2.,-3.464101615138));
#3281 = CARTESIAN_POINT('',(-8.,-9.797174393179E-16));
#3282 = CARTESIAN_POINT('',(-2.,3.464101615138));
#3283 = CARTESIAN_POINT('',(4.,6.928203230276));
#3284 = CARTESIAN_POINT('',(4.,0.));
#3285 = ( GEOMETRIC_REPRESENTATION_CONTEXT(2) 
PARAMETRIC_REPRESENTATION_CONTEXT() REPRESENTATION_CONTEXT('2D SPACE',''
  ) );
#3286 = PCURVE('',#3148,#3287);
#3287 = DEFINITIONAL_REPRESENTATION('',(#3288),#3292);
#3288 = LINE('',#3289,#3290);
#3289 = CARTESIAN_POINT('',(-4.138911435803E-13,-3.));
#3290 = VECTOR('',#3291,1.);
#3291 = DIRECTION('',(1.,-0.));
#3292 = ( GEOMETRIC_REPRESENTATION_CONTEXT(2) 
PARAMETRIC_REPRESENTATION_CONTEXT() REPRESENTATION_CONTEXT('2D SPACE',''
  ) );
#3293 = FACE_BOUND('',#3294,.T.);
#3294 = EDGE_LOOP('',(#3295));
#3295 = ORIENTED_EDGE('',*,*,#3296,.T.);
#3296 = EDGE_CURVE('',#3297,#3297,#3299,.T.);
#3297 = VERTEX_POINT('',#3298);
#3298 = CARTESIAN_POINT('',(-39.7,-37.5,116.7));
#3299 = SURFACE_CURVE('',#3300,(#3305,#3316),.PCURVE_S1.);
#3300 = CIRCLE('',#3301,1.7);
#3301 = AXIS2_PLACEMENT_3D('',#3302,#3303,#3304);
#3302 = CARTESIAN_POINT('',(-38.,-37.5,116.7));
#3303 = DIRECTION('',(0.,1.,-1.110223024625E-16));
#3304 = DIRECTION('',(-1.,0.,0.));
#3305 = PCURVE('',#3077,#3306);
#3306 = DEFINITIONAL_REPRESENTATION('',(#3307),#3315);
#3307 = ( BOUNDED_CURVE() B_SPLINE_CURVE(2,(#3308,#3309,#3310,#3311,
#3312,#3313,#3314),.UNSPECIFIED.,.T.,.F.) B_SPLINE_CURVE_WITH_KNOTS((1,2
    ,2,2,2,1),(-2.094395102393,0.,2.094395102393,4.188790204786,
6.28318530718,8.377580409573),.UNSPECIFIED.) CURVE() 
GEOMETRIC_REPRESENTATION_ITEM() RATIONAL_B_SPLINE_CURVE((1.,0.5,1.,0.5,
1.,0.5,1.)) REPRESENTATION_ITEM('') );
#3308 = CARTESIAN_POINT('',(10.3,0.));
#3309 = CARTESIAN_POINT('',(10.3,2.944486372867));
#3310 = CARTESIAN_POINT('',(12.85,1.472243186434));
#3311 = CARTESIAN_POINT('',(15.4,4.163799117101E-16));
#3312 = CARTESIAN_POINT('',(12.85,-1.472243186434));
#3313 = CARTESIAN_POINT('',(10.3,-2.944486372867));
#3314 = CARTESIAN_POINT('',(10.3,0.));
#3315 = ( GEOMETRIC_REPRESENTATION_CONTEXT(2) 
PARAMETRIC_REPRESENTATION_CONTEXT() REPRESENTATION_CONTEXT('2D SPACE',''
  ) );
#3316 = PCURVE('',#3183,#3317);
#3317 = DEFINITIONAL_REPRESENTATION('',(#3318),#3322);
#3318 = LINE('',#3319,#3320);
#3319 = CARTESIAN_POINT('',(0.,0.));
#3320 = VECTOR('',#3321,1.);
#3321 = DIRECTION('',(1.,0.));
#3322 = ( GEOMETRIC_REPRESENTATION_CONTEXT(2) 
PARAMETRIC_REPRESENTATION_CONTEXT() REPRESENTATION_CONTEXT('2D SPACE',''
  ) );
#3323 = FACE_BOUND('',#3324,.T.);
#3324 = EDGE_LOOP('',(#3325));
#3325 = ORIENTED_EDGE('',*,*,#3326,.T.);
#3326 = EDGE_CURVE('',#3327,#3327,#3329,.T.);
#3327 = VERTEX_POINT('',#3328);
#3328 = CARTESIAN_POINT('',(-57.7,-37.5,127.09230484541));
#3329 = SURFACE_CURVE('',#3330,(#3335,#3346),.PCURVE_S1.);
#3330 = CIRCLE('',#3331,1.7);
#3331 = AXIS2_PLACEMENT_3D('',#3332,#3333,#3334);
#3332 = CARTESIAN_POINT('',(-56.,-37.5,127.09230484541));
#3333 = DIRECTION('',(0.,1.,-1.110223024625E-16));
#3334 = DIRECTION('',(-1.,0.,0.));
#3335 = PCURVE('',#3077,#3336);
#3336 = DEFINITIONAL_REPRESENTATION('',(#3337),#3345);
#3337 = ( BOUNDED_CURVE() B_SPLINE_CURVE(2,(#3338,#3339,#3340,#3341,
#3342,#3343,#3344),.UNSPECIFIED.,.T.,.F.) B_SPLINE_CURVE_WITH_KNOTS((1,2
    ,2,2,2,1),(-2.094395102393,0.,2.094395102393,4.188790204786,
6.28318530718,8.377580409573),.UNSPECIFIED.) CURVE() 
GEOMETRIC_REPRESENTATION_ITEM() RATIONAL_B_SPLINE_CURVE((1.,0.5,1.,0.5,
1.,0.5,1.)) REPRESENTATION_ITEM('') );
#3338 = CARTESIAN_POINT('',(-7.7,10.392304845413));
#3339 = CARTESIAN_POINT('',(-7.7,13.33679121828));
#3340 = CARTESIAN_POINT('',(-5.15,11.864548031847));
#3341 = CARTESIAN_POINT('',(-2.6,10.392304845413));
#3342 = CARTESIAN_POINT('',(-5.15,8.920061658979));
#3343 = CARTESIAN_POINT('',(-7.7,7.447818472546));
#3344 = CARTESIAN_POINT('',(-7.7,10.392304845413));
#3345 = ( GEOMETRIC_REPRESENTATION_CONTEXT(2) 
PARAMETRIC_REPRESENTATION_CONTEXT() REPRESENTATION_CONTEXT('2D SPACE',''
  ) );
#3346 = PCURVE('',#3218,#3347);
#3347 = DEFINITIONAL_REPRESENTATION('',(#3348),#3352);
#3348 = LINE('',#3349,#3350);
#3349 = CARTESIAN_POINT('',(0.,0.));
#3350 = VECTOR('',#3351,1.);
#3351 = DIRECTION('',(1.,0.));
#3352 = ( GEOMETRIC_REPRESENTATION_CONTEXT(2) 
PARAMETRIC_REPRESENTATION_CONTEXT() REPRESENTATION_CONTEXT('2D SPACE',''
  ) );
#3353 = ADVANCED_FACE('',(#3354),#3117,.F.);
#3354 = FACE_BOUND('',#3355,.F.);
#3355 = EDGE_LOOP('',(#3356,#3357,#3378,#3379));
#3356 = ORIENTED_EDGE('',*,*,#3096,.F.);
#3357 = ORIENTED_EDGE('',*,*,#3358,.F.);
#3358 = EDGE_CURVE('',#3237,#3097,#3359,.T.);
#3359 = SEAM_CURVE('',#3360,(#3364,#3371),.PCURVE_S1.);
#3360 = LINE('',#3361,#3362);
#3361 = CARTESIAN_POINT('',(-57.7,-37.5,106.30769515459));
#3362 = VECTOR('',#3363,1.);
#3363 = DIRECTION('',(0.,1.,-1.110223024625E-16));
#3364 = PCURVE('',#3117,#3365);
#3365 = DEFINITIONAL_REPRESENTATION('',(#3366),#3370);
#3366 = LINE('',#3367,#3368);
#3367 = CARTESIAN_POINT('',(0.,-0.));
#3368 = VECTOR('',#3369,1.);
#3369 = DIRECTION('',(0.,1.));
#3370 = ( GEOMETRIC_REPRESENTATION_CONTEXT(2) 
PARAMETRIC_REPRESENTATION_CONTEXT() REPRESENTATION_CONTEXT('2D SPACE',''
  ) );
#3371 = PCURVE('',#3117,#3372);
#3372 = DEFINITIONAL_REPRESENTATION('',(#3373),#3377);
#3373 = LINE('',#3374,#3375);
#3374 = CARTESIAN_POINT('',(6.28318530718,-0.));
#3375 = VECTOR('',#3376,1.);
#3376 = DIRECTION('',(0.,1.));
#3377 = ( GEOMETRIC_REPRESENTATION_CONTEXT(2) 
PARAMETRIC_REPRESENTATION_CONTEXT() REPRESENTATION_CONTEXT('2D SPACE',''
  ) );
#3378 = ORIENTED_EDGE('',*,*,#3236,.T.);
#3379 = ORIENTED_EDGE('',*,*,#3358,.T.);
#3380 = ADVANCED_FACE('',(#3381),#3148,.F.);
#3381 = FACE_BOUND('',#3382,.F.);
#3382 = EDGE_LOOP('',(#3383,#3404,#3405,#3406));
#3383 = ORIENTED_EDGE('',*,*,#3384,.T.);
#3384 = EDGE_CURVE('',#3132,#3267,#3385,.T.);
#3385 = SEAM_CURVE('',#3386,(#3390,#3397),.PCURVE_S1.);
#3386 = LINE('',#3387,#3388);
#3387 = CARTESIAN_POINT('',(-46.,-34.5,116.7));
#3388 = VECTOR('',#3389,1.);
#3389 = DIRECTION('',(0.,-1.,1.110223024625E-16));
#3390 = PCURVE('',#3148,#3391);
#3391 = DEFINITIONAL_REPRESENTATION('',(#3392),#3396);
#3392 = LINE('',#3393,#3394);
#3393 = CARTESIAN_POINT('',(-4.138911435803E-13,0.));
#3394 = VECTOR('',#3395,1.);
#3395 = DIRECTION('',(-0.,-1.));
#3396 = ( GEOMETRIC_REPRESENTATION_CONTEXT(2) 
PARAMETRIC_REPRESENTATION_CONTEXT() REPRESENTATION_CONTEXT('2D SPACE',''
  ) );
#3397 = PCURVE('',#3148,#3398);
#3398 = DEFINITIONAL_REPRESENTATION('',(#3399),#3403);
#3399 = LINE('',#3400,#3401);
#3400 = CARTESIAN_POINT('',(6.28318530718,0.));
#3401 = VECTOR('',#3402,1.);
#3402 = DIRECTION('',(-0.,-1.));
#3403 = ( GEOMETRIC_REPRESENTATION_CONTEXT(2) 
PARAMETRIC_REPRESENTATION_CONTEXT() REPRESENTATION_CONTEXT('2D SPACE',''
  ) );
#3404 = ORIENTED_EDGE('',*,*,#3266,.T.);
#3405 = ORIENTED_EDGE('',*,*,#3384,.F.);
#3406 = ORIENTED_EDGE('',*,*,#3131,.T.);
#3407 = ADVANCED_FACE('',(#3408),#3183,.F.);
#3408 = FACE_BOUND('',#3409,.F.);
#3409 = EDGE_LOOP('',(#3410,#3411,#3432,#3433));
#3410 = ORIENTED_EDGE('',*,*,#3162,.F.);
#3411 = ORIENTED_EDGE('',*,*,#3412,.F.);
#3412 = EDGE_CURVE('',#3297,#3163,#3413,.T.);
#3413 = SEAM_CURVE('',#3414,(#3418,#3425),.PCURVE_S1.);
#3414 = LINE('',#3415,#3416);
#3415 = CARTESIAN_POINT('',(-39.7,-37.5,116.7));
#3416 = VECTOR('',#3417,1.);
#3417 = DIRECTION('',(0.,1.,-1.110223024625E-16));
#3418 = PCURVE('',#3183,#3419);
#3419 = DEFINITIONAL_REPRESENTATION('',(#3420),#3424);
#3420 = LINE('',#3421,#3422);
#3421 = CARTESIAN_POINT('',(0.,-0.));
#3422 = VECTOR('',#3423,1.);
#3423 = DIRECTION('',(0.,1.));
#3424 = ( GEOMETRIC_REPRESENTATION_CONTEXT(2) 
PARAMETRIC_REPRESENTATION_CONTEXT() REPRESENTATION_CONTEXT('2D SPACE',''
  ) );
#3425 = PCURVE('',#3183,#3426);
#3426 = DEFINITIONAL_REPRESENTATION('',(#3427),#3431);
#3427 = LINE('',#3428,#3429);
#3428 = CARTESIAN_POINT('',(6.28318530718,-0.));
#3429 = VECTOR('',#3430,1.);
#3430 = DIRECTION('',(0.,1.));
#3431 = ( GEOMETRIC_REPRESENTATION_CONTEXT(2) 
PARAMETRIC_REPRESENTATION_CONTEXT() REPRESENTATION_CONTEXT('2D SPACE',''
  ) );
#3432 = ORIENTED_EDGE('',*,*,#3296,.T.);
#3433 = ORIENTED_EDGE('',*,*,#3412,.T.);
#3434 = ADVANCED_FACE('',(#3435),#3218,.F.);
#3435 = FACE_BOUND('',#3436,.F.);
#3436 = EDGE_LOOP('',(#3437,#3438,#3459,#3460));
#3437 = ORIENTED_EDGE('',*,*,#3197,.F.);
#3438 = ORIENTED_EDGE('',*,*,#3439,.F.);
#3439 = EDGE_CURVE('',#3327,#3198,#3440,.T.);
#3440 = SEAM_CURVE('',#3441,(#3445,#3452),.PCURVE_S1.);
#3441 = LINE('',#3442,#3443);
#3442 = CARTESIAN_POINT('',(-57.7,-37.5,127.09230484541));
#3443 = VECTOR('',#3444,1.);
#3444 = DIRECTION('',(0.,1.,-1.110223024625E-16));
#3445 = PCURVE('',#3218,#3446);
#3446 = DEFINITIONAL_REPRESENTATION('',(#3447),#3451);
#3447 = LINE('',#3448,#3449);
#3448 = CARTESIAN_POINT('',(0.,-0.));
#3449 = VECTOR('',#3450,1.);
#3450 = DIRECTION('',(0.,1.));
#3451 = ( GEOMETRIC_REPRESENTATION_CONTEXT(2) 
PARAMETRIC_REPRESENTATION_CONTEXT() REPRESENTATION_CONTEXT('2D SPACE',''
  ) );
#3452 = PCURVE('',#3218,#3453);
#3453 = DEFINITIONAL_REPRESENTATION('',(#3454),#3458);
#3454 = LINE('',#3455,#3456);
#3455 = CARTESIAN_POINT('',(6.28318530718,-0.));
#3456 = VECTOR('',#3457,1.);
#3457 = DIRECTION('',(0.,1.));
#3458 = ( GEOMETRIC_REPRESENTATION_CONTEXT(2) 
PARAMETRIC_REPRESENTATION_CONTEXT() REPRESENTATION_CONTEXT('2D SPACE',''
  ) );
#3459 = ORIENTED_EDGE('',*,*,#3326,.T.);
#3460 = ORIENTED_EDGE('',*,*,#3439,.T.);
#3461 = ( GEOMETRIC_REPRESENTATION_CONTEXT(3) 
GLOBAL_UNCERTAINTY_ASSIGNED_CONTEXT((#3465)) 
GLOBAL_UNIT_ASSIGNED_CONTEXT((#3462,#3463,#3464)) REPRESENTATION_CONTEXT
('Context #1','3D Context with UNIT and UNCERTAINTY') );
#3462 = ( LENGTH_UNIT() NAMED_UNIT(*) SI_UNIT(.MILLI.,.METRE.) );
#3463 = ( NAMED_UNIT(*) PLANE_ANGLE_UNIT() SI_UNIT($,.RADIAN.) );
#3464 = ( NAMED_UNIT(*) SI_UNIT($,.STERADIAN.) SOLID_ANGLE_UNIT() );
#3465 = UNCERTAINTY_MEASURE_WITH_UNIT(LENGTH_MEASURE(1.E-07),#3462,
  'distance_accuracy_value','confusion accuracy');
#3466 = CONTEXT_DEPENDENT_SHAPE_REPRESENTATION(#3467,#3469);
#3467 = ( REPRESENTATION_RELATIONSHIP('','',#2998,#10) 
REPRESENTATION_RELATIONSHIP_WITH_TRANSFORMATION(#3468) 
SHAPE_REPRESENTATION_RELATIONSHIP() );
#3468 = ITEM_DEFINED_TRANSFORMATION('','',#11,#35);
#3469 = PRODUCT_DEFINITION_SHAPE('Placement','Placement of an item',
  #3470);
#3470 = NEXT_ASSEMBLY_USAGE_OCCURRENCE('17','','',#5,#2993,$);
#3471 = PRODUCT_RELATED_PRODUCT_CATEGORY('part',$,(#2995));
#3472 = SHAPE_DEFINITION_REPRESENTATION(#3473,#3479);
#3473 = PRODUCT_DEFINITION_SHAPE('','',#3474);
#3474 = PRODUCT_DEFINITION('design','',#3475,#3478);
#3475 = PRODUCT_DEFINITION_FORMATION('','',#3476);
#3476 = PRODUCT('Open CASCADE STEP translator 7.9 3.7',
  'Open CASCADE STEP translator 7.9 3.7','',(#3477));
#3477 = PRODUCT_CONTEXT('',#2,'mechanical');
#3478 = PRODUCT_DEFINITION_CONTEXT('part definition',#2,'design');
#3479 = ADVANCED_BREP_SHAPE_REPRESENTATION('',(#11,#3480),#6867);
#3480 = MANIFOLD_SOLID_BREP('',#3481);
#3481 = CLOSED_SHELL('',(#3482,#4995,#5030,#5217,#5288,#5315,#5392,#5558
    ,#5911,#5945,#6016,#6043,#6094,#6480,#6584,#6688,#6719,#6782,#6860)
  );
#3482 = ADVANCED_FACE('',(#3483,#4327,#4522),#3497,.T.);
#3483 = FACE_BOUND('',#3484,.T.);
#3484 = EDGE_LOOP('',(#3485,#3515,#3600,#3633,#3660,#3693,#3778,#3801,
    #3898,#3921,#3948,#3949,#4023,#4077,#4078,#4152,#4185,#4212,#4245,
    #4299,#4300));
#3485 = ORIENTED_EDGE('',*,*,#3486,.T.);
#3486 = EDGE_CURVE('',#3487,#3489,#3491,.T.);
#3487 = VERTEX_POINT('',#3488);
#3488 = CARTESIAN_POINT('',(-41.,-49.,116.7));
#3489 = VERTEX_POINT('',#3490);
#3490 = CARTESIAN_POINT('',(-41.,-54.3,116.7));
#3491 = SEAM_CURVE('',#3492,(#3496,#3508),.PCURVE_S1.);
#3492 = LINE('',#3493,#3494);
#3493 = CARTESIAN_POINT('',(-41.,-49.,116.7));
#3494 = VECTOR('',#3495,1.);
#3495 = DIRECTION('',(0.,-1.,1.110223024625E-16));
#3496 = PCURVE('',#3497,#3502);
#3497 = CYLINDRICAL_SURFACE('',#3498,9.);
#3498 = AXIS2_PLACEMENT_3D('',#3499,#3500,#3501);
#3499 = CARTESIAN_POINT('',(-50.,-49.,116.7));
#3500 = DIRECTION('',(-0.,1.,-1.110223024625E-16));
#3501 = DIRECTION('',(1.,0.,0.));
#3502 = DEFINITIONAL_REPRESENTATION('',(#3503),#3507);
#3503 = LINE('',#3504,#3505);
#3504 = CARTESIAN_POINT('',(-4.138911435803E-13,0.));
#3505 = VECTOR('',#3506,1.);
#3506 = DIRECTION('',(-0.,-1.));
#3507 = ( GEOMETRIC_REPRESENTATION_CONTEXT(2) 
PARAMETRIC_REPRESENTATION_CONTEXT() REPRESENTATION_CONTEXT('2D SPACE',''
  ) );
#3508 = PCURVE('',#3497,#3509);
#3509 = DEFINITIONAL_REPRESENTATION('',(#3510),#3514);
#3510 = LINE('',#3511,#3512);
#3511 = CARTESIAN_POINT('',(6.28318530718,0.));
#3512 = VECTOR('',#3513,1.);
#3513 = DIRECTION('',(-0.,-1.));
#3514 = ( GEOMETRIC_REPRESENTATION_CONTEXT(2) 
PARAMETRIC_REPRESENTATION_CONTEXT() REPRESENTATION_CONTEXT('2D SPACE',''
  ) );
#3515 = ORIENTED_EDGE('',*,*,#3516,.F.);
#3516 = EDGE_CURVE('',#3517,#3489,#3519,.T.);
#3517 = VERTEX_POINT('',#3518);
#3518 = CARTESIAN_POINT('',(-41.10561975177,-55.,115.32522729151));
#3519 = SURFACE_CURVE('',#3520,(#3547,#3577),.PCURVE_S1.);
#3520 = B_SPLINE_CURVE_WITH_KNOTS('',7,(#3521,#3522,#3523,#3524,#3525,
    #3526,#3527,#3528,#3529,#3530,#3531,#3532,#3533,#3534,#3535,#3536,
    #3537,#3538,#3539,#3540,#3541,#3542,#3543,#3544,#3545,#3546),
  .UNSPECIFIED.,.F.,.F.,(8,6,6,6,8),(0.,0.24733759164,0.500047706176,
    0.752758172897,1.),.UNSPECIFIED.);
#3521 = CARTESIAN_POINT('',(-41.,-57.7,116.7));
#3522 = CARTESIAN_POINT('',(-41.,-57.7,116.47558724407));
#3523 = CARTESIAN_POINT('',(-41.00652852687,-57.66543879268,
    116.25682870842));
#3524 = CARTESIAN_POINT('',(-41.01899167682,-57.5994489608,
    116.0498962437));
#3525 = CARTESIAN_POINT('',(-41.03577864865,-57.50633122788,
    115.85999047544));
#3526 = CARTESIAN_POINT('',(-41.05463441076,-57.39153379829,
    115.69116691481));
#3527 = CARTESIAN_POINT('',(-41.0734591809,-57.26162948502,
    115.5459449714));
#3528 = CARTESIAN_POINT('',(-41.10851194502,-56.98384634931,
    115.30104619432));
#3529 = CARTESIAN_POINT('',(-41.12511569628,-56.83214129266,
    115.19934435118));
#3530 = CARTESIAN_POINT('',(-41.13940841369,-56.67260831008,
    115.11902998036));
#3531 = CARTESIAN_POINT('',(-41.15059257437,-56.50779017516,
    115.05937641545));
#3532 = CARTESIAN_POINT('',(-41.15820379356,-56.33966641525,
    115.01980764696));
#3533 = CARTESIAN_POINT('',(-41.16201380403,-56.16989107475,115.));
#3534 = CARTESIAN_POINT('',(-41.16201380403,-55.83010868848,115.));
#3535 = CARTESIAN_POINT('',(-41.15820378586,-55.66033109558,
    115.01980768859));
#3536 = CARTESIAN_POINT('',(-41.15059237538,-55.49220596745,
    115.05937745461));
#3537 = CARTESIAN_POINT('',(-41.13940808832,-55.32738922925,
    115.11903165157));
#3538 = CARTESIAN_POINT('',(-41.12511572099,-55.16785967721,
    115.19934470757));
#3539 = CARTESIAN_POINT('',(-41.10851227839,-55.01615629254,
    115.3010438652));
#3540 = CARTESIAN_POINT('',(-41.07346559188,-54.73842132015,
    115.54590018061));
#3541 = CARTESIAN_POINT('',(-41.05463892963,-54.60848769232,
    115.69112523802));
#3542 = CARTESIAN_POINT('',(-41.035775887,-54.49364644645,
    115.85999528171));
#3543 = CARTESIAN_POINT('',(-41.01898351705,-54.40050793044,
    116.04996504101));
#3544 = CARTESIAN_POINT('',(-41.00652280531,-54.33453090504,
    116.25694175779));
#3545 = CARTESIAN_POINT('',(-41.,-54.3,116.47568563485));
#3546 = CARTESIAN_POINT('',(-41.,-54.3,116.7));
#3547 = PCURVE('',#3497,#3548);
#3548 = DEFINITIONAL_REPRESENTATION('',(#3549),#3576);
#3549 = B_SPLINE_CURVE_WITH_KNOTS('',7,(#3550,#3551,#3552,#3553,#3554,
    #3555,#3556,#3557,#3558,#3559,#3560,#3561,#3562,#3563,#3564,#3565,
    #3566,#3567,#3568,#3569,#3570,#3571,#3572,#3573,#3574,#3575),
  .UNSPECIFIED.,.F.,.F.,(8,6,6,6,8),(0.,0.24733759164,0.500047706176,
    0.752758172897,1.),.UNSPECIFIED.);
#3550 = CARTESIAN_POINT('',(-4.138911435803E-13,-8.7));
#3551 = CARTESIAN_POINT('',(2.493475065859E-02,-8.7));
#3552 = CARTESIAN_POINT('',(4.924128190059E-02,-8.665438792687));
#3553 = CARTESIAN_POINT('',(7.225894915359E-02,-8.599448960801));
#3554 = CARTESIAN_POINT('',(9.343025011959E-02,-8.506331227882));
#3555 = CARTESIAN_POINT('',(0.112300253056,-8.39153379829));
#3556 = CARTESIAN_POINT('',(0.128569574346,-8.261629485027));
#3557 = CARTESIAN_POINT('',(0.156057867542,-7.983846349319));
#3558 = CARTESIAN_POINT('',(0.16750546336,-7.832141292663));
#3559 = CARTESIAN_POINT('',(0.176568644026,-7.672608310084));
#3560 = CARTESIAN_POINT('',(0.183312220168,-7.507790175161));
#3561 = CARTESIAN_POINT('',(0.187789349846,-7.339666415257));
#3562 = CARTESIAN_POINT('',(0.190030543657,-7.169891074751));
#3563 = CARTESIAN_POINT('',(0.190030543657,-6.830108688483));
#3564 = CARTESIAN_POINT('',(0.187789345189,-6.660331095581));
#3565 = CARTESIAN_POINT('',(0.183312102444,-6.492205967452));
#3566 = CARTESIAN_POINT('',(0.176568455155,-6.327389229257));
#3567 = CARTESIAN_POINT('',(0.167505424582,-6.167859677219));
#3568 = CARTESIAN_POINT('',(0.15605812897,-6.016156292548));
#3569 = CARTESIAN_POINT('',(0.128574601821,-5.738421320157));
#3570 = CARTESIAN_POINT('',(0.112304908904,-5.608487692329));
#3571 = CARTESIAN_POINT('',(9.342967970359E-02,-5.493646446455));
#3572 = CARTESIAN_POINT('',(7.225126920959E-02,-5.400507930441));
#3573 = CARTESIAN_POINT('',(4.922872127859E-02,-5.33453090504));
#3574 = CARTESIAN_POINT('',(2.492381834959E-02,-5.3));
#3575 = CARTESIAN_POINT('',(-4.138911435803E-13,-5.3));
#3576 = ( GEOMETRIC_REPRESENTATION_CONTEXT(2) 
PARAMETRIC_REPRESENTATION_CONTEXT() REPRESENTATION_CONTEXT('2D SPACE',''
  ) );
#3577 = PCURVE('',#3578,#3583);
#3578 = CYLINDRICAL_SURFACE('',#3579,1.7);
#3579 = AXIS2_PLACEMENT_3D('',#3580,#3581,#3582);
#3580 = CARTESIAN_POINT('',(-50.,-56.,116.7));
#3581 = DIRECTION('',(-1.,0.,-0.));
#3582 = DIRECTION('',(0.,1.110223024625E-16,1.));
#3583 = DEFINITIONAL_REPRESENTATION('',(#3584),#3599);
#3584 = B_SPLINE_CURVE_WITH_KNOTS('',7,(#3585,#3586,#3587,#3588,#3589,
    #3590,#3591,#3592,#3593,#3594,#3595,#3596,#3597,#3598),
  .UNSPECIFIED.,.F.,.F.,(8,6,8),(0.721679204433,0.75275817185,1.),
  .UNSPECIFIED.);
#3585 = CARTESIAN_POINT('',(2.512717727959,-8.894380245686));
#3586 = CARTESIAN_POINT('',(2.499480002169,-8.896426353622));
#3587 = CARTESIAN_POINT('',(2.486195959196,-8.898499529037));
#3588 = CARTESIAN_POINT('',(2.472864072656,-8.900597896894));
#3589 = CARTESIAN_POINT('',(2.45948278362,-8.902719496235));
#3590 = CARTESIAN_POINT('',(2.446050496937,-8.904862278075));
#3591 = CARTESIAN_POINT('',(2.432565577058,-8.90702410333));
#3592 = CARTESIAN_POINT('',(2.311317973481,-8.926534408115));
#3593 = CARTESIAN_POINT('',(2.197492187235,-8.945361070366));
#3594 = CARTESIAN_POINT('',(2.079087517005,-8.964224112991));
#3595 = CARTESIAN_POINT('',(1.956922412075,-8.981016482942));
#3596 = CARTESIAN_POINT('',(1.831418724276,-8.993477194684));
#3597 = CARTESIAN_POINT('',(1.702745953353,-9.));
#3598 = CARTESIAN_POINT('',(1.570796326795,-9.));
#3599 = ( GEOMETRIC_REPRESENTATION_CONTEXT(2) 
PARAMETRIC_REPRESENTATION_CONTEXT() REPRESENTATION_CONTEXT('2D SPACE',''
  ) );
#3600 = ORIENTED_EDGE('',*,*,#3601,.T.);
#3601 = EDGE_CURVE('',#3517,#3602,#3604,.T.);
#3602 = VERTEX_POINT('',#3603);
#3603 = CARTESIAN_POINT('',(-48.66209118397,-55.,107.8));
#3604 = SURFACE_CURVE('',#3605,(#3610,#3617),.PCURVE_S1.);
#3605 = CIRCLE('',#3606,9.);
#3606 = AXIS2_PLACEMENT_3D('',#3607,#3608,#3609);
#3607 = CARTESIAN_POINT('',(-50.,-55.,116.7));
#3608 = DIRECTION('',(0.,1.,-1.110223024625E-16));
#3609 = DIRECTION('',(1.,0.,0.));
#3610 = PCURVE('',#3497,#3611);
#3611 = DEFINITIONAL_REPRESENTATION('',(#3612),#3616);
#3612 = LINE('',#3613,#3614);
#3613 = CARTESIAN_POINT('',(-4.138911435803E-13,-6.));
#3614 = VECTOR('',#3615,1.);
#3615 = DIRECTION('',(1.,-0.));
#3616 = ( GEOMETRIC_REPRESENTATION_CONTEXT(2) 
PARAMETRIC_REPRESENTATION_CONTEXT() REPRESENTATION_CONTEXT('2D SPACE',''
  ) );
#3617 = PCURVE('',#3618,#3623);
#3618 = PLANE('',#3619);
#3619 = AXIS2_PLACEMENT_3D('',#3620,#3621,#3622);
#3620 = CARTESIAN_POINT('',(-59.,-55.,121.8));
#3621 = DIRECTION('',(0.,-1.,1.110223024625E-16));
#3622 = DIRECTION('',(0.,-1.110223024625E-16,-1.));
#3623 = DEFINITIONAL_REPRESENTATION('',(#3624),#3632);
#3624 = ( BOUNDED_CURVE() B_SPLINE_CURVE(2,(#3625,#3626,#3627,#3628,
#3629,#3630,#3631),.UNSPECIFIED.,.T.,.F.) B_SPLINE_CURVE_WITH_KNOTS((1,2
    ,2,2,2,1),(-2.094395102393,0.,2.094395102393,4.188790204786,
6.28318530718,8.377580409573),.UNSPECIFIED.) CURVE() 
GEOMETRIC_REPRESENTATION_ITEM() RATIONAL_B_SPLINE_CURVE((1.,0.5,1.,0.5,
1.,0.5,1.)) REPRESENTATION_ITEM('') );
#3625 = CARTESIAN_POINT('',(5.1,18.));
#3626 = CARTESIAN_POINT('',(20.68845726812,18.));
#3627 = CARTESIAN_POINT('',(12.89422863406,4.5));
#3628 = CARTESIAN_POINT('',(5.1,-9.));
#3629 = CARTESIAN_POINT('',(-2.69422863406,4.5));
#3630 = CARTESIAN_POINT('',(-10.48845726812,18.));
#3631 = CARTESIAN_POINT('',(5.1,18.));
#3632 = ( GEOMETRIC_REPRESENTATION_CONTEXT(2) 
PARAMETRIC_REPRESENTATION_CONTEXT() REPRESENTATION_CONTEXT('2D SPACE',''
  ) );
#3633 = ORIENTED_EDGE('',*,*,#3634,.F.);
#3634 = EDGE_CURVE('',#3635,#3602,#3637,.T.);
#3635 = VERTEX_POINT('',#3636);
#3636 = CARTESIAN_POINT('',(-48.66209118397,-57.,107.8));
#3637 = SURFACE_CURVE('',#3638,(#3642,#3648),.PCURVE_S1.);
#3638 = LINE('',#3639,#3640);
#3639 = CARTESIAN_POINT('',(-48.66209118397,-49.,107.8));
#3640 = VECTOR('',#3641,1.);
#3641 = DIRECTION('',(-0.,1.,-1.110223024625E-16));
#3642 = PCURVE('',#3497,#3643);
#3643 = DEFINITIONAL_REPRESENTATION('',(#3644),#3647);
#3644 = B_SPLINE_CURVE_WITH_KNOTS('',1,(#3645,#3646),.UNSPECIFIED.,.F.,
  .F.,(2,2),(-8.2,-5.8),.PIECEWISE_BEZIER_KNOTS.);
#3645 = CARTESIAN_POINT('',(1.42158675319,-8.2));
#3646 = CARTESIAN_POINT('',(1.42158675319,-5.8));
#3647 = ( GEOMETRIC_REPRESENTATION_CONTEXT(2) 
PARAMETRIC_REPRESENTATION_CONTEXT() REPRESENTATION_CONTEXT('2D SPACE',''
  ) );
#3648 = PCURVE('',#3649,#3654);
#3649 = PLANE('',#3650);
#3650 = AXIS2_PLACEMENT_3D('',#3651,#3652,#3653);
#3651 = CARTESIAN_POINT('',(-59.,-55.,107.8));
#3652 = DIRECTION('',(0.,-1.110223024625E-16,-1.));
#3653 = DIRECTION('',(1.,0.,0.));
#3654 = DEFINITIONAL_REPRESENTATION('',(#3655),#3659);
#3655 = LINE('',#3656,#3657);
#3656 = CARTESIAN_POINT('',(10.337908816026,-6.));
#3657 = VECTOR('',#3658,1.);
#3658 = DIRECTION('',(0.,-1.));
#3659 = ( GEOMETRIC_REPRESENTATION_CONTEXT(2) 
PARAMETRIC_REPRESENTATION_CONTEXT() REPRESENTATION_CONTEXT('2D SPACE',''
  ) );
#3660 = ORIENTED_EDGE('',*,*,#3661,.F.);
#3661 = EDGE_CURVE('',#3662,#3635,#3664,.T.);
#3662 = VERTEX_POINT('',#3663);
#3663 = CARTESIAN_POINT('',(-41.10561975177,-57.,115.32522729151));
#3664 = SURFACE_CURVE('',#3665,(#3670,#3677),.PCURVE_S1.);
#3665 = CIRCLE('',#3666,9.);
#3666 = AXIS2_PLACEMENT_3D('',#3667,#3668,#3669);
#3667 = CARTESIAN_POINT('',(-50.,-57.,116.7));
#3668 = DIRECTION('',(0.,1.,-1.110223024625E-16));
#3669 = DIRECTION('',(1.,0.,0.));
#3670 = PCURVE('',#3497,#3671);
#3671 = DEFINITIONAL_REPRESENTATION('',(#3672),#3676);
#3672 = LINE('',#3673,#3674);
#3673 = CARTESIAN_POINT('',(-4.138911435803E-13,-8.));
#3674 = VECTOR('',#3675,1.);
#3675 = DIRECTION('',(1.,-0.));
#3676 = ( GEOMETRIC_REPRESENTATION_CONTEXT(2) 
PARAMETRIC_REPRESENTATION_CONTEXT() REPRESENTATION_CONTEXT('2D SPACE',''
  ) );
#3677 = PCURVE('',#3678,#3683);
#3678 = PLANE('',#3679);
#3679 = AXIS2_PLACEMENT_3D('',#3680,#3681,#3682);
#3680 = CARTESIAN_POINT('',(-59.,-57.,121.8));
#3681 = DIRECTION('',(0.,-1.,1.110223024625E-16));
#3682 = DIRECTION('',(0.,-1.110223024625E-16,-1.));
#3683 = DEFINITIONAL_REPRESENTATION('',(#3684),#3692);
#3684 = ( BOUNDED_CURVE() B_SPLINE_CURVE(2,(#3685,#3686,#3687,#3688,
#3689,#3690,#3691),.UNSPECIFIED.,.T.,.F.) B_SPLINE_CURVE_WITH_KNOTS((1,2
    ,2,2,2,1),(-2.094395102393,0.,2.094395102393,4.188790204786,
6.28318530718,8.377580409573),.UNSPECIFIED.) CURVE() 
GEOMETRIC_REPRESENTATION_ITEM() RATIONAL_B_SPLINE_CURVE((1.,0.5,1.,0.5,
1.,0.5,1.)) REPRESENTATION_ITEM('') );
#3685 = CARTESIAN_POINT('',(5.1,18.));
#3686 = CARTESIAN_POINT('',(20.68845726812,18.));
#3687 = CARTESIAN_POINT('',(12.89422863406,4.5));
#3688 = CARTESIAN_POINT('',(5.1,-9.));
#3689 = CARTESIAN_POINT('',(-2.69422863406,4.5));
#3690 = CARTESIAN_POINT('',(-10.48845726812,18.));
#3691 = CARTESIAN_POINT('',(5.1,18.));
#3692 = ( GEOMETRIC_REPRESENTATION_CONTEXT(2) 
PARAMETRIC_REPRESENTATION_CONTEXT() REPRESENTATION_CONTEXT('2D SPACE',''
  ) );
#3693 = ORIENTED_EDGE('',*,*,#3694,.F.);
#3694 = EDGE_CURVE('',#3695,#3662,#3697,.T.);
#3695 = VERTEX_POINT('',#3696);
#3696 = CARTESIAN_POINT('',(-41.,-57.7,116.7));
#3697 = SURFACE_CURVE('',#3698,(#3725,#3755),.PCURVE_S1.);
#3698 = B_SPLINE_CURVE_WITH_KNOTS('',7,(#3699,#3700,#3701,#3702,#3703,
    #3704,#3705,#3706,#3707,#3708,#3709,#3710,#3711,#3712,#3713,#3714,
    #3715,#3716,#3717,#3718,#3719,#3720,#3721,#3722,#3723,#3724),
  .UNSPECIFIED.,.F.,.F.,(8,6,6,6,8),(0.,0.24733759164,0.500047706176,
    0.752758172897,1.),.UNSPECIFIED.);
#3699 = CARTESIAN_POINT('',(-41.,-57.7,116.7));
#3700 = CARTESIAN_POINT('',(-41.,-57.7,116.47558724407));
#3701 = CARTESIAN_POINT('',(-41.00652852687,-57.66543879268,
    116.25682870842));
#3702 = CARTESIAN_POINT('',(-41.01899167682,-57.5994489608,
    116.0498962437));
#3703 = CARTESIAN_POINT('',(-41.03577864865,-57.50633122788,
    115.85999047544));
#3704 = CARTESIAN_POINT('',(-41.05463441076,-57.39153379829,
    115.69116691481));
#3705 = CARTESIAN_POINT('',(-41.0734591809,-57.26162948502,
    115.5459449714));
#3706 = CARTESIAN_POINT('',(-41.10851194502,-56.98384634931,
    115.30104619432));
#3707 = CARTESIAN_POINT('',(-41.12511569628,-56.83214129266,
    115.19934435118));
#3708 = CARTESIAN_POINT('',(-41.13940841369,-56.67260831008,
    115.11902998036));
#3709 = CARTESIAN_POINT('',(-41.15059257437,-56.50779017516,
    115.05937641545));
#3710 = CARTESIAN_POINT('',(-41.15820379356,-56.33966641525,
    115.01980764696));
#3711 = CARTESIAN_POINT('',(-41.16201380403,-56.16989107475,115.));
#3712 = CARTESIAN_POINT('',(-41.16201380403,-55.83010868848,115.));
#3713 = CARTESIAN_POINT('',(-41.15820378586,-55.66033109558,
    115.01980768859));
#3714 = CARTESIAN_POINT('',(-41.15059237538,-55.49220596745,
    115.05937745461));
#3715 = CARTESIAN_POINT('',(-41.13940808832,-55.32738922925,
    115.11903165157));
#3716 = CARTESIAN_POINT('',(-41.12511572099,-55.16785967721,
    115.19934470757));
#3717 = CARTESIAN_POINT('',(-41.10851227839,-55.01615629254,
    115.3010438652));
#3718 = CARTESIAN_POINT('',(-41.07346559188,-54.73842132015,
    115.54590018061));
#3719 = CARTESIAN_POINT('',(-41.05463892963,-54.60848769232,
    115.69112523802));
#3720 = CARTESIAN_POINT('',(-41.035775887,-54.49364644645,
    115.85999528171));
#3721 = CARTESIAN_POINT('',(-41.01898351705,-54.40050793044,
    116.04996504101));
#3722 = CARTESIAN_POINT('',(-41.00652280531,-54.33453090504,
    116.25694175779));
#3723 = CARTESIAN_POINT('',(-41.,-54.3,116.47568563485));
#3724 = CARTESIAN_POINT('',(-41.,-54.3,116.7));
#3725 = PCURVE('',#3497,#3726);
#3726 = DEFINITIONAL_REPRESENTATION('',(#3727),#3754);
#3727 = B_SPLINE_CURVE_WITH_KNOTS('',7,(#3728,#3729,#3730,#3731,#3732,
    #3733,#3734,#3735,#3736,#3737,#3738,#3739,#3740,#3741,#3742,#3743,
    #3744,#3745,#3746,#3747,#3748,#3749,#3750,#3751,#3752,#3753),
  .UNSPECIFIED.,.F.,.F.,(8,6,6,6,8),(0.,0.24733759164,0.500047706176,
    0.752758172897,1.),.UNSPECIFIED.);
#3728 = CARTESIAN_POINT('',(-4.138911435803E-13,-8.7));
#3729 = CARTESIAN_POINT('',(2.493475065859E-02,-8.7));
#3730 = CARTESIAN_POINT('',(4.924128190059E-02,-8.665438792687));
#3731 = CARTESIAN_POINT('',(7.225894915359E-02,-8.599448960801));
#3732 = CARTESIAN_POINT('',(9.343025011959E-02,-8.506331227882));
#3733 = CARTESIAN_POINT('',(0.112300253056,-8.39153379829));
#3734 = CARTESIAN_POINT('',(0.128569574346,-8.261629485027));
#3735 = CARTESIAN_POINT('',(0.156057867542,-7.983846349319));
#3736 = CARTESIAN_POINT('',(0.16750546336,-7.832141292663));
#3737 = CARTESIAN_POINT('',(0.176568644026,-7.672608310084));
#3738 = CARTESIAN_POINT('',(0.183312220168,-7.507790175161));
#3739 = CARTESIAN_POINT('',(0.187789349846,-7.339666415257));
#3740 = CARTESIAN_POINT('',(0.190030543657,-7.169891074751));
#3741 = CARTESIAN_POINT('',(0.190030543657,-6.830108688483));
#3742 = CARTESIAN_POINT('',(0.187789345189,-6.660331095581));
#3743 = CARTESIAN_POINT('',(0.183312102444,-6.492205967452));
#3744 = CARTESIAN_POINT('',(0.176568455155,-6.327389229257));
#3745 = CARTESIAN_POINT('',(0.167505424582,-6.167859677219));
#3746 = CARTESIAN_POINT('',(0.15605812897,-6.016156292548));
#3747 = CARTESIAN_POINT('',(0.128574601821,-5.738421320157));
#3748 = CARTESIAN_POINT('',(0.112304908904,-5.608487692329));
#3749 = CARTESIAN_POINT('',(9.342967970359E-02,-5.493646446455));
#3750 = CARTESIAN_POINT('',(7.225126920959E-02,-5.400507930441));
#3751 = CARTESIAN_POINT('',(4.922872127859E-02,-5.33453090504));
#3752 = CARTESIAN_POINT('',(2.492381834959E-02,-5.3));
#3753 = CARTESIAN_POINT('',(-4.138911435803E-13,-5.3));
#3754 = ( GEOMETRIC_REPRESENTATION_CONTEXT(2) 
PARAMETRIC_REPRESENTATION_CONTEXT() REPRESENTATION_CONTEXT('2D SPACE',''
  ) );
#3755 = PCURVE('',#3756,#3761);
#3756 = CYLINDRICAL_SURFACE('',#3757,1.7);
#3757 = AXIS2_PLACEMENT_3D('',#3758,#3759,#3760);
#3758 = CARTESIAN_POINT('',(-50.,-56.,116.7));
#3759 = DIRECTION('',(-1.,0.,-0.));
#3760 = DIRECTION('',(0.,1.110223024625E-16,1.));
#3761 = DEFINITIONAL_REPRESENTATION('',(#3762),#3777);
#3762 = B_SPLINE_CURVE_WITH_KNOTS('',7,(#3763,#3764,#3765,#3766,#3767,
    #3768,#3769,#3770,#3771,#3772,#3773,#3774,#3775,#3776),
  .UNSPECIFIED.,.F.,.F.,(8,6,8),(0.,0.247337592675,0.278416779727),
  .UNSPECIFIED.);
#3763 = CARTESIAN_POINT('',(4.712388980385,-9.));
#3764 = CARTESIAN_POINT('',(4.580381476897,-9.));
#3765 = CARTESIAN_POINT('',(4.451700070946,-8.993471473126));
#3766 = CARTESIAN_POINT('',(4.326217548313,-8.981008323178));
#3767 = CARTESIAN_POINT('',(4.204088397112,-8.964221351347));
#3768 = CARTESIAN_POINT('',(4.085718802046,-8.945365589232));
#3769 = CARTESIAN_POINT('',(3.971907175002,-8.926540819095));
#3770 = CARTESIAN_POINT('',(3.85061987036,-8.907024125897));
#3771 = CARTESIAN_POINT('',(3.837135033373,-8.904862313781));
#3772 = CARTESIAN_POINT('',(3.823702779109,-8.902719536829));
#3773 = CARTESIAN_POINT('',(3.810321478362,-8.900597935275));
#3774 = CARTESIAN_POINT('',(3.796989541822,-8.898499559211));
#3775 = CARTESIAN_POINT('',(3.783705415931,-8.896426370637));
#3776 = CARTESIAN_POINT('',(3.770467579227,-8.89438024556));
#3777 = ( GEOMETRIC_REPRESENTATION_CONTEXT(2) 
PARAMETRIC_REPRESENTATION_CONTEXT() REPRESENTATION_CONTEXT('2D SPACE',''
  ) );
#3778 = ORIENTED_EDGE('',*,*,#3779,.T.);
#3779 = EDGE_CURVE('',#3695,#3780,#3782,.T.);
#3780 = VERTEX_POINT('',#3781);
#3781 = CARTESIAN_POINT('',(-41.,-72.3,116.7));
#3782 = SEAM_CURVE('',#3783,(#3787,#3794),.PCURVE_S1.);
#3783 = LINE('',#3784,#3785);
#3784 = CARTESIAN_POINT('',(-41.,-49.,116.7));
#3785 = VECTOR('',#3786,1.);
#3786 = DIRECTION('',(0.,-1.,1.110223024625E-16));
#3787 = PCURVE('',#3497,#3788);
#3788 = DEFINITIONAL_REPRESENTATION('',(#3789),#3793);
#3789 = LINE('',#3790,#3791);
#3790 = CARTESIAN_POINT('',(-4.138911435803E-13,0.));
#3791 = VECTOR('',#3792,1.);
#3792 = DIRECTION('',(-0.,-1.));
#3793 = ( GEOMETRIC_REPRESENTATION_CONTEXT(2) 
PARAMETRIC_REPRESENTATION_CONTEXT() REPRESENTATION_CONTEXT('2D SPACE',''
  ) );
#3794 = PCURVE('',#3497,#3795);
#3795 = DEFINITIONAL_REPRESENTATION('',(#3796),#3800);
#3796 = LINE('',#3797,#3798);
#3797 = CARTESIAN_POINT('',(6.28318530718,0.));
#3798 = VECTOR('',#3799,1.);
#3799 = DIRECTION('',(-0.,-1.));
#3800 = ( GEOMETRIC_REPRESENTATION_CONTEXT(2) 
PARAMETRIC_REPRESENTATION_CONTEXT() REPRESENTATION_CONTEXT('2D SPACE',''
  ) );
#3801 = ORIENTED_EDGE('',*,*,#3802,.F.);
#3802 = EDGE_CURVE('',#3803,#3780,#3805,.T.);
#3803 = VERTEX_POINT('',#3804);
#3804 = CARTESIAN_POINT('',(-41.,-75.7,116.7));
#3805 = SURFACE_CURVE('',#3806,(#3833,#3863),.PCURVE_S1.);
#3806 = B_SPLINE_CURVE_WITH_KNOTS('',7,(#3807,#3808,#3809,#3810,#3811,
    #3812,#3813,#3814,#3815,#3816,#3817,#3818,#3819,#3820,#3821,#3822,
    #3823,#3824,#3825,#3826,#3827,#3828,#3829,#3830,#3831,#3832),
  .UNSPECIFIED.,.F.,.F.,(8,6,6,6,8),(0.,0.24733759164,0.500047706176,
    0.752758172897,1.),.UNSPECIFIED.);
#3807 = CARTESIAN_POINT('',(-41.,-75.7,116.7));
#3808 = CARTESIAN_POINT('',(-41.,-75.7,116.47558724407));
#3809 = CARTESIAN_POINT('',(-41.00652852687,-75.66543879268,
    116.25682870842));
#3810 = CARTESIAN_POINT('',(-41.01899167682,-75.5994489608,
    116.0498962437));
#3811 = CARTESIAN_POINT('',(-41.03577864865,-75.50633122788,
    115.85999047544));
#3812 = CARTESIAN_POINT('',(-41.05463441076,-75.39153379829,
    115.69116691481));
#3813 = CARTESIAN_POINT('',(-41.0734591809,-75.26162948502,
    115.5459449714));
#3814 = CARTESIAN_POINT('',(-41.10851194502,-74.98384634931,
    115.30104619432));
#3815 = CARTESIAN_POINT('',(-41.12511569628,-74.83214129266,
    115.19934435118));
#3816 = CARTESIAN_POINT('',(-41.13940841369,-74.67260831008,
    115.11902998036));
#3817 = CARTESIAN_POINT('',(-41.15059257437,-74.50779017516,
    115.05937641545));
#3818 = CARTESIAN_POINT('',(-41.15820379356,-74.33966641525,
    115.01980764696));
#3819 = CARTESIAN_POINT('',(-41.16201380403,-74.16989107475,115.));
#3820 = CARTESIAN_POINT('',(-41.16201380403,-73.83010868848,115.));
#3821 = CARTESIAN_POINT('',(-41.15820378586,-73.66033109558,
    115.01980768859));
#3822 = CARTESIAN_POINT('',(-41.15059237538,-73.49220596745,
    115.05937745461));
#3823 = CARTESIAN_POINT('',(-41.13940808832,-73.32738922925,
    115.11903165157));
#3824 = CARTESIAN_POINT('',(-41.12511572099,-73.16785967721,
    115.19934470757));
#3825 = CARTESIAN_POINT('',(-41.10851227839,-73.01615629254,
    115.3010438652));
#3826 = CARTESIAN_POINT('',(-41.07346559188,-72.73842132015,
    115.54590018061));
#3827 = CARTESIAN_POINT('',(-41.05463892963,-72.60848769232,
    115.69112523802));
#3828 = CARTESIAN_POINT('',(-41.035775887,-72.49364644645,
    115.85999528171));
#3829 = CARTESIAN_POINT('',(-41.01898351705,-72.40050793044,
    116.04996504101));
#3830 = CARTESIAN_POINT('',(-41.00652280531,-72.33453090504,
    116.25694175779));
#3831 = CARTESIAN_POINT('',(-41.,-72.3,116.47568563485));
#3832 = CARTESIAN_POINT('',(-41.,-72.3,116.7));
#3833 = PCURVE('',#3497,#3834);
#3834 = DEFINITIONAL_REPRESENTATION('',(#3835),#3862);
#3835 = B_SPLINE_CURVE_WITH_KNOTS('',7,(#3836,#3837,#3838,#3839,#3840,
    #3841,#3842,#3843,#3844,#3845,#3846,#3847,#3848,#3849,#3850,#3851,
    #3852,#3853,#3854,#3855,#3856,#3857,#3858,#3859,#3860,#3861),
  .UNSPECIFIED.,.F.,.F.,(8,6,6,6,8),(0.,0.24733759164,0.500047706176,
    0.752758172897,1.),.UNSPECIFIED.);
#3836 = CARTESIAN_POINT('',(-4.138911435803E-13,-26.7));
#3837 = CARTESIAN_POINT('',(2.493475065859E-02,-26.7));
#3838 = CARTESIAN_POINT('',(4.924128190059E-02,-26.66543879268));
#3839 = CARTESIAN_POINT('',(7.225894915359E-02,-26.5994489608));
#3840 = CARTESIAN_POINT('',(9.343025011959E-02,-26.50633122788));
#3841 = CARTESIAN_POINT('',(0.112300253056,-26.39153379829));
#3842 = CARTESIAN_POINT('',(0.128569574346,-26.26162948502));
#3843 = CARTESIAN_POINT('',(0.156057867542,-25.98384634931));
#3844 = CARTESIAN_POINT('',(0.16750546336,-25.83214129266));
#3845 = CARTESIAN_POINT('',(0.176568644026,-25.67260831008));
#3846 = CARTESIAN_POINT('',(0.183312220168,-25.50779017516));
#3847 = CARTESIAN_POINT('',(0.187789349846,-25.33966641525));
#3848 = CARTESIAN_POINT('',(0.190030543657,-25.16989107475));
#3849 = CARTESIAN_POINT('',(0.190030543657,-24.83010868848));
#3850 = CARTESIAN_POINT('',(0.187789345189,-24.66033109558));
#3851 = CARTESIAN_POINT('',(0.183312102444,-24.49220596745));
#3852 = CARTESIAN_POINT('',(0.176568455155,-24.32738922925));
#3853 = CARTESIAN_POINT('',(0.167505424582,-24.16785967721));
#3854 = CARTESIAN_POINT('',(0.15605812897,-24.01615629254));
#3855 = CARTESIAN_POINT('',(0.128574601821,-23.73842132015));
#3856 = CARTESIAN_POINT('',(0.112304908904,-23.60848769232));
#3857 = CARTESIAN_POINT('',(9.342967970359E-02,-23.49364644645));
#3858 = CARTESIAN_POINT('',(7.225126920959E-02,-23.40050793044));
#3859 = CARTESIAN_POINT('',(4.922872127859E-02,-23.33453090504));
#3860 = CARTESIAN_POINT('',(2.492381834959E-02,-23.3));
#3861 = CARTESIAN_POINT('',(-4.138911435803E-13,-23.3));
#3862 = ( GEOMETRIC_REPRESENTATION_CONTEXT(2) 
PARAMETRIC_REPRESENTATION_CONTEXT() REPRESENTATION_CONTEXT('2D SPACE',''
  ) );
#3863 = PCURVE('',#3864,#3869);
#3864 = CYLINDRICAL_SURFACE('',#3865,1.7);
#3865 = AXIS2_PLACEMENT_3D('',#3866,#3867,#3868);
#3866 = CARTESIAN_POINT('',(-50.,-74.,116.7));
#3867 = DIRECTION('',(-1.,0.,-0.));
#3868 = DIRECTION('',(0.,1.110223024625E-16,1.));
#3869 = DEFINITIONAL_REPRESENTATION('',(#3870),#3897);
#3870 = B_SPLINE_CURVE_WITH_KNOTS('',7,(#3871,#3872,#3873,#3874,#3875,
    #3876,#3877,#3878,#3879,#3880,#3881,#3882,#3883,#3884,#3885,#3886,
    #3887,#3888,#3889,#3890,#3891,#3892,#3893,#3894,#3895,#3896),
  .UNSPECIFIED.,.F.,.F.,(8,6,6,6,8),(0.,0.24733759164,0.500047706176,
    0.752758172897,1.),.UNSPECIFIED.);
#3871 = CARTESIAN_POINT('',(4.712388980385,-9.));
#3872 = CARTESIAN_POINT('',(4.580381476897,-9.));
#3873 = CARTESIAN_POINT('',(4.451700070946,-8.993471473126));
#3874 = CARTESIAN_POINT('',(4.326217548313,-8.981008323178));
#3875 = CARTESIAN_POINT('',(4.204088397112,-8.964221351347));
#3876 = CARTESIAN_POINT('',(4.085718802046,-8.945365589232));
#3877 = CARTESIAN_POINT('',(3.971907175002,-8.926540819095));
#3878 = CARTESIAN_POINT('',(3.754070309037,-8.891488054975));
#3879 = CARTESIAN_POINT('',(3.647568876248,-8.874884303715));
#3880 = CARTESIAN_POINT('',(3.543754807825,-8.860591586308));
#3881 = CARTESIAN_POINT('',(3.441923374509,-8.849407425624));
#3882 = CARTESIAN_POINT('',(3.341396310352,-8.841796206436));
#3883 = CARTESIAN_POINT('',(3.241528579914,-8.837986195961));
#3884 = CARTESIAN_POINT('',(3.041656587992,-8.837986195961));
#3885 = CARTESIAN_POINT('',(2.941787540307,-8.841796214139));
#3886 = CARTESIAN_POINT('',(2.841259637363,-8.849407624614));
#3887 = CARTESIAN_POINT('',(2.739428877422,-8.860591911675));
#3888 = CARTESIAN_POINT('',(2.635616722004,-8.874884279006));
#3889 = CARTESIAN_POINT('',(2.529117069889,-8.891487721604));
#3890 = CARTESIAN_POINT('',(2.311317973481,-8.926534408115));
#3891 = CARTESIAN_POINT('',(2.197492187235,-8.945361070366));
#3892 = CARTESIAN_POINT('',(2.079087517005,-8.964224112991));
#3893 = CARTESIAN_POINT('',(1.956922412075,-8.981016482942));
#3894 = CARTESIAN_POINT('',(1.831418724276,-8.993477194684));
#3895 = CARTESIAN_POINT('',(1.702745953352,-9.));
#3896 = CARTESIAN_POINT('',(1.570796326795,-9.));
#3897 = ( GEOMETRIC_REPRESENTATION_CONTEXT(2) 
PARAMETRIC_REPRESENTATION_CONTEXT() REPRESENTATION_CONTEXT('2D SPACE',''
  ) );
#3898 = ORIENTED_EDGE('',*,*,#3899,.T.);
#3899 = EDGE_CURVE('',#3803,#3900,#3902,.T.);
#3900 = VERTEX_POINT('',#3901);
#3901 = CARTESIAN_POINT('',(-41.,-81.,116.7));
#3902 = SEAM_CURVE('',#3903,(#3907,#3914),.PCURVE_S1.);
#3903 = LINE('',#3904,#3905);
#3904 = CARTESIAN_POINT('',(-41.,-49.,116.7));
#3905 = VECTOR('',#3906,1.);
#3906 = DIRECTION('',(0.,-1.,1.110223024625E-16));
#3907 = PCURVE('',#3497,#3908);
#3908 = DEFINITIONAL_REPRESENTATION('',(#3909),#3913);
#3909 = LINE('',#3910,#3911);
#3910 = CARTESIAN_POINT('',(-4.138911435803E-13,0.));
#3911 = VECTOR('',#3912,1.);
#3912 = DIRECTION('',(-0.,-1.));
#3913 = ( GEOMETRIC_REPRESENTATION_CONTEXT(2) 
PARAMETRIC_REPRESENTATION_CONTEXT() REPRESENTATION_CONTEXT('2D SPACE',''
  ) );
#3914 = PCURVE('',#3497,#3915);
#3915 = DEFINITIONAL_REPRESENTATION('',(#3916),#3920);
#3916 = LINE('',#3917,#3918);
#3917 = CARTESIAN_POINT('',(6.28318530718,0.));
#3918 = VECTOR('',#3919,1.);
#3919 = DIRECTION('',(-0.,-1.));
#3920 = ( GEOMETRIC_REPRESENTATION_CONTEXT(2) 
PARAMETRIC_REPRESENTATION_CONTEXT() REPRESENTATION_CONTEXT('2D SPACE',''
  ) );
#3921 = ORIENTED_EDGE('',*,*,#3922,.F.);
#3922 = EDGE_CURVE('',#3900,#3900,#3923,.T.);
#3923 = SURFACE_CURVE('',#3924,(#3929,#3936),.PCURVE_S1.);
#3924 = CIRCLE('',#3925,9.);
#3925 = AXIS2_PLACEMENT_3D('',#3926,#3927,#3928);
#3926 = CARTESIAN_POINT('',(-50.,-81.,116.7));
#3927 = DIRECTION('',(0.,-1.,1.110223024625E-16));
#3928 = DIRECTION('',(1.,0.,0.));
#3929 = PCURVE('',#3497,#3930);
#3930 = DEFINITIONAL_REPRESENTATION('',(#3931),#3935);
#3931 = LINE('',#3932,#3933);
#3932 = CARTESIAN_POINT('',(6.28318530718,-32.));
#3933 = VECTOR('',#3934,1.);
#3934 = DIRECTION('',(-1.,0.));
#3935 = ( GEOMETRIC_REPRESENTATION_CONTEXT(2) 
PARAMETRIC_REPRESENTATION_CONTEXT() REPRESENTATION_CONTEXT('2D SPACE',''
  ) );
#3936 = PCURVE('',#3937,#3942);
#3937 = PLANE('',#3938);
#3938 = AXIS2_PLACEMENT_3D('',#3939,#3940,#3941);
#3939 = CARTESIAN_POINT('',(-50.,-81.,116.7));
#3940 = DIRECTION('',(0.,-1.,1.110223024625E-16));
#3941 = DIRECTION('',(1.,0.,0.));
#3942 = DEFINITIONAL_REPRESENTATION('',(#3943),#3947);
#3943 = CIRCLE('',#3944,9.);
#3944 = AXIS2_PLACEMENT_2D('',#3945,#3946);
#3945 = CARTESIAN_POINT('',(0.,0.));
#3946 = DIRECTION('',(1.,0.));
#3947 = ( GEOMETRIC_REPRESENTATION_CONTEXT(2) 
PARAMETRIC_REPRESENTATION_CONTEXT() REPRESENTATION_CONTEXT('2D SPACE',''
  ) );
#3948 = ORIENTED_EDGE('',*,*,#3899,.F.);
#3949 = ORIENTED_EDGE('',*,*,#3950,.F.);
#3950 = EDGE_CURVE('',#3951,#3803,#3953,.T.);
#3951 = VERTEX_POINT('',#3952);
#3952 = CARTESIAN_POINT('',(-41.16201380403,-74.,118.4));
#3953 = SURFACE_CURVE('',#3954,(#3975,#3999),.PCURVE_S1.);
#3954 = B_SPLINE_CURVE_WITH_KNOTS('',7,(#3955,#3956,#3957,#3958,#3959,
    #3960,#3961,#3962,#3963,#3964,#3965,#3966,#3967,#3968,#3969,#3970,
    #3971,#3972,#3973,#3974),.UNSPECIFIED.,.F.,.F.,(8,6,6,8),(0.,
    0.502765481339,0.791066022646,1.),.UNSPECIFIED.);
#3955 = CARTESIAN_POINT('',(-41.16201380403,-74.,118.4));
#3956 = CARTESIAN_POINT('',(-41.16201380403,-74.16989131151,118.4));
#3957 = CARTESIAN_POINT('',(-41.15820378586,-74.33966890441,
    118.3801923114));
#3958 = CARTESIAN_POINT('',(-41.15059237538,-74.50779403254,
    118.34062254538));
#3959 = CARTESIAN_POINT('',(-41.13940808832,-74.67261077074,
    118.28096834842));
#3960 = CARTESIAN_POINT('',(-41.12511572099,-74.83214032278,
    118.20065529242));
#3961 = CARTESIAN_POINT('',(-41.10851227839,-74.98384370745,
    118.09895613479));
#3962 = CARTESIAN_POINT('',(-41.08063894513,-75.20473190585,
    117.90421699225));
#3963 = CARTESIAN_POINT('',(-41.07009179878,-75.2816967458,
    117.82582590926));
#3964 = CARTESIAN_POINT('',(-41.05940513389,-75.35422856291,
    117.7400095907));
#3965 = CARTESIAN_POINT('',(-41.04887859118,-75.4213928739,
    117.64685433245));
#3966 = CARTESIAN_POINT('',(-41.03885451889,-75.48221111567,
    117.54654685949));
#3967 = CARTESIAN_POINT('',(-41.02970080484,-75.53565201125,
    117.43938798009));
#3968 = CARTESIAN_POINT('',(-41.01604689705,-75.61320874795,
    117.2435020236));
#3969 = CARTESIAN_POINT('',(-41.01095922094,-75.64134824222,
    117.15781989801));
#3970 = CARTESIAN_POINT('',(-41.00668747948,-75.6644682229,
    117.06931559946));
#3971 = CARTESIAN_POINT('',(-41.00337527284,-75.6821311431,
    116.97860587845));
#3972 = CARTESIAN_POINT('',(-41.00112725182,-75.69403209924,
    116.88635447222));
#3973 = CARTESIAN_POINT('',(-41.,-75.7,116.79325267423));
#3974 = CARTESIAN_POINT('',(-41.,-75.7,116.7));
#3975 = PCURVE('',#3497,#3976);
#3976 = DEFINITIONAL_REPRESENTATION('',(#3977),#3998);
#3977 = B_SPLINE_CURVE_WITH_KNOTS('',7,(#3978,#3979,#3980,#3981,#3982,
    #3983,#3984,#3985,#3986,#3987,#3988,#3989,#3990,#3991,#3992,#3993,
    #3994,#3995,#3996,#3997),.UNSPECIFIED.,.F.,.F.,(8,6,6,8),(0.,
    0.502765481339,0.791066022646,1.),.UNSPECIFIED.);
#3978 = CARTESIAN_POINT('',(6.093154763523,-25.));
#3979 = CARTESIAN_POINT('',(6.093154763523,-25.16989131151));
#3980 = CARTESIAN_POINT('',(6.095395961991,-25.33966890441));
#3981 = CARTESIAN_POINT('',(6.099873204736,-25.50779403254));
#3982 = CARTESIAN_POINT('',(6.106616852025,-25.67261077074));
#3983 = CARTESIAN_POINT('',(6.115679882598,-25.83214032278));
#3984 = CARTESIAN_POINT('',(6.12712717821,-25.98384370745));
#3985 = CARTESIAN_POINT('',(6.148985379018,-26.20473190585));
#3986 = CARTESIAN_POINT('',(6.157773668251,-26.2816967458));
#3987 = CARTESIAN_POINT('',(6.167381694817,-26.35422856291));
#3988 = CARTESIAN_POINT('',(6.177796807762,-26.4213928739));
#3989 = CARTESIAN_POINT('',(6.188995869242,-26.48221111567));
#3990 = CARTESIAN_POINT('',(6.200944311472,-26.53565201125));
#3991 = CARTESIAN_POINT('',(6.22276222719,-26.61320874795));
#3992 = CARTESIAN_POINT('',(6.232298728992,-26.64134824222));
#3993 = CARTESIAN_POINT('',(6.242142995774,-26.6644682229));
#3994 = CARTESIAN_POINT('',(6.252227284586,-26.6821311431));
#3995 = CARTESIAN_POINT('',(6.262479253588,-26.69403209924));
#3996 = CARTESIAN_POINT('',(6.272823898931,-26.7));
#3997 = CARTESIAN_POINT('',(6.28318530718,-26.7));
#3998 = ( GEOMETRIC_REPRESENTATION_CONTEXT(2) 
PARAMETRIC_REPRESENTATION_CONTEXT() REPRESENTATION_CONTEXT('2D SPACE',''
  ) );
#3999 = PCURVE('',#3864,#4000);
#4000 = DEFINITIONAL_REPRESENTATION('',(#4001),#4022);
#4001 = B_SPLINE_CURVE_WITH_KNOTS('',7,(#4002,#4003,#4004,#4005,#4006,
    #4007,#4008,#4009,#4010,#4011,#4012,#4013,#4014,#4015,#4016,#4017,
    #4018,#4019,#4020,#4021),.UNSPECIFIED.,.F.,.F.,(8,6,6,8),(0.,
    0.502765481339,0.791066022646,1.),.UNSPECIFIED.);
#4002 = CARTESIAN_POINT('',(6.28318530718,-8.837986195961));
#4003 = CARTESIAN_POINT('',(6.183249241582,-8.837986195961));
#4004 = CARTESIAN_POINT('',(6.083380193897,-8.841796214139));
#4005 = CARTESIAN_POINT('',(5.982852290953,-8.849407624614));
#4006 = CARTESIAN_POINT('',(5.881021531012,-8.860591911675));
#4007 = CARTESIAN_POINT('',(5.777209375594,-8.874884279006));
#4008 = CARTESIAN_POINT('',(5.670709723479,-8.891487721604));
#4009 = CARTESIAN_POINT('',(5.497489730314,-8.919361054864));
#4010 = CARTESIAN_POINT('',(5.43303488059,-8.929908201212));
#4011 = CARTESIAN_POINT('',(5.367236947581,-8.940594866109));
#4012 = CARTESIAN_POINT('',(5.300052525069,-8.951121408814));
#4013 = CARTESIAN_POINT('',(5.231416079729,-8.961145481103));
#4014 = CARTESIAN_POINT('',(5.161235597707,-8.970299195154));
#4015 = CARTESIAN_POINT('',(5.037305776964,-8.983953102942));
#4016 = CARTESIAN_POINT('',(4.984350457581,-8.989040779055));
#4017 = CARTESIAN_POINT('',(4.93070786212,-8.993312520516));
#4018 = CARTESIAN_POINT('',(4.876544417547,-8.996624727153));
#4019 = CARTESIAN_POINT('',(4.822009247207,-8.998872748176));
#4020 = CARTESIAN_POINT('',(4.767243494643,-9.));
#4021 = CARTESIAN_POINT('',(4.712388980385,-9.));
#4022 = ( GEOMETRIC_REPRESENTATION_CONTEXT(2) 
PARAMETRIC_REPRESENTATION_CONTEXT() REPRESENTATION_CONTEXT('2D SPACE',''
  ) );
#4023 = ORIENTED_EDGE('',*,*,#4024,.F.);
#4024 = EDGE_CURVE('',#3780,#3951,#4025,.T.);
#4025 = SURFACE_CURVE('',#4026,(#4041,#4059),.PCURVE_S1.);
#4026 = B_SPLINE_CURVE_WITH_KNOTS('',7,(#4027,#4028,#4029,#4030,#4031,
    #4032,#4033,#4034,#4035,#4036,#4037,#4038,#4039,#4040),
  .UNSPECIFIED.,.F.,.F.,(8,6,8),(0.,0.454526356338,1.),.UNSPECIFIED.);
#4027 = CARTESIAN_POINT('',(-41.,-72.3,116.7));
#4028 = CARTESIAN_POINT('',(-41.,-72.3,116.9055668538));
#4029 = CARTESIAN_POINT('',(-41.00547800708,-72.32900022597,
    117.10699395612));
#4030 = CARTESIAN_POINT('',(-41.01603575597,-72.3848994325,
    117.2992346588));
#4031 = CARTESIAN_POINT('',(-41.03050637318,-72.46449989621,
    117.47784867439));
#4032 = CARTESIAN_POINT('',(-41.04716871686,-72.56355311301,
    117.63923195845));
#4033 = CARTESIAN_POINT('',(-41.06431285347,-72.6767793356,
    117.78094239163));
#4034 = CARTESIAN_POINT('',(-41.10023196496,-72.94329663364,
    118.04745968968));
#4035 = CARTESIAN_POINT('',(-41.11913252414,-73.10367557288,
    118.16681524899));
#4036 = CARTESIAN_POINT('',(-41.13565277199,-73.27420916523,
    118.26089332705));
#4037 = CARTESIAN_POINT('',(-41.14867273451,-73.45147597169,
    118.33064333504));
#4038 = CARTESIAN_POINT('',(-41.15756232046,-73.63288948577,
    118.37685729071));
#4039 = CARTESIAN_POINT('',(-41.16201380403,-73.81636171845,118.4));
#4040 = CARTESIAN_POINT('',(-41.16201380403,-74.,118.4));
#4041 = PCURVE('',#3497,#4042);
#4042 = DEFINITIONAL_REPRESENTATION('',(#4043),#4058);
#4043 = B_SPLINE_CURVE_WITH_KNOTS('',7,(#4044,#4045,#4046,#4047,#4048,
    #4049,#4050,#4051,#4052,#4053,#4054,#4055,#4056,#4057),
  .UNSPECIFIED.,.F.,.F.,(8,6,8),(0.,0.454526356338,1.),.UNSPECIFIED.);
#4044 = CARTESIAN_POINT('',(6.28318530718,-23.3));
#4045 = CARTESIAN_POINT('',(6.260344545646,-23.3));
#4046 = CARTESIAN_POINT('',(6.237963738208,-23.32900022597));
#4047 = CARTESIAN_POINT('',(6.216584297394,-23.3848994325));
#4048 = CARTESIAN_POINT('',(6.196683146854,-23.46449989621));
#4049 = CARTESIAN_POINT('',(6.178660879647,-23.56355311301));
#4050 = CARTESIAN_POINT('',(6.162801943227,-23.6767793356));
#4051 = CARTESIAN_POINT('',(6.132921181687,-23.94329663364));
#4052 = CARTESIAN_POINT('',(6.119497783639,-24.10367557288));
#4053 = CARTESIAN_POINT('',(6.108886073855,-24.27420916524));
#4054 = CARTESIAN_POINT('',(6.101002332299,-24.45147597169));
#4055 = CARTESIAN_POINT('',(6.095773312765,-24.63288948577));
#4056 = CARTESIAN_POINT('',(6.093154763523,-24.81636171845));
#4057 = CARTESIAN_POINT('',(6.093154763523,-25.));
#4058 = ( GEOMETRIC_REPRESENTATION_CONTEXT(2) 
PARAMETRIC_REPRESENTATION_CONTEXT() REPRESENTATION_CONTEXT('2D SPACE',''
  ) );
#4059 = PCURVE('',#3864,#4060);
#4060 = DEFINITIONAL_REPRESENTATION('',(#4061),#4076);
#4061 = B_SPLINE_CURVE_WITH_KNOTS('',7,(#4062,#4063,#4064,#4065,#4066,
    #4067,#4068,#4069,#4070,#4071,#4072,#4073,#4074,#4075),
  .UNSPECIFIED.,.F.,.F.,(8,6,8),(0.,0.454526356338,1.),.UNSPECIFIED.);
#4062 = CARTESIAN_POINT('',(1.570796326795,-9.));
#4063 = CARTESIAN_POINT('',(1.449874648086,-9.));
#4064 = CARTESIAN_POINT('',(1.331388233519,-8.994521992911));
#4065 = CARTESIAN_POINT('',(1.215416991202,-8.983964244023));
#4066 = CARTESIAN_POINT('',(1.102210637078,-8.969493626817));
#4067 = CARTESIAN_POINT('',(0.992212409105,-8.952831283134));
#4068 = CARTESIAN_POINT('',(0.886172639635,-8.935687146525));
#4069 = CARTESIAN_POINT('',(0.6644594764,-8.899768035035));
#4070 = CARTESIAN_POINT('',(0.548105081227,-8.880867475851));
#4071 = CARTESIAN_POINT('',(0.435153241484,-8.864347228001));
#4072 = CARTESIAN_POINT('',(0.32472083738,-8.851327265483));
#4073 = CARTESIAN_POINT('',(0.215947121255,-8.842437679535));
#4074 = CARTESIAN_POINT('',(0.108022518554,-8.837986195961));
#4075 = CARTESIAN_POINT('',(-4.138911435803E-13,-8.837986195961));
#4076 = ( GEOMETRIC_REPRESENTATION_CONTEXT(2) 
PARAMETRIC_REPRESENTATION_CONTEXT() REPRESENTATION_CONTEXT('2D SPACE',''
  ) );
#4077 = ORIENTED_EDGE('',*,*,#3779,.F.);
#4078 = ORIENTED_EDGE('',*,*,#4079,.F.);
#4079 = EDGE_CURVE('',#4080,#3695,#4082,.T.);
#4080 = VERTEX_POINT('',#4081);
#4081 = CARTESIAN_POINT('',(-41.10561975177,-57.,118.07477270848));
#4082 = SURFACE_CURVE('',#4083,(#4104,#4128),.PCURVE_S1.);
#4083 = B_SPLINE_CURVE_WITH_KNOTS('',7,(#4084,#4085,#4086,#4087,#4088,
    #4089,#4090,#4091,#4092,#4093,#4094,#4095,#4096,#4097,#4098,#4099,
    #4100,#4101,#4102,#4103),.UNSPECIFIED.,.F.,.F.,(8,6,6,8),(0.,
    0.502765481348,0.791066022653,1.),.UNSPECIFIED.);
#4084 = CARTESIAN_POINT('',(-41.16201380403,-56.,118.4));
#4085 = CARTESIAN_POINT('',(-41.16201380403,-56.16989131151,118.4));
#4086 = CARTESIAN_POINT('',(-41.15820378586,-56.33966890441,
    118.3801923114));
#4087 = CARTESIAN_POINT('',(-41.15059237538,-56.50779403254,
    118.34062254538));
#4088 = CARTESIAN_POINT('',(-41.13940808832,-56.67261077074,
    118.28096834842));
#4089 = CARTESIAN_POINT('',(-41.12511572099,-56.83214032278,
    118.20065529242));
#4090 = CARTESIAN_POINT('',(-41.10851227839,-56.98384370745,
    118.09895613479));
#4091 = CARTESIAN_POINT('',(-41.08063894513,-57.20473190585,
    117.90421699225));
#4092 = CARTESIAN_POINT('',(-41.07009179878,-57.2816967458,
    117.82582590926));
#4093 = CARTESIAN_POINT('',(-41.05940513389,-57.35422856291,
    117.7400095907));
#4094 = CARTESIAN_POINT('',(-41.04887859118,-57.4213928739,
    117.64685433245));
#4095 = CARTESIAN_POINT('',(-41.03885451889,-57.48221111567,
    117.5465468595));
#4096 = CARTESIAN_POINT('',(-41.02970080484,-57.53565201125,
    117.43938798009));
#4097 = CARTESIAN_POINT('',(-41.01604689705,-57.61320874795,
    117.2435020236));
#4098 = CARTESIAN_POINT('',(-41.01095922094,-57.64134824222,
    117.15781989801));
#4099 = CARTESIAN_POINT('',(-41.00668747948,-57.6644682229,
    117.06931559946));
#4100 = CARTESIAN_POINT('',(-41.00337527284,-57.6821311431,
    116.97860587845));
#4101 = CARTESIAN_POINT('',(-41.00112725182,-57.69403209924,
    116.88635447222));
#4102 = CARTESIAN_POINT('',(-41.,-57.7,116.79325267423));
#4103 = CARTESIAN_POINT('',(-41.,-57.7,116.7));
#4104 = PCURVE('',#3497,#4105);
#4105 = DEFINITIONAL_REPRESENTATION('',(#4106),#4127);
#4106 = B_SPLINE_CURVE_WITH_KNOTS('',7,(#4107,#4108,#4109,#4110,#4111,
    #4112,#4113,#4114,#4115,#4116,#4117,#4118,#4119,#4120,#4121,#4122,
    #4123,#4124,#4125,#4126),.UNSPECIFIED.,.F.,.F.,(8,6,6,8),(0.,
    0.502765481348,0.791066022653,1.),.UNSPECIFIED.);
#4107 = CARTESIAN_POINT('',(6.093154763523,-7.));
#4108 = CARTESIAN_POINT('',(6.093154763523,-7.169891311517));
#4109 = CARTESIAN_POINT('',(6.095395961991,-7.339668904419));
#4110 = CARTESIAN_POINT('',(6.099873204736,-7.507794032547));
#4111 = CARTESIAN_POINT('',(6.106616852025,-7.672610770744));
#4112 = CARTESIAN_POINT('',(6.115679882598,-7.832140322781));
#4113 = CARTESIAN_POINT('',(6.12712717821,-7.983843707452));
#4114 = CARTESIAN_POINT('',(6.148985379018,-8.204731905852));
#4115 = CARTESIAN_POINT('',(6.157773668251,-8.281696745807));
#4116 = CARTESIAN_POINT('',(6.167381694817,-8.354228562919));
#4117 = CARTESIAN_POINT('',(6.177796807763,-8.421392873904));
#4118 = CARTESIAN_POINT('',(6.188995869242,-8.482211115678));
#4119 = CARTESIAN_POINT('',(6.200944311472,-8.535652011251));
#4120 = CARTESIAN_POINT('',(6.22276222719,-8.613208747955));
#4121 = CARTESIAN_POINT('',(6.232298728992,-8.641348242225));
#4122 = CARTESIAN_POINT('',(6.242142995774,-8.664468222904));
#4123 = CARTESIAN_POINT('',(6.252227284586,-8.682131143106));
#4124 = CARTESIAN_POINT('',(6.262479253588,-8.694032099243));
#4125 = CARTESIAN_POINT('',(6.272823898931,-8.7));
#4126 = CARTESIAN_POINT('',(6.28318530718,-8.7));
#4127 = ( GEOMETRIC_REPRESENTATION_CONTEXT(2) 
PARAMETRIC_REPRESENTATION_CONTEXT() REPRESENTATION_CONTEXT('2D SPACE',''
  ) );
#4128 = PCURVE('',#3756,#4129);
#4129 = DEFINITIONAL_REPRESENTATION('',(#4130),#4151);
#4130 = B_SPLINE_CURVE_WITH_KNOTS('',7,(#4131,#4132,#4133,#4134,#4135,
    #4136,#4137,#4138,#4139,#4140,#4141,#4142,#4143,#4144,#4145,#4146,
    #4147,#4148,#4149,#4150),.UNSPECIFIED.,.F.,.F.,(8,6,6,8),(
    0.440934118594,0.502765479262,0.791066021777,1.),.UNSPECIFIED.);
#4131 = CARTESIAN_POINT('',(5.654310381549,-8.894380245686));
#4132 = CARTESIAN_POINT('',(5.641072655758,-8.896426353622));
#4133 = CARTESIAN_POINT('',(5.627788612786,-8.898499529037));
#4134 = CARTESIAN_POINT('',(5.614456726245,-8.900597896894));
#4135 = CARTESIAN_POINT('',(5.60107543721,-8.902719496235));
#4136 = CARTESIAN_POINT('',(5.587643150527,-8.904862278075));
#4137 = CARTESIAN_POINT('',(5.574158230648,-8.90702410333));
#4138 = CARTESIAN_POINT('',(5.497489730316,-8.919361054864));
#4139 = CARTESIAN_POINT('',(5.43303488059,-8.929908201212));
#4140 = CARTESIAN_POINT('',(5.367236947579,-8.940594866109));
#4141 = CARTESIAN_POINT('',(5.300052525068,-8.951121408814));
#4142 = CARTESIAN_POINT('',(5.231416079729,-8.961145481103));
#4143 = CARTESIAN_POINT('',(5.161235597709,-8.970299195153));
#4144 = CARTESIAN_POINT('',(5.037305776964,-8.983953102942));
#4145 = CARTESIAN_POINT('',(4.984350457581,-8.989040779055));
#4146 = CARTESIAN_POINT('',(4.93070786212,-8.993312520516));
#4147 = CARTESIAN_POINT('',(4.876544417547,-8.996624727153));
#4148 = CARTESIAN_POINT('',(4.822009247207,-8.998872748176));
#4149 = CARTESIAN_POINT('',(4.767243494643,-9.));
#4150 = CARTESIAN_POINT('',(4.712388980385,-9.));
#4151 = ( GEOMETRIC_REPRESENTATION_CONTEXT(2) 
PARAMETRIC_REPRESENTATION_CONTEXT() REPRESENTATION_CONTEXT('2D SPACE',''
  ) );
#4152 = ORIENTED_EDGE('',*,*,#4153,.F.);
#4153 = EDGE_CURVE('',#4154,#4080,#4156,.T.);
#4154 = VERTEX_POINT('',#4155);
#4155 = CARTESIAN_POINT('',(-42.58447574341,-57.,121.8));
#4156 = SURFACE_CURVE('',#4157,(#4162,#4169),.PCURVE_S1.);
#4157 = CIRCLE('',#4158,9.);
#4158 = AXIS2_PLACEMENT_3D('',#4159,#4160,#4161);
#4159 = CARTESIAN_POINT('',(-50.,-57.,116.7));
#4160 = DIRECTION('',(0.,1.,-1.110223024625E-16));
#4161 = DIRECTION('',(1.,0.,0.));
#4162 = PCURVE('',#3497,#4163);
#4163 = DEFINITIONAL_REPRESENTATION('',(#4164),#4168);
#4164 = LINE('',#4165,#4166);
#4165 = CARTESIAN_POINT('',(-4.138911435803E-13,-8.));
#4166 = VECTOR('',#4167,1.);
#4167 = DIRECTION('',(1.,-0.));
#4168 = ( GEOMETRIC_REPRESENTATION_CONTEXT(2) 
PARAMETRIC_REPRESENTATION_CONTEXT() REPRESENTATION_CONTEXT('2D SPACE',''
  ) );
#4169 = PCURVE('',#4170,#4175);
#4170 = PLANE('',#4171);
#4171 = AXIS2_PLACEMENT_3D('',#4172,#4173,#4174);
#4172 = CARTESIAN_POINT('',(-59.,-57.,121.8));
#4173 = DIRECTION('',(0.,-1.,1.110223024625E-16));
#4174 = DIRECTION('',(0.,-1.110223024625E-16,-1.));
#4175 = DEFINITIONAL_REPRESENTATION('',(#4176),#4184);
#4176 = ( BOUNDED_CURVE() B_SPLINE_CURVE(2,(#4177,#4178,#4179,#4180,
#4181,#4182,#4183),.UNSPECIFIED.,.T.,.F.) B_SPLINE_CURVE_WITH_KNOTS((1,2
    ,2,2,2,1),(-2.094395102393,0.,2.094395102393,4.188790204786,
6.28318530718,8.377580409573),.UNSPECIFIED.) CURVE() 
GEOMETRIC_REPRESENTATION_ITEM() RATIONAL_B_SPLINE_CURVE((1.,0.5,1.,0.5,
1.,0.5,1.)) REPRESENTATION_ITEM('') );
#4177 = CARTESIAN_POINT('',(5.1,18.));
#4178 = CARTESIAN_POINT('',(20.68845726812,18.));
#4179 = CARTESIAN_POINT('',(12.89422863406,4.5));
#4180 = CARTESIAN_POINT('',(5.1,-9.));
#4181 = CARTESIAN_POINT('',(-2.69422863406,4.5));
#4182 = CARTESIAN_POINT('',(-10.48845726812,18.));
#4183 = CARTESIAN_POINT('',(5.1,18.));
#4184 = ( GEOMETRIC_REPRESENTATION_CONTEXT(2) 
PARAMETRIC_REPRESENTATION_CONTEXT() REPRESENTATION_CONTEXT('2D SPACE',''
  ) );
#4185 = ORIENTED_EDGE('',*,*,#4186,.T.);
#4186 = EDGE_CURVE('',#4154,#4187,#4189,.T.);
#4187 = VERTEX_POINT('',#4188);
#4188 = CARTESIAN_POINT('',(-42.58447574341,-55.,121.8));
#4189 = SURFACE_CURVE('',#4190,(#4194,#4200),.PCURVE_S1.);
#4190 = LINE('',#4191,#4192);
#4191 = CARTESIAN_POINT('',(-42.58447574341,-49.,121.8));
#4192 = VECTOR('',#4193,1.);
#4193 = DIRECTION('',(-0.,1.,-1.110223024625E-16));
#4194 = PCURVE('',#3497,#4195);
#4195 = DEFINITIONAL_REPRESENTATION('',(#4196),#4199);
#4196 = B_SPLINE_CURVE_WITH_KNOTS('',1,(#4197,#4198),.UNSPECIFIED.,.F.,
  .F.,(2,2),(-8.2,-5.8),.PIECEWISE_BEZIER_KNOTS.);
#4197 = CARTESIAN_POINT('',(5.680730673795,-8.2));
#4198 = CARTESIAN_POINT('',(5.680730673795,-5.8));
#4199 = ( GEOMETRIC_REPRESENTATION_CONTEXT(2) 
PARAMETRIC_REPRESENTATION_CONTEXT() REPRESENTATION_CONTEXT('2D SPACE',''
  ) );
#4200 = PCURVE('',#4201,#4206);
#4201 = PLANE('',#4202);
#4202 = AXIS2_PLACEMENT_3D('',#4203,#4204,#4205);
#4203 = CARTESIAN_POINT('',(-59.,-55.,121.8));
#4204 = DIRECTION('',(0.,-1.110223024625E-16,-1.));
#4205 = DIRECTION('',(1.,0.,0.));
#4206 = DEFINITIONAL_REPRESENTATION('',(#4207),#4211);
#4207 = LINE('',#4208,#4209);
#4208 = CARTESIAN_POINT('',(16.415524256585,-6.));
#4209 = VECTOR('',#4210,1.);
#4210 = DIRECTION('',(0.,-1.));
#4211 = ( GEOMETRIC_REPRESENTATION_CONTEXT(2) 
PARAMETRIC_REPRESENTATION_CONTEXT() REPRESENTATION_CONTEXT('2D SPACE',''
  ) );
#4212 = ORIENTED_EDGE('',*,*,#4213,.T.);
#4213 = EDGE_CURVE('',#4187,#4214,#4216,.T.);
#4214 = VERTEX_POINT('',#4215);
#4215 = CARTESIAN_POINT('',(-41.10561975177,-55.,118.07477270848));
#4216 = SURFACE_CURVE('',#4217,(#4222,#4229),.PCURVE_S1.);
#4217 = CIRCLE('',#4218,9.);
#4218 = AXIS2_PLACEMENT_3D('',#4219,#4220,#4221);
#4219 = CARTESIAN_POINT('',(-50.,-55.,116.7));
#4220 = DIRECTION('',(0.,1.,-1.110223024625E-16));
#4221 = DIRECTION('',(1.,0.,0.));
#4222 = PCURVE('',#3497,#4223);
#4223 = DEFINITIONAL_REPRESENTATION('',(#4224),#4228);
#4224 = LINE('',#4225,#4226);
#4225 = CARTESIAN_POINT('',(-4.138911435803E-13,-6.));
#4226 = VECTOR('',#4227,1.);
#4227 = DIRECTION('',(1.,-0.));
#4228 = ( GEOMETRIC_REPRESENTATION_CONTEXT(2) 
PARAMETRIC_REPRESENTATION_CONTEXT() REPRESENTATION_CONTEXT('2D SPACE',''
  ) );
#4229 = PCURVE('',#4230,#4235);
#4230 = PLANE('',#4231);
#4231 = AXIS2_PLACEMENT_3D('',#4232,#4233,#4234);
#4232 = CARTESIAN_POINT('',(-59.,-55.,121.8));
#4233 = DIRECTION('',(0.,-1.,1.110223024625E-16));
#4234 = DIRECTION('',(0.,-1.110223024625E-16,-1.));
#4235 = DEFINITIONAL_REPRESENTATION('',(#4236),#4244);
#4236 = ( BOUNDED_CURVE() B_SPLINE_CURVE(2,(#4237,#4238,#4239,#4240,
#4241,#4242,#4243),.UNSPECIFIED.,.T.,.F.) B_SPLINE_CURVE_WITH_KNOTS((1,2
    ,2,2,2,1),(-2.094395102393,0.,2.094395102393,4.188790204786,
6.28318530718,8.377580409573),.UNSPECIFIED.) CURVE() 
GEOMETRIC_REPRESENTATION_ITEM() RATIONAL_B_SPLINE_CURVE((1.,0.5,1.,0.5,
1.,0.5,1.)) REPRESENTATION_ITEM('') );
#4237 = CARTESIAN_POINT('',(5.1,18.));
#4238 = CARTESIAN_POINT('',(20.68845726812,18.));
#4239 = CARTESIAN_POINT('',(12.89422863406,4.5));
#4240 = CARTESIAN_POINT('',(5.1,-9.));
#4241 = CARTESIAN_POINT('',(-2.69422863406,4.5));
#4242 = CARTESIAN_POINT('',(-10.48845726812,18.));
#4243 = CARTESIAN_POINT('',(5.1,18.));
#4244 = ( GEOMETRIC_REPRESENTATION_CONTEXT(2) 
PARAMETRIC_REPRESENTATION_CONTEXT() REPRESENTATION_CONTEXT('2D SPACE',''
  ) );
#4245 = ORIENTED_EDGE('',*,*,#4246,.F.);
#4246 = EDGE_CURVE('',#3489,#4214,#4247,.T.);
#4247 = SURFACE_CURVE('',#4248,(#4263,#4281),.PCURVE_S1.);
#4248 = B_SPLINE_CURVE_WITH_KNOTS('',7,(#4249,#4250,#4251,#4252,#4253,
    #4254,#4255,#4256,#4257,#4258,#4259,#4260,#4261,#4262),
  .UNSPECIFIED.,.F.,.F.,(8,6,8),(0.,0.454526356338,1.),.UNSPECIFIED.);
#4249 = CARTESIAN_POINT('',(-41.,-54.3,116.7));
#4250 = CARTESIAN_POINT('',(-41.,-54.3,116.9055668538));
#4251 = CARTESIAN_POINT('',(-41.00547800708,-54.32900022597,
    117.10699395612));
#4252 = CARTESIAN_POINT('',(-41.01603575597,-54.3848994325,
    117.2992346588));
#4253 = CARTESIAN_POINT('',(-41.03050637318,-54.46449989621,
    117.47784867439));
#4254 = CARTESIAN_POINT('',(-41.04716871686,-54.56355311301,
    117.63923195845));
#4255 = CARTESIAN_POINT('',(-41.06431285347,-54.6767793356,
    117.78094239163));
#4256 = CARTESIAN_POINT('',(-41.10023196496,-54.94329663364,
    118.04745968968));
#4257 = CARTESIAN_POINT('',(-41.11913252414,-55.10367557288,
    118.16681524899));
#4258 = CARTESIAN_POINT('',(-41.13565277199,-55.27420916523,
    118.26089332705));
#4259 = CARTESIAN_POINT('',(-41.14867273451,-55.45147597169,
    118.33064333504));
#4260 = CARTESIAN_POINT('',(-41.15756232046,-55.63288948577,
    118.37685729071));
#4261 = CARTESIAN_POINT('',(-41.16201380403,-55.81636171845,118.4));
#4262 = CARTESIAN_POINT('',(-41.16201380403,-56.,118.4));
#4263 = PCURVE('',#3497,#4264);
#4264 = DEFINITIONAL_REPRESENTATION('',(#4265),#4280);
#4265 = B_SPLINE_CURVE_WITH_KNOTS('',7,(#4266,#4267,#4268,#4269,#4270,
    #4271,#4272,#4273,#4274,#4275,#4276,#4277,#4278,#4279),
  .UNSPECIFIED.,.F.,.F.,(8,6,8),(0.,0.454526356338,1.),.UNSPECIFIED.);
#4266 = CARTESIAN_POINT('',(6.28318530718,-5.3));
#4267 = CARTESIAN_POINT('',(6.260344545646,-5.3));
#4268 = CARTESIAN_POINT('',(6.237963738208,-5.329000225973));
#4269 = CARTESIAN_POINT('',(6.216584297394,-5.384899432508));
#4270 = CARTESIAN_POINT('',(6.196683146854,-5.464499896218));
#4271 = CARTESIAN_POINT('',(6.178660879647,-5.563553113018));
#4272 = CARTESIAN_POINT('',(6.162801943227,-5.676779335602));
#4273 = CARTESIAN_POINT('',(6.132921181687,-5.943296633646));
#4274 = CARTESIAN_POINT('',(6.119497783639,-6.103675572888));
#4275 = CARTESIAN_POINT('',(6.108886073855,-6.274209165239));
#4276 = CARTESIAN_POINT('',(6.101002332299,-6.451475971697));
#4277 = CARTESIAN_POINT('',(6.095773312765,-6.632889485777));
#4278 = CARTESIAN_POINT('',(6.093154763523,-6.816361718458));
#4279 = CARTESIAN_POINT('',(6.093154763523,-7.));
#4280 = ( GEOMETRIC_REPRESENTATION_CONTEXT(2) 
PARAMETRIC_REPRESENTATION_CONTEXT() REPRESENTATION_CONTEXT('2D SPACE',''
  ) );
#4281 = PCURVE('',#3578,#4282);
#4282 = DEFINITIONAL_REPRESENTATION('',(#4283),#4298);
#4283 = B_SPLINE_CURVE_WITH_KNOTS('',7,(#4284,#4285,#4286,#4287,#4288,
    #4289,#4290,#4291,#4292,#4293,#4294,#4295,#4296,#4297),
  .UNSPECIFIED.,.F.,.F.,(8,6,8),(0.,0.454526356338,1.),.UNSPECIFIED.);
#4284 = CARTESIAN_POINT('',(1.570796326795,-9.));
#4285 = CARTESIAN_POINT('',(1.449874648086,-9.));
#4286 = CARTESIAN_POINT('',(1.331388233519,-8.994521992911));
#4287 = CARTESIAN_POINT('',(1.215416991202,-8.983964244023));
#4288 = CARTESIAN_POINT('',(1.102210637078,-8.969493626817));
#4289 = CARTESIAN_POINT('',(0.992212409105,-8.952831283134));
#4290 = CARTESIAN_POINT('',(0.886172639635,-8.935687146525));
#4291 = CARTESIAN_POINT('',(0.6644594764,-8.899768035035));
#4292 = CARTESIAN_POINT('',(0.548105081227,-8.880867475851));
#4293 = CARTESIAN_POINT('',(0.435153241484,-8.864347228001));
#4294 = CARTESIAN_POINT('',(0.32472083738,-8.851327265483));
#4295 = CARTESIAN_POINT('',(0.215947121255,-8.842437679535));
#4296 = CARTESIAN_POINT('',(0.108022518554,-8.837986195961));
#4297 = CARTESIAN_POINT('',(-4.138911435803E-13,-8.837986195961));
#4298 = ( GEOMETRIC_REPRESENTATION_CONTEXT(2) 
PARAMETRIC_REPRESENTATION_CONTEXT() REPRESENTATION_CONTEXT('2D SPACE',''
  ) );
#4299 = ORIENTED_EDGE('',*,*,#3486,.F.);
#4300 = ORIENTED_EDGE('',*,*,#4301,.T.);
#4301 = EDGE_CURVE('',#3487,#3487,#4302,.T.);
#4302 = SURFACE_CURVE('',#4303,(#4308,#4315),.PCURVE_S1.);
#4303 = CIRCLE('',#4304,9.);
#4304 = AXIS2_PLACEMENT_3D('',#4305,#4306,#4307);
#4305 = CARTESIAN_POINT('',(-50.,-49.,116.7));
#4306 = DIRECTION('',(0.,-1.,1.110223024625E-16));
#4307 = DIRECTION('',(1.,0.,0.));
#4308 = PCURVE('',#3497,#4309);
#4309 = DEFINITIONAL_REPRESENTATION('',(#4310),#4314);
#4310 = LINE('',#4311,#4312);
#4311 = CARTESIAN_POINT('',(6.28318530718,0.));
#4312 = VECTOR('',#4313,1.);
#4313 = DIRECTION('',(-1.,0.));
#4314 = ( GEOMETRIC_REPRESENTATION_CONTEXT(2) 
PARAMETRIC_REPRESENTATION_CONTEXT() REPRESENTATION_CONTEXT('2D SPACE',''
  ) );
#4315 = PCURVE('',#4316,#4321);
#4316 = PLANE('',#4317);
#4317 = AXIS2_PLACEMENT_3D('',#4318,#4319,#4320);
#4318 = CARTESIAN_POINT('',(-50.,-49.,116.7));
#4319 = DIRECTION('',(0.,-1.,1.110223024625E-16));
#4320 = DIRECTION('',(1.,0.,0.));
#4321 = DEFINITIONAL_REPRESENTATION('',(#4322),#4326);
#4322 = CIRCLE('',#4323,9.);
#4323 = AXIS2_PLACEMENT_2D('',#4324,#4325);
#4324 = CARTESIAN_POINT('',(0.,0.));
#4325 = DIRECTION('',(1.,0.));
#4326 = ( GEOMETRIC_REPRESENTATION_CONTEXT(2) 
PARAMETRIC_REPRESENTATION_CONTEXT() REPRESENTATION_CONTEXT('2D SPACE',''
  ) );
#4327 = FACE_BOUND('',#4328,.T.);
#4328 = EDGE_LOOP('',(#4329));
#4329 = ORIENTED_EDGE('',*,*,#4330,.T.);
#4330 = EDGE_CURVE('',#4331,#4331,#4333,.T.);
#4331 = VERTEX_POINT('',#4332);
#4332 = CARTESIAN_POINT('',(-58.83798619596,-74.,118.4));
#4333 = SURFACE_CURVE('',#4334,(#4393,#4455),.PCURVE_S1.);
#4334 = B_SPLINE_CURVE_WITH_KNOTS('',8,(#4335,#4336,#4337,#4338,#4339,
    #4340,#4341,#4342,#4343,#4344,#4345,#4346,#4347,#4348,#4349,#4350,
    #4351,#4352,#4353,#4354,#4355,#4356,#4357,#4358,#4359,#4360,#4361,
    #4362,#4363,#4364,#4365,#4366,#4367,#4368,#4369,#4370,#4371,#4372,
    #4373,#4374,#4375,#4376,#4377,#4378,#4379,#4380,#4381,#4382,#4383,
    #4384,#4385,#4386,#4387,#4388,#4389,#4390,#4391,#4392),
  .UNSPECIFIED.,.T.,.F.,(1,8,7,7,7,7,7,7,7,8,1),(-0.167077279824,0.,
    0.125303937173,0.214708037457,0.300899966668,0.431362161098,
    0.592907977152,0.713867478685,0.832922720176,1.,1.125303937173),
  .UNSPECIFIED.);
#4335 = CARTESIAN_POINT('',(-58.83798619596,-74.,118.4));
#4336 = CARTESIAN_POINT('',(-58.83798619596,-74.14865489757,118.4));
#4337 = CARTESIAN_POINT('',(-58.84084370959,-74.29722450619,
    118.38514423355));
#4338 = CARTESIAN_POINT('',(-58.84655334568,-74.44474710949,
    118.35546120764));
#4339 = CARTESIAN_POINT('',(-58.85499976814,-74.59020240164,
    118.3107954469));
#4340 = CARTESIAN_POINT('',(-58.86595154942,-74.73243435275,
    118.25085095242));
#4341 = CARTESIAN_POINT('',(-58.87903513965,-74.87006616894,
    118.17523050301));
#4342 = CARTESIAN_POINT('',(-58.893702099,-75.0013920154,118.08348522024
    ));
#4343 = CARTESIAN_POINT('',(-58.92026241677,-75.21187494131,
    117.89791955938));
#4344 = CARTESIAN_POINT('',(-58.93180352221,-75.29565039074,
    117.81182591717));
#4345 = CARTESIAN_POINT('',(-58.94351269405,-75.37429852964,
    117.71694290877));
#4346 = CARTESIAN_POINT('',(-58.9550092025,-75.44656310284,
    117.61346093453));
#4347 = CARTESIAN_POINT('',(-58.96586205716,-75.51118856577,
    117.50172279205));
#4348 = CARTESIAN_POINT('',(-58.97561463369,-75.56691646665,
    117.38222605532));
#4349 = CARTESIAN_POINT('',(-58.98381682136,-75.6124792346,
    117.25563081904));
#4350 = CARTESIAN_POINT('',(-58.99608808341,-75.67947790918,
    116.99468820992));
#4351 = CARTESIAN_POINT('',(-59.00026011778,-75.70153034707,
    116.86152716256));
#4352 = CARTESIAN_POINT('',(-59.0022018179,-75.71151995119,
    116.72529574637));
#4353 = CARTESIAN_POINT('',(-59.00169268302,-75.70884185098,
    116.58817373745));
#4354 = CARTESIAN_POINT('',(-58.99873042097,-75.69350035035,
    116.45240249182));
#4355 = CARTESIAN_POINT('',(-58.99354019422,-75.66610325206,
    116.3201732617));
#4356 = CARTESIAN_POINT('',(-58.98653337936,-75.62786519813,
    116.19351594392));
#4357 = CARTESIAN_POINT('',(-58.96562621027,-75.50910858767,
    115.89357098469));
#4358 = CARTESIAN_POINT('',(-58.95002770743,-75.41692474373,
    115.72965407384));
#4359 = CARTESIAN_POINT('',(-58.93281989063,-75.30836318652,
    115.58346377554));
#4360 = CARTESIAN_POINT('',(-58.91531562589,-75.18695567276,
    115.45534046619));
#4361 = CARTESIAN_POINT('',(-58.89859328608,-75.05566630178,
    115.34522476798));
#4362 = CARTESIAN_POINT('',(-58.8834681172,-74.91700983838,
    115.25282305986));
#4363 = CARTESIAN_POINT('',(-58.87052003829,-74.77312213895,
    115.17770428709));
#4364 = CARTESIAN_POINT('',(-58.84723119959,-74.44340350408,
    115.04715944452));
#4365 = CARTESIAN_POINT('',(-58.83819846925,-74.25505934551,
    115.00041754811));
#4366 = CARTESIAN_POINT('',(-58.83371737737,-74.06346426626,
    114.9783015462));
#4367 = CARTESIAN_POINT('',(-58.83411881099,-73.8707823663,
    114.98043952157));
#4368 = CARTESIAN_POINT('',(-58.83943389218,-73.67909530576,
    115.00684704809));
#4369 = CARTESIAN_POINT('',(-58.84939082021,-73.49062863782,
    115.05788344403));
#4370 = CARTESIAN_POINT('',(-58.86335784773,-73.30798830511,
    115.13421449768));
#4371 = CARTESIAN_POINT('',(-58.89290076373,-73.00482503444,
    115.31350475616));
#4372 = CARTESIAN_POINT('',(-58.90729116092,-72.87919334693,
    115.40556544772));
#4373 = CARTESIAN_POINT('',(-58.92294709474,-72.76001585071,
    115.51330126738));
#4374 = CARTESIAN_POINT('',(-58.93917428421,-72.64974201948,
    115.63678492714));
#4375 = CARTESIAN_POINT('',(-58.95507650449,-72.55099448205,
    115.7757673045));
#4376 = CARTESIAN_POINT('',(-58.96959662752,-72.46659019213,
    115.9296413869));
#4377 = CARTESIAN_POINT('',(-58.98160580657,-72.3995924708,
    116.09735299256));
#4378 = CARTESIAN_POINT('',(-58.99839040805,-72.30795185156,
    116.45426963957));
#4379 = CARTESIAN_POINT('',(-59.00310971574,-72.28356755965,
    116.6395568296));
#4380 = CARTESIAN_POINT('',(-59.00337081215,-72.28267664711,
    116.82840392687));
#4381 = CARTESIAN_POINT('',(-58.99882855713,-72.3059083001,
    117.01568363981));
#4382 = CARTESIAN_POINT('',(-58.9899099004,-72.35219939782,
    117.19626175514));
#4383 = CARTESIAN_POINT('',(-58.97771113835,-72.41883478187,
    117.36544439152));
#4384 = CARTESIAN_POINT('',(-58.96366689005,-72.50144311128,
    117.51940282536));
#4385 = CARTESIAN_POINT('',(-58.92873116133,-72.72380170288,
    117.84659355698));
#4386 = CARTESIAN_POINT('',(-58.90674971311,-72.87707231809,
    118.00830607777));
#4387 = CARTESIAN_POINT('',(-58.88565079281,-73.04666139744,
    118.14093639347));
#4388 = CARTESIAN_POINT('',(-58.86727594286,-73.22757479963,
    118.24548065422));
#4389 = CARTESIAN_POINT('',(-58.8528003823,-73.41604264597,
    118.32298114833));
#4390 = CARTESIAN_POINT('',(-58.84292750472,-73.60914511637,
    118.37431159448));
#4391 = CARTESIAN_POINT('',(-58.83798619596,-73.80452265947,118.4));
#4392 = CARTESIAN_POINT('',(-58.83798619596,-74.,118.4));
#4393 = PCURVE('',#3497,#4394);
#4394 = DEFINITIONAL_REPRESENTATION('',(#4395),#4454);
#4395 = B_SPLINE_CURVE_WITH_KNOTS('',8,(#4396,#4397,#4398,#4399,#4400,
    #4401,#4402,#4403,#4404,#4405,#4406,#4407,#4408,#4409,#4410,#4411,
    #4412,#4413,#4414,#4415,#4416,#4417,#4418,#4419,#4420,#4421,#4422,
    #4423,#4424,#4425,#4426,#4427,#4428,#4429,#4430,#4431,#4432,#4433,
    #4434,#4435,#4436,#4437,#4438,#4439,#4440,#4441,#4442,#4443,#4444,
    #4445,#4446,#4447,#4448,#4449,#4450,#4451,#4452,#4453),
  .UNSPECIFIED.,.T.,.F.,(9,7,7,7,7,7,7,7,9),(0.,0.125303937173,
    0.214708037457,0.300899966668,0.431362161098,0.592907977152,
    0.713867478685,0.832922720176,1.),.UNSPECIFIED.);
#4396 = CARTESIAN_POINT('',(3.331623197247,-25.));
#4397 = CARTESIAN_POINT('',(3.331623197247,-25.14865489757));
#4398 = CARTESIAN_POINT('',(3.329942298396,-25.29722450619));
#4399 = CARTESIAN_POINT('',(3.326583722063,-25.44474710949));
#4400 = CARTESIAN_POINT('',(3.32153293239,-25.59020240164));
#4401 = CARTESIAN_POINT('',(3.31476247228,-25.73243435275));
#4402 = CARTESIAN_POINT('',(3.306236254269,-25.87006616894));
#4403 = CARTESIAN_POINT('',(3.295914273132,-26.0013920154));
#4404 = CARTESIAN_POINT('',(3.275085735916,-26.21187494131));
#4405 = CARTESIAN_POINT('',(3.265434600931,-26.29565039074));
#4406 = CARTESIAN_POINT('',(3.254813044092,-26.37429852964));
#4407 = CARTESIAN_POINT('',(3.243246146607,-26.44656310284));
#4408 = CARTESIAN_POINT('',(3.230775035176,-26.51118856577));
#4409 = CARTESIAN_POINT('',(3.217456427703,-26.56691646665));
#4410 = CARTESIAN_POINT('',(3.203363018531,-26.6124792346));
#4411 = CARTESIAN_POINT('',(3.17433735319,-26.67947790918));
#4412 = CARTESIAN_POINT('',(3.159536196028,-26.70153034707));
#4413 = CARTESIAN_POINT('',(3.14440166049,-26.71151995119));
#4414 = CARTESIAN_POINT('',(3.129170617261,-26.70884185098));
#4415 = CARTESIAN_POINT('',(3.11408594766,-26.69350035035));
#4416 = CARTESIAN_POINT('',(3.099385818187,-26.66610325206));
#4417 = CARTESIAN_POINT('',(3.085292660881,-26.62786519813));
#4418 = CARTESIAN_POINT('',(3.051884580191,-26.50910858767));
#4419 = CARTESIAN_POINT('',(3.033595170354,-26.41692474373));
#4420 = CARTESIAN_POINT('',(3.017245714197,-26.30836318652));
#4421 = CARTESIAN_POINT('',(3.002881363375,-26.18695567276));
#4422 = CARTESIAN_POINT('',(2.990507708547,-26.05566630178));
#4423 = CARTESIAN_POINT('',(2.980104889544,-25.91700983838));
#4424 = CARTESIAN_POINT('',(2.971635409098,-25.77312213895));
#4425 = CARTESIAN_POINT('',(2.956901419701,-25.44340350408));
#4426 = CARTESIAN_POINT('',(2.951612325247,-25.25505934551));
#4427 = CARTESIAN_POINT('',(2.94910495699,-25.06346426626));
#4428 = CARTESIAN_POINT('',(2.949346531102,-24.8707823663));
#4429 = CARTESIAN_POINT('',(2.952339784464,-24.67909530576));
#4430 = CARTESIAN_POINT('',(2.958117225479,-24.49062863782));
#4431 = CARTESIAN_POINT('',(2.966737929774,-24.30798830511));
#4432 = CARTESIAN_POINT('',(2.986927702479,-24.00482503444));
#4433 = CARTESIAN_POINT('',(2.997280536204,-23.87919334693));
#4434 = CARTESIAN_POINT('',(3.00937569013,-23.76001585071));
#4435 = CARTESIAN_POINT('',(3.023211318422,-23.64974201948));
#4436 = CARTESIAN_POINT('',(3.038749504971,-23.55099448205));
#4437 = CARTESIAN_POINT('',(3.055915767463,-23.46659019213));
#4438 = CARTESIAN_POINT('',(3.074592494425,-23.3995924708));
#4439 = CARTESIAN_POINT('',(3.114293726761,-23.30795185156));
#4440 = CARTESIAN_POINT('',(3.134883130842,-23.28356755965));
#4441 = CARTESIAN_POINT('',(3.155855845384,-23.28267664711));
#4442 = CARTESIAN_POINT('',(3.176657584357,-23.3059083001));
#4443 = CARTESIAN_POINT('',(3.196735218802,-23.35219939782));
#4444 = CARTESIAN_POINT('',(3.215576467951,-23.41883478187));
#4445 = CARTESIAN_POINT('',(3.232751913779,-23.50144311128));
#4446 = CARTESIAN_POINT('',(3.269313088625,-23.72380170288));
#4447 = CARTESIAN_POINT('',(3.287438894896,-23.87707231809));
#4448 = CARTESIAN_POINT('',(3.302356058017,-24.04666139744));
#4449 = CARTESIAN_POINT('',(3.314148775741,-24.22757479963));
#4450 = CARTESIAN_POINT('',(3.322908661651,-24.41604264597));
#4451 = CARTESIAN_POINT('',(3.328716609205,-24.60914511637));
#4452 = CARTESIAN_POINT('',(3.331623197247,-24.80452265947));
#4453 = CARTESIAN_POINT('',(3.331623197247,-25.));
#4454 = ( GEOMETRIC_REPRESENTATION_CONTEXT(2) 
PARAMETRIC_REPRESENTATION_CONTEXT() REPRESENTATION_CONTEXT('2D SPACE',''
  ) );
#4455 = PCURVE('',#4456,#4461);
#4456 = CYLINDRICAL_SURFACE('',#4457,1.7);
#4457 = AXIS2_PLACEMENT_3D('',#4458,#4459,#4460);
#4458 = CARTESIAN_POINT('',(-50.,-74.,116.7));
#4459 = DIRECTION('',(1.,0.,0.));
#4460 = DIRECTION('',(0.,1.110223024625E-16,1.));
#4461 = DEFINITIONAL_REPRESENTATION('',(#4462),#4521);
#4462 = B_SPLINE_CURVE_WITH_KNOTS('',8,(#4463,#4464,#4465,#4466,#4467,
    #4468,#4469,#4470,#4471,#4472,#4473,#4474,#4475,#4476,#4477,#4478,
    #4479,#4480,#4481,#4482,#4483,#4484,#4485,#4486,#4487,#4488,#4489,
    #4490,#4491,#4492,#4493,#4494,#4495,#4496,#4497,#4498,#4499,#4500,
    #4501,#4502,#4503,#4504,#4505,#4506,#4507,#4508,#4509,#4510,#4511,
    #4512,#4513,#4514,#4515,#4516,#4517,#4518,#4519,#4520),
  .UNSPECIFIED.,.F.,.F.,(9,7,7,7,7,7,7,7,9),(0.,0.125303937173,
    0.214708037457,0.300899966668,0.431362161098,0.592907977152,
    0.713867478685,0.832922720176,1.),.UNSPECIFIED.);
#4463 = CARTESIAN_POINT('',(0.,-8.837986195961));
#4464 = CARTESIAN_POINT('',(8.744405739824E-02,-8.837986195961));
#4465 = CARTESIAN_POINT('',(0.174837851362,-8.840843709595));
#4466 = CARTESIAN_POINT('',(0.262635052623,-8.846553345686));
#4467 = CARTESIAN_POINT('',(0.351248396198,-8.854999768144));
#4468 = CARTESIAN_POINT('',(0.44109333445,-8.865951549424));
#4469 = CARTESIAN_POINT('',(0.532600844615,-8.879035139656));
#4470 = CARTESIAN_POINT('',(0.626236924529,-8.893702099009));
#4471 = CARTESIAN_POINT('',(0.791297128067,-8.920262416771));
#4472 = CARTESIAN_POINT('',(0.861753572258,-8.931803522217));
#4473 = CARTESIAN_POINT('',(0.933860895362,-8.943512694055));
#4474 = CARTESIAN_POINT('',(1.007590946549,-8.955009202508));
#4475 = CARTESIAN_POINT('',(1.082952408573,-8.96586205716));
#4476 = CARTESIAN_POINT('',(1.159988511404,-8.975614633693));
#4477 = CARTESIAN_POINT('',(1.238782222613,-8.983816821366));
#4478 = CARTESIAN_POINT('',(1.397256640282,-8.996088083411));
#4479 = CARTESIAN_POINT('',(1.476351435669,-9.000260117788));
#4480 = CARTESIAN_POINT('',(1.556149562658,-9.002201817903));
#4481 = CARTESIAN_POINT('',(1.636135989106,-9.001692683027));
#4482 = CARTESIAN_POINT('',(1.715831990935,-8.998730420976));
#4483 = CARTESIAN_POINT('',(1.79474107469,-8.993540194228));
#4484 = CARTESIAN_POINT('',(1.872293220473,-8.986533379366));
#4485 = CARTESIAN_POINT('',(2.062057334741,-8.965626210274));
#4486 = CARTESIAN_POINT('',(2.171670206929,-8.950027707435));
#4487 = CARTESIAN_POINT('',(2.277405827039,-8.932819890636));
#4488 = CARTESIAN_POINT('',(2.3798170695,-8.915315625897));
#4489 = CARTESIAN_POINT('',(2.479362420757,-8.89859328608));
#4490 = CARTESIAN_POINT('',(2.576441440684,-8.883468117201));
#4491 = CARTESIAN_POINT('',(2.67140367801,-8.870520038297));
#4492 = CARTESIAN_POINT('',(2.880004498856,-8.847231199592));
#4493 = CARTESIAN_POINT('',(2.993136871123,-8.838198469257));
#4494 = CARTESIAN_POINT('',(3.105055718342,-8.833717377377));
#4495 = CARTESIAN_POINT('',(3.216617137505,-8.834118810991));
#4496 = CARTESIAN_POINT('',(3.328619050546,-8.839433892183));
#4497 = CARTESIAN_POINT('',(3.441858565148,-8.849390820217));
#4498 = CARTESIAN_POINT('',(3.557189216528,-8.86335784773));
#4499 = CARTESIAN_POINT('',(3.764372472479,-8.89290076373));
#4500 = CARTESIAN_POINT('',(3.855548214744,-8.907291160921));
#4501 = CARTESIAN_POINT('',(3.949214692646,-8.922947094742));
#4502 = CARTESIAN_POINT('',(4.045462216379,-8.939174284213));
#4503 = CARTESIAN_POINT('',(4.144462362112,-8.955076504493));
#4504 = CARTESIAN_POINT('',(4.246465519641,-8.96959662752));
#4505 = CARTESIAN_POINT('',(4.351821229475,-8.981605806576));
#4506 = CARTESIAN_POINT('',(4.568582140938,-8.998390408058));
#4507 = CARTESIAN_POINT('',(4.677717169157,-9.003109715741));
#4508 = CARTESIAN_POINT('',(4.787339590284,-9.003370812155));
#4509 = CARTESIAN_POINT('',(4.896563771122,-8.998828557136));
#4510 = CARTESIAN_POINT('',(5.00452632345,-8.989909900408));
#4511 = CARTESIAN_POINT('',(5.110249521241,-8.977711138358));
#4512 = CARTESIAN_POINT('',(5.212467020714,-8.963666890053));
#4513 = CARTESIAN_POINT('',(5.445171236282,-8.928731161337));
#4514 = CARTESIAN_POINT('',(5.57452454802,-8.906749713116));
#4515 = CARTESIAN_POINT('',(5.698945109363,-8.885650792816));
#4516 = CARTESIAN_POINT('',(5.819557529137,-8.867275942862));
#4517 = CARTESIAN_POINT('',(5.937365543786,-8.852800382302));
#4518 = CARTESIAN_POINT('',(6.053270389593,-8.842927504729));
#4519 = CARTESIAN_POINT('',(6.168198636285,-8.837986195961));
#4520 = CARTESIAN_POINT('',(6.28318530718,-8.837986195961));
#4521 = ( GEOMETRIC_REPRESENTATION_CONTEXT(2) 
PARAMETRIC_REPRESENTATION_CONTEXT() REPRESENTATION_CONTEXT('2D SPACE',''
  ) );
#4522 = FACE_BOUND('',#4523,.T.);
#4523 = EDGE_LOOP('',(#4524,#4554,#4712,#4740,#4762,#4786,#4951,#4975));
#4524 = ORIENTED_EDGE('',*,*,#4525,.T.);
#4525 = EDGE_CURVE('',#4526,#4528,#4530,.T.);
#4526 = VERTEX_POINT('',#4527);
#4527 = CARTESIAN_POINT('',(-51.33790881602,-55.,107.8));
#4528 = VERTEX_POINT('',#4529);
#4529 = CARTESIAN_POINT('',(-58.89438024822,-55.,115.32522729151));
#4530 = SURFACE_CURVE('',#4531,(#4536,#4543),.PCURVE_S1.);
#4531 = CIRCLE('',#4532,9.);
#4532 = AXIS2_PLACEMENT_3D('',#4533,#4534,#4535);
#4533 = CARTESIAN_POINT('',(-50.,-55.,116.7));
#4534 = DIRECTION('',(0.,1.,-1.110223024625E-16));
#4535 = DIRECTION('',(-0.148656535114,-1.09788721324E-16,-0.988888888889
    ));
#4536 = PCURVE('',#3497,#4537);
#4537 = DEFINITIONAL_REPRESENTATION('',(#4538),#4542);
#4538 = LINE('',#4539,#4540);
#4539 = CARTESIAN_POINT('',(1.7200059004,-6.));
#4540 = VECTOR('',#4541,1.);
#4541 = DIRECTION('',(1.,-0.));
#4542 = ( GEOMETRIC_REPRESENTATION_CONTEXT(2) 
PARAMETRIC_REPRESENTATION_CONTEXT() REPRESENTATION_CONTEXT('2D SPACE',''
  ) );
#4543 = PCURVE('',#3618,#4544);
#4544 = DEFINITIONAL_REPRESENTATION('',(#4545),#4553);
#4545 = ( BOUNDED_CURVE() B_SPLINE_CURVE(2,(#4546,#4547,#4548,#4549,
#4550,#4551,#4552),.UNSPECIFIED.,.T.,.F.) B_SPLINE_CURVE_WITH_KNOTS((1,2
    ,2,2,2,1),(-2.094395102393,0.,2.094395102393,4.188790204786,
6.28318530718,8.377580409573),.UNSPECIFIED.) CURVE() 
GEOMETRIC_REPRESENTATION_ITEM() RATIONAL_B_SPLINE_CURVE((1.,0.5,1.,0.5,
1.,0.5,1.)) REPRESENTATION_ITEM('') );
#4546 = CARTESIAN_POINT('',(14.,7.662091183974));
#4547 = CARTESIAN_POINT('',(11.682673954749,-7.753161003389));
#4548 = CARTESIAN_POINT('',(-0.508663022626,1.961328314331));
#4549 = CARTESIAN_POINT('',(-12.7,11.675817632052));
#4550 = CARTESIAN_POINT('',(1.808663022626,17.376580501694));
#4551 = CARTESIAN_POINT('',(16.317326045251,23.077343371337));
#4552 = CARTESIAN_POINT('',(14.,7.662091183974));
#4553 = ( GEOMETRIC_REPRESENTATION_CONTEXT(2) 
PARAMETRIC_REPRESENTATION_CONTEXT() REPRESENTATION_CONTEXT('2D SPACE',''
  ) );
#4554 = ORIENTED_EDGE('',*,*,#4555,.T.);
#4555 = EDGE_CURVE('',#4528,#4556,#4558,.T.);
#4556 = VERTEX_POINT('',#4557);
#4557 = CARTESIAN_POINT('',(-58.89438024822,-55.,118.07477270848));
#4558 = SURFACE_CURVE('',#4559,(#4618,#4680),.PCURVE_S1.);
#4559 = B_SPLINE_CURVE_WITH_KNOTS('',8,(#4560,#4561,#4562,#4563,#4564,
    #4565,#4566,#4567,#4568,#4569,#4570,#4571,#4572,#4573,#4574,#4575,
    #4576,#4577,#4578,#4579,#4580,#4581,#4582,#4583,#4584,#4585,#4586,
    #4587,#4588,#4589,#4590,#4591,#4592,#4593,#4594,#4595,#4596,#4597,
    #4598,#4599,#4600,#4601,#4602,#4603,#4604,#4605,#4606,#4607,#4608,
    #4609,#4610,#4611,#4612,#4613,#4614,#4615,#4616,#4617),
  .UNSPECIFIED.,.T.,.F.,(1,8,7,7,7,7,7,7,7,8,1),(-0.167077279845,0.,
    0.125303937165,0.214708037443,0.300899966649,0.43136216107,
    0.592907977113,0.71386747865,0.832922720155,1.,1.125303937165),
  .UNSPECIFIED.);
#4560 = CARTESIAN_POINT('',(-58.83798619596,-56.,118.4));
#4561 = CARTESIAN_POINT('',(-58.83798619596,-56.14865489757,118.4));
#4562 = CARTESIAN_POINT('',(-58.84084370959,-56.29722450619,
    118.38514423355));
#4563 = CARTESIAN_POINT('',(-58.84655334568,-56.44474710949,
    118.35546120764));
#4564 = CARTESIAN_POINT('',(-58.85499976814,-56.59020240164,
    118.3107954469));
#4565 = CARTESIAN_POINT('',(-58.86595154942,-56.73243435275,
    118.25085095242));
#4566 = CARTESIAN_POINT('',(-58.87903513965,-56.87006616894,
    118.17523050301));
#4567 = CARTESIAN_POINT('',(-58.893702099,-57.0013920154,118.08348522024
    ));
#4568 = CARTESIAN_POINT('',(-58.92026241677,-57.21187494131,
    117.89791955938));
#4569 = CARTESIAN_POINT('',(-58.93180352221,-57.29565039074,
    117.81182591717));
#4570 = CARTESIAN_POINT('',(-58.94351269405,-57.37429852964,
    117.71694290877));
#4571 = CARTESIAN_POINT('',(-58.9550092025,-57.44656310284,
    117.61346093453));
#4572 = CARTESIAN_POINT('',(-58.96586205716,-57.51118856577,
    117.50172279205));
#4573 = CARTESIAN_POINT('',(-58.97561463369,-57.56691646665,
    117.38222605532));
#4574 = CARTESIAN_POINT('',(-58.98381682136,-57.6124792346,
    117.25563081904));
#4575 = CARTESIAN_POINT('',(-58.99608808341,-57.67947790918,
    116.99468820992));
#4576 = CARTESIAN_POINT('',(-59.00026011778,-57.70153034707,
    116.86152716256));
#4577 = CARTESIAN_POINT('',(-59.0022018179,-57.71151995119,
    116.72529574637));
#4578 = CARTESIAN_POINT('',(-59.00169268302,-57.70884185098,
    116.58817373745));
#4579 = CARTESIAN_POINT('',(-58.99873042097,-57.69350035035,
    116.45240249182));
#4580 = CARTESIAN_POINT('',(-58.99354019422,-57.66610325206,
    116.3201732617));
#4581 = CARTESIAN_POINT('',(-58.98653337936,-57.62786519813,
    116.19351594392));
#4582 = CARTESIAN_POINT('',(-58.96562621027,-57.50910858767,
    115.89357098469));
#4583 = CARTESIAN_POINT('',(-58.95002770743,-57.41692474373,
    115.72965407384));
#4584 = CARTESIAN_POINT('',(-58.93281989063,-57.30836318652,
    115.58346377554));
#4585 = CARTESIAN_POINT('',(-58.91531562589,-57.18695567276,
    115.45534046619));
#4586 = CARTESIAN_POINT('',(-58.89859328608,-57.05566630178,
    115.34522476798));
#4587 = CARTESIAN_POINT('',(-58.8834681172,-56.91700983838,
    115.25282305986));
#4588 = CARTESIAN_POINT('',(-58.87052003829,-56.77312213895,
    115.17770428709));
#4589 = CARTESIAN_POINT('',(-58.84723119959,-56.44340350408,
    115.04715944452));
#4590 = CARTESIAN_POINT('',(-58.83819846925,-56.25505934551,
    115.00041754811));
#4591 = CARTESIAN_POINT('',(-58.83371737737,-56.06346426626,
    114.9783015462));
#4592 = CARTESIAN_POINT('',(-58.83411881099,-55.8707823663,
    114.98043952157));
#4593 = CARTESIAN_POINT('',(-58.83943389218,-55.67909530576,
    115.00684704809));
#4594 = CARTESIAN_POINT('',(-58.84939082021,-55.49062863782,
    115.05788344403));
#4595 = CARTESIAN_POINT('',(-58.86335784773,-55.30798830511,
    115.13421449768));
#4596 = CARTESIAN_POINT('',(-58.89290076373,-55.00482503442,
    115.31350475617));
#4597 = CARTESIAN_POINT('',(-58.90729116092,-54.87919334693,
    115.40556544772));
#4598 = CARTESIAN_POINT('',(-58.92294709474,-54.76001585072,
    115.51330126738));
#4599 = CARTESIAN_POINT('',(-58.93917428421,-54.64974201949,
    115.63678492713));
#4600 = CARTESIAN_POINT('',(-58.95507650449,-54.55099448205,
    115.7757673045));
#4601 = CARTESIAN_POINT('',(-58.96959662752,-54.46659019212,
    115.92964138691));
#4602 = CARTESIAN_POINT('',(-58.98160580657,-54.3995924708,
    116.09735299257));
#4603 = CARTESIAN_POINT('',(-58.99839040805,-54.30795185156,
    116.45426963957));
#4604 = CARTESIAN_POINT('',(-59.00310971574,-54.28356755965,
    116.6395568296));
#4605 = CARTESIAN_POINT('',(-59.00337081215,-54.28267664711,
    116.82840392687));
#4606 = CARTESIAN_POINT('',(-58.99882855713,-54.3059083001,
    117.01568363981));
#4607 = CARTESIAN_POINT('',(-58.9899099004,-54.35219939782,
    117.19626175514));
#4608 = CARTESIAN_POINT('',(-58.97771113835,-54.41883478187,
    117.36544439152));
#4609 = CARTESIAN_POINT('',(-58.96366689005,-54.50144311128,
    117.51940282536));
#4610 = CARTESIAN_POINT('',(-58.92873116133,-54.72380170288,
    117.84659355698));
#4611 = CARTESIAN_POINT('',(-58.90674971311,-54.87707231809,
    118.00830607777));
#4612 = CARTESIAN_POINT('',(-58.88565079281,-55.04666139744,
    118.14093639347));
#4613 = CARTESIAN_POINT('',(-58.86727594286,-55.22757479963,
    118.24548065421));
#4614 = CARTESIAN_POINT('',(-58.8528003823,-55.41604264597,
    118.32298114833));
#4615 = CARTESIAN_POINT('',(-58.84292750472,-55.60914511637,
    118.37431159448));
#4616 = CARTESIAN_POINT('',(-58.83798619596,-55.80452265947,118.4));
#4617 = CARTESIAN_POINT('',(-58.83798619596,-56.,118.4));
#4618 = PCURVE('',#3497,#4619);
#4619 = DEFINITIONAL_REPRESENTATION('',(#4620),#4679);
#4620 = B_SPLINE_CURVE_WITH_KNOTS('',8,(#4621,#4622,#4623,#4624,#4625,
    #4626,#4627,#4628,#4629,#4630,#4631,#4632,#4633,#4634,#4635,#4636,
    #4637,#4638,#4639,#4640,#4641,#4642,#4643,#4644,#4645,#4646,#4647,
    #4648,#4649,#4650,#4651,#4652,#4653,#4654,#4655,#4656,#4657,#4658,
    #4659,#4660,#4661,#4662,#4663,#4664,#4665,#4666,#4667,#4668,#4669,
    #4670,#4671,#4672,#4673,#4674,#4675,#4676,#4677,#4678),
  .UNSPECIFIED.,.T.,.F.,(9,7,7,7,7,7,7,7,9),(0.,0.125303937165,
    0.214708037443,0.300899966649,0.43136216107,0.592907977113,
    0.71386747865,0.832922720155,1.),.UNSPECIFIED.);
#4621 = CARTESIAN_POINT('',(3.331623197247,-7.));
#4622 = CARTESIAN_POINT('',(3.331623197247,-7.148654897577));
#4623 = CARTESIAN_POINT('',(3.329942298396,-7.297224506193));
#4624 = CARTESIAN_POINT('',(3.326583722063,-7.444747109499));
#4625 = CARTESIAN_POINT('',(3.32153293239,-7.590202401645));
#4626 = CARTESIAN_POINT('',(3.31476247228,-7.732434352758));
#4627 = CARTESIAN_POINT('',(3.306236254269,-7.870066168949));
#4628 = CARTESIAN_POINT('',(3.295914273132,-8.001392015402));
#4629 = CARTESIAN_POINT('',(3.275085735916,-8.211874941311));
#4630 = CARTESIAN_POINT('',(3.265434600931,-8.295650390743));
#4631 = CARTESIAN_POINT('',(3.254813044092,-8.374298529644));
#4632 = CARTESIAN_POINT('',(3.243246146607,-8.446563102841));
#4633 = CARTESIAN_POINT('',(3.230775035176,-8.511188565779));
#4634 = CARTESIAN_POINT('',(3.217456427703,-8.566916466656));
#4635 = CARTESIAN_POINT('',(3.203363018531,-8.612479234604));
#4636 = CARTESIAN_POINT('',(3.17433735319,-8.679477909186));
#4637 = CARTESIAN_POINT('',(3.159536196028,-8.701530347078));
#4638 = CARTESIAN_POINT('',(3.14440166049,-8.711519951193));
#4639 = CARTESIAN_POINT('',(3.129170617261,-8.708841850988));
#4640 = CARTESIAN_POINT('',(3.11408594766,-8.693500350353));
#4641 = CARTESIAN_POINT('',(3.099385818187,-8.666103252064));
#4642 = CARTESIAN_POINT('',(3.085292660881,-8.62786519813));
#4643 = CARTESIAN_POINT('',(3.051884580191,-8.509108587673));
#4644 = CARTESIAN_POINT('',(3.033595170354,-8.416924743736));
#4645 = CARTESIAN_POINT('',(3.017245714197,-8.308363186522));
#4646 = CARTESIAN_POINT('',(3.002881363375,-8.18695567276));
#4647 = CARTESIAN_POINT('',(2.990507708547,-8.055666301784));
#4648 = CARTESIAN_POINT('',(2.980104889544,-7.917009838386));
#4649 = CARTESIAN_POINT('',(2.971635409098,-7.773122138955));
#4650 = CARTESIAN_POINT('',(2.956901419701,-7.443403504083));
#4651 = CARTESIAN_POINT('',(2.951612325247,-7.255059345514));
#4652 = CARTESIAN_POINT('',(2.94910495699,-7.063464266267));
#4653 = CARTESIAN_POINT('',(2.949346531102,-6.870782366302));
#4654 = CARTESIAN_POINT('',(2.952339784464,-6.679095305767));
#4655 = CARTESIAN_POINT('',(2.958117225479,-6.490628637824));
#4656 = CARTESIAN_POINT('',(2.966737929774,-6.307988305112));
#4657 = CARTESIAN_POINT('',(2.98692770248,-6.004825034427));
#4658 = CARTESIAN_POINT('',(2.997280536205,-5.879193346932));
#4659 = CARTESIAN_POINT('',(3.009375690129,-5.760015850728));
#4660 = CARTESIAN_POINT('',(3.02321131842,-5.649742019493));
#4661 = CARTESIAN_POINT('',(3.038749504971,-5.550994482051));
#4662 = CARTESIAN_POINT('',(3.055915767464,-5.466590192127));
#4663 = CARTESIAN_POINT('',(3.074592494427,-5.399592470804));
#4664 = CARTESIAN_POINT('',(3.114293726761,-5.307951851564));
#4665 = CARTESIAN_POINT('',(3.134883130842,-5.283567559652));
#4666 = CARTESIAN_POINT('',(3.155855845384,-5.282676647117));
#4667 = CARTESIAN_POINT('',(3.176657584357,-5.305908300103));
#4668 = CARTESIAN_POINT('',(3.196735218802,-5.352199397829));
#4669 = CARTESIAN_POINT('',(3.215576467951,-5.418834781876));
#4670 = CARTESIAN_POINT('',(3.232751913779,-5.501443111287));
#4671 = CARTESIAN_POINT('',(3.269313088625,-5.723801702884));
#4672 = CARTESIAN_POINT('',(3.287438894896,-5.877072318093));
#4673 = CARTESIAN_POINT('',(3.302356058017,-6.046661397444));
#4674 = CARTESIAN_POINT('',(3.314148775741,-6.227574799634));
#4675 = CARTESIAN_POINT('',(3.322908661651,-6.416042645974));
#4676 = CARTESIAN_POINT('',(3.328716609205,-6.609145116378));
#4677 = CARTESIAN_POINT('',(3.331623197247,-6.804522659479));
#4678 = CARTESIAN_POINT('',(3.331623197247,-7.));
#4679 = ( GEOMETRIC_REPRESENTATION_CONTEXT(2) 
PARAMETRIC_REPRESENTATION_CONTEXT() REPRESENTATION_CONTEXT('2D SPACE',''
  ) );
#4680 = PCURVE('',#4681,#4686);
#4681 = CYLINDRICAL_SURFACE('',#4682,1.7);
#4682 = AXIS2_PLACEMENT_3D('',#4683,#4684,#4685);
#4683 = CARTESIAN_POINT('',(-50.,-56.,116.7));
#4684 = DIRECTION('',(1.,0.,0.));
#4685 = DIRECTION('',(0.,1.110223024625E-16,1.));
#4686 = DEFINITIONAL_REPRESENTATION('',(#4687),#4711);
#4687 = B_SPLINE_CURVE_WITH_KNOTS('',8,(#4688,#4689,#4690,#4691,#4692,
    #4693,#4694,#4695,#4696,#4697,#4698,#4699,#4700,#4701,#4702,#4703,
    #4704,#4705,#4706,#4707,#4708,#4709,#4710),.UNSPECIFIED.,.F.,.F.,(9,
    7,7,9),(0.608861243638,0.713867477258,0.832922720019,0.888616533482)
  ,.UNSPECIFIED.);
#4688 = CARTESIAN_POINT('',(3.770467579284,-8.894380244505));
#4689 = CARTESIAN_POINT('',(3.849466186608,-8.906590781803));
#4690 = CARTESIAN_POINT('',(3.930351562426,-8.919787488171));
#4691 = CARTESIAN_POINT('',(4.013169516138,-8.933567179106));
#4692 = CARTESIAN_POINT('',(4.098007156138,-8.947409037779));
#4693 = CARTESIAN_POINT('',(4.184997921588,-8.960688236335));
#4694 = CARTESIAN_POINT('',(4.274323682398,-8.972702636304));
#4695 = CARTESIAN_POINT('',(4.366228865825,-8.982721443305));
#4696 = CARTESIAN_POINT('',(4.568582140938,-8.998390408058));
#4697 = CARTESIAN_POINT('',(4.677717169157,-9.003109715741));
#4698 = CARTESIAN_POINT('',(4.787339590284,-9.003370812155));
#4699 = CARTESIAN_POINT('',(4.896563771122,-8.998828557136));
#4700 = CARTESIAN_POINT('',(5.004526323451,-8.989909900408));
#4701 = CARTESIAN_POINT('',(5.110249521241,-8.977711138358));
#4702 = CARTESIAN_POINT('',(5.212467020714,-8.963666890053));
#4703 = CARTESIAN_POINT('',(5.354585929215,-8.942330673085));
#4704 = CARTESIAN_POINT('',(5.399155088877,-8.93535488494));
#4705 = CARTESIAN_POINT('',(5.443058089795,-8.928294601323));
#4706 = CARTESIAN_POINT('',(5.486348167753,-8.921233414109));
#4707 = CARTESIAN_POINT('',(5.529074200791,-8.914247045462));
#4708 = CARTESIAN_POINT('',(5.571281689556,-8.907403495567));
#4709 = CARTESIAN_POINT('',(5.613013486114,-8.900763363515));
#4710 = CARTESIAN_POINT('',(5.654310381651,-8.89438024759));
#4711 = ( GEOMETRIC_REPRESENTATION_CONTEXT(2) 
PARAMETRIC_REPRESENTATION_CONTEXT() REPRESENTATION_CONTEXT('2D SPACE',''
  ) );
#4712 = ORIENTED_EDGE('',*,*,#4713,.T.);
#4713 = EDGE_CURVE('',#4556,#4714,#4716,.T.);
#4714 = VERTEX_POINT('',#4715);
#4715 = CARTESIAN_POINT('',(-57.41552425658,-55.,121.8));
#4716 = SURFACE_CURVE('',#4717,(#4722,#4729),.PCURVE_S1.);
#4717 = CIRCLE('',#4718,9.);
#4718 = AXIS2_PLACEMENT_3D('',#4719,#4720,#4721);
#4719 = CARTESIAN_POINT('',(-50.,-55.,116.7));
#4720 = DIRECTION('',(0.,1.,-1.110223024625E-16));
#4721 = DIRECTION('',(-0.148656535114,-1.09788721324E-16,-0.988888888889
    ));
#4722 = PCURVE('',#3497,#4723);
#4723 = DEFINITIONAL_REPRESENTATION('',(#4724),#4728);
#4724 = LINE('',#4725,#4726);
#4725 = CARTESIAN_POINT('',(1.7200059004,-6.));
#4726 = VECTOR('',#4727,1.);
#4727 = DIRECTION('',(1.,-0.));
#4728 = ( GEOMETRIC_REPRESENTATION_CONTEXT(2) 
PARAMETRIC_REPRESENTATION_CONTEXT() REPRESENTATION_CONTEXT('2D SPACE',''
  ) );
#4729 = PCURVE('',#4230,#4730);
#4730 = DEFINITIONAL_REPRESENTATION('',(#4731),#4739);
#4731 = ( BOUNDED_CURVE() B_SPLINE_CURVE(2,(#4732,#4733,#4734,#4735,
#4736,#4737,#4738),.UNSPECIFIED.,.T.,.F.) B_SPLINE_CURVE_WITH_KNOTS((1,2
    ,2,2,2,1),(-2.094395102393,0.,2.094395102393,4.188790204786,
6.28318530718,8.377580409573),.UNSPECIFIED.) CURVE() 
GEOMETRIC_REPRESENTATION_ITEM() RATIONAL_B_SPLINE_CURVE((1.,0.5,1.,0.5,
1.,0.5,1.)) REPRESENTATION_ITEM('') );
#4732 = CARTESIAN_POINT('',(14.,7.662091183974));
#4733 = CARTESIAN_POINT('',(11.682673954749,-7.753161003389));
#4734 = CARTESIAN_POINT('',(-0.508663022626,1.961328314331));
#4735 = CARTESIAN_POINT('',(-12.7,11.675817632052));
#4736 = CARTESIAN_POINT('',(1.808663022626,17.376580501694));
#4737 = CARTESIAN_POINT('',(16.317326045251,23.077343371337));
#4738 = CARTESIAN_POINT('',(14.,7.662091183974));
#4739 = ( GEOMETRIC_REPRESENTATION_CONTEXT(2) 
PARAMETRIC_REPRESENTATION_CONTEXT() REPRESENTATION_CONTEXT('2D SPACE',''
  ) );
#4740 = ORIENTED_EDGE('',*,*,#4741,.F.);
#4741 = EDGE_CURVE('',#4742,#4714,#4744,.T.);
#4742 = VERTEX_POINT('',#4743);
#4743 = CARTESIAN_POINT('',(-57.41552425658,-57.,121.8));
#4744 = SURFACE_CURVE('',#4745,(#4749,#4755),.PCURVE_S1.);
#4745 = LINE('',#4746,#4747);
#4746 = CARTESIAN_POINT('',(-57.41552425658,-49.,121.8));
#4747 = VECTOR('',#4748,1.);
#4748 = DIRECTION('',(-0.,1.,-1.110223024625E-16));
#4749 = PCURVE('',#3497,#4750);
#4750 = DEFINITIONAL_REPRESENTATION('',(#4751),#4754);
#4751 = B_SPLINE_CURVE_WITH_KNOTS('',1,(#4752,#4753),.UNSPECIFIED.,.F.,
  .F.,(2,2),(-8.2,-5.8),.PIECEWISE_BEZIER_KNOTS.);
#4752 = CARTESIAN_POINT('',(3.744047286975,-8.2));
#4753 = CARTESIAN_POINT('',(3.744047286975,-5.8));
#4754 = ( GEOMETRIC_REPRESENTATION_CONTEXT(2) 
PARAMETRIC_REPRESENTATION_CONTEXT() REPRESENTATION_CONTEXT('2D SPACE',''
  ) );
#4755 = PCURVE('',#4201,#4756);
#4756 = DEFINITIONAL_REPRESENTATION('',(#4757),#4761);
#4757 = LINE('',#4758,#4759);
#4758 = CARTESIAN_POINT('',(1.584475743415,-6.));
#4759 = VECTOR('',#4760,1.);
#4760 = DIRECTION('',(0.,-1.));
#4761 = ( GEOMETRIC_REPRESENTATION_CONTEXT(2) 
PARAMETRIC_REPRESENTATION_CONTEXT() REPRESENTATION_CONTEXT('2D SPACE',''
  ) );
#4762 = ORIENTED_EDGE('',*,*,#4763,.T.);
#4763 = EDGE_CURVE('',#4742,#4764,#4766,.T.);
#4764 = VERTEX_POINT('',#4765);
#4765 = CARTESIAN_POINT('',(-58.89438024822,-57.,118.07477270848));
#4766 = SURFACE_CURVE('',#4767,(#4772,#4779),.PCURVE_S1.);
#4767 = CIRCLE('',#4768,9.);
#4768 = AXIS2_PLACEMENT_3D('',#4769,#4770,#4771);
#4769 = CARTESIAN_POINT('',(-50.,-57.,116.7));
#4770 = DIRECTION('',(0.,-1.,1.110223024625E-16));
#4771 = DIRECTION('',(-0.823947139621,6.291263806209E-17,0.566666666667)
  );
#4772 = PCURVE('',#3497,#4773);
#4773 = DEFINITIONAL_REPRESENTATION('',(#4774),#4778);
#4774 = LINE('',#4775,#4776);
#4775 = CARTESIAN_POINT('',(3.744047286975,-8.));
#4776 = VECTOR('',#4777,1.);
#4777 = DIRECTION('',(-1.,-0.));
#4778 = ( GEOMETRIC_REPRESENTATION_CONTEXT(2) 
PARAMETRIC_REPRESENTATION_CONTEXT() REPRESENTATION_CONTEXT('2D SPACE',''
  ) );
#4779 = PCURVE('',#4170,#4780);
#4780 = DEFINITIONAL_REPRESENTATION('',(#4781),#4785);
#4781 = CIRCLE('',#4782,9.);
#4782 = AXIS2_PLACEMENT_2D('',#4783,#4784);
#4783 = CARTESIAN_POINT('',(5.1,9.));
#4784 = DIRECTION('',(-0.566666666667,-0.823947139621));
#4785 = ( GEOMETRIC_REPRESENTATION_CONTEXT(2) 
PARAMETRIC_REPRESENTATION_CONTEXT() REPRESENTATION_CONTEXT('2D SPACE',''
  ) );
#4786 = ORIENTED_EDGE('',*,*,#4787,.T.);
#4787 = EDGE_CURVE('',#4764,#4788,#4790,.T.);
#4788 = VERTEX_POINT('',#4789);
#4789 = CARTESIAN_POINT('',(-58.89438024822,-57.,115.32522729151));
#4790 = SURFACE_CURVE('',#4791,(#4850,#4912),.PCURVE_S1.);
#4791 = B_SPLINE_CURVE_WITH_KNOTS('',8,(#4792,#4793,#4794,#4795,#4796,
    #4797,#4798,#4799,#4800,#4801,#4802,#4803,#4804,#4805,#4806,#4807,
    #4808,#4809,#4810,#4811,#4812,#4813,#4814,#4815,#4816,#4817,#4818,
    #4819,#4820,#4821,#4822,#4823,#4824,#4825,#4826,#4827,#4828,#4829,
    #4830,#4831,#4832,#4833,#4834,#4835,#4836,#4837,#4838,#4839,#4840,
    #4841,#4842,#4843,#4844,#4845,#4846,#4847,#4848,#4849),
  .UNSPECIFIED.,.T.,.F.,(1,8,7,7,7,7,7,7,7,8,1),(-0.167077279845,0.,
    0.125303937165,0.214708037443,0.300899966649,0.43136216107,
    0.592907977113,0.71386747865,0.832922720155,1.,1.125303937165),
  .UNSPECIFIED.);
#4792 = CARTESIAN_POINT('',(-58.83798619596,-56.,118.4));
#4793 = CARTESIAN_POINT('',(-58.83798619596,-56.14865489757,118.4));
#4794 = CARTESIAN_POINT('',(-58.84084370959,-56.29722450619,
    118.38514423355));
#4795 = CARTESIAN_POINT('',(-58.84655334568,-56.44474710949,
    118.35546120764));
#4796 = CARTESIAN_POINT('',(-58.85499976814,-56.59020240164,
    118.3107954469));
#4797 = CARTESIAN_POINT('',(-58.86595154942,-56.73243435275,
    118.25085095242));
#4798 = CARTESIAN_POINT('',(-58.87903513965,-56.87006616894,
    118.17523050301));
#4799 = CARTESIAN_POINT('',(-58.893702099,-57.0013920154,118.08348522024
    ));
#4800 = CARTESIAN_POINT('',(-58.92026241677,-57.21187494131,
    117.89791955938));
#4801 = CARTESIAN_POINT('',(-58.93180352221,-57.29565039074,
    117.81182591717));
#4802 = CARTESIAN_POINT('',(-58.94351269405,-57.37429852964,
    117.71694290877));
#4803 = CARTESIAN_POINT('',(-58.9550092025,-57.44656310284,
    117.61346093453));
#4804 = CARTESIAN_POINT('',(-58.96586205716,-57.51118856577,
    117.50172279205));
#4805 = CARTESIAN_POINT('',(-58.97561463369,-57.56691646665,
    117.38222605532));
#4806 = CARTESIAN_POINT('',(-58.98381682136,-57.6124792346,
    117.25563081904));
#4807 = CARTESIAN_POINT('',(-58.99608808341,-57.67947790918,
    116.99468820992));
#4808 = CARTESIAN_POINT('',(-59.00026011778,-57.70153034707,
    116.86152716256));
#4809 = CARTESIAN_POINT('',(-59.0022018179,-57.71151995119,
    116.72529574637));
#4810 = CARTESIAN_POINT('',(-59.00169268302,-57.70884185098,
    116.58817373745));
#4811 = CARTESIAN_POINT('',(-58.99873042097,-57.69350035035,
    116.45240249182));
#4812 = CARTESIAN_POINT('',(-58.99354019422,-57.66610325206,
    116.3201732617));
#4813 = CARTESIAN_POINT('',(-58.98653337936,-57.62786519813,
    116.19351594392));
#4814 = CARTESIAN_POINT('',(-58.96562621027,-57.50910858767,
    115.89357098469));
#4815 = CARTESIAN_POINT('',(-58.95002770743,-57.41692474373,
    115.72965407384));
#4816 = CARTESIAN_POINT('',(-58.93281989063,-57.30836318652,
    115.58346377554));
#4817 = CARTESIAN_POINT('',(-58.91531562589,-57.18695567276,
    115.45534046619));
#4818 = CARTESIAN_POINT('',(-58.89859328608,-57.05566630178,
    115.34522476798));
#4819 = CARTESIAN_POINT('',(-58.8834681172,-56.91700983838,
    115.25282305986));
#4820 = CARTESIAN_POINT('',(-58.87052003829,-56.77312213895,
    115.17770428709));
#4821 = CARTESIAN_POINT('',(-58.84723119959,-56.44340350408,
    115.04715944452));
#4822 = CARTESIAN_POINT('',(-58.83819846925,-56.25505934551,
    115.00041754811));
#4823 = CARTESIAN_POINT('',(-58.83371737737,-56.06346426626,
    114.9783015462));
#4824 = CARTESIAN_POINT('',(-58.83411881099,-55.8707823663,
    114.98043952157));
#4825 = CARTESIAN_POINT('',(-58.83943389218,-55.67909530576,
    115.00684704809));
#4826 = CARTESIAN_POINT('',(-58.84939082021,-55.49062863782,
    115.05788344403));
#4827 = CARTESIAN_POINT('',(-58.86335784773,-55.30798830511,
    115.13421449768));
#4828 = CARTESIAN_POINT('',(-58.89290076373,-55.00482503442,
    115.31350475617));
#4829 = CARTESIAN_POINT('',(-58.90729116092,-54.87919334693,
    115.40556544772));
#4830 = CARTESIAN_POINT('',(-58.92294709474,-54.76001585072,
    115.51330126738));
#4831 = CARTESIAN_POINT('',(-58.93917428421,-54.64974201949,
    115.63678492713));
#4832 = CARTESIAN_POINT('',(-58.95507650449,-54.55099448205,
    115.7757673045));
#4833 = CARTESIAN_POINT('',(-58.96959662752,-54.46659019212,
    115.92964138691));
#4834 = CARTESIAN_POINT('',(-58.98160580657,-54.3995924708,
    116.09735299257));
#4835 = CARTESIAN_POINT('',(-58.99839040805,-54.30795185156,
    116.45426963957));
#4836 = CARTESIAN_POINT('',(-59.00310971574,-54.28356755965,
    116.6395568296));
#4837 = CARTESIAN_POINT('',(-59.00337081215,-54.28267664711,
    116.82840392687));
#4838 = CARTESIAN_POINT('',(-58.99882855713,-54.3059083001,
    117.01568363981));
#4839 = CARTESIAN_POINT('',(-58.9899099004,-54.35219939782,
    117.19626175514));
#4840 = CARTESIAN_POINT('',(-58.97771113835,-54.41883478187,
    117.36544439152));
#4841 = CARTESIAN_POINT('',(-58.96366689005,-54.50144311128,
    117.51940282536));
#4842 = CARTESIAN_POINT('',(-58.92873116133,-54.72380170288,
    117.84659355698));
#4843 = CARTESIAN_POINT('',(-58.90674971311,-54.87707231809,
    118.00830607777));
#4844 = CARTESIAN_POINT('',(-58.88565079281,-55.04666139744,
    118.14093639347));
#4845 = CARTESIAN_POINT('',(-58.86727594286,-55.22757479963,
    118.24548065421));
#4846 = CARTESIAN_POINT('',(-58.8528003823,-55.41604264597,
    118.32298114833));
#4847 = CARTESIAN_POINT('',(-58.84292750472,-55.60914511637,
    118.37431159448));
#4848 = CARTESIAN_POINT('',(-58.83798619596,-55.80452265947,118.4));
#4849 = CARTESIAN_POINT('',(-58.83798619596,-56.,118.4));
#4850 = PCURVE('',#3497,#4851);
#4851 = DEFINITIONAL_REPRESENTATION('',(#4852),#4911);
#4852 = B_SPLINE_CURVE_WITH_KNOTS('',8,(#4853,#4854,#4855,#4856,#4857,
    #4858,#4859,#4860,#4861,#4862,#4863,#4864,#4865,#4866,#4867,#4868,
    #4869,#4870,#4871,#4872,#4873,#4874,#4875,#4876,#4877,#4878,#4879,
    #4880,#4881,#4882,#4883,#4884,#4885,#4886,#4887,#4888,#4889,#4890,
    #4891,#4892,#4893,#4894,#4895,#4896,#4897,#4898,#4899,#4900,#4901,
    #4902,#4903,#4904,#4905,#4906,#4907,#4908,#4909,#4910),
  .UNSPECIFIED.,.T.,.F.,(9,7,7,7,7,7,7,7,9),(0.,0.125303937165,
    0.214708037443,0.300899966649,0.43136216107,0.592907977113,
    0.71386747865,0.832922720155,1.),.UNSPECIFIED.);
#4853 = CARTESIAN_POINT('',(3.331623197247,-7.));
#4854 = CARTESIAN_POINT('',(3.331623197247,-7.148654897577));
#4855 = CARTESIAN_POINT('',(3.329942298396,-7.297224506193));
#4856 = CARTESIAN_POINT('',(3.326583722063,-7.444747109499));
#4857 = CARTESIAN_POINT('',(3.32153293239,-7.590202401645));
#4858 = CARTESIAN_POINT('',(3.31476247228,-7.732434352758));
#4859 = CARTESIAN_POINT('',(3.306236254269,-7.870066168949));
#4860 = CARTESIAN_POINT('',(3.295914273132,-8.001392015402));
#4861 = CARTESIAN_POINT('',(3.275085735916,-8.211874941311));
#4862 = CARTESIAN_POINT('',(3.265434600931,-8.295650390743));
#4863 = CARTESIAN_POINT('',(3.254813044092,-8.374298529644));
#4864 = CARTESIAN_POINT('',(3.243246146607,-8.446563102841));
#4865 = CARTESIAN_POINT('',(3.230775035176,-8.511188565779));
#4866 = CARTESIAN_POINT('',(3.217456427703,-8.566916466656));
#4867 = CARTESIAN_POINT('',(3.203363018531,-8.612479234604));
#4868 = CARTESIAN_POINT('',(3.17433735319,-8.679477909186));
#4869 = CARTESIAN_POINT('',(3.159536196028,-8.701530347078));
#4870 = CARTESIAN_POINT('',(3.14440166049,-8.711519951193));
#4871 = CARTESIAN_POINT('',(3.129170617261,-8.708841850988));
#4872 = CARTESIAN_POINT('',(3.11408594766,-8.693500350353));
#4873 = CARTESIAN_POINT('',(3.099385818187,-8.666103252064));
#4874 = CARTESIAN_POINT('',(3.085292660881,-8.62786519813));
#4875 = CARTESIAN_POINT('',(3.051884580191,-8.509108587673));
#4876 = CARTESIAN_POINT('',(3.033595170354,-8.416924743736));
#4877 = CARTESIAN_POINT('',(3.017245714197,-8.308363186522));
#4878 = CARTESIAN_POINT('',(3.002881363375,-8.18695567276));
#4879 = CARTESIAN_POINT('',(2.990507708547,-8.055666301784));
#4880 = CARTESIAN_POINT('',(2.980104889544,-7.917009838386));
#4881 = CARTESIAN_POINT('',(2.971635409098,-7.773122138955));
#4882 = CARTESIAN_POINT('',(2.956901419701,-7.443403504083));
#4883 = CARTESIAN_POINT('',(2.951612325247,-7.255059345514));
#4884 = CARTESIAN_POINT('',(2.94910495699,-7.063464266267));
#4885 = CARTESIAN_POINT('',(2.949346531102,-6.870782366302));
#4886 = CARTESIAN_POINT('',(2.952339784464,-6.679095305767));
#4887 = CARTESIAN_POINT('',(2.958117225479,-6.490628637824));
#4888 = CARTESIAN_POINT('',(2.966737929774,-6.307988305112));
#4889 = CARTESIAN_POINT('',(2.98692770248,-6.004825034427));
#4890 = CARTESIAN_POINT('',(2.997280536205,-5.879193346932));
#4891 = CARTESIAN_POINT('',(3.009375690129,-5.760015850728));
#4892 = CARTESIAN_POINT('',(3.02321131842,-5.649742019493));
#4893 = CARTESIAN_POINT('',(3.038749504971,-5.550994482051));
#4894 = CARTESIAN_POINT('',(3.055915767464,-5.466590192127));
#4895 = CARTESIAN_POINT('',(3.074592494427,-5.399592470804));
#4896 = CARTESIAN_POINT('',(3.114293726761,-5.307951851564));
#4897 = CARTESIAN_POINT('',(3.134883130842,-5.283567559652));
#4898 = CARTESIAN_POINT('',(3.155855845384,-5.282676647117));
#4899 = CARTESIAN_POINT('',(3.176657584357,-5.305908300103));
#4900 = CARTESIAN_POINT('',(3.196735218802,-5.352199397829));
#4901 = CARTESIAN_POINT('',(3.215576467951,-5.418834781876));
#4902 = CARTESIAN_POINT('',(3.232751913779,-5.501443111287));
#4903 = CARTESIAN_POINT('',(3.269313088625,-5.723801702884));
#4904 = CARTESIAN_POINT('',(3.287438894896,-5.877072318093));
#4905 = CARTESIAN_POINT('',(3.302356058017,-6.046661397444));
#4906 = CARTESIAN_POINT('',(3.314148775741,-6.227574799634));
#4907 = CARTESIAN_POINT('',(3.322908661651,-6.416042645974));
#4908 = CARTESIAN_POINT('',(3.328716609205,-6.609145116378));
#4909 = CARTESIAN_POINT('',(3.331623197247,-6.804522659479));
#4910 = CARTESIAN_POINT('',(3.331623197247,-7.));
#4911 = ( GEOMETRIC_REPRESENTATION_CONTEXT(2) 
PARAMETRIC_REPRESENTATION_CONTEXT() REPRESENTATION_CONTEXT('2D SPACE',''
  ) );
#4912 = PCURVE('',#4913,#4918);
#4913 = CYLINDRICAL_SURFACE('',#4914,1.7);
#4914 = AXIS2_PLACEMENT_3D('',#4915,#4916,#4917);
#4915 = CARTESIAN_POINT('',(-50.,-56.,116.7));
#4916 = DIRECTION('',(1.,0.,0.));
#4917 = DIRECTION('',(0.,1.110223024625E-16,1.));
#4918 = DEFINITIONAL_REPRESENTATION('',(#4919),#4950);
#4919 = B_SPLINE_CURVE_WITH_KNOTS('',8,(#4920,#4921,#4922,#4923,#4924,
    #4925,#4926,#4927,#4928,#4929,#4930,#4931,#4932,#4933,#4934,#4935,
    #4936,#4937,#4938,#4939,#4940,#4941,#4942,#4943,#4944,#4945,#4946,
    #4947,#4948,#4949),.UNSPECIFIED.,.F.,.F.,(9,7,7,7,9),(0.109893743982
    ,0.125303936452,0.214708035985,0.300899964473,0.388352119466),
  .UNSPECIFIED.);
#4920 = CARTESIAN_POINT('',(0.628874925631,-8.894380245686));
#4921 = CARTESIAN_POINT('',(0.640457935697,-8.89617059013));
#4922 = CARTESIAN_POINT('',(0.652075683651,-8.897981235183));
#4923 = CARTESIAN_POINT('',(0.663729123482,-8.899811008947));
#4924 = CARTESIAN_POINT('',(0.675419225452,-8.901658696564));
#4925 = CARTESIAN_POINT('',(0.687146977476,-8.903523039425));
#4926 = CARTESIAN_POINT('',(0.698913386623,-8.905402734388));
#4927 = CARTESIAN_POINT('',(0.710719480756,-8.907296433019));
#4928 = CARTESIAN_POINT('',(0.791297128067,-8.920262416771));
#4929 = CARTESIAN_POINT('',(0.861753572258,-8.931803522217));
#4930 = CARTESIAN_POINT('',(0.933860895362,-8.943512694055));
#4931 = CARTESIAN_POINT('',(1.007590946549,-8.955009202508));
#4932 = CARTESIAN_POINT('',(1.082952408573,-8.96586205716));
#4933 = CARTESIAN_POINT('',(1.159988511404,-8.975614633693));
#4934 = CARTESIAN_POINT('',(1.238782222613,-8.983816821366));
#4935 = CARTESIAN_POINT('',(1.397256640282,-8.996088083411));
#4936 = CARTESIAN_POINT('',(1.476351435669,-9.000260117788));
#4937 = CARTESIAN_POINT('',(1.556149562658,-9.002201817903));
#4938 = CARTESIAN_POINT('',(1.636135989106,-9.001692683027));
#4939 = CARTESIAN_POINT('',(1.715831990935,-8.998730420976));
#4940 = CARTESIAN_POINT('',(1.79474107469,-8.993540194228));
#4941 = CARTESIAN_POINT('',(1.872293220473,-8.986533379366));
#4942 = CARTESIAN_POINT('',(2.024385483581,-8.969776688173));
#4943 = CARTESIAN_POINT('',(2.098890954155,-8.959985539979));
#4944 = CARTESIAN_POINT('',(2.171538723623,-8.949263944997));
#4945 = CARTESIAN_POINT('',(2.242517848658,-8.938015949312));
#4946 = CARTESIAN_POINT('',(2.311989508994,-8.926608091973));
#4947 = CARTESIAN_POINT('',(2.380096136643,-8.915360212681));
#4948 = CARTESIAN_POINT('',(2.446966028353,-8.904543255519));
#4949 = CARTESIAN_POINT('',(2.51271772839,-8.894380253752));
#4950 = ( GEOMETRIC_REPRESENTATION_CONTEXT(2) 
PARAMETRIC_REPRESENTATION_CONTEXT() REPRESENTATION_CONTEXT('2D SPACE',''
  ) );
#4951 = ORIENTED_EDGE('',*,*,#4952,.T.);
#4952 = EDGE_CURVE('',#4788,#4953,#4955,.T.);
#4953 = VERTEX_POINT('',#4954);
#4954 = CARTESIAN_POINT('',(-51.33790881602,-57.,107.8));
#4955 = SURFACE_CURVE('',#4956,(#4961,#4968),.PCURVE_S1.);
#4956 = CIRCLE('',#4957,9.);
#4957 = AXIS2_PLACEMENT_3D('',#4958,#4959,#4960);
#4958 = CARTESIAN_POINT('',(-50.,-57.,116.7));
#4959 = DIRECTION('',(0.,-1.,1.110223024625E-16));
#4960 = DIRECTION('',(-0.823947139621,6.291263806209E-17,0.566666666667)
  );
#4961 = PCURVE('',#3497,#4962);
#4962 = DEFINITIONAL_REPRESENTATION('',(#4963),#4967);
#4963 = LINE('',#4964,#4965);
#4964 = CARTESIAN_POINT('',(3.744047286975,-8.));
#4965 = VECTOR('',#4966,1.);
#4966 = DIRECTION('',(-1.,-0.));
#4967 = ( GEOMETRIC_REPRESENTATION_CONTEXT(2) 
PARAMETRIC_REPRESENTATION_CONTEXT() REPRESENTATION_CONTEXT('2D SPACE',''
  ) );
#4968 = PCURVE('',#3678,#4969);
#4969 = DEFINITIONAL_REPRESENTATION('',(#4970),#4974);
#4970 = CIRCLE('',#4971,9.);
#4971 = AXIS2_PLACEMENT_2D('',#4972,#4973);
#4972 = CARTESIAN_POINT('',(5.1,9.));
#4973 = DIRECTION('',(-0.566666666667,-0.823947139621));
#4974 = ( GEOMETRIC_REPRESENTATION_CONTEXT(2) 
PARAMETRIC_REPRESENTATION_CONTEXT() REPRESENTATION_CONTEXT('2D SPACE',''
  ) );
#4975 = ORIENTED_EDGE('',*,*,#4976,.T.);
#4976 = EDGE_CURVE('',#4953,#4526,#4977,.T.);
#4977 = SURFACE_CURVE('',#4978,(#4982,#4988),.PCURVE_S1.);
#4978 = LINE('',#4979,#4980);
#4979 = CARTESIAN_POINT('',(-51.33790881602,-49.,107.8));
#4980 = VECTOR('',#4981,1.);
#4981 = DIRECTION('',(-0.,1.,-1.110223024625E-16));
#4982 = PCURVE('',#3497,#4983);
#4983 = DEFINITIONAL_REPRESENTATION('',(#4984),#4987);
#4984 = B_SPLINE_CURVE_WITH_KNOTS('',1,(#4985,#4986),.UNSPECIFIED.,.F.,
  .F.,(2,2),(-8.2,-5.8),.PIECEWISE_BEZIER_KNOTS.);
#4985 = CARTESIAN_POINT('',(1.7200059004,-8.2));
#4986 = CARTESIAN_POINT('',(1.7200059004,-5.8));
#4987 = ( GEOMETRIC_REPRESENTATION_CONTEXT(2) 
PARAMETRIC_REPRESENTATION_CONTEXT() REPRESENTATION_CONTEXT('2D SPACE',''
  ) );
#4988 = PCURVE('',#3649,#4989);
#4989 = DEFINITIONAL_REPRESENTATION('',(#4990),#4994);
#4990 = LINE('',#4991,#4992);
#4991 = CARTESIAN_POINT('',(7.662091183974,-6.));
#4992 = VECTOR('',#4993,1.);
#4993 = DIRECTION('',(0.,-1.));
#4994 = ( GEOMETRIC_REPRESENTATION_CONTEXT(2) 
PARAMETRIC_REPRESENTATION_CONTEXT() REPRESENTATION_CONTEXT('2D SPACE',''
  ) );
#4995 = ADVANCED_FACE('',(#4996,#4999),#4316,.F.);
#4996 = FACE_BOUND('',#4997,.F.);
#4997 = EDGE_LOOP('',(#4998));
#4998 = ORIENTED_EDGE('',*,*,#4301,.T.);
#4999 = FACE_BOUND('',#5000,.F.);
#5000 = EDGE_LOOP('',(#5001));
#5001 = ORIENTED_EDGE('',*,*,#5002,.F.);
#5002 = EDGE_CURVE('',#5003,#5003,#5005,.T.);
#5003 = VERTEX_POINT('',#5004);
#5004 = CARTESIAN_POINT('',(-52.575,-49.,116.7));
#5005 = SURFACE_CURVE('',#5006,(#5011,#5018),.PCURVE_S1.);
#5006 = CIRCLE('',#5007,2.575);
#5007 = AXIS2_PLACEMENT_3D('',#5008,#5009,#5010);
#5008 = CARTESIAN_POINT('',(-50.,-49.,116.7));
#5009 = DIRECTION('',(0.,-1.,1.110223024625E-16));
#5010 = DIRECTION('',(-1.,0.,0.));
#5011 = PCURVE('',#4316,#5012);
#5012 = DEFINITIONAL_REPRESENTATION('',(#5013),#5017);
#5013 = CIRCLE('',#5014,2.575);
#5014 = AXIS2_PLACEMENT_2D('',#5015,#5016);
#5015 = CARTESIAN_POINT('',(0.,0.));
#5016 = DIRECTION('',(-1.,0.));
#5017 = ( GEOMETRIC_REPRESENTATION_CONTEXT(2) 
PARAMETRIC_REPRESENTATION_CONTEXT() REPRESENTATION_CONTEXT('2D SPACE',''
  ) );
#5018 = PCURVE('',#5019,#5024);
#5019 = CYLINDRICAL_SURFACE('',#5020,2.575);
#5020 = AXIS2_PLACEMENT_3D('',#5021,#5022,#5023);
#5021 = CARTESIAN_POINT('',(-50.,-49.,116.7));
#5022 = DIRECTION('',(0.,-1.,1.110223024625E-16));
#5023 = DIRECTION('',(-1.,0.,0.));
#5024 = DEFINITIONAL_REPRESENTATION('',(#5025),#5029);
#5025 = LINE('',#5026,#5027);
#5026 = CARTESIAN_POINT('',(0.,0.));
#5027 = VECTOR('',#5028,1.);
#5028 = DIRECTION('',(1.,0.));
#5029 = ( GEOMETRIC_REPRESENTATION_CONTEXT(2) 
PARAMETRIC_REPRESENTATION_CONTEXT() REPRESENTATION_CONTEXT('2D SPACE',''
  ) );
#5030 = ADVANCED_FACE('',(#5031),#3578,.F.);
#5031 = FACE_BOUND('',#5032,.F.);
#5032 = EDGE_LOOP('',(#5033,#5175,#5195,#5196,#5197));
#5033 = ORIENTED_EDGE('',*,*,#5034,.T.);
#5034 = EDGE_CURVE('',#5035,#5037,#5039,.T.);
#5035 = VERTEX_POINT('',#5036);
#5036 = CARTESIAN_POINT('',(-47.82270236302,-55.,115.32522729151));
#5037 = VERTEX_POINT('',#5038);
#5038 = CARTESIAN_POINT('',(-47.82270236302,-55.,118.07477270848));
#5039 = SURFACE_CURVE('',#5040,(#5083,#5129),.PCURVE_S1.);
#5040 = B_SPLINE_CURVE_WITH_KNOTS('',6,(#5041,#5042,#5043,#5044,#5045,
    #5046,#5047,#5048,#5049,#5050,#5051,#5052,#5053,#5054,#5055,#5056,
    #5057,#5058,#5059,#5060,#5061,#5062,#5063,#5064,#5065,#5066,#5067,
    #5068,#5069,#5070,#5071,#5072,#5073,#5074,#5075,#5076,#5077,#5078,
    #5079,#5080,#5081,#5082),.UNSPECIFIED.,.F.,.F.,(7,5,5,5,5,5,5,5,7),(
    0.,0.292117261231,0.368027369291,0.411688344285,0.499994277332,
    0.589865638886,0.632580129211,0.7080909067,1.),.UNSPECIFIED.);
#5041 = CARTESIAN_POINT('',(-47.82270263859,-55.0000006,115.32522685507)
  );
#5042 = CARTESIAN_POINT('',(-47.77124029737,-54.88795171303,
    115.40673035269));
#5043 = CARTESIAN_POINT('',(-47.71731824611,-54.78243605978,
    115.50023867194));
#5044 = CARTESIAN_POINT('',(-47.66304167698,-54.68416766151,
    115.60604017669));
#5045 = CARTESIAN_POINT('',(-47.61055224503,-54.5944665377,
    115.72466536034));
#5046 = CARTESIAN_POINT('',(-47.56235766532,-54.51538466172,
    115.85660602677));
#5047 = CARTESIAN_POINT('',(-47.5107974786,-54.43293896877,
    116.03967078244));
#5048 = CARTESIAN_POINT('',(-47.50066033702,-54.41686602918,
    116.07830770067));
#5049 = CARTESIAN_POINT('',(-47.4910814196,-54.40179090216,
    116.11778811256));
#5050 = CARTESIAN_POINT('',(-47.48211837636,-54.3877761573,
    116.15807491582));
#5051 = CARTESIAN_POINT('',(-47.47382605537,-54.37488160565,
    116.19912800449));
#5052 = CARTESIAN_POINT('',(-47.46190274731,-54.35642489417,
    116.26493258994));
#5053 = CARTESIAN_POINT('',(-47.45778889661,-54.35007626592,
    116.28919525839));
#5054 = CARTESIAN_POINT('',(-47.45392540987,-54.34413019225,
    116.3136803807));
#5055 = CARTESIAN_POINT('',(-47.4503221092,-54.33859780987,
    116.33837419403));
#5056 = CARTESIAN_POINT('',(-47.44698817958,-54.33348961488,
    116.36326106637));
#5057 = CARTESIAN_POINT('',(-47.43775127452,-54.31936181789,
    116.43901318636));
#5058 = CARTESIAN_POINT('',(-47.43270407045,-54.31167893187,
    116.49044514517));
#5059 = CARTESIAN_POINT('',(-47.4288661519,-54.30585599356,
    116.54244215226));
#5060 = CARTESIAN_POINT('',(-47.42628916397,-54.30195275584,
    116.59482291812));
#5061 = CARTESIAN_POINT('',(-47.425,-54.3,116.64740371376));
#5062 = CARTESIAN_POINT('',(-47.425,-54.3,116.753528678));
#5063 = CARTESIAN_POINT('',(-47.42633527343,-54.30202260506,
    116.80703892253));
#5064 = CARTESIAN_POINT('',(-47.42900419274,-54.3060650783,
    116.86033750509));
#5065 = CARTESIAN_POINT('',(-47.43297791533,-54.31209442215,
    116.91323201822));
#5066 = CARTESIAN_POINT('',(-47.43820127279,-54.32004687132,
    116.96553270931));
#5067 = CARTESIAN_POINT('',(-47.44763186462,-54.33447591532,
    117.0415417495));
#5068 = CARTESIAN_POINT('',(-47.45093489422,-54.33953851485,
    117.06585878043));
#5069 = CARTESIAN_POINT('',(-47.45449466159,-54.34500586665,
    117.08998920746));
#5070 = CARTESIAN_POINT('',(-47.45830250862,-54.3508680828,
    117.11391854544));
#5071 = CARTESIAN_POINT('',(-47.46234920651,-54.35711470515,
    117.13763402397));
#5072 = CARTESIAN_POINT('',(-47.47418363539,-54.37543755712,
    117.2026512614));
#5073 = CARTESIAN_POINT('',(-47.4824557412,-54.38830331656,
    117.24346058871));
#5074 = CARTESIAN_POINT('',(-47.49138997618,-54.40227577219,
    117.28351040266));
#5075 = CARTESIAN_POINT('',(-47.50093233023,-54.41729605033,
    117.32276147537));
#5076 = CARTESIAN_POINT('',(-47.51102608008,-54.43330261502,
    117.36117751787));
#5077 = CARTESIAN_POINT('',(-47.5625339582,-54.51567394905,
    117.54387669852));
#5078 = CARTESIAN_POINT('',(-47.6107059069,-54.59472913375,
    117.67568171905));
#5079 = CARTESIAN_POINT('',(-47.66316068249,-54.68438319917,
    117.79419179054));
#5080 = CARTESIAN_POINT('',(-47.71739710878,-54.78259030684,
    117.89989814101));
#5081 = CARTESIAN_POINT('',(-47.77127811556,-54.88803405453,
    117.99332954188));
#5082 = CARTESIAN_POINT('',(-47.82270263859,-55.0000006,118.07477314492)
  );
#5083 = PCURVE('',#3578,#5084);
#5084 = DEFINITIONAL_REPRESENTATION('',(#5085),#5128);
#5085 = B_SPLINE_CURVE_WITH_KNOTS('',6,(#5086,#5087,#5088,#5089,#5090,
    #5091,#5092,#5093,#5094,#5095,#5096,#5097,#5098,#5099,#5100,#5101,
    #5102,#5103,#5104,#5105,#5106,#5107,#5108,#5109,#5110,#5111,#5112,
    #5113,#5114,#5115,#5116,#5117,#5118,#5119,#5120,#5121,#5122,#5123,
    #5124,#5125,#5126,#5127),.UNSPECIFIED.,.F.,.F.,(7,5,5,5,5,5,5,5,7),(
    0.,0.292117261231,0.368027369291,0.411688344285,0.499994277332,
    0.589865638886,0.632580129211,0.7080909067,1.),.UNSPECIFIED.);
#5086 = CARTESIAN_POINT('',(2.512718164531,-2.177297361409));
#5087 = CARTESIAN_POINT('',(2.431214618014,-2.228759702624));
#5088 = CARTESIAN_POINT('',(2.348664554216,-2.28268175389));
#5089 = CARTESIAN_POINT('',(2.264336479515,-2.336958323018));
#5090 = CARTESIAN_POINT('',(2.177564236008,-2.389447754962));
#5091 = CARTESIAN_POINT('',(2.087694614435,-2.437642334676));
#5092 = CARTESIAN_POINT('',(1.969592557437,-2.489202521397));
#5093 = CARTESIAN_POINT('',(1.944987154599,-2.499339662977));
#5094 = CARTESIAN_POINT('',(1.920144279605,-2.508918580395));
#5095 = CARTESIAN_POINT('',(1.895070383614,-2.517881623636));
#5096 = CARTESIAN_POINT('',(1.869770419769,-2.526173944628));
#5097 = CARTESIAN_POINT('',(1.829568104143,-2.538097252687));
#5098 = CARTESIAN_POINT('',(1.814817724592,-2.542211103389));
#5099 = CARTESIAN_POINT('',(1.799999584364,-2.546074590127));
#5100 = CARTESIAN_POINT('',(1.785117297022,-2.5496778908));
#5101 = CARTESIAN_POINT('',(1.770175209869,-2.553011820417));
#5102 = CARTESIAN_POINT('',(1.724846810582,-2.562248725479));
#5103 = CARTESIAN_POINT('',(1.694276960239,-2.567295929548));
#5104 = CARTESIAN_POINT('',(1.663530718553,-2.571133848092));
#5105 = CARTESIAN_POINT('',(1.632665200826,-2.573710836026));
#5106 = CARTESIAN_POINT('',(1.601735318696,-2.575));
#5107 = CARTESIAN_POINT('',(1.539308869144,-2.575));
#5108 = CARTESIAN_POINT('',(1.507832252009,-2.573664726566));
#5109 = CARTESIAN_POINT('',(1.476423957174,-2.570995807255));
#5110 = CARTESIAN_POINT('',(1.445141150347,-2.567022084668));
#5111 = CARTESIAN_POINT('',(1.414043386324,-2.561798727206));
#5112 = CARTESIAN_POINT('',(1.368533694968,-2.552368135379));
#5113 = CARTESIAN_POINT('',(1.353925136902,-2.549065105779));
#5114 = CARTESIAN_POINT('',(1.339374323932,-2.54550533841));
#5115 = CARTESIAN_POINT('',(1.324885266701,-2.541697491374));
#5116 = CARTESIAN_POINT('',(1.310461302526,-2.537650793482));
#5117 = CARTESIAN_POINT('',(1.270726158334,-2.525816364603));
#5118 = CARTESIAN_POINT('',(1.245567850517,-2.517544258798));
#5119 = CARTESIAN_POINT('',(1.220633497907,-2.508610023813));
#5120 = CARTESIAN_POINT('',(1.195927888277,-2.499067669766));
#5121 = CARTESIAN_POINT('',(1.171457271214,-2.488973919918));
#5122 = CARTESIAN_POINT('',(1.053569242583,-2.437466041797));
#5123 = CARTESIAN_POINT('',(0.963774494968,-2.389294093092));
#5124 = CARTESIAN_POINT('',(0.877071239908,-2.336839317508));
#5125 = CARTESIAN_POINT('',(0.792807382037,-2.282602891214));
#5126 = CARTESIAN_POINT('',(0.710318140968,-2.228721884432));
#5127 = CARTESIAN_POINT('',(0.62887448906,-2.177297361409));
#5128 = ( GEOMETRIC_REPRESENTATION_CONTEXT(2) 
PARAMETRIC_REPRESENTATION_CONTEXT() REPRESENTATION_CONTEXT('2D SPACE',''
  ) );
#5129 = PCURVE('',#5019,#5130);
#5130 = DEFINITIONAL_REPRESENTATION('',(#5131),#5174);
#5131 = B_SPLINE_CURVE_WITH_KNOTS('',6,(#5132,#5133,#5134,#5135,#5136,
    #5137,#5138,#5139,#5140,#5141,#5142,#5143,#5144,#5145,#5146,#5147,
    #5148,#5149,#5150,#5151,#5152,#5153,#5154,#5155,#5156,#5157,#5158,
    #5159,#5160,#5161,#5162,#5163,#5164,#5165,#5166,#5167,#5168,#5169,
    #5170,#5171,#5172,#5173),.UNSPECIFIED.,.F.,.F.,(7,5,5,5,5,5,5,5,7),(
    0.,0.292117261231,0.368027369291,0.411688344285,0.499994277332,
    0.589865638886,0.632580129211,0.7080909067,1.),.UNSPECIFIED.);
#5132 = CARTESIAN_POINT('',(2.578395263144,6.0000006));
#5133 = CARTESIAN_POINT('',(2.615828596349,5.887951713033));
#5134 = CARTESIAN_POINT('',(2.657713936833,5.782436059787));
#5135 = CARTESIAN_POINT('',(2.70380390449,5.684167661512));
#5136 = CARTESIAN_POINT('',(2.754035529496,5.5944665377));
#5137 = CARTESIAN_POINT('',(2.808429811629,5.515384661726));
#5138 = CARTESIAN_POINT('',(2.882288904725,5.432938968775));
#5139 = CARTESIAN_POINT('',(2.897798863655,5.416866029187));
#5140 = CARTESIAN_POINT('',(2.913571751649,5.401790902165));
#5141 = CARTESIAN_POINT('',(2.929595118825,5.387776157305));
#5142 = CARTESIAN_POINT('',(2.945856761631,5.374881605652));
#5143 = CARTESIAN_POINT('',(2.971828050959,5.356424894172));
#5144 = CARTESIAN_POINT('',(2.981384314378,5.350076265928));
#5145 = CARTESIAN_POINT('',(2.991009792611,5.344130192259));
#5146 = CARTESIAN_POINT('',(3.000700192436,5.33859780987));
#5147 = CARTESIAN_POINT('',(3.010450647897,5.333489614888));
#5148 = CARTESIAN_POINT('',(3.04008684106,5.319361817891));
#5149 = CARTESIAN_POINT('',(3.06015081516,5.311678931871));
#5150 = CARTESIAN_POINT('',(3.080389795522,5.305855993566));
#5151 = CARTESIAN_POINT('',(3.100747188246,5.301952755849));
#5152 = CARTESIAN_POINT('',(3.121166911364,5.3));
#5153 = CARTESIAN_POINT('',(3.162380489709,5.3));
#5154 = CARTESIAN_POINT('',(3.183161163303,5.302022605065));
#5155 = CARTESIAN_POINT('',(3.203875821033,5.306065078303));
#5156 = CARTESIAN_POINT('',(3.224465827404,5.312094422154));
#5157 = CARTESIAN_POINT('',(3.244871992134,5.320046871321));
#5158 = CARTESIAN_POINT('',(3.274616396773,5.334475915323));
#5159 = CARTESIAN_POINT('',(3.284145982659,5.339538514854));
#5160 = CARTESIAN_POINT('',(3.293617520398,5.34500586665));
#5161 = CARTESIAN_POINT('',(3.303026500562,5.350868082807));
#5162 = CARTESIAN_POINT('',(3.312368939085,5.357114705151));
#5163 = CARTESIAN_POINT('',(3.33803321551,5.375437557124));
#5164 = CARTESIAN_POINT('',(3.35420057488,5.388303316562));
#5165 = CARTESIAN_POINT('',(3.370131754447,5.40227577219));
#5166 = CARTESIAN_POINT('',(3.385814813083,5.417296050338));
#5167 = CARTESIAN_POINT('',(3.401237569459,5.433302615026));
#5168 = CARTESIAN_POINT('',(3.474954503662,5.515673949055));
#5169 = CARTESIAN_POINT('',(3.529296757662,5.59472913375));
#5170 = CARTESIAN_POINT('',(3.579482458268,5.684383199173));
#5171 = CARTESIAN_POINT('',(3.625532646127,5.782590306848));
#5172 = CARTESIAN_POINT('',(3.667384219509,5.888034054532));
#5173 = CARTESIAN_POINT('',(3.704790044036,6.0000006));
#5174 = ( GEOMETRIC_REPRESENTATION_CONTEXT(2) 
PARAMETRIC_REPRESENTATION_CONTEXT() REPRESENTATION_CONTEXT('2D SPACE',''
  ) );
#5175 = ORIENTED_EDGE('',*,*,#5176,.F.);
#5176 = EDGE_CURVE('',#4214,#5037,#5177,.T.);
#5177 = SURFACE_CURVE('',#5178,(#5182,#5188),.PCURVE_S1.);
#5178 = LINE('',#5179,#5180);
#5179 = CARTESIAN_POINT('',(-50.,-55.,118.07477270848));
#5180 = VECTOR('',#5181,1.);
#5181 = DIRECTION('',(-1.,0.,-0.));
#5182 = PCURVE('',#3578,#5183);
#5183 = DEFINITIONAL_REPRESENTATION('',(#5184),#5187);
#5184 = B_SPLINE_CURVE_WITH_KNOTS('',1,(#5185,#5186),.UNSPECIFIED.,.F.,
  .F.,(2,2),(-10.8,6.E-07),.PIECEWISE_BEZIER_KNOTS.);
#5185 = CARTESIAN_POINT('',(0.628874925495,-10.8));
#5186 = CARTESIAN_POINT('',(0.628874925495,6.E-07));
#5187 = ( GEOMETRIC_REPRESENTATION_CONTEXT(2) 
PARAMETRIC_REPRESENTATION_CONTEXT() REPRESENTATION_CONTEXT('2D SPACE',''
  ) );
#5188 = PCURVE('',#4230,#5189);
#5189 = DEFINITIONAL_REPRESENTATION('',(#5190),#5194);
#5190 = LINE('',#5191,#5192);
#5191 = CARTESIAN_POINT('',(3.725227291513,9.));
#5192 = VECTOR('',#5193,1.);
#5193 = DIRECTION('',(-0.,-1.));
#5194 = ( GEOMETRIC_REPRESENTATION_CONTEXT(2) 
PARAMETRIC_REPRESENTATION_CONTEXT() REPRESENTATION_CONTEXT('2D SPACE',''
  ) );
#5195 = ORIENTED_EDGE('',*,*,#4246,.F.);
#5196 = ORIENTED_EDGE('',*,*,#3516,.F.);
#5197 = ORIENTED_EDGE('',*,*,#5198,.T.);
#5198 = EDGE_CURVE('',#3517,#5035,#5199,.T.);
#5199 = SURFACE_CURVE('',#5200,(#5204,#5210),.PCURVE_S1.);
#5200 = LINE('',#5201,#5202);
#5201 = CARTESIAN_POINT('',(-50.,-55.,115.32522729151));
#5202 = VECTOR('',#5203,1.);
#5203 = DIRECTION('',(-1.,0.,-0.));
#5204 = PCURVE('',#3578,#5205);
#5205 = DEFINITIONAL_REPRESENTATION('',(#5206),#5209);
#5206 = B_SPLINE_CURVE_WITH_KNOTS('',1,(#5207,#5208),.UNSPECIFIED.,.F.,
  .F.,(2,2),(-10.8,6.E-07),.PIECEWISE_BEZIER_KNOTS.);
#5207 = CARTESIAN_POINT('',(2.512717728095,-10.8));
#5208 = CARTESIAN_POINT('',(2.512717728095,6.E-07));
#5209 = ( GEOMETRIC_REPRESENTATION_CONTEXT(2) 
PARAMETRIC_REPRESENTATION_CONTEXT() REPRESENTATION_CONTEXT('2D SPACE',''
  ) );
#5210 = PCURVE('',#3618,#5211);
#5211 = DEFINITIONAL_REPRESENTATION('',(#5212),#5216);
#5212 = LINE('',#5213,#5214);
#5213 = CARTESIAN_POINT('',(6.474772708487,9.));
#5214 = VECTOR('',#5215,1.);
#5215 = DIRECTION('',(-0.,-1.));
#5216 = ( GEOMETRIC_REPRESENTATION_CONTEXT(2) 
PARAMETRIC_REPRESENTATION_CONTEXT() REPRESENTATION_CONTEXT('2D SPACE',''
  ) );
#5217 = ADVANCED_FACE('',(#5218),#3618,.T.);
#5218 = FACE_BOUND('',#5219,.T.);
#5219 = EDGE_LOOP('',(#5220,#5242,#5243,#5264,#5265,#5266));
#5220 = ORIENTED_EDGE('',*,*,#5221,.F.);
#5221 = EDGE_CURVE('',#4528,#5222,#5224,.T.);
#5222 = VERTEX_POINT('',#5223);
#5223 = CARTESIAN_POINT('',(-52.17729763698,-55.,115.32522729151));
#5224 = SURFACE_CURVE('',#5225,(#5229,#5236),.PCURVE_S1.);
#5225 = LINE('',#5226,#5227);
#5226 = CARTESIAN_POINT('',(-50.,-55.,115.32522729151));
#5227 = VECTOR('',#5228,1.);
#5228 = DIRECTION('',(1.,0.,0.));
#5229 = PCURVE('',#3618,#5230);
#5230 = DEFINITIONAL_REPRESENTATION('',(#5231),#5235);
#5231 = LINE('',#5232,#5233);
#5232 = CARTESIAN_POINT('',(6.474772708487,9.));
#5233 = VECTOR('',#5234,1.);
#5234 = DIRECTION('',(0.,1.));
#5235 = ( GEOMETRIC_REPRESENTATION_CONTEXT(2) 
PARAMETRIC_REPRESENTATION_CONTEXT() REPRESENTATION_CONTEXT('2D SPACE',''
  ) );
#5236 = PCURVE('',#4681,#5237);
#5237 = DEFINITIONAL_REPRESENTATION('',(#5238),#5241);
#5238 = B_SPLINE_CURVE_WITH_KNOTS('',1,(#5239,#5240),.UNSPECIFIED.,.F.,
  .F.,(2,2),(-10.8,6.E-07),.PIECEWISE_BEZIER_KNOTS.);
#5239 = CARTESIAN_POINT('',(3.770467579085,-10.8));
#5240 = CARTESIAN_POINT('',(3.770467579085,6.E-07));
#5241 = ( GEOMETRIC_REPRESENTATION_CONTEXT(2) 
PARAMETRIC_REPRESENTATION_CONTEXT() REPRESENTATION_CONTEXT('2D SPACE',''
  ) );
#5242 = ORIENTED_EDGE('',*,*,#4525,.F.);
#5243 = ORIENTED_EDGE('',*,*,#5244,.T.);
#5244 = EDGE_CURVE('',#4526,#3602,#5245,.T.);
#5245 = SURFACE_CURVE('',#5246,(#5250,#5257),.PCURVE_S1.);
#5246 = LINE('',#5247,#5248);
#5247 = CARTESIAN_POINT('',(-59.,-55.,107.8));
#5248 = VECTOR('',#5249,1.);
#5249 = DIRECTION('',(1.,0.,0.));
#5250 = PCURVE('',#3618,#5251);
#5251 = DEFINITIONAL_REPRESENTATION('',(#5252),#5256);
#5252 = LINE('',#5253,#5254);
#5253 = CARTESIAN_POINT('',(14.,0.));
#5254 = VECTOR('',#5255,1.);
#5255 = DIRECTION('',(0.,1.));
#5256 = ( GEOMETRIC_REPRESENTATION_CONTEXT(2) 
PARAMETRIC_REPRESENTATION_CONTEXT() REPRESENTATION_CONTEXT('2D SPACE',''
  ) );
#5257 = PCURVE('',#3649,#5258);
#5258 = DEFINITIONAL_REPRESENTATION('',(#5259),#5263);
#5259 = LINE('',#5260,#5261);
#5260 = CARTESIAN_POINT('',(0.,0.));
#5261 = VECTOR('',#5262,1.);
#5262 = DIRECTION('',(1.,0.));
#5263 = ( GEOMETRIC_REPRESENTATION_CONTEXT(2) 
PARAMETRIC_REPRESENTATION_CONTEXT() REPRESENTATION_CONTEXT('2D SPACE',''
  ) );
#5264 = ORIENTED_EDGE('',*,*,#3601,.F.);
#5265 = ORIENTED_EDGE('',*,*,#5198,.T.);
#5266 = ORIENTED_EDGE('',*,*,#5267,.F.);
#5267 = EDGE_CURVE('',#5222,#5035,#5268,.T.);
#5268 = SURFACE_CURVE('',#5269,(#5274,#5281),.PCURVE_S1.);
#5269 = CIRCLE('',#5270,2.575);
#5270 = AXIS2_PLACEMENT_3D('',#5271,#5272,#5273);
#5271 = CARTESIAN_POINT('',(-50.,-55.,116.7));
#5272 = DIRECTION('',(0.,-1.,1.110223024625E-16));
#5273 = DIRECTION('',(-1.,0.,0.));
#5274 = PCURVE('',#3618,#5275);
#5275 = DEFINITIONAL_REPRESENTATION('',(#5276),#5280);
#5276 = CIRCLE('',#5277,2.575);
#5277 = AXIS2_PLACEMENT_2D('',#5278,#5279);
#5278 = CARTESIAN_POINT('',(5.1,9.));
#5279 = DIRECTION('',(-0.,-1.));
#5280 = ( GEOMETRIC_REPRESENTATION_CONTEXT(2) 
PARAMETRIC_REPRESENTATION_CONTEXT() REPRESENTATION_CONTEXT('2D SPACE',''
  ) );
#5281 = PCURVE('',#5019,#5282);
#5282 = DEFINITIONAL_REPRESENTATION('',(#5283),#5287);
#5283 = LINE('',#5284,#5285);
#5284 = CARTESIAN_POINT('',(0.,6.));
#5285 = VECTOR('',#5286,1.);
#5286 = DIRECTION('',(1.,0.));
#5287 = ( GEOMETRIC_REPRESENTATION_CONTEXT(2) 
PARAMETRIC_REPRESENTATION_CONTEXT() REPRESENTATION_CONTEXT('2D SPACE',''
  ) );
#5288 = ADVANCED_FACE('',(#5289),#3649,.F.);
#5289 = FACE_BOUND('',#5290,.F.);
#5290 = EDGE_LOOP('',(#5291,#5312,#5313,#5314));
#5291 = ORIENTED_EDGE('',*,*,#5292,.F.);
#5292 = EDGE_CURVE('',#4953,#3635,#5293,.T.);
#5293 = SURFACE_CURVE('',#5294,(#5298,#5305),.PCURVE_S1.);
#5294 = LINE('',#5295,#5296);
#5295 = CARTESIAN_POINT('',(-59.,-57.,107.8));
#5296 = VECTOR('',#5297,1.);
#5297 = DIRECTION('',(1.,0.,0.));
#5298 = PCURVE('',#3649,#5299);
#5299 = DEFINITIONAL_REPRESENTATION('',(#5300),#5304);
#5300 = LINE('',#5301,#5302);
#5301 = CARTESIAN_POINT('',(0.,2.));
#5302 = VECTOR('',#5303,1.);
#5303 = DIRECTION('',(1.,0.));
#5304 = ( GEOMETRIC_REPRESENTATION_CONTEXT(2) 
PARAMETRIC_REPRESENTATION_CONTEXT() REPRESENTATION_CONTEXT('2D SPACE',''
  ) );
#5305 = PCURVE('',#3678,#5306);
#5306 = DEFINITIONAL_REPRESENTATION('',(#5307),#5311);
#5307 = LINE('',#5308,#5309);
#5308 = CARTESIAN_POINT('',(14.,0.));
#5309 = VECTOR('',#5310,1.);
#5310 = DIRECTION('',(0.,1.));
#5311 = ( GEOMETRIC_REPRESENTATION_CONTEXT(2) 
PARAMETRIC_REPRESENTATION_CONTEXT() REPRESENTATION_CONTEXT('2D SPACE',''
  ) );
#5312 = ORIENTED_EDGE('',*,*,#4976,.T.);
#5313 = ORIENTED_EDGE('',*,*,#5244,.T.);
#5314 = ORIENTED_EDGE('',*,*,#3634,.F.);
#5315 = ADVANCED_FACE('',(#5316),#3678,.F.);
#5316 = FACE_BOUND('',#5317,.F.);
#5317 = EDGE_LOOP('',(#5318,#5340,#5341,#5342,#5343,#5365));
#5318 = ORIENTED_EDGE('',*,*,#5319,.F.);
#5319 = EDGE_CURVE('',#4788,#5320,#5322,.T.);
#5320 = VERTEX_POINT('',#5321);
#5321 = CARTESIAN_POINT('',(-52.17729763698,-57.,115.32522729151));
#5322 = SURFACE_CURVE('',#5323,(#5327,#5334),.PCURVE_S1.);
#5323 = LINE('',#5324,#5325);
#5324 = CARTESIAN_POINT('',(-50.,-57.,115.32522729151));
#5325 = VECTOR('',#5326,1.);
#5326 = DIRECTION('',(1.,0.,0.));
#5327 = PCURVE('',#3678,#5328);
#5328 = DEFINITIONAL_REPRESENTATION('',(#5329),#5333);
#5329 = LINE('',#5330,#5331);
#5330 = CARTESIAN_POINT('',(6.474772708487,9.));
#5331 = VECTOR('',#5332,1.);
#5332 = DIRECTION('',(0.,1.));
#5333 = ( GEOMETRIC_REPRESENTATION_CONTEXT(2) 
PARAMETRIC_REPRESENTATION_CONTEXT() REPRESENTATION_CONTEXT('2D SPACE',''
  ) );
#5334 = PCURVE('',#4913,#5335);
#5335 = DEFINITIONAL_REPRESENTATION('',(#5336),#5339);
#5336 = B_SPLINE_CURVE_WITH_KNOTS('',1,(#5337,#5338),.UNSPECIFIED.,.F.,
  .F.,(2,2),(-10.8,6.E-07),.PIECEWISE_BEZIER_KNOTS.);
#5337 = CARTESIAN_POINT('',(2.512717728095,-10.8));
#5338 = CARTESIAN_POINT('',(2.512717728095,6.E-07));
#5339 = ( GEOMETRIC_REPRESENTATION_CONTEXT(2) 
PARAMETRIC_REPRESENTATION_CONTEXT() REPRESENTATION_CONTEXT('2D SPACE',''
  ) );
#5340 = ORIENTED_EDGE('',*,*,#4952,.T.);
#5341 = ORIENTED_EDGE('',*,*,#5292,.T.);
#5342 = ORIENTED_EDGE('',*,*,#3661,.F.);
#5343 = ORIENTED_EDGE('',*,*,#5344,.T.);
#5344 = EDGE_CURVE('',#3662,#5345,#5347,.T.);
#5345 = VERTEX_POINT('',#5346);
#5346 = CARTESIAN_POINT('',(-47.82270236302,-57.,115.32522729151));
#5347 = SURFACE_CURVE('',#5348,(#5352,#5359),.PCURVE_S1.);
#5348 = LINE('',#5349,#5350);
#5349 = CARTESIAN_POINT('',(-50.,-57.,115.32522729151));
#5350 = VECTOR('',#5351,1.);
#5351 = DIRECTION('',(-1.,0.,-0.));
#5352 = PCURVE('',#3678,#5353);
#5353 = DEFINITIONAL_REPRESENTATION('',(#5354),#5358);
#5354 = LINE('',#5355,#5356);
#5355 = CARTESIAN_POINT('',(6.474772708487,9.));
#5356 = VECTOR('',#5357,1.);
#5357 = DIRECTION('',(-0.,-1.));
#5358 = ( GEOMETRIC_REPRESENTATION_CONTEXT(2) 
PARAMETRIC_REPRESENTATION_CONTEXT() REPRESENTATION_CONTEXT('2D SPACE',''
  ) );
#5359 = PCURVE('',#3756,#5360);
#5360 = DEFINITIONAL_REPRESENTATION('',(#5361),#5364);
#5361 = B_SPLINE_CURVE_WITH_KNOTS('',1,(#5362,#5363),.UNSPECIFIED.,.F.,
  .F.,(2,2),(-10.8,6.E-07),.PIECEWISE_BEZIER_KNOTS.);
#5362 = CARTESIAN_POINT('',(3.770467579085,-10.8));
#5363 = CARTESIAN_POINT('',(3.770467579085,6.E-07));
#5364 = ( GEOMETRIC_REPRESENTATION_CONTEXT(2) 
PARAMETRIC_REPRESENTATION_CONTEXT() REPRESENTATION_CONTEXT('2D SPACE',''
  ) );
#5365 = ORIENTED_EDGE('',*,*,#5366,.F.);
#5366 = EDGE_CURVE('',#5320,#5345,#5367,.T.);
#5367 = SURFACE_CURVE('',#5368,(#5373,#5380),.PCURVE_S1.);
#5368 = CIRCLE('',#5369,2.575);
#5369 = AXIS2_PLACEMENT_3D('',#5370,#5371,#5372);
#5370 = CARTESIAN_POINT('',(-50.,-57.,116.7));
#5371 = DIRECTION('',(0.,-1.,1.110223024625E-16));
#5372 = DIRECTION('',(-1.,0.,0.));
#5373 = PCURVE('',#3678,#5374);
#5374 = DEFINITIONAL_REPRESENTATION('',(#5375),#5379);
#5375 = CIRCLE('',#5376,2.575);
#5376 = AXIS2_PLACEMENT_2D('',#5377,#5378);
#5377 = CARTESIAN_POINT('',(5.1,9.));
#5378 = DIRECTION('',(-0.,-1.));
#5379 = ( GEOMETRIC_REPRESENTATION_CONTEXT(2) 
PARAMETRIC_REPRESENTATION_CONTEXT() REPRESENTATION_CONTEXT('2D SPACE',''
  ) );
#5380 = PCURVE('',#5381,#5386);
#5381 = CYLINDRICAL_SURFACE('',#5382,2.575);
#5382 = AXIS2_PLACEMENT_3D('',#5383,#5384,#5385);
#5383 = CARTESIAN_POINT('',(-50.,-49.,116.7));
#5384 = DIRECTION('',(0.,-1.,1.110223024625E-16));
#5385 = DIRECTION('',(-1.,0.,0.));
#5386 = DEFINITIONAL_REPRESENTATION('',(#5387),#5391);
#5387 = LINE('',#5388,#5389);
#5388 = CARTESIAN_POINT('',(0.,8.));
#5389 = VECTOR('',#5390,1.);
#5390 = DIRECTION('',(1.,0.));
#5391 = ( GEOMETRIC_REPRESENTATION_CONTEXT(2) 
PARAMETRIC_REPRESENTATION_CONTEXT() REPRESENTATION_CONTEXT('2D SPACE',''
  ) );
#5392 = ADVANCED_FACE('',(#5393),#3756,.F.);
#5393 = FACE_BOUND('',#5394,.F.);
#5394 = EDGE_LOOP('',(#5395,#5417,#5555,#5556,#5557));
#5395 = ORIENTED_EDGE('',*,*,#5396,.T.);
#5396 = EDGE_CURVE('',#4080,#5397,#5399,.T.);
#5397 = VERTEX_POINT('',#5398);
#5398 = CARTESIAN_POINT('',(-47.82270236302,-57.,118.07477270848));
#5399 = SURFACE_CURVE('',#5400,(#5404,#5410),.PCURVE_S1.);
#5400 = LINE('',#5401,#5402);
#5401 = CARTESIAN_POINT('',(-50.,-57.,118.07477270848));
#5402 = VECTOR('',#5403,1.);
#5403 = DIRECTION('',(-1.,0.,-0.));
#5404 = PCURVE('',#3756,#5405);
#5405 = DEFINITIONAL_REPRESENTATION('',(#5406),#5409);
#5406 = B_SPLINE_CURVE_WITH_KNOTS('',1,(#5407,#5408),.UNSPECIFIED.,.F.,
  .F.,(2,2),(-10.8,6.E-07),.PIECEWISE_BEZIER_KNOTS.);
#5407 = CARTESIAN_POINT('',(5.654310381685,-10.8));
#5408 = CARTESIAN_POINT('',(5.654310381685,6.E-07));
#5409 = ( GEOMETRIC_REPRESENTATION_CONTEXT(2) 
PARAMETRIC_REPRESENTATION_CONTEXT() REPRESENTATION_CONTEXT('2D SPACE',''
  ) );
#5410 = PCURVE('',#4170,#5411);
#5411 = DEFINITIONAL_REPRESENTATION('',(#5412),#5416);
#5412 = LINE('',#5413,#5414);
#5413 = CARTESIAN_POINT('',(3.725227291513,9.));
#5414 = VECTOR('',#5415,1.);
#5415 = DIRECTION('',(-0.,-1.));
#5416 = ( GEOMETRIC_REPRESENTATION_CONTEXT(2) 
PARAMETRIC_REPRESENTATION_CONTEXT() REPRESENTATION_CONTEXT('2D SPACE',''
  ) );
#5417 = ORIENTED_EDGE('',*,*,#5418,.T.);
#5418 = EDGE_CURVE('',#5397,#5345,#5419,.T.);
#5419 = SURFACE_CURVE('',#5420,(#5463,#5509),.PCURVE_S1.);
#5420 = B_SPLINE_CURVE_WITH_KNOTS('',6,(#5421,#5422,#5423,#5424,#5425,
    #5426,#5427,#5428,#5429,#5430,#5431,#5432,#5433,#5434,#5435,#5436,
    #5437,#5438,#5439,#5440,#5441,#5442,#5443,#5444,#5445,#5446,#5447,
    #5448,#5449,#5450,#5451,#5452,#5453,#5454,#5455,#5456,#5457,#5458,
    #5459,#5460,#5461,#5462),.UNSPECIFIED.,.F.,.F.,(7,5,5,5,5,5,5,5,7),(
    0.,0.292117261129,0.368027369163,0.411688344141,0.499994277158,
    0.589865638719,0.632580129061,0.708090906581,1.),.UNSPECIFIED.);
#5421 = CARTESIAN_POINT('',(-47.82270263859,-56.9999994,118.07477314492)
  );
#5422 = CARTESIAN_POINT('',(-47.77124029737,-57.11204828696,
    117.9932696473));
#5423 = CARTESIAN_POINT('',(-47.71731824611,-57.21756394021,
    117.89976132805));
#5424 = CARTESIAN_POINT('',(-47.66304167698,-57.31583233848,
    117.7939598233));
#5425 = CARTESIAN_POINT('',(-47.61055224503,-57.4055334623,
    117.67533463965));
#5426 = CARTESIAN_POINT('',(-47.56235766532,-57.48461533827,
    117.54339397322));
#5427 = CARTESIAN_POINT('',(-47.5107974786,-57.56706103122,
    117.36032921755));
#5428 = CARTESIAN_POINT('',(-47.50066033702,-57.58313397081,
    117.32169229932));
#5429 = CARTESIAN_POINT('',(-47.4910814196,-57.59820909783,
    117.28221188743));
#5430 = CARTESIAN_POINT('',(-47.48211837636,-57.61222384269,
    117.24192508418));
#5431 = CARTESIAN_POINT('',(-47.47382605537,-57.62511839434,
    117.20087199551));
#5432 = CARTESIAN_POINT('',(-47.46190274731,-57.64357510582,
    117.13506741006));
#5433 = CARTESIAN_POINT('',(-47.45778889661,-57.64992373407,
    117.1108047416));
#5434 = CARTESIAN_POINT('',(-47.45392540987,-57.65586980774,
    117.08631961929));
#5435 = CARTESIAN_POINT('',(-47.4503221092,-57.66140219012,
    117.06162580596));
#5436 = CARTESIAN_POINT('',(-47.44698817958,-57.66651038511,
    117.03673893362));
#5437 = CARTESIAN_POINT('',(-47.43775127452,-57.6806381821,
    116.96098681363));
#5438 = CARTESIAN_POINT('',(-47.43270407045,-57.68832106812,
    116.90955485482));
#5439 = CARTESIAN_POINT('',(-47.4288661519,-57.69414400643,
    116.85755784773));
#5440 = CARTESIAN_POINT('',(-47.42628916397,-57.69804724415,
    116.80517708187));
#5441 = CARTESIAN_POINT('',(-47.425,-57.7,116.75259628623));
#5442 = CARTESIAN_POINT('',(-47.425,-57.7,116.64647132197));
#5443 = CARTESIAN_POINT('',(-47.42633527343,-57.69797739493,
    116.59296107747));
#5444 = CARTESIAN_POINT('',(-47.42900419274,-57.69393492169,
    116.53966249492));
#5445 = CARTESIAN_POINT('',(-47.43297791533,-57.68790557784,
    116.48676798178));
#5446 = CARTESIAN_POINT('',(-47.43820127279,-57.67995312867,
    116.43446729066));
#5447 = CARTESIAN_POINT('',(-47.44763186462,-57.66552408467,
    116.35845825049));
#5448 = CARTESIAN_POINT('',(-47.45093489422,-57.66046148514,
    116.33414121956));
#5449 = CARTESIAN_POINT('',(-47.45449466159,-57.65499413335,
    116.31001079253));
#5450 = CARTESIAN_POINT('',(-47.45830250862,-57.64913191719,
    116.28608145455));
#5451 = CARTESIAN_POINT('',(-47.46234920651,-57.64288529484,
    116.26236597602));
#5452 = CARTESIAN_POINT('',(-47.47418363539,-57.62456244287,
    116.19734873859));
#5453 = CARTESIAN_POINT('',(-47.4824557412,-57.61169668343,
    116.15653941128));
#5454 = CARTESIAN_POINT('',(-47.49138997618,-57.59772422781,
    116.11648959733));
#5455 = CARTESIAN_POINT('',(-47.50093233023,-57.58270394966,
    116.07723852462));
#5456 = CARTESIAN_POINT('',(-47.51102608008,-57.56669738497,
    116.03882248212));
#5457 = CARTESIAN_POINT('',(-47.5625339582,-57.48432605094,
    115.85612330147));
#5458 = CARTESIAN_POINT('',(-47.6107059069,-57.40527086625,
    115.72431828094));
#5459 = CARTESIAN_POINT('',(-47.66316068249,-57.31561680082,
    115.60580820945));
#5460 = CARTESIAN_POINT('',(-47.71739710878,-57.21740969315,
    115.50010185898));
#5461 = CARTESIAN_POINT('',(-47.77127811556,-57.11196594546,
    115.40667045812));
#5462 = CARTESIAN_POINT('',(-47.82270263859,-56.9999994,115.32522685507)
  );
#5463 = PCURVE('',#3756,#5464);
#5464 = DEFINITIONAL_REPRESENTATION('',(#5465),#5508);
#5465 = B_SPLINE_CURVE_WITH_KNOTS('',6,(#5466,#5467,#5468,#5469,#5470,
    #5471,#5472,#5473,#5474,#5475,#5476,#5477,#5478,#5479,#5480,#5481,
    #5482,#5483,#5484,#5485,#5486,#5487,#5488,#5489,#5490,#5491,#5492,
    #5493,#5494,#5495,#5496,#5497,#5498,#5499,#5500,#5501,#5502,#5503,
    #5504,#5505,#5506,#5507),.UNSPECIFIED.,.F.,.F.,(7,5,5,5,5,5,5,5,7),(
    0.,0.292117261129,0.368027369163,0.411688344141,0.499994277158,
    0.589865638719,0.632580129061,0.708090906581,1.),.UNSPECIFIED.);
#5466 = CARTESIAN_POINT('',(5.654310818121,-2.177297361409));
#5467 = CARTESIAN_POINT('',(5.572807271604,-2.228759702624));
#5468 = CARTESIAN_POINT('',(5.490257207806,-2.28268175389));
#5469 = CARTESIAN_POINT('',(5.405929133105,-2.336958323018));
#5470 = CARTESIAN_POINT('',(5.319156889597,-2.389447754962));
#5471 = CARTESIAN_POINT('',(5.229287268025,-2.437642334676));
#5472 = CARTESIAN_POINT('',(5.111185211027,-2.489202521397));
#5473 = CARTESIAN_POINT('',(5.086579808189,-2.499339662977));
#5474 = CARTESIAN_POINT('',(5.061736933195,-2.508918580395));
#5475 = CARTESIAN_POINT('',(5.036663037204,-2.517881623636));
#5476 = CARTESIAN_POINT('',(5.011363073359,-2.526173944628));
#5477 = CARTESIAN_POINT('',(4.971160757733,-2.538097252687));
#5478 = CARTESIAN_POINT('',(4.956410378182,-2.542211103389));
#5479 = CARTESIAN_POINT('',(4.941592237954,-2.546074590127));
#5480 = CARTESIAN_POINT('',(4.926709950612,-2.5496778908));
#5481 = CARTESIAN_POINT('',(4.911767863459,-2.553011820417));
#5482 = CARTESIAN_POINT('',(4.866439464172,-2.562248725478));
#5483 = CARTESIAN_POINT('',(4.835869613829,-2.567295929548));
#5484 = CARTESIAN_POINT('',(4.805123372143,-2.571133848092));
#5485 = CARTESIAN_POINT('',(4.774257854416,-2.573710836026));
#5486 = CARTESIAN_POINT('',(4.743327972286,-2.575));
#5487 = CARTESIAN_POINT('',(4.68090152272,-2.575));
#5488 = CARTESIAN_POINT('',(4.649424905601,-2.573664726565));
#5489 = CARTESIAN_POINT('',(4.618016610776,-2.570995807256));
#5490 = CARTESIAN_POINT('',(4.586733803941,-2.56702208467));
#5491 = CARTESIAN_POINT('',(4.555636039904,-2.561798727204));
#5492 = CARTESIAN_POINT('',(4.510126348558,-2.552368135379));
#5493 = CARTESIAN_POINT('',(4.495517790491,-2.549065105779));
#5494 = CARTESIAN_POINT('',(4.480966977522,-2.54550533841));
#5495 = CARTESIAN_POINT('',(4.466477920291,-2.541697491374));
#5496 = CARTESIAN_POINT('',(4.452053956116,-2.537650793482));
#5497 = CARTESIAN_POINT('',(4.412318811924,-2.525816364603));
#5498 = CARTESIAN_POINT('',(4.387160504107,-2.517544258798));
#5499 = CARTESIAN_POINT('',(4.362226151497,-2.508610023813));
#5500 = CARTESIAN_POINT('',(4.337520541867,-2.499067669766));
#5501 = CARTESIAN_POINT('',(4.313049924804,-2.488973919918));
#5502 = CARTESIAN_POINT('',(4.195161896173,-2.437466041797));
#5503 = CARTESIAN_POINT('',(4.105367148558,-2.389294093092));
#5504 = CARTESIAN_POINT('',(4.018663893498,-2.336839317508));
#5505 = CARTESIAN_POINT('',(3.934400035627,-2.282602891214));
#5506 = CARTESIAN_POINT('',(3.851910794558,-2.228721884432));
#5507 = CARTESIAN_POINT('',(3.77046714265,-2.177297361409));
#5508 = ( GEOMETRIC_REPRESENTATION_CONTEXT(2) 
PARAMETRIC_REPRESENTATION_CONTEXT() REPRESENTATION_CONTEXT('2D SPACE',''
  ) );
#5509 = PCURVE('',#5381,#5510);
#5510 = DEFINITIONAL_REPRESENTATION('',(#5511),#5554);
#5511 = B_SPLINE_CURVE_WITH_KNOTS('',6,(#5512,#5513,#5514,#5515,#5516,
    #5517,#5518,#5519,#5520,#5521,#5522,#5523,#5524,#5525,#5526,#5527,
    #5528,#5529,#5530,#5531,#5532,#5533,#5534,#5535,#5536,#5537,#5538,
    #5539,#5540,#5541,#5542,#5543,#5544,#5545,#5546,#5547,#5548,#5549,
    #5550,#5551,#5552,#5553),.UNSPECIFIED.,.F.,.F.,(7,5,5,5,5,5,5,5,7),(
    0.,0.292117261129,0.368027369163,0.411688344141,0.499994277158,
    0.589865638719,0.632580129061,0.708090906581,1.),.UNSPECIFIED.);
#5512 = CARTESIAN_POINT('',(3.704790044036,7.9999994));
#5513 = CARTESIAN_POINT('',(3.667356710831,8.112048286967));
#5514 = CARTESIAN_POINT('',(3.625471370347,8.217563940213));
#5515 = CARTESIAN_POINT('',(3.579381402689,8.315832338487));
#5516 = CARTESIAN_POINT('',(3.529149777683,8.4055334623));
#5517 = CARTESIAN_POINT('',(3.47475549555,8.484615338274));
#5518 = CARTESIAN_POINT('',(3.400896402455,8.567061031225));
#5519 = CARTESIAN_POINT('',(3.385386443525,8.583133970813));
#5520 = CARTESIAN_POINT('',(3.369613555531,8.598209097835));
#5521 = CARTESIAN_POINT('',(3.353590188355,8.612223842695));
#5522 = CARTESIAN_POINT('',(3.337328545549,8.625118394348));
#5523 = CARTESIAN_POINT('',(3.311357256221,8.643575105828));
#5524 = CARTESIAN_POINT('',(3.301800992802,8.649923734072));
#5525 = CARTESIAN_POINT('',(3.292175514569,8.655869807741));
#5526 = CARTESIAN_POINT('',(3.282485114744,8.661402190129));
#5527 = CARTESIAN_POINT('',(3.272734659283,8.666510385112));
#5528 = CARTESIAN_POINT('',(3.243098466119,8.680638182109));
#5529 = CARTESIAN_POINT('',(3.22303449202,8.688321068129));
#5530 = CARTESIAN_POINT('',(3.202795511658,8.694144006434));
#5531 = CARTESIAN_POINT('',(3.182438118934,8.698047244151));
#5532 = CARTESIAN_POINT('',(3.162018395815,8.7));
#5533 = CARTESIAN_POINT('',(3.120804817461,8.7));
#5534 = CARTESIAN_POINT('',(3.100024143878,8.697977394933));
#5535 = CARTESIAN_POINT('',(3.079309486154,8.693934921699));
#5536 = CARTESIAN_POINT('',(3.058719479778,8.687905577849));
#5537 = CARTESIAN_POINT('',(3.038313315039,8.679953128676));
#5538 = CARTESIAN_POINT('',(3.008568910407,8.665524084677));
#5539 = CARTESIAN_POINT('',(2.99903932452,8.660461485146));
#5540 = CARTESIAN_POINT('',(2.989567786782,8.65499413335));
#5541 = CARTESIAN_POINT('',(2.980158806618,8.649131917193));
#5542 = CARTESIAN_POINT('',(2.970816368094,8.642885294849));
#5543 = CARTESIAN_POINT('',(2.945152091669,8.624562442876));
#5544 = CARTESIAN_POINT('',(2.9289847323,8.611696683438));
#5545 = CARTESIAN_POINT('',(2.913053552733,8.59772422781));
#5546 = CARTESIAN_POINT('',(2.897370494097,8.582703949662));
#5547 = CARTESIAN_POINT('',(2.88194773772,8.566697384974));
#5548 = CARTESIAN_POINT('',(2.808230803518,8.484326050945));
#5549 = CARTESIAN_POINT('',(2.753888549518,8.40527086625));
#5550 = CARTESIAN_POINT('',(2.703702848911,8.315616800827));
#5551 = CARTESIAN_POINT('',(2.657652661053,8.217409693152));
#5552 = CARTESIAN_POINT('',(2.61580108767,8.111965945468));
#5553 = CARTESIAN_POINT('',(2.578395263144,7.9999994));
#5554 = ( GEOMETRIC_REPRESENTATION_CONTEXT(2) 
PARAMETRIC_REPRESENTATION_CONTEXT() REPRESENTATION_CONTEXT('2D SPACE',''
  ) );
#5555 = ORIENTED_EDGE('',*,*,#5344,.F.);
#5556 = ORIENTED_EDGE('',*,*,#3694,.F.);
#5557 = ORIENTED_EDGE('',*,*,#4079,.F.);
#5558 = ADVANCED_FACE('',(#5559),#3864,.F.);
#5559 = FACE_BOUND('',#5560,.F.);
#5560 = EDGE_LOOP('',(#5561,#5584,#5585,#5586,#5587,#5588));
#5561 = ORIENTED_EDGE('',*,*,#5562,.T.);
#5562 = EDGE_CURVE('',#5563,#3951,#5565,.T.);
#5563 = VERTEX_POINT('',#5564);
#5564 = CARTESIAN_POINT('',(-47.43765244355,-74.,118.4));
#5565 = SEAM_CURVE('',#5566,(#5570,#5577),.PCURVE_S1.);
#5566 = LINE('',#5567,#5568);
#5567 = CARTESIAN_POINT('',(-50.,-74.,118.4));
#5568 = VECTOR('',#5569,1.);
#5569 = DIRECTION('',(1.,0.,0.));
#5570 = PCURVE('',#3864,#5571);
#5571 = DEFINITIONAL_REPRESENTATION('',(#5572),#5576);
#5572 = LINE('',#5573,#5574);
#5573 = CARTESIAN_POINT('',(-4.138911435803E-13,0.));
#5574 = VECTOR('',#5575,1.);
#5575 = DIRECTION('',(-0.,-1.));
#5576 = ( GEOMETRIC_REPRESENTATION_CONTEXT(2) 
PARAMETRIC_REPRESENTATION_CONTEXT() REPRESENTATION_CONTEXT('2D SPACE',''
  ) );
#5577 = PCURVE('',#3864,#5578);
#5578 = DEFINITIONAL_REPRESENTATION('',(#5579),#5583);
#5579 = LINE('',#5580,#5581);
#5580 = CARTESIAN_POINT('',(6.28318530718,0.));
#5581 = VECTOR('',#5582,1.);
#5582 = DIRECTION('',(-0.,-1.));
#5583 = ( GEOMETRIC_REPRESENTATION_CONTEXT(2) 
PARAMETRIC_REPRESENTATION_CONTEXT() REPRESENTATION_CONTEXT('2D SPACE',''
  ) );
#5584 = ORIENTED_EDGE('',*,*,#4024,.F.);
#5585 = ORIENTED_EDGE('',*,*,#3802,.F.);
#5586 = ORIENTED_EDGE('',*,*,#3950,.F.);
#5587 = ORIENTED_EDGE('',*,*,#5562,.F.);
#5588 = ORIENTED_EDGE('',*,*,#5589,.T.);
#5589 = EDGE_CURVE('',#5563,#5563,#5590,.T.);
#5590 = SURFACE_CURVE('',#5591,(#5694,#5800),.PCURVE_S1.);
#5591 = B_SPLINE_CURVE_WITH_KNOTS('',6,(#5592,#5593,#5594,#5595,#5596,
    #5597,#5598,#5599,#5600,#5601,#5602,#5603,#5604,#5605,#5606,#5607,
    #5608,#5609,#5610,#5611,#5612,#5613,#5614,#5615,#5616,#5617,#5618,
    #5619,#5620,#5621,#5622,#5623,#5624,#5625,#5626,#5627,#5628,#5629,
    #5630,#5631,#5632,#5633,#5634,#5635,#5636,#5637,#5638,#5639,#5640,
    #5641,#5642,#5643,#5644,#5645,#5646,#5647,#5648,#5649,#5650,#5651,
    #5652,#5653,#5654,#5655,#5656,#5657,#5658,#5659,#5660,#5661,#5662,
    #5663,#5664,#5665,#5666,#5667,#5668,#5669,#5670,#5671,#5672,#5673,
    #5674,#5675,#5676,#5677,#5678,#5679,#5680,#5681,#5682,#5683,#5684,
    #5685,#5686,#5687,#5688,#5689,#5690,#5691,#5692,#5693),
  .UNSPECIFIED.,.T.,.F.,(1,6,5,5,5,5,5,5,5,5,5,5,5,5,5,5,5,5,5,5,5,6,1),
  (-4.9016686627E-02,0.,4.908658471999E-02,9.621027921682E-02,
    0.143960757196,0.188207911851,0.249751849637,0.311299520071,
    0.35497001218,0.403315755993,0.450657511756,0.499498038673,
    0.548582351933,0.595703865802,0.661180142468,0.710140567225,
    0.749353017729,0.811122680439,0.854950684797,0.903470803719,
    0.950983313373,1.,1.04908658472),.UNSPECIFIED.);
#5592 = CARTESIAN_POINT('',(-47.43765244355,-74.,118.4));
#5593 = CARTESIAN_POINT('',(-47.43765244355,-74.08035662685,118.4));
#5594 = CARTESIAN_POINT('',(-47.43462885093,-74.16066930479,
    118.39544190148));
#5595 = CARTESIAN_POINT('',(-47.42858572321,-74.24065704641,
    118.38633542748));
#5596 = CARTESIAN_POINT('',(-47.4196308377,-74.32002538346,
    118.37270391948));
#5597 = CARTESIAN_POINT('',(-47.40796599204,-74.3984662671,
    118.35459641421));
#5598 = CARTESIAN_POINT('',(-47.38035200041,-74.54976290268,
    118.31050263159));
#5599 = CARTESIAN_POINT('',(-47.36459214226,-74.622718359,
    118.28486000824));
#5600 = CARTESIAN_POINT('',(-47.34682524756,-74.6943689965,
    118.25521078646));
#5601 = CARTESIAN_POINT('',(-47.32731950997,-74.76453847198,
    118.22158025166));
#5602 = CARTESIAN_POINT('',(-47.30637541198,-74.83302803071,
    118.18398878879));
#5603 = CARTESIAN_POINT('',(-47.2619658726,-74.96708782639,118.100380118
    ));
#5604 = CARTESIAN_POINT('',(-47.23846391676,-75.03262750645,
    118.05424510255));
#5605 = CARTESIAN_POINT('',(-47.21412163254,-75.09607778818,
    118.00402591573));
#5606 = CARTESIAN_POINT('',(-47.18927120725,-75.15723106887,
    117.9496767823));
#5607 = CARTESIAN_POINT('',(-47.16426962356,-75.21582602587,
    117.89113992205));
#5608 = CARTESIAN_POINT('',(-47.11655041197,-75.32317631267,
    117.77016612942));
#5609 = CARTESIAN_POINT('',(-47.0937852188,-75.37237095632,
    117.70829322468));
#5610 = CARTESIAN_POINT('',(-47.07152887978,-75.41883160137,
    117.64271069791));
#5611 = CARTESIAN_POINT('',(-47.0501303811,-75.4622200865,
    117.57341778921));
#5612 = CARTESIAN_POINT('',(-47.02995998795,-75.50215447968,
    117.50043815317));
#5613 = CARTESIAN_POINT('',(-46.98559559158,-75.58835049849,
    117.3172622891));
#5614 = CARTESIAN_POINT('',(-46.96272765315,-75.63133859673,
    117.20291346478));
#5615 = CARTESIAN_POINT('',(-46.94428634631,-75.66511347906,
    117.08222094156));
#5616 = CARTESIAN_POINT('',(-46.93147961808,-75.68827975517,
    116.95690678751));
#5617 = CARTESIAN_POINT('',(-46.925,-75.7,116.8288551419));
#5618 = CARTESIAN_POINT('',(-46.925,-75.7,116.57113704301));
#5619 = CARTESIAN_POINT('',(-46.9314804079,-75.6882783347,
    116.44308824177));
#5620 = CARTESIAN_POINT('',(-46.94428667747,-75.6651128608,
    116.31778216419));
#5621 = CARTESIAN_POINT('',(-46.96272613904,-75.63134124917,
    116.1970970124));
#5622 = CARTESIAN_POINT('',(-46.9855928813,-75.58835576434,
    116.08274890139));
#5623 = CARTESIAN_POINT('',(-47.029718972,-75.50262275193,115.900556976)
  );
#5624 = CARTESIAN_POINT('',(-47.04960714853,-75.46325589816,
    115.82847670104));
#5625 = CARTESIAN_POINT('',(-47.07069698905,-75.42051794544,
    115.75998683601));
#5626 = CARTESIAN_POINT('',(-47.09263185564,-75.37477736674,
    115.69511175176));
#5627 = CARTESIAN_POINT('',(-47.11507512645,-75.32636149766,
    115.63385229677));
#5628 = CARTESIAN_POINT('',(-47.16277809857,-75.21931865107,
    115.51235528425));
#5629 = CARTESIAN_POINT('',(-47.18809973193,-75.16011381275,
    115.45288399688));
#5630 = CARTESIAN_POINT('',(-47.21327935214,-75.09827686176,
    115.39770812756));
#5631 = CARTESIAN_POINT('',(-47.23794580899,-75.0340804028,
    115.34676737976));
#5632 = CARTESIAN_POINT('',(-47.26175411145,-74.96774034461,
    115.30001392475));
#5633 = CARTESIAN_POINT('',(-47.30654086278,-74.83251554805,
    115.21570427269));
#5634 = CARTESIAN_POINT('',(-47.3275744029,-74.76369214006,
    115.17796503445));
#5635 = CARTESIAN_POINT('',(-47.34715399642,-74.69317427554,
    115.14422399102));
#5636 = CARTESIAN_POINT('',(-47.36497496519,-74.62116369056,
    115.11450198053));
#5637 = CARTESIAN_POINT('',(-47.38076563782,-74.54783932675,
    115.08882475363));
#5638 = CARTESIAN_POINT('',(-47.40825464066,-74.39652026285,
    115.04495556717));
#5639 = CARTESIAN_POINT('',(-47.41980808581,-74.31845053307,
    115.02702629695));
#5640 = CARTESIAN_POINT('',(-47.42867546192,-74.23946660008,
    115.01352934957));
#5641 = CARTESIAN_POINT('',(-47.43465880326,-74.15987212929,
    115.0045129321));
#5642 = CARTESIAN_POINT('',(-47.43765244355,-74.07995752076,115.));
#5643 = CARTESIAN_POINT('',(-47.43765244355,-73.91964337314,115.));
#5644 = CARTESIAN_POINT('',(-47.43462885093,-73.8393306952,
    115.00455809851));
#5645 = CARTESIAN_POINT('',(-47.42858572321,-73.75934295358,
    115.01366457252));
#5646 = CARTESIAN_POINT('',(-47.4196308377,-73.67997461653,
    115.02729608051));
#5647 = CARTESIAN_POINT('',(-47.40796599204,-73.60153373289,
    115.04540358578));
#5648 = CARTESIAN_POINT('',(-47.38035200041,-73.45023709732,
    115.0894973684));
#5649 = CARTESIAN_POINT('',(-47.36459214226,-73.37728164099,
    115.11513999175));
#5650 = CARTESIAN_POINT('',(-47.34682524756,-73.30563100349,
    115.14478921353));
#5651 = CARTESIAN_POINT('',(-47.32731950997,-73.23546152801,
    115.17841974833));
#5652 = CARTESIAN_POINT('',(-47.30637541198,-73.16697196928,
    115.2160112112));
#5653 = CARTESIAN_POINT('',(-47.2536672061,-73.00786085465,
    115.31524356297));
#5654 = CARTESIAN_POINT('',(-47.22085506119,-72.91897620212,
    115.38056997809));
#5655 = CARTESIAN_POINT('',(-47.18668358343,-72.8341382662,
    115.45358531781));
#5656 = CARTESIAN_POINT('',(-47.15202043869,-72.75390813463,
    115.53444684849));
#5657 = CARTESIAN_POINT('',(-47.11783249908,-72.67906016496,
    115.62333165924));
#5658 = CARTESIAN_POINT('',(-47.06083384717,-72.55948085875,
    115.79292409268));
#5659 = CARTESIAN_POINT('',(-47.03728294348,-72.51181982548,
    115.87017414166));
#5660 = CARTESIAN_POINT('',(-47.01510451115,-72.46827069758,
    115.95198893843));
#5661 = CARTESIAN_POINT('',(-46.99485231091,-72.42944047224,
    116.03818077265));
#5662 = CARTESIAN_POINT('',(-46.97707277462,-72.39594151369,
    116.1284982318));
#5663 = CARTESIAN_POINT('',(-46.95043438685,-72.34634599675,
    116.29800775534));
#5664 = CARTESIAN_POINT('',(-46.94050695107,-72.3281183479,
    116.37581598085));
#5665 = CARTESIAN_POINT('',(-46.93282240379,-72.3141480958,
    116.45550374943));
#5666 = CARTESIAN_POINT('',(-46.92761127045,-72.30472402968,
    116.53649547493));
#5667 = CARTESIAN_POINT('',(-46.925,-72.3,116.61819556557));
#5668 = CARTESIAN_POINT('',(-46.925,-72.3,116.82886295698));
#5669 = CARTESIAN_POINT('',(-46.9314804079,-72.3117216653,
    116.95691175822));
#5670 = CARTESIAN_POINT('',(-46.94428667747,-72.33488713919,
    117.0822178358));
#5671 = CARTESIAN_POINT('',(-46.96272613904,-72.36865875083,
    117.20290298759));
#5672 = CARTESIAN_POINT('',(-46.9855928813,-72.41164423565,
    117.3172510986));
#5673 = CARTESIAN_POINT('',(-47.029718972,-72.49737724807,
    117.49944302399));
#5674 = CARTESIAN_POINT('',(-47.04960714853,-72.53674410183,
    117.57152329895));
#5675 = CARTESIAN_POINT('',(-47.07069698905,-72.57948205455,
    117.64001316398));
#5676 = CARTESIAN_POINT('',(-47.09263185564,-72.62522263325,
    117.70488824823));
#5677 = CARTESIAN_POINT('',(-47.11507512645,-72.67363850233,
    117.76614770322));
#5678 = CARTESIAN_POINT('',(-47.16277809857,-72.78068134892,
    117.88764471575));
#5679 = CARTESIAN_POINT('',(-47.18809973193,-72.83988618724,
    117.94711600311));
#5680 = CARTESIAN_POINT('',(-47.21327935214,-72.90172313823,
    118.00229187243));
#5681 = CARTESIAN_POINT('',(-47.23794580899,-72.9659195972,
    118.05323262023));
#5682 = CARTESIAN_POINT('',(-47.26175411145,-73.03225965538,
    118.09998607524));
#5683 = CARTESIAN_POINT('',(-47.30654086278,-73.16748445194,
    118.1842957273));
#5684 = CARTESIAN_POINT('',(-47.3275744029,-73.23630785993,
    118.22203496554));
#5685 = CARTESIAN_POINT('',(-47.34715399642,-73.30682572445,
    118.25577600897));
#5686 = CARTESIAN_POINT('',(-47.36497496519,-73.37883630943,
    118.28549801946));
#5687 = CARTESIAN_POINT('',(-47.38076563782,-73.45216067324,
    118.31117524636));
#5688 = CARTESIAN_POINT('',(-47.40825464066,-73.60347973715,
    118.35504443282));
#5689 = CARTESIAN_POINT('',(-47.41980808581,-73.68154946692,
    118.37297370304));
#5690 = CARTESIAN_POINT('',(-47.42867546192,-73.76053339991,
    118.38647065042));
#5691 = CARTESIAN_POINT('',(-47.43465880326,-73.84012787071,
    118.39548706789));
#5692 = CARTESIAN_POINT('',(-47.43765244355,-73.92004247923,118.4));
#5693 = CARTESIAN_POINT('',(-47.43765244355,-74.,118.4));
#5694 = PCURVE('',#3864,#5695);
#5695 = DEFINITIONAL_REPRESENTATION('',(#5696),#5799);
#5696 = B_SPLINE_CURVE_WITH_KNOTS('',6,(#5697,#5698,#5699,#5700,#5701,
    #5702,#5703,#5704,#5705,#5706,#5707,#5708,#5709,#5710,#5711,#5712,
    #5713,#5714,#5715,#5716,#5717,#5718,#5719,#5720,#5721,#5722,#5723,
    #5724,#5725,#5726,#5727,#5728,#5729,#5730,#5731,#5732,#5733,#5734,
    #5735,#5736,#5737,#5738,#5739,#5740,#5741,#5742,#5743,#5744,#5745,
    #5746,#5747,#5748,#5749,#5750,#5751,#5752,#5753,#5754,#5755,#5756,
    #5757,#5758,#5759,#5760,#5761,#5762,#5763,#5764,#5765,#5766,#5767,
    #5768,#5769,#5770,#5771,#5772,#5773,#5774,#5775,#5776,#5777,#5778,
    #5779,#5780,#5781,#5782,#5783,#5784,#5785,#5786,#5787,#5788,#5789,
    #5790,#5791,#5792,#5793,#5794,#5795,#5796,#5797,#5798),
  .UNSPECIFIED.,.F.,.F.,(7,5,5,5,5,5,5,5,5,5,5,5,5,5,5,5,5,5,5,5,7),(0.,
    4.908658471999E-02,9.621027921682E-02,0.143960757196,0.188207911851,
    0.249751849637,0.311299520071,0.35497001218,0.403315755993,
    0.450657511756,0.499498038673,0.548582351933,0.595703865802,
    0.661180142468,0.710140567225,0.749353017729,0.811122680439,
    0.854950684797,0.903470803719,0.950983313373,1.),.UNSPECIFIED.);
#5697 = CARTESIAN_POINT('',(6.28318530718,-2.562347556441));
#5698 = CARTESIAN_POINT('',(6.235916703146,-2.562347556441));
#5699 = CARTESIAN_POINT('',(6.188673857278,-2.565371149066));
#5700 = CARTESIAN_POINT('',(6.141432397596,-2.571414276788));
#5701 = CARTESIAN_POINT('',(6.094175635534,-2.580369162297));
#5702 = CARTESIAN_POINT('',(6.046896716401,-2.592034007957));
#5703 = CARTESIAN_POINT('',(5.954196108902,-2.619647999582));
#5704 = CARTESIAN_POINT('',(5.908774720642,-2.635407857736));
#5705 = CARTESIAN_POINT('',(5.863262449093,-2.653174752434));
#5706 = CARTESIAN_POINT('',(5.817593501207,-2.672680490027));
#5707 = CARTESIAN_POINT('',(5.771707264864,-2.693624588014));
#5708 = CARTESIAN_POINT('',(5.6787689949,-2.738034127397));
#5709 = CARTESIAN_POINT('',(5.63169565068,-2.761536083232));
#5710 = CARTESIAN_POINT('',(5.584209376202,-2.785878367454));
#5711 = CARTESIAN_POINT('',(5.536204003982,-2.810728792744));
#5712 = CARTESIAN_POINT('',(5.48757147472,-2.835730376432));
#5713 = CARTESIAN_POINT('',(5.392432271337,-2.883449588026));
#5714 = CARTESIAN_POINT('',(5.346002275138,-2.906214781196));
#5715 = CARTESIAN_POINT('',(5.29883477187,-2.92847112022));
#5716 = CARTESIAN_POINT('',(5.250864402457,-2.9498696189));
#5717 = CARTESIAN_POINT('',(5.202018907555,-2.970040012047));
#5718 = CARTESIAN_POINT('',(5.082934815204,-3.014404408411));
#5719 = CARTESIAN_POINT('',(5.011305872337,-3.037272346846));
#5720 = CARTESIAN_POINT('',(4.938009070997,-3.055713653685));
#5721 = CARTESIAN_POINT('',(4.863510525456,-3.068520381916));
#5722 = CARTESIAN_POINT('',(4.788186122683,-3.075));
#5723 = CARTESIAN_POINT('',(4.636587240981,-3.075));
#5724 = CARTESIAN_POINT('',(4.561264513749,-3.068519592098));
#5725 = CARTESIAN_POINT('',(4.486770569372,-3.05571332253));
#5726 = CARTESIAN_POINT('',(4.413478334425,-3.037273860953));
#5727 = CARTESIAN_POINT('',(4.341850420594,-3.014407118699));
#5728 = CARTESIAN_POINT('',(4.223405994642,-2.970281027999));
#5729 = CARTESIAN_POINT('',(4.175181337788,-2.950392851462));
#5730 = CARTESIAN_POINT('',(4.127809851826,-2.929303010942));
#5731 = CARTESIAN_POINT('',(4.081222681078,-2.907368144358));
#5732 = CARTESIAN_POINT('',(4.035357614916,-2.88492487355));
#5733 = CARTESIAN_POINT('',(3.940107634108,-2.837221901425));
#5734 = CARTESIAN_POINT('',(3.890836252644,-2.811900268069));
#5735 = CARTESIAN_POINT('',(3.842211864997,-2.786720647857));
#5736 = CARTESIAN_POINT('',(3.794122281003,-2.76205419101));
#5737 = CARTESIAN_POINT('',(3.746457311864,-2.738245888544));
#5738 = CARTESIAN_POINT('',(3.652719358942,-2.693459137213));
#5739 = CARTESIAN_POINT('',(3.606620140316,-2.672425597098));
#5740 = CARTESIAN_POINT('',(3.560739718124,-2.652846003579));
#5741 = CARTESIAN_POINT('',(3.515016822018,-2.635025034804));
#5742 = CARTESIAN_POINT('',(3.46938487163,-2.619234362179));
#5743 = CARTESIAN_POINT('',(3.376708471753,-2.591745359337));
#5744 = CARTESIAN_POINT('',(3.329664700902,-2.580191914181));
#5745 = CARTESIAN_POINT('',(3.282642487368,-2.571324538078));
#5746 = CARTESIAN_POINT('',(3.23563517366,-2.565341196739));
#5747 = CARTESIAN_POINT('',(3.188626489337,-2.562347556441));
#5748 = CARTESIAN_POINT('',(3.094324049557,-2.562347556441));
#5749 = CARTESIAN_POINT('',(3.047081203688,-2.565371149066));
#5750 = CARTESIAN_POINT('',(2.999839744007,-2.571414276788));
#5751 = CARTESIAN_POINT('',(2.952582981944,-2.580369162297));
#5752 = CARTESIAN_POINT('',(2.905304062811,-2.592034007957));
#5753 = CARTESIAN_POINT('',(2.812603455313,-2.619647999582));
#5754 = CARTESIAN_POINT('',(2.767182067052,-2.635407857736));
#5755 = CARTESIAN_POINT('',(2.721669795503,-2.653174752434));
#5756 = CARTESIAN_POINT('',(2.676000847617,-2.672680490027));
#5757 = CARTESIAN_POINT('',(2.630114611274,-2.693624588014));
#5758 = CARTESIAN_POINT('',(2.519809268418,-2.746332793898));
#5759 = CARTESIAN_POINT('',(2.45511026652,-2.779144938801));
#5760 = CARTESIAN_POINT('',(2.389561210262,-2.813316416568));
#5761 = CARTESIAN_POINT('',(2.32287986505,-2.847979561309));
#5762 = CARTESIAN_POINT('',(2.254776715264,-2.882167500912));
#5763 = CARTESIAN_POINT('',(2.13271143697,-2.939166152823));
#5764 = CARTESIAN_POINT('',(2.07941807756,-2.962717056518));
#5765 = CARTESIAN_POINT('',(2.025066910099,-2.98489548885));
#5766 = CARTESIAN_POINT('',(1.969646916596,-3.005147689087));
#5767 = CARTESIAN_POINT('',(1.913122998585,-3.022927225376));
#5768 = CARTESIAN_POINT('',(1.809231263159,-3.049565613149));
#5769 = CARTESIAN_POINT('',(1.762292465167,-3.059493048924));
#5770 = CARTESIAN_POINT('',(1.714818153573,-3.067177596209));
#5771 = CARTESIAN_POINT('',(1.666975506511,-3.072388729543));
#5772 = CARTESIAN_POINT('',(1.618916582339,-3.075));
#5773 = CARTESIAN_POINT('',(1.494994587391,-3.075));
#5774 = CARTESIAN_POINT('',(1.419671860159,-3.068519592098));
#5775 = CARTESIAN_POINT('',(1.345177915783,-3.05571332253));
#5776 = CARTESIAN_POINT('',(1.271885680835,-3.037273860953));
#5777 = CARTESIAN_POINT('',(1.200257767004,-3.014407118699));
#5778 = CARTESIAN_POINT('',(1.081813341053,-2.970281027999));
#5779 = CARTESIAN_POINT('',(1.033588684198,-2.950392851462));
#5780 = CARTESIAN_POINT('',(0.986217198237,-2.929303010942));
#5781 = CARTESIAN_POINT('',(0.939630027488,-2.907368144358));
#5782 = CARTESIAN_POINT('',(0.893764961326,-2.88492487355));
#5783 = CARTESIAN_POINT('',(0.798514980518,-2.837221901425));
#5784 = CARTESIAN_POINT('',(0.749243599054,-2.811900268069));
#5785 = CARTESIAN_POINT('',(0.700619211407,-2.786720647857));
#5786 = CARTESIAN_POINT('',(0.652529627413,-2.76205419101));
#5787 = CARTESIAN_POINT('',(0.604864658274,-2.738245888544));
#5788 = CARTESIAN_POINT('',(0.511126705352,-2.693459137213));
#5789 = CARTESIAN_POINT('',(0.465027486726,-2.672425597098));
#5790 = CARTESIAN_POINT('',(0.419147064535,-2.652846003579));
#5791 = CARTESIAN_POINT('',(0.373424168428,-2.635025034804));
#5792 = CARTESIAN_POINT('',(0.32779221804,-2.619234362179));
#5793 = CARTESIAN_POINT('',(0.235115818163,-2.591745359337));
#5794 = CARTESIAN_POINT('',(0.188072047313,-2.580191914181));
#5795 = CARTESIAN_POINT('',(0.141049833778,-2.571324538078));
#5796 = CARTESIAN_POINT('',(9.404252006959E-02,-2.565341196739));
#5797 = CARTESIAN_POINT('',(4.703383574659E-02,-2.562347556441));
#5798 = CARTESIAN_POINT('',(-4.138911435803E-13,-2.562347556441));
#5799 = ( GEOMETRIC_REPRESENTATION_CONTEXT(2) 
PARAMETRIC_REPRESENTATION_CONTEXT() REPRESENTATION_CONTEXT('2D SPACE',''
  ) );
#5800 = PCURVE('',#5801,#5806);
#5801 = CYLINDRICAL_SURFACE('',#5802,3.075);
#5802 = AXIS2_PLACEMENT_3D('',#5803,#5804,#5805);
#5803 = CARTESIAN_POINT('',(-50.,-81.,116.7));
#5804 = DIRECTION('',(0.,1.,-1.110223024625E-16));
#5805 = DIRECTION('',(-1.,0.,0.));
#5806 = DEFINITIONAL_REPRESENTATION('',(#5807),#5910);
#5807 = B_SPLINE_CURVE_WITH_KNOTS('',6,(#5808,#5809,#5810,#5811,#5812,
    #5813,#5814,#5815,#5816,#5817,#5818,#5819,#5820,#5821,#5822,#5823,
    #5824,#5825,#5826,#5827,#5828,#5829,#5830,#5831,#5832,#5833,#5834,
    #5835,#5836,#5837,#5838,#5839,#5840,#5841,#5842,#5843,#5844,#5845,
    #5846,#5847,#5848,#5849,#5850,#5851,#5852,#5853,#5854,#5855,#5856,
    #5857,#5858,#5859,#5860,#5861,#5862,#5863,#5864,#5865,#5866,#5867,
    #5868,#5869,#5870,#5871,#5872,#5873,#5874,#5875,#5876,#5877,#5878,
    #5879,#5880,#5881,#5882,#5883,#5884,#5885,#5886,#5887,#5888,#5889,
    #5890,#5891,#5892,#5893,#5894,#5895,#5896,#5897,#5898,#5899,#5900,
    #5901,#5902,#5903,#5904,#5905,#5906,#5907,#5908,#5909),
  .UNSPECIFIED.,.T.,.F.,(1,6,5,5,5,5,5,5,5,5,5,5,5,5,5,5,5,5,5,5,5,6,1),
  (-4.9016686627E-02,0.,4.908658471999E-02,9.621027921682E-02,
    0.143960757196,0.188207911851,0.249751849637,0.311299520071,
    0.35497001218,0.403315755993,0.450657511756,0.499498038673,
    0.548582351933,0.595703865802,0.661180142468,0.710140567225,
    0.749353017729,0.811122680439,0.854950684797,0.903470803719,
    0.950983313373,1.,1.04908658472),.UNSPECIFIED.);
#5808 = CARTESIAN_POINT('',(2.55581743139,7.));
#5809 = CARTESIAN_POINT('',(2.55581743139,6.919643373143));
#5810 = CARTESIAN_POINT('',(2.557596182174,6.839330695202));
#5811 = CARTESIAN_POINT('',(2.561150497274,6.759342953581));
#5812 = CARTESIAN_POINT('',(2.566454301711,6.679974616539));
#5813 = CARTESIAN_POINT('',(2.573458480494,6.601533732897));
#5814 = CARTESIAN_POINT('',(2.590377784676,6.45023709732));
#5815 = CARTESIAN_POINT('',(2.600165553132,6.377281640996));
#5816 = CARTESIAN_POINT('',(2.611405064703,6.305631003495));
#5817 = CARTESIAN_POINT('',(2.624045904204,6.235461528019));
#5818 = CARTESIAN_POINT('',(2.63803731237,6.166971969283));
#5819 = CARTESIAN_POINT('',(2.668824661697,6.032912173606));
#5820 = CARTESIAN_POINT('',(2.685659991314,5.967372493549));
#5821 = CARTESIAN_POINT('',(2.703803251843,5.903922211818));
#5822 = CARTESIAN_POINT('',(2.723229275723,5.842768931127));
#5823 = CARTESIAN_POINT('',(2.743921220364,5.784173974123));
#5824 = CARTESIAN_POINT('',(2.786212376844,5.676823687326));
#5825 = CARTESIAN_POINT('',(2.807646654292,5.627629043675));
#5826 = CARTESIAN_POINT('',(2.830157570593,5.58116839863));
#5827 = CARTESIAN_POINT('',(2.85372704175,5.537779913496));
#5828 = CARTESIAN_POINT('',(2.878337408196,5.497845520316));
#5829 = CARTESIAN_POINT('',(2.939629031016,5.411649501504));
#5830 = CARTESIAN_POINT('',(2.977521333734,5.368661403262));
#5831 = CARTESIAN_POINT('',(3.017161003911,5.334886520932));
#5832 = CARTESIAN_POINT('',(3.058045656683,5.311720244824));
#5833 = CARTESIAN_POINT('',(3.099688542401,5.3));
#5834 = CARTESIAN_POINT('',(3.183499306268,5.3));
#5835 = CARTESIAN_POINT('',(3.225141268705,5.3117216653));
#5836 = CARTESIAN_POINT('',(3.266023314413,5.334887139191));
#5837 = CARTESIAN_POINT('',(3.305660550095,5.36865875083));
#5838 = CARTESIAN_POINT('',(3.343552531765,5.411644235658));
#5839 = CARTESIAN_POINT('',(3.404514923444,5.49737724807));
#5840 = CARTESIAN_POINT('',(3.428819429365,5.536744101831));
#5841 = CARTESIAN_POINT('',(3.452110292354,5.579482054551));
#5842 = CARTESIAN_POINT('',(3.474370127833,5.625222633254));
#5843 = CARTESIAN_POINT('',(3.495581209918,5.673638502332));
#5844 = CARTESIAN_POINT('',(3.538028765492,5.780681348921));
#5845 = CARTESIAN_POINT('',(3.559040663912,5.839886187246));
#5846 = CARTESIAN_POINT('',(3.578755334842,5.901723138237));
#5847 = CARTESIAN_POINT('',(3.597155504955,5.9659195972));
#5848 = CARTESIAN_POINT('',(3.614215170981,6.032259655385));
#5849 = CARTESIAN_POINT('',(3.645261388054,6.167484451946));
#5850 = CARTESIAN_POINT('',(3.659308894938,6.236307859936));
#5851 = CARTESIAN_POINT('',(3.671992847841,6.306825724456));
#5852 = CARTESIAN_POINT('',(3.683261698449,6.378836309438));
#5853 = CARTESIAN_POINT('',(3.693064302097,6.452160673243));
#5854 = CARTESIAN_POINT('',(3.70990013067,6.60347973715));
#5855 = CARTESIAN_POINT('',(3.716835978477,6.681549466921));
#5856 = CARTESIAN_POINT('',(3.722087589306,6.760533399914));
#5857 = CARTESIAN_POINT('',(3.725606748576,6.84012787071));
#5858 = CARTESIAN_POINT('',(3.72736787579,6.920042479231));
#5859 = CARTESIAN_POINT('',(3.72736787579,7.080356626857));
#5860 = CARTESIAN_POINT('',(3.725589125006,7.160669304798));
#5861 = CARTESIAN_POINT('',(3.722034809906,7.240657046419));
#5862 = CARTESIAN_POINT('',(3.716731005469,7.320025383461));
#5863 = CARTESIAN_POINT('',(3.709726826686,7.398466267103));
#5864 = CARTESIAN_POINT('',(3.692807522504,7.54976290268));
#5865 = CARTESIAN_POINT('',(3.683019754047,7.622718359004));
#5866 = CARTESIAN_POINT('',(3.671780242477,7.694368996505));
#5867 = CARTESIAN_POINT('',(3.659139402975,7.764538471981));
#5868 = CARTESIAN_POINT('',(3.64514799481,7.833028030717));
#5869 = CARTESIAN_POINT('',(3.608607513429,7.992139145344));
#5870 = CARTESIAN_POINT('',(3.584840165387,8.081023797873));
#5871 = CARTESIAN_POINT('',(3.558639536976,8.1658617338));
#5872 = CARTESIAN_POINT('',(3.530055960312,8.246091865364));
#5873 = CARTESIAN_POINT('',(3.499114331603,8.320939835034));
#5874 = CARTESIAN_POINT('',(3.440930716658,8.440519141245));
#5875 = CARTESIAN_POINT('',(3.414677693555,8.488180174516));
#5876 = CARTESIAN_POINT('',(3.387132213119,8.531729302412));
#5877 = CARTESIAN_POINT('',(3.35836597522,8.57055952776));
#5878 = CARTESIAN_POINT('',(3.328453001053,8.604058486309));
#5879 = CARTESIAN_POINT('',(3.27265141846,8.653654003247));
#5880 = CARTESIAN_POINT('',(3.247153471641,8.6718816521));
#5881 = CARTESIAN_POINT('',(3.221137586617,8.685851904197));
#5882 = CARTESIAN_POINT('',(3.194764814284,8.695275970318));
#5883 = CARTESIAN_POINT('',(3.168195721695,8.7));
#5884 = CARTESIAN_POINT('',(3.099686000911,8.7));
#5885 = CARTESIAN_POINT('',(3.058044038474,8.6882783347));
#5886 = CARTESIAN_POINT('',(3.017161992767,8.665112860809));
#5887 = CARTESIAN_POINT('',(2.977524757084,8.63134124917));
#5888 = CARTESIAN_POINT('',(2.939632775414,8.588355764342));
#5889 = CARTESIAN_POINT('',(2.878670383736,8.50262275193));
#5890 = CARTESIAN_POINT('',(2.854365877815,8.463255898169));
#5891 = CARTESIAN_POINT('',(2.831075014826,8.420517945449));
#5892 = CARTESIAN_POINT('',(2.808815179347,8.374777366746));
#5893 = CARTESIAN_POINT('',(2.787604097261,8.326361497668));
#5894 = CARTESIAN_POINT('',(2.745156541687,8.219318651079));
#5895 = CARTESIAN_POINT('',(2.724144643268,8.160113812754));
#5896 = CARTESIAN_POINT('',(2.704429972337,8.098276861763));
#5897 = CARTESIAN_POINT('',(2.686029802225,8.0340804028));
#5898 = CARTESIAN_POINT('',(2.668970136199,7.967740344615));
#5899 = CARTESIAN_POINT('',(2.637923919125,7.832515548054));
#5900 = CARTESIAN_POINT('',(2.623876412241,7.763692140064));
#5901 = CARTESIAN_POINT('',(2.611192459339,7.693174275544));
#5902 = CARTESIAN_POINT('',(2.59992360873,7.621163690562));
#5903 = CARTESIAN_POINT('',(2.590121005082,7.547839326757));
#5904 = CARTESIAN_POINT('',(2.57328517651,7.39652026285));
#5905 = CARTESIAN_POINT('',(2.566349328702,7.318450533079));
#5906 = CARTESIAN_POINT('',(2.561097717874,7.239466600086));
#5907 = CARTESIAN_POINT('',(2.557578558604,7.15987212929));
#5908 = CARTESIAN_POINT('',(2.55581743139,7.079957520769));
#5909 = CARTESIAN_POINT('',(2.55581743139,7.));
#5910 = ( GEOMETRIC_REPRESENTATION_CONTEXT(2) 
PARAMETRIC_REPRESENTATION_CONTEXT() REPRESENTATION_CONTEXT('2D SPACE',''
  ) );
#5911 = ADVANCED_FACE('',(#5912,#5915),#3937,.T.);
#5912 = FACE_BOUND('',#5913,.T.);
#5913 = EDGE_LOOP('',(#5914));
#5914 = ORIENTED_EDGE('',*,*,#3922,.T.);
#5915 = FACE_BOUND('',#5916,.T.);
#5916 = EDGE_LOOP('',(#5917));
#5917 = ORIENTED_EDGE('',*,*,#5918,.T.);
#5918 = EDGE_CURVE('',#5919,#5919,#5921,.T.);
#5919 = VERTEX_POINT('',#5920);
#5920 = CARTESIAN_POINT('',(-53.075,-81.,116.7));
#5921 = SURFACE_CURVE('',#5922,(#5927,#5938),.PCURVE_S1.);
#5922 = CIRCLE('',#5923,3.075);
#5923 = AXIS2_PLACEMENT_3D('',#5924,#5925,#5926);
#5924 = CARTESIAN_POINT('',(-50.,-81.,116.7));
#5925 = DIRECTION('',(0.,1.,-1.110223024625E-16));
#5926 = DIRECTION('',(-1.,0.,0.));
#5927 = PCURVE('',#3937,#5928);
#5928 = DEFINITIONAL_REPRESENTATION('',(#5929),#5937);
#5929 = ( BOUNDED_CURVE() B_SPLINE_CURVE(2,(#5930,#5931,#5932,#5933,
#5934,#5935,#5936),.UNSPECIFIED.,.T.,.F.) B_SPLINE_CURVE_WITH_KNOTS((1,2
    ,2,2,2,1),(-2.094395102393,0.,2.094395102393,4.188790204786,
6.28318530718,8.377580409573),.UNSPECIFIED.) CURVE() 
GEOMETRIC_REPRESENTATION_ITEM() RATIONAL_B_SPLINE_CURVE((1.,0.5,1.,0.5,
1.,0.5,1.)) REPRESENTATION_ITEM('') );
#5930 = CARTESIAN_POINT('',(-3.075,0.));
#5931 = CARTESIAN_POINT('',(-3.075,5.326056233274));
#5932 = CARTESIAN_POINT('',(1.5375,2.663028116637));
#5933 = CARTESIAN_POINT('',(6.15,7.531577814756E-16));
#5934 = CARTESIAN_POINT('',(1.5375,-2.663028116637));
#5935 = CARTESIAN_POINT('',(-3.075,-5.326056233274));
#5936 = CARTESIAN_POINT('',(-3.075,0.));
#5937 = ( GEOMETRIC_REPRESENTATION_CONTEXT(2) 
PARAMETRIC_REPRESENTATION_CONTEXT() REPRESENTATION_CONTEXT('2D SPACE',''
  ) );
#5938 = PCURVE('',#5801,#5939);
#5939 = DEFINITIONAL_REPRESENTATION('',(#5940),#5944);
#5940 = LINE('',#5941,#5942);
#5941 = CARTESIAN_POINT('',(0.,0.));
#5942 = VECTOR('',#5943,1.);
#5943 = DIRECTION('',(1.,0.));
#5944 = ( GEOMETRIC_REPRESENTATION_CONTEXT(2) 
PARAMETRIC_REPRESENTATION_CONTEXT() REPRESENTATION_CONTEXT('2D SPACE',''
  ) );
#5945 = ADVANCED_FACE('',(#5946),#4170,.F.);
#5946 = FACE_BOUND('',#5947,.F.);
#5947 = EDGE_LOOP('',(#5948,#5969,#5970,#5992,#6014,#6015));
#5948 = ORIENTED_EDGE('',*,*,#5949,.F.);
#5949 = EDGE_CURVE('',#4742,#4154,#5950,.T.);
#5950 = SURFACE_CURVE('',#5951,(#5955,#5962),.PCURVE_S1.);
#5951 = LINE('',#5952,#5953);
#5952 = CARTESIAN_POINT('',(-59.,-57.,121.8));
#5953 = VECTOR('',#5954,1.);
#5954 = DIRECTION('',(1.,0.,0.));
#5955 = PCURVE('',#4170,#5956);
#5956 = DEFINITIONAL_REPRESENTATION('',(#5957),#5961);
#5957 = LINE('',#5958,#5959);
#5958 = CARTESIAN_POINT('',(0.,0.));
#5959 = VECTOR('',#5960,1.);
#5960 = DIRECTION('',(0.,1.));
#5961 = ( GEOMETRIC_REPRESENTATION_CONTEXT(2) 
PARAMETRIC_REPRESENTATION_CONTEXT() REPRESENTATION_CONTEXT('2D SPACE',''
  ) );
#5962 = PCURVE('',#4201,#5963);
#5963 = DEFINITIONAL_REPRESENTATION('',(#5964),#5968);
#5964 = LINE('',#5965,#5966);
#5965 = CARTESIAN_POINT('',(0.,2.));
#5966 = VECTOR('',#5967,1.);
#5967 = DIRECTION('',(1.,0.));
#5968 = ( GEOMETRIC_REPRESENTATION_CONTEXT(2) 
PARAMETRIC_REPRESENTATION_CONTEXT() REPRESENTATION_CONTEXT('2D SPACE',''
  ) );
#5969 = ORIENTED_EDGE('',*,*,#4763,.T.);
#5970 = ORIENTED_EDGE('',*,*,#5971,.T.);
#5971 = EDGE_CURVE('',#4764,#5972,#5974,.T.);
#5972 = VERTEX_POINT('',#5973);
#5973 = CARTESIAN_POINT('',(-52.17729763698,-57.,118.07477270848));
#5974 = SURFACE_CURVE('',#5975,(#5979,#5986),.PCURVE_S1.);
#5975 = LINE('',#5976,#5977);
#5976 = CARTESIAN_POINT('',(-50.,-57.,118.07477270848));
#5977 = VECTOR('',#5978,1.);
#5978 = DIRECTION('',(1.,0.,0.));
#5979 = PCURVE('',#4170,#5980);
#5980 = DEFINITIONAL_REPRESENTATION('',(#5981),#5985);
#5981 = LINE('',#5982,#5983);
#5982 = CARTESIAN_POINT('',(3.725227291513,9.));
#5983 = VECTOR('',#5984,1.);
#5984 = DIRECTION('',(0.,1.));
#5985 = ( GEOMETRIC_REPRESENTATION_CONTEXT(2) 
PARAMETRIC_REPRESENTATION_CONTEXT() REPRESENTATION_CONTEXT('2D SPACE',''
  ) );
#5986 = PCURVE('',#4913,#5987);
#5987 = DEFINITIONAL_REPRESENTATION('',(#5988),#5991);
#5988 = B_SPLINE_CURVE_WITH_KNOTS('',1,(#5989,#5990),.UNSPECIFIED.,.F.,
  .F.,(2,2),(-10.8,6.E-07),.PIECEWISE_BEZIER_KNOTS.);
#5989 = CARTESIAN_POINT('',(0.628874925495,-10.8));
#5990 = CARTESIAN_POINT('',(0.628874925495,6.E-07));
#5991 = ( GEOMETRIC_REPRESENTATION_CONTEXT(2) 
PARAMETRIC_REPRESENTATION_CONTEXT() REPRESENTATION_CONTEXT('2D SPACE',''
  ) );
#5992 = ORIENTED_EDGE('',*,*,#5993,.F.);
#5993 = EDGE_CURVE('',#5397,#5972,#5994,.T.);
#5994 = SURFACE_CURVE('',#5995,(#6000,#6007),.PCURVE_S1.);
#5995 = CIRCLE('',#5996,2.575);
#5996 = AXIS2_PLACEMENT_3D('',#5997,#5998,#5999);
#5997 = CARTESIAN_POINT('',(-50.,-57.,116.7));
#5998 = DIRECTION('',(0.,-1.,1.110223024625E-16));
#5999 = DIRECTION('',(-1.,0.,0.));
#6000 = PCURVE('',#4170,#6001);
#6001 = DEFINITIONAL_REPRESENTATION('',(#6002),#6006);
#6002 = CIRCLE('',#6003,2.575);
#6003 = AXIS2_PLACEMENT_2D('',#6004,#6005);
#6004 = CARTESIAN_POINT('',(5.1,9.));
#6005 = DIRECTION('',(-0.,-1.));
#6006 = ( GEOMETRIC_REPRESENTATION_CONTEXT(2) 
PARAMETRIC_REPRESENTATION_CONTEXT() REPRESENTATION_CONTEXT('2D SPACE',''
  ) );
#6007 = PCURVE('',#5381,#6008);
#6008 = DEFINITIONAL_REPRESENTATION('',(#6009),#6013);
#6009 = LINE('',#6010,#6011);
#6010 = CARTESIAN_POINT('',(0.,8.));
#6011 = VECTOR('',#6012,1.);
#6012 = DIRECTION('',(1.,0.));
#6013 = ( GEOMETRIC_REPRESENTATION_CONTEXT(2) 
PARAMETRIC_REPRESENTATION_CONTEXT() REPRESENTATION_CONTEXT('2D SPACE',''
  ) );
#6014 = ORIENTED_EDGE('',*,*,#5396,.F.);
#6015 = ORIENTED_EDGE('',*,*,#4153,.F.);
#6016 = ADVANCED_FACE('',(#6017),#4201,.T.);
#6017 = FACE_BOUND('',#6018,.T.);
#6018 = EDGE_LOOP('',(#6019,#6020,#6021,#6042));
#6019 = ORIENTED_EDGE('',*,*,#5949,.F.);
#6020 = ORIENTED_EDGE('',*,*,#4741,.T.);
#6021 = ORIENTED_EDGE('',*,*,#6022,.T.);
#6022 = EDGE_CURVE('',#4714,#4187,#6023,.T.);
#6023 = SURFACE_CURVE('',#6024,(#6028,#6035),.PCURVE_S1.);
#6024 = LINE('',#6025,#6026);
#6025 = CARTESIAN_POINT('',(-59.,-55.,121.8));
#6026 = VECTOR('',#6027,1.);
#6027 = DIRECTION('',(1.,0.,0.));
#6028 = PCURVE('',#4201,#6029);
#6029 = DEFINITIONAL_REPRESENTATION('',(#6030),#6034);
#6030 = LINE('',#6031,#6032);
#6031 = CARTESIAN_POINT('',(0.,0.));
#6032 = VECTOR('',#6033,1.);
#6033 = DIRECTION('',(1.,0.));
#6034 = ( GEOMETRIC_REPRESENTATION_CONTEXT(2) 
PARAMETRIC_REPRESENTATION_CONTEXT() REPRESENTATION_CONTEXT('2D SPACE',''
  ) );
#6035 = PCURVE('',#4230,#6036);
#6036 = DEFINITIONAL_REPRESENTATION('',(#6037),#6041);
#6037 = LINE('',#6038,#6039);
#6038 = CARTESIAN_POINT('',(0.,0.));
#6039 = VECTOR('',#6040,1.);
#6040 = DIRECTION('',(0.,1.));
#6041 = ( GEOMETRIC_REPRESENTATION_CONTEXT(2) 
PARAMETRIC_REPRESENTATION_CONTEXT() REPRESENTATION_CONTEXT('2D SPACE',''
  ) );
#6042 = ORIENTED_EDGE('',*,*,#4186,.F.);
#6043 = ADVANCED_FACE('',(#6044),#4230,.T.);
#6044 = FACE_BOUND('',#6045,.T.);
#6045 = EDGE_LOOP('',(#6046,#6047,#6048,#6070,#6092,#6093));
#6046 = ORIENTED_EDGE('',*,*,#6022,.F.);
#6047 = ORIENTED_EDGE('',*,*,#4713,.F.);
#6048 = ORIENTED_EDGE('',*,*,#6049,.T.);
#6049 = EDGE_CURVE('',#4556,#6050,#6052,.T.);
#6050 = VERTEX_POINT('',#6051);
#6051 = CARTESIAN_POINT('',(-52.17729763698,-55.,118.07477270848));
#6052 = SURFACE_CURVE('',#6053,(#6057,#6064),.PCURVE_S1.);
#6053 = LINE('',#6054,#6055);
#6054 = CARTESIAN_POINT('',(-50.,-55.,118.07477270848));
#6055 = VECTOR('',#6056,1.);
#6056 = DIRECTION('',(1.,0.,0.));
#6057 = PCURVE('',#4230,#6058);
#6058 = DEFINITIONAL_REPRESENTATION('',(#6059),#6063);
#6059 = LINE('',#6060,#6061);
#6060 = CARTESIAN_POINT('',(3.725227291513,9.));
#6061 = VECTOR('',#6062,1.);
#6062 = DIRECTION('',(0.,1.));
#6063 = ( GEOMETRIC_REPRESENTATION_CONTEXT(2) 
PARAMETRIC_REPRESENTATION_CONTEXT() REPRESENTATION_CONTEXT('2D SPACE',''
  ) );
#6064 = PCURVE('',#4681,#6065);
#6065 = DEFINITIONAL_REPRESENTATION('',(#6066),#6069);
#6066 = B_SPLINE_CURVE_WITH_KNOTS('',1,(#6067,#6068),.UNSPECIFIED.,.F.,
  .F.,(2,2),(-10.8,6.E-07),.PIECEWISE_BEZIER_KNOTS.);
#6067 = CARTESIAN_POINT('',(5.654310381685,-10.8));
#6068 = CARTESIAN_POINT('',(5.654310381685,6.E-07));
#6069 = ( GEOMETRIC_REPRESENTATION_CONTEXT(2) 
PARAMETRIC_REPRESENTATION_CONTEXT() REPRESENTATION_CONTEXT('2D SPACE',''
  ) );
#6070 = ORIENTED_EDGE('',*,*,#6071,.F.);
#6071 = EDGE_CURVE('',#5037,#6050,#6072,.T.);
#6072 = SURFACE_CURVE('',#6073,(#6078,#6085),.PCURVE_S1.);
#6073 = CIRCLE('',#6074,2.575);
#6074 = AXIS2_PLACEMENT_3D('',#6075,#6076,#6077);
#6075 = CARTESIAN_POINT('',(-50.,-55.,116.7));
#6076 = DIRECTION('',(0.,-1.,1.110223024625E-16));
#6077 = DIRECTION('',(-1.,0.,0.));
#6078 = PCURVE('',#4230,#6079);
#6079 = DEFINITIONAL_REPRESENTATION('',(#6080),#6084);
#6080 = CIRCLE('',#6081,2.575);
#6081 = AXIS2_PLACEMENT_2D('',#6082,#6083);
#6082 = CARTESIAN_POINT('',(5.1,9.));
#6083 = DIRECTION('',(-0.,-1.));
#6084 = ( GEOMETRIC_REPRESENTATION_CONTEXT(2) 
PARAMETRIC_REPRESENTATION_CONTEXT() REPRESENTATION_CONTEXT('2D SPACE',''
  ) );
#6085 = PCURVE('',#5019,#6086);
#6086 = DEFINITIONAL_REPRESENTATION('',(#6087),#6091);
#6087 = LINE('',#6088,#6089);
#6088 = CARTESIAN_POINT('',(0.,6.));
#6089 = VECTOR('',#6090,1.);
#6090 = DIRECTION('',(1.,0.));
#6091 = ( GEOMETRIC_REPRESENTATION_CONTEXT(2) 
PARAMETRIC_REPRESENTATION_CONTEXT() REPRESENTATION_CONTEXT('2D SPACE',''
  ) );
#6092 = ORIENTED_EDGE('',*,*,#5176,.F.);
#6093 = ORIENTED_EDGE('',*,*,#4213,.F.);
#6094 = ADVANCED_FACE('',(#6095),#4456,.F.);
#6095 = FACE_BOUND('',#6096,.F.);
#6096 = EDGE_LOOP('',(#6097,#6194,#6215,#6216,#6217,#6312));
#6097 = ORIENTED_EDGE('',*,*,#6098,.F.);
#6098 = EDGE_CURVE('',#6099,#6101,#6103,.T.);
#6099 = VERTEX_POINT('',#6100);
#6100 = CARTESIAN_POINT('',(-52.56234755644,-74.,118.4));
#6101 = VERTEX_POINT('',#6102);
#6102 = CARTESIAN_POINT('',(-53.075,-75.7,116.7));
#6103 = SURFACE_CURVE('',#6104,(#6132,#6163),.PCURVE_S1.);
#6104 = B_SPLINE_CURVE_WITH_KNOTS('',6,(#6105,#6106,#6107,#6108,#6109,
    #6110,#6111,#6112,#6113,#6114,#6115,#6116,#6117,#6118,#6119,#6120,
    #6121,#6122,#6123,#6124,#6125,#6126,#6127,#6128,#6129,#6130,#6131),
  .UNSPECIFIED.,.F.,.F.,(7,5,5,5,5,7),(0.,0.196541426088,0.385223490074,
    0.576415179047,0.75357965119,1.),.UNSPECIFIED.);
#6105 = CARTESIAN_POINT('',(-52.56234755644,-74.,118.4));
#6106 = CARTESIAN_POINT('',(-52.56234755644,-74.08035662685,118.4));
#6107 = CARTESIAN_POINT('',(-52.56537114906,-74.16066930479,
    118.39544190148));
#6108 = CARTESIAN_POINT('',(-52.57141427678,-74.24065704641,
    118.38633542748));
#6109 = CARTESIAN_POINT('',(-52.58036916229,-74.32002538346,
    118.37270391948));
#6110 = CARTESIAN_POINT('',(-52.59203400795,-74.3984662671,
    118.35459641421));
#6111 = CARTESIAN_POINT('',(-52.61964799958,-74.54976290268,
    118.31050263159));
#6112 = CARTESIAN_POINT('',(-52.63540785773,-74.622718359,
    118.28486000824));
#6113 = CARTESIAN_POINT('',(-52.65317475243,-74.6943689965,
    118.25521078646));
#6114 = CARTESIAN_POINT('',(-52.67268049002,-74.76453847198,
    118.22158025166));
#6115 = CARTESIAN_POINT('',(-52.69362458801,-74.83302803071,
    118.18398878879));
#6116 = CARTESIAN_POINT('',(-52.73803412739,-74.96708782639,
    118.100380118));
#6117 = CARTESIAN_POINT('',(-52.76153608323,-75.03262750645,
    118.05424510255));
#6118 = CARTESIAN_POINT('',(-52.78587836745,-75.09607778818,
    118.00402591573));
#6119 = CARTESIAN_POINT('',(-52.81072879274,-75.15723106887,
    117.9496767823));
#6120 = CARTESIAN_POINT('',(-52.83573037643,-75.21582602587,
    117.89113992205));
#6121 = CARTESIAN_POINT('',(-52.88344958801,-75.32317631264,
    117.77016612945));
#6122 = CARTESIAN_POINT('',(-52.9062147812,-75.37237095633,
    117.70829322468));
#6123 = CARTESIAN_POINT('',(-52.92847112023,-75.41883160139,
    117.64271069787));
#6124 = CARTESIAN_POINT('',(-52.9498696189,-75.4622200865,117.5734177892
    ));
#6125 = CARTESIAN_POINT('',(-52.97004001203,-75.50215447966,
    117.50043815322));
#6126 = CARTESIAN_POINT('',(-53.0144044085,-75.58835049867,
    117.31726228871));
#6127 = CARTESIAN_POINT('',(-53.03727234678,-75.63133859661,
    117.20291346488));
#6128 = CARTESIAN_POINT('',(-53.05571365363,-75.66511347898,
    117.08222094196));
#6129 = CARTESIAN_POINT('',(-53.06852038195,-75.68827975524,
    116.95690678761));
#6130 = CARTESIAN_POINT('',(-53.075,-75.7,116.8288551415));
#6131 = CARTESIAN_POINT('',(-53.075,-75.7,116.7));
#6132 = PCURVE('',#4456,#6133);
#6133 = DEFINITIONAL_REPRESENTATION('',(#6134),#6162);
#6134 = B_SPLINE_CURVE_WITH_KNOTS('',6,(#6135,#6136,#6137,#6138,#6139,
    #6140,#6141,#6142,#6143,#6144,#6145,#6146,#6147,#6148,#6149,#6150,
    #6151,#6152,#6153,#6154,#6155,#6156,#6157,#6158,#6159,#6160,#6161),
  .UNSPECIFIED.,.F.,.F.,(7,5,5,5,5,7),(0.,0.196541426088,0.385223490074,
    0.576415179047,0.75357965119,1.),.UNSPECIFIED.);
#6135 = CARTESIAN_POINT('',(0.,-2.562347556441));
#6136 = CARTESIAN_POINT('',(4.726860403328E-02,-2.562347556441));
#6137 = CARTESIAN_POINT('',(9.451144990171E-02,-2.565371149066));
#6138 = CARTESIAN_POINT('',(0.141752909584,-2.571414276788));
#6139 = CARTESIAN_POINT('',(0.189009671646,-2.580369162297));
#6140 = CARTESIAN_POINT('',(0.236288590779,-2.592034007957));
#6141 = CARTESIAN_POINT('',(0.328989198278,-2.619647999582));
#6142 = CARTESIAN_POINT('',(0.374410586538,-2.635407857736));
#6143 = CARTESIAN_POINT('',(0.419922858087,-2.653174752434));
#6144 = CARTESIAN_POINT('',(0.465591805973,-2.672680490027));
#6145 = CARTESIAN_POINT('',(0.511478042316,-2.693624588014));
#6146 = CARTESIAN_POINT('',(0.60441631228,-2.738034127397));
#6147 = CARTESIAN_POINT('',(0.6514896565,-2.761536083232));
#6148 = CARTESIAN_POINT('',(0.698975930978,-2.785878367454));
#6149 = CARTESIAN_POINT('',(0.746981303198,-2.810728792744));
#6150 = CARTESIAN_POINT('',(0.79561383246,-2.835730376432));
#6151 = CARTESIAN_POINT('',(0.890753035817,-2.883449588013));
#6152 = CARTESIAN_POINT('',(0.937183032051,-2.906214781202));
#6153 = CARTESIAN_POINT('',(0.98435053534,-2.928471120233));
#6154 = CARTESIAN_POINT('',(1.032320904731,-2.949869618901));
#6155 = CARTESIAN_POINT('',(1.081166399593,-2.970040012035));
#6156 = CARTESIAN_POINT('',(1.200250492227,-3.014404408504));
#6157 = CARTESIAN_POINT('',(1.271879434759,-3.037272346786));
#6158 = CARTESIAN_POINT('',(1.345176235955,-3.055713653632));
#6159 = CARTESIAN_POINT('',(1.419674781664,-3.068520381958));
#6160 = CARTESIAN_POINT('',(1.494999184736,-3.075));
#6161 = CARTESIAN_POINT('',(1.570796326795,-3.075));
#6162 = ( GEOMETRIC_REPRESENTATION_CONTEXT(2) 
PARAMETRIC_REPRESENTATION_CONTEXT() REPRESENTATION_CONTEXT('2D SPACE',''
  ) );
#6163 = PCURVE('',#5801,#6164);
#6164 = DEFINITIONAL_REPRESENTATION('',(#6165),#6193);
#6165 = B_SPLINE_CURVE_WITH_KNOTS('',6,(#6166,#6167,#6168,#6169,#6170,
    #6171,#6172,#6173,#6174,#6175,#6176,#6177,#6178,#6179,#6180,#6181,
    #6182,#6183,#6184,#6185,#6186,#6187,#6188,#6189,#6190,#6191,#6192),
  .UNSPECIFIED.,.F.,.F.,(7,5,5,5,5,7),(0.,0.196541426088,0.385223490074,
    0.576415179047,0.75357965119,1.),.UNSPECIFIED.);
#6166 = CARTESIAN_POINT('',(0.5857752222,7.));
#6167 = CARTESIAN_POINT('',(0.5857752222,6.919643373143));
#6168 = CARTESIAN_POINT('',(0.583996471416,6.839330695202));
#6169 = CARTESIAN_POINT('',(0.580442156316,6.759342953581));
#6170 = CARTESIAN_POINT('',(0.575138351879,6.679974616539));
#6171 = CARTESIAN_POINT('',(0.568134173096,6.601533732897));
#6172 = CARTESIAN_POINT('',(0.551214868914,6.45023709732));
#6173 = CARTESIAN_POINT('',(0.541427100458,6.377281640996));
#6174 = CARTESIAN_POINT('',(0.530187588887,6.305631003495));
#6175 = CARTESIAN_POINT('',(0.517546749385,6.235461528019));
#6176 = CARTESIAN_POINT('',(0.50355534122,6.166971969283));
#6177 = CARTESIAN_POINT('',(0.472767991893,6.032912173606));
#6178 = CARTESIAN_POINT('',(0.455932662276,5.967372493549));
#6179 = CARTESIAN_POINT('',(0.437789401746,5.903922211818));
#6180 = CARTESIAN_POINT('',(0.418363377867,5.842768931127));
#6181 = CARTESIAN_POINT('',(0.397671433225,5.784173974123));
#6182 = CARTESIAN_POINT('',(0.355380276757,5.676823687356));
#6183 = CARTESIAN_POINT('',(0.333945999295,5.627629043661));
#6184 = CARTESIAN_POINT('',(0.311435082982,5.581168398602));
#6185 = CARTESIAN_POINT('',(0.287865611835,5.537779913495));
#6186 = CARTESIAN_POINT('',(0.26325524541,5.497845520339));
#6187 = CARTESIAN_POINT('',(0.201963622445,5.411649501322));
#6188 = CARTESIAN_POINT('',(0.164071319892,5.368661403387));
#6189 = CARTESIAN_POINT('',(0.124431649808,5.33488652102));
#6190 = CARTESIAN_POINT('',(8.354699693938E-02,5.311720244751));
#6191 = CARTESIAN_POINT('',(4.190411105695E-02,5.3));
#6192 = CARTESIAN_POINT('',(0.,5.3));
#6193 = ( GEOMETRIC_REPRESENTATION_CONTEXT(2) 
PARAMETRIC_REPRESENTATION_CONTEXT() REPRESENTATION_CONTEXT('2D SPACE',''
  ) );
#6194 = ORIENTED_EDGE('',*,*,#6195,.T.);
#6195 = EDGE_CURVE('',#6099,#4331,#6196,.T.);
#6196 = SEAM_CURVE('',#6197,(#6201,#6208),.PCURVE_S1.);
#6197 = LINE('',#6198,#6199);
#6198 = CARTESIAN_POINT('',(-50.,-74.,118.4));
#6199 = VECTOR('',#6200,1.);
#6200 = DIRECTION('',(-1.,0.,-0.));
#6201 = PCURVE('',#4456,#6202);
#6202 = DEFINITIONAL_REPRESENTATION('',(#6203),#6207);
#6203 = LINE('',#6204,#6205);
#6204 = CARTESIAN_POINT('',(4.138911435803E-13,0.));
#6205 = VECTOR('',#6206,1.);
#6206 = DIRECTION('',(0.,-1.));
#6207 = ( GEOMETRIC_REPRESENTATION_CONTEXT(2) 
PARAMETRIC_REPRESENTATION_CONTEXT() REPRESENTATION_CONTEXT('2D SPACE',''
  ) );
#6208 = PCURVE('',#4456,#6209);
#6209 = DEFINITIONAL_REPRESENTATION('',(#6210),#6214);
#6210 = LINE('',#6211,#6212);
#6211 = CARTESIAN_POINT('',(6.28318530718,0.));
#6212 = VECTOR('',#6213,1.);
#6213 = DIRECTION('',(0.,-1.));
#6214 = ( GEOMETRIC_REPRESENTATION_CONTEXT(2) 
PARAMETRIC_REPRESENTATION_CONTEXT() REPRESENTATION_CONTEXT('2D SPACE',''
  ) );
#6215 = ORIENTED_EDGE('',*,*,#4330,.T.);
#6216 = ORIENTED_EDGE('',*,*,#6195,.F.);
#6217 = ORIENTED_EDGE('',*,*,#6218,.F.);
#6218 = EDGE_CURVE('',#6219,#6099,#6221,.T.);
#6219 = VERTEX_POINT('',#6220);
#6220 = CARTESIAN_POINT('',(-53.075,-72.3,116.7));
#6221 = SURFACE_CURVE('',#6222,(#6250,#6281),.PCURVE_S1.);
#6222 = B_SPLINE_CURVE_WITH_KNOTS('',6,(#6223,#6224,#6225,#6226,#6227,
    #6228,#6229,#6230,#6231,#6232,#6233,#6234,#6235,#6236,#6237,#6238,
    #6239,#6240,#6241,#6242,#6243,#6244,#6245,#6246,#6247,#6248,#6249),
  .UNSPECIFIED.,.F.,.F.,(7,5,5,5,5,7),(0.,0.246440878874,0.421300372263,
    0.614879878093,0.804439350407,1.),.UNSPECIFIED.);
#6223 = CARTESIAN_POINT('',(-53.075,-72.3,116.7));
#6224 = CARTESIAN_POINT('',(-53.075,-72.3,116.82886295698));
#6225 = CARTESIAN_POINT('',(-53.06851959209,-72.3117216653,
    116.95691175822));
#6226 = CARTESIAN_POINT('',(-53.05571332253,-72.33488713919,
    117.0822178358));
#6227 = CARTESIAN_POINT('',(-53.03727386095,-72.36865875083,
    117.20290298759));
#6228 = CARTESIAN_POINT('',(-53.01440711869,-72.41164423565,
    117.3172510986));
#6229 = CARTESIAN_POINT('',(-52.97028102797,-72.49737724811,
    117.49944302409));
#6230 = CARTESIAN_POINT('',(-52.95039285146,-72.53674410182,
    117.57152329892));
#6231 = CARTESIAN_POINT('',(-52.92930301096,-72.57948205449,
    117.64001316389));
#6232 = CARTESIAN_POINT('',(-52.90736814436,-72.62522263322,
    117.70488824822));
#6233 = CARTESIAN_POINT('',(-52.88492487352,-72.67363850239,
    117.76614770329));
#6234 = CARTESIAN_POINT('',(-52.83722190142,-72.78068134892,
    117.88764471575));
#6235 = CARTESIAN_POINT('',(-52.81190026806,-72.83988618724,
    117.94711600311));
#6236 = CARTESIAN_POINT('',(-52.78672064785,-72.90172313823,
    118.00229187243));
#6237 = CARTESIAN_POINT('',(-52.76205419101,-72.9659195972,
    118.05323262023));
#6238 = CARTESIAN_POINT('',(-52.73824588854,-73.03225965538,
    118.09998607524));
#6239 = CARTESIAN_POINT('',(-52.69345913721,-73.16748445194,
    118.1842957273));
#6240 = CARTESIAN_POINT('',(-52.67242559709,-73.23630785993,
    118.22203496554));
#6241 = CARTESIAN_POINT('',(-52.65284600357,-73.30682572445,
    118.25577600897));
#6242 = CARTESIAN_POINT('',(-52.6350250348,-73.37883630943,
    118.28549801946));
#6243 = CARTESIAN_POINT('',(-52.61923436217,-73.45216067324,
    118.31117524636));
#6244 = CARTESIAN_POINT('',(-52.59174535933,-73.60347973715,
    118.35504443282));
#6245 = CARTESIAN_POINT('',(-52.58019191418,-73.68154946692,
    118.37297370304));
#6246 = CARTESIAN_POINT('',(-52.57132453807,-73.76053339991,
    118.38647065042));
#6247 = CARTESIAN_POINT('',(-52.56534119673,-73.84012787071,
    118.39548706789));
#6248 = CARTESIAN_POINT('',(-52.56234755644,-73.92004247923,118.4));
#6249 = CARTESIAN_POINT('',(-52.56234755644,-74.,118.4));
#6250 = PCURVE('',#4456,#6251);
#6251 = DEFINITIONAL_REPRESENTATION('',(#6252),#6280);
#6252 = B_SPLINE_CURVE_WITH_KNOTS('',6,(#6253,#6254,#6255,#6256,#6257,
    #6258,#6259,#6260,#6261,#6262,#6263,#6264,#6265,#6266,#6267,#6268,
    #6269,#6270,#6271,#6272,#6273,#6274,#6275,#6276,#6277,#6278,#6279),
  .UNSPECIFIED.,.F.,.F.,(7,5,5,5,5,7),(0.,0.246440878874,0.421300372263,
    0.614879878093,0.804439350407,1.),.UNSPECIFIED.);
#6253 = CARTESIAN_POINT('',(4.712388980385,-3.075));
#6254 = CARTESIAN_POINT('',(4.788190719789,-3.075));
#6255 = CARTESIAN_POINT('',(4.863513447021,-3.068519592098));
#6256 = CARTESIAN_POINT('',(4.938007391398,-3.05571332253));
#6257 = CARTESIAN_POINT('',(5.011299626345,-3.037273860953));
#6258 = CARTESIAN_POINT('',(5.082927540176,-3.014407118699));
#6259 = CARTESIAN_POINT('',(5.201371966196,-2.970281027974));
#6260 = CARTESIAN_POINT('',(5.249596622965,-2.950392851465));
#6261 = CARTESIAN_POINT('',(5.296968108882,-2.929303010969));
#6262 = CARTESIAN_POINT('',(5.343555279678,-2.907368144368));
#6263 = CARTESIAN_POINT('',(5.389420345914,-2.88492487352));
#6264 = CARTESIAN_POINT('',(5.484670326662,-2.837221901425));
#6265 = CARTESIAN_POINT('',(5.533941708126,-2.811900268069));
#6266 = CARTESIAN_POINT('',(5.582566095773,-2.786720647857));
#6267 = CARTESIAN_POINT('',(5.630655679767,-2.76205419101));
#6268 = CARTESIAN_POINT('',(5.678320648906,-2.738245888544));
#6269 = CARTESIAN_POINT('',(5.772058601828,-2.693459137213));
#6270 = CARTESIAN_POINT('',(5.818157820454,-2.672425597098));
#6271 = CARTESIAN_POINT('',(5.864038242645,-2.652846003579));
#6272 = CARTESIAN_POINT('',(5.909761138752,-2.635025034804));
#6273 = CARTESIAN_POINT('',(5.95539308914,-2.619234362179));
#6274 = CARTESIAN_POINT('',(6.048069489017,-2.591745359337));
#6275 = CARTESIAN_POINT('',(6.095113259867,-2.580191914181));
#6276 = CARTESIAN_POINT('',(6.142135473402,-2.571324538078));
#6277 = CARTESIAN_POINT('',(6.18914278711,-2.565341196739));
#6278 = CARTESIAN_POINT('',(6.236151471433,-2.562347556441));
#6279 = CARTESIAN_POINT('',(6.28318530718,-2.562347556441));
#6280 = ( GEOMETRIC_REPRESENTATION_CONTEXT(2) 
PARAMETRIC_REPRESENTATION_CONTEXT() REPRESENTATION_CONTEXT('2D SPACE',''
  ) );
#6281 = PCURVE('',#5801,#6282);
#6282 = DEFINITIONAL_REPRESENTATION('',(#6283),#6311);
#6283 = B_SPLINE_CURVE_WITH_KNOTS('',6,(#6284,#6285,#6286,#6287,#6288,
    #6289,#6290,#6291,#6292,#6293,#6294,#6295,#6296,#6297,#6298,#6299,
    #6300,#6301,#6302,#6303,#6304,#6305,#6306,#6307,#6308,#6309,#6310),
  .UNSPECIFIED.,.F.,.F.,(7,5,5,5,5,7),(0.,0.246440878874,0.421300372263,
    0.614879878093,0.804439350407,1.),.UNSPECIFIED.);
#6284 = CARTESIAN_POINT('',(0.,8.7));
#6285 = CARTESIAN_POINT('',(4.190665267859E-02,8.7));
#6286 = CARTESIAN_POINT('',(8.354861511568E-02,8.6882783347));
#6287 = CARTESIAN_POINT('',(0.124430660823,8.665112860809));
#6288 = CARTESIAN_POINT('',(0.164067896505,8.63134124917));
#6289 = CARTESIAN_POINT('',(0.201959878176,8.588355764342));
#6290 = CARTESIAN_POINT('',(0.262922269889,8.502622751881));
#6291 = CARTESIAN_POINT('',(0.287226775765,8.463255898171));
#6292 = CARTESIAN_POINT('',(0.310517638734,8.420517945506));
#6293 = CARTESIAN_POINT('',(0.332777474238,8.374777366772));
#6294 = CARTESIAN_POINT('',(0.353988556355,8.326361497601));
#6295 = CARTESIAN_POINT('',(0.396436111902,8.219318651079));
#6296 = CARTESIAN_POINT('',(0.417448010322,8.160113812754));
#6297 = CARTESIAN_POINT('',(0.437162681253,8.098276861763));
#6298 = CARTESIAN_POINT('',(0.455562851365,8.0340804028));
#6299 = CARTESIAN_POINT('',(0.472622517391,7.967740344615));
#6300 = CARTESIAN_POINT('',(0.503668734465,7.832515548054));
#6301 = CARTESIAN_POINT('',(0.517716241348,7.763692140064));
#6302 = CARTESIAN_POINT('',(0.530400194251,7.693174275544));
#6303 = CARTESIAN_POINT('',(0.54166904486,7.621163690562));
#6304 = CARTESIAN_POINT('',(0.551471648508,7.547839326757));
#6305 = CARTESIAN_POINT('',(0.56830747708,7.39652026285));
#6306 = CARTESIAN_POINT('',(0.575243324887,7.318450533079));
#6307 = CARTESIAN_POINT('',(0.580494935716,7.239466600086));
#6308 = CARTESIAN_POINT('',(0.584014094986,7.15987212929));
#6309 = CARTESIAN_POINT('',(0.5857752222,7.07995752077));
#6310 = CARTESIAN_POINT('',(0.5857752222,7.));
#6311 = ( GEOMETRIC_REPRESENTATION_CONTEXT(2) 
PARAMETRIC_REPRESENTATION_CONTEXT() REPRESENTATION_CONTEXT('2D SPACE',''
  ) );
#6312 = ORIENTED_EDGE('',*,*,#6313,.F.);
#6313 = EDGE_CURVE('',#6101,#6219,#6314,.T.);
#6314 = SURFACE_CURVE('',#6315,(#6368,#6424),.PCURVE_S1.);
#6315 = B_SPLINE_CURVE_WITH_KNOTS('',6,(#6316,#6317,#6318,#6319,#6320,
    #6321,#6322,#6323,#6324,#6325,#6326,#6327,#6328,#6329,#6330,#6331,
    #6332,#6333,#6334,#6335,#6336,#6337,#6338,#6339,#6340,#6341,#6342,
    #6343,#6344,#6345,#6346,#6347,#6348,#6349,#6350,#6351,#6352,#6353,
    #6354,#6355,#6356,#6357,#6358,#6359,#6360,#6361,#6362,#6363,#6364,
    #6365,#6366,#6367),.UNSPECIFIED.,.F.,.F.,(7,5,5,5,5,5,5,5,5,5,7),(0.
    ,0.123212825288,0.210637169438,0.307420941418,0.402194820846,
    0.499969103497,0.598231424184,0.692564399415,0.823641936572,
    0.876746935223,1.),.UNSPECIFIED.);
#6316 = CARTESIAN_POINT('',(-53.075,-75.7,116.7));
#6317 = CARTESIAN_POINT('',(-53.075,-75.7,116.57113704301));
#6318 = CARTESIAN_POINT('',(-53.06851959209,-75.6882783347,
    116.44308824177));
#6319 = CARTESIAN_POINT('',(-53.05571332253,-75.6651128608,
    116.31778216419));
#6320 = CARTESIAN_POINT('',(-53.03727386095,-75.63134124917,
    116.1970970124));
#6321 = CARTESIAN_POINT('',(-53.01440711869,-75.58835576434,
    116.08274890139));
#6322 = CARTESIAN_POINT('',(-52.97028102797,-75.50262275188,
    115.9005569759));
#6323 = CARTESIAN_POINT('',(-52.95039285146,-75.46325589817,
    115.82847670107));
#6324 = CARTESIAN_POINT('',(-52.92930301096,-75.4205179455,
    115.75998683609));
#6325 = CARTESIAN_POINT('',(-52.90736814436,-75.37477736677,
    115.69511175177));
#6326 = CARTESIAN_POINT('',(-52.88492487352,-75.3263614976,
    115.6338522967));
#6327 = CARTESIAN_POINT('',(-52.83722190142,-75.21931865107,
    115.51235528425));
#6328 = CARTESIAN_POINT('',(-52.81190026806,-75.16011381275,
    115.45288399688));
#6329 = CARTESIAN_POINT('',(-52.78672064785,-75.09827686176,
    115.39770812756));
#6330 = CARTESIAN_POINT('',(-52.76205419101,-75.0340804028,
    115.34676737976));
#6331 = CARTESIAN_POINT('',(-52.73824588854,-74.96774034461,
    115.30001392475));
#6332 = CARTESIAN_POINT('',(-52.69345913721,-74.83251554805,
    115.21570427269));
#6333 = CARTESIAN_POINT('',(-52.67242559709,-74.76369214006,
    115.17796503445));
#6334 = CARTESIAN_POINT('',(-52.65284600357,-74.69317427554,
    115.14422399102));
#6335 = CARTESIAN_POINT('',(-52.6350250348,-74.62116369056,
    115.11450198053));
#6336 = CARTESIAN_POINT('',(-52.61923436217,-74.54783932675,
    115.08882475363));
#6337 = CARTESIAN_POINT('',(-52.59174535933,-74.39652026285,
    115.04495556717));
#6338 = CARTESIAN_POINT('',(-52.58019191418,-74.31845053307,
    115.02702629695));
#6339 = CARTESIAN_POINT('',(-52.57132453807,-74.23946660008,
    115.01352934957));
#6340 = CARTESIAN_POINT('',(-52.56534119673,-74.15987212929,
    115.0045129321));
#6341 = CARTESIAN_POINT('',(-52.56234755644,-74.07995752076,115.));
#6342 = CARTESIAN_POINT('',(-52.56234755644,-73.91964337314,115.));
#6343 = CARTESIAN_POINT('',(-52.56537114906,-73.8393306952,
    115.00455809851));
#6344 = CARTESIAN_POINT('',(-52.57141427678,-73.75934295358,
    115.01366457252));
#6345 = CARTESIAN_POINT('',(-52.58036916229,-73.67997461653,
    115.02729608051));
#6346 = CARTESIAN_POINT('',(-52.59203400795,-73.60153373289,
    115.04540358578));
#6347 = CARTESIAN_POINT('',(-52.61964799958,-73.45023709732,
    115.0894973684));
#6348 = CARTESIAN_POINT('',(-52.63540785773,-73.37728164099,
    115.11513999175));
#6349 = CARTESIAN_POINT('',(-52.65317475243,-73.30563100349,
    115.14478921353));
#6350 = CARTESIAN_POINT('',(-52.67268049002,-73.23546152801,
    115.17841974833));
#6351 = CARTESIAN_POINT('',(-52.69362458801,-73.16697196928,
    115.2160112112));
#6352 = CARTESIAN_POINT('',(-52.74633279389,-73.00786085465,
    115.31524356297));
#6353 = CARTESIAN_POINT('',(-52.7791449388,-72.91897620212,
    115.38056997809));
#6354 = CARTESIAN_POINT('',(-52.81331641656,-72.8341382662,
    115.45358531781));
#6355 = CARTESIAN_POINT('',(-52.8479795613,-72.75390813463,
    115.53444684849));
#6356 = CARTESIAN_POINT('',(-52.88216750091,-72.67906016496,
    115.62333165924));
#6357 = CARTESIAN_POINT('',(-52.92799259903,-72.58292221684,
    115.75967856645));
#6358 = CARTESIAN_POINT('',(-52.94094831689,-72.55625518923,
    115.80033322551));
#6359 = CARTESIAN_POINT('',(-52.95356818212,-72.53072148975,
    115.84232324993));
#6360 = CARTESIAN_POINT('',(-52.96577141032,-72.50640639008,
    115.88563773551));
#6361 = CARTESIAN_POINT('',(-52.97747534018,-72.48339934868,
    115.93026152423));
#6362 = CARTESIAN_POINT('',(-53.0144044085,-72.41164950132,
    116.08273771128));
#6363 = CARTESIAN_POINT('',(-53.03727234678,-72.36866140338,
    116.19708653512));
#6364 = CARTESIAN_POINT('',(-53.05571365363,-72.33488652102,
    116.31777905803));
#6365 = CARTESIAN_POINT('',(-53.06852038195,-72.31172024475,
    116.44309321238));
#6366 = CARTESIAN_POINT('',(-53.075,-72.3,116.5711448585));
#6367 = CARTESIAN_POINT('',(-53.075,-72.3,116.7));
#6368 = PCURVE('',#4456,#6369);
#6369 = DEFINITIONAL_REPRESENTATION('',(#6370),#6423);
#6370 = B_SPLINE_CURVE_WITH_KNOTS('',6,(#6371,#6372,#6373,#6374,#6375,
    #6376,#6377,#6378,#6379,#6380,#6381,#6382,#6383,#6384,#6385,#6386,
    #6387,#6388,#6389,#6390,#6391,#6392,#6393,#6394,#6395,#6396,#6397,
    #6398,#6399,#6400,#6401,#6402,#6403,#6404,#6405,#6406,#6407,#6408,
    #6409,#6410,#6411,#6412,#6413,#6414,#6415,#6416,#6417,#6418,#6419,
    #6420,#6421,#6422),.UNSPECIFIED.,.F.,.F.,(7,5,5,5,5,5,5,5,5,5,7),(0.
    ,0.123212825288,0.210637169438,0.307420941418,0.402194820846,
    0.499969103497,0.598231424184,0.692564399415,0.823641936572,
    0.876746935223,1.),.UNSPECIFIED.);
#6371 = CARTESIAN_POINT('',(1.570796326795,-3.075));
#6372 = CARTESIAN_POINT('',(1.646598066199,-3.075));
#6373 = CARTESIAN_POINT('',(1.721920793431,-3.068519592098));
#6374 = CARTESIAN_POINT('',(1.796414737808,-3.05571332253));
#6375 = CARTESIAN_POINT('',(1.869706972755,-3.037273860953));
#6376 = CARTESIAN_POINT('',(1.941334886586,-3.014407118699));
#6377 = CARTESIAN_POINT('',(2.059779312602,-2.970281027975));
#6378 = CARTESIAN_POINT('',(2.108003969376,-2.950392851465));
#6379 = CARTESIAN_POINT('',(2.155375455295,-2.929303010967));
#6380 = CARTESIAN_POINT('',(2.201962626089,-2.907368144368));
#6381 = CARTESIAN_POINT('',(2.24782769232,-2.884924873522));
#6382 = CARTESIAN_POINT('',(2.343077673072,-2.837221901425));
#6383 = CARTESIAN_POINT('',(2.392349054536,-2.811900268069));
#6384 = CARTESIAN_POINT('',(2.440973442183,-2.786720647857));
#6385 = CARTESIAN_POINT('',(2.489063026177,-2.76205419101));
#6386 = CARTESIAN_POINT('',(2.536727995316,-2.738245888544));
#6387 = CARTESIAN_POINT('',(2.630465948238,-2.693459137213));
#6388 = CARTESIAN_POINT('',(2.676565166864,-2.672425597098));
#6389 = CARTESIAN_POINT('',(2.722445589056,-2.652846003579));
#6390 = CARTESIAN_POINT('',(2.768168485162,-2.635025034804));
#6391 = CARTESIAN_POINT('',(2.81380043555,-2.619234362179));
#6392 = CARTESIAN_POINT('',(2.906476835427,-2.591745359337));
#6393 = CARTESIAN_POINT('',(2.953520606278,-2.580191914181));
#6394 = CARTESIAN_POINT('',(3.000542819812,-2.571324538078));
#6395 = CARTESIAN_POINT('',(3.04755013352,-2.565341196739));
#6396 = CARTESIAN_POINT('',(3.094558817843,-2.562347556441));
#6397 = CARTESIAN_POINT('',(3.188861257623,-2.562347556441));
#6398 = CARTESIAN_POINT('',(3.236104103491,-2.565371149066));
#6399 = CARTESIAN_POINT('',(3.283345563173,-2.571414276788));
#6400 = CARTESIAN_POINT('',(3.330602325236,-2.580369162297));
#6401 = CARTESIAN_POINT('',(3.377881244369,-2.592034007957));
#6402 = CARTESIAN_POINT('',(3.470581851867,-2.619647999582));
#6403 = CARTESIAN_POINT('',(3.516003240128,-2.635407857736));
#6404 = CARTESIAN_POINT('',(3.561515511677,-2.653174752434));
#6405 = CARTESIAN_POINT('',(3.607184459563,-2.672680490027));
#6406 = CARTESIAN_POINT('',(3.653070695906,-2.693624588014));
#6407 = CARTESIAN_POINT('',(3.763376038762,-2.746332793898));
#6408 = CARTESIAN_POINT('',(3.82807504066,-2.779144938801));
#6409 = CARTESIAN_POINT('',(3.893624096918,-2.813316416568));
#6410 = CARTESIAN_POINT('',(3.96030544213,-2.847979561309));
#6411 = CARTESIAN_POINT('',(4.028408591916,-2.882167500912));
#6412 = CARTESIAN_POINT('',(4.126545182303,-2.927992599035));
#6413 = CARTESIAN_POINT('',(4.155129337303,-2.940948316897));
#6414 = CARTESIAN_POINT('',(4.184011817946,-2.953568182129));
#6415 = CARTESIAN_POINT('',(4.213203645993,-2.965771410327));
#6416 = CARTESIAN_POINT('',(4.242717158713,-2.977475340188));
#6417 = CARTESIAN_POINT('',(4.341843145817,-3.014404408504));
#6418 = CARTESIAN_POINT('',(4.413472088348,-3.037272346786));
#6419 = CARTESIAN_POINT('',(4.486768889545,-3.055713653632));
#6420 = CARTESIAN_POINT('',(4.561267435254,-3.068520381958));
#6421 = CARTESIAN_POINT('',(4.636591838326,-3.075));
#6422 = CARTESIAN_POINT('',(4.712388980385,-3.075));
#6423 = ( GEOMETRIC_REPRESENTATION_CONTEXT(2) 
PARAMETRIC_REPRESENTATION_CONTEXT() REPRESENTATION_CONTEXT('2D SPACE',''
  ) );
#6424 = PCURVE('',#5801,#6425);
#6425 = DEFINITIONAL_REPRESENTATION('',(#6426),#6479);
#6426 = B_SPLINE_CURVE_WITH_KNOTS('',6,(#6427,#6428,#6429,#6430,#6431,
    #6432,#6433,#6434,#6435,#6436,#6437,#6438,#6439,#6440,#6441,#6442,
    #6443,#6444,#6445,#6446,#6447,#6448,#6449,#6450,#6451,#6452,#6453,
    #6454,#6455,#6456,#6457,#6458,#6459,#6460,#6461,#6462,#6463,#6464,
    #6465,#6466,#6467,#6468,#6469,#6470,#6471,#6472,#6473,#6474,#6475,
    #6476,#6477,#6478),.UNSPECIFIED.,.F.,.F.,(7,5,5,5,5,5,5,5,5,5,7),(0.
    ,0.123212825288,0.210637169438,0.307420941418,0.402194820846,
    0.499969103497,0.598231424184,0.692564399415,0.823641936572,
    0.876746935223,1.),.UNSPECIFIED.);
#6427 = CARTESIAN_POINT('',(6.28318530718,5.3));
#6428 = CARTESIAN_POINT('',(6.241278654501,5.3));
#6429 = CARTESIAN_POINT('',(6.199636692064,5.3117216653));
#6430 = CARTESIAN_POINT('',(6.158754646357,5.334887139191));
#6431 = CARTESIAN_POINT('',(6.119117410674,5.36865875083));
#6432 = CARTESIAN_POINT('',(6.081225429004,5.411644235658));
#6433 = CARTESIAN_POINT('',(6.020263037292,5.497377248117));
#6434 = CARTESIAN_POINT('',(5.995958531414,5.536744101829));
#6435 = CARTESIAN_POINT('',(5.972667668444,5.579482054497));
#6436 = CARTESIAN_POINT('',(5.950407832941,5.625222633229));
#6437 = CARTESIAN_POINT('',(5.929196750826,5.673638502396));
#6438 = CARTESIAN_POINT('',(5.886749195277,5.780681348921));
#6439 = CARTESIAN_POINT('',(5.865737296857,5.839886187246));
#6440 = CARTESIAN_POINT('',(5.846022625927,5.901723138237));
#6441 = CARTESIAN_POINT('',(5.827622455815,5.9659195972));
#6442 = CARTESIAN_POINT('',(5.810562789789,6.032259655385));
#6443 = CARTESIAN_POINT('',(5.779516572715,6.167484451946));
#6444 = CARTESIAN_POINT('',(5.765469065831,6.236307859936));
#6445 = CARTESIAN_POINT('',(5.752785112929,6.306825724456));
#6446 = CARTESIAN_POINT('',(5.74151626232,6.378836309438));
#6447 = CARTESIAN_POINT('',(5.731713658672,6.452160673243));
#6448 = CARTESIAN_POINT('',(5.7148778301,6.60347973715));
#6449 = CARTESIAN_POINT('',(5.707941982292,6.681549466921));
#6450 = CARTESIAN_POINT('',(5.702690371463,6.760533399914));
#6451 = CARTESIAN_POINT('',(5.699171212194,6.84012787071));
#6452 = CARTESIAN_POINT('',(5.69741008498,6.920042479231));
#6453 = CARTESIAN_POINT('',(5.69741008498,7.080356626857));
#6454 = CARTESIAN_POINT('',(5.699188835764,7.160669304798));
#6455 = CARTESIAN_POINT('',(5.702743150864,7.240657046419));
#6456 = CARTESIAN_POINT('',(5.7080469553,7.320025383461));
#6457 = CARTESIAN_POINT('',(5.715051134083,7.398466267103));
#6458 = CARTESIAN_POINT('',(5.731970438266,7.54976290268));
#6459 = CARTESIAN_POINT('',(5.741758206722,7.622718359004));
#6460 = CARTESIAN_POINT('',(5.752997718293,7.694368996505));
#6461 = CARTESIAN_POINT('',(5.765638557794,7.764538471981));
#6462 = CARTESIAN_POINT('',(5.77962996596,7.833028030717));
#6463 = CARTESIAN_POINT('',(5.81617044734,7.992139145344));
#6464 = CARTESIAN_POINT('',(5.839937795383,8.081023797873));
#6465 = CARTESIAN_POINT('',(5.866138423794,8.1658617338));
#6466 = CARTESIAN_POINT('',(5.894722000458,8.246091865364));
#6467 = CARTESIAN_POINT('',(5.925663629166,8.320939835034));
#6468 = CARTESIAN_POINT('',(5.972441399773,8.417077783158));
#6469 = CARTESIAN_POINT('',(5.98631584077,8.44374481077));
#6470 = CARTESIAN_POINT('',(6.000571483576,8.469278510241));
#6471 = CARTESIAN_POINT('',(6.01520234205,8.493593609911));
#6472 = CARTESIAN_POINT('',(6.030202337874,8.516600651318));
#6473 = CARTESIAN_POINT('',(6.081221684735,8.588350498678));
#6474 = CARTESIAN_POINT('',(6.119113987287,8.631338596613));
#6475 = CARTESIAN_POINT('',(6.158753657371,8.66511347898));
#6476 = CARTESIAN_POINT('',(6.19963831024,8.688279755249));
#6477 = CARTESIAN_POINT('',(6.241281196123,8.7));
#6478 = CARTESIAN_POINT('',(6.28318530718,8.7));
#6479 = ( GEOMETRIC_REPRESENTATION_CONTEXT(2) 
PARAMETRIC_REPRESENTATION_CONTEXT() REPRESENTATION_CONTEXT('2D SPACE',''
  ) );
#6480 = ADVANCED_FACE('',(#6481),#4913,.F.);
#6481 = FACE_BOUND('',#6482,.F.);
#6482 = EDGE_LOOP('',(#6483,#6484,#6485,#6486,#6536));
#6483 = ORIENTED_EDGE('',*,*,#5971,.F.);
#6484 = ORIENTED_EDGE('',*,*,#4787,.T.);
#6485 = ORIENTED_EDGE('',*,*,#5319,.T.);
#6486 = ORIENTED_EDGE('',*,*,#6487,.F.);
#6487 = EDGE_CURVE('',#6488,#5320,#6490,.T.);
#6488 = VERTEX_POINT('',#6489);
#6489 = CARTESIAN_POINT('',(-52.575,-57.7,116.7));
#6490 = SURFACE_CURVE('',#6491,(#6504,#6520),.PCURVE_S1.);
#6491 = B_SPLINE_CURVE_WITH_KNOTS('',6,(#6492,#6493,#6494,#6495,#6496,
    #6497,#6498,#6499,#6500,#6501,#6502,#6503),.UNSPECIFIED.,.F.,.F.,(7,
    5,7),(0.,0.415560507179,1.),.UNSPECIFIED.);
#6492 = CARTESIAN_POINT('',(-52.575,-57.7,116.7));
#6493 = CARTESIAN_POINT('',(-52.575,-57.7,116.57558725901));
#6494 = CARTESIAN_POINT('',(-52.56778644349,-57.68907395579,
    116.45211977852));
#6495 = CARTESIAN_POINT('',(-52.55356647377,-57.66753330128,
    116.33134132801));
#6496 = CARTESIAN_POINT('',(-52.53306048652,-57.63617928605,
    116.21494548873));
#6497 = CARTESIAN_POINT('',(-52.50748555515,-57.5963011688,
    116.10448351716));
#6498 = CARTESIAN_POINT('',(-52.43746604179,-57.48432605094,
    115.85612330147));
#6499 = CARTESIAN_POINT('',(-52.38929409309,-57.40527086625,
    115.72431828094));
#6500 = CARTESIAN_POINT('',(-52.3368393175,-57.31561680082,
    115.60580820945));
#6501 = CARTESIAN_POINT('',(-52.28260289121,-57.21740969315,
    115.50010185898));
#6502 = CARTESIAN_POINT('',(-52.22872188443,-57.11196594546,
    115.40667045812));
#6503 = CARTESIAN_POINT('',(-52.1772973614,-56.9999994,115.32522685507)
  );
#6504 = PCURVE('',#4913,#6505);
#6505 = DEFINITIONAL_REPRESENTATION('',(#6506),#6519);
#6506 = B_SPLINE_CURVE_WITH_KNOTS('',6,(#6507,#6508,#6509,#6510,#6511,
    #6512,#6513,#6514,#6515,#6516,#6517,#6518),.UNSPECIFIED.,.F.,.F.,(7,
    5,7),(0.,0.415560507179,1.),.UNSPECIFIED.);
#6507 = CARTESIAN_POINT('',(1.570796326795,-2.575));
#6508 = CARTESIAN_POINT('',(1.643980292079,-2.575));
#6509 = CARTESIAN_POINT('',(1.716608129675,-2.567786443491));
#6510 = CARTESIAN_POINT('',(1.788360242969,-2.553566473775));
#6511 = CARTESIAN_POINT('',(1.858890212499,-2.533060486521));
#6512 = CARTESIAN_POINT('',(1.927767102719,-2.507485555155));
#6513 = CARTESIAN_POINT('',(2.088023411007,-2.437466041797));
#6514 = CARTESIAN_POINT('',(2.177818158622,-2.389294093092));
#6515 = CARTESIAN_POINT('',(2.264521413682,-2.336839317508));
#6516 = CARTESIAN_POINT('',(2.348785271554,-2.282602891214));
#6517 = CARTESIAN_POINT('',(2.431274512622,-2.228721884432));
#6518 = CARTESIAN_POINT('',(2.51271816453,-2.177297361409));
#6519 = ( GEOMETRIC_REPRESENTATION_CONTEXT(2) 
PARAMETRIC_REPRESENTATION_CONTEXT() REPRESENTATION_CONTEXT('2D SPACE',''
  ) );
#6520 = PCURVE('',#5381,#6521);
#6521 = DEFINITIONAL_REPRESENTATION('',(#6522),#6535);
#6522 = B_SPLINE_CURVE_WITH_KNOTS('',6,(#6523,#6524,#6525,#6526,#6527,
    #6528,#6529,#6530,#6531,#6532,#6533,#6534),.UNSPECIFIED.,.F.,.F.,(7,
    5,7),(0.,0.415560507179,1.),.UNSPECIFIED.);
#6523 = CARTESIAN_POINT('',(0.,8.7));
#6524 = CARTESIAN_POINT('',(4.831562756632E-02,8.7));
#6525 = CARTESIAN_POINT('',(9.626426538503E-02,8.689073955791));
#6526 = CARTESIAN_POINT('',(0.143371103916,8.667533301286));
#6527 = CARTESIAN_POINT('',(0.189168010332,8.636179286052));
#6528 = CARTESIAN_POINT('',(0.233151473576,8.596301168804));
#6529 = CARTESIAN_POINT('',(0.333361850072,8.484326050945));
#6530 = CARTESIAN_POINT('',(0.387704104072,8.40527086625));
#6531 = CARTESIAN_POINT('',(0.437889804679,8.315616800827));
#6532 = CARTESIAN_POINT('',(0.483939992537,8.217409693152));
#6533 = CARTESIAN_POINT('',(0.52579156592,8.111965945468));
#6534 = CARTESIAN_POINT('',(0.563197390446,7.9999994));
#6535 = ( GEOMETRIC_REPRESENTATION_CONTEXT(2) 
PARAMETRIC_REPRESENTATION_CONTEXT() REPRESENTATION_CONTEXT('2D SPACE',''
  ) );
#6536 = ORIENTED_EDGE('',*,*,#6537,.F.);
#6537 = EDGE_CURVE('',#5972,#6488,#6538,.T.);
#6538 = SURFACE_CURVE('',#6539,(#6552,#6568),.PCURVE_S1.);
#6539 = B_SPLINE_CURVE_WITH_KNOTS('',6,(#6540,#6541,#6542,#6543,#6544,
    #6545,#6546,#6547,#6548,#6549,#6550,#6551),.UNSPECIFIED.,.F.,.F.,(7,
    5,7),(0.,0.584848476139,1.),.UNSPECIFIED.);
#6540 = CARTESIAN_POINT('',(-52.1772973614,-56.9999994,118.07477314492)
  );
#6541 = CARTESIAN_POINT('',(-52.22875970262,-57.11204828696,
    117.9932696473));
#6542 = CARTESIAN_POINT('',(-52.28268175389,-57.21756394021,
    117.89976132805));
#6543 = CARTESIAN_POINT('',(-52.33695832301,-57.31583233848,
    117.7939598233));
#6544 = CARTESIAN_POINT('',(-52.38944775496,-57.4055334623,
    117.67533463965));
#6545 = CARTESIAN_POINT('',(-52.43764233467,-57.48461533827,
    117.54339397322));
#6546 = CARTESIAN_POINT('',(-52.50761819098,-57.59650802777,
    117.29494427098));
#6547 = CARTESIAN_POINT('',(-52.53314406676,-57.6363069488,
    117.18457666287));
#6548 = CARTESIAN_POINT('',(-52.55360797975,-57.66759615623,
    117.06829622864));
#6549 = CARTESIAN_POINT('',(-52.56779942009,-57.68909362977,
    116.94764360297));
#6550 = CARTESIAN_POINT('',(-52.575,-57.7,116.82430066592));
#6551 = CARTESIAN_POINT('',(-52.575,-57.7,116.7));
#6552 = PCURVE('',#4913,#6553);
#6553 = DEFINITIONAL_REPRESENTATION('',(#6554),#6567);
#6554 = B_SPLINE_CURVE_WITH_KNOTS('',6,(#6555,#6556,#6557,#6558,#6559,
    #6560,#6561,#6562,#6563,#6564,#6565,#6566),.UNSPECIFIED.,.F.,.F.,(7,
    5,7),(0.,0.584848476139,1.),.UNSPECIFIED.);
#6555 = CARTESIAN_POINT('',(0.628874489059,-2.177297361409));
#6556 = CARTESIAN_POINT('',(0.710378035576,-2.228759702624));
#6557 = CARTESIAN_POINT('',(0.792928099374,-2.28268175389));
#6558 = CARTESIAN_POINT('',(0.877256174075,-2.336958323018));
#6559 = CARTESIAN_POINT('',(0.964028417583,-2.389447754962));
#6560 = CARTESIAN_POINT('',(1.053898039155,-2.437642334676));
#6561 = CARTESIAN_POINT('',(1.214182419329,-2.507618190985));
#6562 = CARTESIAN_POINT('',(1.282991749953,-2.533144066767));
#6563 = CARTESIAN_POINT('',(1.353447516398,-2.553607979755));
#6564 = CARTESIAN_POINT('',(1.425123714804,-2.567799420094));
#6565 = CARTESIAN_POINT('',(1.497678288016,-2.575));
#6566 = CARTESIAN_POINT('',(1.570796326795,-2.575));
#6567 = ( GEOMETRIC_REPRESENTATION_CONTEXT(2) 
PARAMETRIC_REPRESENTATION_CONTEXT() REPRESENTATION_CONTEXT('2D SPACE',''
  ) );
#6568 = PCURVE('',#5381,#6569);
#6569 = DEFINITIONAL_REPRESENTATION('',(#6570),#6583);
#6570 = B_SPLINE_CURVE_WITH_KNOTS('',6,(#6571,#6572,#6573,#6574,#6575,
    #6576,#6577,#6578,#6579,#6580,#6581,#6582),.UNSPECIFIED.,.F.,.F.,(7,
    5,7),(0.,0.584848476139,1.),.UNSPECIFIED.);
#6571 = CARTESIAN_POINT('',(5.719987916734,7.9999994));
#6572 = CARTESIAN_POINT('',(5.757421249938,8.112048286967));
#6573 = CARTESIAN_POINT('',(5.799306590422,8.217563940213));
#6574 = CARTESIAN_POINT('',(5.84539655808,8.315832338488));
#6575 = CARTESIAN_POINT('',(5.895628183086,8.4055334623));
#6576 = CARTESIAN_POINT('',(5.950022465219,8.484615338274));
#6577 = CARTESIAN_POINT('',(6.050261692697,8.596508027772));
#6578 = CARTESIAN_POINT('',(6.094205248072,8.636306948806));
#6579 = CARTESIAN_POINT('',(6.139955506083,8.667596156231));
#6580 = CARTESIAN_POINT('',(6.187012928655,8.689093629778));
#6581 = CARTESIAN_POINT('',(6.234913203908,8.7));
#6582 = CARTESIAN_POINT('',(6.28318530718,8.7));
#6583 = ( GEOMETRIC_REPRESENTATION_CONTEXT(2) 
PARAMETRIC_REPRESENTATION_CONTEXT() REPRESENTATION_CONTEXT('2D SPACE',''
  ) );
#6584 = ADVANCED_FACE('',(#6585),#4681,.F.);
#6585 = FACE_BOUND('',#6586,.F.);
#6586 = EDGE_LOOP('',(#6587,#6588,#6589,#6590,#6640));
#6587 = ORIENTED_EDGE('',*,*,#5221,.F.);
#6588 = ORIENTED_EDGE('',*,*,#4555,.T.);
#6589 = ORIENTED_EDGE('',*,*,#6049,.T.);
#6590 = ORIENTED_EDGE('',*,*,#6591,.F.);
#6591 = EDGE_CURVE('',#6592,#6050,#6594,.T.);
#6592 = VERTEX_POINT('',#6593);
#6593 = CARTESIAN_POINT('',(-52.575,-54.3,116.7));
#6594 = SURFACE_CURVE('',#6595,(#6608,#6624),.PCURVE_S1.);
#6595 = B_SPLINE_CURVE_WITH_KNOTS('',6,(#6596,#6597,#6598,#6599,#6600,
    #6601,#6602,#6603,#6604,#6605,#6606,#6607),.UNSPECIFIED.,.F.,.F.,(7,
    5,7),(0.,0.415560507179,1.),.UNSPECIFIED.);
#6596 = CARTESIAN_POINT('',(-52.575,-54.3,116.7));
#6597 = CARTESIAN_POINT('',(-52.575,-54.3,116.82441274098));
#6598 = CARTESIAN_POINT('',(-52.56778644349,-54.3109260442,
    116.94788022147));
#6599 = CARTESIAN_POINT('',(-52.55356647377,-54.33246669871,
    117.06865867198));
#6600 = CARTESIAN_POINT('',(-52.53306048652,-54.36382071394,
    117.18505451126));
#6601 = CARTESIAN_POINT('',(-52.50748555515,-54.40369883119,
    117.29551648283));
#6602 = CARTESIAN_POINT('',(-52.43746604179,-54.51567394905,
    117.54387669852));
#6603 = CARTESIAN_POINT('',(-52.38929409309,-54.59472913375,
    117.67568171905));
#6604 = CARTESIAN_POINT('',(-52.3368393175,-54.68438319917,
    117.79419179054));
#6605 = CARTESIAN_POINT('',(-52.28260289121,-54.78259030684,
    117.89989814101));
#6606 = CARTESIAN_POINT('',(-52.22872188443,-54.88803405453,
    117.99332954188));
#6607 = CARTESIAN_POINT('',(-52.1772973614,-55.0000006,118.07477314492)
  );
#6608 = PCURVE('',#4681,#6609);
#6609 = DEFINITIONAL_REPRESENTATION('',(#6610),#6623);
#6610 = B_SPLINE_CURVE_WITH_KNOTS('',6,(#6611,#6612,#6613,#6614,#6615,
    #6616,#6617,#6618,#6619,#6620,#6621,#6622),.UNSPECIFIED.,.F.,.F.,(7,
    5,7),(0.,0.415560507179,1.),.UNSPECIFIED.);
#6611 = CARTESIAN_POINT('',(4.712388980385,-2.575));
#6612 = CARTESIAN_POINT('',(4.785572945669,-2.575));
#6613 = CARTESIAN_POINT('',(4.858200783265,-2.567786443491));
#6614 = CARTESIAN_POINT('',(4.929952896558,-2.553566473775));
#6615 = CARTESIAN_POINT('',(5.000482866089,-2.53306048652));
#6616 = CARTESIAN_POINT('',(5.069359756309,-2.507485555155));
#6617 = CARTESIAN_POINT('',(5.229616064597,-2.437466041797));
#6618 = CARTESIAN_POINT('',(5.319410812212,-2.389294093092));
#6619 = CARTESIAN_POINT('',(5.406114067272,-2.336839317508));
#6620 = CARTESIAN_POINT('',(5.490377925143,-2.282602891214));
#6621 = CARTESIAN_POINT('',(5.572867166212,-2.228721884432));
#6622 = CARTESIAN_POINT('',(5.65431081812,-2.177297361409));
#6623 = ( GEOMETRIC_REPRESENTATION_CONTEXT(2) 
PARAMETRIC_REPRESENTATION_CONTEXT() REPRESENTATION_CONTEXT('2D SPACE',''
  ) );
#6624 = PCURVE('',#5019,#6625);
#6625 = DEFINITIONAL_REPRESENTATION('',(#6626),#6639);
#6626 = B_SPLINE_CURVE_WITH_KNOTS('',6,(#6627,#6628,#6629,#6630,#6631,
    #6632,#6633,#6634,#6635,#6636,#6637,#6638),.UNSPECIFIED.,.F.,.F.,(7,
    5,7),(0.,0.415560507179,1.),.UNSPECIFIED.);
#6627 = CARTESIAN_POINT('',(6.28318530718,5.3));
#6628 = CARTESIAN_POINT('',(6.234869679613,5.3));
#6629 = CARTESIAN_POINT('',(6.186921041794,5.310926044209));
#6630 = CARTESIAN_POINT('',(6.139814203263,5.332466698714));
#6631 = CARTESIAN_POINT('',(6.094017296847,5.363820713948));
#6632 = CARTESIAN_POINT('',(6.050033833604,5.403698831196));
#6633 = CARTESIAN_POINT('',(5.949823457108,5.515673949055));
#6634 = CARTESIAN_POINT('',(5.895481203108,5.59472913375));
#6635 = CARTESIAN_POINT('',(5.845295502501,5.684383199173));
#6636 = CARTESIAN_POINT('',(5.799245314642,5.782590306848));
#6637 = CARTESIAN_POINT('',(5.75739374126,5.888034054532));
#6638 = CARTESIAN_POINT('',(5.719987916734,6.0000006));
#6639 = ( GEOMETRIC_REPRESENTATION_CONTEXT(2) 
PARAMETRIC_REPRESENTATION_CONTEXT() REPRESENTATION_CONTEXT('2D SPACE',''
  ) );
#6640 = ORIENTED_EDGE('',*,*,#6641,.F.);
#6641 = EDGE_CURVE('',#5222,#6592,#6642,.T.);
#6642 = SURFACE_CURVE('',#6643,(#6656,#6672),.PCURVE_S1.);
#6643 = B_SPLINE_CURVE_WITH_KNOTS('',6,(#6644,#6645,#6646,#6647,#6648,
    #6649,#6650,#6651,#6652,#6653,#6654,#6655),.UNSPECIFIED.,.F.,.F.,(7,
    5,7),(0.,0.584848476139,1.),.UNSPECIFIED.);
#6644 = CARTESIAN_POINT('',(-52.1772973614,-55.0000006,115.32522685507)
  );
#6645 = CARTESIAN_POINT('',(-52.22875970262,-54.88795171303,
    115.40673035269));
#6646 = CARTESIAN_POINT('',(-52.28268175389,-54.78243605978,
    115.50023867194));
#6647 = CARTESIAN_POINT('',(-52.33695832301,-54.68416766151,
    115.60604017669));
#6648 = CARTESIAN_POINT('',(-52.38944775496,-54.5944665377,
    115.72466536034));
#6649 = CARTESIAN_POINT('',(-52.43764233467,-54.51538466172,
    115.85660602677));
#6650 = CARTESIAN_POINT('',(-52.50761819098,-54.40349197222,
    116.10505572901));
#6651 = CARTESIAN_POINT('',(-52.53314406676,-54.36369305119,
    116.21542333713));
#6652 = CARTESIAN_POINT('',(-52.55360797975,-54.33240384376,
    116.33170377136));
#6653 = CARTESIAN_POINT('',(-52.56779942009,-54.31090637022,
    116.45235639702));
#6654 = CARTESIAN_POINT('',(-52.575,-54.3,116.57569933407));
#6655 = CARTESIAN_POINT('',(-52.575,-54.3,116.7));
#6656 = PCURVE('',#4681,#6657);
#6657 = DEFINITIONAL_REPRESENTATION('',(#6658),#6671);
#6658 = B_SPLINE_CURVE_WITH_KNOTS('',6,(#6659,#6660,#6661,#6662,#6663,
    #6664,#6665,#6666,#6667,#6668,#6669,#6670),.UNSPECIFIED.,.F.,.F.,(7,
    5,7),(0.,0.584848476139,1.),.UNSPECIFIED.);
#6659 = CARTESIAN_POINT('',(3.770467142649,-2.177297361409));
#6660 = CARTESIAN_POINT('',(3.851970689166,-2.228759702624));
#6661 = CARTESIAN_POINT('',(3.934520752964,-2.28268175389));
#6662 = CARTESIAN_POINT('',(4.018848827665,-2.336958323018));
#6663 = CARTESIAN_POINT('',(4.105621071172,-2.389447754962));
#6664 = CARTESIAN_POINT('',(4.195490692745,-2.437642334676));
#6665 = CARTESIAN_POINT('',(4.355775072919,-2.507618190985));
#6666 = CARTESIAN_POINT('',(4.424584403543,-2.533144066767));
#6667 = CARTESIAN_POINT('',(4.495040169988,-2.553607979755));
#6668 = CARTESIAN_POINT('',(4.566716368394,-2.567799420094));
#6669 = CARTESIAN_POINT('',(4.639270941606,-2.575));
#6670 = CARTESIAN_POINT('',(4.712388980385,-2.575));
#6671 = ( GEOMETRIC_REPRESENTATION_CONTEXT(2) 
PARAMETRIC_REPRESENTATION_CONTEXT() REPRESENTATION_CONTEXT('2D SPACE',''
  ) );
#6672 = PCURVE('',#5019,#6673);
#6673 = DEFINITIONAL_REPRESENTATION('',(#6674),#6687);
#6674 = B_SPLINE_CURVE_WITH_KNOTS('',6,(#6675,#6676,#6677,#6678,#6679,
    #6680,#6681,#6682,#6683,#6684,#6685,#6686),.UNSPECIFIED.,.F.,.F.,(7,
    5,7),(0.,0.584848476139,1.),.UNSPECIFIED.);
#6675 = CARTESIAN_POINT('',(0.563197390446,6.0000006));
#6676 = CARTESIAN_POINT('',(0.525764057241,5.887951713033));
#6677 = CARTESIAN_POINT('',(0.483878716757,5.782436059787));
#6678 = CARTESIAN_POINT('',(0.437788749099,5.684167661512));
#6679 = CARTESIAN_POINT('',(0.387557124093,5.5944665377));
#6680 = CARTESIAN_POINT('',(0.333162841961,5.515384661726));
#6681 = CARTESIAN_POINT('',(0.232923614483,5.403491972228));
#6682 = CARTESIAN_POINT('',(0.188980059107,5.363693051194));
#6683 = CARTESIAN_POINT('',(0.143229801096,5.332403843769));
#6684 = CARTESIAN_POINT('',(9.617237852497E-02,5.310906370222));
#6685 = CARTESIAN_POINT('',(4.827210327139E-02,5.3));
#6686 = CARTESIAN_POINT('',(0.,5.3));
#6687 = ( GEOMETRIC_REPRESENTATION_CONTEXT(2) 
PARAMETRIC_REPRESENTATION_CONTEXT() REPRESENTATION_CONTEXT('2D SPACE',''
  ) );
#6688 = ADVANCED_FACE('',(#6689),#5019,.F.);
#6689 = FACE_BOUND('',#6690,.F.);
#6690 = EDGE_LOOP('',(#6691,#6692,#6693,#6714,#6715,#6716,#6717,#6718));
#6691 = ORIENTED_EDGE('',*,*,#5267,.F.);
#6692 = ORIENTED_EDGE('',*,*,#6641,.T.);
#6693 = ORIENTED_EDGE('',*,*,#6694,.F.);
#6694 = EDGE_CURVE('',#5003,#6592,#6695,.T.);
#6695 = SEAM_CURVE('',#6696,(#6700,#6707),.PCURVE_S1.);
#6696 = LINE('',#6697,#6698);
#6697 = CARTESIAN_POINT('',(-52.575,-49.,116.7));
#6698 = VECTOR('',#6699,1.);
#6699 = DIRECTION('',(0.,-1.,1.110223024625E-16));
#6700 = PCURVE('',#5019,#6701);
#6701 = DEFINITIONAL_REPRESENTATION('',(#6702),#6706);
#6702 = LINE('',#6703,#6704);
#6703 = CARTESIAN_POINT('',(0.,-0.));
#6704 = VECTOR('',#6705,1.);
#6705 = DIRECTION('',(0.,1.));
#6706 = ( GEOMETRIC_REPRESENTATION_CONTEXT(2) 
PARAMETRIC_REPRESENTATION_CONTEXT() REPRESENTATION_CONTEXT('2D SPACE',''
  ) );
#6707 = PCURVE('',#5019,#6708);
#6708 = DEFINITIONAL_REPRESENTATION('',(#6709),#6713);
#6709 = LINE('',#6710,#6711);
#6710 = CARTESIAN_POINT('',(6.28318530718,-0.));
#6711 = VECTOR('',#6712,1.);
#6712 = DIRECTION('',(0.,1.));
#6713 = ( GEOMETRIC_REPRESENTATION_CONTEXT(2) 
PARAMETRIC_REPRESENTATION_CONTEXT() REPRESENTATION_CONTEXT('2D SPACE',''
  ) );
#6714 = ORIENTED_EDGE('',*,*,#5002,.T.);
#6715 = ORIENTED_EDGE('',*,*,#6694,.T.);
#6716 = ORIENTED_EDGE('',*,*,#6591,.T.);
#6717 = ORIENTED_EDGE('',*,*,#6071,.F.);
#6718 = ORIENTED_EDGE('',*,*,#5034,.F.);
#6719 = ADVANCED_FACE('',(#6720),#5381,.F.);
#6720 = FACE_BOUND('',#6721,.F.);
#6721 = EDGE_LOOP('',(#6722,#6723,#6746,#6777,#6778,#6779,#6780,#6781));
#6722 = ORIENTED_EDGE('',*,*,#6537,.T.);
#6723 = ORIENTED_EDGE('',*,*,#6724,.T.);
#6724 = EDGE_CURVE('',#6488,#6725,#6727,.T.);
#6725 = VERTEX_POINT('',#6726);
#6726 = CARTESIAN_POINT('',(-52.575,-64.5,116.7));
#6727 = SEAM_CURVE('',#6728,(#6732,#6739),.PCURVE_S1.);
#6728 = LINE('',#6729,#6730);
#6729 = CARTESIAN_POINT('',(-52.575,-49.,116.7));
#6730 = VECTOR('',#6731,1.);
#6731 = DIRECTION('',(0.,-1.,1.110223024625E-16));
#6732 = PCURVE('',#5381,#6733);
#6733 = DEFINITIONAL_REPRESENTATION('',(#6734),#6738);
#6734 = LINE('',#6735,#6736);
#6735 = CARTESIAN_POINT('',(6.28318530718,0.));
#6736 = VECTOR('',#6737,1.);
#6737 = DIRECTION('',(0.,1.));
#6738 = ( GEOMETRIC_REPRESENTATION_CONTEXT(2) 
PARAMETRIC_REPRESENTATION_CONTEXT() REPRESENTATION_CONTEXT('2D SPACE',''
  ) );
#6739 = PCURVE('',#5381,#6740);
#6740 = DEFINITIONAL_REPRESENTATION('',(#6741),#6745);
#6741 = LINE('',#6742,#6743);
#6742 = CARTESIAN_POINT('',(4.138911435803E-13,0.));
#6743 = VECTOR('',#6744,1.);
#6744 = DIRECTION('',(0.,1.));
#6745 = ( GEOMETRIC_REPRESENTATION_CONTEXT(2) 
PARAMETRIC_REPRESENTATION_CONTEXT() REPRESENTATION_CONTEXT('2D SPACE',''
  ) );
#6746 = ORIENTED_EDGE('',*,*,#6747,.F.);
#6747 = EDGE_CURVE('',#6725,#6725,#6748,.T.);
#6748 = SURFACE_CURVE('',#6749,(#6754,#6761),.PCURVE_S1.);
#6749 = CIRCLE('',#6750,2.575);
#6750 = AXIS2_PLACEMENT_3D('',#6751,#6752,#6753);
#6751 = CARTESIAN_POINT('',(-50.,-64.5,116.7));
#6752 = DIRECTION('',(0.,-1.,1.110223024625E-16));
#6753 = DIRECTION('',(-1.,0.,0.));
#6754 = PCURVE('',#5381,#6755);
#6755 = DEFINITIONAL_REPRESENTATION('',(#6756),#6760);
#6756 = LINE('',#6757,#6758);
#6757 = CARTESIAN_POINT('',(0.,15.5));
#6758 = VECTOR('',#6759,1.);
#6759 = DIRECTION('',(1.,0.));
#6760 = ( GEOMETRIC_REPRESENTATION_CONTEXT(2) 
PARAMETRIC_REPRESENTATION_CONTEXT() REPRESENTATION_CONTEXT('2D SPACE',''
  ) );
#6761 = PCURVE('',#6762,#6767);
#6762 = PLANE('',#6763);
#6763 = AXIS2_PLACEMENT_3D('',#6764,#6765,#6766);
#6764 = CARTESIAN_POINT('',(-50.,-64.5,116.7));
#6765 = DIRECTION('',(0.,1.,-1.110223024625E-16));
#6766 = DIRECTION('',(-1.,0.,0.));
#6767 = DEFINITIONAL_REPRESENTATION('',(#6768),#6776);
#6768 = ( BOUNDED_CURVE() B_SPLINE_CURVE(2,(#6769,#6770,#6771,#6772,
#6773,#6774,#6775),.UNSPECIFIED.,.T.,.F.) B_SPLINE_CURVE_WITH_KNOTS((1,2
    ,2,2,2,1),(-2.094395102393,0.,2.094395102393,4.188790204786,
6.28318530718,8.377580409573),.UNSPECIFIED.) CURVE() 
GEOMETRIC_REPRESENTATION_ITEM() RATIONAL_B_SPLINE_CURVE((1.,0.5,1.,0.5,
1.,0.5,1.)) REPRESENTATION_ITEM('') );
#6769 = CARTESIAN_POINT('',(2.575,0.));
#6770 = CARTESIAN_POINT('',(2.575,-4.46003082949));
#6771 = CARTESIAN_POINT('',(-1.2875,-2.230015414745));
#6772 = CARTESIAN_POINT('',(-5.15,-6.306931015609E-16));
#6773 = CARTESIAN_POINT('',(-1.2875,2.230015414745));
#6774 = CARTESIAN_POINT('',(2.575,4.46003082949));
#6775 = CARTESIAN_POINT('',(2.575,0.));
#6776 = ( GEOMETRIC_REPRESENTATION_CONTEXT(2) 
PARAMETRIC_REPRESENTATION_CONTEXT() REPRESENTATION_CONTEXT('2D SPACE',''
  ) );
#6777 = ORIENTED_EDGE('',*,*,#6724,.F.);
#6778 = ORIENTED_EDGE('',*,*,#6487,.T.);
#6779 = ORIENTED_EDGE('',*,*,#5366,.T.);
#6780 = ORIENTED_EDGE('',*,*,#5418,.F.);
#6781 = ORIENTED_EDGE('',*,*,#5993,.T.);
#6782 = ADVANCED_FACE('',(#6783,#6857),#5801,.F.);
#6783 = FACE_BOUND('',#6784,.F.);
#6784 = EDGE_LOOP('',(#6785,#6808,#6830,#6831,#6832,#6833,#6854,#6855,
    #6856));
#6785 = ORIENTED_EDGE('',*,*,#6786,.T.);
#6786 = EDGE_CURVE('',#6219,#6787,#6789,.T.);
#6787 = VERTEX_POINT('',#6788);
#6788 = CARTESIAN_POINT('',(-53.075,-64.5,116.7));
#6789 = SEAM_CURVE('',#6790,(#6794,#6801),.PCURVE_S1.);
#6790 = LINE('',#6791,#6792);
#6791 = CARTESIAN_POINT('',(-53.075,-81.,116.7));
#6792 = VECTOR('',#6793,1.);
#6793 = DIRECTION('',(0.,1.,-1.110223024625E-16));
#6794 = PCURVE('',#5801,#6795);
#6795 = DEFINITIONAL_REPRESENTATION('',(#6796),#6800);
#6796 = LINE('',#6797,#6798);
#6797 = CARTESIAN_POINT('',(6.28318530718,0.));
#6798 = VECTOR('',#6799,1.);
#6799 = DIRECTION('',(0.,1.));
#6800 = ( GEOMETRIC_REPRESENTATION_CONTEXT(2) 
PARAMETRIC_REPRESENTATION_CONTEXT() REPRESENTATION_CONTEXT('2D SPACE',''
  ) );
#6801 = PCURVE('',#5801,#6802);
#6802 = DEFINITIONAL_REPRESENTATION('',(#6803),#6807);
#6803 = LINE('',#6804,#6805);
#6804 = CARTESIAN_POINT('',(4.138911435803E-13,0.));
#6805 = VECTOR('',#6806,1.);
#6806 = DIRECTION('',(0.,1.));
#6807 = ( GEOMETRIC_REPRESENTATION_CONTEXT(2) 
PARAMETRIC_REPRESENTATION_CONTEXT() REPRESENTATION_CONTEXT('2D SPACE',''
  ) );
#6808 = ORIENTED_EDGE('',*,*,#6809,.F.);
#6809 = EDGE_CURVE('',#6787,#6787,#6810,.T.);
#6810 = SURFACE_CURVE('',#6811,(#6816,#6823),.PCURVE_S1.);
#6811 = CIRCLE('',#6812,3.075);
#6812 = AXIS2_PLACEMENT_3D('',#6813,#6814,#6815);
#6813 = CARTESIAN_POINT('',(-50.,-64.5,116.7));
#6814 = DIRECTION('',(0.,1.,-1.110223024625E-16));
#6815 = DIRECTION('',(-1.,0.,0.));
#6816 = PCURVE('',#5801,#6817);
#6817 = DEFINITIONAL_REPRESENTATION('',(#6818),#6822);
#6818 = LINE('',#6819,#6820);
#6819 = CARTESIAN_POINT('',(0.,16.5));
#6820 = VECTOR('',#6821,1.);
#6821 = DIRECTION('',(1.,0.));
#6822 = ( GEOMETRIC_REPRESENTATION_CONTEXT(2) 
PARAMETRIC_REPRESENTATION_CONTEXT() REPRESENTATION_CONTEXT('2D SPACE',''
  ) );
#6823 = PCURVE('',#6762,#6824);
#6824 = DEFINITIONAL_REPRESENTATION('',(#6825),#6829);
#6825 = CIRCLE('',#6826,3.075);
#6826 = AXIS2_PLACEMENT_2D('',#6827,#6828);
#6827 = CARTESIAN_POINT('',(0.,0.));
#6828 = DIRECTION('',(1.,0.));
#6829 = ( GEOMETRIC_REPRESENTATION_CONTEXT(2) 
PARAMETRIC_REPRESENTATION_CONTEXT() REPRESENTATION_CONTEXT('2D SPACE',''
  ) );
#6830 = ORIENTED_EDGE('',*,*,#6786,.F.);
#6831 = ORIENTED_EDGE('',*,*,#6218,.T.);
#6832 = ORIENTED_EDGE('',*,*,#6098,.T.);
#6833 = ORIENTED_EDGE('',*,*,#6834,.F.);
#6834 = EDGE_CURVE('',#5919,#6101,#6835,.T.);
#6835 = SEAM_CURVE('',#6836,(#6840,#6847),.PCURVE_S1.);
#6836 = LINE('',#6837,#6838);
#6837 = CARTESIAN_POINT('',(-53.075,-81.,116.7));
#6838 = VECTOR('',#6839,1.);
#6839 = DIRECTION('',(0.,1.,-1.110223024625E-16));
#6840 = PCURVE('',#5801,#6841);
#6841 = DEFINITIONAL_REPRESENTATION('',(#6842),#6846);
#6842 = LINE('',#6843,#6844);
#6843 = CARTESIAN_POINT('',(0.,-0.));
#6844 = VECTOR('',#6845,1.);
#6845 = DIRECTION('',(0.,1.));
#6846 = ( GEOMETRIC_REPRESENTATION_CONTEXT(2) 
PARAMETRIC_REPRESENTATION_CONTEXT() REPRESENTATION_CONTEXT('2D SPACE',''
  ) );
#6847 = PCURVE('',#5801,#6848);
#6848 = DEFINITIONAL_REPRESENTATION('',(#6849),#6853);
#6849 = LINE('',#6850,#6851);
#6850 = CARTESIAN_POINT('',(6.28318530718,-0.));
#6851 = VECTOR('',#6852,1.);
#6852 = DIRECTION('',(0.,1.));
#6853 = ( GEOMETRIC_REPRESENTATION_CONTEXT(2) 
PARAMETRIC_REPRESENTATION_CONTEXT() REPRESENTATION_CONTEXT('2D SPACE',''
  ) );
#6854 = ORIENTED_EDGE('',*,*,#5918,.T.);
#6855 = ORIENTED_EDGE('',*,*,#6834,.T.);
#6856 = ORIENTED_EDGE('',*,*,#6313,.T.);
#6857 = FACE_BOUND('',#6858,.F.);
#6858 = EDGE_LOOP('',(#6859));
#6859 = ORIENTED_EDGE('',*,*,#5589,.F.);
#6860 = ADVANCED_FACE('',(#6861,#6864),#6762,.F.);
#6861 = FACE_BOUND('',#6862,.F.);
#6862 = EDGE_LOOP('',(#6863));
#6863 = ORIENTED_EDGE('',*,*,#6809,.T.);
#6864 = FACE_BOUND('',#6865,.F.);
#6865 = EDGE_LOOP('',(#6866));
#6866 = ORIENTED_EDGE('',*,*,#6747,.T.);
#6867 = ( GEOMETRIC_REPRESENTATION_CONTEXT(3) 
GLOBAL_UNCERTAINTY_ASSIGNED_CONTEXT((#6871)) 
GLOBAL_UNIT_ASSIGNED_CONTEXT((#6868,#6869,#6870)) REPRESENTATION_CONTEXT
('Context #1','3D Context with UNIT and UNCERTAINTY') );
#6868 = ( LENGTH_UNIT() NAMED_UNIT(*) SI_UNIT(.MILLI.,.METRE.) );
#6869 = ( NAMED_UNIT(*) PLANE_ANGLE_UNIT() SI_UNIT($,.RADIAN.) );
#6870 = ( NAMED_UNIT(*) SI_UNIT($,.STERADIAN.) SOLID_ANGLE_UNIT() );
#6871 = UNCERTAINTY_MEASURE_WITH_UNIT(LENGTH_MEASURE(1.E-07),#6868,
  'distance_accuracy_value','confusion accuracy');
#6872 = CONTEXT_DEPENDENT_SHAPE_REPRESENTATION(#6873,#6875);
#6873 = ( REPRESENTATION_RELATIONSHIP('','',#3479,#10) 
REPRESENTATION_RELATIONSHIP_WITH_TRANSFORMATION(#6874) 
SHAPE_REPRESENTATION_RELATIONSHIP() );
#6874 = ITEM_DEFINED_TRANSFORMATION('','',#11,#39);
#6875 = PRODUCT_DEFINITION_SHAPE('Placement','Placement of an item',
  #6876);
#6876 = NEXT_ASSEMBLY_USAGE_OCCURRENCE('18','','',#5,#3474,$);
#6877 = PRODUCT_RELATED_PRODUCT_CATEGORY('part',$,(#3476));
#6878 = SHAPE_DEFINITION_REPRESENTATION(#6879,#6885);
#6879 = PRODUCT_DEFINITION_SHAPE('','',#6880);
#6880 = PRODUCT_DEFINITION('design','',#6881,#6884);
#6881 = PRODUCT_DEFINITION_FORMATION('','',#6882);
#6882 = PRODUCT('Open CASCADE STEP translator 7.9 3.8',
  'Open CASCADE STEP translator 7.9 3.8','',(#6883));
#6883 = PRODUCT_CONTEXT('',#2,'mechanical');
#6884 = PRODUCT_DEFINITION_CONTEXT('part definition',#2,'design');
#6885 = ADVANCED_BREP_SHAPE_REPRESENTATION('',(#11,#6886),#7710);
#6886 = MANIFOLD_SOLID_BREP('',#6887);
#6887 = CLOSED_SHELL('',(#6888,#7117,#7192,#7400,#7449,#7498,#7525,#7574
    ,#7601,#7609,#7616,#7651,#7706));
#6888 = ADVANCED_FACE('',(#6889),#6903,.F.);
#6889 = FACE_BOUND('',#6890,.F.);
#6890 = EDGE_LOOP('',(#6891,#6926,#6955,#6983,#7011,#7039,#7063,#7091));
#6891 = ORIENTED_EDGE('',*,*,#6892,.F.);
#6892 = EDGE_CURVE('',#6893,#6895,#6897,.T.);
#6893 = VERTEX_POINT('',#6894);
#6894 = CARTESIAN_POINT('',(-36.44455828827,-65.,120.2));
#6895 = VERTEX_POINT('',#6896);
#6896 = CARTESIAN_POINT('',(-29.,-65.,120.2));
#6897 = SURFACE_CURVE('',#6898,(#6902,#6914),.PCURVE_S1.);
#6898 = LINE('',#6899,#6900);
#6899 = CARTESIAN_POINT('',(-71.,-65.,120.2));
#6900 = VECTOR('',#6901,1.);
#6901 = DIRECTION('',(1.,0.,0.));
#6902 = PCURVE('',#6903,#6908);
#6903 = PLANE('',#6904);
#6904 = AXIS2_PLACEMENT_3D('',#6905,#6906,#6907);
#6905 = CARTESIAN_POINT('',(-50.,-65.,116.7));
#6906 = DIRECTION('',(0.,-1.,1.110223024625E-16));
#6907 = DIRECTION('',(1.,0.,0.));
#6908 = DEFINITIONAL_REPRESENTATION('',(#6909),#6913);
#6909 = LINE('',#6910,#6911);
#6910 = CARTESIAN_POINT('',(-21.,3.5));
#6911 = VECTOR('',#6912,1.);
#6912 = DIRECTION('',(1.,0.));
#6913 = ( GEOMETRIC_REPRESENTATION_CONTEXT(2) 
PARAMETRIC_REPRESENTATION_CONTEXT() REPRESENTATION_CONTEXT('2D SPACE',''
  ) );
#6914 = PCURVE('',#6915,#6920);
#6915 = PLANE('',#6916);
#6916 = AXIS2_PLACEMENT_3D('',#6917,#6918,#6919);
#6917 = CARTESIAN_POINT('',(-71.,-65.,120.2));
#6918 = DIRECTION('',(0.,1.110223024625E-16,1.));
#6919 = DIRECTION('',(0.,-1.,1.110223024625E-16));
#6920 = DEFINITIONAL_REPRESENTATION('',(#6921),#6925);
#6921 = LINE('',#6922,#6923);
#6922 = CARTESIAN_POINT('',(0.,0.));
#6923 = VECTOR('',#6924,1.);
#6924 = DIRECTION('',(0.,1.));
#6925 = ( GEOMETRIC_REPRESENTATION_CONTEXT(2) 
PARAMETRIC_REPRESENTATION_CONTEXT() REPRESENTATION_CONTEXT('2D SPACE',''
  ) );
#6926 = ORIENTED_EDGE('',*,*,#6927,.T.);
#6927 = EDGE_CURVE('',#6893,#6928,#6930,.T.);
#6928 = VERTEX_POINT('',#6929);
#6929 = CARTESIAN_POINT('',(-63.55544171172,-65.,120.2));
#6930 = SURFACE_CURVE('',#6931,(#6936,#6943),.PCURVE_S1.);
#6931 = CIRCLE('',#6932,14.);
#6932 = AXIS2_PLACEMENT_3D('',#6933,#6934,#6935);
#6933 = CARTESIAN_POINT('',(-50.,-65.,116.7));
#6934 = DIRECTION('',(0.,-1.,1.110223024625E-16));
#6935 = DIRECTION('',(1.,0.,0.));
#6936 = PCURVE('',#6903,#6937);
#6937 = DEFINITIONAL_REPRESENTATION('',(#6938),#6942);
#6938 = CIRCLE('',#6939,14.);
#6939 = AXIS2_PLACEMENT_2D('',#6940,#6941);
#6940 = CARTESIAN_POINT('',(0.,0.));
#6941 = DIRECTION('',(1.,0.));
#6942 = ( GEOMETRIC_REPRESENTATION_CONTEXT(2) 
PARAMETRIC_REPRESENTATION_CONTEXT() REPRESENTATION_CONTEXT('2D SPACE',''
  ) );
#6943 = PCURVE('',#6944,#6949);
#6944 = CYLINDRICAL_SURFACE('',#6945,14.);
#6945 = AXIS2_PLACEMENT_3D('',#6946,#6947,#6948);
#6946 = CARTESIAN_POINT('',(-50.,-65.,116.7));
#6947 = DIRECTION('',(-0.,1.,-1.110223024625E-16));
#6948 = DIRECTION('',(1.,0.,0.));
#6949 = DEFINITIONAL_REPRESENTATION('',(#6950),#6954);
#6950 = LINE('',#6951,#6952);
#6951 = CARTESIAN_POINT('',(6.28318530718,0.));
#6952 = VECTOR('',#6953,1.);
#6953 = DIRECTION('',(-1.,0.));
#6954 = ( GEOMETRIC_REPRESENTATION_CONTEXT(2) 
PARAMETRIC_REPRESENTATION_CONTEXT() REPRESENTATION_CONTEXT('2D SPACE',''
  ) );
#6955 = ORIENTED_EDGE('',*,*,#6956,.F.);
#6956 = EDGE_CURVE('',#6957,#6928,#6959,.T.);
#6957 = VERTEX_POINT('',#6958);
#6958 = CARTESIAN_POINT('',(-71.,-65.,120.2));
#6959 = SURFACE_CURVE('',#6960,(#6964,#6971),.PCURVE_S1.);
#6960 = LINE('',#6961,#6962);
#6961 = CARTESIAN_POINT('',(-71.,-65.,120.2));
#6962 = VECTOR('',#6963,1.);
#6963 = DIRECTION('',(1.,0.,0.));
#6964 = PCURVE('',#6903,#6965);
#6965 = DEFINITIONAL_REPRESENTATION('',(#6966),#6970);
#6966 = LINE('',#6967,#6968);
#6967 = CARTESIAN_POINT('',(-21.,3.5));
#6968 = VECTOR('',#6969,1.);
#6969 = DIRECTION('',(1.,0.));
#6970 = ( GEOMETRIC_REPRESENTATION_CONTEXT(2) 
PARAMETRIC_REPRESENTATION_CONTEXT() REPRESENTATION_CONTEXT('2D SPACE',''
  ) );
#6971 = PCURVE('',#6972,#6977);
#6972 = PLANE('',#6973);
#6973 = AXIS2_PLACEMENT_3D('',#6974,#6975,#6976);
#6974 = CARTESIAN_POINT('',(-71.,-65.,120.2));
#6975 = DIRECTION('',(0.,1.110223024625E-16,1.));
#6976 = DIRECTION('',(0.,-1.,1.110223024625E-16));
#6977 = DEFINITIONAL_REPRESENTATION('',(#6978),#6982);
#6978 = LINE('',#6979,#6980);
#6979 = CARTESIAN_POINT('',(0.,0.));
#6980 = VECTOR('',#6981,1.);
#6981 = DIRECTION('',(0.,1.));
#6982 = ( GEOMETRIC_REPRESENTATION_CONTEXT(2) 
PARAMETRIC_REPRESENTATION_CONTEXT() REPRESENTATION_CONTEXT('2D SPACE',''
  ) );
#6983 = ORIENTED_EDGE('',*,*,#6984,.F.);
#6984 = EDGE_CURVE('',#6985,#6957,#6987,.T.);
#6985 = VERTEX_POINT('',#6986);
#6986 = CARTESIAN_POINT('',(-71.,-65.,113.2));
#6987 = SURFACE_CURVE('',#6988,(#6992,#6999),.PCURVE_S1.);
#6988 = LINE('',#6989,#6990);
#6989 = CARTESIAN_POINT('',(-71.,-65.,113.2));
#6990 = VECTOR('',#6991,1.);
#6991 = DIRECTION('',(0.,1.110223024625E-16,1.));
#6992 = PCURVE('',#6903,#6993);
#6993 = DEFINITIONAL_REPRESENTATION('',(#6994),#6998);
#6994 = LINE('',#6995,#6996);
#6995 = CARTESIAN_POINT('',(-21.,-3.5));
#6996 = VECTOR('',#6997,1.);
#6997 = DIRECTION('',(0.,1.));
#6998 = ( GEOMETRIC_REPRESENTATION_CONTEXT(2) 
PARAMETRIC_REPRESENTATION_CONTEXT() REPRESENTATION_CONTEXT('2D SPACE',''
  ) );
#6999 = PCURVE('',#7000,#7005);
#7000 = PLANE('',#7001);
#7001 = AXIS2_PLACEMENT_3D('',#7002,#7003,#7004);
#7002 = CARTESIAN_POINT('',(-71.,-65.,113.2));
#7003 = DIRECTION('',(1.,0.,0.));
#7004 = DIRECTION('',(0.,-1.,1.110223024625E-16));
#7005 = DEFINITIONAL_REPRESENTATION('',(#7006),#7010);
#7006 = LINE('',#7007,#7008);
#7007 = CARTESIAN_POINT('',(0.,0.));
#7008 = VECTOR('',#7009,1.);
#7009 = DIRECTION('',(0.,-1.));
#7010 = ( GEOMETRIC_REPRESENTATION_CONTEXT(2) 
PARAMETRIC_REPRESENTATION_CONTEXT() REPRESENTATION_CONTEXT('2D SPACE',''
  ) );
#7011 = ORIENTED_EDGE('',*,*,#7012,.T.);
#7012 = EDGE_CURVE('',#6985,#7013,#7015,.T.);
#7013 = VERTEX_POINT('',#7014);
#7014 = CARTESIAN_POINT('',(-63.55544171172,-65.,113.2));
#7015 = SURFACE_CURVE('',#7016,(#7020,#7027),.PCURVE_S1.);
#7016 = LINE('',#7017,#7018);
#7017 = CARTESIAN_POINT('',(-71.,-65.,113.2));
#7018 = VECTOR('',#7019,1.);
#7019 = DIRECTION('',(1.,0.,0.));
#7020 = PCURVE('',#6903,#7021);
#7021 = DEFINITIONAL_REPRESENTATION('',(#7022),#7026);
#7022 = LINE('',#7023,#7024);
#7023 = CARTESIAN_POINT('',(-21.,-3.5));
#7024 = VECTOR('',#7025,1.);
#7025 = DIRECTION('',(1.,0.));
#7026 = ( GEOMETRIC_REPRESENTATION_CONTEXT(2) 
PARAMETRIC_REPRESENTATION_CONTEXT() REPRESENTATION_CONTEXT('2D SPACE',''
  ) );
#7027 = PCURVE('',#7028,#7033);
#7028 = PLANE('',#7029);
#7029 = AXIS2_PLACEMENT_3D('',#7030,#7031,#7032);
#7030 = CARTESIAN_POINT('',(-71.,-65.,113.2));
#7031 = DIRECTION('',(0.,1.110223024625E-16,1.));
#7032 = DIRECTION('',(0.,-1.,1.110223024625E-16));
#7033 = DEFINITIONAL_REPRESENTATION('',(#7034),#7038);
#7034 = LINE('',#7035,#7036);
#7035 = CARTESIAN_POINT('',(0.,0.));
#7036 = VECTOR('',#7037,1.);
#7037 = DIRECTION('',(0.,1.));
#7038 = ( GEOMETRIC_REPRESENTATION_CONTEXT(2) 
PARAMETRIC_REPRESENTATION_CONTEXT() REPRESENTATION_CONTEXT('2D SPACE',''
  ) );
#7039 = ORIENTED_EDGE('',*,*,#7040,.T.);
#7040 = EDGE_CURVE('',#7013,#7041,#7043,.T.);
#7041 = VERTEX_POINT('',#7042);
#7042 = CARTESIAN_POINT('',(-36.44455828827,-65.,113.2));
#7043 = SURFACE_CURVE('',#7044,(#7049,#7056),.PCURVE_S1.);
#7044 = CIRCLE('',#7045,14.);
#7045 = AXIS2_PLACEMENT_3D('',#7046,#7047,#7048);
#7046 = CARTESIAN_POINT('',(-50.,-65.,116.7));
#7047 = DIRECTION('',(0.,-1.,1.110223024625E-16));
#7048 = DIRECTION('',(1.,0.,0.));
#7049 = PCURVE('',#6903,#7050);
#7050 = DEFINITIONAL_REPRESENTATION('',(#7051),#7055);
#7051 = CIRCLE('',#7052,14.);
#7052 = AXIS2_PLACEMENT_2D('',#7053,#7054);
#7053 = CARTESIAN_POINT('',(0.,0.));
#7054 = DIRECTION('',(1.,0.));
#7055 = ( GEOMETRIC_REPRESENTATION_CONTEXT(2) 
PARAMETRIC_REPRESENTATION_CONTEXT() REPRESENTATION_CONTEXT('2D SPACE',''
  ) );
#7056 = PCURVE('',#6944,#7057);
#7057 = DEFINITIONAL_REPRESENTATION('',(#7058),#7062);
#7058 = LINE('',#7059,#7060);
#7059 = CARTESIAN_POINT('',(6.28318530718,0.));
#7060 = VECTOR('',#7061,1.);
#7061 = DIRECTION('',(-1.,0.));
#7062 = ( GEOMETRIC_REPRESENTATION_CONTEXT(2) 
PARAMETRIC_REPRESENTATION_CONTEXT() REPRESENTATION_CONTEXT('2D SPACE',''
  ) );
#7063 = ORIENTED_EDGE('',*,*,#7064,.T.);
#7064 = EDGE_CURVE('',#7041,#7065,#7067,.T.);
#7065 = VERTEX_POINT('',#7066);
#7066 = CARTESIAN_POINT('',(-29.,-65.,113.2));
#7067 = SURFACE_CURVE('',#7068,(#7072,#7079),.PCURVE_S1.);
#7068 = LINE('',#7069,#7070);
#7069 = CARTESIAN_POINT('',(-71.,-65.,113.2));
#7070 = VECTOR('',#7071,1.);
#7071 = DIRECTION('',(1.,0.,0.));
#7072 = PCURVE('',#6903,#7073);
#7073 = DEFINITIONAL_REPRESENTATION('',(#7074),#7078);
#7074 = LINE('',#7075,#7076);
#7075 = CARTESIAN_POINT('',(-21.,-3.5));
#7076 = VECTOR('',#7077,1.);
#7077 = DIRECTION('',(1.,0.));
#7078 = ( GEOMETRIC_REPRESENTATION_CONTEXT(2) 
PARAMETRIC_REPRESENTATION_CONTEXT() REPRESENTATION_CONTEXT('2D SPACE',''
  ) );
#7079 = PCURVE('',#7080,#7085);
#7080 = PLANE('',#7081);
#7081 = AXIS2_PLACEMENT_3D('',#7082,#7083,#7084);
#7082 = CARTESIAN_POINT('',(-71.,-65.,113.2));
#7083 = DIRECTION('',(0.,1.110223024625E-16,1.));
#7084 = DIRECTION('',(0.,-1.,1.110223024625E-16));
#7085 = DEFINITIONAL_REPRESENTATION('',(#7086),#7090);
#7086 = LINE('',#7087,#7088);
#7087 = CARTESIAN_POINT('',(0.,0.));
#7088 = VECTOR('',#7089,1.);
#7089 = DIRECTION('',(0.,1.));
#7090 = ( GEOMETRIC_REPRESENTATION_CONTEXT(2) 
PARAMETRIC_REPRESENTATION_CONTEXT() REPRESENTATION_CONTEXT('2D SPACE',''
  ) );
#7091 = ORIENTED_EDGE('',*,*,#7092,.T.);
#7092 = EDGE_CURVE('',#7065,#6895,#7093,.T.);
#7093 = SURFACE_CURVE('',#7094,(#7098,#7105),.PCURVE_S1.);
#7094 = LINE('',#7095,#7096);
#7095 = CARTESIAN_POINT('',(-29.,-65.,113.2));
#7096 = VECTOR('',#7097,1.);
#7097 = DIRECTION('',(0.,1.110223024625E-16,1.));
#7098 = PCURVE('',#6903,#7099);
#7099 = DEFINITIONAL_REPRESENTATION('',(#7100),#7104);
#7100 = LINE('',#7101,#7102);
#7101 = CARTESIAN_POINT('',(21.,-3.5));
#7102 = VECTOR('',#7103,1.);
#7103 = DIRECTION('',(0.,1.));
#7104 = ( GEOMETRIC_REPRESENTATION_CONTEXT(2) 
PARAMETRIC_REPRESENTATION_CONTEXT() REPRESENTATION_CONTEXT('2D SPACE',''
  ) );
#7105 = PCURVE('',#7106,#7111);
#7106 = PLANE('',#7107);
#7107 = AXIS2_PLACEMENT_3D('',#7108,#7109,#7110);
#7108 = CARTESIAN_POINT('',(-29.,-65.,113.2));
#7109 = DIRECTION('',(1.,0.,0.));
#7110 = DIRECTION('',(0.,-1.,1.110223024625E-16));
#7111 = DEFINITIONAL_REPRESENTATION('',(#7112),#7116);
#7112 = LINE('',#7113,#7114);
#7113 = CARTESIAN_POINT('',(0.,0.));
#7114 = VECTOR('',#7115,1.);
#7115 = DIRECTION('',(0.,-1.));
#7116 = ( GEOMETRIC_REPRESENTATION_CONTEXT(2) 
PARAMETRIC_REPRESENTATION_CONTEXT() REPRESENTATION_CONTEXT('2D SPACE',''
  ) );
#7117 = ADVANCED_FACE('',(#7118),#6915,.T.);
#7118 = FACE_BOUND('',#7119,.T.);
#7119 = EDGE_LOOP('',(#7120,#7121,#7143,#7171));
#7120 = ORIENTED_EDGE('',*,*,#6892,.F.);
#7121 = ORIENTED_EDGE('',*,*,#7122,.F.);
#7122 = EDGE_CURVE('',#7123,#6893,#7125,.T.);
#7123 = VERTEX_POINT('',#7124);
#7124 = CARTESIAN_POINT('',(-36.44455828827,-68.,120.2));
#7125 = SURFACE_CURVE('',#7126,(#7130,#7137),.PCURVE_S1.);
#7126 = LINE('',#7127,#7128);
#7127 = CARTESIAN_POINT('',(-36.44455828827,-65.,120.2));
#7128 = VECTOR('',#7129,1.);
#7129 = DIRECTION('',(-0.,1.,-1.110223024625E-16));
#7130 = PCURVE('',#6915,#7131);
#7131 = DEFINITIONAL_REPRESENTATION('',(#7132),#7136);
#7132 = LINE('',#7133,#7134);
#7133 = CARTESIAN_POINT('',(0.,34.555441711726));
#7134 = VECTOR('',#7135,1.);
#7135 = DIRECTION('',(-1.,0.));
#7136 = ( GEOMETRIC_REPRESENTATION_CONTEXT(2) 
PARAMETRIC_REPRESENTATION_CONTEXT() REPRESENTATION_CONTEXT('2D SPACE',''
  ) );
#7137 = PCURVE('',#6944,#7138);
#7138 = DEFINITIONAL_REPRESENTATION('',(#7139),#7142);
#7139 = B_SPLINE_CURVE_WITH_KNOTS('',1,(#7140,#7141),.UNSPECIFIED.,.F.,
  .F.,(2,2),(-3.3,6.E-07),.PIECEWISE_BEZIER_KNOTS.);
#7140 = CARTESIAN_POINT('',(6.030505052038,-3.3));
#7141 = CARTESIAN_POINT('',(6.030505052038,6.E-07));
#7142 = ( GEOMETRIC_REPRESENTATION_CONTEXT(2) 
PARAMETRIC_REPRESENTATION_CONTEXT() REPRESENTATION_CONTEXT('2D SPACE',''
  ) );
#7143 = ORIENTED_EDGE('',*,*,#7144,.T.);
#7144 = EDGE_CURVE('',#7123,#7145,#7147,.T.);
#7145 = VERTEX_POINT('',#7146);
#7146 = CARTESIAN_POINT('',(-29.,-68.,120.2));
#7147 = SURFACE_CURVE('',#7148,(#7152,#7159),.PCURVE_S1.);
#7148 = LINE('',#7149,#7150);
#7149 = CARTESIAN_POINT('',(-71.,-68.,120.2));
#7150 = VECTOR('',#7151,1.);
#7151 = DIRECTION('',(1.,0.,0.));
#7152 = PCURVE('',#6915,#7153);
#7153 = DEFINITIONAL_REPRESENTATION('',(#7154),#7158);
#7154 = LINE('',#7155,#7156);
#7155 = CARTESIAN_POINT('',(3.,0.));
#7156 = VECTOR('',#7157,1.);
#7157 = DIRECTION('',(0.,1.));
#7158 = ( GEOMETRIC_REPRESENTATION_CONTEXT(2) 
PARAMETRIC_REPRESENTATION_CONTEXT() REPRESENTATION_CONTEXT('2D SPACE',''
  ) );
#7159 = PCURVE('',#7160,#7165);
#7160 = PLANE('',#7161);
#7161 = AXIS2_PLACEMENT_3D('',#7162,#7163,#7164);
#7162 = CARTESIAN_POINT('',(-71.,-68.,113.2));
#7163 = DIRECTION('',(0.,-1.,1.110223024625E-16));
#7164 = DIRECTION('',(1.,0.,0.));
#7165 = DEFINITIONAL_REPRESENTATION('',(#7166),#7170);
#7166 = LINE('',#7167,#7168);
#7167 = CARTESIAN_POINT('',(0.,7.));
#7168 = VECTOR('',#7169,1.);
#7169 = DIRECTION('',(1.,0.));
#7170 = ( GEOMETRIC_REPRESENTATION_CONTEXT(2) 
PARAMETRIC_REPRESENTATION_CONTEXT() REPRESENTATION_CONTEXT('2D SPACE',''
  ) );
#7171 = ORIENTED_EDGE('',*,*,#7172,.F.);
#7172 = EDGE_CURVE('',#6895,#7145,#7173,.T.);
#7173 = SURFACE_CURVE('',#7174,(#7178,#7185),.PCURVE_S1.);
#7174 = LINE('',#7175,#7176);
#7175 = CARTESIAN_POINT('',(-29.,-65.,120.2));
#7176 = VECTOR('',#7177,1.);
#7177 = DIRECTION('',(0.,-1.,1.110223024625E-16));
#7178 = PCURVE('',#6915,#7179);
#7179 = DEFINITIONAL_REPRESENTATION('',(#7180),#7184);
#7180 = LINE('',#7181,#7182);
#7181 = CARTESIAN_POINT('',(0.,42.));
#7182 = VECTOR('',#7183,1.);
#7183 = DIRECTION('',(1.,0.));
#7184 = ( GEOMETRIC_REPRESENTATION_CONTEXT(2) 
PARAMETRIC_REPRESENTATION_CONTEXT() REPRESENTATION_CONTEXT('2D SPACE',''
  ) );
#7185 = PCURVE('',#7106,#7186);
#7186 = DEFINITIONAL_REPRESENTATION('',(#7187),#7191);
#7187 = LINE('',#7188,#7189);
#7188 = CARTESIAN_POINT('',(7.771561172376E-16,-7.));
#7189 = VECTOR('',#7190,1.);
#7190 = DIRECTION('',(1.,0.));
#7191 = ( GEOMETRIC_REPRESENTATION_CONTEXT(2) 
PARAMETRIC_REPRESENTATION_CONTEXT() REPRESENTATION_CONTEXT('2D SPACE',''
  ) );
#7192 = ADVANCED_FACE('',(#7193),#6944,.T.);
#7193 = FACE_BOUND('',#7194,.T.);
#7194 = EDGE_LOOP('',(#7195,#7196,#7197,#7219,#7252,#7272,#7273,#7295,
    #7323,#7346,#7373,#7374));
#7195 = ORIENTED_EDGE('',*,*,#7122,.T.);
#7196 = ORIENTED_EDGE('',*,*,#6927,.T.);
#7197 = ORIENTED_EDGE('',*,*,#7198,.F.);
#7198 = EDGE_CURVE('',#7199,#6928,#7201,.T.);
#7199 = VERTEX_POINT('',#7200);
#7200 = CARTESIAN_POINT('',(-63.55544171172,-68.,120.2));
#7201 = SURFACE_CURVE('',#7202,(#7206,#7212),.PCURVE_S1.);
#7202 = LINE('',#7203,#7204);
#7203 = CARTESIAN_POINT('',(-63.55544171172,-65.,120.2));
#7204 = VECTOR('',#7205,1.);
#7205 = DIRECTION('',(-0.,1.,-1.110223024625E-16));
#7206 = PCURVE('',#6944,#7207);
#7207 = DEFINITIONAL_REPRESENTATION('',(#7208),#7211);
#7208 = B_SPLINE_CURVE_WITH_KNOTS('',1,(#7209,#7210),.UNSPECIFIED.,.F.,
  .F.,(2,2),(-3.3,6.E-07),.PIECEWISE_BEZIER_KNOTS.);
#7209 = CARTESIAN_POINT('',(3.394272908732,-3.3));
#7210 = CARTESIAN_POINT('',(3.394272908732,6.E-07));
#7211 = ( GEOMETRIC_REPRESENTATION_CONTEXT(2) 
PARAMETRIC_REPRESENTATION_CONTEXT() REPRESENTATION_CONTEXT('2D SPACE',''
  ) );
#7212 = PCURVE('',#6972,#7213);
#7213 = DEFINITIONAL_REPRESENTATION('',(#7214),#7218);
#7214 = LINE('',#7215,#7216);
#7215 = CARTESIAN_POINT('',(0.,7.44455828828));
#7216 = VECTOR('',#7217,1.);
#7217 = DIRECTION('',(-1.,0.));
#7218 = ( GEOMETRIC_REPRESENTATION_CONTEXT(2) 
PARAMETRIC_REPRESENTATION_CONTEXT() REPRESENTATION_CONTEXT('2D SPACE',''
  ) );
#7219 = ORIENTED_EDGE('',*,*,#7220,.F.);
#7220 = EDGE_CURVE('',#7221,#7199,#7223,.T.);
#7221 = VERTEX_POINT('',#7222);
#7222 = CARTESIAN_POINT('',(-63.55544171172,-68.,113.2));
#7223 = SURFACE_CURVE('',#7224,(#7229,#7236),.PCURVE_S1.);
#7224 = CIRCLE('',#7225,14.);
#7225 = AXIS2_PLACEMENT_3D('',#7226,#7227,#7228);
#7226 = CARTESIAN_POINT('',(-50.,-68.,116.7));
#7227 = DIRECTION('',(0.,1.,-1.110223024625E-16));
#7228 = DIRECTION('',(1.,0.,0.));
#7229 = PCURVE('',#6944,#7230);
#7230 = DEFINITIONAL_REPRESENTATION('',(#7231),#7235);
#7231 = LINE('',#7232,#7233);
#7232 = CARTESIAN_POINT('',(-4.138911435803E-13,-3.));
#7233 = VECTOR('',#7234,1.);
#7234 = DIRECTION('',(1.,-0.));
#7235 = ( GEOMETRIC_REPRESENTATION_CONTEXT(2) 
PARAMETRIC_REPRESENTATION_CONTEXT() REPRESENTATION_CONTEXT('2D SPACE',''
  ) );
#7236 = PCURVE('',#7237,#7242);
#7237 = PLANE('',#7238);
#7238 = AXIS2_PLACEMENT_3D('',#7239,#7240,#7241);
#7239 = CARTESIAN_POINT('',(-71.,-68.,113.2));
#7240 = DIRECTION('',(0.,-1.,1.110223024625E-16));
#7241 = DIRECTION('',(1.,0.,0.));
#7242 = DEFINITIONAL_REPRESENTATION('',(#7243),#7251);
#7243 = ( BOUNDED_CURVE() B_SPLINE_CURVE(2,(#7244,#7245,#7246,#7247,
#7248,#7249,#7250),.UNSPECIFIED.,.T.,.F.) B_SPLINE_CURVE_WITH_KNOTS((1,2
    ,2,2,2,1),(-2.094395102393,0.,2.094395102393,4.188790204786,
6.28318530718,8.377580409573),.UNSPECIFIED.) CURVE() 
GEOMETRIC_REPRESENTATION_ITEM() RATIONAL_B_SPLINE_CURVE((1.,0.5,1.,0.5,
1.,0.5,1.)) REPRESENTATION_ITEM('') );
#7244 = CARTESIAN_POINT('',(35.,3.5));
#7245 = CARTESIAN_POINT('',(35.,-20.74871130596));
#7246 = CARTESIAN_POINT('',(14.,-8.624355652982));
#7247 = CARTESIAN_POINT('',(-7.,3.5));
#7248 = CARTESIAN_POINT('',(14.,15.624355652982));
#7249 = CARTESIAN_POINT('',(35.,27.748711305964));
#7250 = CARTESIAN_POINT('',(35.,3.5));
#7251 = ( GEOMETRIC_REPRESENTATION_CONTEXT(2) 
PARAMETRIC_REPRESENTATION_CONTEXT() REPRESENTATION_CONTEXT('2D SPACE',''
  ) );
#7252 = ORIENTED_EDGE('',*,*,#7253,.T.);
#7253 = EDGE_CURVE('',#7221,#7013,#7254,.T.);
#7254 = SURFACE_CURVE('',#7255,(#7259,#7265),.PCURVE_S1.);
#7255 = LINE('',#7256,#7257);
#7256 = CARTESIAN_POINT('',(-63.55544171172,-65.,113.2));
#7257 = VECTOR('',#7258,1.);
#7258 = DIRECTION('',(-0.,1.,-1.110223024625E-16));
#7259 = PCURVE('',#6944,#7260);
#7260 = DEFINITIONAL_REPRESENTATION('',(#7261),#7264);
#7261 = B_SPLINE_CURVE_WITH_KNOTS('',1,(#7262,#7263),.UNSPECIFIED.,.F.,
  .F.,(2,2),(-3.3,6.E-07),.PIECEWISE_BEZIER_KNOTS.);
#7262 = CARTESIAN_POINT('',(2.888912398448,-3.3));
#7263 = CARTESIAN_POINT('',(2.888912398448,6.E-07));
#7264 = ( GEOMETRIC_REPRESENTATION_CONTEXT(2) 
PARAMETRIC_REPRESENTATION_CONTEXT() REPRESENTATION_CONTEXT('2D SPACE',''
  ) );
#7265 = PCURVE('',#7028,#7266);
#7266 = DEFINITIONAL_REPRESENTATION('',(#7267),#7271);
#7267 = LINE('',#7268,#7269);
#7268 = CARTESIAN_POINT('',(0.,7.44455828828));
#7269 = VECTOR('',#7270,1.);
#7270 = DIRECTION('',(-1.,0.));
#7271 = ( GEOMETRIC_REPRESENTATION_CONTEXT(2) 
PARAMETRIC_REPRESENTATION_CONTEXT() REPRESENTATION_CONTEXT('2D SPACE',''
  ) );
#7272 = ORIENTED_EDGE('',*,*,#7040,.T.);
#7273 = ORIENTED_EDGE('',*,*,#7274,.F.);
#7274 = EDGE_CURVE('',#7275,#7041,#7277,.T.);
#7275 = VERTEX_POINT('',#7276);
#7276 = CARTESIAN_POINT('',(-36.44455828827,-68.,113.2));
#7277 = SURFACE_CURVE('',#7278,(#7282,#7288),.PCURVE_S1.);
#7278 = LINE('',#7279,#7280);
#7279 = CARTESIAN_POINT('',(-36.44455828827,-65.,113.2));
#7280 = VECTOR('',#7281,1.);
#7281 = DIRECTION('',(-0.,1.,-1.110223024625E-16));
#7282 = PCURVE('',#6944,#7283);
#7283 = DEFINITIONAL_REPRESENTATION('',(#7284),#7287);
#7284 = B_SPLINE_CURVE_WITH_KNOTS('',1,(#7285,#7286),.UNSPECIFIED.,.F.,
  .F.,(2,2),(-3.3,6.E-07),.PIECEWISE_BEZIER_KNOTS.);
#7285 = CARTESIAN_POINT('',(0.252680255142,-3.3));
#7286 = CARTESIAN_POINT('',(0.252680255142,6.E-07));
#7287 = ( GEOMETRIC_REPRESENTATION_CONTEXT(2) 
PARAMETRIC_REPRESENTATION_CONTEXT() REPRESENTATION_CONTEXT('2D SPACE',''
  ) );
#7288 = PCURVE('',#7080,#7289);
#7289 = DEFINITIONAL_REPRESENTATION('',(#7290),#7294);
#7290 = LINE('',#7291,#7292);
#7291 = CARTESIAN_POINT('',(0.,34.555441711726));
#7292 = VECTOR('',#7293,1.);
#7293 = DIRECTION('',(-1.,0.));
#7294 = ( GEOMETRIC_REPRESENTATION_CONTEXT(2) 
PARAMETRIC_REPRESENTATION_CONTEXT() REPRESENTATION_CONTEXT('2D SPACE',''
  ) );
#7295 = ORIENTED_EDGE('',*,*,#7296,.F.);
#7296 = EDGE_CURVE('',#7297,#7275,#7299,.T.);
#7297 = VERTEX_POINT('',#7298);
#7298 = CARTESIAN_POINT('',(-36.,-68.,116.7));
#7299 = SURFACE_CURVE('',#7300,(#7305,#7312),.PCURVE_S1.);
#7300 = CIRCLE('',#7301,14.);
#7301 = AXIS2_PLACEMENT_3D('',#7302,#7303,#7304);
#7302 = CARTESIAN_POINT('',(-50.,-68.,116.7));
#7303 = DIRECTION('',(0.,1.,-1.110223024625E-16));
#7304 = DIRECTION('',(1.,0.,0.));
#7305 = PCURVE('',#6944,#7306);
#7306 = DEFINITIONAL_REPRESENTATION('',(#7307),#7311);
#7307 = LINE('',#7308,#7309);
#7308 = CARTESIAN_POINT('',(-4.138911435803E-13,-3.));
#7309 = VECTOR('',#7310,1.);
#7310 = DIRECTION('',(1.,-0.));
#7311 = ( GEOMETRIC_REPRESENTATION_CONTEXT(2) 
PARAMETRIC_REPRESENTATION_CONTEXT() REPRESENTATION_CONTEXT('2D SPACE',''
  ) );
#7312 = PCURVE('',#7160,#7313);
#7313 = DEFINITIONAL_REPRESENTATION('',(#7314),#7322);
#7314 = ( BOUNDED_CURVE() B_SPLINE_CURVE(2,(#7315,#7316,#7317,#7318,
#7319,#7320,#7321),.UNSPECIFIED.,.T.,.F.) B_SPLINE_CURVE_WITH_KNOTS((1,2
    ,2,2,2,1),(-2.094395102393,0.,2.094395102393,4.188790204786,
6.28318530718,8.377580409573),.UNSPECIFIED.) CURVE() 
GEOMETRIC_REPRESENTATION_ITEM() RATIONAL_B_SPLINE_CURVE((1.,0.5,1.,0.5,
1.,0.5,1.)) REPRESENTATION_ITEM('') );
#7315 = CARTESIAN_POINT('',(35.,3.5));
#7316 = CARTESIAN_POINT('',(35.,-20.74871130596));
#7317 = CARTESIAN_POINT('',(14.,-8.624355652982));
#7318 = CARTESIAN_POINT('',(-7.,3.5));
#7319 = CARTESIAN_POINT('',(14.,15.624355652982));
#7320 = CARTESIAN_POINT('',(35.,27.748711305964));
#7321 = CARTESIAN_POINT('',(35.,3.5));
#7322 = ( GEOMETRIC_REPRESENTATION_CONTEXT(2) 
PARAMETRIC_REPRESENTATION_CONTEXT() REPRESENTATION_CONTEXT('2D SPACE',''
  ) );
#7323 = ORIENTED_EDGE('',*,*,#7324,.T.);
#7324 = EDGE_CURVE('',#7297,#7325,#7327,.T.);
#7325 = VERTEX_POINT('',#7326);
#7326 = CARTESIAN_POINT('',(-36.,-84.,116.7));
#7327 = SEAM_CURVE('',#7328,(#7332,#7339),.PCURVE_S1.);
#7328 = LINE('',#7329,#7330);
#7329 = CARTESIAN_POINT('',(-36.,-65.,116.7));
#7330 = VECTOR('',#7331,1.);
#7331 = DIRECTION('',(0.,-1.,1.110223024625E-16));
#7332 = PCURVE('',#6944,#7333);
#7333 = DEFINITIONAL_REPRESENTATION('',(#7334),#7338);
#7334 = LINE('',#7335,#7336);
#7335 = CARTESIAN_POINT('',(-4.138911435803E-13,0.));
#7336 = VECTOR('',#7337,1.);
#7337 = DIRECTION('',(-0.,-1.));
#7338 = ( GEOMETRIC_REPRESENTATION_CONTEXT(2) 
PARAMETRIC_REPRESENTATION_CONTEXT() REPRESENTATION_CONTEXT('2D SPACE',''
  ) );
#7339 = PCURVE('',#6944,#7340);
#7340 = DEFINITIONAL_REPRESENTATION('',(#7341),#7345);
#7341 = LINE('',#7342,#7343);
#7342 = CARTESIAN_POINT('',(6.28318530718,0.));
#7343 = VECTOR('',#7344,1.);
#7344 = DIRECTION('',(-0.,-1.));
#7345 = ( GEOMETRIC_REPRESENTATION_CONTEXT(2) 
PARAMETRIC_REPRESENTATION_CONTEXT() REPRESENTATION_CONTEXT('2D SPACE',''
  ) );
#7346 = ORIENTED_EDGE('',*,*,#7347,.F.);
#7347 = EDGE_CURVE('',#7325,#7325,#7348,.T.);
#7348 = SURFACE_CURVE('',#7349,(#7354,#7361),.PCURVE_S1.);
#7349 = CIRCLE('',#7350,14.);
#7350 = AXIS2_PLACEMENT_3D('',#7351,#7352,#7353);
#7351 = CARTESIAN_POINT('',(-50.,-84.,116.7));
#7352 = DIRECTION('',(0.,-1.,1.110223024625E-16));
#7353 = DIRECTION('',(1.,0.,0.));
#7354 = PCURVE('',#6944,#7355);
#7355 = DEFINITIONAL_REPRESENTATION('',(#7356),#7360);
#7356 = LINE('',#7357,#7358);
#7357 = CARTESIAN_POINT('',(6.28318530718,-19.));
#7358 = VECTOR('',#7359,1.);
#7359 = DIRECTION('',(-1.,0.));
#7360 = ( GEOMETRIC_REPRESENTATION_CONTEXT(2) 
PARAMETRIC_REPRESENTATION_CONTEXT() REPRESENTATION_CONTEXT('2D SPACE',''
  ) );
#7361 = PCURVE('',#7362,#7367);
#7362 = PLANE('',#7363);
#7363 = AXIS2_PLACEMENT_3D('',#7364,#7365,#7366);
#7364 = CARTESIAN_POINT('',(-50.,-84.,116.7));
#7365 = DIRECTION('',(0.,-1.,1.110223024625E-16));
#7366 = DIRECTION('',(1.,0.,0.));
#7367 = DEFINITIONAL_REPRESENTATION('',(#7368),#7372);
#7368 = CIRCLE('',#7369,14.);
#7369 = AXIS2_PLACEMENT_2D('',#7370,#7371);
#7370 = CARTESIAN_POINT('',(0.,0.));
#7371 = DIRECTION('',(1.,0.));
#7372 = ( GEOMETRIC_REPRESENTATION_CONTEXT(2) 
PARAMETRIC_REPRESENTATION_CONTEXT() REPRESENTATION_CONTEXT('2D SPACE',''
  ) );
#7373 = ORIENTED_EDGE('',*,*,#7324,.F.);
#7374 = ORIENTED_EDGE('',*,*,#7375,.F.);
#7375 = EDGE_CURVE('',#7123,#7297,#7376,.T.);
#7376 = SURFACE_CURVE('',#7377,(#7382,#7389),.PCURVE_S1.);
#7377 = CIRCLE('',#7378,14.);
#7378 = AXIS2_PLACEMENT_3D('',#7379,#7380,#7381);
#7379 = CARTESIAN_POINT('',(-50.,-68.,116.7));
#7380 = DIRECTION('',(0.,1.,-1.110223024625E-16));
#7381 = DIRECTION('',(1.,0.,0.));
#7382 = PCURVE('',#6944,#7383);
#7383 = DEFINITIONAL_REPRESENTATION('',(#7384),#7388);
#7384 = LINE('',#7385,#7386);
#7385 = CARTESIAN_POINT('',(-4.138911435803E-13,-3.));
#7386 = VECTOR('',#7387,1.);
#7387 = DIRECTION('',(1.,-0.));
#7388 = ( GEOMETRIC_REPRESENTATION_CONTEXT(2) 
PARAMETRIC_REPRESENTATION_CONTEXT() REPRESENTATION_CONTEXT('2D SPACE',''
  ) );
#7389 = PCURVE('',#7160,#7390);
#7390 = DEFINITIONAL_REPRESENTATION('',(#7391),#7399);
#7391 = ( BOUNDED_CURVE() B_SPLINE_CURVE(2,(#7392,#7393,#7394,#7395,
#7396,#7397,#7398),.UNSPECIFIED.,.T.,.F.) B_SPLINE_CURVE_WITH_KNOTS((1,2
    ,2,2,2,1),(-2.094395102393,0.,2.094395102393,4.188790204786,
6.28318530718,8.377580409573),.UNSPECIFIED.) CURVE() 
GEOMETRIC_REPRESENTATION_ITEM() RATIONAL_B_SPLINE_CURVE((1.,0.5,1.,0.5,
1.,0.5,1.)) REPRESENTATION_ITEM('') );
#7392 = CARTESIAN_POINT('',(35.,3.5));
#7393 = CARTESIAN_POINT('',(35.,-20.74871130596));
#7394 = CARTESIAN_POINT('',(14.,-8.624355652982));
#7395 = CARTESIAN_POINT('',(-7.,3.5));
#7396 = CARTESIAN_POINT('',(14.,15.624355652982));
#7397 = CARTESIAN_POINT('',(35.,27.748711305964));
#7398 = CARTESIAN_POINT('',(35.,3.5));
#7399 = ( GEOMETRIC_REPRESENTATION_CONTEXT(2) 
PARAMETRIC_REPRESENTATION_CONTEXT() REPRESENTATION_CONTEXT('2D SPACE',''
  ) );
#7400 = ADVANCED_FACE('',(#7401),#6972,.T.);
#7401 = FACE_BOUND('',#7402,.T.);
#7402 = EDGE_LOOP('',(#7403,#7404,#7427,#7448));
#7403 = ORIENTED_EDGE('',*,*,#6956,.F.);
#7404 = ORIENTED_EDGE('',*,*,#7405,.T.);
#7405 = EDGE_CURVE('',#6957,#7406,#7408,.T.);
#7406 = VERTEX_POINT('',#7407);
#7407 = CARTESIAN_POINT('',(-71.,-68.,120.2));
#7408 = SURFACE_CURVE('',#7409,(#7413,#7420),.PCURVE_S1.);
#7409 = LINE('',#7410,#7411);
#7410 = CARTESIAN_POINT('',(-71.,-65.,120.2));
#7411 = VECTOR('',#7412,1.);
#7412 = DIRECTION('',(0.,-1.,1.110223024625E-16));
#7413 = PCURVE('',#6972,#7414);
#7414 = DEFINITIONAL_REPRESENTATION('',(#7415),#7419);
#7415 = LINE('',#7416,#7417);
#7416 = CARTESIAN_POINT('',(0.,0.));
#7417 = VECTOR('',#7418,1.);
#7418 = DIRECTION('',(1.,0.));
#7419 = ( GEOMETRIC_REPRESENTATION_CONTEXT(2) 
PARAMETRIC_REPRESENTATION_CONTEXT() REPRESENTATION_CONTEXT('2D SPACE',''
  ) );
#7420 = PCURVE('',#7000,#7421);
#7421 = DEFINITIONAL_REPRESENTATION('',(#7422),#7426);
#7422 = LINE('',#7423,#7424);
#7423 = CARTESIAN_POINT('',(7.771561172376E-16,-7.));
#7424 = VECTOR('',#7425,1.);
#7425 = DIRECTION('',(1.,0.));
#7426 = ( GEOMETRIC_REPRESENTATION_CONTEXT(2) 
PARAMETRIC_REPRESENTATION_CONTEXT() REPRESENTATION_CONTEXT('2D SPACE',''
  ) );
#7427 = ORIENTED_EDGE('',*,*,#7428,.T.);
#7428 = EDGE_CURVE('',#7406,#7199,#7429,.T.);
#7429 = SURFACE_CURVE('',#7430,(#7434,#7441),.PCURVE_S1.);
#7430 = LINE('',#7431,#7432);
#7431 = CARTESIAN_POINT('',(-71.,-68.,120.2));
#7432 = VECTOR('',#7433,1.);
#7433 = DIRECTION('',(1.,0.,0.));
#7434 = PCURVE('',#6972,#7435);
#7435 = DEFINITIONAL_REPRESENTATION('',(#7436),#7440);
#7436 = LINE('',#7437,#7438);
#7437 = CARTESIAN_POINT('',(3.,0.));
#7438 = VECTOR('',#7439,1.);
#7439 = DIRECTION('',(0.,1.));
#7440 = ( GEOMETRIC_REPRESENTATION_CONTEXT(2) 
PARAMETRIC_REPRESENTATION_CONTEXT() REPRESENTATION_CONTEXT('2D SPACE',''
  ) );
#7441 = PCURVE('',#7237,#7442);
#7442 = DEFINITIONAL_REPRESENTATION('',(#7443),#7447);
#7443 = LINE('',#7444,#7445);
#7444 = CARTESIAN_POINT('',(0.,7.));
#7445 = VECTOR('',#7446,1.);
#7446 = DIRECTION('',(1.,0.));
#7447 = ( GEOMETRIC_REPRESENTATION_CONTEXT(2) 
PARAMETRIC_REPRESENTATION_CONTEXT() REPRESENTATION_CONTEXT('2D SPACE',''
  ) );
#7448 = ORIENTED_EDGE('',*,*,#7198,.T.);
#7449 = ADVANCED_FACE('',(#7450),#7000,.F.);
#7450 = FACE_BOUND('',#7451,.F.);
#7451 = EDGE_LOOP('',(#7452,#7475,#7476,#7477));
#7452 = ORIENTED_EDGE('',*,*,#7453,.F.);
#7453 = EDGE_CURVE('',#6985,#7454,#7456,.T.);
#7454 = VERTEX_POINT('',#7455);
#7455 = CARTESIAN_POINT('',(-71.,-68.,113.2));
#7456 = SURFACE_CURVE('',#7457,(#7461,#7468),.PCURVE_S1.);
#7457 = LINE('',#7458,#7459);
#7458 = CARTESIAN_POINT('',(-71.,-65.,113.2));
#7459 = VECTOR('',#7460,1.);
#7460 = DIRECTION('',(0.,-1.,1.110223024625E-16));
#7461 = PCURVE('',#7000,#7462);
#7462 = DEFINITIONAL_REPRESENTATION('',(#7463),#7467);
#7463 = LINE('',#7464,#7465);
#7464 = CARTESIAN_POINT('',(0.,0.));
#7465 = VECTOR('',#7466,1.);
#7466 = DIRECTION('',(1.,0.));
#7467 = ( GEOMETRIC_REPRESENTATION_CONTEXT(2) 
PARAMETRIC_REPRESENTATION_CONTEXT() REPRESENTATION_CONTEXT('2D SPACE',''
  ) );
#7468 = PCURVE('',#7028,#7469);
#7469 = DEFINITIONAL_REPRESENTATION('',(#7470),#7474);
#7470 = LINE('',#7471,#7472);
#7471 = CARTESIAN_POINT('',(0.,0.));
#7472 = VECTOR('',#7473,1.);
#7473 = DIRECTION('',(1.,0.));
#7474 = ( GEOMETRIC_REPRESENTATION_CONTEXT(2) 
PARAMETRIC_REPRESENTATION_CONTEXT() REPRESENTATION_CONTEXT('2D SPACE',''
  ) );
#7475 = ORIENTED_EDGE('',*,*,#6984,.T.);
#7476 = ORIENTED_EDGE('',*,*,#7405,.T.);
#7477 = ORIENTED_EDGE('',*,*,#7478,.F.);
#7478 = EDGE_CURVE('',#7454,#7406,#7479,.T.);
#7479 = SURFACE_CURVE('',#7480,(#7484,#7491),.PCURVE_S1.);
#7480 = LINE('',#7481,#7482);
#7481 = CARTESIAN_POINT('',(-71.,-68.,113.2));
#7482 = VECTOR('',#7483,1.);
#7483 = DIRECTION('',(0.,1.110223024625E-16,1.));
#7484 = PCURVE('',#7000,#7485);
#7485 = DEFINITIONAL_REPRESENTATION('',(#7486),#7490);
#7486 = LINE('',#7487,#7488);
#7487 = CARTESIAN_POINT('',(3.,3.330669073875E-16));
#7488 = VECTOR('',#7489,1.);
#7489 = DIRECTION('',(0.,-1.));
#7490 = ( GEOMETRIC_REPRESENTATION_CONTEXT(2) 
PARAMETRIC_REPRESENTATION_CONTEXT() REPRESENTATION_CONTEXT('2D SPACE',''
  ) );
#7491 = PCURVE('',#7237,#7492);
#7492 = DEFINITIONAL_REPRESENTATION('',(#7493),#7497);
#7493 = LINE('',#7494,#7495);
#7494 = CARTESIAN_POINT('',(0.,0.));
#7495 = VECTOR('',#7496,1.);
#7496 = DIRECTION('',(0.,1.));
#7497 = ( GEOMETRIC_REPRESENTATION_CONTEXT(2) 
PARAMETRIC_REPRESENTATION_CONTEXT() REPRESENTATION_CONTEXT('2D SPACE',''
  ) );
#7498 = ADVANCED_FACE('',(#7499),#7028,.F.);
#7499 = FACE_BOUND('',#7500,.F.);
#7500 = EDGE_LOOP('',(#7501,#7502,#7503,#7524));
#7501 = ORIENTED_EDGE('',*,*,#7012,.F.);
#7502 = ORIENTED_EDGE('',*,*,#7453,.T.);
#7503 = ORIENTED_EDGE('',*,*,#7504,.T.);
#7504 = EDGE_CURVE('',#7454,#7221,#7505,.T.);
#7505 = SURFACE_CURVE('',#7506,(#7510,#7517),.PCURVE_S1.);
#7506 = LINE('',#7507,#7508);
#7507 = CARTESIAN_POINT('',(-71.,-68.,113.2));
#7508 = VECTOR('',#7509,1.);
#7509 = DIRECTION('',(1.,0.,0.));
#7510 = PCURVE('',#7028,#7511);
#7511 = DEFINITIONAL_REPRESENTATION('',(#7512),#7516);
#7512 = LINE('',#7513,#7514);
#7513 = CARTESIAN_POINT('',(3.,0.));
#7514 = VECTOR('',#7515,1.);
#7515 = DIRECTION('',(0.,1.));
#7516 = ( GEOMETRIC_REPRESENTATION_CONTEXT(2) 
PARAMETRIC_REPRESENTATION_CONTEXT() REPRESENTATION_CONTEXT('2D SPACE',''
  ) );
#7517 = PCURVE('',#7237,#7518);
#7518 = DEFINITIONAL_REPRESENTATION('',(#7519),#7523);
#7519 = LINE('',#7520,#7521);
#7520 = CARTESIAN_POINT('',(0.,0.));
#7521 = VECTOR('',#7522,1.);
#7522 = DIRECTION('',(1.,0.));
#7523 = ( GEOMETRIC_REPRESENTATION_CONTEXT(2) 
PARAMETRIC_REPRESENTATION_CONTEXT() REPRESENTATION_CONTEXT('2D SPACE',''
  ) );
#7524 = ORIENTED_EDGE('',*,*,#7253,.T.);
#7525 = ADVANCED_FACE('',(#7526),#7080,.F.);
#7526 = FACE_BOUND('',#7527,.F.);
#7527 = EDGE_LOOP('',(#7528,#7529,#7530,#7553));
#7528 = ORIENTED_EDGE('',*,*,#7064,.F.);
#7529 = ORIENTED_EDGE('',*,*,#7274,.F.);
#7530 = ORIENTED_EDGE('',*,*,#7531,.T.);
#7531 = EDGE_CURVE('',#7275,#7532,#7534,.T.);
#7532 = VERTEX_POINT('',#7533);
#7533 = CARTESIAN_POINT('',(-29.,-68.,113.2));
#7534 = SURFACE_CURVE('',#7535,(#7539,#7546),.PCURVE_S1.);
#7535 = LINE('',#7536,#7537);
#7536 = CARTESIAN_POINT('',(-71.,-68.,113.2));
#7537 = VECTOR('',#7538,1.);
#7538 = DIRECTION('',(1.,0.,0.));
#7539 = PCURVE('',#7080,#7540);
#7540 = DEFINITIONAL_REPRESENTATION('',(#7541),#7545);
#7541 = LINE('',#7542,#7543);
#7542 = CARTESIAN_POINT('',(3.,0.));
#7543 = VECTOR('',#7544,1.);
#7544 = DIRECTION('',(0.,1.));
#7545 = ( GEOMETRIC_REPRESENTATION_CONTEXT(2) 
PARAMETRIC_REPRESENTATION_CONTEXT() REPRESENTATION_CONTEXT('2D SPACE',''
  ) );
#7546 = PCURVE('',#7160,#7547);
#7547 = DEFINITIONAL_REPRESENTATION('',(#7548),#7552);
#7548 = LINE('',#7549,#7550);
#7549 = CARTESIAN_POINT('',(0.,0.));
#7550 = VECTOR('',#7551,1.);
#7551 = DIRECTION('',(1.,0.));
#7552 = ( GEOMETRIC_REPRESENTATION_CONTEXT(2) 
PARAMETRIC_REPRESENTATION_CONTEXT() REPRESENTATION_CONTEXT('2D SPACE',''
  ) );
#7553 = ORIENTED_EDGE('',*,*,#7554,.F.);
#7554 = EDGE_CURVE('',#7065,#7532,#7555,.T.);
#7555 = SURFACE_CURVE('',#7556,(#7560,#7567),.PCURVE_S1.);
#7556 = LINE('',#7557,#7558);
#7557 = CARTESIAN_POINT('',(-29.,-65.,113.2));
#7558 = VECTOR('',#7559,1.);
#7559 = DIRECTION('',(0.,-1.,1.110223024625E-16));
#7560 = PCURVE('',#7080,#7561);
#7561 = DEFINITIONAL_REPRESENTATION('',(#7562),#7566);
#7562 = LINE('',#7563,#7564);
#7563 = CARTESIAN_POINT('',(0.,42.));
#7564 = VECTOR('',#7565,1.);
#7565 = DIRECTION('',(1.,0.));
#7566 = ( GEOMETRIC_REPRESENTATION_CONTEXT(2) 
PARAMETRIC_REPRESENTATION_CONTEXT() REPRESENTATION_CONTEXT('2D SPACE',''
  ) );
#7567 = PCURVE('',#7106,#7568);
#7568 = DEFINITIONAL_REPRESENTATION('',(#7569),#7573);
#7569 = LINE('',#7570,#7571);
#7570 = CARTESIAN_POINT('',(0.,0.));
#7571 = VECTOR('',#7572,1.);
#7572 = DIRECTION('',(1.,0.));
#7573 = ( GEOMETRIC_REPRESENTATION_CONTEXT(2) 
PARAMETRIC_REPRESENTATION_CONTEXT() REPRESENTATION_CONTEXT('2D SPACE',''
  ) );
#7574 = ADVANCED_FACE('',(#7575),#7106,.T.);
#7575 = FACE_BOUND('',#7576,.T.);
#7576 = EDGE_LOOP('',(#7577,#7578,#7579,#7580));
#7577 = ORIENTED_EDGE('',*,*,#7554,.F.);
#7578 = ORIENTED_EDGE('',*,*,#7092,.T.);
#7579 = ORIENTED_EDGE('',*,*,#7172,.T.);
#7580 = ORIENTED_EDGE('',*,*,#7581,.F.);
#7581 = EDGE_CURVE('',#7532,#7145,#7582,.T.);
#7582 = SURFACE_CURVE('',#7583,(#7587,#7594),.PCURVE_S1.);
#7583 = LINE('',#7584,#7585);
#7584 = CARTESIAN_POINT('',(-29.,-68.,113.2));
#7585 = VECTOR('',#7586,1.);
#7586 = DIRECTION('',(0.,1.110223024625E-16,1.));
#7587 = PCURVE('',#7106,#7588);
#7588 = DEFINITIONAL_REPRESENTATION('',(#7589),#7593);
#7589 = LINE('',#7590,#7591);
#7590 = CARTESIAN_POINT('',(3.,3.330669073875E-16));
#7591 = VECTOR('',#7592,1.);
#7592 = DIRECTION('',(0.,-1.));
#7593 = ( GEOMETRIC_REPRESENTATION_CONTEXT(2) 
PARAMETRIC_REPRESENTATION_CONTEXT() REPRESENTATION_CONTEXT('2D SPACE',''
  ) );
#7594 = PCURVE('',#7160,#7595);
#7595 = DEFINITIONAL_REPRESENTATION('',(#7596),#7600);
#7596 = LINE('',#7597,#7598);
#7597 = CARTESIAN_POINT('',(42.,0.));
#7598 = VECTOR('',#7599,1.);
#7599 = DIRECTION('',(0.,1.));
#7600 = ( GEOMETRIC_REPRESENTATION_CONTEXT(2) 
PARAMETRIC_REPRESENTATION_CONTEXT() REPRESENTATION_CONTEXT('2D SPACE',''
  ) );
#7601 = ADVANCED_FACE('',(#7602),#7160,.T.);
#7602 = FACE_BOUND('',#7603,.T.);
#7603 = EDGE_LOOP('',(#7604,#7605,#7606,#7607,#7608));
#7604 = ORIENTED_EDGE('',*,*,#7144,.F.);
#7605 = ORIENTED_EDGE('',*,*,#7375,.T.);
#7606 = ORIENTED_EDGE('',*,*,#7296,.T.);
#7607 = ORIENTED_EDGE('',*,*,#7531,.T.);
#7608 = ORIENTED_EDGE('',*,*,#7581,.T.);
#7609 = ADVANCED_FACE('',(#7610),#7237,.T.);
#7610 = FACE_BOUND('',#7611,.T.);
#7611 = EDGE_LOOP('',(#7612,#7613,#7614,#7615));
#7612 = ORIENTED_EDGE('',*,*,#7428,.F.);
#7613 = ORIENTED_EDGE('',*,*,#7478,.F.);
#7614 = ORIENTED_EDGE('',*,*,#7504,.T.);
#7615 = ORIENTED_EDGE('',*,*,#7220,.T.);
#7616 = ADVANCED_FACE('',(#7617,#7620),#7362,.T.);
#7617 = FACE_BOUND('',#7618,.T.);
#7618 = EDGE_LOOP('',(#7619));
#7619 = ORIENTED_EDGE('',*,*,#7347,.T.);
#7620 = FACE_BOUND('',#7621,.T.);
#7621 = EDGE_LOOP('',(#7622));
#7622 = ORIENTED_EDGE('',*,*,#7623,.F.);
#7623 = EDGE_CURVE('',#7624,#7624,#7626,.T.);
#7624 = VERTEX_POINT('',#7625);
#7625 = CARTESIAN_POINT('',(-47.5,-84.,124.7));
#7626 = SURFACE_CURVE('',#7627,(#7632,#7639),.PCURVE_S1.);
#7627 = CIRCLE('',#7628,2.5);
#7628 = AXIS2_PLACEMENT_3D('',#7629,#7630,#7631);
#7629 = CARTESIAN_POINT('',(-50.,-84.,124.7));
#7630 = DIRECTION('',(0.,-1.,1.110223024625E-16));
#7631 = DIRECTION('',(1.,0.,0.));
#7632 = PCURVE('',#7362,#7633);
#7633 = DEFINITIONAL_REPRESENTATION('',(#7634),#7638);
#7634 = CIRCLE('',#7635,2.5);
#7635 = AXIS2_PLACEMENT_2D('',#7636,#7637);
#7636 = CARTESIAN_POINT('',(0.,8.));
#7637 = DIRECTION('',(1.,0.));
#7638 = ( GEOMETRIC_REPRESENTATION_CONTEXT(2) 
PARAMETRIC_REPRESENTATION_CONTEXT() REPRESENTATION_CONTEXT('2D SPACE',''
  ) );
#7639 = PCURVE('',#7640,#7645);
#7640 = CYLINDRICAL_SURFACE('',#7641,2.5);
#7641 = AXIS2_PLACEMENT_3D('',#7642,#7643,#7644);
#7642 = CARTESIAN_POINT('',(-50.,-84.,124.7));
#7643 = DIRECTION('',(-0.,1.,-1.110223024625E-16));
#7644 = DIRECTION('',(1.,0.,0.));
#7645 = DEFINITIONAL_REPRESENTATION('',(#7646),#7650);
#7646 = LINE('',#7647,#7648);
#7647 = CARTESIAN_POINT('',(6.28318530718,0.));
#7648 = VECTOR('',#7649,1.);
#7649 = DIRECTION('',(-1.,0.));
#7650 = ( GEOMETRIC_REPRESENTATION_CONTEXT(2) 
PARAMETRIC_REPRESENTATION_CONTEXT() REPRESENTATION_CONTEXT('2D SPACE',''
  ) );
#7651 = ADVANCED_FACE('',(#7652),#7640,.T.);
#7652 = FACE_BOUND('',#7653,.T.);
#7653 = EDGE_LOOP('',(#7654,#7655,#7678,#7705));
#7654 = ORIENTED_EDGE('',*,*,#7623,.T.);
#7655 = ORIENTED_EDGE('',*,*,#7656,.T.);
#7656 = EDGE_CURVE('',#7624,#7657,#7659,.T.);
#7657 = VERTEX_POINT('',#7658);
#7658 = CARTESIAN_POINT('',(-47.5,-94.,124.7));
#7659 = SEAM_CURVE('',#7660,(#7664,#7671),.PCURVE_S1.);
#7660 = LINE('',#7661,#7662);
#7661 = CARTESIAN_POINT('',(-47.5,-84.,124.7));
#7662 = VECTOR('',#7663,1.);
#7663 = DIRECTION('',(0.,-1.,1.110223024625E-16));
#7664 = PCURVE('',#7640,#7665);
#7665 = DEFINITIONAL_REPRESENTATION('',(#7666),#7670);
#7666 = LINE('',#7667,#7668);
#7667 = CARTESIAN_POINT('',(-4.138911435803E-13,0.));
#7668 = VECTOR('',#7669,1.);
#7669 = DIRECTION('',(-0.,-1.));
#7670 = ( GEOMETRIC_REPRESENTATION_CONTEXT(2) 
PARAMETRIC_REPRESENTATION_CONTEXT() REPRESENTATION_CONTEXT('2D SPACE',''
  ) );
#7671 = PCURVE('',#7640,#7672);
#7672 = DEFINITIONAL_REPRESENTATION('',(#7673),#7677);
#7673 = LINE('',#7674,#7675);
#7674 = CARTESIAN_POINT('',(6.28318530718,0.));
#7675 = VECTOR('',#7676,1.);
#7676 = DIRECTION('',(-0.,-1.));
#7677 = ( GEOMETRIC_REPRESENTATION_CONTEXT(2) 
PARAMETRIC_REPRESENTATION_CONTEXT() REPRESENTATION_CONTEXT('2D SPACE',''
  ) );
#7678 = ORIENTED_EDGE('',*,*,#7679,.F.);
#7679 = EDGE_CURVE('',#7657,#7657,#7680,.T.);
#7680 = SURFACE_CURVE('',#7681,(#7686,#7693),.PCURVE_S1.);
#7681 = CIRCLE('',#7682,2.5);
#7682 = AXIS2_PLACEMENT_3D('',#7683,#7684,#7685);
#7683 = CARTESIAN_POINT('',(-50.,-94.,124.7));
#7684 = DIRECTION('',(0.,-1.,1.110223024625E-16));
#7685 = DIRECTION('',(1.,0.,0.));
#7686 = PCURVE('',#7640,#7687);
#7687 = DEFINITIONAL_REPRESENTATION('',(#7688),#7692);
#7688 = LINE('',#7689,#7690);
#7689 = CARTESIAN_POINT('',(6.28318530718,-10.));
#7690 = VECTOR('',#7691,1.);
#7691 = DIRECTION('',(-1.,0.));
#7692 = ( GEOMETRIC_REPRESENTATION_CONTEXT(2) 
PARAMETRIC_REPRESENTATION_CONTEXT() REPRESENTATION_CONTEXT('2D SPACE',''
  ) );
#7693 = PCURVE('',#7694,#7699);
#7694 = PLANE('',#7695);
#7695 = AXIS2_PLACEMENT_3D('',#7696,#7697,#7698);
#7696 = CARTESIAN_POINT('',(-50.,-94.,124.7));
#7697 = DIRECTION('',(0.,-1.,1.110223024625E-16));
#7698 = DIRECTION('',(1.,0.,0.));
#7699 = DEFINITIONAL_REPRESENTATION('',(#7700),#7704);
#7700 = CIRCLE('',#7701,2.5);
#7701 = AXIS2_PLACEMENT_2D('',#7702,#7703);
#7702 = CARTESIAN_POINT('',(0.,0.));
#7703 = DIRECTION('',(1.,0.));
#7704 = ( GEOMETRIC_REPRESENTATION_CONTEXT(2) 
PARAMETRIC_REPRESENTATION_CONTEXT() REPRESENTATION_CONTEXT('2D SPACE',''
  ) );
#7705 = ORIENTED_EDGE('',*,*,#7656,.F.);
#7706 = ADVANCED_FACE('',(#7707),#7694,.T.);
#7707 = FACE_BOUND('',#7708,.T.);
#7708 = EDGE_LOOP('',(#7709));
#7709 = ORIENTED_EDGE('',*,*,#7679,.T.);
#7710 = ( GEOMETRIC_REPRESENTATION_CONTEXT(3) 
GLOBAL_UNCERTAINTY_ASSIGNED_CONTEXT((#7714)) 
GLOBAL_UNIT_ASSIGNED_CONTEXT((#7711,#7712,#7713)) REPRESENTATION_CONTEXT
('Context #1','3D Context with UNIT and UNCERTAINTY') );
#7711 = ( LENGTH_UNIT() NAMED_UNIT(*) SI_UNIT(.MILLI.,.METRE.) );
#7712 = ( NAMED_UNIT(*) PLANE_ANGLE_UNIT() SI_UNIT($,.RADIAN.) );
#7713 = ( NAMED_UNIT(*) SI_UNIT($,.STERADIAN.) SOLID_ANGLE_UNIT() );
#7714 = UNCERTAINTY_MEASURE_WITH_UNIT(LENGTH_MEASURE(1.E-07),#7711,
  'distance_accuracy_value','confusion accuracy');
#7715 = CONTEXT_DEPENDENT_SHAPE_REPRESENTATION(#7716,#7718);
#7716 = ( REPRESENTATION_RELATIONSHIP('','',#6885,#10) 
REPRESENTATION_RELATIONSHIP_WITH_TRANSFORMATION(#7717) 
SHAPE_REPRESENTATION_RELATIONSHIP() );
#7717 = ITEM_DEFINED_TRANSFORMATION('','',#11,#43);
#7718 = PRODUCT_DEFINITION_SHAPE('Placement','Placement of an item',
  #7719);
#7719 = NEXT_ASSEMBLY_USAGE_OCCURRENCE('19','','',#5,#6880,$);
#7720 = PRODUCT_RELATED_PRODUCT_CATEGORY('part',$,(#6882));
#7721 = SHAPE_DEFINITION_REPRESENTATION(#7722,#7728);
#7722 = PRODUCT_DEFINITION_SHAPE('','',#7723);
#7723 = PRODUCT_DEFINITION('design','',#7724,#7727);
#7724 = PRODUCT_DEFINITION_FORMATION('','',#7725);
#7725 = PRODUCT('Open CASCADE STEP translator 7.9 3.9',
  'Open CASCADE STEP translator 7.9 3.9','',(#7726));
#7726 = PRODUCT_CONTEXT('',#2,'mechanical');
#7727 = PRODUCT_DEFINITION_CONTEXT('part definition',#2,'design');
#7728 = ADVANCED_BREP_SHAPE_REPRESENTATION('',(#11,#7729),#8335);
#7729 = MANIFOLD_SOLID_BREP('',#7730);
#7730 = CLOSED_SHELL('',(#7731,#7851,#7927,#8081,#8130,#8247,#8254,#8281
    ,#8308));
#7731 = ADVANCED_FACE('',(#7732),#7746,.F.);
#7732 = FACE_BOUND('',#7733,.F.);
#7733 = EDGE_LOOP('',(#7734,#7769,#7797,#7825));
#7734 = ORIENTED_EDGE('',*,*,#7735,.F.);
#7735 = EDGE_CURVE('',#7736,#7738,#7740,.T.);
#7736 = VERTEX_POINT('',#7737);
#7737 = CARTESIAN_POINT('',(-82.,-33.,84.7));
#7738 = VERTEX_POINT('',#7739);
#7739 = CARTESIAN_POINT('',(-82.,-40.,84.7));
#7740 = SURFACE_CURVE('',#7741,(#7745,#7757),.PCURVE_S1.);
#7741 = LINE('',#7742,#7743);
#7742 = CARTESIAN_POINT('',(-82.,-33.,84.7));
#7743 = VECTOR('',#7744,1.);
#7744 = DIRECTION('',(0.,-1.,1.110223024625E-16));
#7745 = PCURVE('',#7746,#7751);
#7746 = PLANE('',#7747);
#7747 = AXIS2_PLACEMENT_3D('',#7748,#7749,#7750);
#7748 = CARTESIAN_POINT('',(-82.,-33.,84.7));
#7749 = DIRECTION('',(1.,0.,0.));
#7750 = DIRECTION('',(0.,-1.,1.110223024625E-16));
#7751 = DEFINITIONAL_REPRESENTATION('',(#7752),#7756);
#7752 = LINE('',#7753,#7754);
#7753 = CARTESIAN_POINT('',(0.,0.));
#7754 = VECTOR('',#7755,1.);
#7755 = DIRECTION('',(1.,0.));
#7756 = ( GEOMETRIC_REPRESENTATION_CONTEXT(2) 
PARAMETRIC_REPRESENTATION_CONTEXT() REPRESENTATION_CONTEXT('2D SPACE',''
  ) );
#7757 = PCURVE('',#7758,#7763);
#7758 = PLANE('',#7759);
#7759 = AXIS2_PLACEMENT_3D('',#7760,#7761,#7762);
#7760 = CARTESIAN_POINT('',(-82.,-33.,84.7));
#7761 = DIRECTION('',(0.,1.110223024625E-16,1.));
#7762 = DIRECTION('',(0.,-1.,1.110223024625E-16));
#7763 = DEFINITIONAL_REPRESENTATION('',(#7764),#7768);
#7764 = LINE('',#7765,#7766);
#7765 = CARTESIAN_POINT('',(0.,0.));
#7766 = VECTOR('',#7767,1.);
#7767 = DIRECTION('',(1.,0.));
#7768 = ( GEOMETRIC_REPRESENTATION_CONTEXT(2) 
PARAMETRIC_REPRESENTATION_CONTEXT() REPRESENTATION_CONTEXT('2D SPACE',''
  ) );
#7769 = ORIENTED_EDGE('',*,*,#7770,.T.);
#7770 = EDGE_CURVE('',#7736,#7771,#7773,.T.);
#7771 = VERTEX_POINT('',#7772);
#7772 = CARTESIAN_POINT('',(-82.,-33.,148.7));
#7773 = SURFACE_CURVE('',#7774,(#7778,#7785),.PCURVE_S1.);
#7774 = LINE('',#7775,#7776);
#7775 = CARTESIAN_POINT('',(-82.,-33.,84.7));
#7776 = VECTOR('',#7777,1.);
#7777 = DIRECTION('',(0.,1.110223024625E-16,1.));
#7778 = PCURVE('',#7746,#7779);
#7779 = DEFINITIONAL_REPRESENTATION('',(#7780),#7784);
#7780 = LINE('',#7781,#7782);
#7781 = CARTESIAN_POINT('',(0.,0.));
#7782 = VECTOR('',#7783,1.);
#7783 = DIRECTION('',(0.,-1.));
#7784 = ( GEOMETRIC_REPRESENTATION_CONTEXT(2) 
PARAMETRIC_REPRESENTATION_CONTEXT() REPRESENTATION_CONTEXT('2D SPACE',''
  ) );
#7785 = PCURVE('',#7786,#7791);
#7786 = PLANE('',#7787);
#7787 = AXIS2_PLACEMENT_3D('',#7788,#7789,#7790);
#7788 = CARTESIAN_POINT('',(-82.,-33.,84.7));
#7789 = DIRECTION('',(0.,-1.,1.110223024625E-16));
#7790 = DIRECTION('',(1.,0.,0.));
#7791 = DEFINITIONAL_REPRESENTATION('',(#7792),#7796);
#7792 = LINE('',#7793,#7794);
#7793 = CARTESIAN_POINT('',(0.,0.));
#7794 = VECTOR('',#7795,1.);
#7795 = DIRECTION('',(0.,1.));
#7796 = ( GEOMETRIC_REPRESENTATION_CONTEXT(2) 
PARAMETRIC_REPRESENTATION_CONTEXT() REPRESENTATION_CONTEXT('2D SPACE',''
  ) );
#7797 = ORIENTED_EDGE('',*,*,#7798,.T.);
#7798 = EDGE_CURVE('',#7771,#7799,#7801,.T.);
#7799 = VERTEX_POINT('',#7800);
#7800 = CARTESIAN_POINT('',(-82.,-40.,148.7));
#7801 = SURFACE_CURVE('',#7802,(#7806,#7813),.PCURVE_S1.);
#7802 = LINE('',#7803,#7804);
#7803 = CARTESIAN_POINT('',(-82.,-33.,148.7));
#7804 = VECTOR('',#7805,1.);
#7805 = DIRECTION('',(0.,-1.,1.110223024625E-16));
#7806 = PCURVE('',#7746,#7807);
#7807 = DEFINITIONAL_REPRESENTATION('',(#7808),#7812);
#7808 = LINE('',#7809,#7810);
#7809 = CARTESIAN_POINT('',(7.105427357601E-15,-64.));
#7810 = VECTOR('',#7811,1.);
#7811 = DIRECTION('',(1.,0.));
#7812 = ( GEOMETRIC_REPRESENTATION_CONTEXT(2) 
PARAMETRIC_REPRESENTATION_CONTEXT() REPRESENTATION_CONTEXT('2D SPACE',''
  ) );
#7813 = PCURVE('',#7814,#7819);
#7814 = PLANE('',#7815);
#7815 = AXIS2_PLACEMENT_3D('',#7816,#7817,#7818);
#7816 = CARTESIAN_POINT('',(-82.,-33.,148.7));
#7817 = DIRECTION('',(0.,1.110223024625E-16,1.));
#7818 = DIRECTION('',(0.,-1.,1.110223024625E-16));
#7819 = DEFINITIONAL_REPRESENTATION('',(#7820),#7824);
#7820 = LINE('',#7821,#7822);
#7821 = CARTESIAN_POINT('',(0.,0.));
#7822 = VECTOR('',#7823,1.);
#7823 = DIRECTION('',(1.,0.));
#7824 = ( GEOMETRIC_REPRESENTATION_CONTEXT(2) 
PARAMETRIC_REPRESENTATION_CONTEXT() REPRESENTATION_CONTEXT('2D SPACE',''
  ) );
#7825 = ORIENTED_EDGE('',*,*,#7826,.F.);
#7826 = EDGE_CURVE('',#7738,#7799,#7827,.T.);
#7827 = SURFACE_CURVE('',#7828,(#7832,#7839),.PCURVE_S1.);
#7828 = LINE('',#7829,#7830);
#7829 = CARTESIAN_POINT('',(-82.,-40.,84.7));
#7830 = VECTOR('',#7831,1.);
#7831 = DIRECTION('',(0.,1.110223024625E-16,1.));
#7832 = PCURVE('',#7746,#7833);
#7833 = DEFINITIONAL_REPRESENTATION('',(#7834),#7838);
#7834 = LINE('',#7835,#7836);
#7835 = CARTESIAN_POINT('',(7.,7.771561172376E-16));
#7836 = VECTOR('',#7837,1.);
#7837 = DIRECTION('',(0.,-1.));
#7838 = ( GEOMETRIC_REPRESENTATION_CONTEXT(2) 
PARAMETRIC_REPRESENTATION_CONTEXT() REPRESENTATION_CONTEXT('2D SPACE',''
  ) );
#7839 = PCURVE('',#7840,#7845);
#7840 = PLANE('',#7841);
#7841 = AXIS2_PLACEMENT_3D('',#7842,#7843,#7844);
#7842 = CARTESIAN_POINT('',(-82.,-40.,84.7));
#7843 = DIRECTION('',(0.,-1.,1.110223024625E-16));
#7844 = DIRECTION('',(1.,0.,0.));
#7845 = DEFINITIONAL_REPRESENTATION('',(#7846),#7850);
#7846 = LINE('',#7847,#7848);
#7847 = CARTESIAN_POINT('',(0.,0.));
#7848 = VECTOR('',#7849,1.);
#7849 = DIRECTION('',(0.,1.));
#7850 = ( GEOMETRIC_REPRESENTATION_CONTEXT(2) 
PARAMETRIC_REPRESENTATION_CONTEXT() REPRESENTATION_CONTEXT('2D SPACE',''
  ) );
#7851 = ADVANCED_FACE('',(#7852),#7758,.F.);
#7852 = FACE_BOUND('',#7853,.F.);
#7853 = EDGE_LOOP('',(#7854,#7877,#7878,#7901));
#7854 = ORIENTED_EDGE('',*,*,#7855,.F.);
#7855 = EDGE_CURVE('',#7736,#7856,#7858,.T.);
#7856 = VERTEX_POINT('',#7857);
#7857 = CARTESIAN_POINT('',(-18.,-33.,84.7));
#7858 = SURFACE_CURVE('',#7859,(#7863,#7870),.PCURVE_S1.);
#7859 = LINE('',#7860,#7861);
#7860 = CARTESIAN_POINT('',(-82.,-33.,84.7));
#7861 = VECTOR('',#7862,1.);
#7862 = DIRECTION('',(1.,0.,0.));
#7863 = PCURVE('',#7758,#7864);
#7864 = DEFINITIONAL_REPRESENTATION('',(#7865),#7869);
#7865 = LINE('',#7866,#7867);
#7866 = CARTESIAN_POINT('',(0.,0.));
#7867 = VECTOR('',#7868,1.);
#7868 = DIRECTION('',(0.,1.));
#7869 = ( GEOMETRIC_REPRESENTATION_CONTEXT(2) 
PARAMETRIC_REPRESENTATION_CONTEXT() REPRESENTATION_CONTEXT('2D SPACE',''
  ) );
#7870 = PCURVE('',#7786,#7871);
#7871 = DEFINITIONAL_REPRESENTATION('',(#7872),#7876);
#7872 = LINE('',#7873,#7874);
#7873 = CARTESIAN_POINT('',(0.,0.));
#7874 = VECTOR('',#7875,1.);
#7875 = DIRECTION('',(1.,0.));
#7876 = ( GEOMETRIC_REPRESENTATION_CONTEXT(2) 
PARAMETRIC_REPRESENTATION_CONTEXT() REPRESENTATION_CONTEXT('2D SPACE',''
  ) );
#7877 = ORIENTED_EDGE('',*,*,#7735,.T.);
#7878 = ORIENTED_EDGE('',*,*,#7879,.T.);
#7879 = EDGE_CURVE('',#7738,#7880,#7882,.T.);
#7880 = VERTEX_POINT('',#7881);
#7881 = CARTESIAN_POINT('',(-18.,-40.,84.7));
#7882 = SURFACE_CURVE('',#7883,(#7887,#7894),.PCURVE_S1.);
#7883 = LINE('',#7884,#7885);
#7884 = CARTESIAN_POINT('',(-82.,-40.,84.7));
#7885 = VECTOR('',#7886,1.);
#7886 = DIRECTION('',(1.,0.,0.));
#7887 = PCURVE('',#7758,#7888);
#7888 = DEFINITIONAL_REPRESENTATION('',(#7889),#7893);
#7889 = LINE('',#7890,#7891);
#7890 = CARTESIAN_POINT('',(7.,0.));
#7891 = VECTOR('',#7892,1.);
#7892 = DIRECTION('',(0.,1.));
#7893 = ( GEOMETRIC_REPRESENTATION_CONTEXT(2) 
PARAMETRIC_REPRESENTATION_CONTEXT() REPRESENTATION_CONTEXT('2D SPACE',''
  ) );
#7894 = PCURVE('',#7840,#7895);
#7895 = DEFINITIONAL_REPRESENTATION('',(#7896),#7900);
#7896 = LINE('',#7897,#7898);
#7897 = CARTESIAN_POINT('',(0.,0.));
#7898 = VECTOR('',#7899,1.);
#7899 = DIRECTION('',(1.,0.));
#7900 = ( GEOMETRIC_REPRESENTATION_CONTEXT(2) 
PARAMETRIC_REPRESENTATION_CONTEXT() REPRESENTATION_CONTEXT('2D SPACE',''
  ) );
#7901 = ORIENTED_EDGE('',*,*,#7902,.F.);
#7902 = EDGE_CURVE('',#7856,#7880,#7903,.T.);
#7903 = SURFACE_CURVE('',#7904,(#7908,#7915),.PCURVE_S1.);
#7904 = LINE('',#7905,#7906);
#7905 = CARTESIAN_POINT('',(-18.,-33.,84.7));
#7906 = VECTOR('',#7907,1.);
#7907 = DIRECTION('',(0.,-1.,1.110223024625E-16));
#7908 = PCURVE('',#7758,#7909);
#7909 = DEFINITIONAL_REPRESENTATION('',(#7910),#7914);
#7910 = LINE('',#7911,#7912);
#7911 = CARTESIAN_POINT('',(0.,64.));
#7912 = VECTOR('',#7913,1.);
#7913 = DIRECTION('',(1.,0.));
#7914 = ( GEOMETRIC_REPRESENTATION_CONTEXT(2) 
PARAMETRIC_REPRESENTATION_CONTEXT() REPRESENTATION_CONTEXT('2D SPACE',''
  ) );
#7915 = PCURVE('',#7916,#7921);
#7916 = PLANE('',#7917);
#7917 = AXIS2_PLACEMENT_3D('',#7918,#7919,#7920);
#7918 = CARTESIAN_POINT('',(-18.,-33.,84.7));
#7919 = DIRECTION('',(1.,0.,0.));
#7920 = DIRECTION('',(0.,-1.,1.110223024625E-16));
#7921 = DEFINITIONAL_REPRESENTATION('',(#7922),#7926);
#7922 = LINE('',#7923,#7924);
#7923 = CARTESIAN_POINT('',(0.,0.));
#7924 = VECTOR('',#7925,1.);
#7925 = DIRECTION('',(1.,0.));
#7926 = ( GEOMETRIC_REPRESENTATION_CONTEXT(2) 
PARAMETRIC_REPRESENTATION_CONTEXT() REPRESENTATION_CONTEXT('2D SPACE',''
  ) );
#7927 = ADVANCED_FACE('',(#7928,#7976,#8011,#8046),#7840,.T.);
#7928 = FACE_BOUND('',#7929,.T.);
#7929 = EDGE_LOOP('',(#7930,#7931,#7932,#7955));
#7930 = ORIENTED_EDGE('',*,*,#7826,.F.);
#7931 = ORIENTED_EDGE('',*,*,#7879,.T.);
#7932 = ORIENTED_EDGE('',*,*,#7933,.T.);
#7933 = EDGE_CURVE('',#7880,#7934,#7936,.T.);
#7934 = VERTEX_POINT('',#7935);
#7935 = CARTESIAN_POINT('',(-18.,-40.,148.7));
#7936 = SURFACE_CURVE('',#7937,(#7941,#7948),.PCURVE_S1.);
#7937 = LINE('',#7938,#7939);
#7938 = CARTESIAN_POINT('',(-18.,-40.,84.7));
#7939 = VECTOR('',#7940,1.);
#7940 = DIRECTION('',(0.,1.110223024625E-16,1.));
#7941 = PCURVE('',#7840,#7942);
#7942 = DEFINITIONAL_REPRESENTATION('',(#7943),#7947);
#7943 = LINE('',#7944,#7945);
#7944 = CARTESIAN_POINT('',(64.,0.));
#7945 = VECTOR('',#7946,1.);
#7946 = DIRECTION('',(0.,1.));
#7947 = ( GEOMETRIC_REPRESENTATION_CONTEXT(2) 
PARAMETRIC_REPRESENTATION_CONTEXT() REPRESENTATION_CONTEXT('2D SPACE',''
  ) );
#7948 = PCURVE('',#7916,#7949);
#7949 = DEFINITIONAL_REPRESENTATION('',(#7950),#7954);
#7950 = LINE('',#7951,#7952);
#7951 = CARTESIAN_POINT('',(7.,7.771561172376E-16));
#7952 = VECTOR('',#7953,1.);
#7953 = DIRECTION('',(0.,-1.));
#7954 = ( GEOMETRIC_REPRESENTATION_CONTEXT(2) 
PARAMETRIC_REPRESENTATION_CONTEXT() REPRESENTATION_CONTEXT('2D SPACE',''
  ) );
#7955 = ORIENTED_EDGE('',*,*,#7956,.F.);
#7956 = EDGE_CURVE('',#7799,#7934,#7957,.T.);
#7957 = SURFACE_CURVE('',#7958,(#7962,#7969),.PCURVE_S1.);
#7958 = LINE('',#7959,#7960);
#7959 = CARTESIAN_POINT('',(-82.,-40.,148.7));
#7960 = VECTOR('',#7961,1.);
#7961 = DIRECTION('',(1.,0.,0.));
#7962 = PCURVE('',#7840,#7963);
#7963 = DEFINITIONAL_REPRESENTATION('',(#7964),#7968);
#7964 = LINE('',#7965,#7966);
#7965 = CARTESIAN_POINT('',(0.,64.));
#7966 = VECTOR('',#7967,1.);
#7967 = DIRECTION('',(1.,0.));
#7968 = ( GEOMETRIC_REPRESENTATION_CONTEXT(2) 
PARAMETRIC_REPRESENTATION_CONTEXT() REPRESENTATION_CONTEXT('2D SPACE',''
  ) );
#7969 = PCURVE('',#7814,#7970);
#7970 = DEFINITIONAL_REPRESENTATION('',(#7971),#7975);
#7971 = LINE('',#7972,#7973);
#7972 = CARTESIAN_POINT('',(7.,0.));
#7973 = VECTOR('',#7974,1.);
#7974 = DIRECTION('',(0.,1.));
#7975 = ( GEOMETRIC_REPRESENTATION_CONTEXT(2) 
PARAMETRIC_REPRESENTATION_CONTEXT() REPRESENTATION_CONTEXT('2D SPACE',''
  ) );
#7976 = FACE_BOUND('',#7977,.T.);
#7977 = EDGE_LOOP('',(#7978));
#7978 = ORIENTED_EDGE('',*,*,#7979,.T.);
#7979 = EDGE_CURVE('',#7980,#7980,#7982,.T.);
#7980 = VERTEX_POINT('',#7981);
#7981 = CARTESIAN_POINT('',(-77.25,-40.,91.7));
#7982 = SURFACE_CURVE('',#7983,(#7988,#7999),.PCURVE_S1.);
#7983 = CIRCLE('',#7984,2.25);
#7984 = AXIS2_PLACEMENT_3D('',#7985,#7986,#7987);
#7985 = CARTESIAN_POINT('',(-75.,-40.,91.7));
#7986 = DIRECTION('',(0.,1.,-1.110223024625E-16));
#7987 = DIRECTION('',(-1.,0.,0.));
#7988 = PCURVE('',#7840,#7989);
#7989 = DEFINITIONAL_REPRESENTATION('',(#7990),#7998);
#7990 = ( BOUNDED_CURVE() B_SPLINE_CURVE(2,(#7991,#7992,#7993,#7994,
#7995,#7996,#7997),.UNSPECIFIED.,.T.,.F.) B_SPLINE_CURVE_WITH_KNOTS((1,2
    ,2,2,2,1),(-2.094395102393,0.,2.094395102393,4.188790204786,
6.28318530718,8.377580409573),.UNSPECIFIED.) CURVE() 
GEOMETRIC_REPRESENTATION_ITEM() RATIONAL_B_SPLINE_CURVE((1.,0.5,1.,0.5,
1.,0.5,1.)) REPRESENTATION_ITEM('') );
#7991 = CARTESIAN_POINT('',(4.75,7.));
#7992 = CARTESIAN_POINT('',(4.75,10.89711431703));
#7993 = CARTESIAN_POINT('',(8.125,8.948557158515));
#7994 = CARTESIAN_POINT('',(11.5,7.));
#7995 = CARTESIAN_POINT('',(8.125,5.051442841485));
#7996 = CARTESIAN_POINT('',(4.75,3.10288568297));
#7997 = CARTESIAN_POINT('',(4.75,7.));
#7998 = ( GEOMETRIC_REPRESENTATION_CONTEXT(2) 
PARAMETRIC_REPRESENTATION_CONTEXT() REPRESENTATION_CONTEXT('2D SPACE',''
  ) );
#7999 = PCURVE('',#8000,#8005);
#8000 = CYLINDRICAL_SURFACE('',#8001,2.25);
#8001 = AXIS2_PLACEMENT_3D('',#8002,#8003,#8004);
#8002 = CARTESIAN_POINT('',(-75.,-40.,91.7));
#8003 = DIRECTION('',(0.,1.,-1.110223024625E-16));
#8004 = DIRECTION('',(-1.,0.,0.));
#8005 = DEFINITIONAL_REPRESENTATION('',(#8006),#8010);
#8006 = LINE('',#8007,#8008);
#8007 = CARTESIAN_POINT('',(0.,0.));
#8008 = VECTOR('',#8009,1.);
#8009 = DIRECTION('',(1.,0.));
#8010 = ( GEOMETRIC_REPRESENTATION_CONTEXT(2) 
PARAMETRIC_REPRESENTATION_CONTEXT() REPRESENTATION_CONTEXT('2D SPACE',''
  ) );
#8011 = FACE_BOUND('',#8012,.T.);
#8012 = EDGE_LOOP('',(#8013));
#8013 = ORIENTED_EDGE('',*,*,#8014,.T.);
#8014 = EDGE_CURVE('',#8015,#8015,#8017,.T.);
#8015 = VERTEX_POINT('',#8016);
#8016 = CARTESIAN_POINT('',(-69.6,-40.,116.7));
#8017 = SURFACE_CURVE('',#8018,(#8023,#8034),.PCURVE_S1.);
#8018 = CIRCLE('',#8019,2.1);
#8019 = AXIS2_PLACEMENT_3D('',#8020,#8021,#8022);
#8020 = CARTESIAN_POINT('',(-67.5,-40.,116.7));
#8021 = DIRECTION('',(0.,1.,-1.110223024625E-16));
#8022 = DIRECTION('',(-1.,0.,0.));
#8023 = PCURVE('',#7840,#8024);
#8024 = DEFINITIONAL_REPRESENTATION('',(#8025),#8033);
#8025 = ( BOUNDED_CURVE() B_SPLINE_CURVE(2,(#8026,#8027,#8028,#8029,
#8030,#8031,#8032),.UNSPECIFIED.,.T.,.F.) B_SPLINE_CURVE_WITH_KNOTS((1,2
    ,2,2,2,1),(-2.094395102393,0.,2.094395102393,4.188790204786,
6.28318530718,8.377580409573),.UNSPECIFIED.) CURVE() 
GEOMETRIC_REPRESENTATION_ITEM() RATIONAL_B_SPLINE_CURVE((1.,0.5,1.,0.5,
1.,0.5,1.)) REPRESENTATION_ITEM('') );
#8026 = CARTESIAN_POINT('',(12.4,32.));
#8027 = CARTESIAN_POINT('',(12.4,35.637306695895));
#8028 = CARTESIAN_POINT('',(15.55,33.818653347947));
#8029 = CARTESIAN_POINT('',(18.7,32.));
#8030 = CARTESIAN_POINT('',(15.55,30.181346652053));
#8031 = CARTESIAN_POINT('',(12.4,28.362693304105));
#8032 = CARTESIAN_POINT('',(12.4,32.));
#8033 = ( GEOMETRIC_REPRESENTATION_CONTEXT(2) 
PARAMETRIC_REPRESENTATION_CONTEXT() REPRESENTATION_CONTEXT('2D SPACE',''
  ) );
#8034 = PCURVE('',#8035,#8040);
#8035 = CYLINDRICAL_SURFACE('',#8036,2.1);
#8036 = AXIS2_PLACEMENT_3D('',#8037,#8038,#8039);
#8037 = CARTESIAN_POINT('',(-67.5,-40.,116.7));
#8038 = DIRECTION('',(0.,1.,-1.110223024625E-16));
#8039 = DIRECTION('',(-1.,0.,0.));
#8040 = DEFINITIONAL_REPRESENTATION('',(#8041),#8045);
#8041 = LINE('',#8042,#8043);
#8042 = CARTESIAN_POINT('',(0.,0.));
#8043 = VECTOR('',#8044,1.);
#8044 = DIRECTION('',(1.,0.));
#8045 = ( GEOMETRIC_REPRESENTATION_CONTEXT(2) 
PARAMETRIC_REPRESENTATION_CONTEXT() REPRESENTATION_CONTEXT('2D SPACE',''
  ) );
#8046 = FACE_BOUND('',#8047,.T.);
#8047 = EDGE_LOOP('',(#8048));
#8048 = ORIENTED_EDGE('',*,*,#8049,.T.);
#8049 = EDGE_CURVE('',#8050,#8050,#8052,.T.);
#8050 = VERTEX_POINT('',#8051);
#8051 = CARTESIAN_POINT('',(-59.,-40.,116.7));
#8052 = SURFACE_CURVE('',#8053,(#8058,#8069),.PCURVE_S1.);
#8053 = CIRCLE('',#8054,9.);
#8054 = AXIS2_PLACEMENT_3D('',#8055,#8056,#8057);
#8055 = CARTESIAN_POINT('',(-50.,-40.,116.7));
#8056 = DIRECTION('',(0.,1.,-1.110223024625E-16));
#8057 = DIRECTION('',(-1.,0.,0.));
#8058 = PCURVE('',#7840,#8059);
#8059 = DEFINITIONAL_REPRESENTATION('',(#8060),#8068);
#8060 = ( BOUNDED_CURVE() B_SPLINE_CURVE(2,(#8061,#8062,#8063,#8064,
#8065,#8066,#8067),.UNSPECIFIED.,.T.,.F.) B_SPLINE_CURVE_WITH_KNOTS((1,2
    ,2,2,2,1),(-2.094395102393,0.,2.094395102393,4.188790204786,
6.28318530718,8.377580409573),.UNSPECIFIED.) CURVE() 
GEOMETRIC_REPRESENTATION_ITEM() RATIONAL_B_SPLINE_CURVE((1.,0.5,1.,0.5,
1.,0.5,1.)) REPRESENTATION_ITEM('') );
#8061 = CARTESIAN_POINT('',(23.,32.));
#8062 = CARTESIAN_POINT('',(23.,47.58845726812));
#8063 = CARTESIAN_POINT('',(36.5,39.79422863406));
#8064 = CARTESIAN_POINT('',(50.,32.));
#8065 = CARTESIAN_POINT('',(36.5,24.20577136594));
#8066 = CARTESIAN_POINT('',(23.,16.41154273188));
#8067 = CARTESIAN_POINT('',(23.,32.));
#8068 = ( GEOMETRIC_REPRESENTATION_CONTEXT(2) 
PARAMETRIC_REPRESENTATION_CONTEXT() REPRESENTATION_CONTEXT('2D SPACE',''
  ) );
#8069 = PCURVE('',#8070,#8075);
#8070 = CYLINDRICAL_SURFACE('',#8071,9.);
#8071 = AXIS2_PLACEMENT_3D('',#8072,#8073,#8074);
#8072 = CARTESIAN_POINT('',(-50.,-40.,116.7));
#8073 = DIRECTION('',(0.,1.,-1.110223024625E-16));
#8074 = DIRECTION('',(-1.,0.,0.));
#8075 = DEFINITIONAL_REPRESENTATION('',(#8076),#8080);
#8076 = LINE('',#8077,#8078);
#8077 = CARTESIAN_POINT('',(0.,0.));
#8078 = VECTOR('',#8079,1.);
#8079 = DIRECTION('',(1.,0.));
#8080 = ( GEOMETRIC_REPRESENTATION_CONTEXT(2) 
PARAMETRIC_REPRESENTATION_CONTEXT() REPRESENTATION_CONTEXT('2D SPACE',''
  ) );
#8081 = ADVANCED_FACE('',(#8082),#7814,.T.);
#8082 = FACE_BOUND('',#8083,.T.);
#8083 = EDGE_LOOP('',(#8084,#8107,#8108,#8109));
#8084 = ORIENTED_EDGE('',*,*,#8085,.F.);
#8085 = EDGE_CURVE('',#7771,#8086,#8088,.T.);
#8086 = VERTEX_POINT('',#8087);
#8087 = CARTESIAN_POINT('',(-18.,-33.,148.7));
#8088 = SURFACE_CURVE('',#8089,(#8093,#8100),.PCURVE_S1.);
#8089 = LINE('',#8090,#8091);
#8090 = CARTESIAN_POINT('',(-82.,-33.,148.7));
#8091 = VECTOR('',#8092,1.);
#8092 = DIRECTION('',(1.,0.,0.));
#8093 = PCURVE('',#7814,#8094);
#8094 = DEFINITIONAL_REPRESENTATION('',(#8095),#8099);
#8095 = LINE('',#8096,#8097);
#8096 = CARTESIAN_POINT('',(0.,0.));
#8097 = VECTOR('',#8098,1.);
#8098 = DIRECTION('',(0.,1.));
#8099 = ( GEOMETRIC_REPRESENTATION_CONTEXT(2) 
PARAMETRIC_REPRESENTATION_CONTEXT() REPRESENTATION_CONTEXT('2D SPACE',''
  ) );
#8100 = PCURVE('',#7786,#8101);
#8101 = DEFINITIONAL_REPRESENTATION('',(#8102),#8106);
#8102 = LINE('',#8103,#8104);
#8103 = CARTESIAN_POINT('',(0.,64.));
#8104 = VECTOR('',#8105,1.);
#8105 = DIRECTION('',(1.,0.));
#8106 = ( GEOMETRIC_REPRESENTATION_CONTEXT(2) 
PARAMETRIC_REPRESENTATION_CONTEXT() REPRESENTATION_CONTEXT('2D SPACE',''
  ) );
#8107 = ORIENTED_EDGE('',*,*,#7798,.T.);
#8108 = ORIENTED_EDGE('',*,*,#7956,.T.);
#8109 = ORIENTED_EDGE('',*,*,#8110,.F.);
#8110 = EDGE_CURVE('',#8086,#7934,#8111,.T.);
#8111 = SURFACE_CURVE('',#8112,(#8116,#8123),.PCURVE_S1.);
#8112 = LINE('',#8113,#8114);
#8113 = CARTESIAN_POINT('',(-18.,-33.,148.7));
#8114 = VECTOR('',#8115,1.);
#8115 = DIRECTION('',(0.,-1.,1.110223024625E-16));
#8116 = PCURVE('',#7814,#8117);
#8117 = DEFINITIONAL_REPRESENTATION('',(#8118),#8122);
#8118 = LINE('',#8119,#8120);
#8119 = CARTESIAN_POINT('',(0.,64.));
#8120 = VECTOR('',#8121,1.);
#8121 = DIRECTION('',(1.,0.));
#8122 = ( GEOMETRIC_REPRESENTATION_CONTEXT(2) 
PARAMETRIC_REPRESENTATION_CONTEXT() REPRESENTATION_CONTEXT('2D SPACE',''
  ) );
#8123 = PCURVE('',#7916,#8124);
#8124 = DEFINITIONAL_REPRESENTATION('',(#8125),#8129);
#8125 = LINE('',#8126,#8127);
#8126 = CARTESIAN_POINT('',(7.105427357601E-15,-64.));
#8127 = VECTOR('',#8128,1.);
#8128 = DIRECTION('',(1.,0.));
#8129 = ( GEOMETRIC_REPRESENTATION_CONTEXT(2) 
PARAMETRIC_REPRESENTATION_CONTEXT() REPRESENTATION_CONTEXT('2D SPACE',''
  ) );
#8130 = ADVANCED_FACE('',(#8131,#8157,#8187,#8217),#7786,.F.);
#8131 = FACE_BOUND('',#8132,.F.);
#8132 = EDGE_LOOP('',(#8133,#8134,#8135,#8156));
#8133 = ORIENTED_EDGE('',*,*,#7770,.F.);
#8134 = ORIENTED_EDGE('',*,*,#7855,.T.);
#8135 = ORIENTED_EDGE('',*,*,#8136,.T.);
#8136 = EDGE_CURVE('',#7856,#8086,#8137,.T.);
#8137 = SURFACE_CURVE('',#8138,(#8142,#8149),.PCURVE_S1.);
#8138 = LINE('',#8139,#8140);
#8139 = CARTESIAN_POINT('',(-18.,-33.,84.7));
#8140 = VECTOR('',#8141,1.);
#8141 = DIRECTION('',(0.,1.110223024625E-16,1.));
#8142 = PCURVE('',#7786,#8143);
#8143 = DEFINITIONAL_REPRESENTATION('',(#8144),#8148);
#8144 = LINE('',#8145,#8146);
#8145 = CARTESIAN_POINT('',(64.,0.));
#8146 = VECTOR('',#8147,1.);
#8147 = DIRECTION('',(0.,1.));
#8148 = ( GEOMETRIC_REPRESENTATION_CONTEXT(2) 
PARAMETRIC_REPRESENTATION_CONTEXT() REPRESENTATION_CONTEXT('2D SPACE',''
  ) );
#8149 = PCURVE('',#7916,#8150);
#8150 = DEFINITIONAL_REPRESENTATION('',(#8151),#8155);
#8151 = LINE('',#8152,#8153);
#8152 = CARTESIAN_POINT('',(0.,0.));
#8153 = VECTOR('',#8154,1.);
#8154 = DIRECTION('',(0.,-1.));
#8155 = ( GEOMETRIC_REPRESENTATION_CONTEXT(2) 
PARAMETRIC_REPRESENTATION_CONTEXT() REPRESENTATION_CONTEXT('2D SPACE',''
  ) );
#8156 = ORIENTED_EDGE('',*,*,#8085,.F.);
#8157 = FACE_BOUND('',#8158,.F.);
#8158 = EDGE_LOOP('',(#8159));
#8159 = ORIENTED_EDGE('',*,*,#8160,.T.);
#8160 = EDGE_CURVE('',#8161,#8161,#8163,.T.);
#8161 = VERTEX_POINT('',#8162);
#8162 = CARTESIAN_POINT('',(-77.25,-33.,91.7));
#8163 = SURFACE_CURVE('',#8164,(#8169,#8180),.PCURVE_S1.);
#8164 = CIRCLE('',#8165,2.25);
#8165 = AXIS2_PLACEMENT_3D('',#8166,#8167,#8168);
#8166 = CARTESIAN_POINT('',(-75.,-33.,91.7));
#8167 = DIRECTION('',(0.,1.,-1.110223024625E-16));
#8168 = DIRECTION('',(-1.,0.,0.));
#8169 = PCURVE('',#7786,#8170);
#8170 = DEFINITIONAL_REPRESENTATION('',(#8171),#8179);
#8171 = ( BOUNDED_CURVE() B_SPLINE_CURVE(2,(#8172,#8173,#8174,#8175,
#8176,#8177,#8178),.UNSPECIFIED.,.T.,.F.) B_SPLINE_CURVE_WITH_KNOTS((1,2
    ,2,2,2,1),(-2.094395102393,0.,2.094395102393,4.188790204786,
6.28318530718,8.377580409573),.UNSPECIFIED.) CURVE() 
GEOMETRIC_REPRESENTATION_ITEM() RATIONAL_B_SPLINE_CURVE((1.,0.5,1.,0.5,
1.,0.5,1.)) REPRESENTATION_ITEM('') );
#8172 = CARTESIAN_POINT('',(4.75,7.));
#8173 = CARTESIAN_POINT('',(4.75,10.89711431703));
#8174 = CARTESIAN_POINT('',(8.125,8.948557158515));
#8175 = CARTESIAN_POINT('',(11.5,7.));
#8176 = CARTESIAN_POINT('',(8.125,5.051442841485));
#8177 = CARTESIAN_POINT('',(4.75,3.10288568297));
#8178 = CARTESIAN_POINT('',(4.75,7.));
#8179 = ( GEOMETRIC_REPRESENTATION_CONTEXT(2) 
PARAMETRIC_REPRESENTATION_CONTEXT() REPRESENTATION_CONTEXT('2D SPACE',''
  ) );
#8180 = PCURVE('',#8000,#8181);
#8181 = DEFINITIONAL_REPRESENTATION('',(#8182),#8186);
#8182 = LINE('',#8183,#8184);
#8183 = CARTESIAN_POINT('',(0.,7.));
#8184 = VECTOR('',#8185,1.);
#8185 = DIRECTION('',(1.,0.));
#8186 = ( GEOMETRIC_REPRESENTATION_CONTEXT(2) 
PARAMETRIC_REPRESENTATION_CONTEXT() REPRESENTATION_CONTEXT('2D SPACE',''
  ) );
#8187 = FACE_BOUND('',#8188,.F.);
#8188 = EDGE_LOOP('',(#8189));
#8189 = ORIENTED_EDGE('',*,*,#8190,.T.);
#8190 = EDGE_CURVE('',#8191,#8191,#8193,.T.);
#8191 = VERTEX_POINT('',#8192);
#8192 = CARTESIAN_POINT('',(-69.6,-33.,116.7));
#8193 = SURFACE_CURVE('',#8194,(#8199,#8210),.PCURVE_S1.);
#8194 = CIRCLE('',#8195,2.1);
#8195 = AXIS2_PLACEMENT_3D('',#8196,#8197,#8198);
#8196 = CARTESIAN_POINT('',(-67.5,-33.,116.7));
#8197 = DIRECTION('',(0.,1.,-1.110223024625E-16));
#8198 = DIRECTION('',(-1.,0.,0.));
#8199 = PCURVE('',#7786,#8200);
#8200 = DEFINITIONAL_REPRESENTATION('',(#8201),#8209);
#8201 = ( BOUNDED_CURVE() B_SPLINE_CURVE(2,(#8202,#8203,#8204,#8205,
#8206,#8207,#8208),.UNSPECIFIED.,.T.,.F.) B_SPLINE_CURVE_WITH_KNOTS((1,2
    ,2,2,2,1),(-2.094395102393,0.,2.094395102393,4.188790204786,
6.28318530718,8.377580409573),.UNSPECIFIED.) CURVE() 
GEOMETRIC_REPRESENTATION_ITEM() RATIONAL_B_SPLINE_CURVE((1.,0.5,1.,0.5,
1.,0.5,1.)) REPRESENTATION_ITEM('') );
#8202 = CARTESIAN_POINT('',(12.4,32.));
#8203 = CARTESIAN_POINT('',(12.4,35.637306695895));
#8204 = CARTESIAN_POINT('',(15.55,33.818653347947));
#8205 = CARTESIAN_POINT('',(18.7,32.));
#8206 = CARTESIAN_POINT('',(15.55,30.181346652053));
#8207 = CARTESIAN_POINT('',(12.4,28.362693304105));
#8208 = CARTESIAN_POINT('',(12.4,32.));
#8209 = ( GEOMETRIC_REPRESENTATION_CONTEXT(2) 
PARAMETRIC_REPRESENTATION_CONTEXT() REPRESENTATION_CONTEXT('2D SPACE',''
  ) );
#8210 = PCURVE('',#8035,#8211);
#8211 = DEFINITIONAL_REPRESENTATION('',(#8212),#8216);
#8212 = LINE('',#8213,#8214);
#8213 = CARTESIAN_POINT('',(0.,7.));
#8214 = VECTOR('',#8215,1.);
#8215 = DIRECTION('',(1.,0.));
#8216 = ( GEOMETRIC_REPRESENTATION_CONTEXT(2) 
PARAMETRIC_REPRESENTATION_CONTEXT() REPRESENTATION_CONTEXT('2D SPACE',''
  ) );
#8217 = FACE_BOUND('',#8218,.F.);
#8218 = EDGE_LOOP('',(#8219));
#8219 = ORIENTED_EDGE('',*,*,#8220,.T.);
#8220 = EDGE_CURVE('',#8221,#8221,#8223,.T.);
#8221 = VERTEX_POINT('',#8222);
#8222 = CARTESIAN_POINT('',(-59.,-33.,116.7));
#8223 = SURFACE_CURVE('',#8224,(#8229,#8240),.PCURVE_S1.);
#8224 = CIRCLE('',#8225,9.);
#8225 = AXIS2_PLACEMENT_3D('',#8226,#8227,#8228);
#8226 = CARTESIAN_POINT('',(-50.,-33.,116.7));
#8227 = DIRECTION('',(0.,1.,-1.110223024625E-16));
#8228 = DIRECTION('',(-1.,0.,0.));
#8229 = PCURVE('',#7786,#8230);
#8230 = DEFINITIONAL_REPRESENTATION('',(#8231),#8239);
#8231 = ( BOUNDED_CURVE() B_SPLINE_CURVE(2,(#8232,#8233,#8234,#8235,
#8236,#8237,#8238),.UNSPECIFIED.,.T.,.F.) B_SPLINE_CURVE_WITH_KNOTS((1,2
    ,2,2,2,1),(-2.094395102393,0.,2.094395102393,4.188790204786,
6.28318530718,8.377580409573),.UNSPECIFIED.) CURVE() 
GEOMETRIC_REPRESENTATION_ITEM() RATIONAL_B_SPLINE_CURVE((1.,0.5,1.,0.5,
1.,0.5,1.)) REPRESENTATION_ITEM('') );
#8232 = CARTESIAN_POINT('',(23.,32.));
#8233 = CARTESIAN_POINT('',(23.,47.58845726812));
#8234 = CARTESIAN_POINT('',(36.5,39.79422863406));
#8235 = CARTESIAN_POINT('',(50.,32.));
#8236 = CARTESIAN_POINT('',(36.5,24.20577136594));
#8237 = CARTESIAN_POINT('',(23.,16.41154273188));
#8238 = CARTESIAN_POINT('',(23.,32.));
#8239 = ( GEOMETRIC_REPRESENTATION_CONTEXT(2) 
PARAMETRIC_REPRESENTATION_CONTEXT() REPRESENTATION_CONTEXT('2D SPACE',''
  ) );
#8240 = PCURVE('',#8070,#8241);
#8241 = DEFINITIONAL_REPRESENTATION('',(#8242),#8246);
#8242 = LINE('',#8243,#8244);
#8243 = CARTESIAN_POINT('',(0.,7.));
#8244 = VECTOR('',#8245,1.);
#8245 = DIRECTION('',(1.,0.));
#8246 = ( GEOMETRIC_REPRESENTATION_CONTEXT(2) 
PARAMETRIC_REPRESENTATION_CONTEXT() REPRESENTATION_CONTEXT('2D SPACE',''
  ) );
#8247 = ADVANCED_FACE('',(#8248),#7916,.T.);
#8248 = FACE_BOUND('',#8249,.T.);
#8249 = EDGE_LOOP('',(#8250,#8251,#8252,#8253));
#8250 = ORIENTED_EDGE('',*,*,#7902,.F.);
#8251 = ORIENTED_EDGE('',*,*,#8136,.T.);
#8252 = ORIENTED_EDGE('',*,*,#8110,.T.);
#8253 = ORIENTED_EDGE('',*,*,#7933,.F.);
#8254 = ADVANCED_FACE('',(#8255),#8000,.F.);
#8255 = FACE_BOUND('',#8256,.F.);
#8256 = EDGE_LOOP('',(#8257,#8258,#8279,#8280));
#8257 = ORIENTED_EDGE('',*,*,#8160,.F.);
#8258 = ORIENTED_EDGE('',*,*,#8259,.F.);
#8259 = EDGE_CURVE('',#7980,#8161,#8260,.T.);
#8260 = SEAM_CURVE('',#8261,(#8265,#8272),.PCURVE_S1.);
#8261 = LINE('',#8262,#8263);
#8262 = CARTESIAN_POINT('',(-77.25,-40.,91.7));
#8263 = VECTOR('',#8264,1.);
#8264 = DIRECTION('',(0.,1.,-1.110223024625E-16));
#8265 = PCURVE('',#8000,#8266);
#8266 = DEFINITIONAL_REPRESENTATION('',(#8267),#8271);
#8267 = LINE('',#8268,#8269);
#8268 = CARTESIAN_POINT('',(0.,-0.));
#8269 = VECTOR('',#8270,1.);
#8270 = DIRECTION('',(0.,1.));
#8271 = ( GEOMETRIC_REPRESENTATION_CONTEXT(2) 
PARAMETRIC_REPRESENTATION_CONTEXT() REPRESENTATION_CONTEXT('2D SPACE',''
  ) );
#8272 = PCURVE('',#8000,#8273);
#8273 = DEFINITIONAL_REPRESENTATION('',(#8274),#8278);
#8274 = LINE('',#8275,#8276);
#8275 = CARTESIAN_POINT('',(6.28318530718,-0.));
#8276 = VECTOR('',#8277,1.);
#8277 = DIRECTION('',(0.,1.));
#8278 = ( GEOMETRIC_REPRESENTATION_CONTEXT(2) 
PARAMETRIC_REPRESENTATION_CONTEXT() REPRESENTATION_CONTEXT('2D SPACE',''
  ) );
#8279 = ORIENTED_EDGE('',*,*,#7979,.T.);
#8280 = ORIENTED_EDGE('',*,*,#8259,.T.);
#8281 = ADVANCED_FACE('',(#8282),#8035,.F.);
#8282 = FACE_BOUND('',#8283,.F.);
#8283 = EDGE_LOOP('',(#8284,#8285,#8306,#8307));
#8284 = ORIENTED_EDGE('',*,*,#8190,.F.);
#8285 = ORIENTED_EDGE('',*,*,#8286,.F.);
#8286 = EDGE_CURVE('',#8015,#8191,#8287,.T.);
#8287 = SEAM_CURVE('',#8288,(#8292,#8299),.PCURVE_S1.);
#8288 = LINE('',#8289,#8290);
#8289 = CARTESIAN_POINT('',(-69.6,-40.,116.7));
#8290 = VECTOR('',#8291,1.);
#8291 = DIRECTION('',(0.,1.,-1.110223024625E-16));
#8292 = PCURVE('',#8035,#8293);
#8293 = DEFINITIONAL_REPRESENTATION('',(#8294),#8298);
#8294 = LINE('',#8295,#8296);
#8295 = CARTESIAN_POINT('',(0.,-0.));
#8296 = VECTOR('',#8297,1.);
#8297 = DIRECTION('',(0.,1.));
#8298 = ( GEOMETRIC_REPRESENTATION_CONTEXT(2) 
PARAMETRIC_REPRESENTATION_CONTEXT() REPRESENTATION_CONTEXT('2D SPACE',''
  ) );
#8299 = PCURVE('',#8035,#8300);
#8300 = DEFINITIONAL_REPRESENTATION('',(#8301),#8305);
#8301 = LINE('',#8302,#8303);
#8302 = CARTESIAN_POINT('',(6.28318530718,-0.));
#8303 = VECTOR('',#8304,1.);
#8304 = DIRECTION('',(0.,1.));
#8305 = ( GEOMETRIC_REPRESENTATION_CONTEXT(2) 
PARAMETRIC_REPRESENTATION_CONTEXT() REPRESENTATION_CONTEXT('2D SPACE',''
  ) );
#8306 = ORIENTED_EDGE('',*,*,#8014,.T.);
#8307 = ORIENTED_EDGE('',*,*,#8286,.T.);
#8308 = ADVANCED_FACE('',(#8309),#8070,.F.);
#8309 = FACE_BOUND('',#8310,.F.);
#8310 = EDGE_LOOP('',(#8311,#8312,#8333,#8334));
#8311 = ORIENTED_EDGE('',*,*,#8220,.F.);
#8312 = ORIENTED_EDGE('',*,*,#8313,.F.);
#8313 = EDGE_CURVE('',#8050,#8221,#8314,.T.);
#8314 = SEAM_CURVE('',#8315,(#8319,#8326),.PCURVE_S1.);
#8315 = LINE('',#8316,#8317);
#8316 = CARTESIAN_POINT('',(-59.,-40.,116.7));
#8317 = VECTOR('',#8318,1.);
#8318 = DIRECTION('',(0.,1.,-1.110223024625E-16));
#8319 = PCURVE('',#8070,#8320);
#8320 = DEFINITIONAL_REPRESENTATION('',(#8321),#8325);
#8321 = LINE('',#8322,#8323);
#8322 = CARTESIAN_POINT('',(0.,-0.));
#8323 = VECTOR('',#8324,1.);
#8324 = DIRECTION('',(0.,1.));
#8325 = ( GEOMETRIC_REPRESENTATION_CONTEXT(2) 
PARAMETRIC_REPRESENTATION_CONTEXT() REPRESENTATION_CONTEXT('2D SPACE',''
  ) );
#8326 = PCURVE('',#8070,#8327);
#8327 = DEFINITIONAL_REPRESENTATION('',(#8328),#8332);
#8328 = LINE('',#8329,#8330);
#8329 = CARTESIAN_POINT('',(6.28318530718,-0.));
#8330 = VECTOR('',#8331,1.);
#8331 = DIRECTION('',(0.,1.));
#8332 = ( GEOMETRIC_REPRESENTATION_CONTEXT(2) 
PARAMETRIC_REPRESENTATION_CONTEXT() REPRESENTATION_CONTEXT('2D SPACE',''
  ) );
#8333 = ORIENTED_EDGE('',*,*,#8049,.T.);
#8334 = ORIENTED_EDGE('',*,*,#8313,.T.);
#8335 = ( GEOMETRIC_REPRESENTATION_CONTEXT(3) 
GLOBAL_UNCERTAINTY_ASSIGNED_CONTEXT((#8339)) 
GLOBAL_UNIT_ASSIGNED_CONTEXT((#8336,#8337,#8338)) REPRESENTATION_CONTEXT
('Context #1','3D Context with UNIT and UNCERTAINTY') );
#8336 = ( LENGTH_UNIT() NAMED_UNIT(*) SI_UNIT(.MILLI.,.METRE.) );
#8337 = ( NAMED_UNIT(*) PLANE_ANGLE_UNIT() SI_UNIT($,.RADIAN.) );
#8338 = ( NAMED_UNIT(*) SI_UNIT($,.STERADIAN.) SOLID_ANGLE_UNIT() );
#8339 = UNCERTAINTY_MEASURE_WITH_UNIT(LENGTH_MEASURE(1.E-07),#8336,
  'distance_accuracy_value','confusion accuracy');
#8340 = CONTEXT_DEPENDENT_SHAPE_REPRESENTATION(#8341,#8343);
#8341 = ( REPRESENTATION_RELATIONSHIP('','',#7728,#10) 
REPRESENTATION_RELATIONSHIP_WITH_TRANSFORMATION(#8342) 
SHAPE_REPRESENTATION_RELATIONSHIP() );
#8342 = ITEM_DEFINED_TRANSFORMATION('','',#11,#47);
#8343 = PRODUCT_DEFINITION_SHAPE('Placement','Placement of an item',
  #8344);
#8344 = NEXT_ASSEMBLY_USAGE_OCCURRENCE('20','','',#5,#7723,$);
#8345 = PRODUCT_RELATED_PRODUCT_CATEGORY('part',$,(#7725));
ENDSEC;
END-ISO-10303-21;
