ISO-10303-21;
HEADER;
FILE_DESCRIPTION(('Open CASCADE Model'),'2;1');
FILE_NAME('Open CASCADE Shape Model','2026-09-10T23:36:48',('Author'),(
    'Open CASCADE'),'Open CASCADE STEP processor 7.9','Open CASCADE 7.9'
  ,'Unknown');
FILE_SCHEMA(('AUTOMOTIVE_DESIGN { 1 0 10303 214 1 1 1 1 }'));
ENDSEC;
DATA;
#1 = APPLICATION_PROTOCOL_DEFINITION('international standard',
  'automotive_design',2000,#2);
#2 = APPLICATION_CONTEXT(
  'core data for automotive mechanical design processes');
#3 = SHAPE_DEFINITION_REPRESENTATION(#4,#10);
#4 = PRODUCT_DEFINITION_SHAPE('','',#5);
#5 = PRODUCT_DEFINITION('design','',#6,#9);
#6 = PRODUCT_DEFINITION_FORMATION('','',#7);
#7 = PRODUCT('Open CASCADE STEP translator 7.9 3',
  'Open CASCADE STEP translator 7.9 3','',(#8));
#8 = PRODUCT_CONTEXT('',#2,'mechanical');
#9 = PRODUCT_DEFINITION_CONTEXT('part definition',#2,'design');
#10 = ADVANCED_BREP_SHAPE_REPRESENTATION('',(#11,#15),#6747);
#11 = AXIS2_PLACEMENT_3D('',#12,#13,#14);
#12 = CARTESIAN_POINT('',(0.,0.,0.));
#13 = DIRECTION('',(0.,0.,1.));
#14 = DIRECTION('',(1.,0.,-0.));
#15 = MANIFOLD_SOLID_BREP('',#16);
#16 = CLOSED_SHELL('',(#17,#137,#368,#647,#871,#1116,#1123,#1739,#2360,
    #2877,#3109,#3626,#3661,#3736,#4887,#4934,#4982,#5030,#5062,#6157,
    #6214,#6272,#6353,#6453,#6534,#6605,#6656,#6707,#6715,#6719,#6723,
    #6731,#6735,#6739,#6743));
#17 = ADVANCED_FACE('',(#18),#32,.F.);
#18 = FACE_BOUND('',#19,.F.);
#19 = EDGE_LOOP('',(#20,#55,#83,#111));
#20 = ORIENTED_EDGE('',*,*,#21,.F.);
#21 = EDGE_CURVE('',#22,#24,#26,.T.);
#22 = VERTEX_POINT('',#23);
#23 = CARTESIAN_POINT('',(-56.,-33.,0.));
#24 = VERTEX_POINT('',#25);
#25 = CARTESIAN_POINT('',(-56.,-33.,118.));
#26 = SURFACE_CURVE('',#27,(#31,#43),.PCURVE_S1.);
#27 = LINE('',#28,#29);
#28 = CARTESIAN_POINT('',(-56.,-33.,0.));
#29 = VECTOR('',#30,1.);
#30 = DIRECTION('',(0.,0.,1.));
#31 = PCURVE('',#32,#37);
#32 = PLANE('',#33);
#33 = AXIS2_PLACEMENT_3D('',#34,#35,#36);
#34 = CARTESIAN_POINT('',(-56.,-33.,0.));
#35 = DIRECTION('',(1.,0.,0.));
#36 = DIRECTION('',(0.,0.,1.));
#37 = DEFINITIONAL_REPRESENTATION('',(#38),#42);
#38 = LINE('',#39,#40);
#39 = CARTESIAN_POINT('',(0.,0.));
#40 = VECTOR('',#41,1.);
#41 = DIRECTION('',(1.,0.));
#42 = ( GEOMETRIC_REPRESENTATION_CONTEXT(2) 
PARAMETRIC_REPRESENTATION_CONTEXT() REPRESENTATION_CONTEXT('2D SPACE',''
  ) );
#43 = PCURVE('',#44,#49);
#44 = PLANE('',#45);
#45 = AXIS2_PLACEMENT_3D('',#46,#47,#48);
#46 = CARTESIAN_POINT('',(-56.,-33.,0.));
#47 = DIRECTION('',(0.,1.,0.));
#48 = DIRECTION('',(0.,0.,1.));
#49 = DEFINITIONAL_REPRESENTATION('',(#50),#54);
#50 = LINE('',#51,#52);
#51 = CARTESIAN_POINT('',(0.,0.));
#52 = VECTOR('',#53,1.);
#53 = DIRECTION('',(1.,0.));
#54 = ( GEOMETRIC_REPRESENTATION_CONTEXT(2) 
PARAMETRIC_REPRESENTATION_CONTEXT() REPRESENTATION_CONTEXT('2D SPACE',''
  ) );
#55 = ORIENTED_EDGE('',*,*,#56,.T.);
#56 = EDGE_CURVE('',#22,#57,#59,.T.);
#57 = VERTEX_POINT('',#58);
#58 = CARTESIAN_POINT('',(-56.,33.,0.));
#59 = SURFACE_CURVE('',#60,(#64,#71),.PCURVE_S1.);
#60 = LINE('',#61,#62);
#61 = CARTESIAN_POINT('',(-56.,-33.,0.));
#62 = VECTOR('',#63,1.);
#63 = DIRECTION('',(0.,1.,0.));
#64 = PCURVE('',#32,#65);
#65 = DEFINITIONAL_REPRESENTATION('',(#66),#70);
#66 = LINE('',#67,#68);
#67 = CARTESIAN_POINT('',(0.,0.));
#68 = VECTOR('',#69,1.);
#69 = DIRECTION('',(0.,-1.));
#70 = ( GEOMETRIC_REPRESENTATION_CONTEXT(2) 
PARAMETRIC_REPRESENTATION_CONTEXT() REPRESENTATION_CONTEXT('2D SPACE',''
  ) );
#71 = PCURVE('',#72,#77);
#72 = PLANE('',#73);
#73 = AXIS2_PLACEMENT_3D('',#74,#75,#76);
#74 = CARTESIAN_POINT('',(-56.,-33.,0.));
#75 = DIRECTION('',(0.,0.,1.));
#76 = DIRECTION('',(1.,0.,0.));
#77 = DEFINITIONAL_REPRESENTATION('',(#78),#82);
#78 = LINE('',#79,#80);
#79 = CARTESIAN_POINT('',(0.,0.));
#80 = VECTOR('',#81,1.);
#81 = DIRECTION('',(0.,1.));
#82 = ( GEOMETRIC_REPRESENTATION_CONTEXT(2) 
PARAMETRIC_REPRESENTATION_CONTEXT() REPRESENTATION_CONTEXT('2D SPACE',''
  ) );
#83 = ORIENTED_EDGE('',*,*,#84,.T.);
#84 = EDGE_CURVE('',#57,#85,#87,.T.);
#85 = VERTEX_POINT('',#86);
#86 = CARTESIAN_POINT('',(-56.,33.,118.));
#87 = SURFACE_CURVE('',#88,(#92,#99),.PCURVE_S1.);
#88 = LINE('',#89,#90);
#89 = CARTESIAN_POINT('',(-56.,33.,0.));
#90 = VECTOR('',#91,1.);
#91 = DIRECTION('',(0.,0.,1.));
#92 = PCURVE('',#32,#93);
#93 = DEFINITIONAL_REPRESENTATION('',(#94),#98);
#94 = LINE('',#95,#96);
#95 = CARTESIAN_POINT('',(0.,-66.));
#96 = VECTOR('',#97,1.);
#97 = DIRECTION('',(1.,0.));
#98 = ( GEOMETRIC_REPRESENTATION_CONTEXT(2) 
PARAMETRIC_REPRESENTATION_CONTEXT() REPRESENTATION_CONTEXT('2D SPACE',''
  ) );
#99 = PCURVE('',#100,#105);
#100 = PLANE('',#101);
#101 = AXIS2_PLACEMENT_3D('',#102,#103,#104);
#102 = CARTESIAN_POINT('',(-56.,33.,0.));
#103 = DIRECTION('',(0.,1.,0.));
#104 = DIRECTION('',(0.,0.,1.));
#105 = DEFINITIONAL_REPRESENTATION('',(#106),#110);
#106 = LINE('',#107,#108);
#107 = CARTESIAN_POINT('',(0.,0.));
#108 = VECTOR('',#109,1.);
#109 = DIRECTION('',(1.,0.));
#110 = ( GEOMETRIC_REPRESENTATION_CONTEXT(2) 
PARAMETRIC_REPRESENTATION_CONTEXT() REPRESENTATION_CONTEXT('2D SPACE',''
  ) );
#111 = ORIENTED_EDGE('',*,*,#112,.F.);
#112 = EDGE_CURVE('',#24,#85,#113,.T.);
#113 = SURFACE_CURVE('',#114,(#118,#125),.PCURVE_S1.);
#114 = LINE('',#115,#116);
#115 = CARTESIAN_POINT('',(-56.,-33.,118.));
#116 = VECTOR('',#117,1.);
#117 = DIRECTION('',(0.,1.,0.));
#118 = PCURVE('',#32,#119);
#119 = DEFINITIONAL_REPRESENTATION('',(#120),#124);
#120 = LINE('',#121,#122);
#121 = CARTESIAN_POINT('',(118.,0.));
#122 = VECTOR('',#123,1.);
#123 = DIRECTION('',(0.,-1.));
#124 = ( GEOMETRIC_REPRESENTATION_CONTEXT(2) 
PARAMETRIC_REPRESENTATION_CONTEXT() REPRESENTATION_CONTEXT('2D SPACE',''
  ) );
#125 = PCURVE('',#126,#131);
#126 = PLANE('',#127);
#127 = AXIS2_PLACEMENT_3D('',#128,#129,#130);
#128 = CARTESIAN_POINT('',(-56.,-33.,118.));
#129 = DIRECTION('',(0.,0.,1.));
#130 = DIRECTION('',(1.,0.,0.));
#131 = DEFINITIONAL_REPRESENTATION('',(#132),#136);
#132 = LINE('',#133,#134);
#133 = CARTESIAN_POINT('',(0.,0.));
#134 = VECTOR('',#135,1.);
#135 = DIRECTION('',(0.,1.));
#136 = ( GEOMETRIC_REPRESENTATION_CONTEXT(2) 
PARAMETRIC_REPRESENTATION_CONTEXT() REPRESENTATION_CONTEXT('2D SPACE',''
  ) );
#137 = ADVANCED_FACE('',(#138,#213,#244,#275,#306,#337),#44,.F.);
#138 = FACE_BOUND('',#139,.F.);
#139 = EDGE_LOOP('',(#140,#163,#164,#187));
#140 = ORIENTED_EDGE('',*,*,#141,.F.);
#141 = EDGE_CURVE('',#22,#142,#144,.T.);
#142 = VERTEX_POINT('',#143);
#143 = CARTESIAN_POINT('',(56.,-33.,0.));
#144 = SURFACE_CURVE('',#145,(#149,#156),.PCURVE_S1.);
#145 = LINE('',#146,#147);
#146 = CARTESIAN_POINT('',(-56.,-33.,0.));
#147 = VECTOR('',#148,1.);
#148 = DIRECTION('',(1.,0.,0.));
#149 = PCURVE('',#44,#150);
#150 = DEFINITIONAL_REPRESENTATION('',(#151),#155);
#151 = LINE('',#152,#153);
#152 = CARTESIAN_POINT('',(0.,0.));
#153 = VECTOR('',#154,1.);
#154 = DIRECTION('',(0.,1.));
#155 = ( GEOMETRIC_REPRESENTATION_CONTEXT(2) 
PARAMETRIC_REPRESENTATION_CONTEXT() REPRESENTATION_CONTEXT('2D SPACE',''
  ) );
#156 = PCURVE('',#72,#157);
#157 = DEFINITIONAL_REPRESENTATION('',(#158),#162);
#158 = LINE('',#159,#160);
#159 = CARTESIAN_POINT('',(0.,0.));
#160 = VECTOR('',#161,1.);
#161 = DIRECTION('',(1.,0.));
#162 = ( GEOMETRIC_REPRESENTATION_CONTEXT(2) 
PARAMETRIC_REPRESENTATION_CONTEXT() REPRESENTATION_CONTEXT('2D SPACE',''
  ) );
#163 = ORIENTED_EDGE('',*,*,#21,.T.);
#164 = ORIENTED_EDGE('',*,*,#165,.T.);
#165 = EDGE_CURVE('',#24,#166,#168,.T.);
#166 = VERTEX_POINT('',#167);
#167 = CARTESIAN_POINT('',(56.,-33.,118.));
#168 = SURFACE_CURVE('',#169,(#173,#180),.PCURVE_S1.);
#169 = LINE('',#170,#171);
#170 = CARTESIAN_POINT('',(-56.,-33.,118.));
#171 = VECTOR('',#172,1.);
#172 = DIRECTION('',(1.,0.,0.));
#173 = PCURVE('',#44,#174);
#174 = DEFINITIONAL_REPRESENTATION('',(#175),#179);
#175 = LINE('',#176,#177);
#176 = CARTESIAN_POINT('',(118.,0.));
#177 = VECTOR('',#178,1.);
#178 = DIRECTION('',(0.,1.));
#179 = ( GEOMETRIC_REPRESENTATION_CONTEXT(2) 
PARAMETRIC_REPRESENTATION_CONTEXT() REPRESENTATION_CONTEXT('2D SPACE',''
  ) );
#180 = PCURVE('',#126,#181);
#181 = DEFINITIONAL_REPRESENTATION('',(#182),#186);
#182 = LINE('',#183,#184);
#183 = CARTESIAN_POINT('',(0.,0.));
#184 = VECTOR('',#185,1.);
#185 = DIRECTION('',(1.,0.));
#186 = ( GEOMETRIC_REPRESENTATION_CONTEXT(2) 
PARAMETRIC_REPRESENTATION_CONTEXT() REPRESENTATION_CONTEXT('2D SPACE',''
  ) );
#187 = ORIENTED_EDGE('',*,*,#188,.F.);
#188 = EDGE_CURVE('',#142,#166,#189,.T.);
#189 = SURFACE_CURVE('',#190,(#194,#201),.PCURVE_S1.);
#190 = LINE('',#191,#192);
#191 = CARTESIAN_POINT('',(56.,-33.,0.));
#192 = VECTOR('',#193,1.);
#193 = DIRECTION('',(0.,0.,1.));
#194 = PCURVE('',#44,#195);
#195 = DEFINITIONAL_REPRESENTATION('',(#196),#200);
#196 = LINE('',#197,#198);
#197 = CARTESIAN_POINT('',(0.,112.));
#198 = VECTOR('',#199,1.);
#199 = DIRECTION('',(1.,0.));
#200 = ( GEOMETRIC_REPRESENTATION_CONTEXT(2) 
PARAMETRIC_REPRESENTATION_CONTEXT() REPRESENTATION_CONTEXT('2D SPACE',''
  ) );
#201 = PCURVE('',#202,#207);
#202 = PLANE('',#203);
#203 = AXIS2_PLACEMENT_3D('',#204,#205,#206);
#204 = CARTESIAN_POINT('',(56.,-33.,0.));
#205 = DIRECTION('',(1.,0.,0.));
#206 = DIRECTION('',(0.,0.,1.));
#207 = DEFINITIONAL_REPRESENTATION('',(#208),#212);
#208 = LINE('',#209,#210);
#209 = CARTESIAN_POINT('',(0.,0.));
#210 = VECTOR('',#211,1.);
#211 = DIRECTION('',(1.,0.));
#212 = ( GEOMETRIC_REPRESENTATION_CONTEXT(2) 
PARAMETRIC_REPRESENTATION_CONTEXT() REPRESENTATION_CONTEXT('2D SPACE',''
  ) );
#213 = FACE_BOUND('',#214,.F.);
#214 = EDGE_LOOP('',(#215));
#215 = ORIENTED_EDGE('',*,*,#216,.F.);
#216 = EDGE_CURVE('',#217,#217,#219,.T.);
#217 = VERTEX_POINT('',#218);
#218 = CARTESIAN_POINT('',(-44.8,-33.,13.664277140834));
#219 = SURFACE_CURVE('',#220,(#225,#232),.PCURVE_S1.);
#220 = CIRCLE('',#221,2.8);
#221 = AXIS2_PLACEMENT_3D('',#222,#223,#224);
#222 = CARTESIAN_POINT('',(-42.,-33.,13.664277140834));
#223 = DIRECTION('',(0.,1.,-0.));
#224 = DIRECTION('',(-1.,0.,0.));
#225 = PCURVE('',#44,#226);
#226 = DEFINITIONAL_REPRESENTATION('',(#227),#231);
#227 = CIRCLE('',#228,2.8);
#228 = AXIS2_PLACEMENT_2D('',#229,#230);
#229 = CARTESIAN_POINT('',(13.664277140834,14.));
#230 = DIRECTION('',(0.,-1.));
#231 = ( GEOMETRIC_REPRESENTATION_CONTEXT(2) 
PARAMETRIC_REPRESENTATION_CONTEXT() REPRESENTATION_CONTEXT('2D SPACE',''
  ) );
#232 = PCURVE('',#233,#238);
#233 = CYLINDRICAL_SURFACE('',#234,2.8);
#234 = AXIS2_PLACEMENT_3D('',#235,#236,#237);
#235 = CARTESIAN_POINT('',(-42.,-33.,13.664277140834));
#236 = DIRECTION('',(0.,1.,0.));
#237 = DIRECTION('',(-1.,0.,0.));
#238 = DEFINITIONAL_REPRESENTATION('',(#239),#243);
#239 = LINE('',#240,#241);
#240 = CARTESIAN_POINT('',(0.,0.));
#241 = VECTOR('',#242,1.);
#242 = DIRECTION('',(1.,0.));
#243 = ( GEOMETRIC_REPRESENTATION_CONTEXT(2) 
PARAMETRIC_REPRESENTATION_CONTEXT() REPRESENTATION_CONTEXT('2D SPACE',''
  ) );
#244 = FACE_BOUND('',#245,.F.);
#245 = EDGE_LOOP('',(#246));
#246 = ORIENTED_EDGE('',*,*,#247,.F.);
#247 = EDGE_CURVE('',#248,#248,#250,.T.);
#248 = VERTEX_POINT('',#249);
#249 = CARTESIAN_POINT('',(-44.8,-33.,101.66427714083));
#250 = SURFACE_CURVE('',#251,(#256,#263),.PCURVE_S1.);
#251 = CIRCLE('',#252,2.8);
#252 = AXIS2_PLACEMENT_3D('',#253,#254,#255);
#253 = CARTESIAN_POINT('',(-42.,-33.,101.66427714083));
#254 = DIRECTION('',(0.,1.,-0.));
#255 = DIRECTION('',(-1.,0.,0.));
#256 = PCURVE('',#44,#257);
#257 = DEFINITIONAL_REPRESENTATION('',(#258),#262);
#258 = CIRCLE('',#259,2.8);
#259 = AXIS2_PLACEMENT_2D('',#260,#261);
#260 = CARTESIAN_POINT('',(101.66427714083,14.));
#261 = DIRECTION('',(0.,-1.));
#262 = ( GEOMETRIC_REPRESENTATION_CONTEXT(2) 
PARAMETRIC_REPRESENTATION_CONTEXT() REPRESENTATION_CONTEXT('2D SPACE',''
  ) );
#263 = PCURVE('',#264,#269);
#264 = CYLINDRICAL_SURFACE('',#265,2.8);
#265 = AXIS2_PLACEMENT_3D('',#266,#267,#268);
#266 = CARTESIAN_POINT('',(-42.,-33.,101.66427714083));
#267 = DIRECTION('',(0.,1.,0.));
#268 = DIRECTION('',(-1.,0.,0.));
#269 = DEFINITIONAL_REPRESENTATION('',(#270),#274);
#270 = LINE('',#271,#272);
#271 = CARTESIAN_POINT('',(0.,0.));
#272 = VECTOR('',#273,1.);
#273 = DIRECTION('',(1.,0.));
#274 = ( GEOMETRIC_REPRESENTATION_CONTEXT(2) 
PARAMETRIC_REPRESENTATION_CONTEXT() REPRESENTATION_CONTEXT('2D SPACE',''
  ) );
#275 = FACE_BOUND('',#276,.F.);
#276 = EDGE_LOOP('',(#277));
#277 = ORIENTED_EDGE('',*,*,#278,.F.);
#278 = EDGE_CURVE('',#279,#279,#281,.T.);
#279 = VERTEX_POINT('',#280);
#280 = CARTESIAN_POINT('',(39.2,-33.,13.664277140834));
#281 = SURFACE_CURVE('',#282,(#287,#294),.PCURVE_S1.);
#282 = CIRCLE('',#283,2.8);
#283 = AXIS2_PLACEMENT_3D('',#284,#285,#286);
#284 = CARTESIAN_POINT('',(42.,-33.,13.664277140834));
#285 = DIRECTION('',(0.,1.,-0.));
#286 = DIRECTION('',(-1.,0.,0.));
#287 = PCURVE('',#44,#288);
#288 = DEFINITIONAL_REPRESENTATION('',(#289),#293);
#289 = CIRCLE('',#290,2.8);
#290 = AXIS2_PLACEMENT_2D('',#291,#292);
#291 = CARTESIAN_POINT('',(13.664277140834,98.));
#292 = DIRECTION('',(0.,-1.));
#293 = ( GEOMETRIC_REPRESENTATION_CONTEXT(2) 
PARAMETRIC_REPRESENTATION_CONTEXT() REPRESENTATION_CONTEXT('2D SPACE',''
  ) );
#294 = PCURVE('',#295,#300);
#295 = CYLINDRICAL_SURFACE('',#296,2.8);
#296 = AXIS2_PLACEMENT_3D('',#297,#298,#299);
#297 = CARTESIAN_POINT('',(42.,-33.,13.664277140834));
#298 = DIRECTION('',(0.,1.,0.));
#299 = DIRECTION('',(-1.,0.,0.));
#300 = DEFINITIONAL_REPRESENTATION('',(#301),#305);
#301 = LINE('',#302,#303);
#302 = CARTESIAN_POINT('',(0.,0.));
#303 = VECTOR('',#304,1.);
#304 = DIRECTION('',(1.,0.));
#305 = ( GEOMETRIC_REPRESENTATION_CONTEXT(2) 
PARAMETRIC_REPRESENTATION_CONTEXT() REPRESENTATION_CONTEXT('2D SPACE',''
  ) );
#306 = FACE_BOUND('',#307,.F.);
#307 = EDGE_LOOP('',(#308));
#308 = ORIENTED_EDGE('',*,*,#309,.F.);
#309 = EDGE_CURVE('',#310,#310,#312,.T.);
#310 = VERTEX_POINT('',#311);
#311 = CARTESIAN_POINT('',(36.,-33.,62.));
#312 = SURFACE_CURVE('',#313,(#318,#325),.PCURVE_S1.);
#313 = CIRCLE('',#314,36.);
#314 = AXIS2_PLACEMENT_3D('',#315,#316,#317);
#315 = CARTESIAN_POINT('',(0.,-33.,62.));
#316 = DIRECTION('',(-0.,1.,0.));
#317 = DIRECTION('',(1.,0.,0.));
#318 = PCURVE('',#44,#319);
#319 = DEFINITIONAL_REPRESENTATION('',(#320),#324);
#320 = CIRCLE('',#321,36.);
#321 = AXIS2_PLACEMENT_2D('',#322,#323);
#322 = CARTESIAN_POINT('',(62.,56.));
#323 = DIRECTION('',(0.,1.));
#324 = ( GEOMETRIC_REPRESENTATION_CONTEXT(2) 
PARAMETRIC_REPRESENTATION_CONTEXT() REPRESENTATION_CONTEXT('2D SPACE',''
  ) );
#325 = PCURVE('',#326,#331);
#326 = CYLINDRICAL_SURFACE('',#327,36.);
#327 = AXIS2_PLACEMENT_3D('',#328,#329,#330);
#328 = CARTESIAN_POINT('',(0.,0.,62.));
#329 = DIRECTION('',(-0.,1.,-0.));
#330 = DIRECTION('',(1.,0.,0.));
#331 = DEFINITIONAL_REPRESENTATION('',(#332),#336);
#332 = LINE('',#333,#334);
#333 = CARTESIAN_POINT('',(-6.28318530718,-33.));
#334 = VECTOR('',#335,1.);
#335 = DIRECTION('',(1.,-0.));
#336 = ( GEOMETRIC_REPRESENTATION_CONTEXT(2) 
PARAMETRIC_REPRESENTATION_CONTEXT() REPRESENTATION_CONTEXT('2D SPACE',''
  ) );
#337 = FACE_BOUND('',#338,.F.);
#338 = EDGE_LOOP('',(#339));
#339 = ORIENTED_EDGE('',*,*,#340,.F.);
#340 = EDGE_CURVE('',#341,#341,#343,.T.);
#341 = VERTEX_POINT('',#342);
#342 = CARTESIAN_POINT('',(39.2,-33.,101.66427714083));
#343 = SURFACE_CURVE('',#344,(#349,#356),.PCURVE_S1.);
#344 = CIRCLE('',#345,2.8);
#345 = AXIS2_PLACEMENT_3D('',#346,#347,#348);
#346 = CARTESIAN_POINT('',(42.,-33.,101.66427714083));
#347 = DIRECTION('',(0.,1.,-0.));
#348 = DIRECTION('',(-1.,0.,0.));
#349 = PCURVE('',#44,#350);
#350 = DEFINITIONAL_REPRESENTATION('',(#351),#355);
#351 = CIRCLE('',#352,2.8);
#352 = AXIS2_PLACEMENT_2D('',#353,#354);
#353 = CARTESIAN_POINT('',(101.66427714083,98.));
#354 = DIRECTION('',(0.,-1.));
#355 = ( GEOMETRIC_REPRESENTATION_CONTEXT(2) 
PARAMETRIC_REPRESENTATION_CONTEXT() REPRESENTATION_CONTEXT('2D SPACE',''
  ) );
#356 = PCURVE('',#357,#362);
#357 = CYLINDRICAL_SURFACE('',#358,2.8);
#358 = AXIS2_PLACEMENT_3D('',#359,#360,#361);
#359 = CARTESIAN_POINT('',(42.,-33.,101.66427714083));
#360 = DIRECTION('',(0.,1.,0.));
#361 = DIRECTION('',(-1.,0.,0.));
#362 = DEFINITIONAL_REPRESENTATION('',(#363),#367);
#363 = LINE('',#364,#365);
#364 = CARTESIAN_POINT('',(0.,0.));
#365 = VECTOR('',#366,1.);
#366 = DIRECTION('',(1.,0.));
#367 = ( GEOMETRIC_REPRESENTATION_CONTEXT(2) 
PARAMETRIC_REPRESENTATION_CONTEXT() REPRESENTATION_CONTEXT('2D SPACE',''
  ) );
#368 = ADVANCED_FACE('',(#369,#417,#448,#479,#510,#616),#126,.T.);
#369 = FACE_BOUND('',#370,.T.);
#370 = EDGE_LOOP('',(#371,#372,#373,#396));
#371 = ORIENTED_EDGE('',*,*,#112,.F.);
#372 = ORIENTED_EDGE('',*,*,#165,.T.);
#373 = ORIENTED_EDGE('',*,*,#374,.T.);
#374 = EDGE_CURVE('',#166,#375,#377,.T.);
#375 = VERTEX_POINT('',#376);
#376 = CARTESIAN_POINT('',(56.,33.,118.));
#377 = SURFACE_CURVE('',#378,(#382,#389),.PCURVE_S1.);
#378 = LINE('',#379,#380);
#379 = CARTESIAN_POINT('',(56.,-33.,118.));
#380 = VECTOR('',#381,1.);
#381 = DIRECTION('',(0.,1.,0.));
#382 = PCURVE('',#126,#383);
#383 = DEFINITIONAL_REPRESENTATION('',(#384),#388);
#384 = LINE('',#385,#386);
#385 = CARTESIAN_POINT('',(112.,0.));
#386 = VECTOR('',#387,1.);
#387 = DIRECTION('',(0.,1.));
#388 = ( GEOMETRIC_REPRESENTATION_CONTEXT(2) 
PARAMETRIC_REPRESENTATION_CONTEXT() REPRESENTATION_CONTEXT('2D SPACE',''
  ) );
#389 = PCURVE('',#202,#390);
#390 = DEFINITIONAL_REPRESENTATION('',(#391),#395);
#391 = LINE('',#392,#393);
#392 = CARTESIAN_POINT('',(118.,0.));
#393 = VECTOR('',#394,1.);
#394 = DIRECTION('',(0.,-1.));
#395 = ( GEOMETRIC_REPRESENTATION_CONTEXT(2) 
PARAMETRIC_REPRESENTATION_CONTEXT() REPRESENTATION_CONTEXT('2D SPACE',''
  ) );
#396 = ORIENTED_EDGE('',*,*,#397,.F.);
#397 = EDGE_CURVE('',#85,#375,#398,.T.);
#398 = SURFACE_CURVE('',#399,(#403,#410),.PCURVE_S1.);
#399 = LINE('',#400,#401);
#400 = CARTESIAN_POINT('',(-56.,33.,118.));
#401 = VECTOR('',#402,1.);
#402 = DIRECTION('',(1.,0.,0.));
#403 = PCURVE('',#126,#404);
#404 = DEFINITIONAL_REPRESENTATION('',(#405),#409);
#405 = LINE('',#406,#407);
#406 = CARTESIAN_POINT('',(0.,66.));
#407 = VECTOR('',#408,1.);
#408 = DIRECTION('',(1.,0.));
#409 = ( GEOMETRIC_REPRESENTATION_CONTEXT(2) 
PARAMETRIC_REPRESENTATION_CONTEXT() REPRESENTATION_CONTEXT('2D SPACE',''
  ) );
#410 = PCURVE('',#100,#411);
#411 = DEFINITIONAL_REPRESENTATION('',(#412),#416);
#412 = LINE('',#413,#414);
#413 = CARTESIAN_POINT('',(118.,0.));
#414 = VECTOR('',#415,1.);
#415 = DIRECTION('',(0.,1.));
#416 = ( GEOMETRIC_REPRESENTATION_CONTEXT(2) 
PARAMETRIC_REPRESENTATION_CONTEXT() REPRESENTATION_CONTEXT('2D SPACE',''
  ) );
#417 = FACE_BOUND('',#418,.T.);
#418 = EDGE_LOOP('',(#419));
#419 = ORIENTED_EDGE('',*,*,#420,.F.);
#420 = EDGE_CURVE('',#421,#421,#423,.T.);
#421 = VERTEX_POINT('',#422);
#422 = CARTESIAN_POINT('',(-48.25,-30.,118.));
#423 = SURFACE_CURVE('',#424,(#429,#436),.PCURVE_S1.);
#424 = CIRCLE('',#425,2.25);
#425 = AXIS2_PLACEMENT_3D('',#426,#427,#428);
#426 = CARTESIAN_POINT('',(-46.,-30.,118.));
#427 = DIRECTION('',(0.,0.,1.));
#428 = DIRECTION('',(-1.,0.,0.));
#429 = PCURVE('',#126,#430);
#430 = DEFINITIONAL_REPRESENTATION('',(#431),#435);
#431 = CIRCLE('',#432,2.25);
#432 = AXIS2_PLACEMENT_2D('',#433,#434);
#433 = CARTESIAN_POINT('',(10.,3.));
#434 = DIRECTION('',(-1.,0.));
#435 = ( GEOMETRIC_REPRESENTATION_CONTEXT(2) 
PARAMETRIC_REPRESENTATION_CONTEXT() REPRESENTATION_CONTEXT('2D SPACE',''
  ) );
#436 = PCURVE('',#437,#442);
#437 = CYLINDRICAL_SURFACE('',#438,2.25);
#438 = AXIS2_PLACEMENT_3D('',#439,#440,#441);
#439 = CARTESIAN_POINT('',(-46.,-30.,0.));
#440 = DIRECTION('',(0.,0.,1.));
#441 = DIRECTION('',(-1.,0.,0.));
#442 = DEFINITIONAL_REPRESENTATION('',(#443),#447);
#443 = LINE('',#444,#445);
#444 = CARTESIAN_POINT('',(0.,118.));
#445 = VECTOR('',#446,1.);
#446 = DIRECTION('',(1.,0.));
#447 = ( GEOMETRIC_REPRESENTATION_CONTEXT(2) 
PARAMETRIC_REPRESENTATION_CONTEXT() REPRESENTATION_CONTEXT('2D SPACE',''
  ) );
#448 = FACE_BOUND('',#449,.T.);
#449 = EDGE_LOOP('',(#450));
#450 = ORIENTED_EDGE('',*,*,#451,.F.);
#451 = EDGE_CURVE('',#452,#452,#454,.T.);
#452 = VERTEX_POINT('',#453);
#453 = CARTESIAN_POINT('',(43.75,-30.,118.));
#454 = SURFACE_CURVE('',#455,(#460,#467),.PCURVE_S1.);
#455 = CIRCLE('',#456,2.25);
#456 = AXIS2_PLACEMENT_3D('',#457,#458,#459);
#457 = CARTESIAN_POINT('',(46.,-30.,118.));
#458 = DIRECTION('',(0.,0.,1.));
#459 = DIRECTION('',(-1.,0.,0.));
#460 = PCURVE('',#126,#461);
#461 = DEFINITIONAL_REPRESENTATION('',(#462),#466);
#462 = CIRCLE('',#463,2.25);
#463 = AXIS2_PLACEMENT_2D('',#464,#465);
#464 = CARTESIAN_POINT('',(102.,3.));
#465 = DIRECTION('',(-1.,0.));
#466 = ( GEOMETRIC_REPRESENTATION_CONTEXT(2) 
PARAMETRIC_REPRESENTATION_CONTEXT() REPRESENTATION_CONTEXT('2D SPACE',''
  ) );
#467 = PCURVE('',#468,#473);
#468 = CYLINDRICAL_SURFACE('',#469,2.25);
#469 = AXIS2_PLACEMENT_3D('',#470,#471,#472);
#470 = CARTESIAN_POINT('',(46.,-30.,0.));
#471 = DIRECTION('',(0.,0.,1.));
#472 = DIRECTION('',(-1.,0.,0.));
#473 = DEFINITIONAL_REPRESENTATION('',(#474),#478);
#474 = LINE('',#475,#476);
#475 = CARTESIAN_POINT('',(0.,118.));
#476 = VECTOR('',#477,1.);
#477 = DIRECTION('',(1.,0.));
#478 = ( GEOMETRIC_REPRESENTATION_CONTEXT(2) 
PARAMETRIC_REPRESENTATION_CONTEXT() REPRESENTATION_CONTEXT('2D SPACE',''
  ) );
#479 = FACE_BOUND('',#480,.T.);
#480 = EDGE_LOOP('',(#481));
#481 = ORIENTED_EDGE('',*,*,#482,.F.);
#482 = EDGE_CURVE('',#483,#483,#485,.T.);
#483 = VERTEX_POINT('',#484);
#484 = CARTESIAN_POINT('',(-48.25,30.,118.));
#485 = SURFACE_CURVE('',#486,(#491,#498),.PCURVE_S1.);
#486 = CIRCLE('',#487,2.25);
#487 = AXIS2_PLACEMENT_3D('',#488,#489,#490);
#488 = CARTESIAN_POINT('',(-46.,30.,118.));
#489 = DIRECTION('',(0.,0.,1.));
#490 = DIRECTION('',(-1.,0.,0.));
#491 = PCURVE('',#126,#492);
#492 = DEFINITIONAL_REPRESENTATION('',(#493),#497);
#493 = CIRCLE('',#494,2.25);
#494 = AXIS2_PLACEMENT_2D('',#495,#496);
#495 = CARTESIAN_POINT('',(10.,63.));
#496 = DIRECTION('',(-1.,0.));
#497 = ( GEOMETRIC_REPRESENTATION_CONTEXT(2) 
PARAMETRIC_REPRESENTATION_CONTEXT() REPRESENTATION_CONTEXT('2D SPACE',''
  ) );
#498 = PCURVE('',#499,#504);
#499 = CYLINDRICAL_SURFACE('',#500,2.25);
#500 = AXIS2_PLACEMENT_3D('',#501,#502,#503);
#501 = CARTESIAN_POINT('',(-46.,30.,0.));
#502 = DIRECTION('',(0.,0.,1.));
#503 = DIRECTION('',(-1.,0.,0.));
#504 = DEFINITIONAL_REPRESENTATION('',(#505),#509);
#505 = LINE('',#506,#507);
#506 = CARTESIAN_POINT('',(0.,118.));
#507 = VECTOR('',#508,1.);
#508 = DIRECTION('',(1.,0.));
#509 = ( GEOMETRIC_REPRESENTATION_CONTEXT(2) 
PARAMETRIC_REPRESENTATION_CONTEXT() REPRESENTATION_CONTEXT('2D SPACE',''
  ) );
#510 = FACE_BOUND('',#511,.T.);
#511 = EDGE_LOOP('',(#512,#540,#566,#592));
#512 = ORIENTED_EDGE('',*,*,#513,.T.);
#513 = EDGE_CURVE('',#514,#516,#518,.T.);
#514 = VERTEX_POINT('',#515);
#515 = CARTESIAN_POINT('',(29.,-24.,118.));
#516 = VERTEX_POINT('',#517);
#517 = CARTESIAN_POINT('',(-29.,-24.,118.));
#518 = SURFACE_CURVE('',#519,(#523,#529),.PCURVE_S1.);
#519 = LINE('',#520,#521);
#520 = CARTESIAN_POINT('',(-42.5,-24.,118.));
#521 = VECTOR('',#522,1.);
#522 = DIRECTION('',(-1.,0.,0.));
#523 = PCURVE('',#126,#524);
#524 = DEFINITIONAL_REPRESENTATION('',(#525),#528);
#525 = B_SPLINE_CURVE_WITH_KNOTS('',1,(#526,#527),.UNSPECIFIED.,.F.,.F.,
  (2,2),(-71.5,-13.5),.PIECEWISE_BEZIER_KNOTS.);
#526 = CARTESIAN_POINT('',(85.,9.));
#527 = CARTESIAN_POINT('',(27.,9.));
#528 = ( GEOMETRIC_REPRESENTATION_CONTEXT(2) 
PARAMETRIC_REPRESENTATION_CONTEXT() REPRESENTATION_CONTEXT('2D SPACE',''
  ) );
#529 = PCURVE('',#530,#535);
#530 = PLANE('',#531);
#531 = AXIS2_PLACEMENT_3D('',#532,#533,#534);
#532 = CARTESIAN_POINT('',(-29.,-24.,72.));
#533 = DIRECTION('',(0.,1.,0.));
#534 = DIRECTION('',(0.,0.,1.));
#535 = DEFINITIONAL_REPRESENTATION('',(#536),#539);
#536 = B_SPLINE_CURVE_WITH_KNOTS('',1,(#537,#538),.UNSPECIFIED.,.F.,.F.,
  (2,2),(-71.5,-13.5),.PIECEWISE_BEZIER_KNOTS.);
#537 = CARTESIAN_POINT('',(46.,58.));
#538 = CARTESIAN_POINT('',(46.,0.));
#539 = ( GEOMETRIC_REPRESENTATION_CONTEXT(2) 
PARAMETRIC_REPRESENTATION_CONTEXT() REPRESENTATION_CONTEXT('2D SPACE',''
  ) );
#540 = ORIENTED_EDGE('',*,*,#541,.T.);
#541 = EDGE_CURVE('',#516,#542,#544,.T.);
#542 = VERTEX_POINT('',#543);
#543 = CARTESIAN_POINT('',(-29.,24.,118.));
#544 = SURFACE_CURVE('',#545,(#549,#555),.PCURVE_S1.);
#545 = LINE('',#546,#547);
#546 = CARTESIAN_POINT('',(-29.,-28.5,118.));
#547 = VECTOR('',#548,1.);
#548 = DIRECTION('',(0.,1.,0.));
#549 = PCURVE('',#126,#550);
#550 = DEFINITIONAL_REPRESENTATION('',(#551),#554);
#551 = B_SPLINE_CURVE_WITH_KNOTS('',1,(#552,#553),.UNSPECIFIED.,.F.,.F.,
  (2,2),(4.5,52.5),.PIECEWISE_BEZIER_KNOTS.);
#552 = CARTESIAN_POINT('',(27.,9.));
#553 = CARTESIAN_POINT('',(27.,57.));
#554 = ( GEOMETRIC_REPRESENTATION_CONTEXT(2) 
PARAMETRIC_REPRESENTATION_CONTEXT() REPRESENTATION_CONTEXT('2D SPACE',''
  ) );
#555 = PCURVE('',#556,#561);
#556 = PLANE('',#557);
#557 = AXIS2_PLACEMENT_3D('',#558,#559,#560);
#558 = CARTESIAN_POINT('',(-29.,-24.,72.));
#559 = DIRECTION('',(1.,0.,0.));
#560 = DIRECTION('',(0.,0.,1.));
#561 = DEFINITIONAL_REPRESENTATION('',(#562),#565);
#562 = B_SPLINE_CURVE_WITH_KNOTS('',1,(#563,#564),.UNSPECIFIED.,.F.,.F.,
  (2,2),(4.5,52.5),.PIECEWISE_BEZIER_KNOTS.);
#563 = CARTESIAN_POINT('',(46.,0.));
#564 = CARTESIAN_POINT('',(46.,-48.));
#565 = ( GEOMETRIC_REPRESENTATION_CONTEXT(2) 
PARAMETRIC_REPRESENTATION_CONTEXT() REPRESENTATION_CONTEXT('2D SPACE',''
  ) );
#566 = ORIENTED_EDGE('',*,*,#567,.F.);
#567 = EDGE_CURVE('',#568,#542,#570,.T.);
#568 = VERTEX_POINT('',#569);
#569 = CARTESIAN_POINT('',(29.,24.,118.));
#570 = SURFACE_CURVE('',#571,(#575,#581),.PCURVE_S1.);
#571 = LINE('',#572,#573);
#572 = CARTESIAN_POINT('',(-42.5,24.,118.));
#573 = VECTOR('',#574,1.);
#574 = DIRECTION('',(-1.,0.,0.));
#575 = PCURVE('',#126,#576);
#576 = DEFINITIONAL_REPRESENTATION('',(#577),#580);
#577 = B_SPLINE_CURVE_WITH_KNOTS('',1,(#578,#579),.UNSPECIFIED.,.F.,.F.,
  (2,2),(-71.5,-13.5),.PIECEWISE_BEZIER_KNOTS.);
#578 = CARTESIAN_POINT('',(85.,57.));
#579 = CARTESIAN_POINT('',(27.,57.));
#580 = ( GEOMETRIC_REPRESENTATION_CONTEXT(2) 
PARAMETRIC_REPRESENTATION_CONTEXT() REPRESENTATION_CONTEXT('2D SPACE',''
  ) );
#581 = PCURVE('',#582,#587);
#582 = PLANE('',#583);
#583 = AXIS2_PLACEMENT_3D('',#584,#585,#586);
#584 = CARTESIAN_POINT('',(-29.,24.,72.));
#585 = DIRECTION('',(0.,1.,0.));
#586 = DIRECTION('',(0.,0.,1.));
#587 = DEFINITIONAL_REPRESENTATION('',(#588),#591);
#588 = B_SPLINE_CURVE_WITH_KNOTS('',1,(#589,#590),.UNSPECIFIED.,.F.,.F.,
  (2,2),(-71.5,-13.5),.PIECEWISE_BEZIER_KNOTS.);
#589 = CARTESIAN_POINT('',(46.,58.));
#590 = CARTESIAN_POINT('',(46.,0.));
#591 = ( GEOMETRIC_REPRESENTATION_CONTEXT(2) 
PARAMETRIC_REPRESENTATION_CONTEXT() REPRESENTATION_CONTEXT('2D SPACE',''
  ) );
#592 = ORIENTED_EDGE('',*,*,#593,.F.);
#593 = EDGE_CURVE('',#514,#568,#594,.T.);
#594 = SURFACE_CURVE('',#595,(#599,#605),.PCURVE_S1.);
#595 = LINE('',#596,#597);
#596 = CARTESIAN_POINT('',(29.,-28.5,118.));
#597 = VECTOR('',#598,1.);
#598 = DIRECTION('',(0.,1.,0.));
#599 = PCURVE('',#126,#600);
#600 = DEFINITIONAL_REPRESENTATION('',(#601),#604);
#601 = B_SPLINE_CURVE_WITH_KNOTS('',1,(#602,#603),.UNSPECIFIED.,.F.,.F.,
  (2,2),(4.5,52.5),.PIECEWISE_BEZIER_KNOTS.);
#602 = CARTESIAN_POINT('',(85.,9.));
#603 = CARTESIAN_POINT('',(85.,57.));
#604 = ( GEOMETRIC_REPRESENTATION_CONTEXT(2) 
PARAMETRIC_REPRESENTATION_CONTEXT() REPRESENTATION_CONTEXT('2D SPACE',''
  ) );
#605 = PCURVE('',#606,#611);
#606 = PLANE('',#607);
#607 = AXIS2_PLACEMENT_3D('',#608,#609,#610);
#608 = CARTESIAN_POINT('',(29.,-24.,72.));
#609 = DIRECTION('',(1.,0.,0.));
#610 = DIRECTION('',(0.,0.,1.));
#611 = DEFINITIONAL_REPRESENTATION('',(#612),#615);
#612 = B_SPLINE_CURVE_WITH_KNOTS('',1,(#613,#614),.UNSPECIFIED.,.F.,.F.,
  (2,2),(4.5,52.5),.PIECEWISE_BEZIER_KNOTS.);
#613 = CARTESIAN_POINT('',(46.,0.));
#614 = CARTESIAN_POINT('',(46.,-48.));
#615 = ( GEOMETRIC_REPRESENTATION_CONTEXT(2) 
PARAMETRIC_REPRESENTATION_CONTEXT() REPRESENTATION_CONTEXT('2D SPACE',''
  ) );
#616 = FACE_BOUND('',#617,.T.);
#617 = EDGE_LOOP('',(#618));
#618 = ORIENTED_EDGE('',*,*,#619,.F.);
#619 = EDGE_CURVE('',#620,#620,#622,.T.);
#620 = VERTEX_POINT('',#621);
#621 = CARTESIAN_POINT('',(43.75,30.,118.));
#622 = SURFACE_CURVE('',#623,(#628,#635),.PCURVE_S1.);
#623 = CIRCLE('',#624,2.25);
#624 = AXIS2_PLACEMENT_3D('',#625,#626,#627);
#625 = CARTESIAN_POINT('',(46.,30.,118.));
#626 = DIRECTION('',(0.,0.,1.));
#627 = DIRECTION('',(-1.,0.,0.));
#628 = PCURVE('',#126,#629);
#629 = DEFINITIONAL_REPRESENTATION('',(#630),#634);
#630 = CIRCLE('',#631,2.25);
#631 = AXIS2_PLACEMENT_2D('',#632,#633);
#632 = CARTESIAN_POINT('',(102.,63.));
#633 = DIRECTION('',(-1.,0.));
#634 = ( GEOMETRIC_REPRESENTATION_CONTEXT(2) 
PARAMETRIC_REPRESENTATION_CONTEXT() REPRESENTATION_CONTEXT('2D SPACE',''
  ) );
#635 = PCURVE('',#636,#641);
#636 = CYLINDRICAL_SURFACE('',#637,2.25);
#637 = AXIS2_PLACEMENT_3D('',#638,#639,#640);
#638 = CARTESIAN_POINT('',(46.,30.,0.));
#639 = DIRECTION('',(0.,0.,1.));
#640 = DIRECTION('',(-1.,0.,0.));
#641 = DEFINITIONAL_REPRESENTATION('',(#642),#646);
#642 = LINE('',#643,#644);
#643 = CARTESIAN_POINT('',(0.,118.));
#644 = VECTOR('',#645,1.);
#645 = DIRECTION('',(1.,0.));
#646 = ( GEOMETRIC_REPRESENTATION_CONTEXT(2) 
PARAMETRIC_REPRESENTATION_CONTEXT() REPRESENTATION_CONTEXT('2D SPACE',''
  ) );
#647 = ADVANCED_FACE('',(#648,#696,#731,#766,#801,#836),#100,.T.);
#648 = FACE_BOUND('',#649,.T.);
#649 = EDGE_LOOP('',(#650,#673,#674,#675));
#650 = ORIENTED_EDGE('',*,*,#651,.F.);
#651 = EDGE_CURVE('',#57,#652,#654,.T.);
#652 = VERTEX_POINT('',#653);
#653 = CARTESIAN_POINT('',(56.,33.,0.));
#654 = SURFACE_CURVE('',#655,(#659,#666),.PCURVE_S1.);
#655 = LINE('',#656,#657);
#656 = CARTESIAN_POINT('',(-56.,33.,0.));
#657 = VECTOR('',#658,1.);
#658 = DIRECTION('',(1.,0.,0.));
#659 = PCURVE('',#100,#660);
#660 = DEFINITIONAL_REPRESENTATION('',(#661),#665);
#661 = LINE('',#662,#663);
#662 = CARTESIAN_POINT('',(0.,0.));
#663 = VECTOR('',#664,1.);
#664 = DIRECTION('',(0.,1.));
#665 = ( GEOMETRIC_REPRESENTATION_CONTEXT(2) 
PARAMETRIC_REPRESENTATION_CONTEXT() REPRESENTATION_CONTEXT('2D SPACE',''
  ) );
#666 = PCURVE('',#72,#667);
#667 = DEFINITIONAL_REPRESENTATION('',(#668),#672);
#668 = LINE('',#669,#670);
#669 = CARTESIAN_POINT('',(0.,66.));
#670 = VECTOR('',#671,1.);
#671 = DIRECTION('',(1.,0.));
#672 = ( GEOMETRIC_REPRESENTATION_CONTEXT(2) 
PARAMETRIC_REPRESENTATION_CONTEXT() REPRESENTATION_CONTEXT('2D SPACE',''
  ) );
#673 = ORIENTED_EDGE('',*,*,#84,.T.);
#674 = ORIENTED_EDGE('',*,*,#397,.T.);
#675 = ORIENTED_EDGE('',*,*,#676,.F.);
#676 = EDGE_CURVE('',#652,#375,#677,.T.);
#677 = SURFACE_CURVE('',#678,(#682,#689),.PCURVE_S1.);
#678 = LINE('',#679,#680);
#679 = CARTESIAN_POINT('',(56.,33.,0.));
#680 = VECTOR('',#681,1.);
#681 = DIRECTION('',(0.,0.,1.));
#682 = PCURVE('',#100,#683);
#683 = DEFINITIONAL_REPRESENTATION('',(#684),#688);
#684 = LINE('',#685,#686);
#685 = CARTESIAN_POINT('',(0.,112.));
#686 = VECTOR('',#687,1.);
#687 = DIRECTION('',(1.,0.));
#688 = ( GEOMETRIC_REPRESENTATION_CONTEXT(2) 
PARAMETRIC_REPRESENTATION_CONTEXT() REPRESENTATION_CONTEXT('2D SPACE',''
  ) );
#689 = PCURVE('',#202,#690);
#690 = DEFINITIONAL_REPRESENTATION('',(#691),#695);
#691 = LINE('',#692,#693);
#692 = CARTESIAN_POINT('',(0.,-66.));
#693 = VECTOR('',#694,1.);
#694 = DIRECTION('',(1.,0.));
#695 = ( GEOMETRIC_REPRESENTATION_CONTEXT(2) 
PARAMETRIC_REPRESENTATION_CONTEXT() REPRESENTATION_CONTEXT('2D SPACE',''
  ) );
#696 = FACE_BOUND('',#697,.T.);
#697 = EDGE_LOOP('',(#698));
#698 = ORIENTED_EDGE('',*,*,#699,.T.);
#699 = EDGE_CURVE('',#700,#700,#702,.T.);
#700 = VERTEX_POINT('',#701);
#701 = CARTESIAN_POINT('',(-39.2,33.,13.664277140834));
#702 = SURFACE_CURVE('',#703,(#708,#719),.PCURVE_S1.);
#703 = CIRCLE('',#704,2.8);
#704 = AXIS2_PLACEMENT_3D('',#705,#706,#707);
#705 = CARTESIAN_POINT('',(-42.,33.,13.664277140834));
#706 = DIRECTION('',(-0.,-1.,0.));
#707 = DIRECTION('',(1.,-0.,0.));
#708 = PCURVE('',#100,#709);
#709 = DEFINITIONAL_REPRESENTATION('',(#710),#718);
#710 = ( BOUNDED_CURVE() B_SPLINE_CURVE(2,(#711,#712,#713,#714,#715,#716
,#717),.UNSPECIFIED.,.T.,.F.) B_SPLINE_CURVE_WITH_KNOTS((1,2,2,2,2,1),(
    -2.094395102393,0.,2.094395102393,4.188790204786,6.28318530718,
8.377580409573),.UNSPECIFIED.) CURVE() GEOMETRIC_REPRESENTATION_ITEM() 
RATIONAL_B_SPLINE_CURVE((1.,0.5,1.,0.5,1.,0.5,1.)) REPRESENTATION_ITEM(
  '') );
#711 = CARTESIAN_POINT('',(13.664277140834,16.8));
#712 = CARTESIAN_POINT('',(18.514019402027,16.8));
#713 = CARTESIAN_POINT('',(16.089148271431,12.6));
#714 = CARTESIAN_POINT('',(13.664277140834,8.4));
#715 = CARTESIAN_POINT('',(11.239406010238,12.6));
#716 = CARTESIAN_POINT('',(8.814534879641,16.8));
#717 = CARTESIAN_POINT('',(13.664277140834,16.8));
#718 = ( GEOMETRIC_REPRESENTATION_CONTEXT(2) 
PARAMETRIC_REPRESENTATION_CONTEXT() REPRESENTATION_CONTEXT('2D SPACE',''
  ) );
#719 = PCURVE('',#720,#725);
#720 = CYLINDRICAL_SURFACE('',#721,2.8);
#721 = AXIS2_PLACEMENT_3D('',#722,#723,#724);
#722 = CARTESIAN_POINT('',(-42.,33.,13.664277140834));
#723 = DIRECTION('',(0.,-1.,0.));
#724 = DIRECTION('',(1.,-0.,0.));
#725 = DEFINITIONAL_REPRESENTATION('',(#726),#730);
#726 = LINE('',#727,#728);
#727 = CARTESIAN_POINT('',(0.,0.));
#728 = VECTOR('',#729,1.);
#729 = DIRECTION('',(1.,0.));
#730 = ( GEOMETRIC_REPRESENTATION_CONTEXT(2) 
PARAMETRIC_REPRESENTATION_CONTEXT() REPRESENTATION_CONTEXT('2D SPACE',''
  ) );
#731 = FACE_BOUND('',#732,.T.);
#732 = EDGE_LOOP('',(#733));
#733 = ORIENTED_EDGE('',*,*,#734,.T.);
#734 = EDGE_CURVE('',#735,#735,#737,.T.);
#735 = VERTEX_POINT('',#736);
#736 = CARTESIAN_POINT('',(-39.2,33.,101.66427714083));
#737 = SURFACE_CURVE('',#738,(#743,#754),.PCURVE_S1.);
#738 = CIRCLE('',#739,2.8);
#739 = AXIS2_PLACEMENT_3D('',#740,#741,#742);
#740 = CARTESIAN_POINT('',(-42.,33.,101.66427714083));
#741 = DIRECTION('',(-0.,-1.,0.));
#742 = DIRECTION('',(1.,-0.,0.));
#743 = PCURVE('',#100,#744);
#744 = DEFINITIONAL_REPRESENTATION('',(#745),#753);
#745 = ( BOUNDED_CURVE() B_SPLINE_CURVE(2,(#746,#747,#748,#749,#750,#751
,#752),.UNSPECIFIED.,.T.,.F.) B_SPLINE_CURVE_WITH_KNOTS((1,2,2,2,2,1),(
    -2.094395102393,0.,2.094395102393,4.188790204786,6.28318530718,
8.377580409573),.UNSPECIFIED.) CURVE() GEOMETRIC_REPRESENTATION_ITEM() 
RATIONAL_B_SPLINE_CURVE((1.,0.5,1.,0.5,1.,0.5,1.)) REPRESENTATION_ITEM(
  '') );
#746 = CARTESIAN_POINT('',(101.66427714083,16.8));
#747 = CARTESIAN_POINT('',(106.51401940202,16.8));
#748 = CARTESIAN_POINT('',(104.08914827143,12.6));
#749 = CARTESIAN_POINT('',(101.66427714083,8.4));
#750 = CARTESIAN_POINT('',(99.239406010238,12.6));
#751 = CARTESIAN_POINT('',(96.814534879641,16.8));
#752 = CARTESIAN_POINT('',(101.66427714083,16.8));
#753 = ( GEOMETRIC_REPRESENTATION_CONTEXT(2) 
PARAMETRIC_REPRESENTATION_CONTEXT() REPRESENTATION_CONTEXT('2D SPACE',''
  ) );
#754 = PCURVE('',#755,#760);
#755 = CYLINDRICAL_SURFACE('',#756,2.8);
#756 = AXIS2_PLACEMENT_3D('',#757,#758,#759);
#757 = CARTESIAN_POINT('',(-42.,33.,101.66427714083));
#758 = DIRECTION('',(0.,-1.,0.));
#759 = DIRECTION('',(1.,-0.,0.));
#760 = DEFINITIONAL_REPRESENTATION('',(#761),#765);
#761 = LINE('',#762,#763);
#762 = CARTESIAN_POINT('',(0.,0.));
#763 = VECTOR('',#764,1.);
#764 = DIRECTION('',(1.,0.));
#765 = ( GEOMETRIC_REPRESENTATION_CONTEXT(2) 
PARAMETRIC_REPRESENTATION_CONTEXT() REPRESENTATION_CONTEXT('2D SPACE',''
  ) );
#766 = FACE_BOUND('',#767,.T.);
#767 = EDGE_LOOP('',(#768));
#768 = ORIENTED_EDGE('',*,*,#769,.T.);
#769 = EDGE_CURVE('',#770,#770,#772,.T.);
#770 = VERTEX_POINT('',#771);
#771 = CARTESIAN_POINT('',(44.8,33.,13.664277140834));
#772 = SURFACE_CURVE('',#773,(#778,#789),.PCURVE_S1.);
#773 = CIRCLE('',#774,2.8);
#774 = AXIS2_PLACEMENT_3D('',#775,#776,#777);
#775 = CARTESIAN_POINT('',(42.,33.,13.664277140834));
#776 = DIRECTION('',(-0.,-1.,0.));
#777 = DIRECTION('',(1.,-0.,0.));
#778 = PCURVE('',#100,#779);
#779 = DEFINITIONAL_REPRESENTATION('',(#780),#788);
#780 = ( BOUNDED_CURVE() B_SPLINE_CURVE(2,(#781,#782,#783,#784,#785,#786
,#787),.UNSPECIFIED.,.T.,.F.) B_SPLINE_CURVE_WITH_KNOTS((1,2,2,2,2,1),(
    -2.094395102393,0.,2.094395102393,4.188790204786,6.28318530718,
8.377580409573),.UNSPECIFIED.) CURVE() GEOMETRIC_REPRESENTATION_ITEM() 
RATIONAL_B_SPLINE_CURVE((1.,0.5,1.,0.5,1.,0.5,1.)) REPRESENTATION_ITEM(
  '') );
#781 = CARTESIAN_POINT('',(13.664277140834,100.8));
#782 = CARTESIAN_POINT('',(18.514019402027,100.8));
#783 = CARTESIAN_POINT('',(16.089148271431,96.6));
#784 = CARTESIAN_POINT('',(13.664277140834,92.4));
#785 = CARTESIAN_POINT('',(11.239406010238,96.6));
#786 = CARTESIAN_POINT('',(8.814534879641,100.8));
#787 = CARTESIAN_POINT('',(13.664277140834,100.8));
#788 = ( GEOMETRIC_REPRESENTATION_CONTEXT(2) 
PARAMETRIC_REPRESENTATION_CONTEXT() REPRESENTATION_CONTEXT('2D SPACE',''
  ) );
#789 = PCURVE('',#790,#795);
#790 = CYLINDRICAL_SURFACE('',#791,2.8);
#791 = AXIS2_PLACEMENT_3D('',#792,#793,#794);
#792 = CARTESIAN_POINT('',(42.,33.,13.664277140834));
#793 = DIRECTION('',(0.,-1.,0.));
#794 = DIRECTION('',(1.,-0.,0.));
#795 = DEFINITIONAL_REPRESENTATION('',(#796),#800);
#796 = LINE('',#797,#798);
#797 = CARTESIAN_POINT('',(0.,0.));
#798 = VECTOR('',#799,1.);
#799 = DIRECTION('',(1.,0.));
#800 = ( GEOMETRIC_REPRESENTATION_CONTEXT(2) 
PARAMETRIC_REPRESENTATION_CONTEXT() REPRESENTATION_CONTEXT('2D SPACE',''
  ) );
#801 = FACE_BOUND('',#802,.T.);
#802 = EDGE_LOOP('',(#803));
#803 = ORIENTED_EDGE('',*,*,#804,.T.);
#804 = EDGE_CURVE('',#805,#805,#807,.T.);
#805 = VERTEX_POINT('',#806);
#806 = CARTESIAN_POINT('',(36.,33.,62.));
#807 = SURFACE_CURVE('',#808,(#813,#824),.PCURVE_S1.);
#808 = CIRCLE('',#809,36.);
#809 = AXIS2_PLACEMENT_3D('',#810,#811,#812);
#810 = CARTESIAN_POINT('',(0.,33.,62.));
#811 = DIRECTION('',(0.,-1.,0.));
#812 = DIRECTION('',(1.,0.,0.));
#813 = PCURVE('',#100,#814);
#814 = DEFINITIONAL_REPRESENTATION('',(#815),#823);
#815 = ( BOUNDED_CURVE() B_SPLINE_CURVE(2,(#816,#817,#818,#819,#820,#821
,#822),.UNSPECIFIED.,.T.,.F.) B_SPLINE_CURVE_WITH_KNOTS((1,2,2,2,2,1),(
    -2.094395102393,0.,2.094395102393,4.188790204786,6.28318530718,
8.377580409573),.UNSPECIFIED.) CURVE() GEOMETRIC_REPRESENTATION_ITEM() 
RATIONAL_B_SPLINE_CURVE((1.,0.5,1.,0.5,1.,0.5,1.)) REPRESENTATION_ITEM(
  '') );
#816 = CARTESIAN_POINT('',(62.,92.));
#817 = CARTESIAN_POINT('',(124.35382907248,92.));
#818 = CARTESIAN_POINT('',(93.17691453624,38.));
#819 = CARTESIAN_POINT('',(62.,-16.));
#820 = CARTESIAN_POINT('',(30.82308546376,38.));
#821 = CARTESIAN_POINT('',(-0.35382907248,92.));
#822 = CARTESIAN_POINT('',(62.,92.));
#823 = ( GEOMETRIC_REPRESENTATION_CONTEXT(2) 
PARAMETRIC_REPRESENTATION_CONTEXT() REPRESENTATION_CONTEXT('2D SPACE',''
  ) );
#824 = PCURVE('',#825,#830);
#825 = CYLINDRICAL_SURFACE('',#826,36.);
#826 = AXIS2_PLACEMENT_3D('',#827,#828,#829);
#827 = CARTESIAN_POINT('',(0.,0.,62.));
#828 = DIRECTION('',(0.,-1.,0.));
#829 = DIRECTION('',(1.,0.,0.));
#830 = DEFINITIONAL_REPRESENTATION('',(#831),#835);
#831 = LINE('',#832,#833);
#832 = CARTESIAN_POINT('',(0.,-33.));
#833 = VECTOR('',#834,1.);
#834 = DIRECTION('',(1.,0.));
#835 = ( GEOMETRIC_REPRESENTATION_CONTEXT(2) 
PARAMETRIC_REPRESENTATION_CONTEXT() REPRESENTATION_CONTEXT('2D SPACE',''
  ) );
#836 = FACE_BOUND('',#837,.T.);
#837 = EDGE_LOOP('',(#838));
#838 = ORIENTED_EDGE('',*,*,#839,.T.);
#839 = EDGE_CURVE('',#840,#840,#842,.T.);
#840 = VERTEX_POINT('',#841);
#841 = CARTESIAN_POINT('',(44.8,33.,101.66427714083));
#842 = SURFACE_CURVE('',#843,(#848,#859),.PCURVE_S1.);
#843 = CIRCLE('',#844,2.8);
#844 = AXIS2_PLACEMENT_3D('',#845,#846,#847);
#845 = CARTESIAN_POINT('',(42.,33.,101.66427714083));
#846 = DIRECTION('',(-0.,-1.,0.));
#847 = DIRECTION('',(1.,-0.,0.));
#848 = PCURVE('',#100,#849);
#849 = DEFINITIONAL_REPRESENTATION('',(#850),#858);
#850 = ( BOUNDED_CURVE() B_SPLINE_CURVE(2,(#851,#852,#853,#854,#855,#856
,#857),.UNSPECIFIED.,.T.,.F.) B_SPLINE_CURVE_WITH_KNOTS((1,2,2,2,2,1),(
    -2.094395102393,0.,2.094395102393,4.188790204786,6.28318530718,
8.377580409573),.UNSPECIFIED.) CURVE() GEOMETRIC_REPRESENTATION_ITEM() 
RATIONAL_B_SPLINE_CURVE((1.,0.5,1.,0.5,1.,0.5,1.)) REPRESENTATION_ITEM(
  '') );
#851 = CARTESIAN_POINT('',(101.66427714083,100.8));
#852 = CARTESIAN_POINT('',(106.51401940202,100.8));
#853 = CARTESIAN_POINT('',(104.08914827143,96.6));
#854 = CARTESIAN_POINT('',(101.66427714083,92.4));
#855 = CARTESIAN_POINT('',(99.239406010238,96.6));
#856 = CARTESIAN_POINT('',(96.814534879641,100.8));
#857 = CARTESIAN_POINT('',(101.66427714083,100.8));
#858 = ( GEOMETRIC_REPRESENTATION_CONTEXT(2) 
PARAMETRIC_REPRESENTATION_CONTEXT() REPRESENTATION_CONTEXT('2D SPACE',''
  ) );
#859 = PCURVE('',#860,#865);
#860 = CYLINDRICAL_SURFACE('',#861,2.8);
#861 = AXIS2_PLACEMENT_3D('',#862,#863,#864);
#862 = CARTESIAN_POINT('',(42.,33.,101.66427714083));
#863 = DIRECTION('',(0.,-1.,0.));
#864 = DIRECTION('',(1.,-0.,0.));
#865 = DEFINITIONAL_REPRESENTATION('',(#866),#870);
#866 = LINE('',#867,#868);
#867 = CARTESIAN_POINT('',(0.,0.));
#868 = VECTOR('',#869,1.);
#869 = DIRECTION('',(1.,0.));
#870 = ( GEOMETRIC_REPRESENTATION_CONTEXT(2) 
PARAMETRIC_REPRESENTATION_CONTEXT() REPRESENTATION_CONTEXT('2D SPACE',''
  ) );
#871 = ADVANCED_FACE('',(#872,#898,#924,#950,#1064,#1090),#72,.F.);
#872 = FACE_BOUND('',#873,.F.);
#873 = EDGE_LOOP('',(#874,#875,#876,#897));
#874 = ORIENTED_EDGE('',*,*,#56,.F.);
#875 = ORIENTED_EDGE('',*,*,#141,.T.);
#876 = ORIENTED_EDGE('',*,*,#877,.T.);
#877 = EDGE_CURVE('',#142,#652,#878,.T.);
#878 = SURFACE_CURVE('',#879,(#883,#890),.PCURVE_S1.);
#879 = LINE('',#880,#881);
#880 = CARTESIAN_POINT('',(56.,-33.,0.));
#881 = VECTOR('',#882,1.);
#882 = DIRECTION('',(0.,1.,0.));
#883 = PCURVE('',#72,#884);
#884 = DEFINITIONAL_REPRESENTATION('',(#885),#889);
#885 = LINE('',#886,#887);
#886 = CARTESIAN_POINT('',(112.,0.));
#887 = VECTOR('',#888,1.);
#888 = DIRECTION('',(0.,1.));
#889 = ( GEOMETRIC_REPRESENTATION_CONTEXT(2) 
PARAMETRIC_REPRESENTATION_CONTEXT() REPRESENTATION_CONTEXT('2D SPACE',''
  ) );
#890 = PCURVE('',#202,#891);
#891 = DEFINITIONAL_REPRESENTATION('',(#892),#896);
#892 = LINE('',#893,#894);
#893 = CARTESIAN_POINT('',(0.,0.));
#894 = VECTOR('',#895,1.);
#895 = DIRECTION('',(0.,-1.));
#896 = ( GEOMETRIC_REPRESENTATION_CONTEXT(2) 
PARAMETRIC_REPRESENTATION_CONTEXT() REPRESENTATION_CONTEXT('2D SPACE',''
  ) );
#897 = ORIENTED_EDGE('',*,*,#651,.F.);
#898 = FACE_BOUND('',#899,.F.);
#899 = EDGE_LOOP('',(#900));
#900 = ORIENTED_EDGE('',*,*,#901,.F.);
#901 = EDGE_CURVE('',#902,#902,#904,.T.);
#902 = VERTEX_POINT('',#903);
#903 = CARTESIAN_POINT('',(-48.25,-30.,-0.));
#904 = SURFACE_CURVE('',#905,(#910,#917),.PCURVE_S1.);
#905 = CIRCLE('',#906,2.25);
#906 = AXIS2_PLACEMENT_3D('',#907,#908,#909);
#907 = CARTESIAN_POINT('',(-46.,-30.,0.));
#908 = DIRECTION('',(0.,0.,1.));
#909 = DIRECTION('',(-1.,0.,0.));
#910 = PCURVE('',#72,#911);
#911 = DEFINITIONAL_REPRESENTATION('',(#912),#916);
#912 = CIRCLE('',#913,2.25);
#913 = AXIS2_PLACEMENT_2D('',#914,#915);
#914 = CARTESIAN_POINT('',(10.,3.));
#915 = DIRECTION('',(-1.,0.));
#916 = ( GEOMETRIC_REPRESENTATION_CONTEXT(2) 
PARAMETRIC_REPRESENTATION_CONTEXT() REPRESENTATION_CONTEXT('2D SPACE',''
  ) );
#917 = PCURVE('',#437,#918);
#918 = DEFINITIONAL_REPRESENTATION('',(#919),#923);
#919 = LINE('',#920,#921);
#920 = CARTESIAN_POINT('',(0.,0.));
#921 = VECTOR('',#922,1.);
#922 = DIRECTION('',(1.,0.));
#923 = ( GEOMETRIC_REPRESENTATION_CONTEXT(2) 
PARAMETRIC_REPRESENTATION_CONTEXT() REPRESENTATION_CONTEXT('2D SPACE',''
  ) );
#924 = FACE_BOUND('',#925,.F.);
#925 = EDGE_LOOP('',(#926));
#926 = ORIENTED_EDGE('',*,*,#927,.F.);
#927 = EDGE_CURVE('',#928,#928,#930,.T.);
#928 = VERTEX_POINT('',#929);
#929 = CARTESIAN_POINT('',(43.75,-30.,-0.));
#930 = SURFACE_CURVE('',#931,(#936,#943),.PCURVE_S1.);
#931 = CIRCLE('',#932,2.25);
#932 = AXIS2_PLACEMENT_3D('',#933,#934,#935);
#933 = CARTESIAN_POINT('',(46.,-30.,0.));
#934 = DIRECTION('',(0.,0.,1.));
#935 = DIRECTION('',(-1.,0.,0.));
#936 = PCURVE('',#72,#937);
#937 = DEFINITIONAL_REPRESENTATION('',(#938),#942);
#938 = CIRCLE('',#939,2.25);
#939 = AXIS2_PLACEMENT_2D('',#940,#941);
#940 = CARTESIAN_POINT('',(102.,3.));
#941 = DIRECTION('',(-1.,0.));
#942 = ( GEOMETRIC_REPRESENTATION_CONTEXT(2) 
PARAMETRIC_REPRESENTATION_CONTEXT() REPRESENTATION_CONTEXT('2D SPACE',''
  ) );
#943 = PCURVE('',#468,#944);
#944 = DEFINITIONAL_REPRESENTATION('',(#945),#949);
#945 = LINE('',#946,#947);
#946 = CARTESIAN_POINT('',(0.,0.));
#947 = VECTOR('',#948,1.);
#948 = DIRECTION('',(1.,0.));
#949 = ( GEOMETRIC_REPRESENTATION_CONTEXT(2) 
PARAMETRIC_REPRESENTATION_CONTEXT() REPRESENTATION_CONTEXT('2D SPACE',''
  ) );
#950 = FACE_BOUND('',#951,.F.);
#951 = EDGE_LOOP('',(#952,#982,#1010,#1038));
#952 = ORIENTED_EDGE('',*,*,#953,.T.);
#953 = EDGE_CURVE('',#954,#956,#958,.T.);
#954 = VERTEX_POINT('',#955);
#955 = CARTESIAN_POINT('',(-51.,-24.,0.));
#956 = VERTEX_POINT('',#957);
#957 = CARTESIAN_POINT('',(-51.,24.,0.));
#958 = SURFACE_CURVE('',#959,(#963,#970),.PCURVE_S1.);
#959 = LINE('',#960,#961);
#960 = CARTESIAN_POINT('',(-51.,-24.,0.));
#961 = VECTOR('',#962,1.);
#962 = DIRECTION('',(0.,1.,0.));
#963 = PCURVE('',#72,#964);
#964 = DEFINITIONAL_REPRESENTATION('',(#965),#969);
#965 = LINE('',#966,#967);
#966 = CARTESIAN_POINT('',(5.,9.));
#967 = VECTOR('',#968,1.);
#968 = DIRECTION('',(0.,1.));
#969 = ( GEOMETRIC_REPRESENTATION_CONTEXT(2) 
PARAMETRIC_REPRESENTATION_CONTEXT() REPRESENTATION_CONTEXT('2D SPACE',''
  ) );
#970 = PCURVE('',#971,#976);
#971 = PLANE('',#972);
#972 = AXIS2_PLACEMENT_3D('',#973,#974,#975);
#973 = CARTESIAN_POINT('',(-51.,-24.,0.));
#974 = DIRECTION('',(1.,0.,0.));
#975 = DIRECTION('',(0.,0.,1.));
#976 = DEFINITIONAL_REPRESENTATION('',(#977),#981);
#977 = LINE('',#978,#979);
#978 = CARTESIAN_POINT('',(0.,0.));
#979 = VECTOR('',#980,1.);
#980 = DIRECTION('',(0.,-1.));
#981 = ( GEOMETRIC_REPRESENTATION_CONTEXT(2) 
PARAMETRIC_REPRESENTATION_CONTEXT() REPRESENTATION_CONTEXT('2D SPACE',''
  ) );
#982 = ORIENTED_EDGE('',*,*,#983,.T.);
#983 = EDGE_CURVE('',#956,#984,#986,.T.);
#984 = VERTEX_POINT('',#985);
#985 = CARTESIAN_POINT('',(3.,24.,0.));
#986 = SURFACE_CURVE('',#987,(#991,#998),.PCURVE_S1.);
#987 = LINE('',#988,#989);
#988 = CARTESIAN_POINT('',(-51.,24.,0.));
#989 = VECTOR('',#990,1.);
#990 = DIRECTION('',(1.,0.,0.));
#991 = PCURVE('',#72,#992);
#992 = DEFINITIONAL_REPRESENTATION('',(#993),#997);
#993 = LINE('',#994,#995);
#994 = CARTESIAN_POINT('',(5.,57.));
#995 = VECTOR('',#996,1.);
#996 = DIRECTION('',(1.,0.));
#997 = ( GEOMETRIC_REPRESENTATION_CONTEXT(2) 
PARAMETRIC_REPRESENTATION_CONTEXT() REPRESENTATION_CONTEXT('2D SPACE',''
  ) );
#998 = PCURVE('',#999,#1004);
#999 = PLANE('',#1000);
#1000 = AXIS2_PLACEMENT_3D('',#1001,#1002,#1003);
#1001 = CARTESIAN_POINT('',(-51.,24.,0.));
#1002 = DIRECTION('',(0.,1.,0.));
#1003 = DIRECTION('',(0.,0.,1.));
#1004 = DEFINITIONAL_REPRESENTATION('',(#1005),#1009);
#1005 = LINE('',#1006,#1007);
#1006 = CARTESIAN_POINT('',(0.,0.));
#1007 = VECTOR('',#1008,1.);
#1008 = DIRECTION('',(0.,1.));
#1009 = ( GEOMETRIC_REPRESENTATION_CONTEXT(2) 
PARAMETRIC_REPRESENTATION_CONTEXT() REPRESENTATION_CONTEXT('2D SPACE',''
  ) );
#1010 = ORIENTED_EDGE('',*,*,#1011,.F.);
#1011 = EDGE_CURVE('',#1012,#984,#1014,.T.);
#1012 = VERTEX_POINT('',#1013);
#1013 = CARTESIAN_POINT('',(3.,-24.,0.));
#1014 = SURFACE_CURVE('',#1015,(#1019,#1026),.PCURVE_S1.);
#1015 = LINE('',#1016,#1017);
#1016 = CARTESIAN_POINT('',(3.,-24.,0.));
#1017 = VECTOR('',#1018,1.);
#1018 = DIRECTION('',(0.,1.,0.));
#1019 = PCURVE('',#72,#1020);
#1020 = DEFINITIONAL_REPRESENTATION('',(#1021),#1025);
#1021 = LINE('',#1022,#1023);
#1022 = CARTESIAN_POINT('',(59.,9.));
#1023 = VECTOR('',#1024,1.);
#1024 = DIRECTION('',(0.,1.));
#1025 = ( GEOMETRIC_REPRESENTATION_CONTEXT(2) 
PARAMETRIC_REPRESENTATION_CONTEXT() REPRESENTATION_CONTEXT('2D SPACE',''
  ) );
#1026 = PCURVE('',#1027,#1032);
#1027 = PLANE('',#1028);
#1028 = AXIS2_PLACEMENT_3D('',#1029,#1030,#1031);
#1029 = CARTESIAN_POINT('',(3.,-24.,0.));
#1030 = DIRECTION('',(1.,0.,0.));
#1031 = DIRECTION('',(0.,0.,1.));
#1032 = DEFINITIONAL_REPRESENTATION('',(#1033),#1037);
#1033 = LINE('',#1034,#1035);
#1034 = CARTESIAN_POINT('',(0.,0.));
#1035 = VECTOR('',#1036,1.);
#1036 = DIRECTION('',(0.,-1.));
#1037 = ( GEOMETRIC_REPRESENTATION_CONTEXT(2) 
PARAMETRIC_REPRESENTATION_CONTEXT() REPRESENTATION_CONTEXT('2D SPACE',''
  ) );
#1038 = ORIENTED_EDGE('',*,*,#1039,.F.);
#1039 = EDGE_CURVE('',#954,#1012,#1040,.T.);
#1040 = SURFACE_CURVE('',#1041,(#1045,#1052),.PCURVE_S1.);
#1041 = LINE('',#1042,#1043);
#1042 = CARTESIAN_POINT('',(-51.,-24.,0.));
#1043 = VECTOR('',#1044,1.);
#1044 = DIRECTION('',(1.,0.,0.));
#1045 = PCURVE('',#72,#1046);
#1046 = DEFINITIONAL_REPRESENTATION('',(#1047),#1051);
#1047 = LINE('',#1048,#1049);
#1048 = CARTESIAN_POINT('',(5.,9.));
#1049 = VECTOR('',#1050,1.);
#1050 = DIRECTION('',(1.,0.));
#1051 = ( GEOMETRIC_REPRESENTATION_CONTEXT(2) 
PARAMETRIC_REPRESENTATION_CONTEXT() REPRESENTATION_CONTEXT('2D SPACE',''
  ) );
#1052 = PCURVE('',#1053,#1058);
#1053 = PLANE('',#1054);
#1054 = AXIS2_PLACEMENT_3D('',#1055,#1056,#1057);
#1055 = CARTESIAN_POINT('',(-51.,-24.,0.));
#1056 = DIRECTION('',(0.,1.,0.));
#1057 = DIRECTION('',(0.,0.,1.));
#1058 = DEFINITIONAL_REPRESENTATION('',(#1059),#1063);
#1059 = LINE('',#1060,#1061);
#1060 = CARTESIAN_POINT('',(0.,0.));
#1061 = VECTOR('',#1062,1.);
#1062 = DIRECTION('',(0.,1.));
#1063 = ( GEOMETRIC_REPRESENTATION_CONTEXT(2) 
PARAMETRIC_REPRESENTATION_CONTEXT() REPRESENTATION_CONTEXT('2D SPACE',''
  ) );
#1064 = FACE_BOUND('',#1065,.F.);
#1065 = EDGE_LOOP('',(#1066));
#1066 = ORIENTED_EDGE('',*,*,#1067,.F.);
#1067 = EDGE_CURVE('',#1068,#1068,#1070,.T.);
#1068 = VERTEX_POINT('',#1069);
#1069 = CARTESIAN_POINT('',(-48.25,30.,-0.));
#1070 = SURFACE_CURVE('',#1071,(#1076,#1083),.PCURVE_S1.);
#1071 = CIRCLE('',#1072,2.25);
#1072 = AXIS2_PLACEMENT_3D('',#1073,#1074,#1075);
#1073 = CARTESIAN_POINT('',(-46.,30.,0.));
#1074 = DIRECTION('',(0.,0.,1.));
#1075 = DIRECTION('',(-1.,0.,0.));
#1076 = PCURVE('',#72,#1077);
#1077 = DEFINITIONAL_REPRESENTATION('',(#1078),#1082);
#1078 = CIRCLE('',#1079,2.25);
#1079 = AXIS2_PLACEMENT_2D('',#1080,#1081);
#1080 = CARTESIAN_POINT('',(10.,63.));
#1081 = DIRECTION('',(-1.,0.));
#1082 = ( GEOMETRIC_REPRESENTATION_CONTEXT(2) 
PARAMETRIC_REPRESENTATION_CONTEXT() REPRESENTATION_CONTEXT('2D SPACE',''
  ) );
#1083 = PCURVE('',#499,#1084);
#1084 = DEFINITIONAL_REPRESENTATION('',(#1085),#1089);
#1085 = LINE('',#1086,#1087);
#1086 = CARTESIAN_POINT('',(0.,0.));
#1087 = VECTOR('',#1088,1.);
#1088 = DIRECTION('',(1.,0.));
#1089 = ( GEOMETRIC_REPRESENTATION_CONTEXT(2) 
PARAMETRIC_REPRESENTATION_CONTEXT() REPRESENTATION_CONTEXT('2D SPACE',''
  ) );
#1090 = FACE_BOUND('',#1091,.F.);
#1091 = EDGE_LOOP('',(#1092));
#1092 = ORIENTED_EDGE('',*,*,#1093,.F.);
#1093 = EDGE_CURVE('',#1094,#1094,#1096,.T.);
#1094 = VERTEX_POINT('',#1095);
#1095 = CARTESIAN_POINT('',(43.75,30.,-0.));
#1096 = SURFACE_CURVE('',#1097,(#1102,#1109),.PCURVE_S1.);
#1097 = CIRCLE('',#1098,2.25);
#1098 = AXIS2_PLACEMENT_3D('',#1099,#1100,#1101);
#1099 = CARTESIAN_POINT('',(46.,30.,0.));
#1100 = DIRECTION('',(0.,0.,1.));
#1101 = DIRECTION('',(-1.,0.,0.));
#1102 = PCURVE('',#72,#1103);
#1103 = DEFINITIONAL_REPRESENTATION('',(#1104),#1108);
#1104 = CIRCLE('',#1105,2.25);
#1105 = AXIS2_PLACEMENT_2D('',#1106,#1107);
#1106 = CARTESIAN_POINT('',(102.,63.));
#1107 = DIRECTION('',(-1.,0.));
#1108 = ( GEOMETRIC_REPRESENTATION_CONTEXT(2) 
PARAMETRIC_REPRESENTATION_CONTEXT() REPRESENTATION_CONTEXT('2D SPACE',''
  ) );
#1109 = PCURVE('',#636,#1110);
#1110 = DEFINITIONAL_REPRESENTATION('',(#1111),#1115);
#1111 = LINE('',#1112,#1113);
#1112 = CARTESIAN_POINT('',(0.,0.));
#1113 = VECTOR('',#1114,1.);
#1114 = DIRECTION('',(1.,0.));
#1115 = ( GEOMETRIC_REPRESENTATION_CONTEXT(2) 
PARAMETRIC_REPRESENTATION_CONTEXT() REPRESENTATION_CONTEXT('2D SPACE',''
  ) );
#1116 = ADVANCED_FACE('',(#1117),#202,.T.);
#1117 = FACE_BOUND('',#1118,.T.);
#1118 = EDGE_LOOP('',(#1119,#1120,#1121,#1122));
#1119 = ORIENTED_EDGE('',*,*,#188,.F.);
#1120 = ORIENTED_EDGE('',*,*,#877,.T.);
#1121 = ORIENTED_EDGE('',*,*,#676,.T.);
#1122 = ORIENTED_EDGE('',*,*,#374,.F.);
#1123 = ADVANCED_FACE('',(#1124),#233,.F.);
#1124 = FACE_BOUND('',#1125,.F.);
#1125 = EDGE_LOOP('',(#1126,#1150,#1173,#1445,#1466,#1467,#1468,#1738));
#1126 = ORIENTED_EDGE('',*,*,#1127,.F.);
#1127 = EDGE_CURVE('',#1128,#1128,#1130,.T.);
#1128 = VERTEX_POINT('',#1129);
#1129 = CARTESIAN_POINT('',(-44.8,-24.,13.664277140834));
#1130 = SURFACE_CURVE('',#1131,(#1136,#1143),.PCURVE_S1.);
#1131 = CIRCLE('',#1132,2.8);
#1132 = AXIS2_PLACEMENT_3D('',#1133,#1134,#1135);
#1133 = CARTESIAN_POINT('',(-42.,-24.,13.664277140834));
#1134 = DIRECTION('',(0.,1.,0.));
#1135 = DIRECTION('',(-1.,0.,0.));
#1136 = PCURVE('',#233,#1137);
#1137 = DEFINITIONAL_REPRESENTATION('',(#1138),#1142);
#1138 = LINE('',#1139,#1140);
#1139 = CARTESIAN_POINT('',(0.,9.));
#1140 = VECTOR('',#1141,1.);
#1141 = DIRECTION('',(1.,0.));
#1142 = ( GEOMETRIC_REPRESENTATION_CONTEXT(2) 
PARAMETRIC_REPRESENTATION_CONTEXT() REPRESENTATION_CONTEXT('2D SPACE',''
  ) );
#1143 = PCURVE('',#1053,#1144);
#1144 = DEFINITIONAL_REPRESENTATION('',(#1145),#1149);
#1145 = CIRCLE('',#1146,2.8);
#1146 = AXIS2_PLACEMENT_2D('',#1147,#1148);
#1147 = CARTESIAN_POINT('',(13.664277140834,9.));
#1148 = DIRECTION('',(0.,-1.));
#1149 = ( GEOMETRIC_REPRESENTATION_CONTEXT(2) 
PARAMETRIC_REPRESENTATION_CONTEXT() REPRESENTATION_CONTEXT('2D SPACE',''
  ) );
#1150 = ORIENTED_EDGE('',*,*,#1151,.F.);
#1151 = EDGE_CURVE('',#1152,#1128,#1154,.T.);
#1152 = VERTEX_POINT('',#1153);
#1153 = CARTESIAN_POINT('',(-44.8,-28.09671336893,13.664277140834));
#1154 = SEAM_CURVE('',#1155,(#1159,#1166),.PCURVE_S1.);
#1155 = LINE('',#1156,#1157);
#1156 = CARTESIAN_POINT('',(-44.8,-33.,13.664277140834));
#1157 = VECTOR('',#1158,1.);
#1158 = DIRECTION('',(0.,1.,0.));
#1159 = PCURVE('',#233,#1160);
#1160 = DEFINITIONAL_REPRESENTATION('',(#1161),#1165);
#1161 = LINE('',#1162,#1163);
#1162 = CARTESIAN_POINT('',(6.28318530718,-0.));
#1163 = VECTOR('',#1164,1.);
#1164 = DIRECTION('',(0.,1.));
#1165 = ( GEOMETRIC_REPRESENTATION_CONTEXT(2) 
PARAMETRIC_REPRESENTATION_CONTEXT() REPRESENTATION_CONTEXT('2D SPACE',''
  ) );
#1166 = PCURVE('',#233,#1167);
#1167 = DEFINITIONAL_REPRESENTATION('',(#1168),#1172);
#1168 = LINE('',#1169,#1170);
#1169 = CARTESIAN_POINT('',(0.,-0.));
#1170 = VECTOR('',#1171,1.);
#1171 = DIRECTION('',(0.,1.));
#1172 = ( GEOMETRIC_REPRESENTATION_CONTEXT(2) 
PARAMETRIC_REPRESENTATION_CONTEXT() REPRESENTATION_CONTEXT('2D SPACE',''
  ) );
#1173 = ORIENTED_EDGE('',*,*,#1174,.F.);
#1174 = EDGE_CURVE('',#1175,#1152,#1177,.T.);
#1175 = VERTEX_POINT('',#1176);
#1176 = CARTESIAN_POINT('',(-44.8,-31.90328663106,13.664277140834));
#1177 = SURFACE_CURVE('',#1178,(#1265,#1355),.PCURVE_S1.);
#1178 = B_SPLINE_CURVE_WITH_KNOTS('',7,(#1179,#1180,#1181,#1182,#1183,
    #1184,#1185,#1186,#1187,#1188,#1189,#1190,#1191,#1192,#1193,#1194,
    #1195,#1196,#1197,#1198,#1199,#1200,#1201,#1202,#1203,#1204,#1205,
    #1206,#1207,#1208,#1209,#1210,#1211,#1212,#1213,#1214,#1215,#1216,
    #1217,#1218,#1219,#1220,#1221,#1222,#1223,#1224,#1225,#1226,#1227,
    #1228,#1229,#1230,#1231,#1232,#1233,#1234,#1235,#1236,#1237,#1238,
    #1239,#1240,#1241,#1242,#1243,#1244,#1245,#1246,#1247,#1248,#1249,
    #1250,#1251,#1252,#1253,#1254,#1255,#1256,#1257,#1258,#1259,#1260,
    #1261,#1262,#1263,#1264),.UNSPECIFIED.,.F.,.F.,(8,6,6,6,6,6,6,6,6,6,
    6,6,6,6,8),(0.,0.167970922114,0.211943291228,0.289225028697,
    0.350257455289,0.383613446528,0.420304990034,0.499996595863,
    0.579759514739,0.616333903341,0.649527611286,0.710045496544,
    0.788347161325,0.831542029959,1.),.UNSPECIFIED.);
#1179 = CARTESIAN_POINT('',(-44.8,-31.90328663106,13.664277140834));
#1180 = CARTESIAN_POINT('',(-44.8,-31.90328663106,13.830693071406));
#1181 = CARTESIAN_POINT('',(-44.78846066606,-31.89601134236,
    13.99753538944));
#1182 = CARTESIAN_POINT('',(-44.76527598285,-31.88139299629,
    14.163521218669));
#1183 = CARTESIAN_POINT('',(-44.7305717513,-31.85889829382,
    14.327317599723));
#1184 = CARTESIAN_POINT('',(-44.68473876859,-31.82750157657,
    14.487562791373));
#1185 = CARTESIAN_POINT('',(-44.62846619285,-31.78567684958,
    14.64286159521));
#1186 = CARTESIAN_POINT('',(-44.54581481111,-31.71707369429,
    14.830742072841));
#1187 = CARTESIAN_POINT('',(-44.52805066529,-31.70199425134,
    14.869246451087));
#1188 = CARTESIAN_POINT('',(-44.50970509985,-31.68604268808,
    14.907225674895));
#1189 = CARTESIAN_POINT('',(-44.49081685438,-31.66919324798,
    14.9446336958));
#1190 = CARTESIAN_POINT('',(-44.47142822026,-31.65142051781,
    14.981427922686));
#1191 = CARTESIAN_POINT('',(-44.45158470402,-31.63269959337,
    15.017569195946));
#1192 = CARTESIAN_POINT('',(-44.39574515468,-31.57839505227,
    15.11532988672));
#1193 = CARTESIAN_POINT('',(-44.35887539633,-31.54075628451,
    15.175553819371));
#1194 = CARTESIAN_POINT('',(-44.3210592547,-31.50002299746,
    15.233364035363));
#1195 = CARTESIAN_POINT('',(-44.28266661178,-31.45616283837,
    15.288504076253));
#1196 = CARTESIAN_POINT('',(-44.24408884289,-31.40918649708,
    15.340782379661));
#1197 = CARTESIAN_POINT('',(-44.20572426722,-31.35915615687,
    15.390064109527));
#1198 = CARTESIAN_POINT('',(-44.13814251324,-31.26436760434,
    15.472748055849));
#1199 = CARTESIAN_POINT('',(-44.10872611611,-31.22075206672,
    15.507276092211));
#1200 = CARTESIAN_POINT('',(-44.07990228204,-31.17540874964,
    15.539814968065));
#1201 = CARTESIAN_POINT('',(-44.05185553358,-31.12842254427,
    15.570349508424));
#1202 = CARTESIAN_POINT('',(-44.02476191995,-31.07990239566,
    15.59887973456));
#1203 = CARTESIAN_POINT('',(-43.99878389628,-31.02998188278,
    15.625419107858));
#1204 = CARTESIAN_POINT('',(-43.96055572014,-30.95085823575,
    15.663422994734));
#1205 = CARTESIAN_POINT('',(-43.94741958595,-30.92252010331,
    15.67626877803));
#1206 = CARTESIAN_POINT('',(-43.93467684251,-30.89382308692,
    15.688537658921));
#1207 = CARTESIAN_POINT('',(-43.92234622686,-30.8647861455,
    15.700237300704));
#1208 = CARTESIAN_POINT('',(-43.91044517088,-30.83542951129,
    15.711375494612));
#1209 = CARTESIAN_POINT('',(-43.89898980134,-30.80577468983,
    15.721960159808));
#1210 = CARTESIAN_POINT('',(-43.87590060774,-30.74292124918,
    15.743042431225));
#1211 = CARTESIAN_POINT('',(-43.86436328222,-30.70966446123,
    15.753425553114));
#1212 = CARTESIAN_POINT('',(-43.85339978873,-30.67609679502,
    15.763161920414));
#1213 = CARTESIAN_POINT('',(-43.8430253241,-30.64224179959,
    15.772264042714));
#1214 = CARTESIAN_POINT('',(-43.83325345664,-30.60812387412,
    15.780743727832));
#1215 = CARTESIAN_POINT('',(-43.8240961261,-30.57376826791,
    15.78861208182));
#1216 = CARTESIAN_POINT('',(-43.79703165613,-30.46412343536,
    15.81166388006));
#1217 = CARTESIAN_POINT('',(-43.78145140395,-30.38806448229,
    15.824609885871));
#1218 = CARTESIAN_POINT('',(-43.76890739821,-30.31122046313,
    15.834841333977));
#1219 = CARTESIAN_POINT('',(-43.7594613594,-30.23379017695,
    15.842451253337));
#1220 = CARTESIAN_POINT('',(-43.75315286549,-30.15597459598,
    15.847502179574));
#1221 = CARTESIAN_POINT('',(-43.75,-30.07797648152,15.850026440274));
#1222 = CARTESIAN_POINT('',(-43.75,-29.92195374022,15.850026440274));
#1223 = CARTESIAN_POINT('',(-43.7531585112,-29.84388574186,
    15.847497659589));
#1224 = CARTESIAN_POINT('',(-43.75947831247,-29.76600075707,
    15.842437679919));
#1225 = CARTESIAN_POINT('',(-43.7689412544,-29.6885021242,
    15.834814058548));
#1226 = CARTESIAN_POINT('',(-43.78150760844,-29.61159138171,
    15.824564041946));
#1227 = CARTESIAN_POINT('',(-43.79711541608,-29.53546788203,
    15.811594279384));
#1228 = CARTESIAN_POINT('',(-43.82419234469,-29.4258740444,
    15.788529322763));
#1229 = CARTESIAN_POINT('',(-43.83332562049,-29.39163015258,
    15.780680909486));
#1230 = CARTESIAN_POINT('',(-43.84306943892,-29.35762258028,
    15.772224987016));
#1231 = CARTESIAN_POINT('',(-43.853411966,-29.32387633647,
    15.763150552577));
#1232 = CARTESIAN_POINT('',(-43.86433976023,-29.29041558881,
    15.753445910308));
#1233 = CARTESIAN_POINT('',(-43.87583777264,-29.25726366372,
    15.743098671263));
#1234 = CARTESIAN_POINT('',(-43.8988269576,-29.1946561373,
    15.722109868321));
#1235 = CARTESIAN_POINT('',(-43.9102206871,-29.16514186237,
    15.711583866728));
#1236 = CARTESIAN_POINT('',(-43.92205594498,-29.135922649,
    15.700509813505));
#1237 = CARTESIAN_POINT('',(-43.93431686122,-29.10701967868,
    15.68887989632));
#1238 = CARTESIAN_POINT('',(-43.94698628612,-29.07845288697,
    15.676686425629));
#1239 = CARTESIAN_POINT('',(-43.9600457902,-29.05024096349,
    15.663921834678));
#1240 = CARTESIAN_POINT('',(-43.99796065339,-28.97164491276,
    15.626251793971));
#1241 = CARTESIAN_POINT('',(-44.02368586123,-28.92210739704,
    15.599992983734));
#1242 = CARTESIAN_POINT('',(-44.05051150727,-28.87394348478,
    15.571777512861));
#1243 = CARTESIAN_POINT('',(-44.0782797354,-28.82728355585,
    15.54159184591));
#1244 = CARTESIAN_POINT('',(-44.10681949995,-28.78223423715,
    15.509435327852));
#1245 = CARTESIAN_POINT('',(-44.13595145171,-28.73887894974,
    15.475321863976));
#1246 = CARTESIAN_POINT('',(-44.2037152208,-28.64345324557,
    15.392650547321));
#1247 = CARTESIAN_POINT('',(-44.24257688084,-28.59263073693,
    15.342850164077));
#1248 = CARTESIAN_POINT('',(-44.28167164139,-28.54494069144,
    15.289968325333));
#1249 = CARTESIAN_POINT('',(-44.32058483565,-28.50044937512,
    15.234143896888));
#1250 = CARTESIAN_POINT('',(-44.35890885471,-28.45916858553,
    15.175575475771));
#1251 = CARTESIAN_POINT('',(-44.39625870957,-28.42106467842,
    15.114530130932));
#1252 = CARTESIAN_POINT('',(-44.45216281416,-28.36676156259,
    15.016500204868));
#1253 = CARTESIAN_POINT('',(-44.47164440433,-28.3483930956,
    14.980984896507));
#1254 = CARTESIAN_POINT('',(-44.49068618752,-28.33093904844,
    14.944840195662));
#1255 = CARTESIAN_POINT('',(-44.50924513841,-28.31437587452,
    14.908103291662));
#1256 = CARTESIAN_POINT('',(-44.52728138247,-28.29867962582,
    14.870814586351));
#1257 = CARTESIAN_POINT('',(-44.544758196,-28.28382595289,
    14.833017694082));
#1258 = CARTESIAN_POINT('',(-44.6274880768,-28.21505095297,
    14.645554044575));
#1259 = CARTESIAN_POINT('',(-44.68407360869,-28.17295409,14.48988334462)
  );
#1260 = CARTESIAN_POINT('',(-44.73017014449,-28.14136185111,
    14.329213504973));
#1261 = CARTESIAN_POINT('',(-44.76507665825,-28.11873269608,
    14.164955349175));
#1262 = CARTESIAN_POINT('',(-44.78839552269,-28.10402972309,
    13.998487929044));
#1263 = CARTESIAN_POINT('',(-44.8,-28.09671336893,13.831162129111));
#1264 = CARTESIAN_POINT('',(-44.8,-28.09671336893,13.664277140834));
#1265 = PCURVE('',#233,#1266);
#1266 = DEFINITIONAL_REPRESENTATION('',(#1267),#1354);
#1267 = B_SPLINE_CURVE_WITH_KNOTS('',7,(#1268,#1269,#1270,#1271,#1272,
    #1273,#1274,#1275,#1276,#1277,#1278,#1279,#1280,#1281,#1282,#1283,
    #1284,#1285,#1286,#1287,#1288,#1289,#1290,#1291,#1292,#1293,#1294,
    #1295,#1296,#1297,#1298,#1299,#1300,#1301,#1302,#1303,#1304,#1305,
    #1306,#1307,#1308,#1309,#1310,#1311,#1312,#1313,#1314,#1315,#1316,
    #1317,#1318,#1319,#1320,#1321,#1322,#1323,#1324,#1325,#1326,#1327,
    #1328,#1329,#1330,#1331,#1332,#1333,#1334,#1335,#1336,#1337,#1338,
    #1339,#1340,#1341,#1342,#1343,#1344,#1345,#1346,#1347,#1348,#1349,
    #1350,#1351,#1352,#1353),.UNSPECIFIED.,.F.,.F.,(8,6,6,6,6,6,6,6,6,6,
    6,6,6,6,8),(0.,0.167970922114,0.211943291228,0.289225028697,
    0.350257455289,0.383613446528,0.420304990034,0.499996595863,
    0.579759514739,0.616333903341,0.649527611286,0.710045496544,
    0.788347161325,0.831542029959,1.),.UNSPECIFIED.);
#1268 = CARTESIAN_POINT('',(0.,1.096713368933));
#1269 = CARTESIAN_POINT('',(5.943426091861E-02,1.096713368933));
#1270 = CARTESIAN_POINT('',(0.119020830565,1.103988657634));
#1271 = CARTESIAN_POINT('',(0.178644252464,1.118607003704));
#1272 = CARTESIAN_POINT('',(0.238180006241,1.141101706178));
#1273 = CARTESIAN_POINT('',(0.297477239846,1.17249842343));
#1274 = CARTESIAN_POINT('',(0.356338384947,1.21432315042));
#1275 = CARTESIAN_POINT('',(0.429644359571,1.282926305704));
#1276 = CARTESIAN_POINT('',(0.44478646125,1.298005748654));
#1277 = CARTESIAN_POINT('',(0.459846251767,1.313957311915));
#1278 = CARTESIAN_POINT('',(0.47480861663,1.330806752014));
#1279 = CARTESIAN_POINT('',(0.489658695153,1.348579482189));
#1280 = CARTESIAN_POINT('',(0.5043817975,1.367300406627));
#1281 = CARTESIAN_POINT('',(0.544590449623,1.42160494773));
#1282 = CARTESIAN_POINT('',(0.569797846749,1.459243715482));
#1283 = CARTESIAN_POINT('',(0.594452276987,1.499977002531));
#1284 = CARTESIAN_POINT('',(0.618431391742,1.54383716163));
#1285 = CARTESIAN_POINT('',(0.641622519997,1.590813502918));
#1286 = CARTESIAN_POINT('',(0.663921458381,1.640843843125));
#1287 = CARTESIAN_POINT('',(0.702060450378,1.735632395655));
#1288 = CARTESIAN_POINT('',(0.718256976114,1.77924793328));
#1289 = CARTESIAN_POINT('',(0.733777376696,1.824591250354));
#1290 = CARTESIAN_POINT('',(0.748580774993,1.871577455721));
#1291 = CARTESIAN_POINT('',(0.762629897126,1.920097604335));
#1292 = CARTESIAN_POINT('',(0.775892091108,1.970018117213));
#1293 = CARTESIAN_POINT('',(0.79514367754,2.049141764249));
#1294 = CARTESIAN_POINT('',(0.80170530231,2.077479896684));
#1295 = CARTESIAN_POINT('',(0.808022525508,2.106176913078));
#1296 = CARTESIAN_POINT('',(0.814092888064,2.135213854497));
#1297 = CARTESIAN_POINT('',(0.819914166132,2.164570488705));
#1298 = CARTESIAN_POINT('',(0.825484371086,2.194225310161));
#1299 = CARTESIAN_POINT('',(0.836650858332,2.257078750816));
#1300 = CARTESIAN_POINT('',(0.84219414943,2.290335538768));
#1301 = CARTESIAN_POINT('',(0.847430651348,2.323903204977));
#1302 = CARTESIAN_POINT('',(0.852359553545,2.357758200406));
#1303 = CARTESIAN_POINT('',(0.856980206401,2.39187612588));
#1304 = CARTESIAN_POINT('',(0.861292121221,2.426231732087));
#1305 = CARTESIAN_POINT('',(0.873988893554,2.535876564635));
#1306 = CARTESIAN_POINT('',(0.881223027678,2.611935517708));
#1307 = CARTESIAN_POINT('',(0.887003937043,2.688779536869));
#1308 = CARTESIAN_POINT('',(0.891336085341,2.766209823042));
#1309 = CARTESIAN_POINT('',(0.894222392865,2.844025404016));
#1310 = CARTESIAN_POINT('',(0.895664793858,2.922023518473));
#1311 = CARTESIAN_POINT('',(0.895664793858,3.078046259773));
#1312 = CARTESIAN_POINT('',(0.894219810239,3.156114258134));
#1313 = CARTESIAN_POINT('',(0.891328328909,3.233999242924));
#1314 = CARTESIAN_POINT('',(0.886988409607,3.311497875791));
#1315 = CARTESIAN_POINT('',(0.881197125424,3.388408618287));
#1316 = CARTESIAN_POINT('',(0.873950002321,3.464532117961));
#1317 = CARTESIAN_POINT('',(0.861246795435,3.574125955595));
#1318 = CARTESIAN_POINT('',(0.856946037854,3.608369847418));
#1319 = CARTESIAN_POINT('',(0.852338512389,3.642377419711));
#1320 = CARTESIAN_POINT('',(0.847424704216,3.676123663529));
#1321 = CARTESIAN_POINT('',(0.842205257214,3.709584411189));
#1322 = CARTESIAN_POINT('',(0.836680973957,3.742736336275));
#1323 = CARTESIAN_POINT('',(0.825563371658,3.805343862698));
#1324 = CARTESIAN_POINT('',(0.820023552698,3.834858137627));
#1325 = CARTESIAN_POINT('',(0.814235081658,3.864077350997));
#1326 = CARTESIAN_POINT('',(0.808199911596,3.892980321315));
#1327 = CARTESIAN_POINT('',(0.801920225813,3.921547113023));
#1328 = CARTESIAN_POINT('',(0.795398437847,3.949759036502));
#1329 = CARTESIAN_POINT('',(0.776310266967,4.028355087235));
#1330 = CARTESIAN_POINT('',(0.763182803679,4.077892602959));
#1331 = CARTESIAN_POINT('',(0.749281011641,4.126056515218));
#1332 = CARTESIAN_POINT('',(0.734636535216,4.172716444141));
#1333 = CARTESIAN_POINT('',(0.719285475452,4.217765762844));
#1334 = CARTESIAN_POINT('',(0.703267412432,4.261121050255));
#1335 = CARTESIAN_POINT('',(0.665090737016,4.356546754429));
#1336 = CARTESIAN_POINT('',(0.642536747346,4.407369263061));
#1337 = CARTESIAN_POINT('',(0.619063008532,4.455059308559));
#1338 = CARTESIAN_POINT('',(0.594777736756,4.499550624876));
#1339 = CARTESIAN_POINT('',(0.569798093919,4.54083141447));
#1340 = CARTESIAN_POINT('',(0.544251467096,4.578935321574));
#1341 = CARTESIAN_POINT('',(0.503947875391,4.633238437405));
#1342 = CARTESIAN_POINT('',(0.489482901001,4.651606904392));
#1343 = CARTESIAN_POINT('',(0.474895588651,4.669060951558));
#1344 = CARTESIAN_POINT('',(0.460199900944,4.68562412548));
#1345 = CARTESIAN_POINT('',(0.445409999264,4.701320374177));
#1346 = CARTESIAN_POINT('',(0.430540243775,4.716174047108));
#1347 = CARTESIAN_POINT('',(0.357359194642,4.784949047021));
#1348 = CARTESIAN_POINT('',(0.298336057067,4.827045909994));
#1349 = CARTESIAN_POINT('',(0.238869069522,4.858638148881));
#1350 = CARTESIAN_POINT('',(0.179159344531,4.881267303912));
#1351 = CARTESIAN_POINT('',(0.119361024911,4.895970276909));
#1352 = CARTESIAN_POINT('',(5.960178152739E-02,4.903286631067));
#1353 = CARTESIAN_POINT('',(0.,4.903286631067));
#1354 = ( GEOMETRIC_REPRESENTATION_CONTEXT(2) 
PARAMETRIC_REPRESENTATION_CONTEXT() REPRESENTATION_CONTEXT('2D SPACE',''
  ) );
#1355 = PCURVE('',#437,#1356);
#1356 = DEFINITIONAL_REPRESENTATION('',(#1357),#1444);
#1357 = B_SPLINE_CURVE_WITH_KNOTS('',7,(#1358,#1359,#1360,#1361,#1362,
    #1363,#1364,#1365,#1366,#1367,#1368,#1369,#1370,#1371,#1372,#1373,
    #1374,#1375,#1376,#1377,#1378,#1379,#1380,#1381,#1382,#1383,#1384,
    #1385,#1386,#1387,#1388,#1389,#1390,#1391,#1392,#1393,#1394,#1395,
    #1396,#1397,#1398,#1399,#1400,#1401,#1402,#1403,#1404,#1405,#1406,
    #1407,#1408,#1409,#1410,#1411,#1412,#1413,#1414,#1415,#1416,#1417,
    #1418,#1419,#1420,#1421,#1422,#1423,#1424,#1425,#1426,#1427,#1428,
    #1429,#1430,#1431,#1432,#1433,#1434,#1435,#1436,#1437,#1438,#1439,
    #1440,#1441,#1442,#1443),.UNSPECIFIED.,.F.,.F.,(8,6,6,6,6,6,6,6,6,6,
    6,6,6,6,8),(0.,0.167970922114,0.211943291228,0.289225028697,
    0.350257455289,0.383613446528,0.420304990034,0.499996595863,
    0.579759514739,0.616333903341,0.649527611286,0.710045496544,
    0.788347161325,0.831542029959,1.),.UNSPECIFIED.);
#1358 = CARTESIAN_POINT('',(2.133332571339,13.664277140834));
#1359 = CARTESIAN_POINT('',(2.133332571339,13.830693071406));
#1360 = CARTESIAN_POINT('',(2.13939533837,13.99753538944));
#1361 = CARTESIAN_POINT('',(2.151577143159,14.163521218669));
#1362 = CARTESIAN_POINT('',(2.169955904594,14.327317599723));
#1363 = CARTESIAN_POINT('',(2.194630566319,14.487562791373));
#1364 = CARTESIAN_POINT('',(2.225747416032,14.64286159521));
#1365 = CARTESIAN_POINT('',(2.273486715925,14.830742072841));
#1366 = CARTESIAN_POINT('',(2.283842254246,14.869246451087));
#1367 = CARTESIAN_POINT('',(2.294645775933,14.907225674895));
#1368 = CARTESIAN_POINT('',(2.305893582165,14.9446336958));
#1369 = CARTESIAN_POINT('',(2.317581447485,14.981427922686));
#1370 = CARTESIAN_POINT('',(2.329704820965,15.017569195946));
#1371 = CARTESIAN_POINT('',(2.364323130417,15.11532988672));
#1372 = CARTESIAN_POINT('',(2.387733439993,15.175553819371));
#1373 = CARTESIAN_POINT('',(2.412421192073,15.233364035363));
#1374 = CARTESIAN_POINT('',(2.438306536679,15.288504076253));
#1375 = CARTESIAN_POINT('',(2.465299922343,15.340782379661));
#1376 = CARTESIAN_POINT('',(2.493303480575,15.390064109527));
#1377 = CARTESIAN_POINT('',(2.545042928786,15.472748055849));
#1378 = CARTESIAN_POINT('',(2.568416564974,15.507276092211));
#1379 = CARTESIAN_POINT('',(2.592281858147,15.539814968065));
#1380 = CARTESIAN_POINT('',(2.616584316318,15.570349508424));
#1381 = CARTESIAN_POINT('',(2.641266208268,15.59887973456));
#1382 = CARTESIAN_POINT('',(2.666266355565,15.625419107858));
#1383 = CARTESIAN_POINT('',(2.705321732447,15.663422994734));
#1384 = CARTESIAN_POINT('',(2.719202024103,15.67626877803));
#1385 = CARTESIAN_POINT('',(2.733154206687,15.688537658921));
#1386 = CARTESIAN_POINT('',(2.74717157028,15.700237300704));
#1387 = CARTESIAN_POINT('',(2.761247287893,15.711375494612));
#1388 = CARTESIAN_POINT('',(2.775374415465,15.721960159808));
#1389 = CARTESIAN_POINT('',(2.805134495988,15.743042431225));
#1390 = CARTESIAN_POINT('',(2.820776868995,15.753425553114));
#1391 = CARTESIAN_POINT('',(2.836467225839,15.763161920414));
#1392 = CARTESIAN_POINT('',(2.852199774647,15.772264042714));
#1393 = CARTESIAN_POINT('',(2.867968716716,15.780743727832));
#1394 = CARTESIAN_POINT('',(2.883768246511,15.78861208182));
#1395 = CARTESIAN_POINT('',(2.933961895884,15.81166388006));
#1396 = CARTESIAN_POINT('',(2.968440276095,15.824609885871));
#1397 = CARTESIAN_POINT('',(3.003000353771,15.834841333977));
#1398 = CARTESIAN_POINT('',(3.037617927607,15.842451253337));
#1399 = CARTESIAN_POINT('',(3.072270599343,15.847502179574));
#1400 = CARTESIAN_POINT('',(3.106936439578,15.850026440274));
#1401 = CARTESIAN_POINT('',(3.176279880156,15.850026440274));
#1402 = CARTESIAN_POINT('',(3.210976779971,15.847497659589));
#1403 = CARTESIAN_POINT('',(3.245660480434,15.842437679919));
#1404 = CARTESIAN_POINT('',(3.280308979652,15.834814058548));
#1405 = CARTESIAN_POINT('',(3.31489980565,15.824564041946));
#1406 = CARTESIAN_POINT('',(3.349408675601,15.811594279384));
#1407 = CARTESIAN_POINT('',(3.399581649115,15.788529322763));
#1408 = CARTESIAN_POINT('',(3.415330476205,15.780680909486));
#1409 = CARTESIAN_POINT('',(3.431048876823,15.772224987016));
#1410 = CARTESIAN_POINT('',(3.446731099034,15.763150552577));
#1411 = CARTESIAN_POINT('',(3.462371398455,15.753445910308));
#1412 = CARTESIAN_POINT('',(3.477964038254,15.743098671263));
#1413 = CARTESIAN_POINT('',(3.507606200385,15.722109868321));
#1414 = CARTESIAN_POINT('',(3.521665216549,15.711583866728));
#1415 = CARTESIAN_POINT('',(3.535673390185,15.700509813505));
#1416 = CARTESIAN_POINT('',(3.549623888147,15.68887989632));
#1417 = CARTESIAN_POINT('',(3.563509991606,15.676686425629));
#1418 = CARTESIAN_POINT('',(3.577325096047,15.663921834678));
#1419 = CARTESIAN_POINT('',(3.616108765873,15.626251793971));
#1420 = CARTESIAN_POINT('',(3.640906328594,15.599992983734));
#1421 = CARTESIAN_POINT('',(3.665392339196,15.571777512861));
#1422 = CARTESIAN_POINT('',(3.689507265749,15.54159184591));
#1423 = CARTESIAN_POINT('',(3.713194897498,15.509435327852));
#1424 = CARTESIAN_POINT('',(3.736402137755,15.475321863976));
#1425 = CARTESIAN_POINT('',(3.788419216467,15.392650547321));
#1426 = CARTESIAN_POINT('',(3.816835835698,15.342850164077));
#1427 = CARTESIAN_POINT('',(3.844219173981,15.289968325333));
#1428 = CARTESIAN_POINT('',(3.870467066402,15.234143896888));
#1429 = CARTESIAN_POINT('',(3.895486126434,15.175575475771));
#1430 = CARTESIAN_POINT('',(3.919193208748,15.114530130932));
#1431 = CARTESIAN_POINT('',(3.953831651102,15.016500204868));
#1432 = CARTESIAN_POINT('',(3.965730669134,14.980984896507));
#1433 = CARTESIAN_POINT('',(3.977209264742,14.944840195662));
#1434 = CARTESIAN_POINT('',(3.988263174131,14.908103291662));
#1435 = CARTESIAN_POINT('',(3.998888531095,14.870814586351));
#1436 = CARTESIAN_POINT('',(4.009081867022,14.833017694082));
#1437 = CARTESIAN_POINT('',(4.056896806143,14.645554044575));
#1438 = CARTESIAN_POINT('',(4.088196651992,14.48988334462));
#1439 = CARTESIAN_POINT('',(4.113016759802,14.329213504973));
#1440 = CARTESIAN_POINT('',(4.131503425965,14.164955349175));
#1441 = CARTESIAN_POINT('',(4.143755746086,13.998487929044));
#1442 = CARTESIAN_POINT('',(4.149852735841,13.831162129111));
#1443 = CARTESIAN_POINT('',(4.149852735841,13.664277140834));
#1444 = ( GEOMETRIC_REPRESENTATION_CONTEXT(2) 
PARAMETRIC_REPRESENTATION_CONTEXT() REPRESENTATION_CONTEXT('2D SPACE',''
  ) );
#1445 = ORIENTED_EDGE('',*,*,#1446,.F.);
#1446 = EDGE_CURVE('',#217,#1175,#1447,.T.);
#1447 = SEAM_CURVE('',#1448,(#1452,#1459),.PCURVE_S1.);
#1448 = LINE('',#1449,#1450);
#1449 = CARTESIAN_POINT('',(-44.8,-33.,13.664277140834));
#1450 = VECTOR('',#1451,1.);
#1451 = DIRECTION('',(0.,1.,0.));
#1452 = PCURVE('',#233,#1453);
#1453 = DEFINITIONAL_REPRESENTATION('',(#1454),#1458);
#1454 = LINE('',#1455,#1456);
#1455 = CARTESIAN_POINT('',(6.28318530718,-0.));
#1456 = VECTOR('',#1457,1.);
#1457 = DIRECTION('',(0.,1.));
#1458 = ( GEOMETRIC_REPRESENTATION_CONTEXT(2) 
PARAMETRIC_REPRESENTATION_CONTEXT() REPRESENTATION_CONTEXT('2D SPACE',''
  ) );
#1459 = PCURVE('',#233,#1460);
#1460 = DEFINITIONAL_REPRESENTATION('',(#1461),#1465);
#1461 = LINE('',#1462,#1463);
#1462 = CARTESIAN_POINT('',(0.,-0.));
#1463 = VECTOR('',#1464,1.);
#1464 = DIRECTION('',(0.,1.));
#1465 = ( GEOMETRIC_REPRESENTATION_CONTEXT(2) 
PARAMETRIC_REPRESENTATION_CONTEXT() REPRESENTATION_CONTEXT('2D SPACE',''
  ) );
#1466 = ORIENTED_EDGE('',*,*,#216,.T.);
#1467 = ORIENTED_EDGE('',*,*,#1446,.T.);
#1468 = ORIENTED_EDGE('',*,*,#1469,.T.);
#1469 = EDGE_CURVE('',#1175,#1152,#1470,.T.);
#1470 = SURFACE_CURVE('',#1471,(#1558,#1648),.PCURVE_S1.);
#1471 = B_SPLINE_CURVE_WITH_KNOTS('',7,(#1472,#1473,#1474,#1475,#1476,
    #1477,#1478,#1479,#1480,#1481,#1482,#1483,#1484,#1485,#1486,#1487,
    #1488,#1489,#1490,#1491,#1492,#1493,#1494,#1495,#1496,#1497,#1498,
    #1499,#1500,#1501,#1502,#1503,#1504,#1505,#1506,#1507,#1508,#1509,
    #1510,#1511,#1512,#1513,#1514,#1515,#1516,#1517,#1518,#1519,#1520,
    #1521,#1522,#1523,#1524,#1525,#1526,#1527,#1528,#1529,#1530,#1531,
    #1532,#1533,#1534,#1535,#1536,#1537,#1538,#1539,#1540,#1541,#1542,
    #1543,#1544,#1545,#1546,#1547,#1548,#1549,#1550,#1551,#1552,#1553,
    #1554,#1555,#1556,#1557),.UNSPECIFIED.,.F.,.F.,(8,6,6,6,6,6,6,6,6,6,
    6,6,6,6,8),(0.,0.167970903058,0.211943267182,0.28922499588,
    0.350257415544,0.383613403011,0.420304944359,0.499996549705,
    0.579759468096,0.616333856469,0.649527566326,0.710045459044,
    0.788347133478,0.83154200744,1.),.UNSPECIFIED.);
#1472 = CARTESIAN_POINT('',(-44.8,-31.90328663106,13.664277140834));
#1473 = CARTESIAN_POINT('',(-44.8,-31.90328663106,13.497861210262));
#1474 = CARTESIAN_POINT('',(-44.78846066606,-31.89601134236,
    13.331018892229));
#1475 = CARTESIAN_POINT('',(-44.76527598285,-31.88139299629,
    13.165033062999));
#1476 = CARTESIAN_POINT('',(-44.7305717513,-31.85889829382,
    13.001236681947));
#1477 = CARTESIAN_POINT('',(-44.68473876859,-31.82750157657,
    12.840991490295));
#1478 = CARTESIAN_POINT('',(-44.62846619285,-31.78567684958,
    12.685692686459));
#1479 = CARTESIAN_POINT('',(-44.54581481111,-31.71707369429,
    12.497812208829));
#1480 = CARTESIAN_POINT('',(-44.52805066529,-31.70199425134,
    12.459307830582));
#1481 = CARTESIAN_POINT('',(-44.50970509985,-31.68604268808,
    12.421328606773));
#1482 = CARTESIAN_POINT('',(-44.49081685438,-31.66919324798,
    12.383920585868));
#1483 = CARTESIAN_POINT('',(-44.47142822026,-31.65142051781,
    12.347126358982));
#1484 = CARTESIAN_POINT('',(-44.45158470402,-31.63269959337,
    12.310985085724));
#1485 = CARTESIAN_POINT('',(-44.39574515468,-31.57839505227,
    12.213224394949));
#1486 = CARTESIAN_POINT('',(-44.35887539633,-31.54075628451,
    12.153000462297));
#1487 = CARTESIAN_POINT('',(-44.3210592547,-31.50002299746,
    12.095190246306));
#1488 = CARTESIAN_POINT('',(-44.28266661178,-31.45616283837,
    12.040050205415));
#1489 = CARTESIAN_POINT('',(-44.24408884289,-31.40918649708,
    11.987771902007));
#1490 = CARTESIAN_POINT('',(-44.20572426722,-31.35915615687,
    11.938490172141));
#1491 = CARTESIAN_POINT('',(-44.13814251324,-31.26436760434,
    11.855806225819));
#1492 = CARTESIAN_POINT('',(-44.10872611611,-31.22075206672,
    11.821278189458));
#1493 = CARTESIAN_POINT('',(-44.07990228204,-31.17540874964,
    11.788739313603));
#1494 = CARTESIAN_POINT('',(-44.05185553358,-31.12842254427,
    11.758204773245));
#1495 = CARTESIAN_POINT('',(-44.02476191995,-31.07990239566,
    11.729674547109));
#1496 = CARTESIAN_POINT('',(-43.99878389628,-31.02998188278,
    11.703135173811));
#1497 = CARTESIAN_POINT('',(-43.96055572014,-30.95085823573,
    11.665131286929));
#1498 = CARTESIAN_POINT('',(-43.94741958594,-30.92252010331,
    11.652285503637));
#1499 = CARTESIAN_POINT('',(-43.93467684251,-30.89382308693,
    11.640016622752));
#1500 = CARTESIAN_POINT('',(-43.92234622686,-30.86478614551,
    11.628316980969));
#1501 = CARTESIAN_POINT('',(-43.91044517088,-30.83542951129,
    11.617178787057));
#1502 = CARTESIAN_POINT('',(-43.89898980134,-30.80577468982,
    11.606594121856));
#1503 = CARTESIAN_POINT('',(-43.87590060709,-30.74292124741,
    11.58551184985));
#1504 = CARTESIAN_POINT('',(-43.86436328206,-30.70966446105,
    11.575128728394));
#1505 = CARTESIAN_POINT('',(-43.85339978913,-30.67609679647,
    11.565392361602));
#1506 = CARTESIAN_POINT('',(-43.84302532458,-30.64224180102,
    11.556290239387));
#1507 = CARTESIAN_POINT('',(-43.83325345668,-30.60812387389,
    11.547810553887));
#1508 = CARTESIAN_POINT('',(-43.82409612565,-30.57376826609,
    11.539942199465));
#1509 = CARTESIAN_POINT('',(-43.79703165613,-30.46412343536,
    11.516890401609));
#1510 = CARTESIAN_POINT('',(-43.78145140395,-30.38806448229,
    11.503944395798));
#1511 = CARTESIAN_POINT('',(-43.76890739821,-30.31122046313,
    11.493712947691));
#1512 = CARTESIAN_POINT('',(-43.7594613594,-30.23379017695,
    11.486103028332));
#1513 = CARTESIAN_POINT('',(-43.75315286549,-30.15597459598,
    11.481052102094));
#1514 = CARTESIAN_POINT('',(-43.75,-30.07797648152,11.478527841395));
#1515 = CARTESIAN_POINT('',(-43.75,-29.92195374022,11.478527841395));
#1516 = CARTESIAN_POINT('',(-43.7531585112,-29.84388574186,
    11.48105662208));
#1517 = CARTESIAN_POINT('',(-43.75947831247,-29.76600075707,
    11.486116601749));
#1518 = CARTESIAN_POINT('',(-43.7689412544,-29.6885021242,
    11.493740223121));
#1519 = CARTESIAN_POINT('',(-43.78150760844,-29.61159138171,
    11.503990239722));
#1520 = CARTESIAN_POINT('',(-43.79711541608,-29.53546788204,
    11.516960002284));
#1521 = CARTESIAN_POINT('',(-43.82419234469,-29.42587404441,
    11.540024958905));
#1522 = CARTESIAN_POINT('',(-43.83332562049,-29.39163015258,
    11.547873372183));
#1523 = CARTESIAN_POINT('',(-43.84306943893,-29.35762258028,
    11.556329294654));
#1524 = CARTESIAN_POINT('',(-43.853411966,-29.32387633646,
    11.565403729093));
#1525 = CARTESIAN_POINT('',(-43.86433976023,-29.29041558881,
    11.57510837136));
#1526 = CARTESIAN_POINT('',(-43.87583777263,-29.25726366373,
    11.585455610404));
#1527 = CARTESIAN_POINT('',(-43.8988269583,-29.19465613539,
    11.606444413987));
#1528 = CARTESIAN_POINT('',(-43.9102206871,-29.16514186212,
    11.616970414908));
#1529 = CARTESIAN_POINT('',(-43.92205594431,-29.13592265048,
    11.628044467511));
#1530 = CARTESIAN_POINT('',(-43.93431686063,-29.10701968019,
    11.639674384791));
#1531 = CARTESIAN_POINT('',(-43.9469862863,-29.07845288681,
    11.651867856243));
#1532 = CARTESIAN_POINT('',(-43.96004579108,-29.05024096167,
    11.664632447867));
#1533 = CARTESIAN_POINT('',(-43.99796065339,-28.97164491276,
    11.702302487698));
#1534 = CARTESIAN_POINT('',(-44.02368586123,-28.92210739704,
    11.728561297934));
#1535 = CARTESIAN_POINT('',(-44.05051150727,-28.87394348478,
    11.756776768808));
#1536 = CARTESIAN_POINT('',(-44.0782797354,-28.82728355585,
    11.786962435759));
#1537 = CARTESIAN_POINT('',(-44.10681949995,-28.78223423715,
    11.819118953817));
#1538 = CARTESIAN_POINT('',(-44.13595145171,-28.73887894974,
    11.853232417692));
#1539 = CARTESIAN_POINT('',(-44.2037152208,-28.64345324557,
    11.935903734348));
#1540 = CARTESIAN_POINT('',(-44.24257688084,-28.59263073693,
    11.985704117592));
#1541 = CARTESIAN_POINT('',(-44.28167164139,-28.54494069144,
    12.038585956336));
#1542 = CARTESIAN_POINT('',(-44.32058483565,-28.50044937512,
    12.094410384781));
#1543 = CARTESIAN_POINT('',(-44.35890885471,-28.45916858553,
    12.152978805897));
#1544 = CARTESIAN_POINT('',(-44.39625870957,-28.42106467842,
    12.214024150737));
#1545 = CARTESIAN_POINT('',(-44.45216281416,-28.36676156259,
    12.312054076803));
#1546 = CARTESIAN_POINT('',(-44.47164440433,-28.3483930956,
    12.347569385162));
#1547 = CARTESIAN_POINT('',(-44.49068618752,-28.33093904844,
    12.383714086005));
#1548 = CARTESIAN_POINT('',(-44.5092451384,-28.31437587452,
    12.420450990004));
#1549 = CARTESIAN_POINT('',(-44.52728138247,-28.29867962582,
    12.457739695318));
#1550 = CARTESIAN_POINT('',(-44.544758196,-28.28382595289,
    12.495536587589));
#1551 = CARTESIAN_POINT('',(-44.62748807748,-28.21505095241,
    12.683000238627));
#1552 = CARTESIAN_POINT('',(-44.68407360684,-28.17295409153,
    12.838670933436));
#1553 = CARTESIAN_POINT('',(-44.73017014661,-28.14136184935,
    12.999340778663));
#1554 = CARTESIAN_POINT('',(-44.76507665712,-28.11873269706,
    13.163598935379));
#1555 = CARTESIAN_POINT('',(-44.78839552291,-28.10402972287,
    13.330066348322));
#1556 = CARTESIAN_POINT('',(-44.8,-28.09671336893,13.497392154314));
#1557 = CARTESIAN_POINT('',(-44.8,-28.09671336893,13.664277140834));
#1558 = PCURVE('',#233,#1559);
#1559 = DEFINITIONAL_REPRESENTATION('',(#1560),#1647);
#1560 = B_SPLINE_CURVE_WITH_KNOTS('',7,(#1561,#1562,#1563,#1564,#1565,
    #1566,#1567,#1568,#1569,#1570,#1571,#1572,#1573,#1574,#1575,#1576,
    #1577,#1578,#1579,#1580,#1581,#1582,#1583,#1584,#1585,#1586,#1587,
    #1588,#1589,#1590,#1591,#1592,#1593,#1594,#1595,#1596,#1597,#1598,
    #1599,#1600,#1601,#1602,#1603,#1604,#1605,#1606,#1607,#1608,#1609,
    #1610,#1611,#1612,#1613,#1614,#1615,#1616,#1617,#1618,#1619,#1620,
    #1621,#1622,#1623,#1624,#1625,#1626,#1627,#1628,#1629,#1630,#1631,
    #1632,#1633,#1634,#1635,#1636,#1637,#1638,#1639,#1640,#1641,#1642,
    #1643,#1644,#1645,#1646),.UNSPECIFIED.,.F.,.F.,(8,6,6,6,6,6,6,6,6,6,
    6,6,6,6,8),(0.,0.167970903058,0.211943267182,0.28922499588,
    0.350257415544,0.383613403011,0.420304944359,0.499996549705,
    0.579759468096,0.616333856469,0.649527566326,0.710045459044,
    0.788347133478,0.83154200744,1.),.UNSPECIFIED.);
#1561 = CARTESIAN_POINT('',(6.28318530718,1.096713368933));
#1562 = CARTESIAN_POINT('',(6.223751046261,1.096713368933));
#1563 = CARTESIAN_POINT('',(6.164164476615,1.103988657634));
#1564 = CARTESIAN_POINT('',(6.104541054715,1.118607003704));
#1565 = CARTESIAN_POINT('',(6.045005300939,1.141101706178));
#1566 = CARTESIAN_POINT('',(5.985708067333,1.17249842343));
#1567 = CARTESIAN_POINT('',(5.926846922233,1.21432315042));
#1568 = CARTESIAN_POINT('',(5.853540947609,1.282926305704));
#1569 = CARTESIAN_POINT('',(5.83839884593,1.298005748654));
#1570 = CARTESIAN_POINT('',(5.823339055413,1.313957311916));
#1571 = CARTESIAN_POINT('',(5.80837669055,1.330806752014));
#1572 = CARTESIAN_POINT('',(5.793526612027,1.348579482189));
#1573 = CARTESIAN_POINT('',(5.77880350968,1.367300406627));
#1574 = CARTESIAN_POINT('',(5.738594857556,1.42160494773));
#1575 = CARTESIAN_POINT('',(5.713387460431,1.459243715482));
#1576 = CARTESIAN_POINT('',(5.688733030192,1.499977002531));
#1577 = CARTESIAN_POINT('',(5.664753915438,1.54383716163));
#1578 = CARTESIAN_POINT('',(5.641562787183,1.590813502918));
#1579 = CARTESIAN_POINT('',(5.619263848798,1.640843843125));
#1580 = CARTESIAN_POINT('',(5.581124856801,1.735632395655));
#1581 = CARTESIAN_POINT('',(5.564928331065,1.77924793328));
#1582 = CARTESIAN_POINT('',(5.549407930484,1.824591250354));
#1583 = CARTESIAN_POINT('',(5.534604532187,1.871577455721));
#1584 = CARTESIAN_POINT('',(5.520555410053,1.920097604335));
#1585 = CARTESIAN_POINT('',(5.507293216071,1.970018117213));
#1586 = CARTESIAN_POINT('',(5.488041629637,2.049141764261));
#1587 = CARTESIAN_POINT('',(5.481480004869,2.077479896685));
#1588 = CARTESIAN_POINT('',(5.475162781674,2.106176913068));
#1589 = CARTESIAN_POINT('',(5.469092419118,2.135213854487));
#1590 = CARTESIAN_POINT('',(5.463271141048,2.164570488707));
#1591 = CARTESIAN_POINT('',(5.457700936091,2.194225310173));
#1592 = CARTESIAN_POINT('',(5.446534448533,2.257078752588));
#1593 = CARTESIAN_POINT('',(5.440991157669,2.290335538941));
#1594 = CARTESIAN_POINT('',(5.435754656021,2.323903203526));
#1595 = CARTESIAN_POINT('',(5.430825753866,2.357758198975));
#1596 = CARTESIAN_POINT('',(5.426205100801,2.391876126104));
#1597 = CARTESIAN_POINT('',(5.421893185748,2.42623173391));
#1598 = CARTESIAN_POINT('',(5.409196413626,2.535876564635));
#1599 = CARTESIAN_POINT('',(5.401962279502,2.611935517708));
#1600 = CARTESIAN_POINT('',(5.396181370136,2.688779536869));
#1601 = CARTESIAN_POINT('',(5.391849221838,2.766209823042));
#1602 = CARTESIAN_POINT('',(5.388962914314,2.844025404016));
#1603 = CARTESIAN_POINT('',(5.387520513322,2.922023518473));
#1604 = CARTESIAN_POINT('',(5.387520513322,3.078046259773));
#1605 = CARTESIAN_POINT('',(5.38896549694,3.156114258134));
#1606 = CARTESIAN_POINT('',(5.39185697827,3.233999242924));
#1607 = CARTESIAN_POINT('',(5.396196897573,3.311497875792));
#1608 = CARTESIAN_POINT('',(5.401988181756,3.388408618287));
#1609 = CARTESIAN_POINT('',(5.409235304858,3.46453211796));
#1610 = CARTESIAN_POINT('',(5.421938511744,3.574125955589));
#1611 = CARTESIAN_POINT('',(5.426239269325,3.608369847417));
#1612 = CARTESIAN_POINT('',(5.430846794792,3.642377419716));
#1613 = CARTESIAN_POINT('',(5.435760602964,3.676123663534));
#1614 = CARTESIAN_POINT('',(5.440980049965,3.709584411188));
#1615 = CARTESIAN_POINT('',(5.446504333222,3.742736336269));
#1616 = CARTESIAN_POINT('',(5.457621935861,3.805343864606));
#1617 = CARTESIAN_POINT('',(5.463161754473,3.834858137873));
#1618 = CARTESIAN_POINT('',(5.468950225188,3.864077349515));
#1619 = CARTESIAN_POINT('',(5.474985395292,3.892980319801));
#1620 = CARTESIAN_POINT('',(5.481265081463,3.921547113189));
#1621 = CARTESIAN_POINT('',(5.487786869777,3.94975903833));
#1622 = CARTESIAN_POINT('',(5.506875040213,4.028355087235));
#1623 = CARTESIAN_POINT('',(5.520002503501,4.077892602959));
#1624 = CARTESIAN_POINT('',(5.533904295539,4.126056515218));
#1625 = CARTESIAN_POINT('',(5.548548771964,4.172716444141));
#1626 = CARTESIAN_POINT('',(5.563899831728,4.217765762844));
#1627 = CARTESIAN_POINT('',(5.579917894748,4.261121050255));
#1628 = CARTESIAN_POINT('',(5.618094570163,4.356546754429));
#1629 = CARTESIAN_POINT('',(5.640648559834,4.407369263061));
#1630 = CARTESIAN_POINT('',(5.664122298647,4.455059308559));
#1631 = CARTESIAN_POINT('',(5.688407570423,4.499550624876));
#1632 = CARTESIAN_POINT('',(5.71338721326,4.54083141447));
#1633 = CARTESIAN_POINT('',(5.738933840083,4.578935321574));
#1634 = CARTESIAN_POINT('',(5.779237431789,4.633238437407));
#1635 = CARTESIAN_POINT('',(5.793702406178,4.651606904392));
#1636 = CARTESIAN_POINT('',(5.808289718528,4.669060951557));
#1637 = CARTESIAN_POINT('',(5.822985406235,4.685624125479));
#1638 = CARTESIAN_POINT('',(5.837775307915,4.701320374177));
#1639 = CARTESIAN_POINT('',(5.852645063406,4.716174047108));
#1640 = CARTESIAN_POINT('',(5.925826113136,4.784949047583));
#1641 = CARTESIAN_POINT('',(5.984849248687,4.827045908468));
#1642 = CARTESIAN_POINT('',(6.044316238519,4.858638150648));
#1643 = CARTESIAN_POINT('',(6.104025963586,4.88126730294));
#1644 = CARTESIAN_POINT('',(6.163824280755,4.895970277124));
#1645 = CARTESIAN_POINT('',(6.22358352628,4.903286631067));
#1646 = CARTESIAN_POINT('',(6.28318530718,4.903286631067));
#1647 = ( GEOMETRIC_REPRESENTATION_CONTEXT(2) 
PARAMETRIC_REPRESENTATION_CONTEXT() REPRESENTATION_CONTEXT('2D SPACE',''
  ) );
#1648 = PCURVE('',#437,#1649);
#1649 = DEFINITIONAL_REPRESENTATION('',(#1650),#1737);
#1650 = B_SPLINE_CURVE_WITH_KNOTS('',7,(#1651,#1652,#1653,#1654,#1655,
    #1656,#1657,#1658,#1659,#1660,#1661,#1662,#1663,#1664,#1665,#1666,
    #1667,#1668,#1669,#1670,#1671,#1672,#1673,#1674,#1675,#1676,#1677,
    #1678,#1679,#1680,#1681,#1682,#1683,#1684,#1685,#1686,#1687,#1688,
    #1689,#1690,#1691,#1692,#1693,#1694,#1695,#1696,#1697,#1698,#1699,
    #1700,#1701,#1702,#1703,#1704,#1705,#1706,#1707,#1708,#1709,#1710,
    #1711,#1712,#1713,#1714,#1715,#1716,#1717,#1718,#1719,#1720,#1721,
    #1722,#1723,#1724,#1725,#1726,#1727,#1728,#1729,#1730,#1731,#1732,
    #1733,#1734,#1735,#1736),.UNSPECIFIED.,.F.,.F.,(8,6,6,6,6,6,6,6,6,6,
    6,6,6,6,8),(0.,0.167970903058,0.211943267182,0.28922499588,
    0.350257415544,0.383613403011,0.420304944359,0.499996549705,
    0.579759468096,0.616333856469,0.649527566326,0.710045459044,
    0.788347133478,0.83154200744,1.),.UNSPECIFIED.);
#1651 = CARTESIAN_POINT('',(2.133332571339,13.664277140834));
#1652 = CARTESIAN_POINT('',(2.133332571339,13.497861210262));
#1653 = CARTESIAN_POINT('',(2.13939533837,13.331018892229));
#1654 = CARTESIAN_POINT('',(2.151577143159,13.165033062999));
#1655 = CARTESIAN_POINT('',(2.169955904594,13.001236681947));
#1656 = CARTESIAN_POINT('',(2.194630566319,12.840991490295));
#1657 = CARTESIAN_POINT('',(2.225747416032,12.685692686459));
#1658 = CARTESIAN_POINT('',(2.273486715925,12.497812208829));
#1659 = CARTESIAN_POINT('',(2.283842254246,12.459307830582));
#1660 = CARTESIAN_POINT('',(2.294645775933,12.421328606773));
#1661 = CARTESIAN_POINT('',(2.305893582165,12.383920585868));
#1662 = CARTESIAN_POINT('',(2.317581447485,12.347126358982));
#1663 = CARTESIAN_POINT('',(2.329704820965,12.310985085724));
#1664 = CARTESIAN_POINT('',(2.364323130417,12.213224394949));
#1665 = CARTESIAN_POINT('',(2.387733439993,12.153000462297));
#1666 = CARTESIAN_POINT('',(2.412421192073,12.095190246306));
#1667 = CARTESIAN_POINT('',(2.438306536679,12.040050205415));
#1668 = CARTESIAN_POINT('',(2.465299922343,11.987771902007));
#1669 = CARTESIAN_POINT('',(2.493303480575,11.938490172141));
#1670 = CARTESIAN_POINT('',(2.545042928786,11.855806225819));
#1671 = CARTESIAN_POINT('',(2.568416564974,11.821278189458));
#1672 = CARTESIAN_POINT('',(2.592281858147,11.788739313603));
#1673 = CARTESIAN_POINT('',(2.616584316318,11.758204773245));
#1674 = CARTESIAN_POINT('',(2.641266208268,11.729674547109));
#1675 = CARTESIAN_POINT('',(2.666266355565,11.703135173811));
#1676 = CARTESIAN_POINT('',(2.705321732453,11.665131286929));
#1677 = CARTESIAN_POINT('',(2.719202024103,11.652285503637));
#1678 = CARTESIAN_POINT('',(2.733154206682,11.640016622752));
#1679 = CARTESIAN_POINT('',(2.747171570275,11.628316980969));
#1680 = CARTESIAN_POINT('',(2.761247287894,11.617178787057));
#1681 = CARTESIAN_POINT('',(2.775374415471,11.606594121856));
#1682 = CARTESIAN_POINT('',(2.805134496827,11.58551184985));
#1683 = CARTESIAN_POINT('',(2.820776869089,11.575128728394));
#1684 = CARTESIAN_POINT('',(2.836467225169,11.565392361602));
#1685 = CARTESIAN_POINT('',(2.852199773976,11.556290239387));
#1686 = CARTESIAN_POINT('',(2.867968716807,11.547810553887));
#1687 = CARTESIAN_POINT('',(2.883768247345,11.539942199465));
#1688 = CARTESIAN_POINT('',(2.933961895884,11.516890401609));
#1689 = CARTESIAN_POINT('',(2.968440276095,11.503944395798));
#1690 = CARTESIAN_POINT('',(3.003000353771,11.493712947691));
#1691 = CARTESIAN_POINT('',(3.037617927607,11.486103028332));
#1692 = CARTESIAN_POINT('',(3.072270599343,11.481052102094));
#1693 = CARTESIAN_POINT('',(3.106936439578,11.478527841395));
#1694 = CARTESIAN_POINT('',(3.176279880155,11.478527841395));
#1695 = CARTESIAN_POINT('',(3.210976779971,11.48105662208));
#1696 = CARTESIAN_POINT('',(3.245660480435,11.486116601749));
#1697 = CARTESIAN_POINT('',(3.280308979652,11.493740223121));
#1698 = CARTESIAN_POINT('',(3.31489980565,11.503990239722));
#1699 = CARTESIAN_POINT('',(3.3494086756,11.516960002284));
#1700 = CARTESIAN_POINT('',(3.399581649112,11.540024958905));
#1701 = CARTESIAN_POINT('',(3.415330476205,11.547873372183));
#1702 = CARTESIAN_POINT('',(3.431048876826,11.556329294654));
#1703 = CARTESIAN_POINT('',(3.446731099037,11.565403729093));
#1704 = CARTESIAN_POINT('',(3.462371398455,11.57510837136));
#1705 = CARTESIAN_POINT('',(3.477964038251,11.585455610404));
#1706 = CARTESIAN_POINT('',(3.507606201288,11.606444413987));
#1707 = CARTESIAN_POINT('',(3.52166521665,11.616970414908));
#1708 = CARTESIAN_POINT('',(3.535673389462,11.628044467511));
#1709 = CARTESIAN_POINT('',(3.549623887423,11.639674384791));
#1710 = CARTESIAN_POINT('',(3.563509991705,11.651867856243));
#1711 = CARTESIAN_POINT('',(3.577325096949,11.664632447867));
#1712 = CARTESIAN_POINT('',(3.616108765873,11.702302487698));
#1713 = CARTESIAN_POINT('',(3.640906328594,11.728561297934));
#1714 = CARTESIAN_POINT('',(3.665392339196,11.756776768808));
#1715 = CARTESIAN_POINT('',(3.689507265749,11.786962435759));
#1716 = CARTESIAN_POINT('',(3.713194897498,11.819118953817));
#1717 = CARTESIAN_POINT('',(3.736402137755,11.853232417692));
#1718 = CARTESIAN_POINT('',(3.788419216467,11.935903734348));
#1719 = CARTESIAN_POINT('',(3.816835835698,11.985704117592));
#1720 = CARTESIAN_POINT('',(3.844219173981,12.038585956336));
#1721 = CARTESIAN_POINT('',(3.870467066402,12.094410384781));
#1722 = CARTESIAN_POINT('',(3.895486126434,12.152978805897));
#1723 = CARTESIAN_POINT('',(3.919193208748,12.214024150737));
#1724 = CARTESIAN_POINT('',(3.953831651103,12.312054076803));
#1725 = CARTESIAN_POINT('',(3.965730669135,12.347569385162));
#1726 = CARTESIAN_POINT('',(3.977209264742,12.383714086005));
#1727 = CARTESIAN_POINT('',(3.98826317413,12.420450990004));
#1728 = CARTESIAN_POINT('',(3.998888531095,12.457739695318));
#1729 = CARTESIAN_POINT('',(4.009081867022,12.495536587589));
#1730 = CARTESIAN_POINT('',(4.056896806534,12.683000238627));
#1731 = CARTESIAN_POINT('',(4.088196650925,12.838670933436));
#1732 = CARTESIAN_POINT('',(4.11301676103,12.999340778663));
#1733 = CARTESIAN_POINT('',(4.131503425305,13.163598935379));
#1734 = CARTESIAN_POINT('',(4.143755746223,13.330066348322));
#1735 = CARTESIAN_POINT('',(4.149852735841,13.497392154314));
#1736 = CARTESIAN_POINT('',(4.149852735841,13.664277140834));
#1737 = ( GEOMETRIC_REPRESENTATION_CONTEXT(2) 
PARAMETRIC_REPRESENTATION_CONTEXT() REPRESENTATION_CONTEXT('2D SPACE',''
  ) );
#1738 = ORIENTED_EDGE('',*,*,#1151,.T.);
#1739 = ADVANCED_FACE('',(#1740),#264,.F.);
#1740 = FACE_BOUND('',#1741,.F.);
#1741 = EDGE_LOOP('',(#1742,#1767,#1794,#1795,#2067,#2088,#2089,#2090));
#1742 = ORIENTED_EDGE('',*,*,#1743,.T.);
#1743 = EDGE_CURVE('',#1744,#1746,#1748,.T.);
#1744 = VERTEX_POINT('',#1745);
#1745 = CARTESIAN_POINT('',(-44.8,-28.09671336893,101.66427714083));
#1746 = VERTEX_POINT('',#1747);
#1747 = CARTESIAN_POINT('',(-44.8,-23.9,101.66427714083));
#1748 = SEAM_CURVE('',#1749,(#1753,#1760),.PCURVE_S1.);
#1749 = LINE('',#1750,#1751);
#1750 = CARTESIAN_POINT('',(-44.8,-33.,101.66427714083));
#1751 = VECTOR('',#1752,1.);
#1752 = DIRECTION('',(0.,1.,0.));
#1753 = PCURVE('',#264,#1754);
#1754 = DEFINITIONAL_REPRESENTATION('',(#1755),#1759);
#1755 = LINE('',#1756,#1757);
#1756 = CARTESIAN_POINT('',(6.28318530718,-0.));
#1757 = VECTOR('',#1758,1.);
#1758 = DIRECTION('',(0.,1.));
#1759 = ( GEOMETRIC_REPRESENTATION_CONTEXT(2) 
PARAMETRIC_REPRESENTATION_CONTEXT() REPRESENTATION_CONTEXT('2D SPACE',''
  ) );
#1760 = PCURVE('',#264,#1761);
#1761 = DEFINITIONAL_REPRESENTATION('',(#1762),#1766);
#1762 = LINE('',#1763,#1764);
#1763 = CARTESIAN_POINT('',(0.,-0.));
#1764 = VECTOR('',#1765,1.);
#1765 = DIRECTION('',(0.,1.));
#1766 = ( GEOMETRIC_REPRESENTATION_CONTEXT(2) 
PARAMETRIC_REPRESENTATION_CONTEXT() REPRESENTATION_CONTEXT('2D SPACE',''
  ) );
#1767 = ORIENTED_EDGE('',*,*,#1768,.F.);
#1768 = EDGE_CURVE('',#1746,#1746,#1769,.T.);
#1769 = SURFACE_CURVE('',#1770,(#1775,#1782),.PCURVE_S1.);
#1770 = CIRCLE('',#1771,2.8);
#1771 = AXIS2_PLACEMENT_3D('',#1772,#1773,#1774);
#1772 = CARTESIAN_POINT('',(-42.,-23.9,101.66427714083));
#1773 = DIRECTION('',(0.,1.,-0.));
#1774 = DIRECTION('',(-1.,0.,0.));
#1775 = PCURVE('',#264,#1776);
#1776 = DEFINITIONAL_REPRESENTATION('',(#1777),#1781);
#1777 = LINE('',#1778,#1779);
#1778 = CARTESIAN_POINT('',(0.,9.1));
#1779 = VECTOR('',#1780,1.);
#1780 = DIRECTION('',(1.,0.));
#1781 = ( GEOMETRIC_REPRESENTATION_CONTEXT(2) 
PARAMETRIC_REPRESENTATION_CONTEXT() REPRESENTATION_CONTEXT('2D SPACE',''
  ) );
#1782 = PCURVE('',#1783,#1788);
#1783 = PLANE('',#1784);
#1784 = AXIS2_PLACEMENT_3D('',#1785,#1786,#1787);
#1785 = CARTESIAN_POINT('',(-42.,-23.9,101.66427714083));
#1786 = DIRECTION('',(0.,1.,0.));
#1787 = DIRECTION('',(-1.,0.,0.));
#1788 = DEFINITIONAL_REPRESENTATION('',(#1789),#1793);
#1789 = CIRCLE('',#1790,2.8);
#1790 = AXIS2_PLACEMENT_2D('',#1791,#1792);
#1791 = CARTESIAN_POINT('',(0.,0.));
#1792 = DIRECTION('',(1.,0.));
#1793 = ( GEOMETRIC_REPRESENTATION_CONTEXT(2) 
PARAMETRIC_REPRESENTATION_CONTEXT() REPRESENTATION_CONTEXT('2D SPACE',''
  ) );
#1794 = ORIENTED_EDGE('',*,*,#1743,.F.);
#1795 = ORIENTED_EDGE('',*,*,#1796,.F.);
#1796 = EDGE_CURVE('',#1797,#1744,#1799,.T.);
#1797 = VERTEX_POINT('',#1798);
#1798 = CARTESIAN_POINT('',(-44.8,-31.90328663106,101.66427714083));
#1799 = SURFACE_CURVE('',#1800,(#1887,#1977),.PCURVE_S1.);
#1800 = B_SPLINE_CURVE_WITH_KNOTS('',7,(#1801,#1802,#1803,#1804,#1805,
    #1806,#1807,#1808,#1809,#1810,#1811,#1812,#1813,#1814,#1815,#1816,
    #1817,#1818,#1819,#1820,#1821,#1822,#1823,#1824,#1825,#1826,#1827,
    #1828,#1829,#1830,#1831,#1832,#1833,#1834,#1835,#1836,#1837,#1838,
    #1839,#1840,#1841,#1842,#1843,#1844,#1845,#1846,#1847,#1848,#1849,
    #1850,#1851,#1852,#1853,#1854,#1855,#1856,#1857,#1858,#1859,#1860,
    #1861,#1862,#1863,#1864,#1865,#1866,#1867,#1868,#1869,#1870,#1871,
    #1872,#1873,#1874,#1875,#1876,#1877,#1878,#1879,#1880,#1881,#1882,
    #1883,#1884,#1885,#1886),.UNSPECIFIED.,.F.,.F.,(8,6,6,6,6,6,6,6,6,6,
    6,6,6,6,8),(0.,0.167970912455,0.211943279038,0.289225012059,
    0.350257435138,0.383613424473,0.420304965904,0.499996567224,
    0.579759481587,0.616333870627,0.649527583417,0.710045481483,
    0.788347162836,0.83154203506,1.),.UNSPECIFIED.);
#1801 = CARTESIAN_POINT('',(-44.8,-31.90328663106,101.66427714083));
#1802 = CARTESIAN_POINT('',(-44.8,-31.90328663106,101.8306930714));
#1803 = CARTESIAN_POINT('',(-44.78846066606,-31.89601134236,
    101.99753538944));
#1804 = CARTESIAN_POINT('',(-44.76527598285,-31.88139299629,
    102.16352121866));
#1805 = CARTESIAN_POINT('',(-44.7305717513,-31.85889829382,
    102.32731759972));
#1806 = CARTESIAN_POINT('',(-44.68473876859,-31.82750157657,
    102.48756279137));
#1807 = CARTESIAN_POINT('',(-44.62846619285,-31.78567684958,
    102.64286159521));
#1808 = CARTESIAN_POINT('',(-44.54581481111,-31.71707369429,
    102.83074207284));
#1809 = CARTESIAN_POINT('',(-44.52805066529,-31.70199425134,
    102.86924645108));
#1810 = CARTESIAN_POINT('',(-44.50970509985,-31.68604268808,
    102.90722567489));
#1811 = CARTESIAN_POINT('',(-44.49081685438,-31.66919324798,
    102.9446336958));
#1812 = CARTESIAN_POINT('',(-44.47142822026,-31.65142051781,
    102.98142792268));
#1813 = CARTESIAN_POINT('',(-44.45158470402,-31.63269959337,
    103.01756919594));
#1814 = CARTESIAN_POINT('',(-44.39574515468,-31.57839505227,
    103.11532988672));
#1815 = CARTESIAN_POINT('',(-44.35887539633,-31.54075628451,
    103.17555381937));
#1816 = CARTESIAN_POINT('',(-44.3210592547,-31.50002299746,
    103.23336403536));
#1817 = CARTESIAN_POINT('',(-44.28266661178,-31.45616283837,
    103.28850407625));
#1818 = CARTESIAN_POINT('',(-44.2440888429,-31.40918649708,
    103.34078237966));
#1819 = CARTESIAN_POINT('',(-44.20572426722,-31.35915615687,
    103.39006410952));
#1820 = CARTESIAN_POINT('',(-44.13814251324,-31.26436760434,
    103.47274805584));
#1821 = CARTESIAN_POINT('',(-44.10872611611,-31.22075206672,
    103.50727609221));
#1822 = CARTESIAN_POINT('',(-44.07990228204,-31.17540874964,
    103.53981496806));
#1823 = CARTESIAN_POINT('',(-44.05185553358,-31.12842254427,
    103.57034950842));
#1824 = CARTESIAN_POINT('',(-44.02476191995,-31.07990239566,
    103.59887973455));
#1825 = CARTESIAN_POINT('',(-43.99878389628,-31.02998188278,
    103.62541910785));
#1826 = CARTESIAN_POINT('',(-43.96055572014,-30.95085823573,
    103.66342299474));
#1827 = CARTESIAN_POINT('',(-43.94741958594,-30.92252010331,
    103.67626877803));
#1828 = CARTESIAN_POINT('',(-43.93467684251,-30.89382308693,
    103.68853765891));
#1829 = CARTESIAN_POINT('',(-43.92234622686,-30.86478614551,
    103.70023730069));
#1830 = CARTESIAN_POINT('',(-43.91044517088,-30.83542951129,
    103.71137549461));
#1831 = CARTESIAN_POINT('',(-43.89898980134,-30.80577468982,
    103.72196015981));
#1832 = CARTESIAN_POINT('',(-43.87590060774,-30.74292124918,
    103.74304243122));
#1833 = CARTESIAN_POINT('',(-43.86436328222,-30.70966446123,
    103.75342555311));
#1834 = CARTESIAN_POINT('',(-43.85339978873,-30.67609679502,
    103.76316192041));
#1835 = CARTESIAN_POINT('',(-43.8430253241,-30.64224179959,
    103.77226404271));
#1836 = CARTESIAN_POINT('',(-43.83325345665,-30.60812387412,
    103.78074372783));
#1837 = CARTESIAN_POINT('',(-43.8240961261,-30.57376826791,
    103.78861208182));
#1838 = CARTESIAN_POINT('',(-43.79703165613,-30.46412343536,
    103.81166388006));
#1839 = CARTESIAN_POINT('',(-43.78145140395,-30.38806448229,
    103.82460988587));
#1840 = CARTESIAN_POINT('',(-43.76890739821,-30.31122046313,
    103.83484133397));
#1841 = CARTESIAN_POINT('',(-43.7594613594,-30.23379017695,
    103.84245125333));
#1842 = CARTESIAN_POINT('',(-43.75315286549,-30.15597459598,
    103.84750217957));
#1843 = CARTESIAN_POINT('',(-43.75,-30.07797648152,103.85002644027));
#1844 = CARTESIAN_POINT('',(-43.75,-29.92195374022,103.85002644027));
#1845 = CARTESIAN_POINT('',(-43.7531585112,-29.84388574186,
    103.84749765958));
#1846 = CARTESIAN_POINT('',(-43.75947831247,-29.76600075707,
    103.84243767991));
#1847 = CARTESIAN_POINT('',(-43.7689412544,-29.6885021242,
    103.83481405854));
#1848 = CARTESIAN_POINT('',(-43.78150760844,-29.61159138171,
    103.82456404194));
#1849 = CARTESIAN_POINT('',(-43.79711541608,-29.53546788203,
    103.81159427938));
#1850 = CARTESIAN_POINT('',(-43.82419234527,-29.42587404204,
    103.78852932226));
#1851 = CARTESIAN_POINT('',(-43.83332562044,-29.39163015229,
    103.78068090955));
#1852 = CARTESIAN_POINT('',(-43.8430694383,-29.35762258214,
    103.77222498757));
#1853 = CARTESIAN_POINT('',(-43.85341196548,-29.32387633835,
    103.76315055302));
#1854 = CARTESIAN_POINT('',(-43.86433976044,-29.29041558858,
    103.7534459101));
#1855 = CARTESIAN_POINT('',(-43.87583777348,-29.25726366143,
    103.74309867049));
#1856 = CARTESIAN_POINT('',(-43.8988269583,-29.19465613539,
    103.72210986768));
#1857 = CARTESIAN_POINT('',(-43.9102206871,-29.16514186212,
    103.71158386676));
#1858 = CARTESIAN_POINT('',(-43.92205594431,-29.13592265048,
    103.70050981415));
#1859 = CARTESIAN_POINT('',(-43.93431686063,-29.10701968019,
    103.68887989687));
#1860 = CARTESIAN_POINT('',(-43.9469862863,-29.07845288681,
    103.67668642542));
#1861 = CARTESIAN_POINT('',(-43.96004579108,-29.05024096167,
    103.6639218338));
#1862 = CARTESIAN_POINT('',(-43.99796065339,-28.97164491276,
    103.62625179397));
#1863 = CARTESIAN_POINT('',(-44.02368586123,-28.92210739704,
    103.59999298373));
#1864 = CARTESIAN_POINT('',(-44.05051150727,-28.87394348478,
    103.57177751286));
#1865 = CARTESIAN_POINT('',(-44.0782797354,-28.82728355585,
    103.54159184591));
#1866 = CARTESIAN_POINT('',(-44.10681949995,-28.78223423715,
    103.50943532785));
#1867 = CARTESIAN_POINT('',(-44.13595145171,-28.73887894974,
    103.47532186397));
#1868 = CARTESIAN_POINT('',(-44.2037152208,-28.64345324557,
    103.39265054732));
#1869 = CARTESIAN_POINT('',(-44.24257688084,-28.59263073693,
    103.34285016407));
#1870 = CARTESIAN_POINT('',(-44.28167164139,-28.54494069144,
    103.28996832533));
#1871 = CARTESIAN_POINT('',(-44.32058483565,-28.50044937512,
    103.23414389688));
#1872 = CARTESIAN_POINT('',(-44.35890885471,-28.45916858553,
    103.17557547577));
#1873 = CARTESIAN_POINT('',(-44.39625870957,-28.42106467842,
    103.11453013093));
#1874 = CARTESIAN_POINT('',(-44.4521628116,-28.36676156507,
    103.01650020934));
#1875 = CARTESIAN_POINT('',(-44.47164440384,-28.34839309621,
    102.98098489688));
#1876 = CARTESIAN_POINT('',(-44.49068618928,-28.33093904691,
    102.94484019191));
#1877 = CARTESIAN_POINT('',(-44.50924514036,-28.31437587269,
    102.90810328801));
#1878 = CARTESIAN_POINT('',(-44.52728138244,-28.29867962568,
    102.87081458698));
#1879 = CARTESIAN_POINT('',(-44.54475819391,-28.28382595462,
    102.83301769881));
#1880 = CARTESIAN_POINT('',(-44.62748807748,-28.21505095241,
    102.64555404304));
#1881 = CARTESIAN_POINT('',(-44.68407360684,-28.17295409153,
    102.48988334823));
#1882 = CARTESIAN_POINT('',(-44.73017014661,-28.14136184935,
    102.329213503));
#1883 = CARTESIAN_POINT('',(-44.76507665712,-28.11873269706,
    102.16495534629));
#1884 = CARTESIAN_POINT('',(-44.78839552291,-28.10402972287,
    101.99848793334));
#1885 = CARTESIAN_POINT('',(-44.8,-28.09671336893,101.83116212735));
#1886 = CARTESIAN_POINT('',(-44.8,-28.09671336893,101.66427714083));
#1887 = PCURVE('',#264,#1888);
#1888 = DEFINITIONAL_REPRESENTATION('',(#1889),#1976);
#1889 = B_SPLINE_CURVE_WITH_KNOTS('',7,(#1890,#1891,#1892,#1893,#1894,
    #1895,#1896,#1897,#1898,#1899,#1900,#1901,#1902,#1903,#1904,#1905,
    #1906,#1907,#1908,#1909,#1910,#1911,#1912,#1913,#1914,#1915,#1916,
    #1917,#1918,#1919,#1920,#1921,#1922,#1923,#1924,#1925,#1926,#1927,
    #1928,#1929,#1930,#1931,#1932,#1933,#1934,#1935,#1936,#1937,#1938,
    #1939,#1940,#1941,#1942,#1943,#1944,#1945,#1946,#1947,#1948,#1949,
    #1950,#1951,#1952,#1953,#1954,#1955,#1956,#1957,#1958,#1959,#1960,
    #1961,#1962,#1963,#1964,#1965,#1966,#1967,#1968,#1969,#1970,#1971,
    #1972,#1973,#1974,#1975),.UNSPECIFIED.,.F.,.F.,(8,6,6,6,6,6,6,6,6,6,
    6,6,6,6,8),(0.,0.167970912455,0.211943279038,0.289225012059,
    0.350257435138,0.383613424473,0.420304965904,0.499996567224,
    0.579759481587,0.616333870627,0.649527583417,0.710045481483,
    0.788347162836,0.83154203506,1.),.UNSPECIFIED.);
#1890 = CARTESIAN_POINT('',(0.,1.096713368933));
#1891 = CARTESIAN_POINT('',(5.943426091858E-02,1.096713368933));
#1892 = CARTESIAN_POINT('',(0.119020830565,1.103988657634));
#1893 = CARTESIAN_POINT('',(0.178644252464,1.118607003704));
#1894 = CARTESIAN_POINT('',(0.238180006241,1.141101706178));
#1895 = CARTESIAN_POINT('',(0.297477239846,1.17249842343));
#1896 = CARTESIAN_POINT('',(0.356338384947,1.21432315042));
#1897 = CARTESIAN_POINT('',(0.429644359571,1.282926305704));
#1898 = CARTESIAN_POINT('',(0.444786461249,1.298005748654));
#1899 = CARTESIAN_POINT('',(0.459846251767,1.313957311916));
#1900 = CARTESIAN_POINT('',(0.47480861663,1.330806752014));
#1901 = CARTESIAN_POINT('',(0.489658695153,1.348579482189));
#1902 = CARTESIAN_POINT('',(0.504381797499,1.367300406627));
#1903 = CARTESIAN_POINT('',(0.544590449623,1.42160494773));
#1904 = CARTESIAN_POINT('',(0.569797846749,1.459243715482));
#1905 = CARTESIAN_POINT('',(0.594452276987,1.499977002531));
#1906 = CARTESIAN_POINT('',(0.618431391742,1.54383716163));
#1907 = CARTESIAN_POINT('',(0.641622519997,1.590813502918));
#1908 = CARTESIAN_POINT('',(0.663921458381,1.640843843125));
#1909 = CARTESIAN_POINT('',(0.702060450378,1.735632395655));
#1910 = CARTESIAN_POINT('',(0.718256976114,1.77924793328));
#1911 = CARTESIAN_POINT('',(0.733777376696,1.824591250353));
#1912 = CARTESIAN_POINT('',(0.748580774993,1.871577455721));
#1913 = CARTESIAN_POINT('',(0.762629897126,1.920097604335));
#1914 = CARTESIAN_POINT('',(0.775892091108,1.970018117212));
#1915 = CARTESIAN_POINT('',(0.795143677543,2.049141764263));
#1916 = CARTESIAN_POINT('',(0.801705302311,2.077479896685));
#1917 = CARTESIAN_POINT('',(0.808022525505,2.106176913066));
#1918 = CARTESIAN_POINT('',(0.814092888062,2.135213854486));
#1919 = CARTESIAN_POINT('',(0.819914166132,2.164570488707));
#1920 = CARTESIAN_POINT('',(0.825484371088,2.194225310175));
#1921 = CARTESIAN_POINT('',(0.836650858332,2.257078750816));
#1922 = CARTESIAN_POINT('',(0.84219414943,2.290335538768));
#1923 = CARTESIAN_POINT('',(0.847430651348,2.323903204977));
#1924 = CARTESIAN_POINT('',(0.852359553545,2.357758200405));
#1925 = CARTESIAN_POINT('',(0.856980206401,2.391876125879));
#1926 = CARTESIAN_POINT('',(0.861292121221,2.426231732087));
#1927 = CARTESIAN_POINT('',(0.873988893554,2.535876564635));
#1928 = CARTESIAN_POINT('',(0.881223027678,2.611935517708));
#1929 = CARTESIAN_POINT('',(0.887003937043,2.688779536869));
#1930 = CARTESIAN_POINT('',(0.891336085341,2.766209823042));
#1931 = CARTESIAN_POINT('',(0.894222392865,2.844025404016));
#1932 = CARTESIAN_POINT('',(0.895664793858,2.922023518473));
#1933 = CARTESIAN_POINT('',(0.895664793858,3.078046259773));
#1934 = CARTESIAN_POINT('',(0.894219810239,3.156114258134));
#1935 = CARTESIAN_POINT('',(0.891328328909,3.233999242924));
#1936 = CARTESIAN_POINT('',(0.886988409607,3.311497875791));
#1937 = CARTESIAN_POINT('',(0.881197125424,3.388408618287));
#1938 = CARTESIAN_POINT('',(0.873950002321,3.464532117961));
#1939 = CARTESIAN_POINT('',(0.861246795161,3.574125957957));
#1940 = CARTESIAN_POINT('',(0.856946037883,3.608369847708));
#1941 = CARTESIAN_POINT('',(0.852338512688,3.642377417858));
#1942 = CARTESIAN_POINT('',(0.847424704462,3.676123661649));
#1943 = CARTESIAN_POINT('',(0.842205257109,3.709584411412));
#1944 = CARTESIAN_POINT('',(0.836680973549,3.74273633857));
#1945 = CARTESIAN_POINT('',(0.825563371319,3.805343864606));
#1946 = CARTESIAN_POINT('',(0.820023552707,3.834858137873));
#1947 = CARTESIAN_POINT('',(0.814235081992,3.864077349515));
#1948 = CARTESIAN_POINT('',(0.808199911888,3.892980319801));
#1949 = CARTESIAN_POINT('',(0.801920225717,3.921547113189));
#1950 = CARTESIAN_POINT('',(0.795398437403,3.94975903833));
#1951 = CARTESIAN_POINT('',(0.776310266967,4.028355087235));
#1952 = CARTESIAN_POINT('',(0.763182803679,4.077892602959));
#1953 = CARTESIAN_POINT('',(0.749281011641,4.126056515218));
#1954 = CARTESIAN_POINT('',(0.734636535216,4.172716444141));
#1955 = CARTESIAN_POINT('',(0.719285475452,4.217765762844));
#1956 = CARTESIAN_POINT('',(0.703267412432,4.261121050255));
#1957 = CARTESIAN_POINT('',(0.665090737016,4.356546754429));
#1958 = CARTESIAN_POINT('',(0.642536747346,4.407369263061));
#1959 = CARTESIAN_POINT('',(0.619063008532,4.455059308559));
#1960 = CARTESIAN_POINT('',(0.594777736757,4.499550624876));
#1961 = CARTESIAN_POINT('',(0.569798093919,4.54083141447));
#1962 = CARTESIAN_POINT('',(0.544251467096,4.578935321574));
#1963 = CARTESIAN_POINT('',(0.503947877233,4.633238434924));
#1964 = CARTESIAN_POINT('',(0.489482901202,4.651606903781));
#1965 = CARTESIAN_POINT('',(0.474895587171,4.669060953089));
#1966 = CARTESIAN_POINT('',(0.460199899466,4.68562412731));
#1967 = CARTESIAN_POINT('',(0.44540999947,4.701320374312));
#1968 = CARTESIAN_POINT('',(0.430540245622,4.716174045372));
#1969 = CARTESIAN_POINT('',(0.357359194044,4.784949047583));
#1970 = CARTESIAN_POINT('',(0.298336058493,4.827045908468));
#1971 = CARTESIAN_POINT('',(0.23886906866,4.858638150648));
#1972 = CARTESIAN_POINT('',(0.179159343594,4.88126730294));
#1973 = CARTESIAN_POINT('',(0.119361026424,4.895970277124));
#1974 = CARTESIAN_POINT('',(5.960178090002E-02,4.903286631067));
#1975 = CARTESIAN_POINT('',(0.,4.903286631067));
#1976 = ( GEOMETRIC_REPRESENTATION_CONTEXT(2) 
PARAMETRIC_REPRESENTATION_CONTEXT() REPRESENTATION_CONTEXT('2D SPACE',''
  ) );
#1977 = PCURVE('',#437,#1978);
#1978 = DEFINITIONAL_REPRESENTATION('',(#1979),#2066);
#1979 = B_SPLINE_CURVE_WITH_KNOTS('',7,(#1980,#1981,#1982,#1983,#1984,
    #1985,#1986,#1987,#1988,#1989,#1990,#1991,#1992,#1993,#1994,#1995,
    #1996,#1997,#1998,#1999,#2000,#2001,#2002,#2003,#2004,#2005,#2006,
    #2007,#2008,#2009,#2010,#2011,#2012,#2013,#2014,#2015,#2016,#2017,
    #2018,#2019,#2020,#2021,#2022,#2023,#2024,#2025,#2026,#2027,#2028,
    #2029,#2030,#2031,#2032,#2033,#2034,#2035,#2036,#2037,#2038,#2039,
    #2040,#2041,#2042,#2043,#2044,#2045,#2046,#2047,#2048,#2049,#2050,
    #2051,#2052,#2053,#2054,#2055,#2056,#2057,#2058,#2059,#2060,#2061,
    #2062,#2063,#2064,#2065),.UNSPECIFIED.,.F.,.F.,(8,6,6,6,6,6,6,6,6,6,
    6,6,6,6,8),(0.,0.167970912455,0.211943279038,0.289225012059,
    0.350257435138,0.383613424473,0.420304965904,0.499996567224,
    0.579759481587,0.616333870627,0.649527583417,0.710045481483,
    0.788347162836,0.83154203506,1.),.UNSPECIFIED.);
#1980 = CARTESIAN_POINT('',(2.133332571339,101.66427714083));
#1981 = CARTESIAN_POINT('',(2.133332571339,101.8306930714));
#1982 = CARTESIAN_POINT('',(2.13939533837,101.99753538944));
#1983 = CARTESIAN_POINT('',(2.151577143159,102.16352121866));
#1984 = CARTESIAN_POINT('',(2.169955904594,102.32731759972));
#1985 = CARTESIAN_POINT('',(2.194630566319,102.48756279137));
#1986 = CARTESIAN_POINT('',(2.225747416032,102.64286159521));
#1987 = CARTESIAN_POINT('',(2.273486715925,102.83074207284));
#1988 = CARTESIAN_POINT('',(2.283842254246,102.86924645108));
#1989 = CARTESIAN_POINT('',(2.294645775933,102.90722567489));
#1990 = CARTESIAN_POINT('',(2.305893582165,102.9446336958));
#1991 = CARTESIAN_POINT('',(2.317581447485,102.98142792268));
#1992 = CARTESIAN_POINT('',(2.329704820965,103.01756919594));
#1993 = CARTESIAN_POINT('',(2.364323130417,103.11532988672));
#1994 = CARTESIAN_POINT('',(2.387733439993,103.17555381937));
#1995 = CARTESIAN_POINT('',(2.412421192073,103.23336403536));
#1996 = CARTESIAN_POINT('',(2.438306536679,103.28850407625));
#1997 = CARTESIAN_POINT('',(2.465299922342,103.34078237966));
#1998 = CARTESIAN_POINT('',(2.493303480575,103.39006410952));
#1999 = CARTESIAN_POINT('',(2.545042928785,103.47274805584));
#2000 = CARTESIAN_POINT('',(2.568416564974,103.50727609221));
#2001 = CARTESIAN_POINT('',(2.592281858147,103.53981496806));
#2002 = CARTESIAN_POINT('',(2.616584316318,103.57034950842));
#2003 = CARTESIAN_POINT('',(2.641266208268,103.59887973455));
#2004 = CARTESIAN_POINT('',(2.666266355565,103.62541910785));
#2005 = CARTESIAN_POINT('',(2.705321732454,103.66342299474));
#2006 = CARTESIAN_POINT('',(2.719202024103,103.67626877803));
#2007 = CARTESIAN_POINT('',(2.733154206681,103.68853765891));
#2008 = CARTESIAN_POINT('',(2.747171570275,103.70023730069));
#2009 = CARTESIAN_POINT('',(2.761247287894,103.71137549461));
#2010 = CARTESIAN_POINT('',(2.775374415471,103.72196015981));
#2011 = CARTESIAN_POINT('',(2.805134495988,103.74304243122));
#2012 = CARTESIAN_POINT('',(2.820776868995,103.75342555311));
#2013 = CARTESIAN_POINT('',(2.836467225839,103.76316192041));
#2014 = CARTESIAN_POINT('',(2.852199774647,103.77226404271));
#2015 = CARTESIAN_POINT('',(2.867968716716,103.78074372783));
#2016 = CARTESIAN_POINT('',(2.883768246511,103.78861208182));
#2017 = CARTESIAN_POINT('',(2.933961895884,103.81166388006));
#2018 = CARTESIAN_POINT('',(2.968440276095,103.82460988587));
#2019 = CARTESIAN_POINT('',(3.003000353771,103.83484133397));
#2020 = CARTESIAN_POINT('',(3.037617927607,103.84245125333));
#2021 = CARTESIAN_POINT('',(3.072270599343,103.84750217957));
#2022 = CARTESIAN_POINT('',(3.106936439578,103.85002644027));
#2023 = CARTESIAN_POINT('',(3.176279880156,103.85002644027));
#2024 = CARTESIAN_POINT('',(3.210976779971,103.84749765958));
#2025 = CARTESIAN_POINT('',(3.245660480434,103.84243767991));
#2026 = CARTESIAN_POINT('',(3.280308979652,103.83481405854));
#2027 = CARTESIAN_POINT('',(3.31489980565,103.82456404194));
#2028 = CARTESIAN_POINT('',(3.349408675601,103.81159427938));
#2029 = CARTESIAN_POINT('',(3.399581650196,103.78852932226));
#2030 = CARTESIAN_POINT('',(3.415330476322,103.78068090955));
#2031 = CARTESIAN_POINT('',(3.431048875954,103.77222498757));
#2032 = CARTESIAN_POINT('',(3.446731098167,103.76315055302));
#2033 = CARTESIAN_POINT('',(3.462371398578,103.7534459101));
#2034 = CARTESIAN_POINT('',(3.47796403934,103.74309867049));
#2035 = CARTESIAN_POINT('',(3.507606201288,103.72210986768));
#2036 = CARTESIAN_POINT('',(3.52166521665,103.71158386676));
#2037 = CARTESIAN_POINT('',(3.535673389462,103.70050981415));
#2038 = CARTESIAN_POINT('',(3.549623887423,103.68887989687));
#2039 = CARTESIAN_POINT('',(3.563509991705,103.67668642542));
#2040 = CARTESIAN_POINT('',(3.577325096949,103.6639218338));
#2041 = CARTESIAN_POINT('',(3.616108765873,103.62625179397));
#2042 = CARTESIAN_POINT('',(3.640906328594,103.59999298373));
#2043 = CARTESIAN_POINT('',(3.665392339196,103.57177751286));
#2044 = CARTESIAN_POINT('',(3.689507265749,103.54159184591));
#2045 = CARTESIAN_POINT('',(3.713194897498,103.50943532785));
#2046 = CARTESIAN_POINT('',(3.736402137755,103.47532186397));
#2047 = CARTESIAN_POINT('',(3.788419216467,103.39265054732));
#2048 = CARTESIAN_POINT('',(3.816835835698,103.34285016407));
#2049 = CARTESIAN_POINT('',(3.844219173981,103.28996832533));
#2050 = CARTESIAN_POINT('',(3.870467066402,103.23414389688));
#2051 = CARTESIAN_POINT('',(3.895486126434,103.17557547577));
#2052 = CARTESIAN_POINT('',(3.919193208748,103.11453013093));
#2053 = CARTESIAN_POINT('',(3.953831649519,103.01650020934));
#2054 = CARTESIAN_POINT('',(3.96573066879,102.98098489688));
#2055 = CARTESIAN_POINT('',(3.977209265781,102.94484019191));
#2056 = CARTESIAN_POINT('',(3.98826317532,102.90810328801));
#2057 = CARTESIAN_POINT('',(3.998888531128,102.87081458698));
#2058 = CARTESIAN_POINT('',(4.009081865815,102.83301769881));
#2059 = CARTESIAN_POINT('',(4.056896806534,102.64555404304));
#2060 = CARTESIAN_POINT('',(4.088196650925,102.48988334823));
#2061 = CARTESIAN_POINT('',(4.11301676103,102.329213503));
#2062 = CARTESIAN_POINT('',(4.131503425305,102.16495534629));
#2063 = CARTESIAN_POINT('',(4.143755746223,101.99848793334));
#2064 = CARTESIAN_POINT('',(4.149852735841,101.83116212735));
#2065 = CARTESIAN_POINT('',(4.149852735841,101.66427714083));
#2066 = ( GEOMETRIC_REPRESENTATION_CONTEXT(2) 
PARAMETRIC_REPRESENTATION_CONTEXT() REPRESENTATION_CONTEXT('2D SPACE',''
  ) );
#2067 = ORIENTED_EDGE('',*,*,#2068,.F.);
#2068 = EDGE_CURVE('',#248,#1797,#2069,.T.);
#2069 = SEAM_CURVE('',#2070,(#2074,#2081),.PCURVE_S1.);
#2070 = LINE('',#2071,#2072);
#2071 = CARTESIAN_POINT('',(-44.8,-33.,101.66427714083));
#2072 = VECTOR('',#2073,1.);
#2073 = DIRECTION('',(0.,1.,0.));
#2074 = PCURVE('',#264,#2075);
#2075 = DEFINITIONAL_REPRESENTATION('',(#2076),#2080);
#2076 = LINE('',#2077,#2078);
#2077 = CARTESIAN_POINT('',(6.28318530718,-0.));
#2078 = VECTOR('',#2079,1.);
#2079 = DIRECTION('',(0.,1.));
#2080 = ( GEOMETRIC_REPRESENTATION_CONTEXT(2) 
PARAMETRIC_REPRESENTATION_CONTEXT() REPRESENTATION_CONTEXT('2D SPACE',''
  ) );
#2081 = PCURVE('',#264,#2082);
#2082 = DEFINITIONAL_REPRESENTATION('',(#2083),#2087);
#2083 = LINE('',#2084,#2085);
#2084 = CARTESIAN_POINT('',(0.,-0.));
#2085 = VECTOR('',#2086,1.);
#2086 = DIRECTION('',(0.,1.));
#2087 = ( GEOMETRIC_REPRESENTATION_CONTEXT(2) 
PARAMETRIC_REPRESENTATION_CONTEXT() REPRESENTATION_CONTEXT('2D SPACE',''
  ) );
#2088 = ORIENTED_EDGE('',*,*,#247,.T.);
#2089 = ORIENTED_EDGE('',*,*,#2068,.T.);
#2090 = ORIENTED_EDGE('',*,*,#2091,.T.);
#2091 = EDGE_CURVE('',#1797,#1744,#2092,.T.);
#2092 = SURFACE_CURVE('',#2093,(#2180,#2270),.PCURVE_S1.);
#2093 = B_SPLINE_CURVE_WITH_KNOTS('',7,(#2094,#2095,#2096,#2097,#2098,
    #2099,#2100,#2101,#2102,#2103,#2104,#2105,#2106,#2107,#2108,#2109,
    #2110,#2111,#2112,#2113,#2114,#2115,#2116,#2117,#2118,#2119,#2120,
    #2121,#2122,#2123,#2124,#2125,#2126,#2127,#2128,#2129,#2130,#2131,
    #2132,#2133,#2134,#2135,#2136,#2137,#2138,#2139,#2140,#2141,#2142,
    #2143,#2144,#2145,#2146,#2147,#2148,#2149,#2150,#2151,#2152,#2153,
    #2154,#2155,#2156,#2157,#2158,#2159,#2160,#2161,#2162,#2163,#2164,
    #2165,#2166,#2167,#2168,#2169,#2170,#2171,#2172,#2173,#2174,#2175,
    #2176,#2177,#2178,#2179),.UNSPECIFIED.,.F.,.F.,(8,6,6,6,6,6,6,6,6,6,
    6,6,6,6,8),(0.,0.167970944187,0.211943319077,0.289225066698,
    0.350257501306,0.383613494722,0.420305038257,0.49999664415,
    0.57975956309,0.616333951714,0.649527659652,0.710045544853,
    0.78834720956,0.831542072601,1.),.UNSPECIFIED.);
#2094 = CARTESIAN_POINT('',(-44.8,-31.90328663106,101.66427714083));
#2095 = CARTESIAN_POINT('',(-44.8,-31.90328663106,101.49786121026));
#2096 = CARTESIAN_POINT('',(-44.78846066606,-31.89601134236,
    101.33101889222));
#2097 = CARTESIAN_POINT('',(-44.76527598285,-31.88139299629,
    101.16503306299));
#2098 = CARTESIAN_POINT('',(-44.7305717513,-31.85889829382,
    101.00123668194));
#2099 = CARTESIAN_POINT('',(-44.68473876859,-31.82750157657,
    100.84099149029));
#2100 = CARTESIAN_POINT('',(-44.62846619285,-31.78567684958,
    100.68569268645));
#2101 = CARTESIAN_POINT('',(-44.54581481111,-31.71707369429,
    100.49781220882));
#2102 = CARTESIAN_POINT('',(-44.52805066529,-31.70199425134,
    100.45930783058));
#2103 = CARTESIAN_POINT('',(-44.50970509985,-31.68604268808,
    100.42132860677));
#2104 = CARTESIAN_POINT('',(-44.49081685438,-31.66919324798,
    100.38392058586));
#2105 = CARTESIAN_POINT('',(-44.47142822026,-31.65142051781,
    100.34712635898));
#2106 = CARTESIAN_POINT('',(-44.45158470402,-31.63269959337,
    100.31098508572));
#2107 = CARTESIAN_POINT('',(-44.39574515468,-31.57839505227,
    100.21322439494));
#2108 = CARTESIAN_POINT('',(-44.35887539633,-31.54075628451,
    100.15300046229));
#2109 = CARTESIAN_POINT('',(-44.3210592547,-31.50002299746,
    100.0951902463));
#2110 = CARTESIAN_POINT('',(-44.28266661178,-31.45616283837,
    100.04005020541));
#2111 = CARTESIAN_POINT('',(-44.2440888429,-31.40918649708,
    99.987771902007));
#2112 = CARTESIAN_POINT('',(-44.20572426722,-31.35915615687,
    99.938490172141));
#2113 = CARTESIAN_POINT('',(-44.13814251324,-31.26436760434,
    99.85580622582));
#2114 = CARTESIAN_POINT('',(-44.10872611611,-31.22075206672,
    99.821278189458));
#2115 = CARTESIAN_POINT('',(-44.07990228204,-31.17540874964,
    99.788739313603));
#2116 = CARTESIAN_POINT('',(-44.05185553358,-31.12842254427,
    99.758204773245));
#2117 = CARTESIAN_POINT('',(-44.02476191995,-31.07990239566,
    99.729674547109));
#2118 = CARTESIAN_POINT('',(-43.99878389628,-31.02998188278,
    99.703135173811));
#2119 = CARTESIAN_POINT('',(-43.96055572103,-30.95085823759,
    99.665131287822));
#2120 = CARTESIAN_POINT('',(-43.94741958613,-30.92252010348,
    99.652285503845));
#2121 = CARTESIAN_POINT('',(-43.93467684191,-30.89382308539,
    99.640016622183));
#2122 = CARTESIAN_POINT('',(-43.92234622618,-30.864786144,
    99.628316980304));
#2123 = CARTESIAN_POINT('',(-43.91044517087,-30.83542951154,
    99.617178787022));
#2124 = CARTESIAN_POINT('',(-43.89898980205,-30.80577469176,
    99.606594122508));
#2125 = CARTESIAN_POINT('',(-43.87590060774,-30.74292124918,
    99.585511850444));
#2126 = CARTESIAN_POINT('',(-43.86436328222,-30.70966446123,
    99.575128728555));
#2127 = CARTESIAN_POINT('',(-43.85339978873,-30.67609679502,
    99.565392361254));
#2128 = CARTESIAN_POINT('',(-43.8430253241,-30.64224179959,
    99.556290238955));
#2129 = CARTESIAN_POINT('',(-43.83325345665,-30.60812387412,
    99.547810553837));
#2130 = CARTESIAN_POINT('',(-43.8240961261,-30.57376826791,
    99.539942199849));
#2131 = CARTESIAN_POINT('',(-43.79703165613,-30.46412343536,
    99.516890401609));
#2132 = CARTESIAN_POINT('',(-43.78145140395,-30.38806448229,
    99.503944395798));
#2133 = CARTESIAN_POINT('',(-43.76890739821,-30.31122046313,
    99.493712947691));
#2134 = CARTESIAN_POINT('',(-43.7594613594,-30.23379017695,
    99.486103028332));
#2135 = CARTESIAN_POINT('',(-43.75315286549,-30.15597459598,
    99.481052102094));
#2136 = CARTESIAN_POINT('',(-43.75,-30.07797648152,99.478527841395));
#2137 = CARTESIAN_POINT('',(-43.75,-29.92195374022,99.478527841395));
#2138 = CARTESIAN_POINT('',(-43.7531585112,-29.84388574186,
    99.48105662208));
#2139 = CARTESIAN_POINT('',(-43.75947831247,-29.76600075707,
    99.486116601749));
#2140 = CARTESIAN_POINT('',(-43.7689412544,-29.6885021242,
    99.493740223121));
#2141 = CARTESIAN_POINT('',(-43.78150760844,-29.61159138171,
    99.503990239722));
#2142 = CARTESIAN_POINT('',(-43.79711541608,-29.53546788204,
    99.516960002284));
#2143 = CARTESIAN_POINT('',(-43.82419234469,-29.42587404441,
    99.540024958905));
#2144 = CARTESIAN_POINT('',(-43.83332562049,-29.39163015258,
    99.547873372183));
#2145 = CARTESIAN_POINT('',(-43.84306943892,-29.35762258028,
    99.556329294654));
#2146 = CARTESIAN_POINT('',(-43.853411966,-29.32387633646,
    99.565403729093));
#2147 = CARTESIAN_POINT('',(-43.86433976023,-29.29041558881,
    99.57510837136));
#2148 = CARTESIAN_POINT('',(-43.87583777263,-29.25726366373,
    99.585455610404));
#2149 = CARTESIAN_POINT('',(-43.89882695759,-29.19465613732,
    99.606444413341));
#2150 = CARTESIAN_POINT('',(-43.9102206871,-29.16514186237,
    99.616970414941));
#2151 = CARTESIAN_POINT('',(-43.92205594498,-29.13592264898,
    99.628044468171));
#2152 = CARTESIAN_POINT('',(-43.93431686123,-29.10701967866,
    99.639674385355));
#2153 = CARTESIAN_POINT('',(-43.94698628612,-29.07845288697,
    99.651867856038));
#2154 = CARTESIAN_POINT('',(-43.96004579019,-29.05024096351,
    99.664632446981));
#2155 = CARTESIAN_POINT('',(-43.99796065339,-28.97164491276,
    99.702302487698));
#2156 = CARTESIAN_POINT('',(-44.02368586123,-28.92210739704,
    99.728561297934));
#2157 = CARTESIAN_POINT('',(-44.05051150727,-28.87394348478,
    99.756776768808));
#2158 = CARTESIAN_POINT('',(-44.0782797354,-28.82728355585,
    99.786962435759));
#2159 = CARTESIAN_POINT('',(-44.10681949995,-28.78223423715,
    99.819118953817));
#2160 = CARTESIAN_POINT('',(-44.13595145171,-28.73887894974,
    99.853232417692));
#2161 = CARTESIAN_POINT('',(-44.2037152208,-28.64345324557,
    99.935903734348));
#2162 = CARTESIAN_POINT('',(-44.24257688084,-28.59263073693,
    99.985704117592));
#2163 = CARTESIAN_POINT('',(-44.28167164139,-28.54494069144,
    100.03858595633));
#2164 = CARTESIAN_POINT('',(-44.32058483565,-28.50044937512,
    100.09441038478));
#2165 = CARTESIAN_POINT('',(-44.35890885471,-28.45916858553,
    100.15297880589));
#2166 = CARTESIAN_POINT('',(-44.39625870957,-28.42106467842,
    100.21402415073));
#2167 = CARTESIAN_POINT('',(-44.4521628116,-28.36676156507,
    100.31205407232));
#2168 = CARTESIAN_POINT('',(-44.47164440384,-28.34839309621,
    100.34756938478));
#2169 = CARTESIAN_POINT('',(-44.49068618928,-28.33093904691,
    100.38371408975));
#2170 = CARTESIAN_POINT('',(-44.50924514036,-28.31437587269,
    100.42045099365));
#2171 = CARTESIAN_POINT('',(-44.52728138244,-28.29867962568,
    100.45773969468));
#2172 = CARTESIAN_POINT('',(-44.54475819391,-28.28382595462,
    100.49553658285));
#2173 = CARTESIAN_POINT('',(-44.6274880768,-28.21505095297,
    100.68300023709));
#2174 = CARTESIAN_POINT('',(-44.68407360869,-28.17295409,100.83867093704
    ));
#2175 = CARTESIAN_POINT('',(-44.73017014449,-28.14136185111,
    100.99934077669));
#2176 = CARTESIAN_POINT('',(-44.76507665825,-28.11873269608,
    101.16359893249));
#2177 = CARTESIAN_POINT('',(-44.78839552269,-28.10402972309,
    101.33006635262));
#2178 = CARTESIAN_POINT('',(-44.8,-28.09671336893,101.49739215255));
#2179 = CARTESIAN_POINT('',(-44.8,-28.09671336893,101.66427714083));
#2180 = PCURVE('',#264,#2181);
#2181 = DEFINITIONAL_REPRESENTATION('',(#2182),#2269);
#2182 = B_SPLINE_CURVE_WITH_KNOTS('',7,(#2183,#2184,#2185,#2186,#2187,
    #2188,#2189,#2190,#2191,#2192,#2193,#2194,#2195,#2196,#2197,#2198,
    #2199,#2200,#2201,#2202,#2203,#2204,#2205,#2206,#2207,#2208,#2209,
    #2210,#2211,#2212,#2213,#2214,#2215,#2216,#2217,#2218,#2219,#2220,
    #2221,#2222,#2223,#2224,#2225,#2226,#2227,#2228,#2229,#2230,#2231,
    #2232,#2233,#2234,#2235,#2236,#2237,#2238,#2239,#2240,#2241,#2242,
    #2243,#2244,#2245,#2246,#2247,#2248,#2249,#2250,#2251,#2252,#2253,
    #2254,#2255,#2256,#2257,#2258,#2259,#2260,#2261,#2262,#2263,#2264,
    #2265,#2266,#2267,#2268),.UNSPECIFIED.,.F.,.F.,(8,6,6,6,6,6,6,6,6,6,
    6,6,6,6,8),(0.,0.167970944187,0.211943319077,0.289225066698,
    0.350257501306,0.383613494722,0.420305038257,0.49999664415,
    0.57975956309,0.616333951714,0.649527659652,0.710045544853,
    0.78834720956,0.831542072601,1.),.UNSPECIFIED.);
#2183 = CARTESIAN_POINT('',(6.28318530718,1.096713368933));
#2184 = CARTESIAN_POINT('',(6.223751046261,1.096713368933));
#2185 = CARTESIAN_POINT('',(6.164164476615,1.103988657634));
#2186 = CARTESIAN_POINT('',(6.104541054715,1.118607003704));
#2187 = CARTESIAN_POINT('',(6.045005300939,1.141101706178));
#2188 = CARTESIAN_POINT('',(5.985708067333,1.17249842343));
#2189 = CARTESIAN_POINT('',(5.926846922233,1.21432315042));
#2190 = CARTESIAN_POINT('',(5.853540947609,1.282926305704));
#2191 = CARTESIAN_POINT('',(5.83839884593,1.298005748654));
#2192 = CARTESIAN_POINT('',(5.823339055413,1.313957311916));
#2193 = CARTESIAN_POINT('',(5.80837669055,1.330806752014));
#2194 = CARTESIAN_POINT('',(5.793526612027,1.348579482189));
#2195 = CARTESIAN_POINT('',(5.778803509681,1.367300406626));
#2196 = CARTESIAN_POINT('',(5.738594857557,1.42160494773));
#2197 = CARTESIAN_POINT('',(5.713387460431,1.459243715482));
#2198 = CARTESIAN_POINT('',(5.688733030192,1.499977002531));
#2199 = CARTESIAN_POINT('',(5.664753915438,1.54383716163));
#2200 = CARTESIAN_POINT('',(5.641562787183,1.590813502918));
#2201 = CARTESIAN_POINT('',(5.619263848798,1.640843843125));
#2202 = CARTESIAN_POINT('',(5.581124856801,1.735632395655));
#2203 = CARTESIAN_POINT('',(5.564928331065,1.77924793328));
#2204 = CARTESIAN_POINT('',(5.549407930484,1.824591250353));
#2205 = CARTESIAN_POINT('',(5.534604532187,1.871577455721));
#2206 = CARTESIAN_POINT('',(5.520555410054,1.920097604335));
#2207 = CARTESIAN_POINT('',(5.507293216071,1.970018117212));
#2208 = CARTESIAN_POINT('',(5.488041630089,2.049141762401));
#2209 = CARTESIAN_POINT('',(5.481480004967,2.077479896516));
#2210 = CARTESIAN_POINT('',(5.475162781377,2.106176914608));
#2211 = CARTESIAN_POINT('',(5.469092418777,2.135213855995));
#2212 = CARTESIAN_POINT('',(5.463271141038,2.164570488457));
#2213 = CARTESIAN_POINT('',(5.457700936436,2.194225308231));
#2214 = CARTESIAN_POINT('',(5.446534448848,2.257078750816));
#2215 = CARTESIAN_POINT('',(5.44099115775,2.290335538768));
#2216 = CARTESIAN_POINT('',(5.435754655831,2.323903204977));
#2217 = CARTESIAN_POINT('',(5.430825753635,2.357758200405));
#2218 = CARTESIAN_POINT('',(5.426205100779,2.39187612588));
#2219 = CARTESIAN_POINT('',(5.421893185959,2.426231732087));
#2220 = CARTESIAN_POINT('',(5.409196413626,2.535876564635));
#2221 = CARTESIAN_POINT('',(5.401962279502,2.611935517708));
#2222 = CARTESIAN_POINT('',(5.396181370136,2.688779536869));
#2223 = CARTESIAN_POINT('',(5.391849221838,2.766209823041));
#2224 = CARTESIAN_POINT('',(5.388962914314,2.844025404016));
#2225 = CARTESIAN_POINT('',(5.387520513322,2.922023518473));
#2226 = CARTESIAN_POINT('',(5.387520513322,3.078046259773));
#2227 = CARTESIAN_POINT('',(5.38896549694,3.156114258134));
#2228 = CARTESIAN_POINT('',(5.39185697827,3.233999242924));
#2229 = CARTESIAN_POINT('',(5.396196897573,3.311497875792));
#2230 = CARTESIAN_POINT('',(5.401988181756,3.388408618287));
#2231 = CARTESIAN_POINT('',(5.409235304858,3.46453211796));
#2232 = CARTESIAN_POINT('',(5.421938511744,3.57412595559));
#2233 = CARTESIAN_POINT('',(5.426239269325,3.608369847417));
#2234 = CARTESIAN_POINT('',(5.430846794792,3.642377419716));
#2235 = CARTESIAN_POINT('',(5.435760602964,3.676123663533));
#2236 = CARTESIAN_POINT('',(5.440980049965,3.709584411188));
#2237 = CARTESIAN_POINT('',(5.446504333222,3.742736336269));
#2238 = CARTESIAN_POINT('',(5.457621935518,3.805343862677));
#2239 = CARTESIAN_POINT('',(5.463161754482,3.834858137625));
#2240 = CARTESIAN_POINT('',(5.468950225526,3.864077351013));
#2241 = CARTESIAN_POINT('',(5.474985395587,3.892980321331));
#2242 = CARTESIAN_POINT('',(5.481265081366,3.921547113022));
#2243 = CARTESIAN_POINT('',(5.487786869328,3.949759036482));
#2244 = CARTESIAN_POINT('',(5.506875040213,4.028355087235));
#2245 = CARTESIAN_POINT('',(5.520002503501,4.077892602959));
#2246 = CARTESIAN_POINT('',(5.533904295539,4.126056515218));
#2247 = CARTESIAN_POINT('',(5.548548771964,4.172716444141));
#2248 = CARTESIAN_POINT('',(5.563899831728,4.217765762844));
#2249 = CARTESIAN_POINT('',(5.579917894748,4.261121050255));
#2250 = CARTESIAN_POINT('',(5.618094570163,4.356546754429));
#2251 = CARTESIAN_POINT('',(5.640648559834,4.407369263061));
#2252 = CARTESIAN_POINT('',(5.664122298647,4.455059308559));
#2253 = CARTESIAN_POINT('',(5.688407570423,4.499550624876));
#2254 = CARTESIAN_POINT('',(5.71338721326,4.54083141447));
#2255 = CARTESIAN_POINT('',(5.738933840083,4.578935321574));
#2256 = CARTESIAN_POINT('',(5.779237429947,4.633238434924));
#2257 = CARTESIAN_POINT('',(5.793702405978,4.651606903781));
#2258 = CARTESIAN_POINT('',(5.808289720009,4.669060953089));
#2259 = CARTESIAN_POINT('',(5.822985407713,4.68562412731));
#2260 = CARTESIAN_POINT('',(5.83777530771,4.701320374312));
#2261 = CARTESIAN_POINT('',(5.852645061558,4.716174045372));
#2262 = CARTESIAN_POINT('',(5.925826112537,4.784949047021));
#2263 = CARTESIAN_POINT('',(5.984849250113,4.827045909994));
#2264 = CARTESIAN_POINT('',(6.044316237658,4.858638148881));
#2265 = CARTESIAN_POINT('',(6.104025962648,4.881267303912));
#2266 = CARTESIAN_POINT('',(6.163824282268,4.895970276909));
#2267 = CARTESIAN_POINT('',(6.223583525652,4.903286631067));
#2268 = CARTESIAN_POINT('',(6.28318530718,4.903286631067));
#2269 = ( GEOMETRIC_REPRESENTATION_CONTEXT(2) 
PARAMETRIC_REPRESENTATION_CONTEXT() REPRESENTATION_CONTEXT('2D SPACE',''
  ) );
#2270 = PCURVE('',#437,#2271);
#2271 = DEFINITIONAL_REPRESENTATION('',(#2272),#2359);
#2272 = B_SPLINE_CURVE_WITH_KNOTS('',7,(#2273,#2274,#2275,#2276,#2277,
    #2278,#2279,#2280,#2281,#2282,#2283,#2284,#2285,#2286,#2287,#2288,
    #2289,#2290,#2291,#2292,#2293,#2294,#2295,#2296,#2297,#2298,#2299,
    #2300,#2301,#2302,#2303,#2304,#2305,#2306,#2307,#2308,#2309,#2310,
    #2311,#2312,#2313,#2314,#2315,#2316,#2317,#2318,#2319,#2320,#2321,
    #2322,#2323,#2324,#2325,#2326,#2327,#2328,#2329,#2330,#2331,#2332,
    #2333,#2334,#2335,#2336,#2337,#2338,#2339,#2340,#2341,#2342,#2343,
    #2344,#2345,#2346,#2347,#2348,#2349,#2350,#2351,#2352,#2353,#2354,
    #2355,#2356,#2357,#2358),.UNSPECIFIED.,.F.,.F.,(8,6,6,6,6,6,6,6,6,6,
    6,6,6,6,8),(0.,0.167970944187,0.211943319077,0.289225066698,
    0.350257501306,0.383613494722,0.420305038257,0.49999664415,
    0.57975956309,0.616333951714,0.649527659652,0.710045544853,
    0.78834720956,0.831542072601,1.),.UNSPECIFIED.);
#2273 = CARTESIAN_POINT('',(2.133332571339,101.66427714083));
#2274 = CARTESIAN_POINT('',(2.133332571339,101.49786121026));
#2275 = CARTESIAN_POINT('',(2.13939533837,101.33101889222));
#2276 = CARTESIAN_POINT('',(2.151577143159,101.16503306299));
#2277 = CARTESIAN_POINT('',(2.169955904594,101.00123668194));
#2278 = CARTESIAN_POINT('',(2.194630566319,100.84099149029));
#2279 = CARTESIAN_POINT('',(2.225747416032,100.68569268645));
#2280 = CARTESIAN_POINT('',(2.273486715925,100.49781220882));
#2281 = CARTESIAN_POINT('',(2.283842254246,100.45930783058));
#2282 = CARTESIAN_POINT('',(2.294645775933,100.42132860677));
#2283 = CARTESIAN_POINT('',(2.305893582165,100.38392058586));
#2284 = CARTESIAN_POINT('',(2.317581447485,100.34712635898));
#2285 = CARTESIAN_POINT('',(2.329704820965,100.31098508572));
#2286 = CARTESIAN_POINT('',(2.364323130417,100.21322439494));
#2287 = CARTESIAN_POINT('',(2.387733439993,100.15300046229));
#2288 = CARTESIAN_POINT('',(2.412421192073,100.0951902463));
#2289 = CARTESIAN_POINT('',(2.438306536679,100.04005020541));
#2290 = CARTESIAN_POINT('',(2.465299922342,99.987771902007));
#2291 = CARTESIAN_POINT('',(2.493303480575,99.938490172141));
#2292 = CARTESIAN_POINT('',(2.545042928785,99.85580622582));
#2293 = CARTESIAN_POINT('',(2.568416564974,99.821278189458));
#2294 = CARTESIAN_POINT('',(2.592281858147,99.788739313603));
#2295 = CARTESIAN_POINT('',(2.616584316318,99.758204773245));
#2296 = CARTESIAN_POINT('',(2.641266208268,99.729674547109));
#2297 = CARTESIAN_POINT('',(2.666266355565,99.703135173811));
#2298 = CARTESIAN_POINT('',(2.705321731535,99.665131287822));
#2299 = CARTESIAN_POINT('',(2.719202024002,99.652285503845));
#2300 = CARTESIAN_POINT('',(2.733154207418,99.640016622183));
#2301 = CARTESIAN_POINT('',(2.747171571011,99.628316980304));
#2302 = CARTESIAN_POINT('',(2.761247287792,99.617178787022));
#2303 = CARTESIAN_POINT('',(2.775374414551,99.606594122508));
#2304 = CARTESIAN_POINT('',(2.805134495988,99.585511850444));
#2305 = CARTESIAN_POINT('',(2.820776868995,99.575128728555));
#2306 = CARTESIAN_POINT('',(2.836467225839,99.565392361254));
#2307 = CARTESIAN_POINT('',(2.852199774647,99.556290238955));
#2308 = CARTESIAN_POINT('',(2.867968716716,99.547810553837));
#2309 = CARTESIAN_POINT('',(2.883768246511,99.539942199849));
#2310 = CARTESIAN_POINT('',(2.933961895884,99.516890401609));
#2311 = CARTESIAN_POINT('',(2.968440276095,99.503944395798));
#2312 = CARTESIAN_POINT('',(3.003000353771,99.493712947691));
#2313 = CARTESIAN_POINT('',(3.037617927607,99.486103028332));
#2314 = CARTESIAN_POINT('',(3.072270599343,99.481052102094));
#2315 = CARTESIAN_POINT('',(3.106936439578,99.478527841395));
#2316 = CARTESIAN_POINT('',(3.176279880155,99.478527841395));
#2317 = CARTESIAN_POINT('',(3.210976779971,99.48105662208));
#2318 = CARTESIAN_POINT('',(3.245660480435,99.486116601749));
#2319 = CARTESIAN_POINT('',(3.280308979652,99.493740223121));
#2320 = CARTESIAN_POINT('',(3.31489980565,99.503990239722));
#2321 = CARTESIAN_POINT('',(3.3494086756,99.516960002284));
#2322 = CARTESIAN_POINT('',(3.399581649112,99.540024958905));
#2323 = CARTESIAN_POINT('',(3.415330476205,99.547873372183));
#2324 = CARTESIAN_POINT('',(3.431048876825,99.556329294654));
#2325 = CARTESIAN_POINT('',(3.446731099036,99.565403729093));
#2326 = CARTESIAN_POINT('',(3.462371398455,99.57510837136));
#2327 = CARTESIAN_POINT('',(3.477964038251,99.585455610404));
#2328 = CARTESIAN_POINT('',(3.507606200375,99.606444413341));
#2329 = CARTESIAN_POINT('',(3.521665216548,99.616970414941));
#2330 = CARTESIAN_POINT('',(3.535673390193,99.628044468171));
#2331 = CARTESIAN_POINT('',(3.549623888155,99.639674385355));
#2332 = CARTESIAN_POINT('',(3.563509991605,99.651867856038));
#2333 = CARTESIAN_POINT('',(3.577325096037,99.664632446981));
#2334 = CARTESIAN_POINT('',(3.616108765873,99.702302487698));
#2335 = CARTESIAN_POINT('',(3.640906328594,99.728561297934));
#2336 = CARTESIAN_POINT('',(3.665392339196,99.756776768808));
#2337 = CARTESIAN_POINT('',(3.689507265749,99.786962435759));
#2338 = CARTESIAN_POINT('',(3.713194897498,99.819118953817));
#2339 = CARTESIAN_POINT('',(3.736402137755,99.853232417692));
#2340 = CARTESIAN_POINT('',(3.788419216467,99.935903734348));
#2341 = CARTESIAN_POINT('',(3.816835835698,99.985704117592));
#2342 = CARTESIAN_POINT('',(3.844219173981,100.03858595633));
#2343 = CARTESIAN_POINT('',(3.870467066402,100.09441038478));
#2344 = CARTESIAN_POINT('',(3.895486126434,100.15297880589));
#2345 = CARTESIAN_POINT('',(3.919193208748,100.21402415073));
#2346 = CARTESIAN_POINT('',(3.953831649519,100.31205407232));
#2347 = CARTESIAN_POINT('',(3.96573066879,100.34756938478));
#2348 = CARTESIAN_POINT('',(3.977209265781,100.38371408975));
#2349 = CARTESIAN_POINT('',(3.98826317532,100.42045099365));
#2350 = CARTESIAN_POINT('',(3.998888531128,100.45773969468));
#2351 = CARTESIAN_POINT('',(4.009081865815,100.49553658285));
#2352 = CARTESIAN_POINT('',(4.056896806143,100.68300023709));
#2353 = CARTESIAN_POINT('',(4.088196651992,100.83867093704));
#2354 = CARTESIAN_POINT('',(4.113016759802,100.99934077669));
#2355 = CARTESIAN_POINT('',(4.131503425965,101.16359893249));
#2356 = CARTESIAN_POINT('',(4.143755746086,101.33006635262));
#2357 = CARTESIAN_POINT('',(4.149852735841,101.49739215255));
#2358 = CARTESIAN_POINT('',(4.149852735841,101.66427714083));
#2359 = ( GEOMETRIC_REPRESENTATION_CONTEXT(2) 
PARAMETRIC_REPRESENTATION_CONTEXT() REPRESENTATION_CONTEXT('2D SPACE',''
  ) );
#2360 = ADVANCED_FACE('',(#2361,#2415),#295,.F.);
#2361 = FACE_BOUND('',#2362,.F.);
#2362 = EDGE_LOOP('',(#2363,#2386,#2413,#2414));
#2363 = ORIENTED_EDGE('',*,*,#2364,.T.);
#2364 = EDGE_CURVE('',#279,#2365,#2367,.T.);
#2365 = VERTEX_POINT('',#2366);
#2366 = CARTESIAN_POINT('',(39.2,-23.9,13.664277140834));
#2367 = SEAM_CURVE('',#2368,(#2372,#2379),.PCURVE_S1.);
#2368 = LINE('',#2369,#2370);
#2369 = CARTESIAN_POINT('',(39.2,-33.,13.664277140834));
#2370 = VECTOR('',#2371,1.);
#2371 = DIRECTION('',(0.,1.,0.));
#2372 = PCURVE('',#295,#2373);
#2373 = DEFINITIONAL_REPRESENTATION('',(#2374),#2378);
#2374 = LINE('',#2375,#2376);
#2375 = CARTESIAN_POINT('',(6.28318530718,-0.));
#2376 = VECTOR('',#2377,1.);
#2377 = DIRECTION('',(0.,1.));
#2378 = ( GEOMETRIC_REPRESENTATION_CONTEXT(2) 
PARAMETRIC_REPRESENTATION_CONTEXT() REPRESENTATION_CONTEXT('2D SPACE',''
  ) );
#2379 = PCURVE('',#295,#2380);
#2380 = DEFINITIONAL_REPRESENTATION('',(#2381),#2385);
#2381 = LINE('',#2382,#2383);
#2382 = CARTESIAN_POINT('',(0.,-0.));
#2383 = VECTOR('',#2384,1.);
#2384 = DIRECTION('',(0.,1.));
#2385 = ( GEOMETRIC_REPRESENTATION_CONTEXT(2) 
PARAMETRIC_REPRESENTATION_CONTEXT() REPRESENTATION_CONTEXT('2D SPACE',''
  ) );
#2386 = ORIENTED_EDGE('',*,*,#2387,.F.);
#2387 = EDGE_CURVE('',#2365,#2365,#2388,.T.);
#2388 = SURFACE_CURVE('',#2389,(#2394,#2401),.PCURVE_S1.);
#2389 = CIRCLE('',#2390,2.8);
#2390 = AXIS2_PLACEMENT_3D('',#2391,#2392,#2393);
#2391 = CARTESIAN_POINT('',(42.,-23.9,13.664277140834));
#2392 = DIRECTION('',(0.,1.,-0.));
#2393 = DIRECTION('',(-1.,0.,0.));
#2394 = PCURVE('',#295,#2395);
#2395 = DEFINITIONAL_REPRESENTATION('',(#2396),#2400);
#2396 = LINE('',#2397,#2398);
#2397 = CARTESIAN_POINT('',(0.,9.1));
#2398 = VECTOR('',#2399,1.);
#2399 = DIRECTION('',(1.,0.));
#2400 = ( GEOMETRIC_REPRESENTATION_CONTEXT(2) 
PARAMETRIC_REPRESENTATION_CONTEXT() REPRESENTATION_CONTEXT('2D SPACE',''
  ) );
#2401 = PCURVE('',#2402,#2407);
#2402 = PLANE('',#2403);
#2403 = AXIS2_PLACEMENT_3D('',#2404,#2405,#2406);
#2404 = CARTESIAN_POINT('',(42.,-23.9,13.664277140834));
#2405 = DIRECTION('',(0.,1.,0.));
#2406 = DIRECTION('',(-1.,0.,0.));
#2407 = DEFINITIONAL_REPRESENTATION('',(#2408),#2412);
#2408 = CIRCLE('',#2409,2.8);
#2409 = AXIS2_PLACEMENT_2D('',#2410,#2411);
#2410 = CARTESIAN_POINT('',(0.,0.));
#2411 = DIRECTION('',(1.,0.));
#2412 = ( GEOMETRIC_REPRESENTATION_CONTEXT(2) 
PARAMETRIC_REPRESENTATION_CONTEXT() REPRESENTATION_CONTEXT('2D SPACE',''
  ) );
#2413 = ORIENTED_EDGE('',*,*,#2364,.F.);
#2414 = ORIENTED_EDGE('',*,*,#278,.T.);
#2415 = FACE_BOUND('',#2416,.F.);
#2416 = EDGE_LOOP('',(#2417,#2649));
#2417 = ORIENTED_EDGE('',*,*,#2418,.F.);
#2418 = EDGE_CURVE('',#2419,#2421,#2423,.T.);
#2419 = VERTEX_POINT('',#2420);
#2420 = CARTESIAN_POINT('',(43.75,-30.,15.850026440274));
#2421 = VERTEX_POINT('',#2422);
#2422 = CARTESIAN_POINT('',(43.75,-30.,11.478527841395));
#2423 = SURFACE_CURVE('',#2424,(#2497,#2573),.PCURVE_S1.);
#2424 = B_SPLINE_CURVE_WITH_KNOTS('',6,(#2425,#2426,#2427,#2428,#2429,
    #2430,#2431,#2432,#2433,#2434,#2435,#2436,#2437,#2438,#2439,#2440,
    #2441,#2442,#2443,#2444,#2445,#2446,#2447,#2448,#2449,#2450,#2451,
    #2452,#2453,#2454,#2455,#2456,#2457,#2458,#2459,#2460,#2461,#2462,
    #2463,#2464,#2465,#2466,#2467,#2468,#2469,#2470,#2471,#2472,#2473,
    #2474,#2475,#2476,#2477,#2478,#2479,#2480,#2481,#2482,#2483,#2484,
    #2485,#2486,#2487,#2488,#2489,#2490,#2491,#2492,#2493,#2494,#2495,
    #2496),.UNSPECIFIED.,.F.,.F.,(7,5,5,5,5,5,5,5,5,5,5,5,5,5,7),(0.,
    0.11647084663,0.14967487237,0.210211572732,0.288537581621,
    0.331745874053,0.380645101881,0.500000037566,0.619354973252,
    0.66825420108,0.711462488166,0.789788477293,0.850325162381,
    0.883529180133,1.),.UNSPECIFIED.);
#2425 = CARTESIAN_POINT('',(43.75,-30.,15.850026440274));
#2426 = CARTESIAN_POINT('',(43.75,-30.13273706919,15.850026440274));
#2427 = CARTESIAN_POINT('',(43.759396851784,-30.26568272395,
    15.842502743991));
#2428 = CARTESIAN_POINT('',(43.778246043051,-30.3976185453,
    15.827412221185));
#2429 = CARTESIAN_POINT('',(43.806322029584,-30.52732943595,
    15.804433987671));
#2430 = CARTESIAN_POINT('',(43.843128759401,-30.65365834529,
    15.772961540889));
#2431 = CARTESIAN_POINT('',(43.900649893566,-30.81030834976,
    15.720445553393));
#2432 = CARTESIAN_POINT('',(43.914049004519,-30.84467805311,
    15.708039192108));
#2433 = CARTESIAN_POINT('',(43.928061149154,-30.87862682181,
    15.694862780695));
#2434 = CARTESIAN_POINT('',(43.942657809267,-30.91211831711,
    15.680902718455));
#2435 = CARTESIAN_POINT('',(43.957807478886,-30.94511910337,
    15.666145692851));
#2436 = CARTESIAN_POINT('',(44.002041484912,-31.03681449376,
    15.622197313048));
#2437 = CARTESIAN_POINT('',(44.032343611762,-31.09432384663,
    15.591111252009));
#2438 = CARTESIAN_POINT('',(44.064137428911,-31.14985601665,
    15.557277208499));
#2439 = CARTESIAN_POINT('',(44.097136144072,-31.20319701412,
    15.520678029124));
#2440 = CARTESIAN_POINT('',(44.131027889677,-31.25418763464,
    15.481328574671));
#2441 = CARTESIAN_POINT('',(44.210085620284,-31.36551762284,
    15.38487870524));
#2442 = CARTESIAN_POINT('',(44.25557338507,-31.42410991914,
    15.326038747611));
#2443 = CARTESIAN_POINT('',(44.30124533364,-31.47827135061,
    15.262915508624));
#2444 = CARTESIAN_POINT('',(44.346370838347,-31.52792299055,
    15.195781747907));
#2445 = CARTESIAN_POINT('',(44.390253895644,-31.57310247425,
    15.125059795432));
#2446 = CARTESIAN_POINT('',(44.455475348017,-31.6364561065,
    15.010691553584));
#2447 = CARTESIAN_POINT('',(44.478112026171,-31.65766722269,
    14.969102234208));
#2448 = CARTESIAN_POINT('',(44.500116811627,-31.67760625088,
    14.926643660197));
#2449 = CARTESIAN_POINT('',(44.521416245342,-31.6963146292,
    14.883382791776));
#2450 = CARTESIAN_POINT('',(44.541944225216,-31.71383473707,
    14.839394074995));
#2451 = CARTESIAN_POINT('',(44.583934168557,-31.74874181443,
    14.744246010657));
#2452 = CARTESIAN_POINT('',(44.605164262553,-31.76580797003,
    14.692903094576));
#2453 = CARTESIAN_POINT('',(44.625266112712,-31.78148555532,
    14.640808395299));
#2454 = CARTESIAN_POINT('',(44.644183316235,-31.79584597542,
    14.588043056096));
#2455 = CARTESIAN_POINT('',(44.66186924288,-31.80895484721,
    14.534691661686));
#2456 = CARTESIAN_POINT('',(44.718360152815,-31.84995979874,
    14.349404692953));
#2457 = CARTESIAN_POINT('',(44.750856219578,-31.87193184833,
    14.215071245746));
#2458 = CARTESIAN_POINT('',(44.775397832163,-31.88777546177,
    14.07865709971));
#2459 = CARTESIAN_POINT('',(44.791805374158,-31.89811995528,
    13.940914631373));
#2460 = CARTESIAN_POINT('',(44.8,-31.90328663106,13.802555570676));
#2461 = CARTESIAN_POINT('',(44.8,-31.90328663106,13.525998710993));
#2462 = CARTESIAN_POINT('',(44.791805374158,-31.89811995528,
    13.387639650296));
#2463 = CARTESIAN_POINT('',(44.775397832163,-31.88777546177,
    13.249897181959));
#2464 = CARTESIAN_POINT('',(44.750856219578,-31.87193184833,
    13.113483035922));
#2465 = CARTESIAN_POINT('',(44.718360152815,-31.84995979874,
    12.979149588716));
#2466 = CARTESIAN_POINT('',(44.66186924288,-31.80895484721,
    12.793862619982));
#2467 = CARTESIAN_POINT('',(44.644183316235,-31.79584597542,
    12.740511225573));
#2468 = CARTESIAN_POINT('',(44.625266112712,-31.78148555532,
    12.68774588637));
#2469 = CARTESIAN_POINT('',(44.605164262553,-31.76580797003,
    12.635651187093));
#2470 = CARTESIAN_POINT('',(44.583934168557,-31.74874181443,
    12.584308271011));
#2471 = CARTESIAN_POINT('',(44.541944227653,-31.71383473909,
    12.489160212196));
#2472 = CARTESIAN_POINT('',(44.5214162444,-31.6963146282,12.445171488567
    ));
#2473 = CARTESIAN_POINT('',(44.500116808916,-31.67760624843,
    12.401910616083));
#2474 = CARTESIAN_POINT('',(44.478112025666,-31.65766722239,
    12.359452045901));
#2475 = CARTESIAN_POINT('',(44.455475350999,-31.63645610939,
    12.317862733313));
#2476 = CARTESIAN_POINT('',(44.390253895644,-31.57310247425,
    12.203494486236));
#2477 = CARTESIAN_POINT('',(44.346370838347,-31.52792299055,
    12.132772533762));
#2478 = CARTESIAN_POINT('',(44.30124533364,-31.47827135061,
    12.065638773045));
#2479 = CARTESIAN_POINT('',(44.25557338507,-31.42410991914,
    12.002515534057));
#2480 = CARTESIAN_POINT('',(44.210085620284,-31.36551762284,
    11.943675576428));
#2481 = CARTESIAN_POINT('',(44.131027889677,-31.25418763464,
    11.847225706997));
#2482 = CARTESIAN_POINT('',(44.097136144072,-31.20319701412,
    11.807876252544));
#2483 = CARTESIAN_POINT('',(44.064137428911,-31.14985601665,
    11.771277073169));
#2484 = CARTESIAN_POINT('',(44.032343611762,-31.09432384663,
    11.73744302966));
#2485 = CARTESIAN_POINT('',(44.002041484912,-31.03681449376,
    11.70635696862));
#2486 = CARTESIAN_POINT('',(43.957807478703,-30.94511910299,
    11.662408588635));
#2487 = CARTESIAN_POINT('',(43.942657809296,-30.91211831722,
    11.647651563236));
#2488 = CARTESIAN_POINT('',(43.928061149319,-30.8786268222,
    11.633691501131));
#2489 = CARTESIAN_POINT('',(43.914049004578,-30.84467805321,
    11.620515089622));
#2490 = CARTESIAN_POINT('',(43.90064989342,-30.81030834937,
    11.608108728142));
#2491 = CARTESIAN_POINT('',(43.84312875943,-30.65365834537,
    11.555592740807));
#2492 = CARTESIAN_POINT('',(43.806322029567,-30.52732943594,
    11.52412029398));
#2493 = CARTESIAN_POINT('',(43.778246043034,-30.39761854521,
    11.501142060472));
#2494 = CARTESIAN_POINT('',(43.759396851796,-30.26568272392,
    11.486051537687));
#2495 = CARTESIAN_POINT('',(43.75,-30.13273706928,11.478527841395));
#2496 = CARTESIAN_POINT('',(43.75,-30.,11.478527841395));
#2497 = PCURVE('',#295,#2498);
#2498 = DEFINITIONAL_REPRESENTATION('',(#2499),#2572);
#2499 = B_SPLINE_CURVE_WITH_KNOTS('',6,(#2500,#2501,#2502,#2503,#2504,
    #2505,#2506,#2507,#2508,#2509,#2510,#2511,#2512,#2513,#2514,#2515,
    #2516,#2517,#2518,#2519,#2520,#2521,#2522,#2523,#2524,#2525,#2526,
    #2527,#2528,#2529,#2530,#2531,#2532,#2533,#2534,#2535,#2536,#2537,
    #2538,#2539,#2540,#2541,#2542,#2543,#2544,#2545,#2546,#2547,#2548,
    #2549,#2550,#2551,#2552,#2553,#2554,#2555,#2556,#2557,#2558,#2559,
    #2560,#2561,#2562,#2563,#2564,#2565,#2566,#2567,#2568,#2569,#2570,
    #2571),.UNSPECIFIED.,.F.,.F.,(7,5,5,5,5,5,5,5,5,5,5,5,5,5,7),(0.,
    0.11647084663,0.14967487237,0.210211572732,0.288537581621,
    0.331745874053,0.380645101881,0.500000037566,0.619354973252,
    0.66825420108,0.711462488166,0.789788477293,0.850325162381,
    0.883529180133,1.),.UNSPECIFIED.);
#2500 = CARTESIAN_POINT('',(2.245927859732,3.));
#2501 = CARTESIAN_POINT('',(2.245927859732,2.867262930805));
#2502 = CARTESIAN_POINT('',(2.250227051884,2.734317276041));
#2503 = CARTESIAN_POINT('',(2.25885050356,2.602381454696));
#2504 = CARTESIAN_POINT('',(2.271807053655,2.472670564048));
#2505 = CARTESIAN_POINT('',(2.289093554658,2.346341654707));
#2506 = CARTESIAN_POINT('',(2.316910856337,2.189691650232));
#2507 = CARTESIAN_POINT('',(2.323432398701,2.155321946885));
#2508 = CARTESIAN_POINT('',(2.330301451271,2.121373178185));
#2509 = CARTESIAN_POINT('',(2.337514462276,2.087881682885));
#2510 = CARTESIAN_POINT('',(2.345067341866,2.054880896625));
#2511 = CARTESIAN_POINT('',(2.367336874041,1.963185506237));
#2512 = CARTESIAN_POINT('',(2.382839040259,1.905676153362));
#2513 = CARTESIAN_POINT('',(2.399416093217,1.850143983347));
#2514 = CARTESIAN_POINT('',(2.41700948525,1.796802985874));
#2515 = CARTESIAN_POINT('',(2.435551410357,1.74581236536));
#2516 = CARTESIAN_POINT('',(2.480090865008,1.634482377158));
#2517 = CARTESIAN_POINT('',(2.506641922738,1.575890080852));
#2518 = CARTESIAN_POINT('',(2.534445436797,1.521728649383));
#2519 = CARTESIAN_POINT('',(2.563307556881,1.472077009446));
#2520 = CARTESIAN_POINT('',(2.593012066644,1.426897525741));
#2521 = CARTESIAN_POINT('',(2.640032921484,1.3635438935));
#2522 = CARTESIAN_POINT('',(2.65694048475,1.342332777307));
#2523 = CARTESIAN_POINT('',(2.674014502671,1.322393749114));
#2524 = CARTESIAN_POINT('',(2.691230422728,1.303685370792));
#2525 = CARTESIAN_POINT('',(2.708563232601,1.286165262929));
#2526 = CARTESIAN_POINT('',(2.745706621143,1.251258185563));
#2527 = CARTESIAN_POINT('',(2.765543565276,1.234192029961));
#2528 = CARTESIAN_POINT('',(2.785477459812,1.218514444671));
#2529 = CARTESIAN_POINT('',(2.80548808902,1.204154024576));
#2530 = CARTESIAN_POINT('',(2.825555854196,1.191045152785));
#2531 = CARTESIAN_POINT('',(2.894737001069,1.15004020126));
#2532 = CARTESIAN_POINT('',(2.944012311703,1.128068151665));
#2533 = CARTESIAN_POINT('',(2.993382876103,1.112224538226));
#2534 = CARTESIAN_POINT('',(3.042793584898,1.101880044714));
#2535 = CARTESIAN_POINT('',(3.092207500075,1.096713368933));
#2536 = CARTESIAN_POINT('',(3.190977807105,1.096713368933));
#2537 = CARTESIAN_POINT('',(3.240391722282,1.101880044714));
#2538 = CARTESIAN_POINT('',(3.289802431076,1.112224538226));
#2539 = CARTESIAN_POINT('',(3.339172995476,1.128068151665));
#2540 = CARTESIAN_POINT('',(3.388448306111,1.15004020126));
#2541 = CARTESIAN_POINT('',(3.457629452984,1.191045152785));
#2542 = CARTESIAN_POINT('',(3.47769721816,1.204154024576));
#2543 = CARTESIAN_POINT('',(3.497707847367,1.218514444671));
#2544 = CARTESIAN_POINT('',(3.517641741903,1.234192029961));
#2545 = CARTESIAN_POINT('',(3.537478686037,1.251258185563));
#2546 = CARTESIAN_POINT('',(3.574622072423,1.286165260903));
#2547 = CARTESIAN_POINT('',(3.591954885026,1.303685371792));
#2548 = CARTESIAN_POINT('',(3.609170806666,1.322393751567));
#2549 = CARTESIAN_POINT('',(3.626244823009,1.34233277761));
#2550 = CARTESIAN_POINT('',(3.643152383546,1.363543890603));
#2551 = CARTESIAN_POINT('',(3.690173240536,1.426897525741));
#2552 = CARTESIAN_POINT('',(3.719877750298,1.472077009446));
#2553 = CARTESIAN_POINT('',(3.748739870382,1.521728649383));
#2554 = CARTESIAN_POINT('',(3.776543384442,1.575890080852));
#2555 = CARTESIAN_POINT('',(3.803094442171,1.634482377158));
#2556 = CARTESIAN_POINT('',(3.847633896823,1.74581236536));
#2557 = CARTESIAN_POINT('',(3.866175821929,1.796802985874));
#2558 = CARTESIAN_POINT('',(3.883769213963,1.850143983347));
#2559 = CARTESIAN_POINT('',(3.90034626692,1.905676153362));
#2560 = CARTESIAN_POINT('',(3.915848433138,1.963185506237));
#2561 = CARTESIAN_POINT('',(3.938117965406,2.054880897006));
#2562 = CARTESIAN_POINT('',(3.945670844891,2.087881682774));
#2563 = CARTESIAN_POINT('',(3.952883855827,2.121373177795));
#2564 = CARTESIAN_POINT('',(3.959752908448,2.155321946787));
#2565 = CARTESIAN_POINT('',(3.966274450913,2.18969165063));
#2566 = CARTESIAN_POINT('',(3.994091752508,2.346341654628));
#2567 = CARTESIAN_POINT('',(4.011378253534,2.47267056406));
#2568 = CARTESIAN_POINT('',(4.024334803627,2.602381454781));
#2569 = CARTESIAN_POINT('',(4.03295825529,2.734317276072));
#2570 = CARTESIAN_POINT('',(4.037257447448,2.867262930716));
#2571 = CARTESIAN_POINT('',(4.037257447448,3.));
#2572 = ( GEOMETRIC_REPRESENTATION_CONTEXT(2) 
PARAMETRIC_REPRESENTATION_CONTEXT() REPRESENTATION_CONTEXT('2D SPACE',''
  ) );
#2573 = PCURVE('',#468,#2574);
#2574 = DEFINITIONAL_REPRESENTATION('',(#2575),#2648);
#2575 = B_SPLINE_CURVE_WITH_KNOTS('',6,(#2576,#2577,#2578,#2579,#2580,
    #2581,#2582,#2583,#2584,#2585,#2586,#2587,#2588,#2589,#2590,#2591,
    #2592,#2593,#2594,#2595,#2596,#2597,#2598,#2599,#2600,#2601,#2602,
    #2603,#2604,#2605,#2606,#2607,#2608,#2609,#2610,#2611,#2612,#2613,
    #2614,#2615,#2616,#2617,#2618,#2619,#2620,#2621,#2622,#2623,#2624,
    #2625,#2626,#2627,#2628,#2629,#2630,#2631,#2632,#2633,#2634,#2635,
    #2636,#2637,#2638,#2639,#2640,#2641,#2642,#2643,#2644,#2645,#2646,
    #2647),.UNSPECIFIED.,.F.,.F.,(7,5,5,5,5,5,5,5,5,5,5,5,5,5,7),(0.,
    0.11647084663,0.14967487237,0.210211572732,0.288537581621,
    0.331745874053,0.380645101881,0.500000037566,0.619354973252,
    0.66825420108,0.711462488166,0.789788477293,0.850325162381,
    0.883529180133,1.),.UNSPECIFIED.);
#2576 = CARTESIAN_POINT('',(0.,15.850026440274));
#2577 = CARTESIAN_POINT('',(5.899425297554E-02,15.850026440274));
#2578 = CARTESIAN_POINT('',(0.118081190921,15.842502743991));
#2579 = CARTESIAN_POINT('',(0.17708900387,15.827412221185));
#2580 = CARTESIAN_POINT('',(0.235852562457,15.804433987671));
#2581 = CARTESIAN_POINT('',(0.294196515254,15.772961540889));
#2582 = CARTESIAN_POINT('',(0.368364033055,15.720445553393));
#2583 = CARTESIAN_POINT('',(0.384755975062,15.708039192108));
#2584 = CARTESIAN_POINT('',(0.401074306479,15.694862780695));
#2585 = CARTESIAN_POINT('',(0.417307136972,15.680902718455));
#2586 = CARTESIAN_POINT('',(0.433442840973,15.666145692851));
#2587 = CARTESIAN_POINT('',(0.478690454718,15.622197313048));
#2588 = CARTESIAN_POINT('',(0.507562963118,15.591111252009));
#2589 = CARTESIAN_POINT('',(0.535977227473,15.557277208499));
#2590 = CARTESIAN_POINT('',(0.563831125074,15.520678029124));
#2591 = CARTESIAN_POINT('',(0.591030040996,15.481328574671));
#2592 = CARTESIAN_POINT('',(0.651716632826,15.38487870524));
#2593 = CARTESIAN_POINT('',(0.684653801822,15.326038747611));
#2594 = CARTESIAN_POINT('',(0.716106059319,15.262915508624));
#2595 = CARTESIAN_POINT('',(0.745898884138,15.195781747907));
#2596 = CARTESIAN_POINT('',(0.773879944612,15.125059795432));
#2597 = CARTESIAN_POINT('',(0.814291458844,15.010691553584));
#2598 = CARTESIAN_POINT('',(0.828076637743,14.969102234208));
#2599 = CARTESIAN_POINT('',(0.841271593027,14.926643660197));
#2600 = CARTESIAN_POINT('',(0.853869093334,14.883382791776));
#2601 = CARTESIAN_POINT('',(0.865862838047,14.839394074995));
#2602 = CARTESIAN_POINT('',(0.890131537156,14.744246010657));
#2603 = CARTESIAN_POINT('',(0.90223633725,14.692903094576));
#2604 = CARTESIAN_POINT('',(0.913564546938,14.640808395299));
#2605 = CARTESIAN_POINT('',(0.924119042608,14.588043056096));
#2606 = CARTESIAN_POINT('',(0.933902887679,14.534691661686));
#2607 = CARTESIAN_POINT('',(0.9649269849,14.349404692953));
#2608 = CARTESIAN_POINT('',(0.982351602583,14.215071245746));
#2609 = CARTESIAN_POINT('',(0.995334102526,14.07865709971));
#2610 = CARTESIAN_POINT('',(1.003954521648,13.940914631373));
#2611 = CARTESIAN_POINT('',(1.008260082251,13.802555570676));
#2612 = CARTESIAN_POINT('',(1.008260082251,13.525998710993));
#2613 = CARTESIAN_POINT('',(1.003954521648,13.387639650296));
#2614 = CARTESIAN_POINT('',(0.995334102526,13.249897181959));
#2615 = CARTESIAN_POINT('',(0.982351602583,13.113483035922));
#2616 = CARTESIAN_POINT('',(0.9649269849,12.979149588716));
#2617 = CARTESIAN_POINT('',(0.933902887679,12.793862619982));
#2618 = CARTESIAN_POINT('',(0.924119042608,12.740511225573));
#2619 = CARTESIAN_POINT('',(0.913564546938,12.68774588637));
#2620 = CARTESIAN_POINT('',(0.90223633725,12.635651187093));
#2621 = CARTESIAN_POINT('',(0.890131537156,12.584308271011));
#2622 = CARTESIAN_POINT('',(0.865862839455,12.489160212196));
#2623 = CARTESIAN_POINT('',(0.853869092726,12.445171488567));
#2624 = CARTESIAN_POINT('',(0.841271591401,12.401910616083));
#2625 = CARTESIAN_POINT('',(0.828076637486,12.359452045901));
#2626 = CARTESIAN_POINT('',(0.814291460692,12.317862733313));
#2627 = CARTESIAN_POINT('',(0.773879944612,12.203494486236));
#2628 = CARTESIAN_POINT('',(0.745898884138,12.132772533762));
#2629 = CARTESIAN_POINT('',(0.716106059319,12.065638773045));
#2630 = CARTESIAN_POINT('',(0.684653801822,12.002515534057));
#2631 = CARTESIAN_POINT('',(0.651716632826,11.943675576428));
#2632 = CARTESIAN_POINT('',(0.591030040996,11.847225706997));
#2633 = CARTESIAN_POINT('',(0.563831125074,11.807876252544));
#2634 = CARTESIAN_POINT('',(0.535977227473,11.771277073169));
#2635 = CARTESIAN_POINT('',(0.507562963118,11.73744302966));
#2636 = CARTESIAN_POINT('',(0.478690454718,11.70635696862));
#2637 = CARTESIAN_POINT('',(0.433442840785,11.662408588635));
#2638 = CARTESIAN_POINT('',(0.417307137023,11.647651563236));
#2639 = CARTESIAN_POINT('',(0.401074306668,11.633691501131));
#2640 = CARTESIAN_POINT('',(0.384755975112,11.620515089622));
#2641 = CARTESIAN_POINT('',(0.368364032867,11.608108728142));
#2642 = CARTESIAN_POINT('',(0.294196515291,11.555592740807));
#2643 = CARTESIAN_POINT('',(0.235852562449,11.52412029398));
#2644 = CARTESIAN_POINT('',(0.177089003833,11.501142060472));
#2645 = CARTESIAN_POINT('',(0.118081190908,11.486051537687));
#2646 = CARTESIAN_POINT('',(5.899425301512E-02,11.478527841395));
#2647 = CARTESIAN_POINT('',(0.,11.478527841395));
#2648 = ( GEOMETRIC_REPRESENTATION_CONTEXT(2) 
PARAMETRIC_REPRESENTATION_CONTEXT() REPRESENTATION_CONTEXT('2D SPACE',''
  ) );
#2649 = ORIENTED_EDGE('',*,*,#2650,.F.);
#2650 = EDGE_CURVE('',#2421,#2419,#2651,.T.);
#2651 = SURFACE_CURVE('',#2652,(#2725,#2801),.PCURVE_S1.);
#2652 = B_SPLINE_CURVE_WITH_KNOTS('',6,(#2653,#2654,#2655,#2656,#2657,
    #2658,#2659,#2660,#2661,#2662,#2663,#2664,#2665,#2666,#2667,#2668,
    #2669,#2670,#2671,#2672,#2673,#2674,#2675,#2676,#2677,#2678,#2679,
    #2680,#2681,#2682,#2683,#2684,#2685,#2686,#2687,#2688,#2689,#2690,
    #2691,#2692,#2693,#2694,#2695,#2696,#2697,#2698,#2699,#2700,#2701,
    #2702,#2703,#2704,#2705,#2706,#2707,#2708,#2709,#2710,#2711,#2712,
    #2713,#2714,#2715,#2716,#2717,#2718,#2719,#2720,#2721,#2722,#2723,
    #2724),.UNSPECIFIED.,.F.,.F.,(7,5,5,5,5,5,5,5,5,5,5,5,5,5,7),(0.,
    0.116518961967,0.149885884411,0.210938316182,0.28824538502,
    0.332232167375,0.381445768338,0.49999993491,0.618554101483,
    0.667767711929,0.711754509877,0.78906160612,0.850114059534,
    0.883480994176,1.),.UNSPECIFIED.);
#2653 = CARTESIAN_POINT('',(43.75,-30.,11.478527841395));
#2654 = CARTESIAN_POINT('',(43.75,-29.867210807,11.478527841395));
#2655 = CARTESIAN_POINT('',(43.759404233225,-29.73421266607,
    11.486057448136));
#2656 = CARTESIAN_POINT('',(43.778268305488,-29.60222558329,
    11.501159882415));
#2657 = CARTESIAN_POINT('',(43.806366278073,-29.47246622239,
    11.524156507754));
#2658 = CARTESIAN_POINT('',(43.843201229922,-29.34609305068,
    11.555654715967));
#2659 = CARTESIAN_POINT('',(43.90082227909,-29.18923693624,
    11.608267319888));
#2660 = CARTESIAN_POINT('',(43.914294327607,-29.1547039093,
    11.620743373889));
#2661 = CARTESIAN_POINT('',(43.928385150132,-29.12059631596,
    11.633997185132));
#2662 = CARTESIAN_POINT('',(43.943065764307,-29.08695104607,
    11.648042538276));
#2663 = CARTESIAN_POINT('',(43.958304140731,-29.05380202254,
    11.662892917803));
#2664 = CARTESIAN_POINT('',(44.002903678514,-28.96149110315,
    11.707230784792));
#2665 = CARTESIAN_POINT('',(44.033505216543,-28.90354020477,
    11.738652052056));
#2666 = CARTESIAN_POINT('',(44.065618271391,-28.84760539389,
    11.772869314164));
#2667 = CARTESIAN_POINT('',(44.09894762961,-28.79390572558,
    11.809899312895));
#2668 = CARTESIAN_POINT('',(44.133172332434,-28.74260345244,
    11.849725380928));
#2669 = CARTESIAN_POINT('',(44.212017712081,-28.63201680782,
    11.946189984973));
#2670 = CARTESIAN_POINT('',(44.256917295252,-28.57433218092,
    12.004404668855));
#2671 = CARTESIAN_POINT('',(44.30197859921,-28.52096589712,
    12.06678435788));
#2672 = CARTESIAN_POINT('',(44.346500128743,-28.47199180969,
    12.13306476427));
#2673 = CARTESIAN_POINT('',(44.389813565364,-28.42737347988,
    12.202839707465));
#2674 = CARTESIAN_POINT('',(44.454959706267,-28.36401818193,
    12.316893846703));
#2675 = CARTESIAN_POINT('',(44.478015625892,-28.34240400227,
    12.359219363937));
#2676 = CARTESIAN_POINT('',(44.500417775781,-28.32210881429,
    12.402446502371));
#2677 = CARTESIAN_POINT('',(44.522088198651,-28.30308864204,
    12.446504746049));
#2678 = CARTESIAN_POINT('',(44.542956831963,-28.28529851514,
    12.491315542019));
#2679 = CARTESIAN_POINT('',(44.585345776489,-28.25011440469,
    12.587672735046));
#2680 = CARTESIAN_POINT('',(44.606650291711,-28.23301750228,
    12.639390123609));
#2681 = CARTESIAN_POINT('',(44.626809149243,-28.21732374301,
    12.691865174774));
#2682 = CARTESIAN_POINT('',(44.645765270759,-28.20296049248,
    12.7450151777));
#2683 = CARTESIAN_POINT('',(44.663471582167,-28.1898610806,
    12.798753911518));
#2684 = CARTESIAN_POINT('',(44.719444957449,-28.14930700361,
    12.983648805177));
#2685 = CARTESIAN_POINT('',(44.751511716392,-28.12764505593,
    13.117138892812));
#2686 = CARTESIAN_POINT('',(44.77572627552,-28.11201747209,
    13.252665004126));
#2687 = CARTESIAN_POINT('',(44.791914557899,-28.10181120125,
    13.389491674001));
#2688 = CARTESIAN_POINT('',(44.8,-28.09671336893,13.526923022216));
#2689 = CARTESIAN_POINT('',(44.8,-28.09671336893,13.801631259453));
#2690 = CARTESIAN_POINT('',(44.791914557899,-28.10181120125,
    13.939062607668));
#2691 = CARTESIAN_POINT('',(44.77572627552,-28.11201747209,
    14.075889277542));
#2692 = CARTESIAN_POINT('',(44.751511716392,-28.12764505593,
    14.211415388857));
#2693 = CARTESIAN_POINT('',(44.719444957449,-28.14930700361,
    14.344905476492));
#2694 = CARTESIAN_POINT('',(44.663471579003,-28.18986108289,
    14.529800380603));
#2695 = CARTESIAN_POINT('',(44.645765271742,-28.20296049157,
    14.583539102732));
#2696 = CARTESIAN_POINT('',(44.626809152478,-28.21732374048,
    14.636689098104));
#2697 = CARTESIAN_POINT('',(44.606650292328,-28.23301750194,
    14.689164155048));
#2698 = CARTESIAN_POINT('',(44.585345772868,-28.25011440769,
    14.740881554854));
#2699 = CARTESIAN_POINT('',(44.542956831963,-28.28529851514,
    14.83723873965));
#2700 = CARTESIAN_POINT('',(44.522088198651,-28.30308864204,
    14.882049535619));
#2701 = CARTESIAN_POINT('',(44.500417775781,-28.32210881429,
    14.926107779298));
#2702 = CARTESIAN_POINT('',(44.478015625892,-28.34240400227,
    14.969334917732));
#2703 = CARTESIAN_POINT('',(44.454959706267,-28.36401818193,
    15.011660434966));
#2704 = CARTESIAN_POINT('',(44.389813565364,-28.42737347988,
    15.125714574204));
#2705 = CARTESIAN_POINT('',(44.346500128743,-28.47199180969,
    15.195489517399));
#2706 = CARTESIAN_POINT('',(44.30197859921,-28.52096589712,
    15.261769923788));
#2707 = CARTESIAN_POINT('',(44.256917295252,-28.57433218092,
    15.324149612814));
#2708 = CARTESIAN_POINT('',(44.212017712081,-28.63201680782,
    15.382364296695));
#2709 = CARTESIAN_POINT('',(44.133172332434,-28.74260345244,
    15.478828900741));
#2710 = CARTESIAN_POINT('',(44.09894762961,-28.79390572558,
    15.518654968773));
#2711 = CARTESIAN_POINT('',(44.065618271391,-28.84760539389,
    15.555684967505));
#2712 = CARTESIAN_POINT('',(44.033505216543,-28.90354020477,
    15.589902229613));
#2713 = CARTESIAN_POINT('',(44.002903678514,-28.96149110315,
    15.621323496877));
#2714 = CARTESIAN_POINT('',(43.958304140556,-29.0538020229,
    15.665661364039));
#2715 = CARTESIAN_POINT('',(43.943065764334,-29.08695104596,
    15.680511743371));
#2716 = CARTESIAN_POINT('',(43.928385150289,-29.12059631559,
    15.694557096387));
#2717 = CARTESIAN_POINT('',(43.914294327663,-29.15470390921,
    15.707810907721));
#2718 = CARTESIAN_POINT('',(43.900822278951,-29.18923693662,
    15.720286961908));
#2719 = CARTESIAN_POINT('',(43.843201229922,-29.34609305068,
    15.772899565702));
#2720 = CARTESIAN_POINT('',(43.806366278074,-29.47246622239,
    15.804397773915));
#2721 = CARTESIAN_POINT('',(43.778268305488,-29.60222558329,
    15.827394399253));
#2722 = CARTESIAN_POINT('',(43.759404233225,-29.73421266607,
    15.842496833533));
#2723 = CARTESIAN_POINT('',(43.75,-29.867210807,15.850026440274));
#2724 = CARTESIAN_POINT('',(43.75,-30.,15.850026440274));
#2725 = PCURVE('',#295,#2726);
#2726 = DEFINITIONAL_REPRESENTATION('',(#2727),#2800);
#2727 = B_SPLINE_CURVE_WITH_KNOTS('',6,(#2728,#2729,#2730,#2731,#2732,
    #2733,#2734,#2735,#2736,#2737,#2738,#2739,#2740,#2741,#2742,#2743,
    #2744,#2745,#2746,#2747,#2748,#2749,#2750,#2751,#2752,#2753,#2754,
    #2755,#2756,#2757,#2758,#2759,#2760,#2761,#2762,#2763,#2764,#2765,
    #2766,#2767,#2768,#2769,#2770,#2771,#2772,#2773,#2774,#2775,#2776,
    #2777,#2778,#2779,#2780,#2781,#2782,#2783,#2784,#2785,#2786,#2787,
    #2788,#2789,#2790,#2791,#2792,#2793,#2794,#2795,#2796,#2797,#2798,
    #2799),.UNSPECIFIED.,.F.,.F.,(7,5,5,5,5,5,5,5,5,5,5,5,5,5,7),(0.,
    0.116518961967,0.149885884411,0.210938316182,0.28824538502,
    0.332232167375,0.381445768338,0.49999993491,0.618554101483,
    0.667767711929,0.711754509877,0.78906160612,0.850114059534,
    0.883480994176,1.),.UNSPECIFIED.);
#2728 = CARTESIAN_POINT('',(4.037257447448,3.));
#2729 = CARTESIAN_POINT('',(4.037257447448,3.132789193));
#2730 = CARTESIAN_POINT('',(4.032954878087,3.265787333929));
#2731 = CARTESIAN_POINT('',(4.02432461888,3.397774416705));
#2732 = CARTESIAN_POINT('',(4.011357833826,3.527533777601));
#2733 = CARTESIAN_POINT('',(3.994057714516,3.653906949312));
#2734 = CARTESIAN_POINT('',(3.966190794532,3.810763063757));
#2735 = CARTESIAN_POINT('',(3.959633229804,3.845296090692));
#2736 = CARTESIAN_POINT('',(3.952724776124,3.879403684033));
#2737 = CARTESIAN_POINT('',(3.945469050405,3.913048953929));
#2738 = CARTESIAN_POINT('',(3.937870219275,3.946197977457));
#2739 = CARTESIAN_POINT('',(3.915410035628,4.038508896844));
#2740 = CARTESIAN_POINT('',(3.899747556741,4.096459795229));
#2741 = CARTESIAN_POINT('',(3.882992832451,4.15239460611));
#2742 = CARTESIAN_POINT('',(3.865206294046,4.20609427442));
#2743 = CARTESIAN_POINT('',(3.846457968817,4.257396547557));
#2744 = CARTESIAN_POINT('',(3.801962478153,4.367983192174));
#2745 = CARTESIAN_POINT('',(3.775716251745,4.425667819077));
#2746 = CARTESIAN_POINT('',(3.748254890501,4.479034102878));
#2747 = CARTESIAN_POINT('',(3.719764983984,4.528008190305));
#2748 = CARTESIAN_POINT('',(3.690454291184,4.572626520116));
#2749 = CARTESIAN_POINT('',(3.643544197039,4.635981818067));
#2750 = CARTESIAN_POINT('',(3.626334209407,4.65759599773));
#2751 = CARTESIAN_POINT('',(3.608951565808,4.677891185703));
#2752 = CARTESIAN_POINT('',(3.591422024726,4.696911357958));
#2753 = CARTESIAN_POINT('',(3.57377184008,4.71470148486));
#2754 = CARTESIAN_POINT('',(3.536175821398,4.749885595307));
#2755 = CARTESIAN_POINT('',(3.516205225479,4.766982497717));
#2756 = CARTESIAN_POINT('',(3.496137417015,4.782676256981));
#2757 = CARTESIAN_POINT('',(3.475992923555,4.797039507515));
#2758 = CARTESIAN_POINT('',(3.455791646997,4.810138919394));
#2759 = CARTESIAN_POINT('',(3.386798209308,4.850692996383));
#2760 = CARTESIAN_POINT('',(3.337850002386,4.872354944067));
#2761 = CARTESIAN_POINT('',(3.288809597871,4.887982527901));
#2762 = CARTESIAN_POINT('',(3.239730287304,4.898188798749));
#2763 = CARTESIAN_POINT('',(3.190647695954,4.903286631067));
#2764 = CARTESIAN_POINT('',(3.092537611226,4.903286631067));
#2765 = CARTESIAN_POINT('',(3.043455019876,4.898188798749));
#2766 = CARTESIAN_POINT('',(2.994375709309,4.887982527901));
#2767 = CARTESIAN_POINT('',(2.945335304794,4.872354944067));
#2768 = CARTESIAN_POINT('',(2.896387097871,4.850692996383));
#2769 = CARTESIAN_POINT('',(2.827393656283,4.810138917102));
#2770 = CARTESIAN_POINT('',(2.80719238416,4.797039508429));
#2771 = CARTESIAN_POINT('',(2.787047893516,4.782676259513));
#2772 = CARTESIAN_POINT('',(2.766980082787,4.76698249806));
#2773 = CARTESIAN_POINT('',(2.747009482569,4.749885592301));
#2774 = CARTESIAN_POINT('',(2.7094134671,4.71470148486));
#2775 = CARTESIAN_POINT('',(2.691763282453,4.696911357958));
#2776 = CARTESIAN_POINT('',(2.674233741372,4.677891185703));
#2777 = CARTESIAN_POINT('',(2.656851097773,4.65759599773));
#2778 = CARTESIAN_POINT('',(2.63964111014,4.635981818067));
#2779 = CARTESIAN_POINT('',(2.592731015996,4.572626520116));
#2780 = CARTESIAN_POINT('',(2.563420323196,4.528008190305));
#2781 = CARTESIAN_POINT('',(2.534930416678,4.479034102878));
#2782 = CARTESIAN_POINT('',(2.507469055434,4.425667819077));
#2783 = CARTESIAN_POINT('',(2.481222829027,4.367983192174));
#2784 = CARTESIAN_POINT('',(2.436727338362,4.257396547557));
#2785 = CARTESIAN_POINT('',(2.417979013133,4.20609427442));
#2786 = CARTESIAN_POINT('',(2.400192474729,4.15239460611));
#2787 = CARTESIAN_POINT('',(2.383437750439,4.096459795229));
#2788 = CARTESIAN_POINT('',(2.367775271551,4.038508896844));
#2789 = CARTESIAN_POINT('',(2.345315087817,3.946197977095));
#2790 = CARTESIAN_POINT('',(2.337716256786,3.913048954034));
#2791 = CARTESIAN_POINT('',(2.330460531133,3.879403684403));
#2792 = CARTESIAN_POINT('',(2.323552077405,3.845296090785));
#2793 = CARTESIAN_POINT('',(2.316994512581,3.81076306338));
#2794 = CARTESIAN_POINT('',(2.289127592664,3.653906949312));
#2795 = CARTESIAN_POINT('',(2.271827473354,3.527533777601));
#2796 = CARTESIAN_POINT('',(2.258860688299,3.397774416705));
#2797 = CARTESIAN_POINT('',(2.250230429093,3.265787333929));
#2798 = CARTESIAN_POINT('',(2.245927859732,3.132789193));
#2799 = CARTESIAN_POINT('',(2.245927859732,3.));
#2800 = ( GEOMETRIC_REPRESENTATION_CONTEXT(2) 
PARAMETRIC_REPRESENTATION_CONTEXT() REPRESENTATION_CONTEXT('2D SPACE',''
  ) );
#2801 = PCURVE('',#468,#2802);
#2802 = DEFINITIONAL_REPRESENTATION('',(#2803),#2876);
#2803 = B_SPLINE_CURVE_WITH_KNOTS('',6,(#2804,#2805,#2806,#2807,#2808,
    #2809,#2810,#2811,#2812,#2813,#2814,#2815,#2816,#2817,#2818,#2819,
    #2820,#2821,#2822,#2823,#2824,#2825,#2826,#2827,#2828,#2829,#2830,
    #2831,#2832,#2833,#2834,#2835,#2836,#2837,#2838,#2839,#2840,#2841,
    #2842,#2843,#2844,#2845,#2846,#2847,#2848,#2849,#2850,#2851,#2852,
    #2853,#2854,#2855,#2856,#2857,#2858,#2859,#2860,#2861,#2862,#2863,
    #2864,#2865,#2866,#2867,#2868,#2869,#2870,#2871,#2872,#2873,#2874,
    #2875),.UNSPECIFIED.,.F.,.F.,(7,5,5,5,5,5,5,5,5,5,5,5,5,5,7),(0.,
    0.116518961967,0.149885884411,0.210938316182,0.28824538502,
    0.332232167375,0.381445768338,0.49999993491,0.618554101483,
    0.667767711929,0.711754509877,0.78906160612,0.850114059534,
    0.883480994176,1.),.UNSPECIFIED.);
#2804 = CARTESIAN_POINT('',(6.28318530718,11.478527841395));
#2805 = CARTESIAN_POINT('',(6.224167888068,11.478527841395));
#2806 = CARTESIAN_POINT('',(6.165057622974,11.486057448136));
#2807 = CARTESIAN_POINT('',(6.106026591427,11.501159882415));
#2808 = CARTESIAN_POINT('',(6.047240169753,11.524156507754));
#2809 = CARTESIAN_POINT('',(5.988873970887,11.555654715967));
#2810 = CARTESIAN_POINT('',(5.914605155244,11.608267319888));
#2811 = CARTESIAN_POINT('',(5.89813385582,11.620743373889));
#2812 = CARTESIAN_POINT('',(5.881737001166,11.633997185132));
#2813 = CARTESIAN_POINT('',(5.865426674103,11.648042538276));
#2814 = CARTESIAN_POINT('',(5.849214686274,11.662892917803));
#2815 = CARTESIAN_POINT('',(5.803650080976,11.707230784792));
#2816 = CARTESIAN_POINT('',(5.774542374193,11.738652052056));
#2817 = CARTESIAN_POINT('',(5.74590291667,11.772869314164));
#2818 = CARTESIAN_POINT('',(5.717836638462,11.809899312895));
#2819 = CARTESIAN_POINT('',(5.690440668771,11.849725380928));
#2820 = CARTESIAN_POINT('',(5.630077979192,11.946189984973));
#2821 = CARTESIAN_POINT('',(5.597618414611,12.004404668855));
#2822 = CARTESIAN_POINT('',(5.566609771991,12.06678435788));
#2823 = CARTESIAN_POINT('',(5.537219277198,12.13306476427));
#2824 = CARTESIAN_POINT('',(5.509593134503,12.202839707465));
#2825 = CARTESIAN_POINT('',(5.469205106811,12.316893846703));
#2826 = CARTESIAN_POINT('',(5.455161698766,12.359219363937));
#2827 = CARTESIAN_POINT('',(5.441729638479,12.402446502371));
#2828 = CARTESIAN_POINT('',(5.42891681756,12.446504746049));
#2829 = CARTESIAN_POINT('',(5.416730133495,12.491315542019));
#2830 = CARTESIAN_POINT('',(5.392246350014,12.587672735046));
#2831 = CARTESIAN_POINT('',(5.380107220622,12.639390123609));
#2832 = CARTESIAN_POINT('',(5.368754623789,12.691865174774));
#2833 = CARTESIAN_POINT('',(5.358185591134,12.7450151777));
#2834 = CARTESIAN_POINT('',(5.348396959515,12.798753911518));
#2835 = CARTESIAN_POINT('',(5.317676710349,12.983648805177));
#2836 = CARTESIAN_POINT('',(5.300486963539,13.117138892812));
#2837 = CARTESIAN_POINT('',(5.287678648226,13.252665004126));
#2838 = CARTESIAN_POINT('',(5.279173416434,13.389491674001));
#2839 = CARTESIAN_POINT('',(5.274925224929,13.526923022216));
#2840 = CARTESIAN_POINT('',(5.274925224929,13.801631259453));
#2841 = CARTESIAN_POINT('',(5.279173416434,13.939062607668));
#2842 = CARTESIAN_POINT('',(5.287678648226,14.075889277542));
#2843 = CARTESIAN_POINT('',(5.300486963539,14.211415388857));
#2844 = CARTESIAN_POINT('',(5.317676710349,14.344905476492));
#2845 = CARTESIAN_POINT('',(5.348396961251,14.529800380603));
#2846 = CARTESIAN_POINT('',(5.35818559054,14.583539102732));
#2847 = CARTESIAN_POINT('',(5.368754621962,14.636689098104));
#2848 = CARTESIAN_POINT('',(5.380107220312,14.689164155048));
#2849 = CARTESIAN_POINT('',(5.392246352106,14.740881554854));
#2850 = CARTESIAN_POINT('',(5.416730133495,14.83723873965));
#2851 = CARTESIAN_POINT('',(5.42891681756,14.882049535619));
#2852 = CARTESIAN_POINT('',(5.441729638479,14.926107779298));
#2853 = CARTESIAN_POINT('',(5.455161698766,14.969334917732));
#2854 = CARTESIAN_POINT('',(5.469205106811,15.011660434966));
#2855 = CARTESIAN_POINT('',(5.509593134503,15.125714574204));
#2856 = CARTESIAN_POINT('',(5.537219277198,15.195489517399));
#2857 = CARTESIAN_POINT('',(5.566609771991,15.261769923788));
#2858 = CARTESIAN_POINT('',(5.597618414611,15.324149612814));
#2859 = CARTESIAN_POINT('',(5.630077979192,15.382364296695));
#2860 = CARTESIAN_POINT('',(5.690440668771,15.478828900741));
#2861 = CARTESIAN_POINT('',(5.717836638462,15.518654968773));
#2862 = CARTESIAN_POINT('',(5.74590291667,15.555684967505));
#2863 = CARTESIAN_POINT('',(5.774542374193,15.589902229613));
#2864 = CARTESIAN_POINT('',(5.803650080976,15.621323496877));
#2865 = CARTESIAN_POINT('',(5.849214686452,15.665661364039));
#2866 = CARTESIAN_POINT('',(5.865426674055,15.680511743371));
#2867 = CARTESIAN_POINT('',(5.881737000987,15.694557096387));
#2868 = CARTESIAN_POINT('',(5.898133855773,15.707810907721));
#2869 = CARTESIAN_POINT('',(5.914605155423,15.720286961908));
#2870 = CARTESIAN_POINT('',(5.988873970887,15.772899565702));
#2871 = CARTESIAN_POINT('',(6.047240169753,15.804397773915));
#2872 = CARTESIAN_POINT('',(6.106026591428,15.827394399253));
#2873 = CARTESIAN_POINT('',(6.165057622974,15.842496833533));
#2874 = CARTESIAN_POINT('',(6.224167888068,15.850026440274));
#2875 = CARTESIAN_POINT('',(6.28318530718,15.850026440274));
#2876 = ( GEOMETRIC_REPRESENTATION_CONTEXT(2) 
PARAMETRIC_REPRESENTATION_CONTEXT() REPRESENTATION_CONTEXT('2D SPACE',''
  ) );
#2877 = ADVANCED_FACE('',(#2878),#326,.F.);
#2878 = FACE_BOUND('',#2879,.T.);
#2879 = EDGE_LOOP('',(#2880,#2905,#2926,#2927,#2928,#2951,#2972,#2996,
    #3022,#3045,#3066,#3090));
#2880 = ORIENTED_EDGE('',*,*,#2881,.F.);
#2881 = EDGE_CURVE('',#2882,#2884,#2886,.T.);
#2882 = VERTEX_POINT('',#2883);
#2883 = CARTESIAN_POINT('',(36.,0.,62.));
#2884 = VERTEX_POINT('',#2885);
#2885 = CARTESIAN_POINT('',(29.,0.,83.330729007702));
#2886 = SURFACE_CURVE('',#2887,(#2892,#2899),.PCURVE_S1.);
#2887 = CIRCLE('',#2888,36.);
#2888 = AXIS2_PLACEMENT_3D('',#2889,#2890,#2891);
#2889 = CARTESIAN_POINT('',(0.,0.,62.));
#2890 = DIRECTION('',(0.,-1.,0.));
#2891 = DIRECTION('',(1.,0.,0.));
#2892 = PCURVE('',#326,#2893);
#2893 = DEFINITIONAL_REPRESENTATION('',(#2894),#2898);
#2894 = LINE('',#2895,#2896);
#2895 = CARTESIAN_POINT('',(-0.,0.));
#2896 = VECTOR('',#2897,1.);
#2897 = DIRECTION('',(-1.,0.));
#2898 = ( GEOMETRIC_REPRESENTATION_CONTEXT(2) 
PARAMETRIC_REPRESENTATION_CONTEXT() REPRESENTATION_CONTEXT('2D SPACE',''
  ) );
#2899 = PCURVE('',#825,#2900);
#2900 = DEFINITIONAL_REPRESENTATION('',(#2901),#2904);
#2901 = B_SPLINE_CURVE_WITH_KNOTS('',1,(#2902,#2903),.UNSPECIFIED.,.F.,
  .F.,(2,2),(0.,6.28318530718),.PIECEWISE_BEZIER_KNOTS.);
#2902 = CARTESIAN_POINT('',(0.,0.));
#2903 = CARTESIAN_POINT('',(6.28318530718,0.));
#2904 = ( GEOMETRIC_REPRESENTATION_CONTEXT(2) 
PARAMETRIC_REPRESENTATION_CONTEXT() REPRESENTATION_CONTEXT('2D SPACE',''
  ) );
#2905 = ORIENTED_EDGE('',*,*,#2906,.T.);
#2906 = EDGE_CURVE('',#2882,#310,#2907,.T.);
#2907 = SEAM_CURVE('',#2908,(#2912,#2919),.PCURVE_S1.);
#2908 = LINE('',#2909,#2910);
#2909 = CARTESIAN_POINT('',(36.,0.,62.));
#2910 = VECTOR('',#2911,1.);
#2911 = DIRECTION('',(0.,-1.,0.));
#2912 = PCURVE('',#326,#2913);
#2913 = DEFINITIONAL_REPRESENTATION('',(#2914),#2918);
#2914 = LINE('',#2915,#2916);
#2915 = CARTESIAN_POINT('',(-6.28318530718,0.));
#2916 = VECTOR('',#2917,1.);
#2917 = DIRECTION('',(-0.,-1.));
#2918 = ( GEOMETRIC_REPRESENTATION_CONTEXT(2) 
PARAMETRIC_REPRESENTATION_CONTEXT() REPRESENTATION_CONTEXT('2D SPACE',''
  ) );
#2919 = PCURVE('',#326,#2920);
#2920 = DEFINITIONAL_REPRESENTATION('',(#2921),#2925);
#2921 = LINE('',#2922,#2923);
#2922 = CARTESIAN_POINT('',(-0.,0.));
#2923 = VECTOR('',#2924,1.);
#2924 = DIRECTION('',(-0.,-1.));
#2925 = ( GEOMETRIC_REPRESENTATION_CONTEXT(2) 
PARAMETRIC_REPRESENTATION_CONTEXT() REPRESENTATION_CONTEXT('2D SPACE',''
  ) );
#2926 = ORIENTED_EDGE('',*,*,#309,.F.);
#2927 = ORIENTED_EDGE('',*,*,#2906,.F.);
#2928 = ORIENTED_EDGE('',*,*,#2929,.F.);
#2929 = EDGE_CURVE('',#2930,#2882,#2932,.T.);
#2930 = VERTEX_POINT('',#2931);
#2931 = CARTESIAN_POINT('',(3.,0.,26.125217770696));
#2932 = SURFACE_CURVE('',#2933,(#2938,#2945),.PCURVE_S1.);
#2933 = CIRCLE('',#2934,36.);
#2934 = AXIS2_PLACEMENT_3D('',#2935,#2936,#2937);
#2935 = CARTESIAN_POINT('',(0.,0.,62.));
#2936 = DIRECTION('',(0.,-1.,0.));
#2937 = DIRECTION('',(1.,0.,0.));
#2938 = PCURVE('',#326,#2939);
#2939 = DEFINITIONAL_REPRESENTATION('',(#2940),#2944);
#2940 = LINE('',#2941,#2942);
#2941 = CARTESIAN_POINT('',(-0.,0.));
#2942 = VECTOR('',#2943,1.);
#2943 = DIRECTION('',(-1.,0.));
#2944 = ( GEOMETRIC_REPRESENTATION_CONTEXT(2) 
PARAMETRIC_REPRESENTATION_CONTEXT() REPRESENTATION_CONTEXT('2D SPACE',''
  ) );
#2945 = PCURVE('',#825,#2946);
#2946 = DEFINITIONAL_REPRESENTATION('',(#2947),#2950);
#2947 = B_SPLINE_CURVE_WITH_KNOTS('',1,(#2948,#2949),.UNSPECIFIED.,.F.,
  .F.,(2,2),(0.,6.28318530718),.PIECEWISE_BEZIER_KNOTS.);
#2948 = CARTESIAN_POINT('',(0.,0.));
#2949 = CARTESIAN_POINT('',(6.28318530718,0.));
#2950 = ( GEOMETRIC_REPRESENTATION_CONTEXT(2) 
PARAMETRIC_REPRESENTATION_CONTEXT() REPRESENTATION_CONTEXT('2D SPACE',''
  ) );
#2951 = ORIENTED_EDGE('',*,*,#2952,.F.);
#2952 = EDGE_CURVE('',#2953,#2930,#2955,.T.);
#2953 = VERTEX_POINT('',#2954);
#2954 = CARTESIAN_POINT('',(3.,-24.,26.125217770696));
#2955 = SURFACE_CURVE('',#2956,(#2960,#2966),.PCURVE_S1.);
#2956 = LINE('',#2957,#2958);
#2957 = CARTESIAN_POINT('',(3.,0.,26.125217770696));
#2958 = VECTOR('',#2959,1.);
#2959 = DIRECTION('',(-0.,1.,-0.));
#2960 = PCURVE('',#326,#2961);
#2961 = DEFINITIONAL_REPRESENTATION('',(#2962),#2965);
#2962 = B_SPLINE_CURVE_WITH_KNOTS('',1,(#2963,#2964),.UNSPECIFIED.,.F.,
  .F.,(2,2),(-28.8,6.E-07),.PIECEWISE_BEZIER_KNOTS.);
#2963 = CARTESIAN_POINT('',(-4.795819066995,-28.8));
#2964 = CARTESIAN_POINT('',(-4.795819066995,6.E-07));
#2965 = ( GEOMETRIC_REPRESENTATION_CONTEXT(2) 
PARAMETRIC_REPRESENTATION_CONTEXT() REPRESENTATION_CONTEXT('2D SPACE',''
  ) );
#2966 = PCURVE('',#1027,#2967);
#2967 = DEFINITIONAL_REPRESENTATION('',(#2968),#2971);
#2968 = B_SPLINE_CURVE_WITH_KNOTS('',1,(#2969,#2970),.UNSPECIFIED.,.F.,
  .F.,(2,2),(-28.8,6.E-07),.PIECEWISE_BEZIER_KNOTS.);
#2969 = CARTESIAN_POINT('',(26.125217770696,4.8));
#2970 = CARTESIAN_POINT('',(26.125217770696,-24.0000006));
#2971 = ( GEOMETRIC_REPRESENTATION_CONTEXT(2) 
PARAMETRIC_REPRESENTATION_CONTEXT() REPRESENTATION_CONTEXT('2D SPACE',''
  ) );
#2972 = ORIENTED_EDGE('',*,*,#2973,.T.);
#2973 = EDGE_CURVE('',#2953,#2974,#2976,.T.);
#2974 = VERTEX_POINT('',#2975);
#2975 = CARTESIAN_POINT('',(-31.17691453624,-24.,44.));
#2976 = SURFACE_CURVE('',#2977,(#2982,#2989),.PCURVE_S1.);
#2977 = CIRCLE('',#2978,36.);
#2978 = AXIS2_PLACEMENT_3D('',#2979,#2980,#2981);
#2979 = CARTESIAN_POINT('',(0.,-24.,62.));
#2980 = DIRECTION('',(-0.,1.,0.));
#2981 = DIRECTION('',(1.,0.,0.));
#2982 = PCURVE('',#326,#2983);
#2983 = DEFINITIONAL_REPRESENTATION('',(#2984),#2988);
#2984 = LINE('',#2985,#2986);
#2985 = CARTESIAN_POINT('',(-6.28318530718,-24.));
#2986 = VECTOR('',#2987,1.);
#2987 = DIRECTION('',(1.,-0.));
#2988 = ( GEOMETRIC_REPRESENTATION_CONTEXT(2) 
PARAMETRIC_REPRESENTATION_CONTEXT() REPRESENTATION_CONTEXT('2D SPACE',''
  ) );
#2989 = PCURVE('',#1053,#2990);
#2990 = DEFINITIONAL_REPRESENTATION('',(#2991),#2995);
#2991 = CIRCLE('',#2992,36.);
#2992 = AXIS2_PLACEMENT_2D('',#2993,#2994);
#2993 = CARTESIAN_POINT('',(62.,51.));
#2994 = DIRECTION('',(0.,1.));
#2995 = ( GEOMETRIC_REPRESENTATION_CONTEXT(2) 
PARAMETRIC_REPRESENTATION_CONTEXT() REPRESENTATION_CONTEXT('2D SPACE',''
  ) );
#2996 = ORIENTED_EDGE('',*,*,#2997,.T.);
#2997 = EDGE_CURVE('',#2974,#2998,#3000,.T.);
#2998 = VERTEX_POINT('',#2999);
#2999 = CARTESIAN_POINT('',(-31.17691453624,0.,44.));
#3000 = SURFACE_CURVE('',#3001,(#3005,#3011),.PCURVE_S1.);
#3001 = LINE('',#3002,#3003);
#3002 = CARTESIAN_POINT('',(-31.17691453624,0.,44.));
#3003 = VECTOR('',#3004,1.);
#3004 = DIRECTION('',(-0.,1.,-0.));
#3005 = PCURVE('',#326,#3006);
#3006 = DEFINITIONAL_REPRESENTATION('',(#3007),#3010);
#3007 = B_SPLINE_CURVE_WITH_KNOTS('',1,(#3008,#3009),.UNSPECIFIED.,.F.,
  .F.,(2,2),(-28.8,6.E-07),.PIECEWISE_BEZIER_KNOTS.);
#3008 = CARTESIAN_POINT('',(-3.665191429188,-28.8));
#3009 = CARTESIAN_POINT('',(-3.665191429188,6.E-07));
#3010 = ( GEOMETRIC_REPRESENTATION_CONTEXT(2) 
PARAMETRIC_REPRESENTATION_CONTEXT() REPRESENTATION_CONTEXT('2D SPACE',''
  ) );
#3011 = PCURVE('',#3012,#3017);
#3012 = PLANE('',#3013);
#3013 = AXIS2_PLACEMENT_3D('',#3014,#3015,#3016);
#3014 = CARTESIAN_POINT('',(-51.,-24.,44.));
#3015 = DIRECTION('',(0.,0.,1.));
#3016 = DIRECTION('',(1.,0.,0.));
#3017 = DEFINITIONAL_REPRESENTATION('',(#3018),#3021);
#3018 = B_SPLINE_CURVE_WITH_KNOTS('',1,(#3019,#3020),.UNSPECIFIED.,.F.,
  .F.,(2,2),(-28.8,6.E-07),.PIECEWISE_BEZIER_KNOTS.);
#3019 = CARTESIAN_POINT('',(19.82308546376,-4.8));
#3020 = CARTESIAN_POINT('',(19.82308546376,24.0000006));
#3021 = ( GEOMETRIC_REPRESENTATION_CONTEXT(2) 
PARAMETRIC_REPRESENTATION_CONTEXT() REPRESENTATION_CONTEXT('2D SPACE',''
  ) );
#3022 = ORIENTED_EDGE('',*,*,#3023,.F.);
#3023 = EDGE_CURVE('',#3024,#2998,#3026,.T.);
#3024 = VERTEX_POINT('',#3025);
#3025 = CARTESIAN_POINT('',(-29.,0.,83.330729007702));
#3026 = SURFACE_CURVE('',#3027,(#3032,#3039),.PCURVE_S1.);
#3027 = CIRCLE('',#3028,36.);
#3028 = AXIS2_PLACEMENT_3D('',#3029,#3030,#3031);
#3029 = CARTESIAN_POINT('',(0.,0.,62.));
#3030 = DIRECTION('',(0.,-1.,0.));
#3031 = DIRECTION('',(1.,0.,0.));
#3032 = PCURVE('',#326,#3033);
#3033 = DEFINITIONAL_REPRESENTATION('',(#3034),#3038);
#3034 = LINE('',#3035,#3036);
#3035 = CARTESIAN_POINT('',(-0.,0.));
#3036 = VECTOR('',#3037,1.);
#3037 = DIRECTION('',(-1.,0.));
#3038 = ( GEOMETRIC_REPRESENTATION_CONTEXT(2) 
PARAMETRIC_REPRESENTATION_CONTEXT() REPRESENTATION_CONTEXT('2D SPACE',''
  ) );
#3039 = PCURVE('',#825,#3040);
#3040 = DEFINITIONAL_REPRESENTATION('',(#3041),#3044);
#3041 = B_SPLINE_CURVE_WITH_KNOTS('',1,(#3042,#3043),.UNSPECIFIED.,.F.,
  .F.,(2,2),(0.,6.28318530718),.PIECEWISE_BEZIER_KNOTS.);
#3042 = CARTESIAN_POINT('',(0.,0.));
#3043 = CARTESIAN_POINT('',(6.28318530718,0.));
#3044 = ( GEOMETRIC_REPRESENTATION_CONTEXT(2) 
PARAMETRIC_REPRESENTATION_CONTEXT() REPRESENTATION_CONTEXT('2D SPACE',''
  ) );
#3045 = ORIENTED_EDGE('',*,*,#3046,.F.);
#3046 = EDGE_CURVE('',#3047,#3024,#3049,.T.);
#3047 = VERTEX_POINT('',#3048);
#3048 = CARTESIAN_POINT('',(-29.,-24.,83.330729007702));
#3049 = SURFACE_CURVE('',#3050,(#3054,#3060),.PCURVE_S1.);
#3050 = LINE('',#3051,#3052);
#3051 = CARTESIAN_POINT('',(-29.,0.,83.330729007702));
#3052 = VECTOR('',#3053,1.);
#3053 = DIRECTION('',(-0.,1.,-0.));
#3054 = PCURVE('',#326,#3055);
#3055 = DEFINITIONAL_REPRESENTATION('',(#3056),#3059);
#3056 = B_SPLINE_CURVE_WITH_KNOTS('',1,(#3057,#3058),.UNSPECIFIED.,.F.,
  .F.,(2,2),(-28.8,6.E-07),.PIECEWISE_BEZIER_KNOTS.);
#3057 = CARTESIAN_POINT('',(-2.507408812766,-28.8));
#3058 = CARTESIAN_POINT('',(-2.507408812766,6.E-07));
#3059 = ( GEOMETRIC_REPRESENTATION_CONTEXT(2) 
PARAMETRIC_REPRESENTATION_CONTEXT() REPRESENTATION_CONTEXT('2D SPACE',''
  ) );
#3060 = PCURVE('',#556,#3061);
#3061 = DEFINITIONAL_REPRESENTATION('',(#3062),#3065);
#3062 = B_SPLINE_CURVE_WITH_KNOTS('',1,(#3063,#3064),.UNSPECIFIED.,.F.,
  .F.,(2,2),(-28.8,6.E-07),.PIECEWISE_BEZIER_KNOTS.);
#3063 = CARTESIAN_POINT('',(11.330729007702,4.8));
#3064 = CARTESIAN_POINT('',(11.330729007702,-24.0000006));
#3065 = ( GEOMETRIC_REPRESENTATION_CONTEXT(2) 
PARAMETRIC_REPRESENTATION_CONTEXT() REPRESENTATION_CONTEXT('2D SPACE',''
  ) );
#3066 = ORIENTED_EDGE('',*,*,#3067,.T.);
#3067 = EDGE_CURVE('',#3047,#3068,#3070,.T.);
#3068 = VERTEX_POINT('',#3069);
#3069 = CARTESIAN_POINT('',(29.,-24.,83.330729007702));
#3070 = SURFACE_CURVE('',#3071,(#3076,#3083),.PCURVE_S1.);
#3071 = CIRCLE('',#3072,36.);
#3072 = AXIS2_PLACEMENT_3D('',#3073,#3074,#3075);
#3073 = CARTESIAN_POINT('',(0.,-24.,62.));
#3074 = DIRECTION('',(-0.,1.,0.));
#3075 = DIRECTION('',(1.,0.,0.));
#3076 = PCURVE('',#326,#3077);
#3077 = DEFINITIONAL_REPRESENTATION('',(#3078),#3082);
#3078 = LINE('',#3079,#3080);
#3079 = CARTESIAN_POINT('',(-6.28318530718,-24.));
#3080 = VECTOR('',#3081,1.);
#3081 = DIRECTION('',(1.,-0.));
#3082 = ( GEOMETRIC_REPRESENTATION_CONTEXT(2) 
PARAMETRIC_REPRESENTATION_CONTEXT() REPRESENTATION_CONTEXT('2D SPACE',''
  ) );
#3083 = PCURVE('',#530,#3084);
#3084 = DEFINITIONAL_REPRESENTATION('',(#3085),#3089);
#3085 = CIRCLE('',#3086,36.);
#3086 = AXIS2_PLACEMENT_2D('',#3087,#3088);
#3087 = CARTESIAN_POINT('',(-10.,29.));
#3088 = DIRECTION('',(0.,1.));
#3089 = ( GEOMETRIC_REPRESENTATION_CONTEXT(2) 
PARAMETRIC_REPRESENTATION_CONTEXT() REPRESENTATION_CONTEXT('2D SPACE',''
  ) );
#3090 = ORIENTED_EDGE('',*,*,#3091,.T.);
#3091 = EDGE_CURVE('',#3068,#2884,#3092,.T.);
#3092 = SURFACE_CURVE('',#3093,(#3097,#3103),.PCURVE_S1.);
#3093 = LINE('',#3094,#3095);
#3094 = CARTESIAN_POINT('',(29.,0.,83.330729007702));
#3095 = VECTOR('',#3096,1.);
#3096 = DIRECTION('',(-0.,1.,-0.));
#3097 = PCURVE('',#326,#3098);
#3098 = DEFINITIONAL_REPRESENTATION('',(#3099),#3102);
#3099 = B_SPLINE_CURVE_WITH_KNOTS('',1,(#3100,#3101),.UNSPECIFIED.,.F.,
  .F.,(2,2),(-28.8,6.E-07),.PIECEWISE_BEZIER_KNOTS.);
#3100 = CARTESIAN_POINT('',(-0.634183840824,-28.8));
#3101 = CARTESIAN_POINT('',(-0.634183840824,6.E-07));
#3102 = ( GEOMETRIC_REPRESENTATION_CONTEXT(2) 
PARAMETRIC_REPRESENTATION_CONTEXT() REPRESENTATION_CONTEXT('2D SPACE',''
  ) );
#3103 = PCURVE('',#606,#3104);
#3104 = DEFINITIONAL_REPRESENTATION('',(#3105),#3108);
#3105 = B_SPLINE_CURVE_WITH_KNOTS('',1,(#3106,#3107),.UNSPECIFIED.,.F.,
  .F.,(2,2),(-28.8,6.E-07),.PIECEWISE_BEZIER_KNOTS.);
#3106 = CARTESIAN_POINT('',(11.330729007702,4.8));
#3107 = CARTESIAN_POINT('',(11.330729007702,-24.0000006));
#3108 = ( GEOMETRIC_REPRESENTATION_CONTEXT(2) 
PARAMETRIC_REPRESENTATION_CONTEXT() REPRESENTATION_CONTEXT('2D SPACE',''
  ) );
#3109 = ADVANCED_FACE('',(#3110,#3164),#357,.F.);
#3110 = FACE_BOUND('',#3111,.F.);
#3111 = EDGE_LOOP('',(#3112,#3135,#3162,#3163));
#3112 = ORIENTED_EDGE('',*,*,#3113,.T.);
#3113 = EDGE_CURVE('',#341,#3114,#3116,.T.);
#3114 = VERTEX_POINT('',#3115);
#3115 = CARTESIAN_POINT('',(39.2,-23.9,101.66427714083));
#3116 = SEAM_CURVE('',#3117,(#3121,#3128),.PCURVE_S1.);
#3117 = LINE('',#3118,#3119);
#3118 = CARTESIAN_POINT('',(39.2,-33.,101.66427714083));
#3119 = VECTOR('',#3120,1.);
#3120 = DIRECTION('',(0.,1.,0.));
#3121 = PCURVE('',#357,#3122);
#3122 = DEFINITIONAL_REPRESENTATION('',(#3123),#3127);
#3123 = LINE('',#3124,#3125);
#3124 = CARTESIAN_POINT('',(6.28318530718,-0.));
#3125 = VECTOR('',#3126,1.);
#3126 = DIRECTION('',(0.,1.));
#3127 = ( GEOMETRIC_REPRESENTATION_CONTEXT(2) 
PARAMETRIC_REPRESENTATION_CONTEXT() REPRESENTATION_CONTEXT('2D SPACE',''
  ) );
#3128 = PCURVE('',#357,#3129);
#3129 = DEFINITIONAL_REPRESENTATION('',(#3130),#3134);
#3130 = LINE('',#3131,#3132);
#3131 = CARTESIAN_POINT('',(0.,-0.));
#3132 = VECTOR('',#3133,1.);
#3133 = DIRECTION('',(0.,1.));
#3134 = ( GEOMETRIC_REPRESENTATION_CONTEXT(2) 
PARAMETRIC_REPRESENTATION_CONTEXT() REPRESENTATION_CONTEXT('2D SPACE',''
  ) );
#3135 = ORIENTED_EDGE('',*,*,#3136,.F.);
#3136 = EDGE_CURVE('',#3114,#3114,#3137,.T.);
#3137 = SURFACE_CURVE('',#3138,(#3143,#3150),.PCURVE_S1.);
#3138 = CIRCLE('',#3139,2.8);
#3139 = AXIS2_PLACEMENT_3D('',#3140,#3141,#3142);
#3140 = CARTESIAN_POINT('',(42.,-23.9,101.66427714083));
#3141 = DIRECTION('',(0.,1.,-0.));
#3142 = DIRECTION('',(-1.,0.,0.));
#3143 = PCURVE('',#357,#3144);
#3144 = DEFINITIONAL_REPRESENTATION('',(#3145),#3149);
#3145 = LINE('',#3146,#3147);
#3146 = CARTESIAN_POINT('',(0.,9.1));
#3147 = VECTOR('',#3148,1.);
#3148 = DIRECTION('',(1.,0.));
#3149 = ( GEOMETRIC_REPRESENTATION_CONTEXT(2) 
PARAMETRIC_REPRESENTATION_CONTEXT() REPRESENTATION_CONTEXT('2D SPACE',''
  ) );
#3150 = PCURVE('',#3151,#3156);
#3151 = PLANE('',#3152);
#3152 = AXIS2_PLACEMENT_3D('',#3153,#3154,#3155);
#3153 = CARTESIAN_POINT('',(42.,-23.9,101.66427714083));
#3154 = DIRECTION('',(0.,1.,0.));
#3155 = DIRECTION('',(-1.,0.,0.));
#3156 = DEFINITIONAL_REPRESENTATION('',(#3157),#3161);
#3157 = CIRCLE('',#3158,2.8);
#3158 = AXIS2_PLACEMENT_2D('',#3159,#3160);
#3159 = CARTESIAN_POINT('',(0.,0.));
#3160 = DIRECTION('',(1.,0.));
#3161 = ( GEOMETRIC_REPRESENTATION_CONTEXT(2) 
PARAMETRIC_REPRESENTATION_CONTEXT() REPRESENTATION_CONTEXT('2D SPACE',''
  ) );
#3162 = ORIENTED_EDGE('',*,*,#3113,.F.);
#3163 = ORIENTED_EDGE('',*,*,#340,.T.);
#3164 = FACE_BOUND('',#3165,.F.);
#3165 = EDGE_LOOP('',(#3166,#3398));
#3166 = ORIENTED_EDGE('',*,*,#3167,.F.);
#3167 = EDGE_CURVE('',#3168,#3170,#3172,.T.);
#3168 = VERTEX_POINT('',#3169);
#3169 = CARTESIAN_POINT('',(43.75,-30.,103.85002644027));
#3170 = VERTEX_POINT('',#3171);
#3171 = CARTESIAN_POINT('',(43.75,-30.,99.478527841395));
#3172 = SURFACE_CURVE('',#3173,(#3246,#3322),.PCURVE_S1.);
#3173 = B_SPLINE_CURVE_WITH_KNOTS('',6,(#3174,#3175,#3176,#3177,#3178,
    #3179,#3180,#3181,#3182,#3183,#3184,#3185,#3186,#3187,#3188,#3189,
    #3190,#3191,#3192,#3193,#3194,#3195,#3196,#3197,#3198,#3199,#3200,
    #3201,#3202,#3203,#3204,#3205,#3206,#3207,#3208,#3209,#3210,#3211,
    #3212,#3213,#3214,#3215,#3216,#3217,#3218,#3219,#3220,#3221,#3222,
    #3223,#3224,#3225,#3226,#3227,#3228,#3229,#3230,#3231,#3232,#3233,
    #3234,#3235,#3236,#3237,#3238,#3239,#3240,#3241,#3242,#3243,#3244,
    #3245),.UNSPECIFIED.,.F.,.F.,(7,5,5,5,5,5,5,5,5,5,5,5,5,5,7),(0.,
    0.116470849734,0.149674874231,0.210211568349,0.288537569159,
    0.331745862667,0.380645097736,0.500000051095,0.619355004454,
    0.668254228171,0.711462506897,0.789788490939,0.850325172097,
    0.883529187694,1.),.UNSPECIFIED.);
#3174 = CARTESIAN_POINT('',(43.75,-30.,103.85002644027));
#3175 = CARTESIAN_POINT('',(43.75,-30.13273706919,103.85002644027));
#3176 = CARTESIAN_POINT('',(43.759396851783,-30.26568272396,
    103.84250274399));
#3177 = CARTESIAN_POINT('',(43.778246043051,-30.3976185453,
    103.82741222118));
#3178 = CARTESIAN_POINT('',(43.806322029585,-30.52732943595,
    103.80443398767));
#3179 = CARTESIAN_POINT('',(43.8431287594,-30.65365834529,
    103.77296154088));
#3180 = CARTESIAN_POINT('',(43.900649892748,-30.81030834754,
    103.72044555414));
#3181 = CARTESIAN_POINT('',(43.91404900485,-30.84467805366,
    103.70803919176));
#3182 = CARTESIAN_POINT('',(43.928061150078,-30.87862682399,
    103.69486277981));
#3183 = CARTESIAN_POINT('',(43.942657809429,-30.91211831773,
    103.68090271833));
#3184 = CARTESIAN_POINT('',(43.957807477857,-30.94511910124,
    103.66614569387));
#3185 = CARTESIAN_POINT('',(44.002041484912,-31.03681449376,
    103.62219731304));
#3186 = CARTESIAN_POINT('',(44.032343611762,-31.09432384663,
    103.591111252));
#3187 = CARTESIAN_POINT('',(44.064137428911,-31.14985601665,
    103.55727720849));
#3188 = CARTESIAN_POINT('',(44.097136144072,-31.20319701412,
    103.52067802912));
#3189 = CARTESIAN_POINT('',(44.131027889677,-31.25418763464,
    103.48132857467));
#3190 = CARTESIAN_POINT('',(44.210085620284,-31.36551762284,
    103.38487870524));
#3191 = CARTESIAN_POINT('',(44.25557338507,-31.42410991914,
    103.32603874761));
#3192 = CARTESIAN_POINT('',(44.30124533364,-31.47827135061,
    103.26291550862));
#3193 = CARTESIAN_POINT('',(44.346370838347,-31.52792299055,
    103.1957817479));
#3194 = CARTESIAN_POINT('',(44.390253895644,-31.57310247425,
    103.12505979543));
#3195 = CARTESIAN_POINT('',(44.455475350986,-31.63645610938,
    103.01069154837));
#3196 = CARTESIAN_POINT('',(44.478112025668,-31.65766722239,
    102.96910223576));
#3197 = CARTESIAN_POINT('',(44.500116808928,-31.67760624844,
    102.92664366556));
#3198 = CARTESIAN_POINT('',(44.521416244404,-31.69631462821,
    102.88338279309));
#3199 = CARTESIAN_POINT('',(44.541944227642,-31.71383473908,
    102.83939406949));
#3200 = CARTESIAN_POINT('',(44.583934168557,-31.74874181443,
    102.74424601065));
#3201 = CARTESIAN_POINT('',(44.605164262552,-31.76580797003,
    102.69290309457));
#3202 = CARTESIAN_POINT('',(44.625266112712,-31.78148555532,
    102.64080839529));
#3203 = CARTESIAN_POINT('',(44.644183316235,-31.79584597542,
    102.58804305609));
#3204 = CARTESIAN_POINT('',(44.66186924288,-31.80895484721,
    102.53469166168));
#3205 = CARTESIAN_POINT('',(44.718360152815,-31.84995979874,
    102.34940469295));
#3206 = CARTESIAN_POINT('',(44.750856219578,-31.87193184833,
    102.21507124574));
#3207 = CARTESIAN_POINT('',(44.775397832163,-31.88777546177,
    102.07865709971));
#3208 = CARTESIAN_POINT('',(44.791805374158,-31.89811995528,
    101.94091463137));
#3209 = CARTESIAN_POINT('',(44.8,-31.90328663106,101.80255557067));
#3210 = CARTESIAN_POINT('',(44.8,-31.90328663106,101.52599871099));
#3211 = CARTESIAN_POINT('',(44.791805374158,-31.89811995528,
    101.38763965029));
#3212 = CARTESIAN_POINT('',(44.775397832163,-31.88777546177,
    101.24989718195));
#3213 = CARTESIAN_POINT('',(44.750856219578,-31.87193184833,
    101.11348303592));
#3214 = CARTESIAN_POINT('',(44.718360152815,-31.84995979874,
    100.97914958871));
#3215 = CARTESIAN_POINT('',(44.661869246692,-31.80895484998,
    100.79386263248));
#3216 = CARTESIAN_POINT('',(44.644183314493,-31.79584597387,
    100.74051122265));
#3217 = CARTESIAN_POINT('',(44.625266108229,-31.78148555181,
    100.68774587427));
#3218 = CARTESIAN_POINT('',(44.60516426192,-31.76580796973,
    100.63565118359));
#3219 = CARTESIAN_POINT('',(44.583934173755,-31.74874181875,
    100.58430828278));
#3220 = CARTESIAN_POINT('',(44.541944225216,-31.71383473707,
    100.48916020667));
#3221 = CARTESIAN_POINT('',(44.521416245342,-31.6963146292,
    100.44517148989));
#3222 = CARTESIAN_POINT('',(44.500116811627,-31.67760625088,
    100.40191062147));
#3223 = CARTESIAN_POINT('',(44.478112026171,-31.65766722269,
    100.35945204746));
#3224 = CARTESIAN_POINT('',(44.455475348017,-31.6364561065,
    100.31786272808));
#3225 = CARTESIAN_POINT('',(44.390253895644,-31.57310247425,
    100.20349448623));
#3226 = CARTESIAN_POINT('',(44.346370838347,-31.52792299055,
    100.13277253376));
#3227 = CARTESIAN_POINT('',(44.30124533364,-31.47827135061,
    100.06563877304));
#3228 = CARTESIAN_POINT('',(44.25557338507,-31.42410991914,
    100.00251553405));
#3229 = CARTESIAN_POINT('',(44.210085620284,-31.36551762284,
    99.943675576428));
#3230 = CARTESIAN_POINT('',(44.131027889677,-31.25418763464,
    99.847225706997));
#3231 = CARTESIAN_POINT('',(44.097136144072,-31.20319701412,
    99.807876252544));
#3232 = CARTESIAN_POINT('',(44.064137428911,-31.14985601665,
    99.771277073169));
#3233 = CARTESIAN_POINT('',(44.032343611762,-31.09432384663,
    99.73744302966));
#3234 = CARTESIAN_POINT('',(44.002041484912,-31.03681449376,
    99.70635696862));
#3235 = CARTESIAN_POINT('',(43.957807478703,-30.94511910299,
    99.662408588635));
#3236 = CARTESIAN_POINT('',(43.942657809296,-30.91211831722,
    99.647651563236));
#3237 = CARTESIAN_POINT('',(43.928061149319,-30.8786268222,
    99.633691501131));
#3238 = CARTESIAN_POINT('',(43.914049004578,-30.84467805321,
    99.620515089622));
#3239 = CARTESIAN_POINT('',(43.90064989342,-30.81030834937,
    99.608108728142));
#3240 = CARTESIAN_POINT('',(43.84312875943,-30.65365834537,
    99.555592740807));
#3241 = CARTESIAN_POINT('',(43.806322029567,-30.52732943594,
    99.52412029398));
#3242 = CARTESIAN_POINT('',(43.778246043033,-30.39761854521,
    99.501142060472));
#3243 = CARTESIAN_POINT('',(43.759396851796,-30.26568272392,
    99.486051537687));
#3244 = CARTESIAN_POINT('',(43.75,-30.13273706928,99.478527841395));
#3245 = CARTESIAN_POINT('',(43.75,-30.,99.478527841395));
#3246 = PCURVE('',#357,#3247);
#3247 = DEFINITIONAL_REPRESENTATION('',(#3248),#3321);
#3248 = B_SPLINE_CURVE_WITH_KNOTS('',6,(#3249,#3250,#3251,#3252,#3253,
    #3254,#3255,#3256,#3257,#3258,#3259,#3260,#3261,#3262,#3263,#3264,
    #3265,#3266,#3267,#3268,#3269,#3270,#3271,#3272,#3273,#3274,#3275,
    #3276,#3277,#3278,#3279,#3280,#3281,#3282,#3283,#3284,#3285,#3286,
    #3287,#3288,#3289,#3290,#3291,#3292,#3293,#3294,#3295,#3296,#3297,
    #3298,#3299,#3300,#3301,#3302,#3303,#3304,#3305,#3306,#3307,#3308,
    #3309,#3310,#3311,#3312,#3313,#3314,#3315,#3316,#3317,#3318,#3319,
    #3320),.UNSPECIFIED.,.F.,.F.,(7,5,5,5,5,5,5,5,5,5,5,5,5,5,7),(0.,
    0.116470849734,0.149674874231,0.210211568349,0.288537569159,
    0.331745862667,0.380645097736,0.500000051095,0.619355004454,
    0.668254228171,0.711462506897,0.789788490939,0.850325172097,
    0.883529187694,1.),.UNSPECIFIED.);
#3249 = CARTESIAN_POINT('',(2.245927859732,3.));
#3250 = CARTESIAN_POINT('',(2.245927859732,2.867262930807));
#3251 = CARTESIAN_POINT('',(2.250227051884,2.73431727604));
#3252 = CARTESIAN_POINT('',(2.25885050356,2.602381454694));
#3253 = CARTESIAN_POINT('',(2.271807053655,2.472670564047));
#3254 = CARTESIAN_POINT('',(2.289093554657,2.346341654709));
#3255 = CARTESIAN_POINT('',(2.316910855942,2.189691652459));
#3256 = CARTESIAN_POINT('',(2.323432398872,2.155321946338));
#3257 = CARTESIAN_POINT('',(2.330301451728,2.121373176001));
#3258 = CARTESIAN_POINT('',(2.337514462348,2.087881682264));
#3259 = CARTESIAN_POINT('',(2.345067341348,2.054880898759));
#3260 = CARTESIAN_POINT('',(2.367336874041,1.963185506237));
#3261 = CARTESIAN_POINT('',(2.382839040259,1.905676153362));
#3262 = CARTESIAN_POINT('',(2.399416093217,1.850143983347));
#3263 = CARTESIAN_POINT('',(2.41700948525,1.796802985874));
#3264 = CARTESIAN_POINT('',(2.435551410357,1.74581236536));
#3265 = CARTESIAN_POINT('',(2.480090865008,1.634482377158));
#3266 = CARTESIAN_POINT('',(2.506641922738,1.575890080852));
#3267 = CARTESIAN_POINT('',(2.534445436797,1.521728649383));
#3268 = CARTESIAN_POINT('',(2.563307556881,1.472077009446));
#3269 = CARTESIAN_POINT('',(2.593012066644,1.426897525741));
#3270 = CARTESIAN_POINT('',(2.640032923624,1.363543890616));
#3271 = CARTESIAN_POINT('',(2.656940484173,1.342332777609));
#3272 = CARTESIAN_POINT('',(2.674014500523,1.322393751557));
#3273 = CARTESIAN_POINT('',(2.691230422156,1.303685371787));
#3274 = CARTESIAN_POINT('',(2.708563234747,1.286165260912));
#3275 = CARTESIAN_POINT('',(2.745706621143,1.251258185563));
#3276 = CARTESIAN_POINT('',(2.765543565276,1.234192029961));
#3277 = CARTESIAN_POINT('',(2.785477459812,1.218514444671));
#3278 = CARTESIAN_POINT('',(2.80548808902,1.204154024576));
#3279 = CARTESIAN_POINT('',(2.825555854196,1.191045152785));
#3280 = CARTESIAN_POINT('',(2.894737001069,1.15004020126));
#3281 = CARTESIAN_POINT('',(2.944012311703,1.128068151665));
#3282 = CARTESIAN_POINT('',(2.993382876103,1.112224538226));
#3283 = CARTESIAN_POINT('',(3.042793584898,1.101880044714));
#3284 = CARTESIAN_POINT('',(3.092207500075,1.096713368933));
#3285 = CARTESIAN_POINT('',(3.190977807105,1.096713368933));
#3286 = CARTESIAN_POINT('',(3.240391722282,1.101880044714));
#3287 = CARTESIAN_POINT('',(3.289802431076,1.112224538226));
#3288 = CARTESIAN_POINT('',(3.339172995476,1.128068151665));
#3289 = CARTESIAN_POINT('',(3.388448306111,1.15004020126));
#3290 = CARTESIAN_POINT('',(3.457629448316,1.191045150018));
#3291 = CARTESIAN_POINT('',(3.477697219355,1.204154026125));
#3292 = CARTESIAN_POINT('',(3.497707851981,1.218514448187));
#3293 = CARTESIAN_POINT('',(3.517641743154,1.234192030265));
#3294 = CARTESIAN_POINT('',(3.537478681439,1.251258181242));
#3295 = CARTESIAN_POINT('',(3.574622074579,1.286165262929));
#3296 = CARTESIAN_POINT('',(3.591954884452,1.303685370792));
#3297 = CARTESIAN_POINT('',(3.609170804509,1.322393749114));
#3298 = CARTESIAN_POINT('',(3.62624482243,1.342332777307));
#3299 = CARTESIAN_POINT('',(3.643152385696,1.3635438935));
#3300 = CARTESIAN_POINT('',(3.690173240536,1.426897525741));
#3301 = CARTESIAN_POINT('',(3.719877750298,1.472077009446));
#3302 = CARTESIAN_POINT('',(3.748739870382,1.521728649383));
#3303 = CARTESIAN_POINT('',(3.776543384442,1.575890080852));
#3304 = CARTESIAN_POINT('',(3.803094442171,1.634482377158));
#3305 = CARTESIAN_POINT('',(3.847633896823,1.74581236536));
#3306 = CARTESIAN_POINT('',(3.866175821929,1.796802985874));
#3307 = CARTESIAN_POINT('',(3.883769213963,1.850143983347));
#3308 = CARTESIAN_POINT('',(3.90034626692,1.905676153362));
#3309 = CARTESIAN_POINT('',(3.915848433138,1.963185506237));
#3310 = CARTESIAN_POINT('',(3.938117965406,2.054880897006));
#3311 = CARTESIAN_POINT('',(3.945670844891,2.087881682774));
#3312 = CARTESIAN_POINT('',(3.952883855827,2.121373177795));
#3313 = CARTESIAN_POINT('',(3.959752908448,2.155321946787));
#3314 = CARTESIAN_POINT('',(3.966274450913,2.18969165063));
#3315 = CARTESIAN_POINT('',(3.994091752508,2.346341654628));
#3316 = CARTESIAN_POINT('',(4.011378253534,2.47267056406));
#3317 = CARTESIAN_POINT('',(4.024334803627,2.602381454782));
#3318 = CARTESIAN_POINT('',(4.03295825529,2.734317276072));
#3319 = CARTESIAN_POINT('',(4.037257447448,2.867262930716));
#3320 = CARTESIAN_POINT('',(4.037257447448,3.));
#3321 = ( GEOMETRIC_REPRESENTATION_CONTEXT(2) 
PARAMETRIC_REPRESENTATION_CONTEXT() REPRESENTATION_CONTEXT('2D SPACE',''
  ) );
#3322 = PCURVE('',#468,#3323);
#3323 = DEFINITIONAL_REPRESENTATION('',(#3324),#3397);
#3324 = B_SPLINE_CURVE_WITH_KNOTS('',6,(#3325,#3326,#3327,#3328,#3329,
    #3330,#3331,#3332,#3333,#3334,#3335,#3336,#3337,#3338,#3339,#3340,
    #3341,#3342,#3343,#3344,#3345,#3346,#3347,#3348,#3349,#3350,#3351,
    #3352,#3353,#3354,#3355,#3356,#3357,#3358,#3359,#3360,#3361,#3362,
    #3363,#3364,#3365,#3366,#3367,#3368,#3369,#3370,#3371,#3372,#3373,
    #3374,#3375,#3376,#3377,#3378,#3379,#3380,#3381,#3382,#3383,#3384,
    #3385,#3386,#3387,#3388,#3389,#3390,#3391,#3392,#3393,#3394,#3395,
    #3396),.UNSPECIFIED.,.F.,.F.,(7,5,5,5,5,5,5,5,5,5,5,5,5,5,7),(0.,
    0.116470849734,0.149674874231,0.210211568349,0.288537569159,
    0.331745862667,0.380645097736,0.500000051095,0.619355004454,
    0.668254228171,0.711462506897,0.789788490939,0.850325172097,
    0.883529187694,1.),.UNSPECIFIED.);
#3325 = CARTESIAN_POINT('',(0.,103.85002644027));
#3326 = CARTESIAN_POINT('',(5.899425297454E-02,103.85002644027));
#3327 = CARTESIAN_POINT('',(0.118081190922,103.84250274399));
#3328 = CARTESIAN_POINT('',(0.177089003871,103.82741222118));
#3329 = CARTESIAN_POINT('',(0.235852562457,103.80443398767));
#3330 = CARTESIAN_POINT('',(0.294196515253,103.77296154088));
#3331 = CARTESIAN_POINT('',(0.368364032001,103.72044555414));
#3332 = CARTESIAN_POINT('',(0.384755975343,103.70803919176));
#3333 = CARTESIAN_POINT('',(0.401074307534,103.69486277981));
#3334 = CARTESIAN_POINT('',(0.417307137255,103.68090271833));
#3335 = CARTESIAN_POINT('',(0.43344283992,103.66614569387));
#3336 = CARTESIAN_POINT('',(0.478690454718,103.62219731304));
#3337 = CARTESIAN_POINT('',(0.507562963118,103.591111252));
#3338 = CARTESIAN_POINT('',(0.535977227473,103.55727720849));
#3339 = CARTESIAN_POINT('',(0.563831125074,103.52067802912));
#3340 = CARTESIAN_POINT('',(0.591030040996,103.48132857467));
#3341 = CARTESIAN_POINT('',(0.651716632826,103.38487870524));
#3342 = CARTESIAN_POINT('',(0.684653801822,103.32603874761));
#3343 = CARTESIAN_POINT('',(0.716106059319,103.26291550862));
#3344 = CARTESIAN_POINT('',(0.745898884138,103.1957817479));
#3345 = CARTESIAN_POINT('',(0.773879944612,103.12505979543));
#3346 = CARTESIAN_POINT('',(0.814291460684,103.01069154837));
#3347 = CARTESIAN_POINT('',(0.828076637487,102.96910223576));
#3348 = CARTESIAN_POINT('',(0.841271591408,102.92664366556));
#3349 = CARTESIAN_POINT('',(0.853869092728,102.88338279309));
#3350 = CARTESIAN_POINT('',(0.865862839449,102.83939406949));
#3351 = CARTESIAN_POINT('',(0.890131537156,102.74424601065));
#3352 = CARTESIAN_POINT('',(0.90223633725,102.69290309457));
#3353 = CARTESIAN_POINT('',(0.913564546938,102.64080839529));
#3354 = CARTESIAN_POINT('',(0.924119042608,102.58804305609));
#3355 = CARTESIAN_POINT('',(0.933902887679,102.53469166168));
#3356 = CARTESIAN_POINT('',(0.9649269849,102.34940469295));
#3357 = CARTESIAN_POINT('',(0.982351602583,102.21507124574));
#3358 = CARTESIAN_POINT('',(0.995334102526,102.07865709971));
#3359 = CARTESIAN_POINT('',(1.003954521648,101.94091463137));
#3360 = CARTESIAN_POINT('',(1.008260082251,101.80255557067));
#3361 = CARTESIAN_POINT('',(1.008260082251,101.52599871099));
#3362 = CARTESIAN_POINT('',(1.003954521648,101.38763965029));
#3363 = CARTESIAN_POINT('',(0.995334102526,101.24989718195));
#3364 = CARTESIAN_POINT('',(0.982351602583,101.11348303592));
#3365 = CARTESIAN_POINT('',(0.9649269849,100.97914958871));
#3366 = CARTESIAN_POINT('',(0.933902889772,100.79386263248));
#3367 = CARTESIAN_POINT('',(0.924119041574,100.74051122265));
#3368 = CARTESIAN_POINT('',(0.913564544404,100.68774587427));
#3369 = CARTESIAN_POINT('',(0.902236336945,100.63565118359));
#3370 = CARTESIAN_POINT('',(0.89013154016,100.58430828278));
#3371 = CARTESIAN_POINT('',(0.865862838047,100.48916020667));
#3372 = CARTESIAN_POINT('',(0.853869093334,100.44517148989));
#3373 = CARTESIAN_POINT('',(0.841271593027,100.40191062147));
#3374 = CARTESIAN_POINT('',(0.828076637743,100.35945204746));
#3375 = CARTESIAN_POINT('',(0.814291458844,100.31786272808));
#3376 = CARTESIAN_POINT('',(0.773879944612,100.20349448623));
#3377 = CARTESIAN_POINT('',(0.745898884138,100.13277253376));
#3378 = CARTESIAN_POINT('',(0.716106059319,100.06563877304));
#3379 = CARTESIAN_POINT('',(0.684653801822,100.00251553405));
#3380 = CARTESIAN_POINT('',(0.651716632826,99.943675576428));
#3381 = CARTESIAN_POINT('',(0.591030040996,99.847225706997));
#3382 = CARTESIAN_POINT('',(0.563831125074,99.807876252544));
#3383 = CARTESIAN_POINT('',(0.535977227473,99.771277073169));
#3384 = CARTESIAN_POINT('',(0.507562963118,99.73744302966));
#3385 = CARTESIAN_POINT('',(0.478690454718,99.70635696862));
#3386 = CARTESIAN_POINT('',(0.433442840785,99.662408588635));
#3387 = CARTESIAN_POINT('',(0.417307137023,99.647651563236));
#3388 = CARTESIAN_POINT('',(0.401074306668,99.633691501131));
#3389 = CARTESIAN_POINT('',(0.384755975112,99.620515089622));
#3390 = CARTESIAN_POINT('',(0.368364032867,99.608108728142));
#3391 = CARTESIAN_POINT('',(0.294196515291,99.555592740807));
#3392 = CARTESIAN_POINT('',(0.235852562449,99.52412029398));
#3393 = CARTESIAN_POINT('',(0.177089003833,99.501142060472));
#3394 = CARTESIAN_POINT('',(0.118081190908,99.486051537687));
#3395 = CARTESIAN_POINT('',(5.899425301512E-02,99.478527841395));
#3396 = CARTESIAN_POINT('',(0.,99.478527841395));
#3397 = ( GEOMETRIC_REPRESENTATION_CONTEXT(2) 
PARAMETRIC_REPRESENTATION_CONTEXT() REPRESENTATION_CONTEXT('2D SPACE',''
  ) );
#3398 = ORIENTED_EDGE('',*,*,#3399,.F.);
#3399 = EDGE_CURVE('',#3170,#3168,#3400,.T.);
#3400 = SURFACE_CURVE('',#3401,(#3474,#3550),.PCURVE_S1.);
#3401 = B_SPLINE_CURVE_WITH_KNOTS('',6,(#3402,#3403,#3404,#3405,#3406,
    #3407,#3408,#3409,#3410,#3411,#3412,#3413,#3414,#3415,#3416,#3417,
    #3418,#3419,#3420,#3421,#3422,#3423,#3424,#3425,#3426,#3427,#3428,
    #3429,#3430,#3431,#3432,#3433,#3434,#3435,#3436,#3437,#3438,#3439,
    #3440,#3441,#3442,#3443,#3444,#3445,#3446,#3447,#3448,#3449,#3450,
    #3451,#3452,#3453,#3454,#3455,#3456,#3457,#3458,#3459,#3460,#3461,
    #3462,#3463,#3464,#3465,#3466,#3467,#3468,#3469,#3470,#3471,#3472,
    #3473),.UNSPECIFIED.,.F.,.F.,(7,5,5,5,5,5,5,5,5,5,5,5,5,5,7),(0.,
    0.11651900348,0.149885937812,0.210938391334,0.288245487715,
    0.332232285741,0.381445896275,0.500000063059,0.618554229843,
    0.667767830979,0.711754613551,0.789061682773,0.850114114846,
    0.883481037455,1.),.UNSPECIFIED.);
#3402 = CARTESIAN_POINT('',(43.75,-30.,99.478527841395));
#3403 = CARTESIAN_POINT('',(43.75,-29.867210807,99.478527841395));
#3404 = CARTESIAN_POINT('',(43.759404233225,-29.73421266607,
    99.486057448136));
#3405 = CARTESIAN_POINT('',(43.778268305488,-29.60222558329,
    99.501159882415));
#3406 = CARTESIAN_POINT('',(43.806366278074,-29.47246622239,
    99.524156507754));
#3407 = CARTESIAN_POINT('',(43.843201229922,-29.34609305068,
    99.555654715967));
#3408 = CARTESIAN_POINT('',(43.90082227909,-29.18923693624,
    99.608267319888));
#3409 = CARTESIAN_POINT('',(43.914294327607,-29.1547039093,
    99.620743373889));
#3410 = CARTESIAN_POINT('',(43.928385150132,-29.12059631596,
    99.633997185132));
#3411 = CARTESIAN_POINT('',(43.943065764307,-29.08695104607,
    99.648042538276));
#3412 = CARTESIAN_POINT('',(43.958304140731,-29.05380202254,
    99.662892917804));
#3413 = CARTESIAN_POINT('',(44.002903678514,-28.96149110315,
    99.707230784792));
#3414 = CARTESIAN_POINT('',(44.033505216543,-28.90354020477,
    99.738652052056));
#3415 = CARTESIAN_POINT('',(44.065618271391,-28.84760539389,
    99.772869314164));
#3416 = CARTESIAN_POINT('',(44.09894762961,-28.79390572557,
    99.809899312896));
#3417 = CARTESIAN_POINT('',(44.133172332434,-28.74260345244,
    99.849725380928));
#3418 = CARTESIAN_POINT('',(44.212017712081,-28.63201680782,
    99.946189984974));
#3419 = CARTESIAN_POINT('',(44.256917295252,-28.57433218092,
    100.00440466885));
#3420 = CARTESIAN_POINT('',(44.30197859921,-28.52096589712,
    100.06678435788));
#3421 = CARTESIAN_POINT('',(44.346500128743,-28.47199180969,
    100.13306476427));
#3422 = CARTESIAN_POINT('',(44.389813565364,-28.42737347988,
    100.20283970746));
#3423 = CARTESIAN_POINT('',(44.454959706268,-28.36401818193,
    100.3168938467));
#3424 = CARTESIAN_POINT('',(44.478015625893,-28.34240400227,
    100.35921936393));
#3425 = CARTESIAN_POINT('',(44.500417775781,-28.32210881429,
    100.40244650237));
#3426 = CARTESIAN_POINT('',(44.522088198651,-28.30308864204,
    100.44650474605));
#3427 = CARTESIAN_POINT('',(44.542956831963,-28.28529851513,
    100.49131554201));
#3428 = CARTESIAN_POINT('',(44.585345772868,-28.25011440769,
    100.58767272681));
#3429 = CARTESIAN_POINT('',(44.606650292328,-28.23301750194,
    100.63939012662));
#3430 = CARTESIAN_POINT('',(44.626809152478,-28.21732374048,
    100.69186518356));
#3431 = CARTESIAN_POINT('',(44.645765271742,-28.20296049157,
    100.74501517893));
#3432 = CARTESIAN_POINT('',(44.663471579003,-28.18986108289,
    100.79875390106));
#3433 = CARTESIAN_POINT('',(44.719444957449,-28.14930700361,
    100.98364880517));
#3434 = CARTESIAN_POINT('',(44.751511716392,-28.12764505593,
    101.11713889281));
#3435 = CARTESIAN_POINT('',(44.77572627552,-28.11201747209,
    101.25266500412));
#3436 = CARTESIAN_POINT('',(44.791914557899,-28.10181120125,
    101.389491674));
#3437 = CARTESIAN_POINT('',(44.8,-28.09671336893,101.52692302221));
#3438 = CARTESIAN_POINT('',(44.8,-28.09671336893,101.80163125945));
#3439 = CARTESIAN_POINT('',(44.791914557899,-28.10181120125,
    101.93906260766));
#3440 = CARTESIAN_POINT('',(44.77572627552,-28.11201747209,
    102.07588927754));
#3441 = CARTESIAN_POINT('',(44.751511716392,-28.12764505593,
    102.21141538885));
#3442 = CARTESIAN_POINT('',(44.719444957449,-28.14930700361,
    102.34490547649));
#3443 = CARTESIAN_POINT('',(44.663471582139,-28.18986108062,
    102.52980037024));
#3444 = CARTESIAN_POINT('',(44.645765270768,-28.20296049247,
    102.58353910395));
#3445 = CARTESIAN_POINT('',(44.626809149272,-28.21732374299,
    102.63668910681));
#3446 = CARTESIAN_POINT('',(44.606650291717,-28.23301750228,
    102.68916415803));
#3447 = CARTESIAN_POINT('',(44.585345776457,-28.25011440472,
    102.74088154669));
#3448 = CARTESIAN_POINT('',(44.542956831963,-28.28529851514,
    102.83723873965));
#3449 = CARTESIAN_POINT('',(44.522088198651,-28.30308864204,
    102.88204953561));
#3450 = CARTESIAN_POINT('',(44.500417775781,-28.32210881429,
    102.92610777929));
#3451 = CARTESIAN_POINT('',(44.478015625893,-28.34240400227,
    102.96933491773));
#3452 = CARTESIAN_POINT('',(44.454959706268,-28.36401818193,
    103.01166043496));
#3453 = CARTESIAN_POINT('',(44.389813565364,-28.42737347988,
    103.1257145742));
#3454 = CARTESIAN_POINT('',(44.346500128743,-28.47199180969,
    103.19548951739));
#3455 = CARTESIAN_POINT('',(44.30197859921,-28.52096589712,
    103.26176992378));
#3456 = CARTESIAN_POINT('',(44.256917295252,-28.57433218092,
    103.32414961281));
#3457 = CARTESIAN_POINT('',(44.212017712081,-28.63201680782,
    103.38236429669));
#3458 = CARTESIAN_POINT('',(44.133172332434,-28.74260345244,
    103.47882890074));
#3459 = CARTESIAN_POINT('',(44.09894762961,-28.79390572557,
    103.51865496877));
#3460 = CARTESIAN_POINT('',(44.065618271391,-28.84760539389,
    103.5556849675));
#3461 = CARTESIAN_POINT('',(44.033505216543,-28.90354020477,
    103.58990222961));
#3462 = CARTESIAN_POINT('',(44.002903678514,-28.96149110315,
    103.62132349687));
#3463 = CARTESIAN_POINT('',(43.958304140731,-29.05380202254,
    103.66566136386));
#3464 = CARTESIAN_POINT('',(43.943065764307,-29.08695104607,
    103.68051174339));
#3465 = CARTESIAN_POINT('',(43.928385150132,-29.12059631596,
    103.69455709653));
#3466 = CARTESIAN_POINT('',(43.914294327607,-29.1547039093,
    103.70781090778));
#3467 = CARTESIAN_POINT('',(43.90082227909,-29.18923693624,
    103.72028696178));
#3468 = CARTESIAN_POINT('',(43.843201229922,-29.34609305068,
    103.7728995657));
#3469 = CARTESIAN_POINT('',(43.806366278074,-29.47246622239,
    103.80439777391));
#3470 = CARTESIAN_POINT('',(43.778268305488,-29.60222558329,
    103.82739439925));
#3471 = CARTESIAN_POINT('',(43.759404233225,-29.73421266607,
    103.84249683353));
#3472 = CARTESIAN_POINT('',(43.75,-29.867210807,103.85002644027));
#3473 = CARTESIAN_POINT('',(43.75,-30.,103.85002644027));
#3474 = PCURVE('',#357,#3475);
#3475 = DEFINITIONAL_REPRESENTATION('',(#3476),#3549);
#3476 = B_SPLINE_CURVE_WITH_KNOTS('',6,(#3477,#3478,#3479,#3480,#3481,
    #3482,#3483,#3484,#3485,#3486,#3487,#3488,#3489,#3490,#3491,#3492,
    #3493,#3494,#3495,#3496,#3497,#3498,#3499,#3500,#3501,#3502,#3503,
    #3504,#3505,#3506,#3507,#3508,#3509,#3510,#3511,#3512,#3513,#3514,
    #3515,#3516,#3517,#3518,#3519,#3520,#3521,#3522,#3523,#3524,#3525,
    #3526,#3527,#3528,#3529,#3530,#3531,#3532,#3533,#3534,#3535,#3536,
    #3537,#3538,#3539,#3540,#3541,#3542,#3543,#3544,#3545,#3546,#3547,
    #3548),.UNSPECIFIED.,.F.,.F.,(7,5,5,5,5,5,5,5,5,5,5,5,5,5,7),(0.,
    0.11651900348,0.149885937812,0.210938391334,0.288245487715,
    0.332232285741,0.381445896275,0.500000063059,0.618554229843,
    0.667767830979,0.711754613551,0.789061682773,0.850114114846,
    0.883481037455,1.),.UNSPECIFIED.);
#3477 = CARTESIAN_POINT('',(4.037257447448,3.));
#3478 = CARTESIAN_POINT('',(4.037257447448,3.132789193));
#3479 = CARTESIAN_POINT('',(4.032954878087,3.265787333929));
#3480 = CARTESIAN_POINT('',(4.02432461888,3.397774416705));
#3481 = CARTESIAN_POINT('',(4.011357833826,3.527533777601));
#3482 = CARTESIAN_POINT('',(3.994057714516,3.653906949312));
#3483 = CARTESIAN_POINT('',(3.966190794532,3.810763063758));
#3484 = CARTESIAN_POINT('',(3.959633229804,3.845296090692));
#3485 = CARTESIAN_POINT('',(3.952724776124,3.879403684033));
#3486 = CARTESIAN_POINT('',(3.945469050405,3.913048953929));
#3487 = CARTESIAN_POINT('',(3.937870219275,3.946197977457));
#3488 = CARTESIAN_POINT('',(3.915410035628,4.038508896844));
#3489 = CARTESIAN_POINT('',(3.899747556741,4.096459795229));
#3490 = CARTESIAN_POINT('',(3.882992832451,4.15239460611));
#3491 = CARTESIAN_POINT('',(3.865206294046,4.206094274421));
#3492 = CARTESIAN_POINT('',(3.846457968817,4.257396547557));
#3493 = CARTESIAN_POINT('',(3.801962478153,4.367983192174));
#3494 = CARTESIAN_POINT('',(3.775716251745,4.425667819077));
#3495 = CARTESIAN_POINT('',(3.748254890501,4.479034102878));
#3496 = CARTESIAN_POINT('',(3.719764983984,4.528008190305));
#3497 = CARTESIAN_POINT('',(3.690454291183,4.572626520116));
#3498 = CARTESIAN_POINT('',(3.643544197039,4.635981818067));
#3499 = CARTESIAN_POINT('',(3.626334209407,4.65759599773));
#3500 = CARTESIAN_POINT('',(3.608951565807,4.677891185703));
#3501 = CARTESIAN_POINT('',(3.591422024726,4.696911357958));
#3502 = CARTESIAN_POINT('',(3.57377184008,4.714701484861));
#3503 = CARTESIAN_POINT('',(3.53617582461,4.749885592301));
#3504 = CARTESIAN_POINT('',(3.516205224393,4.76698249806));
#3505 = CARTESIAN_POINT('',(3.496137413664,4.782676259513));
#3506 = CARTESIAN_POINT('',(3.475992923019,4.797039508429));
#3507 = CARTESIAN_POINT('',(3.455791650897,4.810138917102));
#3508 = CARTESIAN_POINT('',(3.386798209308,4.850692996383));
#3509 = CARTESIAN_POINT('',(3.337850002386,4.872354944067));
#3510 = CARTESIAN_POINT('',(3.288809597871,4.887982527901));
#3511 = CARTESIAN_POINT('',(3.239730287304,4.898188798749));
#3512 = CARTESIAN_POINT('',(3.190647695954,4.903286631067));
#3513 = CARTESIAN_POINT('',(3.092537611226,4.903286631067));
#3514 = CARTESIAN_POINT('',(3.043455019876,4.898188798749));
#3515 = CARTESIAN_POINT('',(2.994375709309,4.887982527901));
#3516 = CARTESIAN_POINT('',(2.945335304794,4.872354944067));
#3517 = CARTESIAN_POINT('',(2.896387097871,4.850692996383));
#3518 = CARTESIAN_POINT('',(2.827393660148,4.810138919374));
#3519 = CARTESIAN_POINT('',(2.807192383629,4.797039507524));
#3520 = CARTESIAN_POINT('',(2.787047890195,4.782676257004));
#3521 = CARTESIAN_POINT('',(2.76698008171,4.76698249772));
#3522 = CARTESIAN_POINT('',(2.747009485753,4.74988559528));
#3523 = CARTESIAN_POINT('',(2.7094134671,4.71470148486));
#3524 = CARTESIAN_POINT('',(2.691763282453,4.696911357958));
#3525 = CARTESIAN_POINT('',(2.674233741372,4.677891185703));
#3526 = CARTESIAN_POINT('',(2.656851097773,4.65759599773));
#3527 = CARTESIAN_POINT('',(2.639641110141,4.635981818067));
#3528 = CARTESIAN_POINT('',(2.592731015996,4.572626520116));
#3529 = CARTESIAN_POINT('',(2.563420323196,4.528008190305));
#3530 = CARTESIAN_POINT('',(2.534930416678,4.479034102878));
#3531 = CARTESIAN_POINT('',(2.507469055434,4.425667819077));
#3532 = CARTESIAN_POINT('',(2.481222829027,4.367983192174));
#3533 = CARTESIAN_POINT('',(2.436727338362,4.257396547557));
#3534 = CARTESIAN_POINT('',(2.417979013133,4.206094274421));
#3535 = CARTESIAN_POINT('',(2.400192474729,4.15239460611));
#3536 = CARTESIAN_POINT('',(2.383437750439,4.096459795229));
#3537 = CARTESIAN_POINT('',(2.367775271551,4.038508896844));
#3538 = CARTESIAN_POINT('',(2.345315087905,3.946197977457));
#3539 = CARTESIAN_POINT('',(2.337716256774,3.913048953929));
#3540 = CARTESIAN_POINT('',(2.330460531056,3.879403684033));
#3541 = CARTESIAN_POINT('',(2.323552077376,3.845296090692));
#3542 = CARTESIAN_POINT('',(2.316994512648,3.810763063758));
#3543 = CARTESIAN_POINT('',(2.289127592664,3.653906949312));
#3544 = CARTESIAN_POINT('',(2.271827473354,3.527533777601));
#3545 = CARTESIAN_POINT('',(2.258860688299,3.397774416706));
#3546 = CARTESIAN_POINT('',(2.250230429093,3.265787333929));
#3547 = CARTESIAN_POINT('',(2.245927859732,3.132789193));
#3548 = CARTESIAN_POINT('',(2.245927859732,3.));
#3549 = ( GEOMETRIC_REPRESENTATION_CONTEXT(2) 
PARAMETRIC_REPRESENTATION_CONTEXT() REPRESENTATION_CONTEXT('2D SPACE',''
  ) );
#3550 = PCURVE('',#468,#3551);
#3551 = DEFINITIONAL_REPRESENTATION('',(#3552),#3625);
#3552 = B_SPLINE_CURVE_WITH_KNOTS('',6,(#3553,#3554,#3555,#3556,#3557,
    #3558,#3559,#3560,#3561,#3562,#3563,#3564,#3565,#3566,#3567,#3568,
    #3569,#3570,#3571,#3572,#3573,#3574,#3575,#3576,#3577,#3578,#3579,
    #3580,#3581,#3582,#3583,#3584,#3585,#3586,#3587,#3588,#3589,#3590,
    #3591,#3592,#3593,#3594,#3595,#3596,#3597,#3598,#3599,#3600,#3601,
    #3602,#3603,#3604,#3605,#3606,#3607,#3608,#3609,#3610,#3611,#3612,
    #3613,#3614,#3615,#3616,#3617,#3618,#3619,#3620,#3621,#3622,#3623,
    #3624),.UNSPECIFIED.,.F.,.F.,(7,5,5,5,5,5,5,5,5,5,5,5,5,5,7),(0.,
    0.11651900348,0.149885937812,0.210938391334,0.288245487715,
    0.332232285741,0.381445896275,0.500000063059,0.618554229843,
    0.667767830979,0.711754613551,0.789061682773,0.850114114846,
    0.883481037455,1.),.UNSPECIFIED.);
#3553 = CARTESIAN_POINT('',(6.28318530718,99.478527841395));
#3554 = CARTESIAN_POINT('',(6.224167888068,99.478527841395));
#3555 = CARTESIAN_POINT('',(6.165057622974,99.486057448136));
#3556 = CARTESIAN_POINT('',(6.106026591427,99.501159882415));
#3557 = CARTESIAN_POINT('',(6.047240169753,99.524156507754));
#3558 = CARTESIAN_POINT('',(5.988873970887,99.555654715967));
#3559 = CARTESIAN_POINT('',(5.914605155244,99.608267319888));
#3560 = CARTESIAN_POINT('',(5.89813385582,99.620743373889));
#3561 = CARTESIAN_POINT('',(5.881737001166,99.633997185132));
#3562 = CARTESIAN_POINT('',(5.865426674103,99.648042538276));
#3563 = CARTESIAN_POINT('',(5.849214686274,99.662892917804));
#3564 = CARTESIAN_POINT('',(5.803650080975,99.707230784792));
#3565 = CARTESIAN_POINT('',(5.774542374193,99.738652052056));
#3566 = CARTESIAN_POINT('',(5.74590291667,99.772869314164));
#3567 = CARTESIAN_POINT('',(5.717836638462,99.809899312896));
#3568 = CARTESIAN_POINT('',(5.690440668771,99.849725380928));
#3569 = CARTESIAN_POINT('',(5.630077979192,99.946189984974));
#3570 = CARTESIAN_POINT('',(5.597618414611,100.00440466885));
#3571 = CARTESIAN_POINT('',(5.566609771991,100.06678435788));
#3572 = CARTESIAN_POINT('',(5.537219277198,100.13306476427));
#3573 = CARTESIAN_POINT('',(5.509593134503,100.20283970746));
#3574 = CARTESIAN_POINT('',(5.469205106811,100.3168938467));
#3575 = CARTESIAN_POINT('',(5.455161698766,100.35921936393));
#3576 = CARTESIAN_POINT('',(5.441729638479,100.40244650237));
#3577 = CARTESIAN_POINT('',(5.42891681756,100.44650474605));
#3578 = CARTESIAN_POINT('',(5.416730133495,100.49131554201));
#3579 = CARTESIAN_POINT('',(5.392246352106,100.58767272681));
#3580 = CARTESIAN_POINT('',(5.380107220312,100.63939012662));
#3581 = CARTESIAN_POINT('',(5.368754621962,100.69186518356));
#3582 = CARTESIAN_POINT('',(5.35818559054,100.74501517893));
#3583 = CARTESIAN_POINT('',(5.348396961251,100.79875390106));
#3584 = CARTESIAN_POINT('',(5.317676710349,100.98364880517));
#3585 = CARTESIAN_POINT('',(5.300486963539,101.11713889281));
#3586 = CARTESIAN_POINT('',(5.287678648226,101.25266500412));
#3587 = CARTESIAN_POINT('',(5.279173416434,101.389491674));
#3588 = CARTESIAN_POINT('',(5.274925224929,101.52692302221));
#3589 = CARTESIAN_POINT('',(5.274925224929,101.80163125945));
#3590 = CARTESIAN_POINT('',(5.279173416434,101.93906260766));
#3591 = CARTESIAN_POINT('',(5.287678648226,102.07588927754));
#3592 = CARTESIAN_POINT('',(5.300486963539,102.21141538885));
#3593 = CARTESIAN_POINT('',(5.317676710349,102.34490547649));
#3594 = CARTESIAN_POINT('',(5.34839695953,102.52980037024));
#3595 = CARTESIAN_POINT('',(5.358185591129,102.58353910395));
#3596 = CARTESIAN_POINT('',(5.368754623772,102.63668910681));
#3597 = CARTESIAN_POINT('',(5.380107220619,102.68916415803));
#3598 = CARTESIAN_POINT('',(5.392246350033,102.74088154669));
#3599 = CARTESIAN_POINT('',(5.416730133495,102.83723873965));
#3600 = CARTESIAN_POINT('',(5.42891681756,102.88204953561));
#3601 = CARTESIAN_POINT('',(5.441729638479,102.92610777929));
#3602 = CARTESIAN_POINT('',(5.455161698766,102.96933491773));
#3603 = CARTESIAN_POINT('',(5.469205106811,103.01166043496));
#3604 = CARTESIAN_POINT('',(5.509593134503,103.1257145742));
#3605 = CARTESIAN_POINT('',(5.537219277198,103.19548951739));
#3606 = CARTESIAN_POINT('',(5.566609771991,103.26176992378));
#3607 = CARTESIAN_POINT('',(5.59761841461,103.32414961281));
#3608 = CARTESIAN_POINT('',(5.630077979192,103.38236429669));
#3609 = CARTESIAN_POINT('',(5.690440668771,103.47882890074));
#3610 = CARTESIAN_POINT('',(5.717836638462,103.51865496877));
#3611 = CARTESIAN_POINT('',(5.74590291667,103.5556849675));
#3612 = CARTESIAN_POINT('',(5.774542374193,103.58990222961));
#3613 = CARTESIAN_POINT('',(5.803650080975,103.62132349687));
#3614 = CARTESIAN_POINT('',(5.849214686274,103.66566136386));
#3615 = CARTESIAN_POINT('',(5.865426674103,103.68051174339));
#3616 = CARTESIAN_POINT('',(5.881737001166,103.69455709653));
#3617 = CARTESIAN_POINT('',(5.89813385582,103.70781090778));
#3618 = CARTESIAN_POINT('',(5.914605155244,103.72028696178));
#3619 = CARTESIAN_POINT('',(5.988873970887,103.7728995657));
#3620 = CARTESIAN_POINT('',(6.047240169753,103.80439777391));
#3621 = CARTESIAN_POINT('',(6.106026591427,103.82739439925));
#3622 = CARTESIAN_POINT('',(6.165057622974,103.84249683353));
#3623 = CARTESIAN_POINT('',(6.224167888068,103.85002644027));
#3624 = CARTESIAN_POINT('',(6.28318530718,103.85002644027));
#3625 = ( GEOMETRIC_REPRESENTATION_CONTEXT(2) 
PARAMETRIC_REPRESENTATION_CONTEXT() REPRESENTATION_CONTEXT('2D SPACE',''
  ) );
#3626 = ADVANCED_FACE('',(#3627,#3653,#3657),#437,.F.);
#3627 = FACE_BOUND('',#3628,.F.);
#3628 = EDGE_LOOP('',(#3629,#3650,#3651,#3652));
#3629 = ORIENTED_EDGE('',*,*,#3630,.T.);
#3630 = EDGE_CURVE('',#902,#421,#3631,.T.);
#3631 = SEAM_CURVE('',#3632,(#3636,#3643),.PCURVE_S1.);
#3632 = LINE('',#3633,#3634);
#3633 = CARTESIAN_POINT('',(-48.25,-30.,-0.));
#3634 = VECTOR('',#3635,1.);
#3635 = DIRECTION('',(0.,0.,1.));
#3636 = PCURVE('',#437,#3637);
#3637 = DEFINITIONAL_REPRESENTATION('',(#3638),#3642);
#3638 = LINE('',#3639,#3640);
#3639 = CARTESIAN_POINT('',(6.28318530718,-0.));
#3640 = VECTOR('',#3641,1.);
#3641 = DIRECTION('',(0.,1.));
#3642 = ( GEOMETRIC_REPRESENTATION_CONTEXT(2) 
PARAMETRIC_REPRESENTATION_CONTEXT() REPRESENTATION_CONTEXT('2D SPACE',''
  ) );
#3643 = PCURVE('',#437,#3644);
#3644 = DEFINITIONAL_REPRESENTATION('',(#3645),#3649);
#3645 = LINE('',#3646,#3647);
#3646 = CARTESIAN_POINT('',(0.,-0.));
#3647 = VECTOR('',#3648,1.);
#3648 = DIRECTION('',(0.,1.));
#3649 = ( GEOMETRIC_REPRESENTATION_CONTEXT(2) 
PARAMETRIC_REPRESENTATION_CONTEXT() REPRESENTATION_CONTEXT('2D SPACE',''
  ) );
#3650 = ORIENTED_EDGE('',*,*,#420,.F.);
#3651 = ORIENTED_EDGE('',*,*,#3630,.F.);
#3652 = ORIENTED_EDGE('',*,*,#901,.T.);
#3653 = FACE_BOUND('',#3654,.F.);
#3654 = EDGE_LOOP('',(#3655,#3656));
#3655 = ORIENTED_EDGE('',*,*,#1469,.F.);
#3656 = ORIENTED_EDGE('',*,*,#1174,.T.);
#3657 = FACE_BOUND('',#3658,.F.);
#3658 = EDGE_LOOP('',(#3659,#3660));
#3659 = ORIENTED_EDGE('',*,*,#2091,.F.);
#3660 = ORIENTED_EDGE('',*,*,#1796,.T.);
#3661 = ADVANCED_FACE('',(#3662),#468,.F.);
#3662 = FACE_BOUND('',#3663,.F.);
#3663 = EDGE_LOOP('',(#3664,#3685,#3686,#3687,#3688,#3709,#3710,#3731,
    #3732,#3733,#3734,#3735));
#3664 = ORIENTED_EDGE('',*,*,#3665,.T.);
#3665 = EDGE_CURVE('',#3168,#452,#3666,.T.);
#3666 = SEAM_CURVE('',#3667,(#3671,#3678),.PCURVE_S1.);
#3667 = LINE('',#3668,#3669);
#3668 = CARTESIAN_POINT('',(43.75,-30.,-0.));
#3669 = VECTOR('',#3670,1.);
#3670 = DIRECTION('',(0.,0.,1.));
#3671 = PCURVE('',#468,#3672);
#3672 = DEFINITIONAL_REPRESENTATION('',(#3673),#3677);
#3673 = LINE('',#3674,#3675);
#3674 = CARTESIAN_POINT('',(6.28318530718,-0.));
#3675 = VECTOR('',#3676,1.);
#3676 = DIRECTION('',(0.,1.));
#3677 = ( GEOMETRIC_REPRESENTATION_CONTEXT(2) 
PARAMETRIC_REPRESENTATION_CONTEXT() REPRESENTATION_CONTEXT('2D SPACE',''
  ) );
#3678 = PCURVE('',#468,#3679);
#3679 = DEFINITIONAL_REPRESENTATION('',(#3680),#3684);
#3680 = LINE('',#3681,#3682);
#3681 = CARTESIAN_POINT('',(0.,-0.));
#3682 = VECTOR('',#3683,1.);
#3683 = DIRECTION('',(0.,1.));
#3684 = ( GEOMETRIC_REPRESENTATION_CONTEXT(2) 
PARAMETRIC_REPRESENTATION_CONTEXT() REPRESENTATION_CONTEXT('2D SPACE',''
  ) );
#3685 = ORIENTED_EDGE('',*,*,#451,.F.);
#3686 = ORIENTED_EDGE('',*,*,#3665,.F.);
#3687 = ORIENTED_EDGE('',*,*,#3167,.T.);
#3688 = ORIENTED_EDGE('',*,*,#3689,.F.);
#3689 = EDGE_CURVE('',#2419,#3170,#3690,.T.);
#3690 = SEAM_CURVE('',#3691,(#3695,#3702),.PCURVE_S1.);
#3691 = LINE('',#3692,#3693);
#3692 = CARTESIAN_POINT('',(43.75,-30.,-0.));
#3693 = VECTOR('',#3694,1.);
#3694 = DIRECTION('',(0.,0.,1.));
#3695 = PCURVE('',#468,#3696);
#3696 = DEFINITIONAL_REPRESENTATION('',(#3697),#3701);
#3697 = LINE('',#3698,#3699);
#3698 = CARTESIAN_POINT('',(6.28318530718,-0.));
#3699 = VECTOR('',#3700,1.);
#3700 = DIRECTION('',(0.,1.));
#3701 = ( GEOMETRIC_REPRESENTATION_CONTEXT(2) 
PARAMETRIC_REPRESENTATION_CONTEXT() REPRESENTATION_CONTEXT('2D SPACE',''
  ) );
#3702 = PCURVE('',#468,#3703);
#3703 = DEFINITIONAL_REPRESENTATION('',(#3704),#3708);
#3704 = LINE('',#3705,#3706);
#3705 = CARTESIAN_POINT('',(0.,-0.));
#3706 = VECTOR('',#3707,1.);
#3707 = DIRECTION('',(0.,1.));
#3708 = ( GEOMETRIC_REPRESENTATION_CONTEXT(2) 
PARAMETRIC_REPRESENTATION_CONTEXT() REPRESENTATION_CONTEXT('2D SPACE',''
  ) );
#3709 = ORIENTED_EDGE('',*,*,#2418,.T.);
#3710 = ORIENTED_EDGE('',*,*,#3711,.F.);
#3711 = EDGE_CURVE('',#928,#2421,#3712,.T.);
#3712 = SEAM_CURVE('',#3713,(#3717,#3724),.PCURVE_S1.);
#3713 = LINE('',#3714,#3715);
#3714 = CARTESIAN_POINT('',(43.75,-30.,-0.));
#3715 = VECTOR('',#3716,1.);
#3716 = DIRECTION('',(0.,0.,1.));
#3717 = PCURVE('',#468,#3718);
#3718 = DEFINITIONAL_REPRESENTATION('',(#3719),#3723);
#3719 = LINE('',#3720,#3721);
#3720 = CARTESIAN_POINT('',(6.28318530718,-0.));
#3721 = VECTOR('',#3722,1.);
#3722 = DIRECTION('',(0.,1.));
#3723 = ( GEOMETRIC_REPRESENTATION_CONTEXT(2) 
PARAMETRIC_REPRESENTATION_CONTEXT() REPRESENTATION_CONTEXT('2D SPACE',''
  ) );
#3724 = PCURVE('',#468,#3725);
#3725 = DEFINITIONAL_REPRESENTATION('',(#3726),#3730);
#3726 = LINE('',#3727,#3728);
#3727 = CARTESIAN_POINT('',(0.,-0.));
#3728 = VECTOR('',#3729,1.);
#3729 = DIRECTION('',(0.,1.));
#3730 = ( GEOMETRIC_REPRESENTATION_CONTEXT(2) 
PARAMETRIC_REPRESENTATION_CONTEXT() REPRESENTATION_CONTEXT('2D SPACE',''
  ) );
#3731 = ORIENTED_EDGE('',*,*,#927,.T.);
#3732 = ORIENTED_EDGE('',*,*,#3711,.T.);
#3733 = ORIENTED_EDGE('',*,*,#2650,.T.);
#3734 = ORIENTED_EDGE('',*,*,#3689,.T.);
#3735 = ORIENTED_EDGE('',*,*,#3399,.T.);
#3736 = ADVANCED_FACE('',(#3737,#3763,#4325),#499,.F.);
#3737 = FACE_BOUND('',#3738,.F.);
#3738 = EDGE_LOOP('',(#3739,#3760,#3761,#3762));
#3739 = ORIENTED_EDGE('',*,*,#3740,.T.);
#3740 = EDGE_CURVE('',#1068,#483,#3741,.T.);
#3741 = SEAM_CURVE('',#3742,(#3746,#3753),.PCURVE_S1.);
#3742 = LINE('',#3743,#3744);
#3743 = CARTESIAN_POINT('',(-48.25,30.,-0.));
#3744 = VECTOR('',#3745,1.);
#3745 = DIRECTION('',(0.,0.,1.));
#3746 = PCURVE('',#499,#3747);
#3747 = DEFINITIONAL_REPRESENTATION('',(#3748),#3752);
#3748 = LINE('',#3749,#3750);
#3749 = CARTESIAN_POINT('',(6.28318530718,-0.));
#3750 = VECTOR('',#3751,1.);
#3751 = DIRECTION('',(0.,1.));
#3752 = ( GEOMETRIC_REPRESENTATION_CONTEXT(2) 
PARAMETRIC_REPRESENTATION_CONTEXT() REPRESENTATION_CONTEXT('2D SPACE',''
  ) );
#3753 = PCURVE('',#499,#3754);
#3754 = DEFINITIONAL_REPRESENTATION('',(#3755),#3759);
#3755 = LINE('',#3756,#3757);
#3756 = CARTESIAN_POINT('',(0.,-0.));
#3757 = VECTOR('',#3758,1.);
#3758 = DIRECTION('',(0.,1.));
#3759 = ( GEOMETRIC_REPRESENTATION_CONTEXT(2) 
PARAMETRIC_REPRESENTATION_CONTEXT() REPRESENTATION_CONTEXT('2D SPACE',''
  ) );
#3760 = ORIENTED_EDGE('',*,*,#482,.F.);
#3761 = ORIENTED_EDGE('',*,*,#3740,.F.);
#3762 = ORIENTED_EDGE('',*,*,#1067,.T.);
#3763 = FACE_BOUND('',#3764,.F.);
#3764 = EDGE_LOOP('',(#3765));
#3765 = ORIENTED_EDGE('',*,*,#3766,.F.);
#3766 = EDGE_CURVE('',#3767,#3767,#3769,.T.);
#3767 = VERTEX_POINT('',#3768);
#3768 = CARTESIAN_POINT('',(-44.8,31.903286631067,13.664277140834));
#3769 = SURFACE_CURVE('',#3770,(#3953,#4139),.PCURVE_S1.);
#3770 = B_SPLINE_CURVE_WITH_KNOTS('',7,(#3771,#3772,#3773,#3774,#3775,
    #3776,#3777,#3778,#3779,#3780,#3781,#3782,#3783,#3784,#3785,#3786,
    #3787,#3788,#3789,#3790,#3791,#3792,#3793,#3794,#3795,#3796,#3797,
    #3798,#3799,#3800,#3801,#3802,#3803,#3804,#3805,#3806,#3807,#3808,
    #3809,#3810,#3811,#3812,#3813,#3814,#3815,#3816,#3817,#3818,#3819,
    #3820,#3821,#3822,#3823,#3824,#3825,#3826,#3827,#3828,#3829,#3830,
    #3831,#3832,#3833,#3834,#3835,#3836,#3837,#3838,#3839,#3840,#3841,
    #3842,#3843,#3844,#3845,#3846,#3847,#3848,#3849,#3850,#3851,#3852,
    #3853,#3854,#3855,#3856,#3857,#3858,#3859,#3860,#3861,#3862,#3863,
    #3864,#3865,#3866,#3867,#3868,#3869,#3870,#3871,#3872,#3873,#3874,
    #3875,#3876,#3877,#3878,#3879,#3880,#3881,#3882,#3883,#3884,#3885,
    #3886,#3887,#3888,#3889,#3890,#3891,#3892,#3893,#3894,#3895,#3896,
    #3897,#3898,#3899,#3900,#3901,#3902,#3903,#3904,#3905,#3906,#3907,
    #3908,#3909,#3910,#3911,#3912,#3913,#3914,#3915,#3916,#3917,#3918,
    #3919,#3920,#3921,#3922,#3923,#3924,#3925,#3926,#3927,#3928,#3929,
    #3930,#3931,#3932,#3933,#3934,#3935,#3936,#3937,#3938,#3939,#3940,
    #3941,#3942,#3943,#3944,#3945,#3946,#3947,#3948,#3949,#3950,#3951,
    #3952),.UNSPECIFIED.,.T.,.F.,(8,6,6,6,6,6,6,6,6,6,6,6,6,6,6,6,6,6,6,
    6,6,6,6,6,6,6,6,6,6,6,8),(0.,8.425075152343E-02,0.105853766839,
    0.145014716202,0.17528147805,0.191882619728,0.210174537257,
    0.250066297314,0.289922391638,0.30827290078,0.324955203295,
    0.35547929906,0.394130148897,0.416122012581,0.440727100081,
    0.500000045423,0.559272990766,0.583878078266,0.60586994195,
    0.644520791789,0.675044887556,0.691727190071,0.71007769791,
    0.749933786627,0.789825541074,0.808117456031,0.824718594309,
    0.854985347962,0.894146286723,0.915749293411,1.),.UNSPECIFIED.);
#3771 = CARTESIAN_POINT('',(-44.8,31.903286631067,13.664277140834));
#3772 = CARTESIAN_POINT('',(-44.8,31.903286631067,13.831162127354));
#3773 = CARTESIAN_POINT('',(-44.78839552291,31.895970277124,
    13.998487933348));
#3774 = CARTESIAN_POINT('',(-44.76507665712,31.881267302939,
    14.164955346289));
#3775 = CARTESIAN_POINT('',(-44.73017014661,31.858638150649,
    14.329213503006));
#3776 = CARTESIAN_POINT('',(-44.68407360684,31.827045908468,
    14.489883348232));
#3777 = CARTESIAN_POINT('',(-44.62748807748,31.784949047583,
    14.645554043042));
#3778 = CARTESIAN_POINT('',(-44.544758196,31.716174047108,14.83301769408
    ));
#3779 = CARTESIAN_POINT('',(-44.52728138247,31.701320374177,
    14.870814586351));
#3780 = CARTESIAN_POINT('',(-44.5092451384,31.685624125479,
    14.908103291664));
#3781 = CARTESIAN_POINT('',(-44.49068618752,31.669060951557,
    14.944840195664));
#3782 = CARTESIAN_POINT('',(-44.47164440433,31.651606904392,
    14.980984896507));
#3783 = CARTESIAN_POINT('',(-44.45216281416,31.633238437407,
    15.016500204866));
#3784 = CARTESIAN_POINT('',(-44.39625870957,31.578935321574,
    15.114530130932));
#3785 = CARTESIAN_POINT('',(-44.35890885471,31.54083141447,
    15.175575475771));
#3786 = CARTESIAN_POINT('',(-44.32058483565,31.499550624876,
    15.234143896888));
#3787 = CARTESIAN_POINT('',(-44.28167164139,31.455059308559,
    15.289968325333));
#3788 = CARTESIAN_POINT('',(-44.24257688084,31.407369263061,
    15.342850164077));
#3789 = CARTESIAN_POINT('',(-44.2037152208,31.356546754429,
    15.392650547321));
#3790 = CARTESIAN_POINT('',(-44.13595145171,31.261121050255,
    15.475321863976));
#3791 = CARTESIAN_POINT('',(-44.10681949995,31.217765762844,
    15.509435327852));
#3792 = CARTESIAN_POINT('',(-44.0782797354,31.172716444141,
    15.54159184591));
#3793 = CARTESIAN_POINT('',(-44.05051150727,31.126056515218,
    15.571777512861));
#3794 = CARTESIAN_POINT('',(-44.02368586123,31.077892602959,
    15.599992983734));
#3795 = CARTESIAN_POINT('',(-43.99796065339,31.028355087235,
    15.626251793971));
#3796 = CARTESIAN_POINT('',(-43.96004579108,30.94975903833,
    15.663921833802));
#3797 = CARTESIAN_POINT('',(-43.9469862863,30.921547113189,
    15.676686425426));
#3798 = CARTESIAN_POINT('',(-43.93431686063,30.892980319801,
    15.688879896878));
#3799 = CARTESIAN_POINT('',(-43.92205594431,30.864077349515,
    15.700509814158));
#3800 = CARTESIAN_POINT('',(-43.9102206871,30.834858137873,
    15.711583866761));
#3801 = CARTESIAN_POINT('',(-43.8988269583,30.805343864606,
    15.722109867681));
#3802 = CARTESIAN_POINT('',(-43.87583777263,30.742736336267,
    15.743098671265));
#3803 = CARTESIAN_POINT('',(-43.86433976023,30.709584411188,
    15.753445910309));
#3804 = CARTESIAN_POINT('',(-43.853411966,30.676123663535,
    15.763150552575));
#3805 = CARTESIAN_POINT('',(-43.84306943893,30.642377419718,
    15.772224987014));
#3806 = CARTESIAN_POINT('',(-43.83332562049,30.608369847417,
    15.780680909485));
#3807 = CARTESIAN_POINT('',(-43.82419234469,30.574125955587,
    15.788529322764));
#3808 = CARTESIAN_POINT('',(-43.79711541608,30.46453211796,
    15.811594279385));
#3809 = CARTESIAN_POINT('',(-43.78150760844,30.388408618287,
    15.824564041946));
#3810 = CARTESIAN_POINT('',(-43.7689412544,30.311497875792,
    15.834814058548));
#3811 = CARTESIAN_POINT('',(-43.75947831247,30.233999242924,
    15.842437679919));
#3812 = CARTESIAN_POINT('',(-43.7531585112,30.156114258134,
    15.847497659589));
#3813 = CARTESIAN_POINT('',(-43.75,30.078046259773,15.850026440274));
#3814 = CARTESIAN_POINT('',(-43.75,29.922023518475,15.850026440274));
#3815 = CARTESIAN_POINT('',(-43.75315286549,29.844025404016,
    15.847502179574));
#3816 = CARTESIAN_POINT('',(-43.7594613594,29.76620982304,
    15.842451253337));
#3817 = CARTESIAN_POINT('',(-43.76890739821,29.688779536868,
    15.834841333977));
#3818 = CARTESIAN_POINT('',(-43.78145140395,29.611935517708,
    15.824609885871));
#3819 = CARTESIAN_POINT('',(-43.79703165612,29.535876564637,
    15.81166388006));
#3820 = CARTESIAN_POINT('',(-43.82409612565,29.426231733919,
    15.788612082205));
#3821 = CARTESIAN_POINT('',(-43.83325345668,29.391876126105,
    15.780743727781));
#3822 = CARTESIAN_POINT('',(-43.84302532459,29.357758198968,
    15.772264042279));
#3823 = CARTESIAN_POINT('',(-43.85339978913,29.323903203519,
    15.763161920065));
#3824 = CARTESIAN_POINT('',(-43.86436328206,29.290335538942,
    15.753425553275));
#3825 = CARTESIAN_POINT('',(-43.87590060708,29.257078752597,
    15.743042431822));
#3826 = CARTESIAN_POINT('',(-43.89898980205,29.194225308232,
    15.721960159161));
#3827 = CARTESIAN_POINT('',(-43.91044517087,29.164570488457,
    15.711375494646));
#3828 = CARTESIAN_POINT('',(-43.92234622618,29.135213855995,
    15.700237301365));
#3829 = CARTESIAN_POINT('',(-43.93467684191,29.106176914608,
    15.688537659485));
#3830 = CARTESIAN_POINT('',(-43.94741958613,29.077479896517,
    15.676268777824));
#3831 = CARTESIAN_POINT('',(-43.96055572103,29.049141762401,
    15.663422993846));
#3832 = CARTESIAN_POINT('',(-43.99878389628,28.970018117213,
    15.625419107858));
#3833 = CARTESIAN_POINT('',(-44.02476191995,28.920097604335,
    15.59887973456));
#3834 = CARTESIAN_POINT('',(-44.05185553358,28.871577455721,
    15.570349508424));
#3835 = CARTESIAN_POINT('',(-44.07990228204,28.824591250354,
    15.539814968065));
#3836 = CARTESIAN_POINT('',(-44.10872611611,28.77924793328,
    15.507276092211));
#3837 = CARTESIAN_POINT('',(-44.13814251324,28.735632395655,
    15.472748055849));
#3838 = CARTESIAN_POINT('',(-44.20572426722,28.640843843125,
    15.390064109527));
#3839 = CARTESIAN_POINT('',(-44.24408884289,28.590813502918,
    15.340782379661));
#3840 = CARTESIAN_POINT('',(-44.28266661178,28.54383716163,
    15.288504076253));
#3841 = CARTESIAN_POINT('',(-44.3210592547,28.499977002531,
    15.233364035363));
#3842 = CARTESIAN_POINT('',(-44.35887539633,28.459243715482,
    15.175553819371));
#3843 = CARTESIAN_POINT('',(-44.39574515468,28.42160494773,
    15.11532988672));
#3844 = CARTESIAN_POINT('',(-44.45158470402,28.367300406627,
    15.017569195945));
#3845 = CARTESIAN_POINT('',(-44.47142822026,28.348579482189,
    14.981427922686));
#3846 = CARTESIAN_POINT('',(-44.49081685438,28.330806752014,
    14.944633695801));
#3847 = CARTESIAN_POINT('',(-44.50970509985,28.313957311916,
    14.907225674895));
#3848 = CARTESIAN_POINT('',(-44.52805066529,28.298005748654,
    14.869246451087));
#3849 = CARTESIAN_POINT('',(-44.54581481111,28.282926305704,
    14.83074207284));
#3850 = CARTESIAN_POINT('',(-44.58214818903,28.252768499325,
    14.748150200159));
#3851 = CARTESIAN_POINT('',(-44.60056328675,28.237902332166,
    14.703940555023));
#3852 = CARTESIAN_POINT('',(-44.61816964097,28.224049638261,
    14.659178408253));
#3853 = CARTESIAN_POINT('',(-44.63493320358,28.211168062388,
    14.613910528689));
#3854 = CARTESIAN_POINT('',(-44.65082421666,28.199217803386,
    14.568185182154));
#3855 = CARTESIAN_POINT('',(-44.6658172125,28.188161614156,
    14.522052131453));
#3856 = CARTESIAN_POINT('',(-44.71379439403,28.15340097477,
    14.363570785069));
#3857 = CARTESIAN_POINT('',(-44.74234978526,28.133834183845,
    14.249555413918));
#3858 = CARTESIAN_POINT('',(-44.76534860732,28.11871500803,
    14.133971896695));
#3859 = CARTESIAN_POINT('',(-44.78266411082,28.107643356022,
    14.017249276181));
#3860 = CARTESIAN_POINT('',(-44.79422468421,28.100354677732,
    13.899796508187));
#3861 = CARTESIAN_POINT('',(-44.8,28.096713368933,13.782009242512));
#3862 = CARTESIAN_POINT('',(-44.8,28.096713368933,13.546545039157));
#3863 = CARTESIAN_POINT('',(-44.79422468421,28.100354677732,
    13.428757773482));
#3864 = CARTESIAN_POINT('',(-44.78266411082,28.107643356022,
    13.311305005488));
#3865 = CARTESIAN_POINT('',(-44.76534860732,28.11871500803,
    13.194582384974));
#3866 = CARTESIAN_POINT('',(-44.74234978526,28.133834183846,
    13.078998867751));
#3867 = CARTESIAN_POINT('',(-44.71379439403,28.15340097477,12.9649834966
    ));
#3868 = CARTESIAN_POINT('',(-44.6658172125,28.188161614156,
    12.806502150215));
#3869 = CARTESIAN_POINT('',(-44.65082421666,28.199217803386,
    12.760369099515));
#3870 = CARTESIAN_POINT('',(-44.63493320358,28.211168062388,
    12.714643752979));
#3871 = CARTESIAN_POINT('',(-44.61816964097,28.224049638261,
    12.669375873415));
#3872 = CARTESIAN_POINT('',(-44.60056328675,28.237902332166,
    12.624613726645));
#3873 = CARTESIAN_POINT('',(-44.58214818903,28.252768499325,
    12.58040408151));
#3874 = CARTESIAN_POINT('',(-44.54581481111,28.282926305704,
    12.497812208828));
#3875 = CARTESIAN_POINT('',(-44.52805066529,28.298005748654,
    12.459307830582));
#3876 = CARTESIAN_POINT('',(-44.50970509985,28.313957311915,
    12.421328606774));
#3877 = CARTESIAN_POINT('',(-44.49081685438,28.330806752014,
    12.383920585869));
#3878 = CARTESIAN_POINT('',(-44.47142822026,28.348579482189,
    12.347126358982));
#3879 = CARTESIAN_POINT('',(-44.45158470402,28.367300406627,
    12.310985085723));
#3880 = CARTESIAN_POINT('',(-44.39574515468,28.42160494773,
    12.213224394949));
#3881 = CARTESIAN_POINT('',(-44.35887539633,28.459243715482,
    12.153000462297));
#3882 = CARTESIAN_POINT('',(-44.3210592547,28.499977002531,
    12.095190246306));
#3883 = CARTESIAN_POINT('',(-44.28266661178,28.54383716163,
    12.040050205415));
#3884 = CARTESIAN_POINT('',(-44.24408884289,28.590813502918,
    11.987771902007));
#3885 = CARTESIAN_POINT('',(-44.20572426722,28.640843843125,
    11.938490172141));
#3886 = CARTESIAN_POINT('',(-44.13814251324,28.735632395655,
    11.855806225819));
#3887 = CARTESIAN_POINT('',(-44.10872611611,28.77924793328,
    11.821278189458));
#3888 = CARTESIAN_POINT('',(-44.07990228204,28.824591250354,
    11.788739313603));
#3889 = CARTESIAN_POINT('',(-44.05185553358,28.871577455721,
    11.758204773245));
#3890 = CARTESIAN_POINT('',(-44.02476191995,28.920097604335,
    11.729674547109));
#3891 = CARTESIAN_POINT('',(-43.99878389628,28.970018117213,
    11.703135173811));
#3892 = CARTESIAN_POINT('',(-43.96055572103,29.049141762401,
    11.665131287822));
#3893 = CARTESIAN_POINT('',(-43.94741958613,29.077479896517,
    11.652285503845));
#3894 = CARTESIAN_POINT('',(-43.93467684191,29.106176914608,
    11.640016622183));
#3895 = CARTESIAN_POINT('',(-43.92234622618,29.135213855995,
    11.628316980304));
#3896 = CARTESIAN_POINT('',(-43.91044517087,29.164570488457,
    11.617178787022));
#3897 = CARTESIAN_POINT('',(-43.89898980205,29.194225308232,
    11.606594122508));
#3898 = CARTESIAN_POINT('',(-43.87590060794,29.257078750257,
    11.585511850631));
#3899 = CARTESIAN_POINT('',(-43.86436328227,29.290335538714,
    11.575128728605));
#3900 = CARTESIAN_POINT('',(-43.8533997886,29.323903205435,
    11.565392361145));
#3901 = CARTESIAN_POINT('',(-43.84302532395,29.357758200857,
    11.556290238819));
#3902 = CARTESIAN_POINT('',(-43.83325345663,29.391876125809,
    11.547810553821));
#3903 = CARTESIAN_POINT('',(-43.82409612624,29.426231731512,
    11.53994219997));
#3904 = CARTESIAN_POINT('',(-43.79703165612,29.535876564637,
    11.516890401609));
#3905 = CARTESIAN_POINT('',(-43.78145140395,29.611935517708,
    11.503944395798));
#3906 = CARTESIAN_POINT('',(-43.76890739821,29.688779536868,
    11.493712947692));
#3907 = CARTESIAN_POINT('',(-43.7594613594,29.76620982304,
    11.486103028332));
#3908 = CARTESIAN_POINT('',(-43.75315286549,29.844025404016,
    11.481052102094));
#3909 = CARTESIAN_POINT('',(-43.75,29.922023518475,11.478527841395));
#3910 = CARTESIAN_POINT('',(-43.75,30.078046259773,11.478527841395));
#3911 = CARTESIAN_POINT('',(-43.7531585112,30.156114258134,
    11.48105662208));
#3912 = CARTESIAN_POINT('',(-43.75947831247,30.233999242924,
    11.486116601749));
#3913 = CARTESIAN_POINT('',(-43.7689412544,30.311497875791,
    11.493740223121));
#3914 = CARTESIAN_POINT('',(-43.78150760844,30.388408618287,
    11.503990239722));
#3915 = CARTESIAN_POINT('',(-43.79711541608,30.464532117961,
    11.516960002284));
#3916 = CARTESIAN_POINT('',(-43.82419234469,30.574125955589,
    11.540024958905));
#3917 = CARTESIAN_POINT('',(-43.83332562049,30.608369847417,
    11.547873372183));
#3918 = CARTESIAN_POINT('',(-43.84306943893,30.642377419716,
    11.556329294654));
#3919 = CARTESIAN_POINT('',(-43.853411966,30.676123663534,
    11.565403729093));
#3920 = CARTESIAN_POINT('',(-43.86433976023,30.709584411188,
    11.57510837136));
#3921 = CARTESIAN_POINT('',(-43.87583777263,30.742736336269,
    11.585455610404));
#3922 = CARTESIAN_POINT('',(-43.8988269576,30.805343862691,
    11.606444413345));
#3923 = CARTESIAN_POINT('',(-43.9102206871,30.834858137626,
    11.616970414941));
#3924 = CARTESIAN_POINT('',(-43.92205594498,30.864077351003,
    11.628044468166));
#3925 = CARTESIAN_POINT('',(-43.93431686123,30.89298032132,
    11.639674385351));
#3926 = CARTESIAN_POINT('',(-43.94698628612,30.921547113023,
    11.651867856039));
#3927 = CARTESIAN_POINT('',(-43.96004579019,30.949759036495,
    11.664632446987));
#3928 = CARTESIAN_POINT('',(-43.99796065339,31.028355087235,
    11.702302487698));
#3929 = CARTESIAN_POINT('',(-44.02368586123,31.077892602959,
    11.728561297934));
#3930 = CARTESIAN_POINT('',(-44.05051150727,31.126056515218,
    11.756776768808));
#3931 = CARTESIAN_POINT('',(-44.0782797354,31.172716444141,
    11.786962435759));
#3932 = CARTESIAN_POINT('',(-44.10681949995,31.217765762844,
    11.819118953817));
#3933 = CARTESIAN_POINT('',(-44.13595145171,31.261121050255,
    11.853232417692));
#3934 = CARTESIAN_POINT('',(-44.2037152208,31.356546754429,
    11.935903734348));
#3935 = CARTESIAN_POINT('',(-44.24257688084,31.407369263061,
    11.985704117592));
#3936 = CARTESIAN_POINT('',(-44.28167164139,31.455059308559,
    12.038585956336));
#3937 = CARTESIAN_POINT('',(-44.32058483565,31.499550624876,
    12.094410384781));
#3938 = CARTESIAN_POINT('',(-44.35890885471,31.54083141447,
    12.152978805897));
#3939 = CARTESIAN_POINT('',(-44.39625870957,31.578935321574,
    12.214024150737));
#3940 = CARTESIAN_POINT('',(-44.4521628116,31.633238434924,
    12.312054072321));
#3941 = CARTESIAN_POINT('',(-44.47164440384,31.651606903781,
    12.347569384782));
#3942 = CARTESIAN_POINT('',(-44.49068618928,31.669060953089,
    12.383714089753));
#3943 = CARTESIAN_POINT('',(-44.50924514036,31.68562412731,
    12.420450993652));
#3944 = CARTESIAN_POINT('',(-44.52728138244,31.701320374312,
    12.457739694687));
#3945 = CARTESIAN_POINT('',(-44.54475819391,31.716174045372,
    12.495536582855));
#3946 = CARTESIAN_POINT('',(-44.6274880768,31.784949047021,
    12.683000237094));
#3947 = CARTESIAN_POINT('',(-44.68407360869,31.827045909994,
    12.838670937049));
#3948 = CARTESIAN_POINT('',(-44.73017014449,31.858638148881,
    12.999340776695));
#3949 = CARTESIAN_POINT('',(-44.76507665825,31.881267303913,
    13.163598932495));
#3950 = CARTESIAN_POINT('',(-44.78839552269,31.895970276909,
    13.330066352624));
#3951 = CARTESIAN_POINT('',(-44.8,31.903286631067,13.497392152558));
#3952 = CARTESIAN_POINT('',(-44.8,31.903286631067,13.664277140834));
#3953 = PCURVE('',#499,#3954);
#3954 = DEFINITIONAL_REPRESENTATION('',(#3955),#4138);
#3955 = B_SPLINE_CURVE_WITH_KNOTS('',7,(#3956,#3957,#3958,#3959,#3960,
    #3961,#3962,#3963,#3964,#3965,#3966,#3967,#3968,#3969,#3970,#3971,
    #3972,#3973,#3974,#3975,#3976,#3977,#3978,#3979,#3980,#3981,#3982,
    #3983,#3984,#3985,#3986,#3987,#3988,#3989,#3990,#3991,#3992,#3993,
    #3994,#3995,#3996,#3997,#3998,#3999,#4000,#4001,#4002,#4003,#4004,
    #4005,#4006,#4007,#4008,#4009,#4010,#4011,#4012,#4013,#4014,#4015,
    #4016,#4017,#4018,#4019,#4020,#4021,#4022,#4023,#4024,#4025,#4026,
    #4027,#4028,#4029,#4030,#4031,#4032,#4033,#4034,#4035,#4036,#4037,
    #4038,#4039,#4040,#4041,#4042,#4043,#4044,#4045,#4046,#4047,#4048,
    #4049,#4050,#4051,#4052,#4053,#4054,#4055,#4056,#4057,#4058,#4059,
    #4060,#4061,#4062,#4063,#4064,#4065,#4066,#4067,#4068,#4069,#4070,
    #4071,#4072,#4073,#4074,#4075,#4076,#4077,#4078,#4079,#4080,#4081,
    #4082,#4083,#4084,#4085,#4086,#4087,#4088,#4089,#4090,#4091,#4092,
    #4093,#4094,#4095,#4096,#4097,#4098,#4099,#4100,#4101,#4102,#4103,
    #4104,#4105,#4106,#4107,#4108,#4109,#4110,#4111,#4112,#4113,#4114,
    #4115,#4116,#4117,#4118,#4119,#4120,#4121,#4122,#4123,#4124,#4125,
    #4126,#4127,#4128,#4129,#4130,#4131,#4132,#4133,#4134,#4135,#4136,
    #4137),.UNSPECIFIED.,.T.,.F.,(8,6,6,6,6,6,6,6,6,6,6,6,6,6,6,6,6,6,6,
    6,6,6,6,6,6,6,6,6,6,6,8),(0.,8.425075152343E-02,0.105853766839,
    0.145014716202,0.17528147805,0.191882619728,0.210174537257,
    0.250066297314,0.289922391638,0.30827290078,0.324955203295,
    0.35547929906,0.394130148897,0.416122012581,0.440727100081,
    0.500000045423,0.559272990766,0.583878078266,0.60586994195,
    0.644520791789,0.675044887556,0.691727190071,0.71007769791,
    0.749933786627,0.789825541074,0.808117456031,0.824718594309,
    0.854985347962,0.894146286723,0.915749293411,1.),.UNSPECIFIED.);
#3956 = CARTESIAN_POINT('',(4.149852735841,13.664277140834));
#3957 = CARTESIAN_POINT('',(4.149852735841,13.831162127354));
#3958 = CARTESIAN_POINT('',(4.143755746223,13.998487933348));
#3959 = CARTESIAN_POINT('',(4.131503425305,14.164955346289));
#3960 = CARTESIAN_POINT('',(4.11301676103,14.329213503006));
#3961 = CARTESIAN_POINT('',(4.088196650925,14.489883348232));
#3962 = CARTESIAN_POINT('',(4.056896806534,14.645554043042));
#3963 = CARTESIAN_POINT('',(4.009081867022,14.83301769408));
#3964 = CARTESIAN_POINT('',(3.998888531095,14.870814586351));
#3965 = CARTESIAN_POINT('',(3.98826317413,14.908103291664));
#3966 = CARTESIAN_POINT('',(3.977209264742,14.944840195664));
#3967 = CARTESIAN_POINT('',(3.965730669135,14.980984896507));
#3968 = CARTESIAN_POINT('',(3.953831651103,15.016500204866));
#3969 = CARTESIAN_POINT('',(3.919193208748,15.114530130932));
#3970 = CARTESIAN_POINT('',(3.895486126434,15.175575475771));
#3971 = CARTESIAN_POINT('',(3.870467066402,15.234143896888));
#3972 = CARTESIAN_POINT('',(3.844219173981,15.289968325333));
#3973 = CARTESIAN_POINT('',(3.816835835698,15.342850164077));
#3974 = CARTESIAN_POINT('',(3.788419216467,15.392650547321));
#3975 = CARTESIAN_POINT('',(3.736402137755,15.475321863976));
#3976 = CARTESIAN_POINT('',(3.713194897498,15.509435327852));
#3977 = CARTESIAN_POINT('',(3.689507265749,15.54159184591));
#3978 = CARTESIAN_POINT('',(3.665392339196,15.571777512861));
#3979 = CARTESIAN_POINT('',(3.640906328594,15.599992983734));
#3980 = CARTESIAN_POINT('',(3.616108765873,15.626251793971));
#3981 = CARTESIAN_POINT('',(3.577325096949,15.663921833802));
#3982 = CARTESIAN_POINT('',(3.563509991705,15.676686425426));
#3983 = CARTESIAN_POINT('',(3.549623887423,15.688879896878));
#3984 = CARTESIAN_POINT('',(3.535673389462,15.700509814158));
#3985 = CARTESIAN_POINT('',(3.52166521665,15.711583866761));
#3986 = CARTESIAN_POINT('',(3.507606201288,15.722109867681));
#3987 = CARTESIAN_POINT('',(3.47796403825,15.743098671265));
#3988 = CARTESIAN_POINT('',(3.462371398455,15.753445910309));
#3989 = CARTESIAN_POINT('',(3.446731099037,15.763150552575));
#3990 = CARTESIAN_POINT('',(3.431048876826,15.772224987014));
#3991 = CARTESIAN_POINT('',(3.415330476205,15.780680909485));
#3992 = CARTESIAN_POINT('',(3.399581649111,15.788529322764));
#3993 = CARTESIAN_POINT('',(3.3494086756,15.811594279385));
#3994 = CARTESIAN_POINT('',(3.31489980565,15.824564041946));
#3995 = CARTESIAN_POINT('',(3.280308979652,15.834814058548));
#3996 = CARTESIAN_POINT('',(3.245660480435,15.842437679919));
#3997 = CARTESIAN_POINT('',(3.210976779971,15.847497659589));
#3998 = CARTESIAN_POINT('',(3.176279880155,15.850026440274));
#3999 = CARTESIAN_POINT('',(3.106936439579,15.850026440274));
#4000 = CARTESIAN_POINT('',(3.072270599343,15.847502179574));
#4001 = CARTESIAN_POINT('',(3.037617927607,15.842451253337));
#4002 = CARTESIAN_POINT('',(3.00300035377,15.834841333977));
#4003 = CARTESIAN_POINT('',(2.968440276095,15.824609885871));
#4004 = CARTESIAN_POINT('',(2.933961895885,15.81166388006));
#4005 = CARTESIAN_POINT('',(2.88376824735,15.788612082205));
#4006 = CARTESIAN_POINT('',(2.867968716807,15.780743727781));
#4007 = CARTESIAN_POINT('',(2.852199773973,15.772264042279));
#4008 = CARTESIAN_POINT('',(2.836467225166,15.763161920065));
#4009 = CARTESIAN_POINT('',(2.82077686909,15.753425553275));
#4010 = CARTESIAN_POINT('',(2.805134496832,15.743042431822));
#4011 = CARTESIAN_POINT('',(2.775374414551,15.721960159161));
#4012 = CARTESIAN_POINT('',(2.761247287792,15.711375494646));
#4013 = CARTESIAN_POINT('',(2.747171571011,15.700237301365));
#4014 = CARTESIAN_POINT('',(2.733154207418,15.688537659485));
#4015 = CARTESIAN_POINT('',(2.719202024003,15.676268777824));
#4016 = CARTESIAN_POINT('',(2.705321731535,15.663422993846));
#4017 = CARTESIAN_POINT('',(2.666266355565,15.625419107858));
#4018 = CARTESIAN_POINT('',(2.641266208268,15.59887973456));
#4019 = CARTESIAN_POINT('',(2.616584316318,15.570349508424));
#4020 = CARTESIAN_POINT('',(2.592281858147,15.539814968065));
#4021 = CARTESIAN_POINT('',(2.568416564974,15.507276092211));
#4022 = CARTESIAN_POINT('',(2.545042928786,15.472748055849));
#4023 = CARTESIAN_POINT('',(2.493303480575,15.390064109527));
#4024 = CARTESIAN_POINT('',(2.465299922343,15.340782379661));
#4025 = CARTESIAN_POINT('',(2.438306536679,15.288504076253));
#4026 = CARTESIAN_POINT('',(2.412421192073,15.233364035363));
#4027 = CARTESIAN_POINT('',(2.387733439993,15.175553819371));
#4028 = CARTESIAN_POINT('',(2.364323130417,15.11532988672));
#4029 = CARTESIAN_POINT('',(2.329704820965,15.017569195945));
#4030 = CARTESIAN_POINT('',(2.317581447485,14.981427922686));
#4031 = CARTESIAN_POINT('',(2.305893582165,14.944633695801));
#4032 = CARTESIAN_POINT('',(2.294645775933,14.907225674895));
#4033 = CARTESIAN_POINT('',(2.283842254246,14.869246451087));
#4034 = CARTESIAN_POINT('',(2.273486715925,14.83074207284));
#4035 = CARTESIAN_POINT('',(2.252500617591,14.748150200159));
#4036 = CARTESIAN_POINT('',(2.241982890099,14.703940555023));
#4037 = CARTESIAN_POINT('',(2.232027367672,14.659178408253));
#4038 = CARTESIAN_POINT('',(2.222632383483,14.613910528689));
#4039 = CARTESIAN_POINT('',(2.213796185731,14.568185182154));
#4040 = CARTESIAN_POINT('',(2.205516937633,14.522052131453));
#4041 = CARTESIAN_POINT('',(2.179185294001,14.363570785069));
#4042 = CARTESIAN_POINT('',(2.163805666183,14.249555413918));
#4043 = CARTESIAN_POINT('',(2.151575272629,14.133971896695));
#4044 = CARTESIAN_POINT('',(2.142440895298,14.017249276181));
#4045 = CARTESIAN_POINT('',(2.136366993843,13.899796508187));
#4046 = CARTESIAN_POINT('',(2.133332571339,13.782009242512));
#4047 = CARTESIAN_POINT('',(2.133332571339,13.546545039157));
#4048 = CARTESIAN_POINT('',(2.136366993843,13.428757773482));
#4049 = CARTESIAN_POINT('',(2.142440895298,13.311305005488));
#4050 = CARTESIAN_POINT('',(2.151575272629,13.194582384974));
#4051 = CARTESIAN_POINT('',(2.163805666183,13.078998867751));
#4052 = CARTESIAN_POINT('',(2.179185294001,12.9649834966));
#4053 = CARTESIAN_POINT('',(2.205516937633,12.806502150215));
#4054 = CARTESIAN_POINT('',(2.213796185731,12.760369099515));
#4055 = CARTESIAN_POINT('',(2.222632383483,12.714643752979));
#4056 = CARTESIAN_POINT('',(2.232027367672,12.669375873415));
#4057 = CARTESIAN_POINT('',(2.241982890099,12.624613726645));
#4058 = CARTESIAN_POINT('',(2.252500617591,12.58040408151));
#4059 = CARTESIAN_POINT('',(2.273486715925,12.497812208828));
#4060 = CARTESIAN_POINT('',(2.283842254246,12.459307830582));
#4061 = CARTESIAN_POINT('',(2.294645775933,12.421328606774));
#4062 = CARTESIAN_POINT('',(2.305893582165,12.383920585869));
#4063 = CARTESIAN_POINT('',(2.317581447485,12.347126358982));
#4064 = CARTESIAN_POINT('',(2.329704820965,12.310985085723));
#4065 = CARTESIAN_POINT('',(2.364323130417,12.213224394949));
#4066 = CARTESIAN_POINT('',(2.387733439993,12.153000462297));
#4067 = CARTESIAN_POINT('',(2.412421192073,12.095190246306));
#4068 = CARTESIAN_POINT('',(2.438306536679,12.040050205415));
#4069 = CARTESIAN_POINT('',(2.465299922343,11.987771902007));
#4070 = CARTESIAN_POINT('',(2.493303480575,11.938490172141));
#4071 = CARTESIAN_POINT('',(2.545042928786,11.855806225819));
#4072 = CARTESIAN_POINT('',(2.568416564974,11.821278189458));
#4073 = CARTESIAN_POINT('',(2.592281858147,11.788739313603));
#4074 = CARTESIAN_POINT('',(2.616584316318,11.758204773245));
#4075 = CARTESIAN_POINT('',(2.641266208268,11.729674547109));
#4076 = CARTESIAN_POINT('',(2.666266355565,11.703135173811));
#4077 = CARTESIAN_POINT('',(2.705321731535,11.665131287822));
#4078 = CARTESIAN_POINT('',(2.719202024003,11.652285503845));
#4079 = CARTESIAN_POINT('',(2.733154207418,11.640016622183));
#4080 = CARTESIAN_POINT('',(2.747171571011,11.628316980304));
#4081 = CARTESIAN_POINT('',(2.761247287792,11.617178787022));
#4082 = CARTESIAN_POINT('',(2.775374414551,11.606594122508));
#4083 = CARTESIAN_POINT('',(2.805134495724,11.585511850631));
#4084 = CARTESIAN_POINT('',(2.820776868965,11.575128728605));
#4085 = CARTESIAN_POINT('',(2.83646722605,11.565392361145));
#4086 = CARTESIAN_POINT('',(2.852199774859,11.556290238819));
#4087 = CARTESIAN_POINT('',(2.867968716688,11.547810553821));
#4088 = CARTESIAN_POINT('',(2.883768246248,11.53994219997));
#4089 = CARTESIAN_POINT('',(2.933961895885,11.516890401609));
#4090 = CARTESIAN_POINT('',(2.968440276095,11.503944395798));
#4091 = CARTESIAN_POINT('',(3.00300035377,11.493712947692));
#4092 = CARTESIAN_POINT('',(3.037617927607,11.486103028332));
#4093 = CARTESIAN_POINT('',(3.072270599343,11.481052102094));
#4094 = CARTESIAN_POINT('',(3.106936439579,11.478527841395));
#4095 = CARTESIAN_POINT('',(3.176279880156,11.478527841395));
#4096 = CARTESIAN_POINT('',(3.210976779971,11.48105662208));
#4097 = CARTESIAN_POINT('',(3.245660480434,11.486116601749));
#4098 = CARTESIAN_POINT('',(3.280308979652,11.493740223121));
#4099 = CARTESIAN_POINT('',(3.31489980565,11.503990239722));
#4100 = CARTESIAN_POINT('',(3.349408675601,11.516960002284));
#4101 = CARTESIAN_POINT('',(3.399581649112,11.540024958905));
#4102 = CARTESIAN_POINT('',(3.415330476205,11.547873372183));
#4103 = CARTESIAN_POINT('',(3.431048876826,11.556329294654));
#4104 = CARTESIAN_POINT('',(3.446731099037,11.565403729093));
#4105 = CARTESIAN_POINT('',(3.462371398455,11.57510837136));
#4106 = CARTESIAN_POINT('',(3.477964038251,11.585455610404));
#4107 = CARTESIAN_POINT('',(3.507606200381,11.606444413345));
#4108 = CARTESIAN_POINT('',(3.521665216549,11.616970414941));
#4109 = CARTESIAN_POINT('',(3.535673390188,11.628044468166));
#4110 = CARTESIAN_POINT('',(3.54962388815,11.639674385351));
#4111 = CARTESIAN_POINT('',(3.563509991606,11.651867856039));
#4112 = CARTESIAN_POINT('',(3.577325096043,11.664632446987));
#4113 = CARTESIAN_POINT('',(3.616108765873,11.702302487698));
#4114 = CARTESIAN_POINT('',(3.640906328594,11.728561297934));
#4115 = CARTESIAN_POINT('',(3.665392339196,11.756776768808));
#4116 = CARTESIAN_POINT('',(3.689507265749,11.786962435759));
#4117 = CARTESIAN_POINT('',(3.713194897498,11.819118953817));
#4118 = CARTESIAN_POINT('',(3.736402137755,11.853232417692));
#4119 = CARTESIAN_POINT('',(3.788419216467,11.935903734348));
#4120 = CARTESIAN_POINT('',(3.816835835698,11.985704117592));
#4121 = CARTESIAN_POINT('',(3.844219173981,12.038585956336));
#4122 = CARTESIAN_POINT('',(3.870467066402,12.094410384781));
#4123 = CARTESIAN_POINT('',(3.895486126434,12.152978805897));
#4124 = CARTESIAN_POINT('',(3.919193208749,12.214024150737));
#4125 = CARTESIAN_POINT('',(3.953831649519,12.312054072321));
#4126 = CARTESIAN_POINT('',(3.96573066879,12.347569384782));
#4127 = CARTESIAN_POINT('',(3.977209265781,12.383714089753));
#4128 = CARTESIAN_POINT('',(3.98826317532,12.420450993652));
#4129 = CARTESIAN_POINT('',(3.998888531128,12.457739694687));
#4130 = CARTESIAN_POINT('',(4.009081865815,12.495536582855));
#4131 = CARTESIAN_POINT('',(4.056896806143,12.683000237094));
#4132 = CARTESIAN_POINT('',(4.088196651992,12.838670937049));
#4133 = CARTESIAN_POINT('',(4.113016759802,12.999340776695));
#4134 = CARTESIAN_POINT('',(4.131503425965,13.163598932495));
#4135 = CARTESIAN_POINT('',(4.143755746086,13.330066352624));
#4136 = CARTESIAN_POINT('',(4.149852735841,13.497392152558));
#4137 = CARTESIAN_POINT('',(4.149852735841,13.664277140834));
#4138 = ( GEOMETRIC_REPRESENTATION_CONTEXT(2) 
PARAMETRIC_REPRESENTATION_CONTEXT() REPRESENTATION_CONTEXT('2D SPACE',''
  ) );
#4139 = PCURVE('',#720,#4140);
#4140 = DEFINITIONAL_REPRESENTATION('',(#4141),#4324);
#4141 = B_SPLINE_CURVE_WITH_KNOTS('',7,(#4142,#4143,#4144,#4145,#4146,
    #4147,#4148,#4149,#4150,#4151,#4152,#4153,#4154,#4155,#4156,#4157,
    #4158,#4159,#4160,#4161,#4162,#4163,#4164,#4165,#4166,#4167,#4168,
    #4169,#4170,#4171,#4172,#4173,#4174,#4175,#4176,#4177,#4178,#4179,
    #4180,#4181,#4182,#4183,#4184,#4185,#4186,#4187,#4188,#4189,#4190,
    #4191,#4192,#4193,#4194,#4195,#4196,#4197,#4198,#4199,#4200,#4201,
    #4202,#4203,#4204,#4205,#4206,#4207,#4208,#4209,#4210,#4211,#4212,
    #4213,#4214,#4215,#4216,#4217,#4218,#4219,#4220,#4221,#4222,#4223,
    #4224,#4225,#4226,#4227,#4228,#4229,#4230,#4231,#4232,#4233,#4234,
    #4235,#4236,#4237,#4238,#4239,#4240,#4241,#4242,#4243,#4244,#4245,
    #4246,#4247,#4248,#4249,#4250,#4251,#4252,#4253,#4254,#4255,#4256,
    #4257,#4258,#4259,#4260,#4261,#4262,#4263,#4264,#4265,#4266,#4267,
    #4268,#4269,#4270,#4271,#4272,#4273,#4274,#4275,#4276,#4277,#4278,
    #4279,#4280,#4281,#4282,#4283,#4284,#4285,#4286,#4287,#4288,#4289,
    #4290,#4291,#4292,#4293,#4294,#4295,#4296,#4297,#4298,#4299,#4300,
    #4301,#4302,#4303,#4304,#4305,#4306,#4307,#4308,#4309,#4310,#4311,
    #4312,#4313,#4314,#4315,#4316,#4317,#4318,#4319,#4320,#4321,#4322,
    #4323),.UNSPECIFIED.,.T.,.F.,(8,6,6,6,6,6,6,6,6,6,6,6,6,6,6,6,6,6,6,
    6,6,6,6,6,6,6,6,6,6,6,8),(0.,8.425075152343E-02,0.105853766839,
    0.145014716202,0.17528147805,0.191882619728,0.210174537257,
    0.250066297314,0.289922391638,0.30827290078,0.324955203295,
    0.35547929906,0.394130148897,0.416122012581,0.440727100081,
    0.500000045423,0.559272990766,0.583878078266,0.60586994195,
    0.644520791789,0.675044887556,0.691727190071,0.71007769791,
    0.749933786627,0.789825541074,0.808117456031,0.824718594309,
    0.854985347962,0.894146286723,0.915749293411,1.),.UNSPECIFIED.);
#4142 = CARTESIAN_POINT('',(3.14159265359,1.096713368933));
#4143 = CARTESIAN_POINT('',(3.08199087269,1.096713368933));
#4144 = CARTESIAN_POINT('',(3.022231627165,1.104029722876));
#4145 = CARTESIAN_POINT('',(2.962433309996,1.118732697061));
#4146 = CARTESIAN_POINT('',(2.90272358493,1.141361849352));
#4147 = CARTESIAN_POINT('',(2.843256595097,1.172954091532));
#4148 = CARTESIAN_POINT('',(2.784233459546,1.215050952417));
#4149 = CARTESIAN_POINT('',(2.711052409816,1.283825952892));
#4150 = CARTESIAN_POINT('',(2.696182654326,1.298679625823));
#4151 = CARTESIAN_POINT('',(2.681392752645,1.314375874521));
#4152 = CARTESIAN_POINT('',(2.666697064938,1.330939048443));
#4153 = CARTESIAN_POINT('',(2.652109752589,1.348393095608));
#4154 = CARTESIAN_POINT('',(2.6376447782,1.366761562593));
#4155 = CARTESIAN_POINT('',(2.597341186494,1.421064678426));
#4156 = CARTESIAN_POINT('',(2.571794559671,1.45916858553));
#4157 = CARTESIAN_POINT('',(2.546814916833,1.500449375124));
#4158 = CARTESIAN_POINT('',(2.522529645058,1.544940691441));
#4159 = CARTESIAN_POINT('',(2.499055906244,1.592630736939));
#4160 = CARTESIAN_POINT('',(2.476501916573,1.643453245571));
#4161 = CARTESIAN_POINT('',(2.438325241158,1.738878949745));
#4162 = CARTESIAN_POINT('',(2.422307178138,1.782234237156));
#4163 = CARTESIAN_POINT('',(2.406956118374,1.827283555859));
#4164 = CARTESIAN_POINT('',(2.392311641949,1.873943484782));
#4165 = CARTESIAN_POINT('',(2.378409849911,1.922107397041));
#4166 = CARTESIAN_POINT('',(2.365282386623,1.971644912765));
#4167 = CARTESIAN_POINT('',(2.346194216187,2.05024096167));
#4168 = CARTESIAN_POINT('',(2.339672427873,2.078452886811));
#4169 = CARTESIAN_POINT('',(2.333392741702,2.107019680199));
#4170 = CARTESIAN_POINT('',(2.327357571598,2.135922650485));
#4171 = CARTESIAN_POINT('',(2.321569100883,2.165141862127));
#4172 = CARTESIAN_POINT('',(2.316029282271,2.194656135394));
#4173 = CARTESIAN_POINT('',(2.304911679631,2.257263663733));
#4174 = CARTESIAN_POINT('',(2.299387396375,2.290415588812));
#4175 = CARTESIAN_POINT('',(2.294167949374,2.323876336465));
#4176 = CARTESIAN_POINT('',(2.289254141202,2.357622580282));
#4177 = CARTESIAN_POINT('',(2.284646615735,2.391630152583));
#4178 = CARTESIAN_POINT('',(2.280345858154,2.425874044413));
#4179 = CARTESIAN_POINT('',(2.267642651269,2.53546788204));
#4180 = CARTESIAN_POINT('',(2.260395528166,2.611591381713));
#4181 = CARTESIAN_POINT('',(2.254604243983,2.688502124208));
#4182 = CARTESIAN_POINT('',(2.250264324681,2.766000757076));
#4183 = CARTESIAN_POINT('',(2.24737284335,2.843885741866));
#4184 = CARTESIAN_POINT('',(2.245927859732,2.921953740227));
#4185 = CARTESIAN_POINT('',(2.245927859732,3.077976481525));
#4186 = CARTESIAN_POINT('',(2.247370260725,3.155974595984));
#4187 = CARTESIAN_POINT('',(2.250256568249,3.23379017696));
#4188 = CARTESIAN_POINT('',(2.254588716547,3.311220463132));
#4189 = CARTESIAN_POINT('',(2.260369625912,3.388064482292));
#4190 = CARTESIAN_POINT('',(2.267603760036,3.464123435363));
#4191 = CARTESIAN_POINT('',(2.280300532157,3.573768266081));
#4192 = CARTESIAN_POINT('',(2.284612447212,3.608123873895));
#4193 = CARTESIAN_POINT('',(2.289233100277,3.642241801032));
#4194 = CARTESIAN_POINT('',(2.294162002432,3.676096796481));
#4195 = CARTESIAN_POINT('',(2.299398504079,3.709664461058));
#4196 = CARTESIAN_POINT('',(2.304941794942,3.742921247403));
#4197 = CARTESIAN_POINT('',(2.316108282847,3.805774691768));
#4198 = CARTESIAN_POINT('',(2.321678487448,3.835429511543));
#4199 = CARTESIAN_POINT('',(2.327499765188,3.864786144005));
#4200 = CARTESIAN_POINT('',(2.333570127787,3.893823085392));
#4201 = CARTESIAN_POINT('',(2.339887351377,3.922520103483));
#4202 = CARTESIAN_POINT('',(2.3464489765,3.950858237599));
#4203 = CARTESIAN_POINT('',(2.365700562481,4.029981882787));
#4204 = CARTESIAN_POINT('',(2.378962756464,4.079902395665));
#4205 = CARTESIAN_POINT('',(2.393011878597,4.128422544279));
#4206 = CARTESIAN_POINT('',(2.407815276894,4.175408749646));
#4207 = CARTESIAN_POINT('',(2.423335677476,4.22075206672));
#4208 = CARTESIAN_POINT('',(2.439532203212,4.264367604345));
#4209 = CARTESIAN_POINT('',(2.477671195209,4.359156156875));
#4210 = CARTESIAN_POINT('',(2.499970133593,4.409186497082));
#4211 = CARTESIAN_POINT('',(2.523161261848,4.45616283837));
#4212 = CARTESIAN_POINT('',(2.547140376603,4.500022997469));
#4213 = CARTESIAN_POINT('',(2.571794806841,4.540756284518));
#4214 = CARTESIAN_POINT('',(2.597002203967,4.57839505227));
#4215 = CARTESIAN_POINT('',(2.637210856091,4.632699593373));
#4216 = CARTESIAN_POINT('',(2.651933958437,4.651420517811));
#4217 = CARTESIAN_POINT('',(2.66678403696,4.669193247986));
#4218 = CARTESIAN_POINT('',(2.681746401823,4.686042688084));
#4219 = CARTESIAN_POINT('',(2.69680619234,4.701994251346));
#4220 = CARTESIAN_POINT('',(2.711948294019,4.717073694296));
#4221 = CARTESIAN_POINT('',(2.744173450136,4.747231500675));
#4222 = CARTESIAN_POINT('',(2.761274196999,4.762097667834));
#4223 = CARTESIAN_POINT('',(2.778447403192,4.775950361739));
#4224 = CARTESIAN_POINT('',(2.795681246638,4.788831937612));
#4225 = CARTESIAN_POINT('',(2.812964176184,4.800782196614));
#4226 = CARTESIAN_POINT('',(2.830284911602,4.811838385844));
#4227 = CARTESIAN_POINT('',(2.889422147251,4.84659902523));
#4228 = CARTESIAN_POINT('',(2.931350102808,4.866165816155));
#4229 = CARTESIAN_POINT('',(2.973358393082,4.88128499197));
#4230 = CARTESIAN_POINT('',(3.015409699547,4.892356643978));
#4231 = CARTESIAN_POINT('',(3.057478617401,4.899645322268));
#4232 = CARTESIAN_POINT('',(3.099545474419,4.903286631067));
#4233 = CARTESIAN_POINT('',(3.18363983276,4.903286631067));
#4234 = CARTESIAN_POINT('',(3.225706689779,4.899645322268));
#4235 = CARTESIAN_POINT('',(3.267775607633,4.892356643978));
#4236 = CARTESIAN_POINT('',(3.309826914098,4.88128499197));
#4237 = CARTESIAN_POINT('',(3.351835204372,4.866165816154));
#4238 = CARTESIAN_POINT('',(3.393763159928,4.84659902523));
#4239 = CARTESIAN_POINT('',(3.452900395577,4.811838385844));
#4240 = CARTESIAN_POINT('',(3.470221130996,4.800782196614));
#4241 = CARTESIAN_POINT('',(3.487504060542,4.788831937612));
#4242 = CARTESIAN_POINT('',(3.504737903988,4.775950361739));
#4243 = CARTESIAN_POINT('',(3.521911110181,4.762097667834));
#4244 = CARTESIAN_POINT('',(3.539011857044,4.747231500675));
#4245 = CARTESIAN_POINT('',(3.571237013161,4.717073694296));
#4246 = CARTESIAN_POINT('',(3.586379114839,4.701994251346));
#4247 = CARTESIAN_POINT('',(3.601438905356,4.686042688085));
#4248 = CARTESIAN_POINT('',(3.616401270219,4.669193247986));
#4249 = CARTESIAN_POINT('',(3.631251348743,4.651420517811));
#4250 = CARTESIAN_POINT('',(3.645974451089,4.632699593373));
#4251 = CARTESIAN_POINT('',(3.686183103213,4.57839505227));
#4252 = CARTESIAN_POINT('',(3.711390500339,4.540756284518));
#4253 = CARTESIAN_POINT('',(3.736044930577,4.500022997469));
#4254 = CARTESIAN_POINT('',(3.760024045331,4.45616283837));
#4255 = CARTESIAN_POINT('',(3.783215173587,4.409186497082));
#4256 = CARTESIAN_POINT('',(3.805514111971,4.359156156875));
#4257 = CARTESIAN_POINT('',(3.843653103968,4.264367604345));
#4258 = CARTESIAN_POINT('',(3.859849629704,4.22075206672));
#4259 = CARTESIAN_POINT('',(3.875370030286,4.175408749646));
#4260 = CARTESIAN_POINT('',(3.890173428583,4.128422544279));
#4261 = CARTESIAN_POINT('',(3.904222550716,4.079902395665));
#4262 = CARTESIAN_POINT('',(3.917484744698,4.029981882787));
#4263 = CARTESIAN_POINT('',(3.93673633068,3.950858237599));
#4264 = CARTESIAN_POINT('',(3.943297955802,3.922520103483));
#4265 = CARTESIAN_POINT('',(3.949615179393,3.893823085392));
#4266 = CARTESIAN_POINT('',(3.955685541992,3.864786144005));
#4267 = CARTESIAN_POINT('',(3.961506819731,3.835429511543));
#4268 = CARTESIAN_POINT('',(3.967077024333,3.805774691768));
#4269 = CARTESIAN_POINT('',(3.978243511822,3.742921249743));
#4270 = CARTESIAN_POINT('',(3.983786802994,3.709664461286));
#4271 = CARTESIAN_POINT('',(3.989023304998,3.676096794565));
#4272 = CARTESIAN_POINT('',(3.993952207207,3.642241799143));
#4273 = CARTESIAN_POINT('',(3.998572859998,3.608123874191));
#4274 = CARTESIAN_POINT('',(4.002884774744,3.573768268488));
#4275 = CARTESIAN_POINT('',(4.015581547144,3.464123435363));
#4276 = CARTESIAN_POINT('',(4.022815681268,3.388064482292));
#4277 = CARTESIAN_POINT('',(4.028596590633,3.311220463132));
#4278 = CARTESIAN_POINT('',(4.032928738931,3.23379017696));
#4279 = CARTESIAN_POINT('',(4.035815046455,3.155974595984));
#4280 = CARTESIAN_POINT('',(4.037257447448,3.077976481525));
#4281 = CARTESIAN_POINT('',(4.037257447448,2.921953740227));
#4282 = CARTESIAN_POINT('',(4.035812463829,2.843885741866));
#4283 = CARTESIAN_POINT('',(4.032920982499,2.766000757076));
#4284 = CARTESIAN_POINT('',(4.028581063197,2.688502124209));
#4285 = CARTESIAN_POINT('',(4.022789779014,2.611591381713));
#4286 = CARTESIAN_POINT('',(4.015542655911,2.535467882039));
#4287 = CARTESIAN_POINT('',(4.002839449025,2.425874044411));
#4288 = CARTESIAN_POINT('',(3.998538691444,2.391630152583));
#4289 = CARTESIAN_POINT('',(3.993931165978,2.357622580284));
#4290 = CARTESIAN_POINT('',(3.989017357805,2.323876336466));
#4291 = CARTESIAN_POINT('',(3.983797910804,2.290415588812));
#4292 = CARTESIAN_POINT('',(3.978273627548,2.257263663731));
#4293 = CARTESIAN_POINT('',(3.967156025249,2.194656137309));
#4294 = CARTESIAN_POINT('',(3.961616206288,2.165141862374));
#4295 = CARTESIAN_POINT('',(3.955827735246,2.135922648997));
#4296 = CARTESIAN_POINT('',(3.949792565185,2.10701967868));
#4297 = CARTESIAN_POINT('',(3.943512879403,2.078452886977));
#4298 = CARTESIAN_POINT('',(3.936991091438,2.050240963505));
#4299 = CARTESIAN_POINT('',(3.917902920557,1.971644912765));
#4300 = CARTESIAN_POINT('',(3.904775457268,1.922107397041));
#4301 = CARTESIAN_POINT('',(3.89087366523,1.873943484782));
#4302 = CARTESIAN_POINT('',(3.876229188806,1.827283555859));
#4303 = CARTESIAN_POINT('',(3.860878129042,1.782234237156));
#4304 = CARTESIAN_POINT('',(3.844860066022,1.738878949745));
#4305 = CARTESIAN_POINT('',(3.806683390606,1.643453245571));
#4306 = CARTESIAN_POINT('',(3.784129400936,1.592630736939));
#4307 = CARTESIAN_POINT('',(3.760655662122,1.544940691441));
#4308 = CARTESIAN_POINT('',(3.736370390346,1.500449375124));
#4309 = CARTESIAN_POINT('',(3.711390747509,1.45916858553));
#4310 = CARTESIAN_POINT('',(3.685844120686,1.421064678426));
#4311 = CARTESIAN_POINT('',(3.645540530823,1.366761565076));
#4312 = CARTESIAN_POINT('',(3.631075554792,1.348393096219));
#4313 = CARTESIAN_POINT('',(3.616488240761,1.330939046911));
#4314 = CARTESIAN_POINT('',(3.601792553056,1.31437587269));
#4315 = CARTESIAN_POINT('',(3.58700265306,1.298679625688));
#4316 = CARTESIAN_POINT('',(3.572132899211,1.283825954628));
#4317 = CARTESIAN_POINT('',(3.498951848232,1.215050952979));
#4318 = CARTESIAN_POINT('',(3.439928710656,1.172954090006));
#4319 = CARTESIAN_POINT('',(3.380461723112,1.141361851119));
#4320 = CARTESIAN_POINT('',(3.320751998121,1.118732696088));
#4321 = CARTESIAN_POINT('',(3.260953678501,1.104029723091));
#4322 = CARTESIAN_POINT('',(3.201194435117,1.096713368933));
#4323 = CARTESIAN_POINT('',(3.14159265359,1.096713368933));
#4324 = ( GEOMETRIC_REPRESENTATION_CONTEXT(2) 
PARAMETRIC_REPRESENTATION_CONTEXT() REPRESENTATION_CONTEXT('2D SPACE',''
  ) );
#4325 = FACE_BOUND('',#4326,.F.);
#4326 = EDGE_LOOP('',(#4327));
#4327 = ORIENTED_EDGE('',*,*,#4328,.F.);
#4328 = EDGE_CURVE('',#4329,#4329,#4331,.T.);
#4329 = VERTEX_POINT('',#4330);
#4330 = CARTESIAN_POINT('',(-44.8,31.903286631067,101.66427714083));
#4331 = SURFACE_CURVE('',#4332,(#4515,#4701),.PCURVE_S1.);
#4332 = B_SPLINE_CURVE_WITH_KNOTS('',7,(#4333,#4334,#4335,#4336,#4337,
    #4338,#4339,#4340,#4341,#4342,#4343,#4344,#4345,#4346,#4347,#4348,
    #4349,#4350,#4351,#4352,#4353,#4354,#4355,#4356,#4357,#4358,#4359,
    #4360,#4361,#4362,#4363,#4364,#4365,#4366,#4367,#4368,#4369,#4370,
    #4371,#4372,#4373,#4374,#4375,#4376,#4377,#4378,#4379,#4380,#4381,
    #4382,#4383,#4384,#4385,#4386,#4387,#4388,#4389,#4390,#4391,#4392,
    #4393,#4394,#4395,#4396,#4397,#4398,#4399,#4400,#4401,#4402,#4403,
    #4404,#4405,#4406,#4407,#4408,#4409,#4410,#4411,#4412,#4413,#4414,
    #4415,#4416,#4417,#4418,#4419,#4420,#4421,#4422,#4423,#4424,#4425,
    #4426,#4427,#4428,#4429,#4430,#4431,#4432,#4433,#4434,#4435,#4436,
    #4437,#4438,#4439,#4440,#4441,#4442,#4443,#4444,#4445,#4446,#4447,
    #4448,#4449,#4450,#4451,#4452,#4453,#4454,#4455,#4456,#4457,#4458,
    #4459,#4460,#4461,#4462,#4463,#4464,#4465,#4466,#4467,#4468,#4469,
    #4470,#4471,#4472,#4473,#4474,#4475,#4476,#4477,#4478,#4479,#4480,
    #4481,#4482,#4483,#4484,#4485,#4486,#4487,#4488,#4489,#4490,#4491,
    #4492,#4493,#4494,#4495,#4496,#4497,#4498,#4499,#4500,#4501,#4502,
    #4503,#4504,#4505,#4506,#4507,#4508,#4509,#4510,#4511,#4512,#4513,
    #4514),.UNSPECIFIED.,.T.,.F.,(8,6,6,6,6,6,6,6,6,6,6,6,6,6,6,6,6,6,6,
    6,6,6,6,6,6,6,6,6,6,6,8),(0.,8.425073731239E-02,0.105853749207,
    0.14501469237,0.175281449425,0.191882589569,0.210174505607,
    0.250066260324,0.289922349312,0.308272857276,0.324955158834,
    0.355479250839,0.394130095915,0.416121956889,0.440727041356,
    0.499999979394,0.559272917431,0.583878001899,0.605869862872,
    0.644520707948,0.675044799953,0.691727101511,0.710077610774,
    0.749933705349,0.789825465658,0.808117383303,0.824718524898,
    0.854985286238,0.894146234945,0.915749249898,1.),.UNSPECIFIED.);
#4333 = CARTESIAN_POINT('',(-44.8,31.903286631067,101.66427714083));
#4334 = CARTESIAN_POINT('',(-44.8,31.903286631067,101.83116212911));
#4335 = CARTESIAN_POINT('',(-44.78839552269,31.89597027691,
    101.99848792904));
#4336 = CARTESIAN_POINT('',(-44.76507665825,31.881267303912,
    102.16495534917));
#4337 = CARTESIAN_POINT('',(-44.73017014449,31.858638148882,
    102.32921350497));
#4338 = CARTESIAN_POINT('',(-44.68407360869,31.827045909994,
    102.48988334462));
#4339 = CARTESIAN_POINT('',(-44.6274880768,31.784949047021,
    102.64555404457));
#4340 = CARTESIAN_POINT('',(-44.544758196,31.716174047108,
    102.83301769408));
#4341 = CARTESIAN_POINT('',(-44.52728138247,31.701320374177,
    102.87081458635));
#4342 = CARTESIAN_POINT('',(-44.50924513841,31.68562412548,
    102.90810329166));
#4343 = CARTESIAN_POINT('',(-44.49068618752,31.669060951557,
    102.94484019566));
#4344 = CARTESIAN_POINT('',(-44.47164440433,31.651606904392,
    102.9809848965));
#4345 = CARTESIAN_POINT('',(-44.45216281416,31.633238437406,
    103.01650020486));
#4346 = CARTESIAN_POINT('',(-44.39625870957,31.578935321574,
    103.11453013093));
#4347 = CARTESIAN_POINT('',(-44.35890885471,31.54083141447,
    103.17557547577));
#4348 = CARTESIAN_POINT('',(-44.32058483565,31.499550624876,
    103.23414389688));
#4349 = CARTESIAN_POINT('',(-44.28167164139,31.455059308559,
    103.28996832533));
#4350 = CARTESIAN_POINT('',(-44.24257688084,31.407369263061,
    103.34285016407));
#4351 = CARTESIAN_POINT('',(-44.2037152208,31.356546754429,
    103.39265054732));
#4352 = CARTESIAN_POINT('',(-44.13595145171,31.261121050255,
    103.47532186397));
#4353 = CARTESIAN_POINT('',(-44.10681949995,31.217765762844,
    103.50943532785));
#4354 = CARTESIAN_POINT('',(-44.0782797354,31.172716444141,
    103.54159184591));
#4355 = CARTESIAN_POINT('',(-44.05051150727,31.126056515218,
    103.57177751286));
#4356 = CARTESIAN_POINT('',(-44.02368586123,31.077892602959,
    103.59999298373));
#4357 = CARTESIAN_POINT('',(-43.99796065339,31.028355087235,
    103.62625179397));
#4358 = CARTESIAN_POINT('',(-43.96004579019,30.949759036496,
    103.66392183468));
#4359 = CARTESIAN_POINT('',(-43.94698628612,30.921547113023,
    103.67668642562));
#4360 = CARTESIAN_POINT('',(-43.93431686123,30.892980321319,
    103.68887989631));
#4361 = CARTESIAN_POINT('',(-43.92205594498,30.864077351002,
    103.7005098135));
#4362 = CARTESIAN_POINT('',(-43.9102206871,30.834858137627,
    103.71158386672));
#4363 = CARTESIAN_POINT('',(-43.8988269576,30.805343862692,
    103.72210986832));
#4364 = CARTESIAN_POINT('',(-43.87583777328,30.742736338018,
    103.74309867067));
#4365 = CARTESIAN_POINT('',(-43.86433976039,30.709584411358,
    103.75344591015));
#4366 = CARTESIAN_POINT('',(-43.8534119656,30.676123662101,
    103.76315055291));
#4367 = CARTESIAN_POINT('',(-43.84306943845,30.642377418304,
    103.77222498744));
#4368 = CARTESIAN_POINT('',(-43.83332562046,30.608369847638,
    103.78068090953));
#4369 = CARTESIAN_POINT('',(-43.82419234513,30.574125957389,
    103.78852932238));
#4370 = CARTESIAN_POINT('',(-43.79711541608,30.464532117961,
    103.81159427938));
#4371 = CARTESIAN_POINT('',(-43.78150760844,30.388408618287,
    103.82456404194));
#4372 = CARTESIAN_POINT('',(-43.7689412544,30.311497875791,
    103.83481405854));
#4373 = CARTESIAN_POINT('',(-43.75947831247,30.233999242924,
    103.84243767991));
#4374 = CARTESIAN_POINT('',(-43.7531585112,30.156114258134,
    103.84749765958));
#4375 = CARTESIAN_POINT('',(-43.75,30.078046259773,103.85002644027));
#4376 = CARTESIAN_POINT('',(-43.75,29.922023518473,103.85002644027));
#4377 = CARTESIAN_POINT('',(-43.75315286549,29.844025404016,
    103.84750217957));
#4378 = CARTESIAN_POINT('',(-43.7594613594,29.766209823041,
    103.84245125333));
#4379 = CARTESIAN_POINT('',(-43.76890739821,29.688779536869,
    103.83484133397));
#4380 = CARTESIAN_POINT('',(-43.78145140395,29.611935517708,
    103.82460988587));
#4381 = CARTESIAN_POINT('',(-43.79703165613,29.535876564635,
    103.81166388006));
#4382 = CARTESIAN_POINT('',(-43.82409612624,29.426231731512,
    103.78861208169));
#4383 = CARTESIAN_POINT('',(-43.83325345663,29.391876125809,
    103.78074372784));
#4384 = CARTESIAN_POINT('',(-43.84302532395,29.357758200857,
    103.77226404285));
#4385 = CARTESIAN_POINT('',(-43.8533997886,29.323903205434,
    103.76316192052));
#4386 = CARTESIAN_POINT('',(-43.86436328227,29.290335538714,
    103.75342555306));
#4387 = CARTESIAN_POINT('',(-43.87590060794,29.257078750257,
    103.74304243103));
#4388 = CARTESIAN_POINT('',(-43.89898980134,29.194225310153,
    103.7219601598));
#4389 = CARTESIAN_POINT('',(-43.91044517088,29.164570488704,
    103.71137549461));
#4390 = CARTESIAN_POINT('',(-43.92234622685,29.135213854503,
    103.7002373007));
#4391 = CARTESIAN_POINT('',(-43.93467684251,29.106176913083,
    103.68853765892));
#4392 = CARTESIAN_POINT('',(-43.94741958595,29.077479896684,
    103.67626877802));
#4393 = CARTESIAN_POINT('',(-43.96055572015,29.049141764242,
    103.66342299473));
#4394 = CARTESIAN_POINT('',(-43.99878389628,28.970018117212,
    103.62541910785));
#4395 = CARTESIAN_POINT('',(-44.02476191995,28.920097604335,
    103.59887973456));
#4396 = CARTESIAN_POINT('',(-44.05185553358,28.871577455721,
    103.57034950842));
#4397 = CARTESIAN_POINT('',(-44.07990228204,28.824591250353,
    103.53981496806));
#4398 = CARTESIAN_POINT('',(-44.10872611611,28.77924793328,
    103.50727609221));
#4399 = CARTESIAN_POINT('',(-44.13814251324,28.735632395655,
    103.47274805584));
#4400 = CARTESIAN_POINT('',(-44.20572426722,28.640843843125,
    103.39006410952));
#4401 = CARTESIAN_POINT('',(-44.2440888429,28.590813502918,
    103.34078237966));
#4402 = CARTESIAN_POINT('',(-44.28266661178,28.54383716163,
    103.28850407625));
#4403 = CARTESIAN_POINT('',(-44.3210592547,28.499977002531,
    103.23336403536));
#4404 = CARTESIAN_POINT('',(-44.35887539633,28.459243715482,
    103.17555381937));
#4405 = CARTESIAN_POINT('',(-44.39574515468,28.42160494773,
    103.11532988672));
#4406 = CARTESIAN_POINT('',(-44.45158470402,28.367300406627,
    103.01756919594));
#4407 = CARTESIAN_POINT('',(-44.47142822026,28.348579482189,
    102.98142792268));
#4408 = CARTESIAN_POINT('',(-44.49081685438,28.330806752014,
    102.9446336958));
#4409 = CARTESIAN_POINT('',(-44.50970509985,28.313957311915,
    102.90722567489));
#4410 = CARTESIAN_POINT('',(-44.52805066529,28.298005748654,
    102.86924645108));
#4411 = CARTESIAN_POINT('',(-44.54581481111,28.282926305704,
    102.83074207284));
#4412 = CARTESIAN_POINT('',(-44.58214818903,28.252768499325,
    102.74815020015));
#4413 = CARTESIAN_POINT('',(-44.60056328675,28.237902332166,
    102.70394055502));
#4414 = CARTESIAN_POINT('',(-44.61816964097,28.224049638261,
    102.65917840825));
#4415 = CARTESIAN_POINT('',(-44.63493320358,28.211168062388,
    102.61391052868));
#4416 = CARTESIAN_POINT('',(-44.65082421666,28.199217803386,
    102.56818518215));
#4417 = CARTESIAN_POINT('',(-44.6658172125,28.188161614156,
    102.52205213145));
#4418 = CARTESIAN_POINT('',(-44.71379439403,28.15340097477,
    102.36357078506));
#4419 = CARTESIAN_POINT('',(-44.74234978526,28.133834183845,
    102.24955541391));
#4420 = CARTESIAN_POINT('',(-44.76534860732,28.11871500803,
    102.13397189669));
#4421 = CARTESIAN_POINT('',(-44.78266411082,28.107643356022,
    102.01724927618));
#4422 = CARTESIAN_POINT('',(-44.79422468421,28.100354677732,
    101.89979650818));
#4423 = CARTESIAN_POINT('',(-44.8,28.096713368933,101.78200924251));
#4424 = CARTESIAN_POINT('',(-44.8,28.096713368933,101.54654503915));
#4425 = CARTESIAN_POINT('',(-44.79422468421,28.100354677732,
    101.42875777348));
#4426 = CARTESIAN_POINT('',(-44.78266411082,28.107643356022,
    101.31130500548));
#4427 = CARTESIAN_POINT('',(-44.76534860732,28.11871500803,
    101.19458238497));
#4428 = CARTESIAN_POINT('',(-44.74234978526,28.133834183845,
    101.07899886775));
#4429 = CARTESIAN_POINT('',(-44.71379439403,28.153400974769,
    100.9649834966));
#4430 = CARTESIAN_POINT('',(-44.6658172125,28.188161614156,
    100.80650215021));
#4431 = CARTESIAN_POINT('',(-44.65082421666,28.199217803386,
    100.76036909951));
#4432 = CARTESIAN_POINT('',(-44.63493320358,28.211168062388,
    100.71464375297));
#4433 = CARTESIAN_POINT('',(-44.61816964097,28.224049638261,
    100.66937587341));
#4434 = CARTESIAN_POINT('',(-44.60056328675,28.237902332166,
    100.62461372664));
#4435 = CARTESIAN_POINT('',(-44.58214818903,28.252768499325,
    100.58040408151));
#4436 = CARTESIAN_POINT('',(-44.54581481111,28.282926305704,
    100.49781220882));
#4437 = CARTESIAN_POINT('',(-44.52805066529,28.298005748654,
    100.45930783058));
#4438 = CARTESIAN_POINT('',(-44.50970509985,28.313957311915,
    100.42132860677));
#4439 = CARTESIAN_POINT('',(-44.49081685438,28.330806752014,
    100.38392058586));
#4440 = CARTESIAN_POINT('',(-44.47142822026,28.348579482189,
    100.34712635898));
#4441 = CARTESIAN_POINT('',(-44.45158470402,28.367300406627,
    100.31098508572));
#4442 = CARTESIAN_POINT('',(-44.39574515468,28.42160494773,
    100.21322439494));
#4443 = CARTESIAN_POINT('',(-44.35887539633,28.459243715482,
    100.15300046229));
#4444 = CARTESIAN_POINT('',(-44.3210592547,28.499977002531,
    100.0951902463));
#4445 = CARTESIAN_POINT('',(-44.28266661178,28.54383716163,
    100.04005020541));
#4446 = CARTESIAN_POINT('',(-44.2440888429,28.590813502918,
    99.987771902007));
#4447 = CARTESIAN_POINT('',(-44.20572426722,28.640843843125,
    99.938490172141));
#4448 = CARTESIAN_POINT('',(-44.13814251324,28.735632395655,
    99.85580622582));
#4449 = CARTESIAN_POINT('',(-44.10872611611,28.77924793328,
    99.821278189458));
#4450 = CARTESIAN_POINT('',(-44.07990228204,28.824591250353,
    99.788739313603));
#4451 = CARTESIAN_POINT('',(-44.05185553358,28.871577455721,
    99.758204773245));
#4452 = CARTESIAN_POINT('',(-44.02476191995,28.920097604335,
    99.729674547109));
#4453 = CARTESIAN_POINT('',(-43.99878389628,28.970018117212,
    99.703135173811));
#4454 = CARTESIAN_POINT('',(-43.96055572015,29.049141764242,
    99.665131286938));
#4455 = CARTESIAN_POINT('',(-43.94741958595,29.077479896684,
    99.652285503639));
#4456 = CARTESIAN_POINT('',(-43.93467684251,29.106176913083,
    99.640016622746));
#4457 = CARTESIAN_POINT('',(-43.92234622685,29.135213854503,
    99.628316980962));
#4458 = CARTESIAN_POINT('',(-43.91044517088,29.164570488704,
    99.617178787057));
#4459 = CARTESIAN_POINT('',(-43.89898980134,29.194225310153,
    99.606594121863));
#4460 = CARTESIAN_POINT('',(-43.87590060709,29.257078752588,
    99.58551184985));
#4461 = CARTESIAN_POINT('',(-43.86436328206,29.290335538941,
    99.575128728394));
#4462 = CARTESIAN_POINT('',(-43.85339978913,29.323903203526,
    99.565392361602));
#4463 = CARTESIAN_POINT('',(-43.84302532458,29.357758198975,
    99.556290239387));
#4464 = CARTESIAN_POINT('',(-43.83325345668,29.391876126103,
    99.547810553887));
#4465 = CARTESIAN_POINT('',(-43.82409612565,29.42623173391,
    99.539942199465));
#4466 = CARTESIAN_POINT('',(-43.79703165613,29.535876564635,
    99.516890401609));
#4467 = CARTESIAN_POINT('',(-43.78145140395,29.611935517708,
    99.503944395798));
#4468 = CARTESIAN_POINT('',(-43.76890739821,29.688779536869,
    99.493712947691));
#4469 = CARTESIAN_POINT('',(-43.7594613594,29.766209823042,
    99.486103028332));
#4470 = CARTESIAN_POINT('',(-43.75315286549,29.844025404016,
    99.481052102094));
#4471 = CARTESIAN_POINT('',(-43.75,29.922023518473,99.478527841395));
#4472 = CARTESIAN_POINT('',(-43.75,30.078046259773,99.478527841395));
#4473 = CARTESIAN_POINT('',(-43.7531585112,30.156114258134,
    99.48105662208));
#4474 = CARTESIAN_POINT('',(-43.75947831247,30.233999242924,
    99.486116601749));
#4475 = CARTESIAN_POINT('',(-43.7689412544,30.311497875791,
    99.493740223121));
#4476 = CARTESIAN_POINT('',(-43.78150760844,30.388408618287,
    99.503990239722));
#4477 = CARTESIAN_POINT('',(-43.79711541608,30.464532117961,
    99.516960002284));
#4478 = CARTESIAN_POINT('',(-43.82419234469,30.574125955588,
    99.540024958904));
#4479 = CARTESIAN_POINT('',(-43.83332562049,30.608369847417,
    99.547873372183));
#4480 = CARTESIAN_POINT('',(-43.84306943893,30.642377419717,
    99.556329294654));
#4481 = CARTESIAN_POINT('',(-43.853411966,30.676123663534,
    99.565403729093));
#4482 = CARTESIAN_POINT('',(-43.86433976023,30.709584411188,
    99.57510837136));
#4483 = CARTESIAN_POINT('',(-43.87583777263,30.742736336268,
    99.585455610404));
#4484 = CARTESIAN_POINT('',(-43.89882695817,30.805343864265,
    99.606444413873));
#4485 = CARTESIAN_POINT('',(-43.9102206871,30.834858137829,
    99.616970414914));
#4486 = CARTESIAN_POINT('',(-43.92205594443,30.86407734978,
    99.628044467627));
#4487 = CARTESIAN_POINT('',(-43.93431686073,30.892980320071,
    99.63967438489));
#4488 = CARTESIAN_POINT('',(-43.94698628626,30.92154711316,
    99.651867856207));
#4489 = CARTESIAN_POINT('',(-43.96004579092,30.949759038004,
    99.66463244771));
#4490 = CARTESIAN_POINT('',(-43.99796065339,31.028355087235,
    99.702302487698));
#4491 = CARTESIAN_POINT('',(-44.02368586123,31.077892602959,
    99.728561297934));
#4492 = CARTESIAN_POINT('',(-44.05051150727,31.126056515218,
    99.756776768808));
#4493 = CARTESIAN_POINT('',(-44.0782797354,31.172716444141,
    99.786962435759));
#4494 = CARTESIAN_POINT('',(-44.10681949995,31.217765762844,
    99.819118953817));
#4495 = CARTESIAN_POINT('',(-44.13595145171,31.261121050255,
    99.853232417692));
#4496 = CARTESIAN_POINT('',(-44.2037152208,31.356546754429,
    99.935903734348));
#4497 = CARTESIAN_POINT('',(-44.24257688084,31.407369263061,
    99.985704117592));
#4498 = CARTESIAN_POINT('',(-44.28167164139,31.455059308559,
    100.03858595633));
#4499 = CARTESIAN_POINT('',(-44.32058483565,31.499550624876,
    100.09441038478));
#4500 = CARTESIAN_POINT('',(-44.35890885471,31.54083141447,
    100.15297880589));
#4501 = CARTESIAN_POINT('',(-44.39625870957,31.578935321574,
    100.21402415073));
#4502 = CARTESIAN_POINT('',(-44.45216281416,31.633238437406,
    100.3120540768));
#4503 = CARTESIAN_POINT('',(-44.47164440433,31.651606904392,
    100.34756938516));
#4504 = CARTESIAN_POINT('',(-44.49068618752,31.669060951558,
    100.383714086));
#4505 = CARTESIAN_POINT('',(-44.50924513841,31.68562412548,100.42045099)
  );
#4506 = CARTESIAN_POINT('',(-44.52728138247,31.701320374177,
    100.45773969531));
#4507 = CARTESIAN_POINT('',(-44.544758196,31.716174047108,
    100.49553658758));
#4508 = CARTESIAN_POINT('',(-44.62748807748,31.784949047583,
    100.68300023862));
#4509 = CARTESIAN_POINT('',(-44.68407360684,31.827045908468,
    100.83867093343));
#4510 = CARTESIAN_POINT('',(-44.73017014661,31.858638150648,
    100.99934077866));
#4511 = CARTESIAN_POINT('',(-44.76507665712,31.881267302939,
    101.16359893537));
#4512 = CARTESIAN_POINT('',(-44.78839552291,31.895970277124,
    101.33006634832));
#4513 = CARTESIAN_POINT('',(-44.8,31.903286631067,101.49739215431));
#4514 = CARTESIAN_POINT('',(-44.8,31.903286631067,101.66427714083));
#4515 = PCURVE('',#499,#4516);
#4516 = DEFINITIONAL_REPRESENTATION('',(#4517),#4700);
#4517 = B_SPLINE_CURVE_WITH_KNOTS('',7,(#4518,#4519,#4520,#4521,#4522,
    #4523,#4524,#4525,#4526,#4527,#4528,#4529,#4530,#4531,#4532,#4533,
    #4534,#4535,#4536,#4537,#4538,#4539,#4540,#4541,#4542,#4543,#4544,
    #4545,#4546,#4547,#4548,#4549,#4550,#4551,#4552,#4553,#4554,#4555,
    #4556,#4557,#4558,#4559,#4560,#4561,#4562,#4563,#4564,#4565,#4566,
    #4567,#4568,#4569,#4570,#4571,#4572,#4573,#4574,#4575,#4576,#4577,
    #4578,#4579,#4580,#4581,#4582,#4583,#4584,#4585,#4586,#4587,#4588,
    #4589,#4590,#4591,#4592,#4593,#4594,#4595,#4596,#4597,#4598,#4599,
    #4600,#4601,#4602,#4603,#4604,#4605,#4606,#4607,#4608,#4609,#4610,
    #4611,#4612,#4613,#4614,#4615,#4616,#4617,#4618,#4619,#4620,#4621,
    #4622,#4623,#4624,#4625,#4626,#4627,#4628,#4629,#4630,#4631,#4632,
    #4633,#4634,#4635,#4636,#4637,#4638,#4639,#4640,#4641,#4642,#4643,
    #4644,#4645,#4646,#4647,#4648,#4649,#4650,#4651,#4652,#4653,#4654,
    #4655,#4656,#4657,#4658,#4659,#4660,#4661,#4662,#4663,#4664,#4665,
    #4666,#4667,#4668,#4669,#4670,#4671,#4672,#4673,#4674,#4675,#4676,
    #4677,#4678,#4679,#4680,#4681,#4682,#4683,#4684,#4685,#4686,#4687,
    #4688,#4689,#4690,#4691,#4692,#4693,#4694,#4695,#4696,#4697,#4698,
    #4699),.UNSPECIFIED.,.T.,.F.,(8,6,6,6,6,6,6,6,6,6,6,6,6,6,6,6,6,6,6,
    6,6,6,6,6,6,6,6,6,6,6,8),(0.,8.425073731239E-02,0.105853749207,
    0.14501469237,0.175281449425,0.191882589569,0.210174505607,
    0.250066260324,0.289922349312,0.308272857276,0.324955158834,
    0.355479250839,0.394130095915,0.416121956889,0.440727041356,
    0.499999979394,0.559272917431,0.583878001899,0.605869862872,
    0.644520707948,0.675044799953,0.691727101511,0.710077610774,
    0.749933705349,0.789825465658,0.808117383303,0.824718524898,
    0.854985286238,0.894146234945,0.915749249898,1.),.UNSPECIFIED.);
#4518 = CARTESIAN_POINT('',(4.149852735841,101.66427714083));
#4519 = CARTESIAN_POINT('',(4.149852735841,101.83116212911));
#4520 = CARTESIAN_POINT('',(4.143755746087,101.99848792904));
#4521 = CARTESIAN_POINT('',(4.131503425964,102.16495534917));
#4522 = CARTESIAN_POINT('',(4.113016759803,102.32921350497));
#4523 = CARTESIAN_POINT('',(4.088196651991,102.48988334462));
#4524 = CARTESIAN_POINT('',(4.056896806143,102.64555404457));
#4525 = CARTESIAN_POINT('',(4.009081867022,102.83301769408));
#4526 = CARTESIAN_POINT('',(3.998888531095,102.87081458635));
#4527 = CARTESIAN_POINT('',(3.98826317413,102.90810329166));
#4528 = CARTESIAN_POINT('',(3.977209264742,102.94484019566));
#4529 = CARTESIAN_POINT('',(3.965730669134,102.9809848965));
#4530 = CARTESIAN_POINT('',(3.953831651102,103.01650020486));
#4531 = CARTESIAN_POINT('',(3.919193208748,103.11453013093));
#4532 = CARTESIAN_POINT('',(3.895486126434,103.17557547577));
#4533 = CARTESIAN_POINT('',(3.870467066402,103.23414389688));
#4534 = CARTESIAN_POINT('',(3.844219173981,103.28996832533));
#4535 = CARTESIAN_POINT('',(3.816835835698,103.34285016407));
#4536 = CARTESIAN_POINT('',(3.788419216467,103.39265054732));
#4537 = CARTESIAN_POINT('',(3.736402137755,103.47532186397));
#4538 = CARTESIAN_POINT('',(3.713194897498,103.50943532785));
#4539 = CARTESIAN_POINT('',(3.689507265749,103.54159184591));
#4540 = CARTESIAN_POINT('',(3.665392339196,103.57177751286));
#4541 = CARTESIAN_POINT('',(3.640906328594,103.59999298373));
#4542 = CARTESIAN_POINT('',(3.616108765873,103.62625179397));
#4543 = CARTESIAN_POINT('',(3.577325096044,103.66392183468));
#4544 = CARTESIAN_POINT('',(3.563509991606,103.67668642562));
#4545 = CARTESIAN_POINT('',(3.549623888149,103.68887989631));
#4546 = CARTESIAN_POINT('',(3.535673390187,103.7005098135));
#4547 = CARTESIAN_POINT('',(3.521665216549,103.71158386672));
#4548 = CARTESIAN_POINT('',(3.507606200382,103.72210986832));
#4549 = CARTESIAN_POINT('',(3.477964039079,103.74309867067));
#4550 = CARTESIAN_POINT('',(3.462371398548,103.75344591015));
#4551 = CARTESIAN_POINT('',(3.446731098375,103.76315055291));
#4552 = CARTESIAN_POINT('',(3.431048876163,103.77222498744));
#4553 = CARTESIAN_POINT('',(3.415330476294,103.78068090953));
#4554 = CARTESIAN_POINT('',(3.399581649936,103.78852932238));
#4555 = CARTESIAN_POINT('',(3.349408675601,103.81159427938));
#4556 = CARTESIAN_POINT('',(3.31489980565,103.82456404194));
#4557 = CARTESIAN_POINT('',(3.280308979652,103.83481405854));
#4558 = CARTESIAN_POINT('',(3.245660480434,103.84243767991));
#4559 = CARTESIAN_POINT('',(3.210976779971,103.84749765958));
#4560 = CARTESIAN_POINT('',(3.176279880156,103.85002644027));
#4561 = CARTESIAN_POINT('',(3.106936439578,103.85002644027));
#4562 = CARTESIAN_POINT('',(3.072270599343,103.84750217957));
#4563 = CARTESIAN_POINT('',(3.037617927607,103.84245125333));
#4564 = CARTESIAN_POINT('',(3.003000353771,103.83484133397));
#4565 = CARTESIAN_POINT('',(2.968440276095,103.82460988587));
#4566 = CARTESIAN_POINT('',(2.933961895884,103.81166388006));
#4567 = CARTESIAN_POINT('',(2.883768246248,103.78861208169));
#4568 = CARTESIAN_POINT('',(2.867968716688,103.78074372784));
#4569 = CARTESIAN_POINT('',(2.852199774859,103.77226404285));
#4570 = CARTESIAN_POINT('',(2.83646722605,103.76316192052));
#4571 = CARTESIAN_POINT('',(2.820776868965,103.75342555306));
#4572 = CARTESIAN_POINT('',(2.805134495724,103.74304243103));
#4573 = CARTESIAN_POINT('',(2.775374415461,103.7219601598));
#4574 = CARTESIAN_POINT('',(2.761247287893,103.71137549461));
#4575 = CARTESIAN_POINT('',(2.747171570283,103.7002373007));
#4576 = CARTESIAN_POINT('',(2.733154206689,103.68853765892));
#4577 = CARTESIAN_POINT('',(2.719202024102,103.67626877802));
#4578 = CARTESIAN_POINT('',(2.705321732443,103.66342299473));
#4579 = CARTESIAN_POINT('',(2.666266355565,103.62541910785));
#4580 = CARTESIAN_POINT('',(2.641266208268,103.59887973456));
#4581 = CARTESIAN_POINT('',(2.616584316318,103.57034950842));
#4582 = CARTESIAN_POINT('',(2.592281858147,103.53981496806));
#4583 = CARTESIAN_POINT('',(2.568416564974,103.50727609221));
#4584 = CARTESIAN_POINT('',(2.545042928785,103.47274805584));
#4585 = CARTESIAN_POINT('',(2.493303480575,103.39006410952));
#4586 = CARTESIAN_POINT('',(2.465299922342,103.34078237966));
#4587 = CARTESIAN_POINT('',(2.438306536679,103.28850407625));
#4588 = CARTESIAN_POINT('',(2.412421192073,103.23336403536));
#4589 = CARTESIAN_POINT('',(2.387733439993,103.17555381937));
#4590 = CARTESIAN_POINT('',(2.364323130417,103.11532988672));
#4591 = CARTESIAN_POINT('',(2.329704820965,103.01756919594));
#4592 = CARTESIAN_POINT('',(2.317581447485,102.98142792268));
#4593 = CARTESIAN_POINT('',(2.305893582165,102.9446336958));
#4594 = CARTESIAN_POINT('',(2.294645775933,102.90722567489));
#4595 = CARTESIAN_POINT('',(2.283842254246,102.86924645108));
#4596 = CARTESIAN_POINT('',(2.273486715925,102.83074207284));
#4597 = CARTESIAN_POINT('',(2.252500617591,102.74815020015));
#4598 = CARTESIAN_POINT('',(2.241982890099,102.70394055502));
#4599 = CARTESIAN_POINT('',(2.232027367672,102.65917840825));
#4600 = CARTESIAN_POINT('',(2.222632383483,102.61391052868));
#4601 = CARTESIAN_POINT('',(2.213796185731,102.56818518215));
#4602 = CARTESIAN_POINT('',(2.205516937633,102.52205213145));
#4603 = CARTESIAN_POINT('',(2.179185294001,102.36357078506));
#4604 = CARTESIAN_POINT('',(2.163805666183,102.24955541391));
#4605 = CARTESIAN_POINT('',(2.151575272629,102.13397189669));
#4606 = CARTESIAN_POINT('',(2.142440895298,102.01724927618));
#4607 = CARTESIAN_POINT('',(2.136366993843,101.89979650818));
#4608 = CARTESIAN_POINT('',(2.133332571339,101.78200924251));
#4609 = CARTESIAN_POINT('',(2.133332571339,101.54654503915));
#4610 = CARTESIAN_POINT('',(2.136366993843,101.42875777348));
#4611 = CARTESIAN_POINT('',(2.142440895298,101.31130500548));
#4612 = CARTESIAN_POINT('',(2.151575272629,101.19458238497));
#4613 = CARTESIAN_POINT('',(2.163805666183,101.07899886775));
#4614 = CARTESIAN_POINT('',(2.179185294001,100.9649834966));
#4615 = CARTESIAN_POINT('',(2.205516937633,100.80650215021));
#4616 = CARTESIAN_POINT('',(2.213796185731,100.76036909951));
#4617 = CARTESIAN_POINT('',(2.222632383483,100.71464375297));
#4618 = CARTESIAN_POINT('',(2.232027367672,100.66937587341));
#4619 = CARTESIAN_POINT('',(2.241982890099,100.62461372664));
#4620 = CARTESIAN_POINT('',(2.252500617591,100.58040408151));
#4621 = CARTESIAN_POINT('',(2.273486715925,100.49781220882));
#4622 = CARTESIAN_POINT('',(2.283842254246,100.45930783058));
#4623 = CARTESIAN_POINT('',(2.294645775933,100.42132860677));
#4624 = CARTESIAN_POINT('',(2.305893582165,100.38392058586));
#4625 = CARTESIAN_POINT('',(2.317581447485,100.34712635898));
#4626 = CARTESIAN_POINT('',(2.329704820965,100.31098508572));
#4627 = CARTESIAN_POINT('',(2.364323130417,100.21322439494));
#4628 = CARTESIAN_POINT('',(2.387733439993,100.15300046229));
#4629 = CARTESIAN_POINT('',(2.412421192073,100.0951902463));
#4630 = CARTESIAN_POINT('',(2.438306536679,100.04005020541));
#4631 = CARTESIAN_POINT('',(2.465299922342,99.987771902007));
#4632 = CARTESIAN_POINT('',(2.493303480575,99.938490172141));
#4633 = CARTESIAN_POINT('',(2.545042928785,99.85580622582));
#4634 = CARTESIAN_POINT('',(2.568416564974,99.821278189458));
#4635 = CARTESIAN_POINT('',(2.592281858147,99.788739313603));
#4636 = CARTESIAN_POINT('',(2.616584316318,99.758204773245));
#4637 = CARTESIAN_POINT('',(2.641266208268,99.729674547109));
#4638 = CARTESIAN_POINT('',(2.666266355565,99.703135173811));
#4639 = CARTESIAN_POINT('',(2.705321732444,99.665131286938));
#4640 = CARTESIAN_POINT('',(2.719202024102,99.652285503639));
#4641 = CARTESIAN_POINT('',(2.733154206689,99.640016622746));
#4642 = CARTESIAN_POINT('',(2.747171570283,99.628316980962));
#4643 = CARTESIAN_POINT('',(2.761247287893,99.617178787057));
#4644 = CARTESIAN_POINT('',(2.775374415461,99.606594121863));
#4645 = CARTESIAN_POINT('',(2.805134496827,99.58551184985));
#4646 = CARTESIAN_POINT('',(2.820776869089,99.575128728394));
#4647 = CARTESIAN_POINT('',(2.836467225169,99.565392361602));
#4648 = CARTESIAN_POINT('',(2.852199773976,99.556290239387));
#4649 = CARTESIAN_POINT('',(2.867968716807,99.547810553887));
#4650 = CARTESIAN_POINT('',(2.883768247345,99.539942199465));
#4651 = CARTESIAN_POINT('',(2.933961895884,99.516890401609));
#4652 = CARTESIAN_POINT('',(2.968440276095,99.503944395798));
#4653 = CARTESIAN_POINT('',(3.003000353771,99.493712947691));
#4654 = CARTESIAN_POINT('',(3.037617927607,99.486103028332));
#4655 = CARTESIAN_POINT('',(3.072270599343,99.481052102094));
#4656 = CARTESIAN_POINT('',(3.106936439578,99.478527841395));
#4657 = CARTESIAN_POINT('',(3.176279880156,99.478527841395));
#4658 = CARTESIAN_POINT('',(3.210976779971,99.48105662208));
#4659 = CARTESIAN_POINT('',(3.245660480434,99.486116601749));
#4660 = CARTESIAN_POINT('',(3.280308979652,99.493740223121));
#4661 = CARTESIAN_POINT('',(3.31489980565,99.503990239722));
#4662 = CARTESIAN_POINT('',(3.349408675601,99.516960002284));
#4663 = CARTESIAN_POINT('',(3.399581649112,99.540024958904));
#4664 = CARTESIAN_POINT('',(3.415330476205,99.547873372183));
#4665 = CARTESIAN_POINT('',(3.431048876826,99.556329294654));
#4666 = CARTESIAN_POINT('',(3.446731099037,99.565403729093));
#4667 = CARTESIAN_POINT('',(3.462371398455,99.57510837136));
#4668 = CARTESIAN_POINT('',(3.477964038251,99.585455610404));
#4669 = CARTESIAN_POINT('',(3.507606201127,99.606444413873));
#4670 = CARTESIAN_POINT('',(3.521665216632,99.616970414914));
#4671 = CARTESIAN_POINT('',(3.535673389591,99.628044467627));
#4672 = CARTESIAN_POINT('',(3.549623887552,99.63967438489));
#4673 = CARTESIAN_POINT('',(3.563509991687,99.651867856207));
#4674 = CARTESIAN_POINT('',(3.577325096788,99.66463244771));
#4675 = CARTESIAN_POINT('',(3.616108765873,99.702302487698));
#4676 = CARTESIAN_POINT('',(3.640906328594,99.728561297934));
#4677 = CARTESIAN_POINT('',(3.665392339196,99.756776768808));
#4678 = CARTESIAN_POINT('',(3.689507265749,99.786962435759));
#4679 = CARTESIAN_POINT('',(3.713194897498,99.819118953817));
#4680 = CARTESIAN_POINT('',(3.736402137755,99.853232417692));
#4681 = CARTESIAN_POINT('',(3.788419216467,99.935903734348));
#4682 = CARTESIAN_POINT('',(3.816835835698,99.985704117592));
#4683 = CARTESIAN_POINT('',(3.844219173981,100.03858595633));
#4684 = CARTESIAN_POINT('',(3.870467066402,100.09441038478));
#4685 = CARTESIAN_POINT('',(3.895486126434,100.15297880589));
#4686 = CARTESIAN_POINT('',(3.919193208748,100.21402415073));
#4687 = CARTESIAN_POINT('',(3.953831651102,100.3120540768));
#4688 = CARTESIAN_POINT('',(3.965730669134,100.34756938516));
#4689 = CARTESIAN_POINT('',(3.977209264742,100.383714086));
#4690 = CARTESIAN_POINT('',(3.98826317413,100.42045099));
#4691 = CARTESIAN_POINT('',(3.998888531095,100.45773969531));
#4692 = CARTESIAN_POINT('',(4.009081867022,100.49553658758));
#4693 = CARTESIAN_POINT('',(4.056896806534,100.68300023862));
#4694 = CARTESIAN_POINT('',(4.088196650926,100.83867093343));
#4695 = CARTESIAN_POINT('',(4.11301676103,100.99934077866));
#4696 = CARTESIAN_POINT('',(4.131503425305,101.16359893537));
#4697 = CARTESIAN_POINT('',(4.143755746223,101.33006634832));
#4698 = CARTESIAN_POINT('',(4.149852735841,101.49739215431));
#4699 = CARTESIAN_POINT('',(4.149852735841,101.66427714083));
#4700 = ( GEOMETRIC_REPRESENTATION_CONTEXT(2) 
PARAMETRIC_REPRESENTATION_CONTEXT() REPRESENTATION_CONTEXT('2D SPACE',''
  ) );
#4701 = PCURVE('',#755,#4702);
#4702 = DEFINITIONAL_REPRESENTATION('',(#4703),#4886);
#4703 = B_SPLINE_CURVE_WITH_KNOTS('',7,(#4704,#4705,#4706,#4707,#4708,
    #4709,#4710,#4711,#4712,#4713,#4714,#4715,#4716,#4717,#4718,#4719,
    #4720,#4721,#4722,#4723,#4724,#4725,#4726,#4727,#4728,#4729,#4730,
    #4731,#4732,#4733,#4734,#4735,#4736,#4737,#4738,#4739,#4740,#4741,
    #4742,#4743,#4744,#4745,#4746,#4747,#4748,#4749,#4750,#4751,#4752,
    #4753,#4754,#4755,#4756,#4757,#4758,#4759,#4760,#4761,#4762,#4763,
    #4764,#4765,#4766,#4767,#4768,#4769,#4770,#4771,#4772,#4773,#4774,
    #4775,#4776,#4777,#4778,#4779,#4780,#4781,#4782,#4783,#4784,#4785,
    #4786,#4787,#4788,#4789,#4790,#4791,#4792,#4793,#4794,#4795,#4796,
    #4797,#4798,#4799,#4800,#4801,#4802,#4803,#4804,#4805,#4806,#4807,
    #4808,#4809,#4810,#4811,#4812,#4813,#4814,#4815,#4816,#4817,#4818,
    #4819,#4820,#4821,#4822,#4823,#4824,#4825,#4826,#4827,#4828,#4829,
    #4830,#4831,#4832,#4833,#4834,#4835,#4836,#4837,#4838,#4839,#4840,
    #4841,#4842,#4843,#4844,#4845,#4846,#4847,#4848,#4849,#4850,#4851,
    #4852,#4853,#4854,#4855,#4856,#4857,#4858,#4859,#4860,#4861,#4862,
    #4863,#4864,#4865,#4866,#4867,#4868,#4869,#4870,#4871,#4872,#4873,
    #4874,#4875,#4876,#4877,#4878,#4879,#4880,#4881,#4882,#4883,#4884,
    #4885),.UNSPECIFIED.,.T.,.F.,(8,6,6,6,6,6,6,6,6,6,6,6,6,6,6,6,6,6,6,
    6,6,6,6,6,6,6,6,6,6,6,8),(0.,8.425073731239E-02,0.105853749207,
    0.14501469237,0.175281449425,0.191882589569,0.210174505607,
    0.250066260324,0.289922349312,0.308272857276,0.324955158834,
    0.355479250839,0.394130095915,0.416121956889,0.440727041356,
    0.499999979394,0.559272917431,0.583878001899,0.605869862872,
    0.644520707948,0.675044799953,0.691727101511,0.710077610774,
    0.749933705349,0.789825465658,0.808117383303,0.824718524898,
    0.854985286238,0.894146234945,0.915749249898,1.),.UNSPECIFIED.);
#4704 = CARTESIAN_POINT('',(3.14159265359,1.096713368933));
#4705 = CARTESIAN_POINT('',(3.081990872062,1.096713368933));
#4706 = CARTESIAN_POINT('',(3.022231628679,1.10402972309));
#4707 = CARTESIAN_POINT('',(2.962433309058,1.118732696088));
#4708 = CARTESIAN_POINT('',(2.902723584069,1.141361851118));
#4709 = CARTESIAN_POINT('',(2.843256596522,1.172954090006));
#4710 = CARTESIAN_POINT('',(2.784233458948,1.215050952979));
#4711 = CARTESIAN_POINT('',(2.711052409815,1.283825952892));
#4712 = CARTESIAN_POINT('',(2.696182654325,1.298679625823));
#4713 = CARTESIAN_POINT('',(2.681392752645,1.31437587452));
#4714 = CARTESIAN_POINT('',(2.666697064938,1.330939048443));
#4715 = CARTESIAN_POINT('',(2.652109752588,1.348393095608));
#4716 = CARTESIAN_POINT('',(2.637644778199,1.366761562594));
#4717 = CARTESIAN_POINT('',(2.597341186494,1.421064678426));
#4718 = CARTESIAN_POINT('',(2.571794559671,1.45916858553));
#4719 = CARTESIAN_POINT('',(2.546814916833,1.500449375124));
#4720 = CARTESIAN_POINT('',(2.522529645058,1.544940691441));
#4721 = CARTESIAN_POINT('',(2.499055906244,1.592630736939));
#4722 = CARTESIAN_POINT('',(2.476501916574,1.643453245571));
#4723 = CARTESIAN_POINT('',(2.438325241158,1.738878949745));
#4724 = CARTESIAN_POINT('',(2.422307178138,1.782234237156));
#4725 = CARTESIAN_POINT('',(2.406956118374,1.827283555859));
#4726 = CARTESIAN_POINT('',(2.392311641949,1.873943484782));
#4727 = CARTESIAN_POINT('',(2.378409849911,1.922107397041));
#4728 = CARTESIAN_POINT('',(2.365282386623,1.971644912765));
#4729 = CARTESIAN_POINT('',(2.346194215741,2.050240963504));
#4730 = CARTESIAN_POINT('',(2.339672427776,2.078452886977));
#4731 = CARTESIAN_POINT('',(2.333392741994,2.107019678681));
#4732 = CARTESIAN_POINT('',(2.327357571933,2.135922648998));
#4733 = CARTESIAN_POINT('',(2.321569100892,2.165141862373));
#4734 = CARTESIAN_POINT('',(2.316029281931,2.194656137308));
#4735 = CARTESIAN_POINT('',(2.304911679942,2.257263661982));
#4736 = CARTESIAN_POINT('',(2.299387396455,2.290415588642));
#4737 = CARTESIAN_POINT('',(2.294167949187,2.323876337899));
#4738 = CARTESIAN_POINT('',(2.289254140974,2.357622581696));
#4739 = CARTESIAN_POINT('',(2.284646615713,2.391630152362));
#4740 = CARTESIAN_POINT('',(2.280345858363,2.425874042611));
#4741 = CARTESIAN_POINT('',(2.267642651269,2.535467882039));
#4742 = CARTESIAN_POINT('',(2.260395528166,2.611591381713));
#4743 = CARTESIAN_POINT('',(2.254604243983,2.688502124209));
#4744 = CARTESIAN_POINT('',(2.250264324681,2.766000757076));
#4745 = CARTESIAN_POINT('',(2.24737284335,2.843885741866));
#4746 = CARTESIAN_POINT('',(2.245927859732,2.921953740227));
#4747 = CARTESIAN_POINT('',(2.245927859732,3.077976481527));
#4748 = CARTESIAN_POINT('',(2.247370260725,3.155974595984));
#4749 = CARTESIAN_POINT('',(2.250256568249,3.233790176959));
#4750 = CARTESIAN_POINT('',(2.254588716546,3.311220463131));
#4751 = CARTESIAN_POINT('',(2.260369625912,3.388064482292));
#4752 = CARTESIAN_POINT('',(2.267603760036,3.464123435365));
#4753 = CARTESIAN_POINT('',(2.280300532436,3.573768268488));
#4754 = CARTESIAN_POINT('',(2.284612447182,3.608123874191));
#4755 = CARTESIAN_POINT('',(2.289233099972,3.642241799143));
#4756 = CARTESIAN_POINT('',(2.294162002182,3.676096794566));
#4757 = CARTESIAN_POINT('',(2.299398504186,3.709664461286));
#4758 = CARTESIAN_POINT('',(2.304941795357,3.742921249743));
#4759 = CARTESIAN_POINT('',(2.316108282505,3.805774689847));
#4760 = CARTESIAN_POINT('',(2.321678487458,3.835429511296));
#4761 = CARTESIAN_POINT('',(2.327499765524,3.864786145497));
#4762 = CARTESIAN_POINT('',(2.333570128081,3.893823086917));
#4763 = CARTESIAN_POINT('',(2.33988735128,3.922520103316));
#4764 = CARTESIAN_POINT('',(2.346448976052,3.950858235758));
#4765 = CARTESIAN_POINT('',(2.365700562481,4.029981882788));
#4766 = CARTESIAN_POINT('',(2.378962756464,4.079902395665));
#4767 = CARTESIAN_POINT('',(2.393011878597,4.128422544279));
#4768 = CARTESIAN_POINT('',(2.407815276894,4.175408749647));
#4769 = CARTESIAN_POINT('',(2.423335677476,4.22075206672));
#4770 = CARTESIAN_POINT('',(2.439532203212,4.264367604345));
#4771 = CARTESIAN_POINT('',(2.477671195209,4.359156156875));
#4772 = CARTESIAN_POINT('',(2.499970133593,4.409186497082));
#4773 = CARTESIAN_POINT('',(2.523161261848,4.45616283837));
#4774 = CARTESIAN_POINT('',(2.547140376603,4.500022997469));
#4775 = CARTESIAN_POINT('',(2.571794806841,4.540756284518));
#4776 = CARTESIAN_POINT('',(2.597002203967,4.57839505227));
#4777 = CARTESIAN_POINT('',(2.63721085609,4.632699593373));
#4778 = CARTESIAN_POINT('',(2.651933958437,4.651420517811));
#4779 = CARTESIAN_POINT('',(2.66678403696,4.669193247986));
#4780 = CARTESIAN_POINT('',(2.681746401823,4.686042688085));
#4781 = CARTESIAN_POINT('',(2.69680619234,4.701994251346));
#4782 = CARTESIAN_POINT('',(2.711948294019,4.717073694296));
#4783 = CARTESIAN_POINT('',(2.744173450136,4.747231500675));
#4784 = CARTESIAN_POINT('',(2.761274196999,4.762097667834));
#4785 = CARTESIAN_POINT('',(2.778447403192,4.775950361739));
#4786 = CARTESIAN_POINT('',(2.795681246638,4.788831937612));
#4787 = CARTESIAN_POINT('',(2.812964176184,4.800782196614));
#4788 = CARTESIAN_POINT('',(2.830284911602,4.811838385844));
#4789 = CARTESIAN_POINT('',(2.889422147251,4.84659902523));
#4790 = CARTESIAN_POINT('',(2.931350102808,4.866165816155));
#4791 = CARTESIAN_POINT('',(2.973358393082,4.88128499197));
#4792 = CARTESIAN_POINT('',(3.015409699547,4.892356643978));
#4793 = CARTESIAN_POINT('',(3.057478617401,4.899645322268));
#4794 = CARTESIAN_POINT('',(3.099545474419,4.903286631067));
#4795 = CARTESIAN_POINT('',(3.18363983276,4.903286631067));
#4796 = CARTESIAN_POINT('',(3.225706689779,4.899645322268));
#4797 = CARTESIAN_POINT('',(3.267775607633,4.892356643978));
#4798 = CARTESIAN_POINT('',(3.309826914098,4.88128499197));
#4799 = CARTESIAN_POINT('',(3.351835204372,4.866165816155));
#4800 = CARTESIAN_POINT('',(3.393763159928,4.846599025231));
#4801 = CARTESIAN_POINT('',(3.452900395577,4.811838385844));
#4802 = CARTESIAN_POINT('',(3.470221130996,4.800782196614));
#4803 = CARTESIAN_POINT('',(3.487504060542,4.788831937612));
#4804 = CARTESIAN_POINT('',(3.504737903988,4.775950361739));
#4805 = CARTESIAN_POINT('',(3.521911110181,4.762097667834));
#4806 = CARTESIAN_POINT('',(3.539011857044,4.747231500675));
#4807 = CARTESIAN_POINT('',(3.571237013161,4.717073694296));
#4808 = CARTESIAN_POINT('',(3.586379114839,4.701994251346));
#4809 = CARTESIAN_POINT('',(3.601438905356,4.686042688085));
#4810 = CARTESIAN_POINT('',(3.616401270219,4.669193247986));
#4811 = CARTESIAN_POINT('',(3.631251348742,4.651420517811));
#4812 = CARTESIAN_POINT('',(3.645974451089,4.632699593373));
#4813 = CARTESIAN_POINT('',(3.686183103213,4.57839505227));
#4814 = CARTESIAN_POINT('',(3.711390500339,4.540756284518));
#4815 = CARTESIAN_POINT('',(3.736044930577,4.500022997469));
#4816 = CARTESIAN_POINT('',(3.760024045331,4.45616283837));
#4817 = CARTESIAN_POINT('',(3.783215173587,4.409186497082));
#4818 = CARTESIAN_POINT('',(3.805514111971,4.359156156875));
#4819 = CARTESIAN_POINT('',(3.843653103968,4.264367604345));
#4820 = CARTESIAN_POINT('',(3.859849629704,4.22075206672));
#4821 = CARTESIAN_POINT('',(3.875370030286,4.175408749647));
#4822 = CARTESIAN_POINT('',(3.890173428583,4.128422544279));
#4823 = CARTESIAN_POINT('',(3.904222550716,4.079902395665));
#4824 = CARTESIAN_POINT('',(3.917484744698,4.029981882788));
#4825 = CARTESIAN_POINT('',(3.936736331128,3.950858235758));
#4826 = CARTESIAN_POINT('',(3.943297955899,3.922520103316));
#4827 = CARTESIAN_POINT('',(3.949615179099,3.893823086917));
#4828 = CARTESIAN_POINT('',(3.955685541655,3.864786145497));
#4829 = CARTESIAN_POINT('',(3.961506819722,3.835429511296));
#4830 = CARTESIAN_POINT('',(3.967077024674,3.805774689847));
#4831 = CARTESIAN_POINT('',(3.978243512236,3.742921247412));
#4832 = CARTESIAN_POINT('',(3.983786803101,3.709664461059));
#4833 = CARTESIAN_POINT('',(3.989023304749,3.676096796474));
#4834 = CARTESIAN_POINT('',(3.993952206904,3.642241801025));
#4835 = CARTESIAN_POINT('',(3.998572859968,3.608123873897));
#4836 = CARTESIAN_POINT('',(4.002884775021,3.57376826609));
#4837 = CARTESIAN_POINT('',(4.015581547143,3.464123435365));
#4838 = CARTESIAN_POINT('',(4.022815681268,3.388064482292));
#4839 = CARTESIAN_POINT('',(4.028596590633,3.311220463131));
#4840 = CARTESIAN_POINT('',(4.032928738931,3.233790176958));
#4841 = CARTESIAN_POINT('',(4.035815046455,3.155974595984));
#4842 = CARTESIAN_POINT('',(4.037257447448,3.077976481527));
#4843 = CARTESIAN_POINT('',(4.037257447448,2.921953740227));
#4844 = CARTESIAN_POINT('',(4.035812463829,2.843885741866));
#4845 = CARTESIAN_POINT('',(4.032920982499,2.766000757076));
#4846 = CARTESIAN_POINT('',(4.028581063197,2.688502124209));
#4847 = CARTESIAN_POINT('',(4.022789779014,2.611591381713));
#4848 = CARTESIAN_POINT('',(4.015542655911,2.535467882039));
#4849 = CARTESIAN_POINT('',(4.002839449025,2.425874044412));
#4850 = CARTESIAN_POINT('',(3.998538691444,2.391630152583));
#4851 = CARTESIAN_POINT('',(3.993931165978,2.357622580283));
#4852 = CARTESIAN_POINT('',(3.989017357805,2.323876336466));
#4853 = CARTESIAN_POINT('',(3.983797910804,2.290415588812));
#4854 = CARTESIAN_POINT('',(3.978273627548,2.257263663732));
#4855 = CARTESIAN_POINT('',(3.967156024969,2.194656135735));
#4856 = CARTESIAN_POINT('',(3.961616206295,2.165141862171));
#4857 = CARTESIAN_POINT('',(3.955827735522,2.13592265022));
#4858 = CARTESIAN_POINT('',(3.949792565426,2.107019679929));
#4859 = CARTESIAN_POINT('',(3.943512879324,2.07845288684));
#4860 = CARTESIAN_POINT('',(3.936991091072,2.050240961996));
#4861 = CARTESIAN_POINT('',(3.917902920557,1.971644912765));
#4862 = CARTESIAN_POINT('',(3.904775457268,1.922107397041));
#4863 = CARTESIAN_POINT('',(3.89087366523,1.873943484782));
#4864 = CARTESIAN_POINT('',(3.876229188806,1.827283555859));
#4865 = CARTESIAN_POINT('',(3.860878129042,1.782234237156));
#4866 = CARTESIAN_POINT('',(3.844860066022,1.738878949745));
#4867 = CARTESIAN_POINT('',(3.806683390606,1.643453245571));
#4868 = CARTESIAN_POINT('',(3.784129400936,1.592630736939));
#4869 = CARTESIAN_POINT('',(3.760655662122,1.544940691441));
#4870 = CARTESIAN_POINT('',(3.736370390346,1.500449375124));
#4871 = CARTESIAN_POINT('',(3.711390747509,1.45916858553));
#4872 = CARTESIAN_POINT('',(3.685844120686,1.421064678426));
#4873 = CARTESIAN_POINT('',(3.645540528981,1.366761562594));
#4874 = CARTESIAN_POINT('',(3.631075554591,1.348393095608));
#4875 = CARTESIAN_POINT('',(3.616488242241,1.330939048442));
#4876 = CARTESIAN_POINT('',(3.601792554534,1.31437587452));
#4877 = CARTESIAN_POINT('',(3.587002652854,1.298679625823));
#4878 = CARTESIAN_POINT('',(3.572132897364,1.283825952892));
#4879 = CARTESIAN_POINT('',(3.498951847634,1.215050952417));
#4880 = CARTESIAN_POINT('',(3.439928712083,1.172954091532));
#4881 = CARTESIAN_POINT('',(3.38046172225,1.141361849352));
#4882 = CARTESIAN_POINT('',(3.320751997183,1.118732697061));
#4883 = CARTESIAN_POINT('',(3.260953680014,1.104029722876));
#4884 = CARTESIAN_POINT('',(3.20119443449,1.096713368933));
#4885 = CARTESIAN_POINT('',(3.14159265359,1.096713368933));
#4886 = ( GEOMETRIC_REPRESENTATION_CONTEXT(2) 
PARAMETRIC_REPRESENTATION_CONTEXT() REPRESENTATION_CONTEXT('2D SPACE',''
  ) );
#4887 = ADVANCED_FACE('',(#4888),#530,.T.);
#4888 = FACE_BOUND('',#4889,.T.);
#4889 = EDGE_LOOP('',(#4890,#4911,#4912,#4933));
#4890 = ORIENTED_EDGE('',*,*,#4891,.F.);
#4891 = EDGE_CURVE('',#3068,#514,#4892,.T.);
#4892 = SURFACE_CURVE('',#4893,(#4897,#4904),.PCURVE_S1.);
#4893 = LINE('',#4894,#4895);
#4894 = CARTESIAN_POINT('',(29.,-24.,72.));
#4895 = VECTOR('',#4896,1.);
#4896 = DIRECTION('',(0.,0.,1.));
#4897 = PCURVE('',#530,#4898);
#4898 = DEFINITIONAL_REPRESENTATION('',(#4899),#4903);
#4899 = LINE('',#4900,#4901);
#4900 = CARTESIAN_POINT('',(0.,58.));
#4901 = VECTOR('',#4902,1.);
#4902 = DIRECTION('',(1.,0.));
#4903 = ( GEOMETRIC_REPRESENTATION_CONTEXT(2) 
PARAMETRIC_REPRESENTATION_CONTEXT() REPRESENTATION_CONTEXT('2D SPACE',''
  ) );
#4904 = PCURVE('',#606,#4905);
#4905 = DEFINITIONAL_REPRESENTATION('',(#4906),#4910);
#4906 = LINE('',#4907,#4908);
#4907 = CARTESIAN_POINT('',(0.,0.));
#4908 = VECTOR('',#4909,1.);
#4909 = DIRECTION('',(1.,0.));
#4910 = ( GEOMETRIC_REPRESENTATION_CONTEXT(2) 
PARAMETRIC_REPRESENTATION_CONTEXT() REPRESENTATION_CONTEXT('2D SPACE',''
  ) );
#4911 = ORIENTED_EDGE('',*,*,#3067,.F.);
#4912 = ORIENTED_EDGE('',*,*,#4913,.T.);
#4913 = EDGE_CURVE('',#3047,#516,#4914,.T.);
#4914 = SURFACE_CURVE('',#4915,(#4919,#4926),.PCURVE_S1.);
#4915 = LINE('',#4916,#4917);
#4916 = CARTESIAN_POINT('',(-29.,-24.,72.));
#4917 = VECTOR('',#4918,1.);
#4918 = DIRECTION('',(0.,0.,1.));
#4919 = PCURVE('',#530,#4920);
#4920 = DEFINITIONAL_REPRESENTATION('',(#4921),#4925);
#4921 = LINE('',#4922,#4923);
#4922 = CARTESIAN_POINT('',(0.,0.));
#4923 = VECTOR('',#4924,1.);
#4924 = DIRECTION('',(1.,0.));
#4925 = ( GEOMETRIC_REPRESENTATION_CONTEXT(2) 
PARAMETRIC_REPRESENTATION_CONTEXT() REPRESENTATION_CONTEXT('2D SPACE',''
  ) );
#4926 = PCURVE('',#556,#4927);
#4927 = DEFINITIONAL_REPRESENTATION('',(#4928),#4932);
#4928 = LINE('',#4929,#4930);
#4929 = CARTESIAN_POINT('',(0.,0.));
#4930 = VECTOR('',#4931,1.);
#4931 = DIRECTION('',(1.,0.));
#4932 = ( GEOMETRIC_REPRESENTATION_CONTEXT(2) 
PARAMETRIC_REPRESENTATION_CONTEXT() REPRESENTATION_CONTEXT('2D SPACE',''
  ) );
#4933 = ORIENTED_EDGE('',*,*,#513,.F.);
#4934 = ADVANCED_FACE('',(#4935),#606,.F.);
#4935 = FACE_BOUND('',#4936,.F.);
#4936 = EDGE_LOOP('',(#4937,#4938,#4939,#4960,#4981));
#4937 = ORIENTED_EDGE('',*,*,#4891,.F.);
#4938 = ORIENTED_EDGE('',*,*,#3091,.T.);
#4939 = ORIENTED_EDGE('',*,*,#4940,.F.);
#4940 = EDGE_CURVE('',#4941,#2884,#4943,.T.);
#4941 = VERTEX_POINT('',#4942);
#4942 = CARTESIAN_POINT('',(29.,24.,83.330729007702));
#4943 = SURFACE_CURVE('',#4944,(#4948,#4954),.PCURVE_S1.);
#4944 = LINE('',#4945,#4946);
#4945 = CARTESIAN_POINT('',(29.,0.,83.330729007702));
#4946 = VECTOR('',#4947,1.);
#4947 = DIRECTION('',(0.,-1.,0.));
#4948 = PCURVE('',#606,#4949);
#4949 = DEFINITIONAL_REPRESENTATION('',(#4950),#4953);
#4950 = B_SPLINE_CURVE_WITH_KNOTS('',1,(#4951,#4952),.UNSPECIFIED.,.F.,
  .F.,(2,2),(-28.8,6.E-07),.PIECEWISE_BEZIER_KNOTS.);
#4951 = CARTESIAN_POINT('',(11.330729007702,-52.8));
#4952 = CARTESIAN_POINT('',(11.330729007702,-23.9999994));
#4953 = ( GEOMETRIC_REPRESENTATION_CONTEXT(2) 
PARAMETRIC_REPRESENTATION_CONTEXT() REPRESENTATION_CONTEXT('2D SPACE',''
  ) );
#4954 = PCURVE('',#825,#4955);
#4955 = DEFINITIONAL_REPRESENTATION('',(#4956),#4959);
#4956 = B_SPLINE_CURVE_WITH_KNOTS('',1,(#4957,#4958),.UNSPECIFIED.,.F.,
  .F.,(2,2),(-28.8,6.E-07),.PIECEWISE_BEZIER_KNOTS.);
#4957 = CARTESIAN_POINT('',(0.634183840824,-28.8));
#4958 = CARTESIAN_POINT('',(0.634183840824,6.E-07));
#4959 = ( GEOMETRIC_REPRESENTATION_CONTEXT(2) 
PARAMETRIC_REPRESENTATION_CONTEXT() REPRESENTATION_CONTEXT('2D SPACE',''
  ) );
#4960 = ORIENTED_EDGE('',*,*,#4961,.T.);
#4961 = EDGE_CURVE('',#4941,#568,#4962,.T.);
#4962 = SURFACE_CURVE('',#4963,(#4967,#4974),.PCURVE_S1.);
#4963 = LINE('',#4964,#4965);
#4964 = CARTESIAN_POINT('',(29.,24.,72.));
#4965 = VECTOR('',#4966,1.);
#4966 = DIRECTION('',(0.,0.,1.));
#4967 = PCURVE('',#606,#4968);
#4968 = DEFINITIONAL_REPRESENTATION('',(#4969),#4973);
#4969 = LINE('',#4970,#4971);
#4970 = CARTESIAN_POINT('',(0.,-48.));
#4971 = VECTOR('',#4972,1.);
#4972 = DIRECTION('',(1.,0.));
#4973 = ( GEOMETRIC_REPRESENTATION_CONTEXT(2) 
PARAMETRIC_REPRESENTATION_CONTEXT() REPRESENTATION_CONTEXT('2D SPACE',''
  ) );
#4974 = PCURVE('',#582,#4975);
#4975 = DEFINITIONAL_REPRESENTATION('',(#4976),#4980);
#4976 = LINE('',#4977,#4978);
#4977 = CARTESIAN_POINT('',(0.,58.));
#4978 = VECTOR('',#4979,1.);
#4979 = DIRECTION('',(1.,0.));
#4980 = ( GEOMETRIC_REPRESENTATION_CONTEXT(2) 
PARAMETRIC_REPRESENTATION_CONTEXT() REPRESENTATION_CONTEXT('2D SPACE',''
  ) );
#4981 = ORIENTED_EDGE('',*,*,#593,.F.);
#4982 = ADVANCED_FACE('',(#4983),#556,.T.);
#4983 = FACE_BOUND('',#4984,.T.);
#4984 = EDGE_LOOP('',(#4985,#4986,#4987,#5008,#5029));
#4985 = ORIENTED_EDGE('',*,*,#4913,.F.);
#4986 = ORIENTED_EDGE('',*,*,#3046,.T.);
#4987 = ORIENTED_EDGE('',*,*,#4988,.F.);
#4988 = EDGE_CURVE('',#4989,#3024,#4991,.T.);
#4989 = VERTEX_POINT('',#4990);
#4990 = CARTESIAN_POINT('',(-29.,24.,83.330729007702));
#4991 = SURFACE_CURVE('',#4992,(#4996,#5002),.PCURVE_S1.);
#4992 = LINE('',#4993,#4994);
#4993 = CARTESIAN_POINT('',(-29.,0.,83.330729007702));
#4994 = VECTOR('',#4995,1.);
#4995 = DIRECTION('',(0.,-1.,0.));
#4996 = PCURVE('',#556,#4997);
#4997 = DEFINITIONAL_REPRESENTATION('',(#4998),#5001);
#4998 = B_SPLINE_CURVE_WITH_KNOTS('',1,(#4999,#5000),.UNSPECIFIED.,.F.,
  .F.,(2,2),(-28.8,6.E-07),.PIECEWISE_BEZIER_KNOTS.);
#4999 = CARTESIAN_POINT('',(11.330729007702,-52.8));
#5000 = CARTESIAN_POINT('',(11.330729007702,-23.9999994));
#5001 = ( GEOMETRIC_REPRESENTATION_CONTEXT(2) 
PARAMETRIC_REPRESENTATION_CONTEXT() REPRESENTATION_CONTEXT('2D SPACE',''
  ) );
#5002 = PCURVE('',#825,#5003);
#5003 = DEFINITIONAL_REPRESENTATION('',(#5004),#5007);
#5004 = B_SPLINE_CURVE_WITH_KNOTS('',1,(#5005,#5006),.UNSPECIFIED.,.F.,
  .F.,(2,2),(-28.8,6.E-07),.PIECEWISE_BEZIER_KNOTS.);
#5005 = CARTESIAN_POINT('',(2.507408812766,-28.8));
#5006 = CARTESIAN_POINT('',(2.507408812766,6.E-07));
#5007 = ( GEOMETRIC_REPRESENTATION_CONTEXT(2) 
PARAMETRIC_REPRESENTATION_CONTEXT() REPRESENTATION_CONTEXT('2D SPACE',''
  ) );
#5008 = ORIENTED_EDGE('',*,*,#5009,.T.);
#5009 = EDGE_CURVE('',#4989,#542,#5010,.T.);
#5010 = SURFACE_CURVE('',#5011,(#5015,#5022),.PCURVE_S1.);
#5011 = LINE('',#5012,#5013);
#5012 = CARTESIAN_POINT('',(-29.,24.,72.));
#5013 = VECTOR('',#5014,1.);
#5014 = DIRECTION('',(0.,0.,1.));
#5015 = PCURVE('',#556,#5016);
#5016 = DEFINITIONAL_REPRESENTATION('',(#5017),#5021);
#5017 = LINE('',#5018,#5019);
#5018 = CARTESIAN_POINT('',(0.,-48.));
#5019 = VECTOR('',#5020,1.);
#5020 = DIRECTION('',(1.,0.));
#5021 = ( GEOMETRIC_REPRESENTATION_CONTEXT(2) 
PARAMETRIC_REPRESENTATION_CONTEXT() REPRESENTATION_CONTEXT('2D SPACE',''
  ) );
#5022 = PCURVE('',#582,#5023);
#5023 = DEFINITIONAL_REPRESENTATION('',(#5024),#5028);
#5024 = LINE('',#5025,#5026);
#5025 = CARTESIAN_POINT('',(0.,0.));
#5026 = VECTOR('',#5027,1.);
#5027 = DIRECTION('',(1.,0.));
#5028 = ( GEOMETRIC_REPRESENTATION_CONTEXT(2) 
PARAMETRIC_REPRESENTATION_CONTEXT() REPRESENTATION_CONTEXT('2D SPACE',''
  ) );
#5029 = ORIENTED_EDGE('',*,*,#541,.F.);
#5030 = ADVANCED_FACE('',(#5031),#582,.F.);
#5031 = FACE_BOUND('',#5032,.F.);
#5032 = EDGE_LOOP('',(#5033,#5034,#5060,#5061));
#5033 = ORIENTED_EDGE('',*,*,#4961,.F.);
#5034 = ORIENTED_EDGE('',*,*,#5035,.T.);
#5035 = EDGE_CURVE('',#4941,#4989,#5036,.T.);
#5036 = SURFACE_CURVE('',#5037,(#5042,#5053),.PCURVE_S1.);
#5037 = CIRCLE('',#5038,36.);
#5038 = AXIS2_PLACEMENT_3D('',#5039,#5040,#5041);
#5039 = CARTESIAN_POINT('',(0.,24.,62.));
#5040 = DIRECTION('',(0.,-1.,0.));
#5041 = DIRECTION('',(1.,0.,0.));
#5042 = PCURVE('',#582,#5043);
#5043 = DEFINITIONAL_REPRESENTATION('',(#5044),#5052);
#5044 = ( BOUNDED_CURVE() B_SPLINE_CURVE(2,(#5045,#5046,#5047,#5048,
#5049,#5050,#5051),.UNSPECIFIED.,.T.,.F.) B_SPLINE_CURVE_WITH_KNOTS((1,2
    ,2,2,2,1),(-2.094395102393,0.,2.094395102393,4.188790204786,
6.28318530718,8.377580409573),.UNSPECIFIED.) CURVE() 
GEOMETRIC_REPRESENTATION_ITEM() RATIONAL_B_SPLINE_CURVE((1.,0.5,1.,0.5,
1.,0.5,1.)) REPRESENTATION_ITEM('') );
#5045 = CARTESIAN_POINT('',(-10.,65.));
#5046 = CARTESIAN_POINT('',(52.35382907248,65.));
#5047 = CARTESIAN_POINT('',(21.17691453624,11.));
#5048 = CARTESIAN_POINT('',(-10.,-43.));
#5049 = CARTESIAN_POINT('',(-41.17691453624,11.));
#5050 = CARTESIAN_POINT('',(-72.35382907248,65.));
#5051 = CARTESIAN_POINT('',(-10.,65.));
#5052 = ( GEOMETRIC_REPRESENTATION_CONTEXT(2) 
PARAMETRIC_REPRESENTATION_CONTEXT() REPRESENTATION_CONTEXT('2D SPACE',''
  ) );
#5053 = PCURVE('',#825,#5054);
#5054 = DEFINITIONAL_REPRESENTATION('',(#5055),#5059);
#5055 = LINE('',#5056,#5057);
#5056 = CARTESIAN_POINT('',(0.,-24.));
#5057 = VECTOR('',#5058,1.);
#5058 = DIRECTION('',(1.,0.));
#5059 = ( GEOMETRIC_REPRESENTATION_CONTEXT(2) 
PARAMETRIC_REPRESENTATION_CONTEXT() REPRESENTATION_CONTEXT('2D SPACE',''
  ) );
#5060 = ORIENTED_EDGE('',*,*,#5009,.T.);
#5061 = ORIENTED_EDGE('',*,*,#567,.F.);
#5062 = ADVANCED_FACE('',(#5063),#636,.F.);
#5063 = FACE_BOUND('',#5064,.F.);
#5064 = EDGE_LOOP('',(#5065,#5088,#5089,#5090,#5218,#5346,#5369,#5497,
    #5625,#5646,#5647,#5648,#5776,#5902,#5903,#6031));
#5065 = ORIENTED_EDGE('',*,*,#5066,.T.);
#5066 = EDGE_CURVE('',#5067,#620,#5069,.T.);
#5067 = VERTEX_POINT('',#5068);
#5068 = CARTESIAN_POINT('',(43.75,30.,103.85002644027));
#5069 = SEAM_CURVE('',#5070,(#5074,#5081),.PCURVE_S1.);
#5070 = LINE('',#5071,#5072);
#5071 = CARTESIAN_POINT('',(43.75,30.,-0.));
#5072 = VECTOR('',#5073,1.);
#5073 = DIRECTION('',(0.,0.,1.));
#5074 = PCURVE('',#636,#5075);
#5075 = DEFINITIONAL_REPRESENTATION('',(#5076),#5080);
#5076 = LINE('',#5077,#5078);
#5077 = CARTESIAN_POINT('',(6.28318530718,-0.));
#5078 = VECTOR('',#5079,1.);
#5079 = DIRECTION('',(0.,1.));
#5080 = ( GEOMETRIC_REPRESENTATION_CONTEXT(2) 
PARAMETRIC_REPRESENTATION_CONTEXT() REPRESENTATION_CONTEXT('2D SPACE',''
  ) );
#5081 = PCURVE('',#636,#5082);
#5082 = DEFINITIONAL_REPRESENTATION('',(#5083),#5087);
#5083 = LINE('',#5084,#5085);
#5084 = CARTESIAN_POINT('',(0.,-0.));
#5085 = VECTOR('',#5086,1.);
#5086 = DIRECTION('',(0.,1.));
#5087 = ( GEOMETRIC_REPRESENTATION_CONTEXT(2) 
PARAMETRIC_REPRESENTATION_CONTEXT() REPRESENTATION_CONTEXT('2D SPACE',''
  ) );
#5088 = ORIENTED_EDGE('',*,*,#619,.F.);
#5089 = ORIENTED_EDGE('',*,*,#5066,.F.);
#5090 = ORIENTED_EDGE('',*,*,#5091,.T.);
#5091 = EDGE_CURVE('',#5067,#5092,#5094,.T.);
#5092 = VERTEX_POINT('',#5093);
#5093 = CARTESIAN_POINT('',(44.8,28.096713368933,101.66427714083));
#5094 = SURFACE_CURVE('',#5095,(#5134,#5176),.PCURVE_S1.);
#5095 = B_SPLINE_CURVE_WITH_KNOTS('',7,(#5096,#5097,#5098,#5099,#5100,
    #5101,#5102,#5103,#5104,#5105,#5106,#5107,#5108,#5109,#5110,#5111,
    #5112,#5113,#5114,#5115,#5116,#5117,#5118,#5119,#5120,#5121,#5122,
    #5123,#5124,#5125,#5126,#5127,#5128,#5129,#5130,#5131,#5132,#5133),
  .UNSPECIFIED.,.F.,.F.,(8,6,6,6,6,6,8),(0.,0.232822405574,
    0.299196450034,0.42020785006,0.576779647621,0.663151979259,1.),
  .UNSPECIFIED.);
#5096 = CARTESIAN_POINT('',(43.75,30.,103.85002644027));
#5097 = CARTESIAN_POINT('',(43.75,29.886225369185,103.85002644027));
#5098 = CARTESIAN_POINT('',(43.756712036997,29.772301748827,
    103.84465237149));
#5099 = CARTESIAN_POINT('',(43.770167818218,29.658925378192,
    103.8338795881));
#5100 = CARTESIAN_POINT('',(43.790278608691,29.546791073044,
    103.81756440683));
#5101 = CARTESIAN_POINT('',(43.816838238099,29.436576589937,
    103.79544186002));
#5102 = CARTESIAN_POINT('',(43.849523129044,29.328927567733,
    103.76712357122));
#5103 = CARTESIAN_POINT('',(43.898826958303,29.194656135394,
    103.72210986768));
#5104 = CARTESIAN_POINT('',(43.910220687104,29.165141862127,
    103.71158386676));
#5105 = CARTESIAN_POINT('',(43.922055944311,29.135922650485,
    103.70050981415));
#5106 = CARTESIAN_POINT('',(43.934316860631,29.107019680199,
    103.68887989687));
#5107 = CARTESIAN_POINT('',(43.946986286301,29.078452886811,
    103.67668642542));
#5108 = CARTESIAN_POINT('',(43.960045791084,29.050240961669,
    103.6639218338));
#5109 = CARTESIAN_POINT('',(43.997960653392,28.971644912765,
    103.62625179397));
#5110 = CARTESIAN_POINT('',(44.023685861234,28.922107397041,
    103.59999298373));
#5111 = CARTESIAN_POINT('',(44.050511507276,28.873943484782,
    103.57177751286));
#5112 = CARTESIAN_POINT('',(44.078279735409,28.827283555859,
    103.54159184591));
#5113 = CARTESIAN_POINT('',(44.106819499959,28.782234237156,
    103.50943532785));
#5114 = CARTESIAN_POINT('',(44.135951451718,28.738878949745,
    103.47532186397));
#5115 = CARTESIAN_POINT('',(44.203715220809,28.643453245571,
    103.39265054732));
#5116 = CARTESIAN_POINT('',(44.242576880845,28.592630736939,
    103.34285016407));
#5117 = CARTESIAN_POINT('',(44.281671641396,28.544940691441,
    103.28996832533));
#5118 = CARTESIAN_POINT('',(44.320584835657,28.500449375124,
    103.23414389688));
#5119 = CARTESIAN_POINT('',(44.358908854717,28.45916858553,
    103.17557547577));
#5120 = CARTESIAN_POINT('',(44.396258709574,28.421064678426,
    103.11453013093));
#5121 = CARTESIAN_POINT('',(44.452162811608,28.366761565076,
    103.01650020934));
#5122 = CARTESIAN_POINT('',(44.471644403842,28.348393096219,
    102.98098489688));
#5123 = CARTESIAN_POINT('',(44.490686189289,28.330939046911,
    102.94484019191));
#5124 = CARTESIAN_POINT('',(44.509245140362,28.31437587269,
    102.90810328801));
#5125 = CARTESIAN_POINT('',(44.527281382449,28.298679625688,
    102.87081458698));
#5126 = CARTESIAN_POINT('',(44.544758193912,28.283825954628,
    102.83301769881));
#5127 = CARTESIAN_POINT('',(44.627488077482,28.215050952417,
    102.64555404304));
#5128 = CARTESIAN_POINT('',(44.684073606847,28.172954091532,
    102.48988334823));
#5129 = CARTESIAN_POINT('',(44.730170146614,28.141361849351,
    102.329213503));
#5130 = CARTESIAN_POINT('',(44.765076657128,28.118732697061,
    102.16495534629));
#5131 = CARTESIAN_POINT('',(44.788395522913,28.104029722876,
    101.99848793334));
#5132 = CARTESIAN_POINT('',(44.8,28.096713368933,101.83116212735));
#5133 = CARTESIAN_POINT('',(44.8,28.096713368933,101.66427714083));
#5134 = PCURVE('',#636,#5135);
#5135 = DEFINITIONAL_REPRESENTATION('',(#5136),#5175);
#5136 = B_SPLINE_CURVE_WITH_KNOTS('',7,(#5137,#5138,#5139,#5140,#5141,
    #5142,#5143,#5144,#5145,#5146,#5147,#5148,#5149,#5150,#5151,#5152,
    #5153,#5154,#5155,#5156,#5157,#5158,#5159,#5160,#5161,#5162,#5163,
    #5164,#5165,#5166,#5167,#5168,#5169,#5170,#5171,#5172,#5173,#5174),
  .UNSPECIFIED.,.F.,.F.,(8,6,6,6,6,6,8),(0.,0.232822405574,
    0.299196450034,0.42020785006,0.576779647621,0.663151979259,1.),
  .UNSPECIFIED.);
#5137 = CARTESIAN_POINT('',(0.,103.85002644027));
#5138 = CARTESIAN_POINT('',(5.056650258438E-02,103.85002644027));
#5139 = CARTESIAN_POINT('',(0.101199208653,103.84465237149));
#5140 = CARTESIAN_POINT('',(0.15179994115,103.8338795881));
#5141 = CARTESIAN_POINT('',(0.202273386097,103.81756440683));
#5142 = CARTESIAN_POINT('',(0.252522263261,103.79544186002));
#5143 = CARTESIAN_POINT('',(0.302441389615,103.76712357122));
#5144 = CARTESIAN_POINT('',(0.366013547698,103.72210986768));
#5145 = CARTESIAN_POINT('',(0.38007256306,103.71158386676));
#5146 = CARTESIAN_POINT('',(0.394080735872,103.70050981415));
#5147 = CARTESIAN_POINT('',(0.408031233833,103.68887989687));
#5148 = CARTESIAN_POINT('',(0.421917338115,103.67668642542));
#5149 = CARTESIAN_POINT('',(0.435732443359,103.6639218338));
#5150 = CARTESIAN_POINT('',(0.474516112284,103.62625179397));
#5151 = CARTESIAN_POINT('',(0.499313675004,103.59999298373));
#5152 = CARTESIAN_POINT('',(0.523799685607,103.57177751286));
#5153 = CARTESIAN_POINT('',(0.547914612159,103.54159184591));
#5154 = CARTESIAN_POINT('',(0.571602243909,103.50943532785));
#5155 = CARTESIAN_POINT('',(0.594809484165,103.47532186397));
#5156 = CARTESIAN_POINT('',(0.646826562877,103.39265054732));
#5157 = CARTESIAN_POINT('',(0.675243182109,103.34285016407));
#5158 = CARTESIAN_POINT('',(0.702626520392,103.28996832533));
#5159 = CARTESIAN_POINT('',(0.728874412813,103.23414389688));
#5160 = CARTESIAN_POINT('',(0.753893472845,103.17557547577));
#5161 = CARTESIAN_POINT('',(0.777600555159,103.11453013093));
#5162 = CARTESIAN_POINT('',(0.812238995929,103.01650020934));
#5163 = CARTESIAN_POINT('',(0.824138015201,102.98098489688));
#5164 = CARTESIAN_POINT('',(0.835616612191,102.94484019191));
#5165 = CARTESIAN_POINT('',(0.84667052173,102.90810328801));
#5166 = CARTESIAN_POINT('',(0.857295877538,102.87081458698));
#5167 = CARTESIAN_POINT('',(0.867489212225,102.83301769881));
#5168 = CARTESIAN_POINT('',(0.915304152944,102.64555404304));
#5169 = CARTESIAN_POINT('',(0.946603997336,102.48988334823));
#5170 = CARTESIAN_POINT('',(0.97142410744,102.329213503));
#5171 = CARTESIAN_POINT('',(0.989910771715,102.16495534629));
#5172 = CARTESIAN_POINT('',(1.002163092634,101.99848793334));
#5173 = CARTESIAN_POINT('',(1.008260082251,101.83116212735));
#5174 = CARTESIAN_POINT('',(1.008260082251,101.66427714083));
#5175 = ( GEOMETRIC_REPRESENTATION_CONTEXT(2) 
PARAMETRIC_REPRESENTATION_CONTEXT() REPRESENTATION_CONTEXT('2D SPACE',''
  ) );
#5176 = PCURVE('',#860,#5177);
#5177 = DEFINITIONAL_REPRESENTATION('',(#5178),#5217);
#5178 = B_SPLINE_CURVE_WITH_KNOTS('',7,(#5179,#5180,#5181,#5182,#5183,
    #5184,#5185,#5186,#5187,#5188,#5189,#5190,#5191,#5192,#5193,#5194,
    #5195,#5196,#5197,#5198,#5199,#5200,#5201,#5202,#5203,#5204,#5205,
    #5206,#5207,#5208,#5209,#5210,#5211,#5212,#5213,#5214,#5215,#5216),
  .UNSPECIFIED.,.F.,.F.,(8,6,6,6,6,6,8),(0.,0.232822405574,
    0.299196450034,0.42020785006,0.576779647621,0.663151979259,1.),
  .UNSPECIFIED.);
#5179 = CARTESIAN_POINT('',(0.895664793858,3.));
#5180 = CARTESIAN_POINT('',(0.895664793858,3.113774630815));
#5181 = CARTESIAN_POINT('',(0.892593942317,3.227698251173));
#5182 = CARTESIAN_POINT('',(0.886437915036,3.341074621808));
#5183 = CARTESIAN_POINT('',(0.877189342854,3.453208926956));
#5184 = CARTESIAN_POINT('',(0.864846599651,3.563423410063));
#5185 = CARTESIAN_POINT('',(0.849406772746,3.671072432267));
#5186 = CARTESIAN_POINT('',(0.825563371319,3.805343864606));
#5187 = CARTESIAN_POINT('',(0.820023552707,3.834858137873));
#5188 = CARTESIAN_POINT('',(0.814235081992,3.864077349515));
#5189 = CARTESIAN_POINT('',(0.808199911888,3.892980319801));
#5190 = CARTESIAN_POINT('',(0.801920225717,3.921547113189));
#5191 = CARTESIAN_POINT('',(0.795398437403,3.949759038331));
#5192 = CARTESIAN_POINT('',(0.776310266967,4.028355087235));
#5193 = CARTESIAN_POINT('',(0.763182803679,4.077892602959));
#5194 = CARTESIAN_POINT('',(0.749281011641,4.126056515218));
#5195 = CARTESIAN_POINT('',(0.734636535216,4.172716444141));
#5196 = CARTESIAN_POINT('',(0.719285475452,4.217765762844));
#5197 = CARTESIAN_POINT('',(0.703267412432,4.261121050255));
#5198 = CARTESIAN_POINT('',(0.665090737016,4.356546754429));
#5199 = CARTESIAN_POINT('',(0.642536747346,4.407369263061));
#5200 = CARTESIAN_POINT('',(0.619063008532,4.455059308559));
#5201 = CARTESIAN_POINT('',(0.594777736756,4.499550624876));
#5202 = CARTESIAN_POINT('',(0.569798093919,4.54083141447));
#5203 = CARTESIAN_POINT('',(0.544251467096,4.578935321574));
#5204 = CARTESIAN_POINT('',(0.503947877233,4.633238434924));
#5205 = CARTESIAN_POINT('',(0.489482901202,4.651606903781));
#5206 = CARTESIAN_POINT('',(0.474895587171,4.669060953089));
#5207 = CARTESIAN_POINT('',(0.460199899466,4.68562412731));
#5208 = CARTESIAN_POINT('',(0.44540999947,4.701320374312));
#5209 = CARTESIAN_POINT('',(0.430540245622,4.716174045372));
#5210 = CARTESIAN_POINT('',(0.357359194044,4.784949047583));
#5211 = CARTESIAN_POINT('',(0.298336058493,4.827045908468));
#5212 = CARTESIAN_POINT('',(0.23886906866,4.858638150649));
#5213 = CARTESIAN_POINT('',(0.179159343594,4.881267302939));
#5214 = CARTESIAN_POINT('',(0.119361026424,4.895970277124));
#5215 = CARTESIAN_POINT('',(5.960178090006E-02,4.903286631067));
#5216 = CARTESIAN_POINT('',(0.,4.903286631067));
#5217 = ( GEOMETRIC_REPRESENTATION_CONTEXT(2) 
PARAMETRIC_REPRESENTATION_CONTEXT() REPRESENTATION_CONTEXT('2D SPACE',''
  ) );
#5218 = ORIENTED_EDGE('',*,*,#5219,.F.);
#5219 = EDGE_CURVE('',#5220,#5092,#5222,.T.);
#5220 = VERTEX_POINT('',#5221);
#5221 = CARTESIAN_POINT('',(43.75,30.,99.478527841395));
#5222 = SURFACE_CURVE('',#5223,(#5262,#5304),.PCURVE_S1.);
#5223 = B_SPLINE_CURVE_WITH_KNOTS('',7,(#5224,#5225,#5226,#5227,#5228,
    #5229,#5230,#5231,#5232,#5233,#5234,#5235,#5236,#5237,#5238,#5239,
    #5240,#5241,#5242,#5243,#5244,#5245,#5246,#5247,#5248,#5249,#5250,
    #5251,#5252,#5253,#5254,#5255,#5256,#5257,#5258,#5259,#5260,#5261),
  .UNSPECIFIED.,.F.,.F.,(8,6,6,6,6,6,8),(0.,0.232822427849,
    0.299196474363,0.420207870188,0.576779662314,0.663151990953,1.),
  .UNSPECIFIED.);
#5224 = CARTESIAN_POINT('',(43.75,30.,99.478527841395));
#5225 = CARTESIAN_POINT('',(43.75,29.886225369261,99.478527841395));
#5226 = CARTESIAN_POINT('',(43.756712036988,29.77230174883,
    99.483901910168));
#5227 = CARTESIAN_POINT('',(43.770167818222,29.65892537813,
    99.494674693567));
#5228 = CARTESIAN_POINT('',(43.790278608708,29.54679107299,
    99.510989874847));
#5229 = CARTESIAN_POINT('',(43.816838238103,29.43657658995,
    99.53311242165));
#5230 = CARTESIAN_POINT('',(43.849523129019,29.328927567801,
    99.56143071042));
#5231 = CARTESIAN_POINT('',(43.898826957602,29.194656137302,
    99.606444413348));
#5232 = CARTESIAN_POINT('',(43.910220687107,29.165141862373,
    99.616970414941));
#5233 = CARTESIAN_POINT('',(43.92205594498,29.135922649003,
    99.628044468163));
#5234 = CARTESIAN_POINT('',(43.934316861228,29.107019678685,
    99.639674385349));
#5235 = CARTESIAN_POINT('',(43.946986286123,29.078452886977,
    99.65186785604));
#5236 = CARTESIAN_POINT('',(43.960045790202,29.050240963498,
    99.66463244699));
#5237 = CARTESIAN_POINT('',(43.997960653392,28.971644912765,
    99.702302487698));
#5238 = CARTESIAN_POINT('',(44.023685861234,28.922107397041,
    99.728561297934));
#5239 = CARTESIAN_POINT('',(44.050511507276,28.873943484782,
    99.756776768808));
#5240 = CARTESIAN_POINT('',(44.078279735409,28.827283555859,
    99.786962435759));
#5241 = CARTESIAN_POINT('',(44.106819499959,28.782234237156,
    99.819118953817));
#5242 = CARTESIAN_POINT('',(44.135951451718,28.738878949745,
    99.853232417692));
#5243 = CARTESIAN_POINT('',(44.203715220809,28.643453245571,
    99.935903734348));
#5244 = CARTESIAN_POINT('',(44.242576880845,28.592630736939,
    99.985704117592));
#5245 = CARTESIAN_POINT('',(44.281671641396,28.544940691441,
    100.03858595633));
#5246 = CARTESIAN_POINT('',(44.320584835657,28.500449375124,
    100.09441038478));
#5247 = CARTESIAN_POINT('',(44.358908854717,28.45916858553,
    100.15297880589));
#5248 = CARTESIAN_POINT('',(44.396258709574,28.421064678426,
    100.21402415073));
#5249 = CARTESIAN_POINT('',(44.452162811608,28.366761565076,
    100.31205407232));
#5250 = CARTESIAN_POINT('',(44.471644403842,28.348393096219,
    100.34756938478));
#5251 = CARTESIAN_POINT('',(44.490686189289,28.330939046911,
    100.38371408975));
#5252 = CARTESIAN_POINT('',(44.509245140362,28.31437587269,
    100.42045099365));
#5253 = CARTESIAN_POINT('',(44.527281382449,28.298679625688,
    100.45773969468));
#5254 = CARTESIAN_POINT('',(44.544758193912,28.283825954628,
    100.49553658285));
#5255 = CARTESIAN_POINT('',(44.627488077481,28.215050952417,
    100.68300023862));
#5256 = CARTESIAN_POINT('',(44.684073606847,28.172954091532,
    100.83867093343));
#5257 = CARTESIAN_POINT('',(44.730170146613,28.141361849352,
    100.99934077866));
#5258 = CARTESIAN_POINT('',(44.765076657128,28.118732697061,
    101.16359893537));
#5259 = CARTESIAN_POINT('',(44.788395522913,28.104029722876,
    101.33006634832));
#5260 = CARTESIAN_POINT('',(44.8,28.096713368933,101.49739215431));
#5261 = CARTESIAN_POINT('',(44.8,28.096713368933,101.66427714083));
#5262 = PCURVE('',#636,#5263);
#5263 = DEFINITIONAL_REPRESENTATION('',(#5264),#5303);
#5264 = B_SPLINE_CURVE_WITH_KNOTS('',7,(#5265,#5266,#5267,#5268,#5269,
    #5270,#5271,#5272,#5273,#5274,#5275,#5276,#5277,#5278,#5279,#5280,
    #5281,#5282,#5283,#5284,#5285,#5286,#5287,#5288,#5289,#5290,#5291,
    #5292,#5293,#5294,#5295,#5296,#5297,#5298,#5299,#5300,#5301,#5302),
  .UNSPECIFIED.,.F.,.F.,(8,6,6,6,6,6,8),(0.,0.232822427849,
    0.299196474363,0.420207870188,0.576779662314,0.663151990953,1.),
  .UNSPECIFIED.);
#5265 = CARTESIAN_POINT('',(0.,99.478527841395));
#5266 = CARTESIAN_POINT('',(5.056650255046E-02,99.478527841395));
#5267 = CARTESIAN_POINT('',(0.101199208651,99.483901910168));
#5268 = CARTESIAN_POINT('',(0.151799941178,99.494674693567));
#5269 = CARTESIAN_POINT('',(0.202273386122,99.510989874847));
#5270 = CARTESIAN_POINT('',(0.252522263256,99.53311242165));
#5271 = CARTESIAN_POINT('',(0.302441389583,99.56143071042));
#5272 = CARTESIAN_POINT('',(0.366013546795,99.606444413348));
#5273 = CARTESIAN_POINT('',(0.38007256296,99.616970414941));
#5274 = CARTESIAN_POINT('',(0.394080736595,99.628044468163));
#5275 = CARTESIAN_POINT('',(0.408031234557,99.639674385349));
#5276 = CARTESIAN_POINT('',(0.421917338016,99.65186785604));
#5277 = CARTESIAN_POINT('',(0.435732442457,99.66463244699));
#5278 = CARTESIAN_POINT('',(0.474516112284,99.702302487698));
#5279 = CARTESIAN_POINT('',(0.499313675004,99.728561297934));
#5280 = CARTESIAN_POINT('',(0.523799685607,99.756776768808));
#5281 = CARTESIAN_POINT('',(0.547914612159,99.786962435759));
#5282 = CARTESIAN_POINT('',(0.571602243908,99.819118953817));
#5283 = CARTESIAN_POINT('',(0.594809484165,99.853232417692));
#5284 = CARTESIAN_POINT('',(0.646826562877,99.935903734348));
#5285 = CARTESIAN_POINT('',(0.675243182109,99.985704117592));
#5286 = CARTESIAN_POINT('',(0.702626520392,100.03858595633));
#5287 = CARTESIAN_POINT('',(0.728874412813,100.09441038478));
#5288 = CARTESIAN_POINT('',(0.753893472845,100.15297880589));
#5289 = CARTESIAN_POINT('',(0.777600555159,100.21402415073));
#5290 = CARTESIAN_POINT('',(0.812238995929,100.31205407232));
#5291 = CARTESIAN_POINT('',(0.824138015201,100.34756938478));
#5292 = CARTESIAN_POINT('',(0.835616612191,100.38371408975));
#5293 = CARTESIAN_POINT('',(0.84667052173,100.42045099365));
#5294 = CARTESIAN_POINT('',(0.857295877538,100.45773969468));
#5295 = CARTESIAN_POINT('',(0.867489212225,100.49553658285));
#5296 = CARTESIAN_POINT('',(0.915304152944,100.68300023862));
#5297 = CARTESIAN_POINT('',(0.946603997336,100.83867093343));
#5298 = CARTESIAN_POINT('',(0.97142410744,100.99934077866));
#5299 = CARTESIAN_POINT('',(0.989910771716,101.16359893537));
#5300 = CARTESIAN_POINT('',(1.002163092634,101.33006634832));
#5301 = CARTESIAN_POINT('',(1.008260082251,101.49739215431));
#5302 = CARTESIAN_POINT('',(1.008260082251,101.66427714083));
#5303 = ( GEOMETRIC_REPRESENTATION_CONTEXT(2) 
PARAMETRIC_REPRESENTATION_CONTEXT() REPRESENTATION_CONTEXT('2D SPACE',''
  ) );
#5304 = PCURVE('',#860,#5305);
#5305 = DEFINITIONAL_REPRESENTATION('',(#5306),#5345);
#5306 = B_SPLINE_CURVE_WITH_KNOTS('',7,(#5307,#5308,#5309,#5310,#5311,
    #5312,#5313,#5314,#5315,#5316,#5317,#5318,#5319,#5320,#5321,#5322,
    #5323,#5324,#5325,#5326,#5327,#5328,#5329,#5330,#5331,#5332,#5333,
    #5334,#5335,#5336,#5337,#5338,#5339,#5340,#5341,#5342,#5343,#5344),
  .UNSPECIFIED.,.F.,.F.,(8,6,6,6,6,6,8),(0.,0.232822427849,
    0.299196474363,0.420207870188,0.576779662314,0.663151990953,1.),
  .UNSPECIFIED.);
#5307 = CARTESIAN_POINT('',(5.387520513322,3.));
#5308 = CARTESIAN_POINT('',(5.387520513322,3.113774630739));
#5309 = CARTESIAN_POINT('',(5.390591364859,3.22769825117));
#5310 = CARTESIAN_POINT('',(5.396747392146,3.34107462187));
#5311 = CARTESIAN_POINT('',(5.405995964333,3.45320892701));
#5312 = CARTESIAN_POINT('',(5.418338707531,3.56342341005));
#5313 = CARTESIAN_POINT('',(5.433778534421,3.671072432199));
#5314 = CARTESIAN_POINT('',(5.457621935522,3.805343862698));
#5315 = CARTESIAN_POINT('',(5.463161754482,3.834858137627));
#5316 = CARTESIAN_POINT('',(5.468950225522,3.864077350997));
#5317 = CARTESIAN_POINT('',(5.474985395583,3.892980321315));
#5318 = CARTESIAN_POINT('',(5.481265081367,3.921547113023));
#5319 = CARTESIAN_POINT('',(5.487786869333,3.949759036502));
#5320 = CARTESIAN_POINT('',(5.506875040213,4.028355087235));
#5321 = CARTESIAN_POINT('',(5.520002503501,4.077892602959));
#5322 = CARTESIAN_POINT('',(5.533904295539,4.126056515218));
#5323 = CARTESIAN_POINT('',(5.548548771964,4.172716444141));
#5324 = CARTESIAN_POINT('',(5.563899831728,4.217765762844));
#5325 = CARTESIAN_POINT('',(5.579917894748,4.261121050255));
#5326 = CARTESIAN_POINT('',(5.618094570163,4.356546754429));
#5327 = CARTESIAN_POINT('',(5.640648559834,4.407369263061));
#5328 = CARTESIAN_POINT('',(5.664122298647,4.455059308559));
#5329 = CARTESIAN_POINT('',(5.688407570423,4.499550624876));
#5330 = CARTESIAN_POINT('',(5.71338721326,4.54083141447));
#5331 = CARTESIAN_POINT('',(5.738933840083,4.578935321574));
#5332 = CARTESIAN_POINT('',(5.779237429947,4.633238434924));
#5333 = CARTESIAN_POINT('',(5.793702405978,4.651606903781));
#5334 = CARTESIAN_POINT('',(5.808289720009,4.669060953089));
#5335 = CARTESIAN_POINT('',(5.822985407713,4.68562412731));
#5336 = CARTESIAN_POINT('',(5.83777530771,4.701320374312));
#5337 = CARTESIAN_POINT('',(5.852645061558,4.716174045372));
#5338 = CARTESIAN_POINT('',(5.925826113136,4.784949047583));
#5339 = CARTESIAN_POINT('',(5.984849248687,4.827045908468));
#5340 = CARTESIAN_POINT('',(6.044316238519,4.858638150648));
#5341 = CARTESIAN_POINT('',(6.104025963586,4.88126730294));
#5342 = CARTESIAN_POINT('',(6.163824280755,4.895970277124));
#5343 = CARTESIAN_POINT('',(6.22358352628,4.903286631067));
#5344 = CARTESIAN_POINT('',(6.28318530718,4.903286631067));
#5345 = ( GEOMETRIC_REPRESENTATION_CONTEXT(2) 
PARAMETRIC_REPRESENTATION_CONTEXT() REPRESENTATION_CONTEXT('2D SPACE',''
  ) );
#5346 = ORIENTED_EDGE('',*,*,#5347,.F.);
#5347 = EDGE_CURVE('',#5348,#5220,#5350,.T.);
#5348 = VERTEX_POINT('',#5349);
#5349 = CARTESIAN_POINT('',(43.75,30.,15.850026440274));
#5350 = SEAM_CURVE('',#5351,(#5355,#5362),.PCURVE_S1.);
#5351 = LINE('',#5352,#5353);
#5352 = CARTESIAN_POINT('',(43.75,30.,-0.));
#5353 = VECTOR('',#5354,1.);
#5354 = DIRECTION('',(0.,0.,1.));
#5355 = PCURVE('',#636,#5356);
#5356 = DEFINITIONAL_REPRESENTATION('',(#5357),#5361);
#5357 = LINE('',#5358,#5359);
#5358 = CARTESIAN_POINT('',(6.28318530718,-0.));
#5359 = VECTOR('',#5360,1.);
#5360 = DIRECTION('',(0.,1.));
#5361 = ( GEOMETRIC_REPRESENTATION_CONTEXT(2) 
PARAMETRIC_REPRESENTATION_CONTEXT() REPRESENTATION_CONTEXT('2D SPACE',''
  ) );
#5362 = PCURVE('',#636,#5363);
#5363 = DEFINITIONAL_REPRESENTATION('',(#5364),#5368);
#5364 = LINE('',#5365,#5366);
#5365 = CARTESIAN_POINT('',(0.,-0.));
#5366 = VECTOR('',#5367,1.);
#5367 = DIRECTION('',(0.,1.));
#5368 = ( GEOMETRIC_REPRESENTATION_CONTEXT(2) 
PARAMETRIC_REPRESENTATION_CONTEXT() REPRESENTATION_CONTEXT('2D SPACE',''
  ) );
#5369 = ORIENTED_EDGE('',*,*,#5370,.T.);
#5370 = EDGE_CURVE('',#5348,#5371,#5373,.T.);
#5371 = VERTEX_POINT('',#5372);
#5372 = CARTESIAN_POINT('',(44.8,28.096713368933,13.664277140834));
#5373 = SURFACE_CURVE('',#5374,(#5413,#5455),.PCURVE_S1.);
#5374 = B_SPLINE_CURVE_WITH_KNOTS('',7,(#5375,#5376,#5377,#5378,#5379,
    #5380,#5381,#5382,#5383,#5384,#5385,#5386,#5387,#5388,#5389,#5390,
    #5391,#5392,#5393,#5394,#5395,#5396,#5397,#5398,#5399,#5400,#5401,
    #5402,#5403,#5404,#5405,#5406,#5407,#5408,#5409,#5410,#5411,#5412),
  .UNSPECIFIED.,.F.,.F.,(8,6,6,6,6,6,8),(0.,0.23282242793,0.299196474452
    ,0.420207870261,0.576779662367,0.663151990996,1.),.UNSPECIFIED.);
#5375 = CARTESIAN_POINT('',(43.75,30.,15.850026440274));
#5376 = CARTESIAN_POINT('',(43.75,29.886225369262,15.850026440274));
#5377 = CARTESIAN_POINT('',(43.756712036988,29.77230174883,15.8446523715
    ));
#5378 = CARTESIAN_POINT('',(43.770167818222,29.65892537813,
    15.833879588102));
#5379 = CARTESIAN_POINT('',(43.790278608708,29.54679107299,
    15.817564406822));
#5380 = CARTESIAN_POINT('',(43.816838238103,29.43657658995,
    15.795441860019));
#5381 = CARTESIAN_POINT('',(43.849523129019,29.328927567801,
    15.767123571249));
#5382 = CARTESIAN_POINT('',(43.8988269576,29.194656137309,
    15.722109868323));
#5383 = CARTESIAN_POINT('',(43.910220687107,29.165141862374,
    15.711583866727));
#5384 = CARTESIAN_POINT('',(43.922055944982,29.135922648998,
    15.700509813503));
#5385 = CARTESIAN_POINT('',(43.93431686123,29.10701967868,
    15.688879896318));
#5386 = CARTESIAN_POINT('',(43.946986286122,29.078452886977,
    15.676686425629));
#5387 = CARTESIAN_POINT('',(43.960045790199,29.050240963504,
    15.663921834681));
#5388 = CARTESIAN_POINT('',(43.997960653392,28.971644912765,
    15.626251793971));
#5389 = CARTESIAN_POINT('',(44.023685861234,28.922107397041,
    15.599992983734));
#5390 = CARTESIAN_POINT('',(44.050511507276,28.873943484782,
    15.571777512861));
#5391 = CARTESIAN_POINT('',(44.078279735409,28.827283555859,
    15.54159184591));
#5392 = CARTESIAN_POINT('',(44.106819499959,28.782234237156,
    15.509435327852));
#5393 = CARTESIAN_POINT('',(44.135951451718,28.738878949745,
    15.475321863976));
#5394 = CARTESIAN_POINT('',(44.203715220809,28.643453245571,
    15.392650547321));
#5395 = CARTESIAN_POINT('',(44.242576880845,28.592630736939,
    15.342850164077));
#5396 = CARTESIAN_POINT('',(44.281671641396,28.544940691441,
    15.289968325333));
#5397 = CARTESIAN_POINT('',(44.320584835657,28.500449375124,
    15.234143896888));
#5398 = CARTESIAN_POINT('',(44.358908854717,28.45916858553,
    15.175575475771));
#5399 = CARTESIAN_POINT('',(44.396258709574,28.421064678426,
    15.114530130932));
#5400 = CARTESIAN_POINT('',(44.452162811608,28.366761565076,
    15.016500209348));
#5401 = CARTESIAN_POINT('',(44.471644403842,28.348393096219,
    14.980984896887));
#5402 = CARTESIAN_POINT('',(44.490686189289,28.330939046911,
    14.944840191916));
#5403 = CARTESIAN_POINT('',(44.509245140362,28.31437587269,
    14.908103288017));
#5404 = CARTESIAN_POINT('',(44.527281382449,28.298679625688,
    14.870814586982));
#5405 = CARTESIAN_POINT('',(44.544758193912,28.283825954628,
    14.833017698813));
#5406 = CARTESIAN_POINT('',(44.627488077482,28.215050952417,
    14.645554043042));
#5407 = CARTESIAN_POINT('',(44.684073606847,28.172954091532,
    14.489883348233));
#5408 = CARTESIAN_POINT('',(44.730170146614,28.141361849351,
    14.329213503004));
#5409 = CARTESIAN_POINT('',(44.765076657128,28.118732697061,
    14.164955346291));
#5410 = CARTESIAN_POINT('',(44.788395522913,28.104029722876,
    13.998487933347));
#5411 = CARTESIAN_POINT('',(44.8,28.096713368933,13.831162127354));
#5412 = CARTESIAN_POINT('',(44.8,28.096713368933,13.664277140834));
#5413 = PCURVE('',#636,#5414);
#5414 = DEFINITIONAL_REPRESENTATION('',(#5415),#5454);
#5415 = B_SPLINE_CURVE_WITH_KNOTS('',7,(#5416,#5417,#5418,#5419,#5420,
    #5421,#5422,#5423,#5424,#5425,#5426,#5427,#5428,#5429,#5430,#5431,
    #5432,#5433,#5434,#5435,#5436,#5437,#5438,#5439,#5440,#5441,#5442,
    #5443,#5444,#5445,#5446,#5447,#5448,#5449,#5450,#5451,#5452,#5453),
  .UNSPECIFIED.,.F.,.F.,(8,6,6,6,6,6,8),(0.,0.23282242793,0.299196474452
    ,0.420207870261,0.576779662367,0.663151990996,1.),.UNSPECIFIED.);
#5416 = CARTESIAN_POINT('',(0.,15.850026440274));
#5417 = CARTESIAN_POINT('',(5.056650255043E-02,15.850026440274));
#5418 = CARTESIAN_POINT('',(0.101199208651,15.8446523715));
#5419 = CARTESIAN_POINT('',(0.151799941178,15.833879588102));
#5420 = CARTESIAN_POINT('',(0.202273386122,15.817564406822));
#5421 = CARTESIAN_POINT('',(0.252522263256,15.795441860019));
#5422 = CARTESIAN_POINT('',(0.302441389583,15.767123571249));
#5423 = CARTESIAN_POINT('',(0.366013546792,15.722109868323));
#5424 = CARTESIAN_POINT('',(0.380072562959,15.711583866727));
#5425 = CARTESIAN_POINT('',(0.394080736598,15.700509813503));
#5426 = CARTESIAN_POINT('',(0.40803123456,15.688879896318));
#5427 = CARTESIAN_POINT('',(0.421917338016,15.676686425629));
#5428 = CARTESIAN_POINT('',(0.435732442454,15.663921834681));
#5429 = CARTESIAN_POINT('',(0.474516112284,15.626251793971));
#5430 = CARTESIAN_POINT('',(0.499313675004,15.599992983734));
#5431 = CARTESIAN_POINT('',(0.523799685607,15.571777512861));
#5432 = CARTESIAN_POINT('',(0.547914612159,15.54159184591));
#5433 = CARTESIAN_POINT('',(0.571602243908,15.509435327852));
#5434 = CARTESIAN_POINT('',(0.594809484165,15.475321863976));
#5435 = CARTESIAN_POINT('',(0.646826562877,15.392650547321));
#5436 = CARTESIAN_POINT('',(0.675243182109,15.342850164077));
#5437 = CARTESIAN_POINT('',(0.702626520392,15.289968325333));
#5438 = CARTESIAN_POINT('',(0.728874412813,15.234143896888));
#5439 = CARTESIAN_POINT('',(0.753893472845,15.175575475771));
#5440 = CARTESIAN_POINT('',(0.777600555159,15.114530130932));
#5441 = CARTESIAN_POINT('',(0.812238995929,15.016500209348));
#5442 = CARTESIAN_POINT('',(0.824138015201,14.980984896887));
#5443 = CARTESIAN_POINT('',(0.835616612191,14.944840191916));
#5444 = CARTESIAN_POINT('',(0.84667052173,14.908103288017));
#5445 = CARTESIAN_POINT('',(0.857295877538,14.870814586982));
#5446 = CARTESIAN_POINT('',(0.867489212225,14.833017698813));
#5447 = CARTESIAN_POINT('',(0.915304152944,14.645554043042));
#5448 = CARTESIAN_POINT('',(0.946603997336,14.489883348233));
#5449 = CARTESIAN_POINT('',(0.971424107441,14.329213503004));
#5450 = CARTESIAN_POINT('',(0.989910771715,14.164955346291));
#5451 = CARTESIAN_POINT('',(1.002163092634,13.998487933347));
#5452 = CARTESIAN_POINT('',(1.008260082251,13.831162127354));
#5453 = CARTESIAN_POINT('',(1.008260082251,13.664277140834));
#5454 = ( GEOMETRIC_REPRESENTATION_CONTEXT(2) 
PARAMETRIC_REPRESENTATION_CONTEXT() REPRESENTATION_CONTEXT('2D SPACE',''
  ) );
#5455 = PCURVE('',#790,#5456);
#5456 = DEFINITIONAL_REPRESENTATION('',(#5457),#5496);
#5457 = B_SPLINE_CURVE_WITH_KNOTS('',7,(#5458,#5459,#5460,#5461,#5462,
    #5463,#5464,#5465,#5466,#5467,#5468,#5469,#5470,#5471,#5472,#5473,
    #5474,#5475,#5476,#5477,#5478,#5479,#5480,#5481,#5482,#5483,#5484,
    #5485,#5486,#5487,#5488,#5489,#5490,#5491,#5492,#5493,#5494,#5495),
  .UNSPECIFIED.,.F.,.F.,(8,6,6,6,6,6,8),(0.,0.23282242793,0.299196474452
    ,0.420207870261,0.576779662367,0.663151990996,1.),.UNSPECIFIED.);
#5458 = CARTESIAN_POINT('',(0.895664793858,3.));
#5459 = CARTESIAN_POINT('',(0.895664793858,3.113774630738));
#5460 = CARTESIAN_POINT('',(0.892593942321,3.22769825117));
#5461 = CARTESIAN_POINT('',(0.886437915034,3.34107462187));
#5462 = CARTESIAN_POINT('',(0.877189342846,3.45320892701));
#5463 = CARTESIAN_POINT('',(0.864846599648,3.56342341005));
#5464 = CARTESIAN_POINT('',(0.849406772759,3.671072432199));
#5465 = CARTESIAN_POINT('',(0.825563371659,3.805343862691));
#5466 = CARTESIAN_POINT('',(0.820023552698,3.834858137626));
#5467 = CARTESIAN_POINT('',(0.814235081656,3.864077351002));
#5468 = CARTESIAN_POINT('',(0.808199911595,3.89298032132));
#5469 = CARTESIAN_POINT('',(0.801920225813,3.921547113023));
#5470 = CARTESIAN_POINT('',(0.795398437849,3.949759036496));
#5471 = CARTESIAN_POINT('',(0.776310266967,4.028355087235));
#5472 = CARTESIAN_POINT('',(0.763182803679,4.077892602959));
#5473 = CARTESIAN_POINT('',(0.749281011641,4.126056515218));
#5474 = CARTESIAN_POINT('',(0.734636535216,4.172716444141));
#5475 = CARTESIAN_POINT('',(0.719285475452,4.217765762844));
#5476 = CARTESIAN_POINT('',(0.703267412432,4.261121050255));
#5477 = CARTESIAN_POINT('',(0.665090737016,4.356546754429));
#5478 = CARTESIAN_POINT('',(0.642536747346,4.407369263061));
#5479 = CARTESIAN_POINT('',(0.619063008532,4.455059308559));
#5480 = CARTESIAN_POINT('',(0.594777736756,4.499550624876));
#5481 = CARTESIAN_POINT('',(0.569798093919,4.54083141447));
#5482 = CARTESIAN_POINT('',(0.544251467096,4.578935321574));
#5483 = CARTESIAN_POINT('',(0.503947877233,4.633238434924));
#5484 = CARTESIAN_POINT('',(0.489482901202,4.651606903781));
#5485 = CARTESIAN_POINT('',(0.474895587171,4.669060953089));
#5486 = CARTESIAN_POINT('',(0.460199899466,4.68562412731));
#5487 = CARTESIAN_POINT('',(0.44540999947,4.701320374312));
#5488 = CARTESIAN_POINT('',(0.430540245622,4.716174045372));
#5489 = CARTESIAN_POINT('',(0.357359194044,4.784949047583));
#5490 = CARTESIAN_POINT('',(0.298336058493,4.827045908468));
#5491 = CARTESIAN_POINT('',(0.23886906866,4.858638150649));
#5492 = CARTESIAN_POINT('',(0.179159343594,4.881267302939));
#5493 = CARTESIAN_POINT('',(0.119361026424,4.895970277124));
#5494 = CARTESIAN_POINT('',(5.960178090003E-02,4.903286631067));
#5495 = CARTESIAN_POINT('',(0.,4.903286631067));
#5496 = ( GEOMETRIC_REPRESENTATION_CONTEXT(2) 
PARAMETRIC_REPRESENTATION_CONTEXT() REPRESENTATION_CONTEXT('2D SPACE',''
  ) );
#5497 = ORIENTED_EDGE('',*,*,#5498,.F.);
#5498 = EDGE_CURVE('',#5499,#5371,#5501,.T.);
#5499 = VERTEX_POINT('',#5500);
#5500 = CARTESIAN_POINT('',(43.75,30.,11.478527841395));
#5501 = SURFACE_CURVE('',#5502,(#5541,#5583),.PCURVE_S1.);
#5502 = B_SPLINE_CURVE_WITH_KNOTS('',7,(#5503,#5504,#5505,#5506,#5507,
    #5508,#5509,#5510,#5511,#5512,#5513,#5514,#5515,#5516,#5517,#5518,
    #5519,#5520,#5521,#5522,#5523,#5524,#5525,#5526,#5527,#5528,#5529,
    #5530,#5531,#5532,#5533,#5534,#5535,#5536,#5537,#5538,#5539,#5540),
  .UNSPECIFIED.,.F.,.F.,(8,6,6,6,6,6,8),(0.,0.23282238332,0.299196421393
    ,0.420207809772,0.576779592265,0.663151926697,1.),.UNSPECIFIED.);
#5503 = CARTESIAN_POINT('',(43.75,30.,11.478527841395));
#5504 = CARTESIAN_POINT('',(43.75,29.886225369262,11.478527841395));
#5505 = CARTESIAN_POINT('',(43.756712036988,29.77230174883,
    11.483901910168));
#5506 = CARTESIAN_POINT('',(43.770167818222,29.65892537813,
    11.494674693567));
#5507 = CARTESIAN_POINT('',(43.790278608708,29.54679107299,
    11.510989874847));
#5508 = CARTESIAN_POINT('',(43.816838238103,29.43657658995,
    11.53311242165));
#5509 = CARTESIAN_POINT('',(43.849523129019,29.328927567801,
    11.56143071042));
#5510 = CARTESIAN_POINT('',(43.898826958303,29.194656135394,
    11.606444413987));
#5511 = CARTESIAN_POINT('',(43.910220687104,29.165141862127,
    11.616970414908));
#5512 = CARTESIAN_POINT('',(43.922055944311,29.135922650485,
    11.628044467511));
#5513 = CARTESIAN_POINT('',(43.934316860631,29.107019680199,
    11.639674384791));
#5514 = CARTESIAN_POINT('',(43.946986286301,29.078452886811,
    11.651867856243));
#5515 = CARTESIAN_POINT('',(43.960045791084,29.05024096167,
    11.664632447867));
#5516 = CARTESIAN_POINT('',(43.997960653392,28.971644912765,
    11.702302487698));
#5517 = CARTESIAN_POINT('',(44.023685861234,28.922107397041,
    11.728561297934));
#5518 = CARTESIAN_POINT('',(44.050511507276,28.873943484782,
    11.756776768808));
#5519 = CARTESIAN_POINT('',(44.078279735409,28.827283555859,
    11.786962435759));
#5520 = CARTESIAN_POINT('',(44.106819499959,28.782234237156,
    11.819118953817));
#5521 = CARTESIAN_POINT('',(44.135951451718,28.738878949745,
    11.853232417692));
#5522 = CARTESIAN_POINT('',(44.203715220809,28.643453245571,
    11.935903734348));
#5523 = CARTESIAN_POINT('',(44.242576880845,28.592630736939,
    11.985704117592));
#5524 = CARTESIAN_POINT('',(44.281671641396,28.544940691441,
    12.038585956336));
#5525 = CARTESIAN_POINT('',(44.320584835657,28.500449375124,
    12.094410384781));
#5526 = CARTESIAN_POINT('',(44.358908854717,28.45916858553,
    12.152978805897));
#5527 = CARTESIAN_POINT('',(44.396258709574,28.421064678426,
    12.214024150737));
#5528 = CARTESIAN_POINT('',(44.452162814163,28.366761562594,
    12.312054076802));
#5529 = CARTESIAN_POINT('',(44.471644404332,28.348393095608,
    12.347569385162));
#5530 = CARTESIAN_POINT('',(44.490686187523,28.330939048443,
    12.383714086005));
#5531 = CARTESIAN_POINT('',(44.509245138409,28.314375874521,
    12.420450990005));
#5532 = CARTESIAN_POINT('',(44.527281382472,28.298679625823,
    12.457739695318));
#5533 = CARTESIAN_POINT('',(44.544758196001,28.283825952892,
    12.495536587588));
#5534 = CARTESIAN_POINT('',(44.627488077482,28.215050952417,
    12.683000238627));
#5535 = CARTESIAN_POINT('',(44.684073606847,28.172954091532,
    12.838670933436));
#5536 = CARTESIAN_POINT('',(44.730170146614,28.141361849351,
    12.999340778664));
#5537 = CARTESIAN_POINT('',(44.765076657128,28.118732697061,
    13.163598935379));
#5538 = CARTESIAN_POINT('',(44.788395522913,28.104029722876,
    13.330066348322));
#5539 = CARTESIAN_POINT('',(44.8,28.096713368933,13.497392154314));
#5540 = CARTESIAN_POINT('',(44.8,28.096713368933,13.664277140834));
#5541 = PCURVE('',#636,#5542);
#5542 = DEFINITIONAL_REPRESENTATION('',(#5543),#5582);
#5543 = B_SPLINE_CURVE_WITH_KNOTS('',7,(#5544,#5545,#5546,#5547,#5548,
    #5549,#5550,#5551,#5552,#5553,#5554,#5555,#5556,#5557,#5558,#5559,
    #5560,#5561,#5562,#5563,#5564,#5565,#5566,#5567,#5568,#5569,#5570,
    #5571,#5572,#5573,#5574,#5575,#5576,#5577,#5578,#5579,#5580,#5581),
  .UNSPECIFIED.,.F.,.F.,(8,6,6,6,6,6,8),(0.,0.23282238332,0.299196421393
    ,0.420207809772,0.576779592265,0.663151926697,1.),.UNSPECIFIED.);
#5544 = CARTESIAN_POINT('',(0.,11.478527841395));
#5545 = CARTESIAN_POINT('',(5.056650255044E-02,11.478527841395));
#5546 = CARTESIAN_POINT('',(0.101199208651,11.483901910168));
#5547 = CARTESIAN_POINT('',(0.151799941178,11.494674693567));
#5548 = CARTESIAN_POINT('',(0.202273386122,11.510989874847));
#5549 = CARTESIAN_POINT('',(0.252522263256,11.53311242165));
#5550 = CARTESIAN_POINT('',(0.302441389583,11.56143071042));
#5551 = CARTESIAN_POINT('',(0.366013547698,11.606444413987));
#5552 = CARTESIAN_POINT('',(0.38007256306,11.616970414908));
#5553 = CARTESIAN_POINT('',(0.394080735872,11.628044467511));
#5554 = CARTESIAN_POINT('',(0.408031233833,11.639674384791));
#5555 = CARTESIAN_POINT('',(0.421917338115,11.651867856243));
#5556 = CARTESIAN_POINT('',(0.435732443359,11.664632447867));
#5557 = CARTESIAN_POINT('',(0.474516112284,11.702302487698));
#5558 = CARTESIAN_POINT('',(0.499313675004,11.728561297934));
#5559 = CARTESIAN_POINT('',(0.523799685607,11.756776768808));
#5560 = CARTESIAN_POINT('',(0.547914612159,11.786962435759));
#5561 = CARTESIAN_POINT('',(0.571602243908,11.819118953817));
#5562 = CARTESIAN_POINT('',(0.594809484165,11.853232417692));
#5563 = CARTESIAN_POINT('',(0.646826562877,11.935903734348));
#5564 = CARTESIAN_POINT('',(0.675243182109,11.985704117592));
#5565 = CARTESIAN_POINT('',(0.702626520392,12.038585956336));
#5566 = CARTESIAN_POINT('',(0.728874412813,12.094410384781));
#5567 = CARTESIAN_POINT('',(0.753893472845,12.152978805897));
#5568 = CARTESIAN_POINT('',(0.777600555159,12.214024150737));
#5569 = CARTESIAN_POINT('',(0.812238997513,12.312054076802));
#5570 = CARTESIAN_POINT('',(0.824138015545,12.347569385162));
#5571 = CARTESIAN_POINT('',(0.835616611152,12.383714086005));
#5572 = CARTESIAN_POINT('',(0.84667052054,12.420450990005));
#5573 = CARTESIAN_POINT('',(0.857295877505,12.457739695318));
#5574 = CARTESIAN_POINT('',(0.867489213432,12.495536587588));
#5575 = CARTESIAN_POINT('',(0.915304152944,12.683000238627));
#5576 = CARTESIAN_POINT('',(0.946603997336,12.838670933436));
#5577 = CARTESIAN_POINT('',(0.971424107441,12.999340778664));
#5578 = CARTESIAN_POINT('',(0.989910771715,13.163598935379));
#5579 = CARTESIAN_POINT('',(1.002163092634,13.330066348322));
#5580 = CARTESIAN_POINT('',(1.008260082251,13.497392154314));
#5581 = CARTESIAN_POINT('',(1.008260082251,13.664277140834));
#5582 = ( GEOMETRIC_REPRESENTATION_CONTEXT(2) 
PARAMETRIC_REPRESENTATION_CONTEXT() REPRESENTATION_CONTEXT('2D SPACE',''
  ) );
#5583 = PCURVE('',#790,#5584);
#5584 = DEFINITIONAL_REPRESENTATION('',(#5585),#5624);
#5585 = B_SPLINE_CURVE_WITH_KNOTS('',7,(#5586,#5587,#5588,#5589,#5590,
    #5591,#5592,#5593,#5594,#5595,#5596,#5597,#5598,#5599,#5600,#5601,
    #5602,#5603,#5604,#5605,#5606,#5607,#5608,#5609,#5610,#5611,#5612,
    #5613,#5614,#5615,#5616,#5617,#5618,#5619,#5620,#5621,#5622,#5623),
  .UNSPECIFIED.,.F.,.F.,(8,6,6,6,6,6,8),(0.,0.23282238332,0.299196421393
    ,0.420207809772,0.576779592265,0.663151926697,1.),.UNSPECIFIED.);
#5586 = CARTESIAN_POINT('',(5.387520513322,3.));
#5587 = CARTESIAN_POINT('',(5.387520513322,3.113774630738));
#5588 = CARTESIAN_POINT('',(5.390591364859,3.22769825117));
#5589 = CARTESIAN_POINT('',(5.396747392146,3.34107462187));
#5590 = CARTESIAN_POINT('',(5.405995964333,3.45320892701));
#5591 = CARTESIAN_POINT('',(5.418338707531,3.56342341005));
#5592 = CARTESIAN_POINT('',(5.433778534421,3.671072432199));
#5593 = CARTESIAN_POINT('',(5.457621935861,3.805343864606));
#5594 = CARTESIAN_POINT('',(5.463161754473,3.834858137873));
#5595 = CARTESIAN_POINT('',(5.468950225188,3.864077349515));
#5596 = CARTESIAN_POINT('',(5.474985395292,3.892980319801));
#5597 = CARTESIAN_POINT('',(5.481265081463,3.921547113189));
#5598 = CARTESIAN_POINT('',(5.487786869777,3.94975903833));
#5599 = CARTESIAN_POINT('',(5.506875040213,4.028355087235));
#5600 = CARTESIAN_POINT('',(5.520002503501,4.077892602959));
#5601 = CARTESIAN_POINT('',(5.533904295539,4.126056515218));
#5602 = CARTESIAN_POINT('',(5.548548771964,4.172716444141));
#5603 = CARTESIAN_POINT('',(5.563899831728,4.217765762844));
#5604 = CARTESIAN_POINT('',(5.579917894748,4.261121050255));
#5605 = CARTESIAN_POINT('',(5.618094570163,4.356546754429));
#5606 = CARTESIAN_POINT('',(5.640648559834,4.407369263061));
#5607 = CARTESIAN_POINT('',(5.664122298647,4.455059308559));
#5608 = CARTESIAN_POINT('',(5.688407570423,4.499550624876));
#5609 = CARTESIAN_POINT('',(5.71338721326,4.54083141447));
#5610 = CARTESIAN_POINT('',(5.738933840083,4.578935321574));
#5611 = CARTESIAN_POINT('',(5.779237431789,4.633238437406));
#5612 = CARTESIAN_POINT('',(5.793702406178,4.651606904392));
#5613 = CARTESIAN_POINT('',(5.808289718528,4.669060951557));
#5614 = CARTESIAN_POINT('',(5.822985406235,4.685624125479));
#5615 = CARTESIAN_POINT('',(5.837775307915,4.701320374177));
#5616 = CARTESIAN_POINT('',(5.852645063406,4.716174047108));
#5617 = CARTESIAN_POINT('',(5.925826113136,4.784949047583));
#5618 = CARTESIAN_POINT('',(5.984849248686,4.827045908468));
#5619 = CARTESIAN_POINT('',(6.04431623852,4.858638150649));
#5620 = CARTESIAN_POINT('',(6.104025963586,4.881267302939));
#5621 = CARTESIAN_POINT('',(6.163824280755,4.895970277124));
#5622 = CARTESIAN_POINT('',(6.22358352628,4.903286631067));
#5623 = CARTESIAN_POINT('',(6.28318530718,4.903286631067));
#5624 = ( GEOMETRIC_REPRESENTATION_CONTEXT(2) 
PARAMETRIC_REPRESENTATION_CONTEXT() REPRESENTATION_CONTEXT('2D SPACE',''
  ) );
#5625 = ORIENTED_EDGE('',*,*,#5626,.F.);
#5626 = EDGE_CURVE('',#1094,#5499,#5627,.T.);
#5627 = SEAM_CURVE('',#5628,(#5632,#5639),.PCURVE_S1.);
#5628 = LINE('',#5629,#5630);
#5629 = CARTESIAN_POINT('',(43.75,30.,-0.));
#5630 = VECTOR('',#5631,1.);
#5631 = DIRECTION('',(0.,0.,1.));
#5632 = PCURVE('',#636,#5633);
#5633 = DEFINITIONAL_REPRESENTATION('',(#5634),#5638);
#5634 = LINE('',#5635,#5636);
#5635 = CARTESIAN_POINT('',(6.28318530718,-0.));
#5636 = VECTOR('',#5637,1.);
#5637 = DIRECTION('',(0.,1.));
#5638 = ( GEOMETRIC_REPRESENTATION_CONTEXT(2) 
PARAMETRIC_REPRESENTATION_CONTEXT() REPRESENTATION_CONTEXT('2D SPACE',''
  ) );
#5639 = PCURVE('',#636,#5640);
#5640 = DEFINITIONAL_REPRESENTATION('',(#5641),#5645);
#5641 = LINE('',#5642,#5643);
#5642 = CARTESIAN_POINT('',(0.,-0.));
#5643 = VECTOR('',#5644,1.);
#5644 = DIRECTION('',(0.,1.));
#5645 = ( GEOMETRIC_REPRESENTATION_CONTEXT(2) 
PARAMETRIC_REPRESENTATION_CONTEXT() REPRESENTATION_CONTEXT('2D SPACE',''
  ) );
#5646 = ORIENTED_EDGE('',*,*,#1093,.T.);
#5647 = ORIENTED_EDGE('',*,*,#5626,.T.);
#5648 = ORIENTED_EDGE('',*,*,#5649,.F.);
#5649 = EDGE_CURVE('',#5650,#5499,#5652,.T.);
#5650 = VERTEX_POINT('',#5651);
#5651 = CARTESIAN_POINT('',(44.8,31.903286631067,13.664277140834));
#5652 = SURFACE_CURVE('',#5653,(#5692,#5734),.PCURVE_S1.);
#5653 = B_SPLINE_CURVE_WITH_KNOTS('',7,(#5654,#5655,#5656,#5657,#5658,
    #5659,#5660,#5661,#5662,#5663,#5664,#5665,#5666,#5667,#5668,#5669,
    #5670,#5671,#5672,#5673,#5674,#5675,#5676,#5677,#5678,#5679,#5680,
    #5681,#5682,#5683,#5684,#5685,#5686,#5687,#5688,#5689,#5690,#5691),
  .UNSPECIFIED.,.F.,.F.,(8,6,6,6,6,6,8),(0.,0.335878547057,
    0.423806714998,0.578341067547,0.700382921635,0.767082330031,1.),
  .UNSPECIFIED.);
#5654 = CARTESIAN_POINT('',(44.8,31.903286631067,13.664277140834));
#5655 = CARTESIAN_POINT('',(44.8,31.903286631067,13.497861210267));
#5656 = CARTESIAN_POINT('',(44.788460666067,31.896011342367,
    13.331018892238));
#5657 = CARTESIAN_POINT('',(44.76527598286,31.881392996298,
    13.165033063014));
#5658 = CARTESIAN_POINT('',(44.730571751313,31.858898293824,
    13.001236681965));
#5659 = CARTESIAN_POINT('',(44.684738768599,31.827501576574,
    12.840991490319));
#5660 = CARTESIAN_POINT('',(44.628466192865,31.785676849587,
    12.685692686486));
#5661 = CARTESIAN_POINT('',(44.54581481113,31.717073694308,
    12.497812208858));
#5662 = CARTESIAN_POINT('',(44.528050665312,31.701994251359,
    12.459307830612));
#5663 = CARTESIAN_POINT('',(44.509705099868,31.686042688098,
    12.421328606804));
#5664 = CARTESIAN_POINT('',(44.4908168544,31.669193248,12.383920585899)
  );
#5665 = CARTESIAN_POINT('',(44.471428220285,31.651420517826,
    12.347126359013));
#5666 = CARTESIAN_POINT('',(44.451584704045,31.632699593389,
    12.310985085753));
#5667 = CARTESIAN_POINT('',(44.3957451547,31.578395052288,
    12.213224394978));
#5668 = CARTESIAN_POINT('',(44.358875396349,31.540756284537,
    12.153000462326));
#5669 = CARTESIAN_POINT('',(44.321059254724,31.500022997489,
    12.095190246333));
#5670 = CARTESIAN_POINT('',(44.2826666118,31.456162838392,
    12.040050205441));
#5671 = CARTESIAN_POINT('',(44.244088842918,31.409186497105,
    11.987771902031));
#5672 = CARTESIAN_POINT('',(44.205724267245,31.359156156899,
    11.938490172164));
#5673 = CARTESIAN_POINT('',(44.138142513262,31.264367604369,
    11.855806225839));
#5674 = CARTESIAN_POINT('',(44.108726116131,31.220752066745,
    11.821278189476));
#5675 = CARTESIAN_POINT('',(44.079902282056,31.175408749672,
    11.78873931362));
#5676 = CARTESIAN_POINT('',(44.051855533599,31.128422544304,
    11.75820477326));
#5677 = CARTESIAN_POINT('',(44.024761919963,31.07990239569,
    11.729674547123));
#5678 = CARTESIAN_POINT('',(43.998783896293,31.029981882812,
    11.703135173824));
#5679 = CARTESIAN_POINT('',(43.960555721051,30.950858237624,
    11.665131287834));
#5680 = CARTESIAN_POINT('',(43.947419586142,30.922520103508,
    11.652285503855));
#5681 = CARTESIAN_POINT('',(43.934676841921,30.893823085417,
    11.640016622194));
#5682 = CARTESIAN_POINT('',(43.922346226193,30.86478614403,
    11.628316980313));
#5683 = CARTESIAN_POINT('',(43.910445170888,30.835429511568,
    11.617178787031));
#5684 = CARTESIAN_POINT('',(43.898989802063,30.805774691793,
    11.606594122516));
#5685 = CARTESIAN_POINT('',(43.849600331351,30.671326593704,
    11.561497604872));
#5686 = CARTESIAN_POINT('',(43.81689055003,30.563640398091,
    11.533155995814));
#5687 = CARTESIAN_POINT('',(43.790310293737,30.453385571369,
    11.511015578987));
#5688 = CARTESIAN_POINT('',(43.770183703089,30.34120852408,
    11.494687410581));
#5689 = CARTESIAN_POINT('',(43.756717309448,30.227787865092,
    11.483906131925));
#5690 = CARTESIAN_POINT('',(43.75,30.113819308294,11.478527841395));
#5691 = CARTESIAN_POINT('',(43.75,30.,11.478527841395));
#5692 = PCURVE('',#636,#5693);
#5693 = DEFINITIONAL_REPRESENTATION('',(#5694),#5733);
#5694 = B_SPLINE_CURVE_WITH_KNOTS('',7,(#5695,#5696,#5697,#5698,#5699,
    #5700,#5701,#5702,#5703,#5704,#5705,#5706,#5707,#5708,#5709,#5710,
    #5711,#5712,#5713,#5714,#5715,#5716,#5717,#5718,#5719,#5720,#5721,
    #5722,#5723,#5724,#5725,#5726,#5727,#5728,#5729,#5730,#5731,#5732),
  .UNSPECIFIED.,.F.,.F.,(8,6,6,6,6,6,8),(0.,0.335878547057,
    0.423806714998,0.578341067547,0.700382921635,0.767082330031,1.),
  .UNSPECIFIED.);
#5695 = CARTESIAN_POINT('',(5.274925224929,13.664277140834));
#5696 = CARTESIAN_POINT('',(5.274925224929,13.497861210267));
#5697 = CARTESIAN_POINT('',(5.280987991959,13.331018892238));
#5698 = CARTESIAN_POINT('',(5.293169796748,13.165033063014));
#5699 = CARTESIAN_POINT('',(5.311548558182,13.001236681965));
#5700 = CARTESIAN_POINT('',(5.336223219906,12.840991490319));
#5701 = CARTESIAN_POINT('',(5.367340069617,12.685692686486));
#5702 = CARTESIAN_POINT('',(5.415079369507,12.497812208858));
#5703 = CARTESIAN_POINT('',(5.425434907827,12.459307830612));
#5704 = CARTESIAN_POINT('',(5.436238429514,12.421328606804));
#5705 = CARTESIAN_POINT('',(5.447486235745,12.383920585899));
#5706 = CARTESIAN_POINT('',(5.459174101065,12.347126359013));
#5707 = CARTESIAN_POINT('',(5.471297474545,12.310985085753));
#5708 = CARTESIAN_POINT('',(5.505915783995,12.213224394978));
#5709 = CARTESIAN_POINT('',(5.529326093571,12.153000462326));
#5710 = CARTESIAN_POINT('',(5.554013845651,12.095190246333));
#5711 = CARTESIAN_POINT('',(5.579899190256,12.040050205441));
#5712 = CARTESIAN_POINT('',(5.60689257592,11.987771902031));
#5713 = CARTESIAN_POINT('',(5.634896134151,11.938490172164));
#5714 = CARTESIAN_POINT('',(5.686635582362,11.855806225839));
#5715 = CARTESIAN_POINT('',(5.71000921855,11.821278189476));
#5716 = CARTESIAN_POINT('',(5.733874511724,11.78873931362));
#5717 = CARTESIAN_POINT('',(5.758176969895,11.75820477326));
#5718 = CARTESIAN_POINT('',(5.782858861845,11.729674547123));
#5719 = CARTESIAN_POINT('',(5.807859009142,11.703135173824));
#5720 = CARTESIAN_POINT('',(5.846914385112,11.665131287834));
#5721 = CARTESIAN_POINT('',(5.86079467758,11.652285503855));
#5722 = CARTESIAN_POINT('',(5.874746860996,11.640016622194));
#5723 = CARTESIAN_POINT('',(5.888764224589,11.628316980313));
#5724 = CARTESIAN_POINT('',(5.90283994137,11.617178787031));
#5725 = CARTESIAN_POINT('',(5.916967068129,11.606594122516));
#5726 = CARTESIAN_POINT('',(5.980626052963,11.561497604872));
#5727 = CARTESIAN_POINT('',(6.030564112934,11.533155995814));
#5728 = CARTESIAN_POINT('',(6.080832410713,11.511015578987));
#5729 = CARTESIAN_POINT('',(6.13132560495,11.494687410581));
#5730 = CARTESIAN_POINT('',(6.181946270144,11.483906131925));
#5731 = CARTESIAN_POINT('',(6.232598947938,11.478527841395));
#5732 = CARTESIAN_POINT('',(6.28318530718,11.478527841395));
#5733 = ( GEOMETRIC_REPRESENTATION_CONTEXT(2) 
PARAMETRIC_REPRESENTATION_CONTEXT() REPRESENTATION_CONTEXT('2D SPACE',''
  ) );
#5734 = PCURVE('',#790,#5735);
#5735 = DEFINITIONAL_REPRESENTATION('',(#5736),#5775);
#5736 = B_SPLINE_CURVE_WITH_KNOTS('',7,(#5737,#5738,#5739,#5740,#5741,
    #5742,#5743,#5744,#5745,#5746,#5747,#5748,#5749,#5750,#5751,#5752,
    #5753,#5754,#5755,#5756,#5757,#5758,#5759,#5760,#5761,#5762,#5763,
    #5764,#5765,#5766,#5767,#5768,#5769,#5770,#5771,#5772,#5773,#5774),
  .UNSPECIFIED.,.F.,.F.,(8,6,6,6,6,6,8),(0.,0.335878547057,
    0.423806714998,0.578341067547,0.700382921635,0.767082330031,1.),
  .UNSPECIFIED.);
#5737 = CARTESIAN_POINT('',(6.28318530718,1.096713368933));
#5738 = CARTESIAN_POINT('',(6.223751046263,1.096713368933));
#5739 = CARTESIAN_POINT('',(6.164164476618,1.103988657633));
#5740 = CARTESIAN_POINT('',(6.104541054721,1.118607003702));
#5741 = CARTESIAN_POINT('',(6.045005300945,1.141101706176));
#5742 = CARTESIAN_POINT('',(5.985708067342,1.172498423426));
#5743 = CARTESIAN_POINT('',(5.926846922243,1.214323150413));
#5744 = CARTESIAN_POINT('',(5.853540947621,1.282926305692));
#5745 = CARTESIAN_POINT('',(5.838398845942,1.298005748641));
#5746 = CARTESIAN_POINT('',(5.823339055425,1.313957311902));
#5747 = CARTESIAN_POINT('',(5.808376690562,1.330806752));
#5748 = CARTESIAN_POINT('',(5.793526612039,1.348579482174));
#5749 = CARTESIAN_POINT('',(5.778803509692,1.367300406611));
#5750 = CARTESIAN_POINT('',(5.738594857569,1.421604947712));
#5751 = CARTESIAN_POINT('',(5.713387460443,1.459243715463));
#5752 = CARTESIAN_POINT('',(5.688733030204,1.499977002511));
#5753 = CARTESIAN_POINT('',(5.664753915449,1.543837161608));
#5754 = CARTESIAN_POINT('',(5.641562787193,1.590813502895));
#5755 = CARTESIAN_POINT('',(5.619263848809,1.640843843101));
#5756 = CARTESIAN_POINT('',(5.581124856811,1.735632395631));
#5757 = CARTESIAN_POINT('',(5.564928331074,1.779247933255));
#5758 = CARTESIAN_POINT('',(5.549407930492,1.824591250328));
#5759 = CARTESIAN_POINT('',(5.534604532194,1.871577455696));
#5760 = CARTESIAN_POINT('',(5.520555410061,1.92009760431));
#5761 = CARTESIAN_POINT('',(5.507293216078,1.970018117188));
#5762 = CARTESIAN_POINT('',(5.488041630095,2.049141762376));
#5763 = CARTESIAN_POINT('',(5.481480004973,2.077479896492));
#5764 = CARTESIAN_POINT('',(5.475162781382,2.106176914583));
#5765 = CARTESIAN_POINT('',(5.469092418782,2.13521385597));
#5766 = CARTESIAN_POINT('',(5.463271141043,2.164570488432));
#5767 = CARTESIAN_POINT('',(5.457700936441,2.194225308207));
#5768 = CARTESIAN_POINT('',(5.433815005027,2.328673406296));
#5769 = CARTESIAN_POINT('',(5.418363018175,2.436359601909));
#5770 = CARTESIAN_POINT('',(5.406010535483,2.546614428631));
#5771 = CARTESIAN_POINT('',(5.396754659372,2.65879147592));
#5772 = CARTESIAN_POINT('',(5.390593777151,2.772212134908));
#5773 = CARTESIAN_POINT('',(5.387520513322,2.886180691706));
#5774 = CARTESIAN_POINT('',(5.387520513322,3.));
#5775 = ( GEOMETRIC_REPRESENTATION_CONTEXT(2) 
PARAMETRIC_REPRESENTATION_CONTEXT() REPRESENTATION_CONTEXT('2D SPACE',''
  ) );
#5776 = ORIENTED_EDGE('',*,*,#5777,.T.);
#5777 = EDGE_CURVE('',#5650,#5348,#5778,.T.);
#5778 = SURFACE_CURVE('',#5779,(#5818,#5860),.PCURVE_S1.);
#5779 = B_SPLINE_CURVE_WITH_KNOTS('',7,(#5780,#5781,#5782,#5783,#5784,
    #5785,#5786,#5787,#5788,#5789,#5790,#5791,#5792,#5793,#5794,#5795,
    #5796,#5797,#5798,#5799,#5800,#5801,#5802,#5803,#5804,#5805,#5806,
    #5807,#5808,#5809,#5810,#5811,#5812,#5813,#5814,#5815,#5816,#5817),
  .UNSPECIFIED.,.F.,.F.,(8,6,6,6,6,6,8),(0.,0.33587854712,0.423806715075
    ,0.578341067646,0.700382921751,0.767082330156,1.),.UNSPECIFIED.);
#5780 = CARTESIAN_POINT('',(44.8,31.903286631067,13.664277140834));
#5781 = CARTESIAN_POINT('',(44.8,31.903286631067,13.830693071402));
#5782 = CARTESIAN_POINT('',(44.788460666067,31.896011342367,
    13.997535389431));
#5783 = CARTESIAN_POINT('',(44.765275982859,31.881392996298,
    14.163521218655));
#5784 = CARTESIAN_POINT('',(44.730571751313,31.858898293824,
    14.327317599704));
#5785 = CARTESIAN_POINT('',(44.684738768599,31.827501576575,
    14.487562791349));
#5786 = CARTESIAN_POINT('',(44.628466192864,31.785676849587,
    14.642861595183));
#5787 = CARTESIAN_POINT('',(44.54581481113,31.717073694308,
    14.830742072809));
#5788 = CARTESIAN_POINT('',(44.528050665312,31.701994251359,
    14.869246451057));
#5789 = CARTESIAN_POINT('',(44.509705099868,31.686042688098,
    14.907225674865));
#5790 = CARTESIAN_POINT('',(44.4908168544,31.669193248,14.94463369577));
#5791 = CARTESIAN_POINT('',(44.471428220285,31.651420517826,
    14.981427922656));
#5792 = CARTESIAN_POINT('',(44.451584704046,31.632699593389,
    15.017569195914));
#5793 = CARTESIAN_POINT('',(44.3957451547,31.578395052288,
    15.115329886691));
#5794 = CARTESIAN_POINT('',(44.358875396349,31.540756284537,
    15.175553819343));
#5795 = CARTESIAN_POINT('',(44.321059254724,31.500022997489,
    15.233364035336));
#5796 = CARTESIAN_POINT('',(44.2826666118,31.456162838392,
    15.288504076228));
#5797 = CARTESIAN_POINT('',(44.244088842918,31.409186497105,
    15.340782379637));
#5798 = CARTESIAN_POINT('',(44.205724267245,31.359156156899,
    15.390064109504));
#5799 = CARTESIAN_POINT('',(44.138142513262,31.264367604369,
    15.472748055829));
#5800 = CARTESIAN_POINT('',(44.108726116131,31.220752066745,
    15.507276092193));
#5801 = CARTESIAN_POINT('',(44.079902282056,31.175408749672,
    15.539814968048));
#5802 = CARTESIAN_POINT('',(44.051855533599,31.128422544304,
    15.570349508408));
#5803 = CARTESIAN_POINT('',(44.024761919963,31.07990239569,
    15.598879734545));
#5804 = CARTESIAN_POINT('',(43.998783896293,31.029981882812,
    15.625419107845));
#5805 = CARTESIAN_POINT('',(43.960555721051,30.950858237624,
    15.663422993835));
#5806 = CARTESIAN_POINT('',(43.947419586142,30.922520103508,
    15.676268777813));
#5807 = CARTESIAN_POINT('',(43.934676841921,30.893823085417,
    15.688537659475));
#5808 = CARTESIAN_POINT('',(43.922346226193,30.86478614403,
    15.700237301355));
#5809 = CARTESIAN_POINT('',(43.910445170888,30.835429511568,
    15.711375494637));
#5810 = CARTESIAN_POINT('',(43.898989802063,30.805774691793,
    15.721960159152));
#5811 = CARTESIAN_POINT('',(43.849600331376,30.671326593775,
    15.767056676773));
#5812 = CARTESIAN_POINT('',(43.816890550026,30.563640398105,
    15.79539828586));
#5813 = CARTESIAN_POINT('',(43.790310293719,30.453385571313,
    15.817538702696));
#5814 = CARTESIAN_POINT('',(43.770183703085,30.341208524016,
    15.833866871091));
#5815 = CARTESIAN_POINT('',(43.756717309457,30.227787865095,
    15.844648149737));
#5816 = CARTESIAN_POINT('',(43.75,30.113819308373,15.850026440274));
#5817 = CARTESIAN_POINT('',(43.75,30.,15.850026440274));
#5818 = PCURVE('',#636,#5819);
#5819 = DEFINITIONAL_REPRESENTATION('',(#5820),#5859);
#5820 = B_SPLINE_CURVE_WITH_KNOTS('',7,(#5821,#5822,#5823,#5824,#5825,
    #5826,#5827,#5828,#5829,#5830,#5831,#5832,#5833,#5834,#5835,#5836,
    #5837,#5838,#5839,#5840,#5841,#5842,#5843,#5844,#5845,#5846,#5847,
    #5848,#5849,#5850,#5851,#5852,#5853,#5854,#5855,#5856,#5857,#5858),
  .UNSPECIFIED.,.F.,.F.,(8,6,6,6,6,6,8),(0.,0.33587854712,0.423806715075
    ,0.578341067646,0.700382921751,0.767082330156,1.),.UNSPECIFIED.);
#5821 = CARTESIAN_POINT('',(5.274925224929,13.664277140834));
#5822 = CARTESIAN_POINT('',(5.274925224929,13.830693071402));
#5823 = CARTESIAN_POINT('',(5.280987991959,13.997535389431));
#5824 = CARTESIAN_POINT('',(5.293169796748,14.163521218655));
#5825 = CARTESIAN_POINT('',(5.311548558182,14.327317599704));
#5826 = CARTESIAN_POINT('',(5.336223219906,14.487562791349));
#5827 = CARTESIAN_POINT('',(5.367340069617,14.642861595183));
#5828 = CARTESIAN_POINT('',(5.415079369506,14.830742072809));
#5829 = CARTESIAN_POINT('',(5.425434907827,14.869246451057));
#5830 = CARTESIAN_POINT('',(5.436238429514,14.907225674865));
#5831 = CARTESIAN_POINT('',(5.447486235745,14.94463369577));
#5832 = CARTESIAN_POINT('',(5.459174101065,14.981427922656));
#5833 = CARTESIAN_POINT('',(5.471297474545,15.017569195914));
#5834 = CARTESIAN_POINT('',(5.505915783995,15.115329886691));
#5835 = CARTESIAN_POINT('',(5.529326093571,15.175553819343));
#5836 = CARTESIAN_POINT('',(5.554013845651,15.233364035336));
#5837 = CARTESIAN_POINT('',(5.579899190256,15.288504076228));
#5838 = CARTESIAN_POINT('',(5.60689257592,15.340782379637));
#5839 = CARTESIAN_POINT('',(5.634896134151,15.390064109504));
#5840 = CARTESIAN_POINT('',(5.686635582362,15.472748055829));
#5841 = CARTESIAN_POINT('',(5.71000921855,15.507276092193));
#5842 = CARTESIAN_POINT('',(5.733874511724,15.539814968048));
#5843 = CARTESIAN_POINT('',(5.758176969895,15.570349508408));
#5844 = CARTESIAN_POINT('',(5.782858861845,15.598879734545));
#5845 = CARTESIAN_POINT('',(5.807859009142,15.625419107845));
#5846 = CARTESIAN_POINT('',(5.846914385112,15.663422993835));
#5847 = CARTESIAN_POINT('',(5.86079467758,15.676268777813));
#5848 = CARTESIAN_POINT('',(5.874746860996,15.688537659475));
#5849 = CARTESIAN_POINT('',(5.888764224589,15.700237301355));
#5850 = CARTESIAN_POINT('',(5.90283994137,15.711375494637));
#5851 = CARTESIAN_POINT('',(5.916967068129,15.721960159152));
#5852 = CARTESIAN_POINT('',(5.980626052929,15.767056676773));
#5853 = CARTESIAN_POINT('',(6.030564112929,15.79539828586));
#5854 = CARTESIAN_POINT('',(6.080832410738,15.817538702696));
#5855 = CARTESIAN_POINT('',(6.131325604978,15.833866871091));
#5856 = CARTESIAN_POINT('',(6.181946270142,15.844648149737));
#5857 = CARTESIAN_POINT('',(6.232598947903,15.850026440274));
#5858 = CARTESIAN_POINT('',(6.28318530718,15.850026440274));
#5859 = ( GEOMETRIC_REPRESENTATION_CONTEXT(2) 
PARAMETRIC_REPRESENTATION_CONTEXT() REPRESENTATION_CONTEXT('2D SPACE',''
  ) );
#5860 = PCURVE('',#790,#5861);
#5861 = DEFINITIONAL_REPRESENTATION('',(#5862),#5901);
#5862 = B_SPLINE_CURVE_WITH_KNOTS('',7,(#5863,#5864,#5865,#5866,#5867,
    #5868,#5869,#5870,#5871,#5872,#5873,#5874,#5875,#5876,#5877,#5878,
    #5879,#5880,#5881,#5882,#5883,#5884,#5885,#5886,#5887,#5888,#5889,
    #5890,#5891,#5892,#5893,#5894,#5895,#5896,#5897,#5898,#5899,#5900),
  .UNSPECIFIED.,.F.,.F.,(8,6,6,6,6,6,8),(0.,0.33587854712,0.423806715075
    ,0.578341067646,0.700382921751,0.767082330156,1.),.UNSPECIFIED.);
#5863 = CARTESIAN_POINT('',(0.,1.096713368933));
#5864 = CARTESIAN_POINT('',(5.943426091687E-02,1.096713368933));
#5865 = CARTESIAN_POINT('',(0.119020830562,1.103988657633));
#5866 = CARTESIAN_POINT('',(0.178644252459,1.118607003702));
#5867 = CARTESIAN_POINT('',(0.238180006234,1.141101706176));
#5868 = CARTESIAN_POINT('',(0.297477239838,1.172498423426));
#5869 = CARTESIAN_POINT('',(0.356338384937,1.214323150413));
#5870 = CARTESIAN_POINT('',(0.429644359559,1.282926305692));
#5871 = CARTESIAN_POINT('',(0.444786461238,1.298005748641));
#5872 = CARTESIAN_POINT('',(0.459846251755,1.313957311902));
#5873 = CARTESIAN_POINT('',(0.474808616618,1.330806752));
#5874 = CARTESIAN_POINT('',(0.48965869514,1.348579482174));
#5875 = CARTESIAN_POINT('',(0.504381797487,1.367300406611));
#5876 = CARTESIAN_POINT('',(0.544590449611,1.421604947712));
#5877 = CARTESIAN_POINT('',(0.569797846737,1.459243715463));
#5878 = CARTESIAN_POINT('',(0.594452276976,1.499977002511));
#5879 = CARTESIAN_POINT('',(0.61843139173,1.543837161608));
#5880 = CARTESIAN_POINT('',(0.641622519986,1.590813502895));
#5881 = CARTESIAN_POINT('',(0.663921458371,1.640843843101));
#5882 = CARTESIAN_POINT('',(0.702060450369,1.735632395631));
#5883 = CARTESIAN_POINT('',(0.718256976105,1.779247933255));
#5884 = CARTESIAN_POINT('',(0.733777376688,1.824591250328));
#5885 = CARTESIAN_POINT('',(0.748580774985,1.871577455696));
#5886 = CARTESIAN_POINT('',(0.762629897119,1.92009760431));
#5887 = CARTESIAN_POINT('',(0.775892091102,1.970018117188));
#5888 = CARTESIAN_POINT('',(0.795143677084,2.049141762376));
#5889 = CARTESIAN_POINT('',(0.801705302207,2.077479896492));
#5890 = CARTESIAN_POINT('',(0.808022525798,2.106176914583));
#5891 = CARTESIAN_POINT('',(0.814092888397,2.13521385597));
#5892 = CARTESIAN_POINT('',(0.819914166137,2.164570488432));
#5893 = CARTESIAN_POINT('',(0.825484370739,2.194225308207));
#5894 = CARTESIAN_POINT('',(0.84937030214,2.328673406225));
#5895 = CARTESIAN_POINT('',(0.864822289007,2.436359601895));
#5896 = CARTESIAN_POINT('',(0.877174771705,2.546614428687));
#5897 = CARTESIAN_POINT('',(0.88643064781,2.658791475984));
#5898 = CARTESIAN_POINT('',(0.892591530024,2.772212134905));
#5899 = CARTESIAN_POINT('',(0.895664793858,2.886180691627));
#5900 = CARTESIAN_POINT('',(0.895664793858,3.));
#5901 = ( GEOMETRIC_REPRESENTATION_CONTEXT(2) 
PARAMETRIC_REPRESENTATION_CONTEXT() REPRESENTATION_CONTEXT('2D SPACE',''
  ) );
#5902 = ORIENTED_EDGE('',*,*,#5347,.T.);
#5903 = ORIENTED_EDGE('',*,*,#5904,.F.);
#5904 = EDGE_CURVE('',#5905,#5220,#5907,.T.);
#5905 = VERTEX_POINT('',#5906);
#5906 = CARTESIAN_POINT('',(44.8,31.903286631067,101.66427714083));
#5907 = SURFACE_CURVE('',#5908,(#5947,#5989),.PCURVE_S1.);
#5908 = B_SPLINE_CURVE_WITH_KNOTS('',7,(#5909,#5910,#5911,#5912,#5913,
    #5914,#5915,#5916,#5917,#5918,#5919,#5920,#5921,#5922,#5923,#5924,
    #5925,#5926,#5927,#5928,#5929,#5930,#5931,#5932,#5933,#5934,#5935,
    #5936,#5937,#5938,#5939,#5940,#5941,#5942,#5943,#5944,#5945,#5946),
  .UNSPECIFIED.,.F.,.F.,(8,6,6,6,6,6,8),(0.,0.33587854707,0.423806715015
    ,0.578341067569,0.700382921662,0.767082330061,1.),.UNSPECIFIED.);
#5909 = CARTESIAN_POINT('',(44.8,31.903286631067,101.66427714083));
#5910 = CARTESIAN_POINT('',(44.8,31.903286631067,101.49786121026));
#5911 = CARTESIAN_POINT('',(44.788460666067,31.896011342367,
    101.33101889223));
#5912 = CARTESIAN_POINT('',(44.76527598286,31.881392996298,
    101.16503306301));
#5913 = CARTESIAN_POINT('',(44.730571751313,31.858898293824,
    101.00123668196));
#5914 = CARTESIAN_POINT('',(44.684738768599,31.827501576574,
    100.84099149031));
#5915 = CARTESIAN_POINT('',(44.628466192865,31.785676849587,
    100.68569268648));
#5916 = CARTESIAN_POINT('',(44.54581481113,31.717073694308,
    100.49781220885));
#5917 = CARTESIAN_POINT('',(44.528050665312,31.701994251359,
    100.45930783061));
#5918 = CARTESIAN_POINT('',(44.509705099868,31.686042688098,
    100.4213286068));
#5919 = CARTESIAN_POINT('',(44.4908168544,31.669193248,100.38392058589)
  );
#5920 = CARTESIAN_POINT('',(44.471428220285,31.651420517826,
    100.34712635901));
#5921 = CARTESIAN_POINT('',(44.451584704046,31.632699593389,
    100.31098508575));
#5922 = CARTESIAN_POINT('',(44.3957451547,31.578395052288,
    100.21322439497));
#5923 = CARTESIAN_POINT('',(44.358875396349,31.540756284537,
    100.15300046232));
#5924 = CARTESIAN_POINT('',(44.321059254724,31.50002299749,
    100.09519024633));
#5925 = CARTESIAN_POINT('',(44.2826666118,31.456162838392,
    100.04005020544));
#5926 = CARTESIAN_POINT('',(44.244088842918,31.409186497105,
    99.987771902032));
#5927 = CARTESIAN_POINT('',(44.205724267246,31.359156156899,
    99.938490172164));
#5928 = CARTESIAN_POINT('',(44.138142513263,31.26436760437,
    99.855806225839));
#5929 = CARTESIAN_POINT('',(44.108726116131,31.220752066745,
    99.821278189476));
#5930 = CARTESIAN_POINT('',(44.079902282056,31.175408749672,
    99.78873931362));
#5931 = CARTESIAN_POINT('',(44.051855533599,31.128422544304,
    99.758204773261));
#5932 = CARTESIAN_POINT('',(44.024761919963,31.07990239569,
    99.729674547123));
#5933 = CARTESIAN_POINT('',(43.998783896293,31.029981882813,
    99.703135173824));
#5934 = CARTESIAN_POINT('',(43.960555721051,30.950858237624,
    99.665131287834));
#5935 = CARTESIAN_POINT('',(43.947419586142,30.922520103508,
    99.652285503856));
#5936 = CARTESIAN_POINT('',(43.934676841921,30.893823085417,
    99.640016622194));
#5937 = CARTESIAN_POINT('',(43.922346226193,30.86478614403,
    99.628316980313));
#5938 = CARTESIAN_POINT('',(43.910445170888,30.835429511568,
    99.617178787031));
#5939 = CARTESIAN_POINT('',(43.898989802063,30.805774691793,
    99.606594122516));
#5940 = CARTESIAN_POINT('',(43.849600331357,30.671326593722,
    99.561497604878));
#5941 = CARTESIAN_POINT('',(43.816890550029,30.563640398095,
    99.533155995813));
#5942 = CARTESIAN_POINT('',(43.790310293733,30.453385571355,
    99.511015578984));
#5943 = CARTESIAN_POINT('',(43.770183703088,30.341208524064,
    99.49468741058));
#5944 = CARTESIAN_POINT('',(43.75671730945,30.227787865093,
    99.483906131926));
#5945 = CARTESIAN_POINT('',(43.75,30.113819308314,99.478527841395));
#5946 = CARTESIAN_POINT('',(43.75,30.,99.478527841395));
#5947 = PCURVE('',#636,#5948);
#5948 = DEFINITIONAL_REPRESENTATION('',(#5949),#5988);
#5949 = B_SPLINE_CURVE_WITH_KNOTS('',7,(#5950,#5951,#5952,#5953,#5954,
    #5955,#5956,#5957,#5958,#5959,#5960,#5961,#5962,#5963,#5964,#5965,
    #5966,#5967,#5968,#5969,#5970,#5971,#5972,#5973,#5974,#5975,#5976,
    #5977,#5978,#5979,#5980,#5981,#5982,#5983,#5984,#5985,#5986,#5987),
  .UNSPECIFIED.,.F.,.F.,(8,6,6,6,6,6,8),(0.,0.33587854707,0.423806715015
    ,0.578341067569,0.700382921662,0.767082330061,1.),.UNSPECIFIED.);
#5950 = CARTESIAN_POINT('',(5.274925224929,101.66427714083));
#5951 = CARTESIAN_POINT('',(5.274925224929,101.49786121026));
#5952 = CARTESIAN_POINT('',(5.280987991959,101.33101889223));
#5953 = CARTESIAN_POINT('',(5.293169796748,101.16503306301));
#5954 = CARTESIAN_POINT('',(5.311548558182,101.00123668196));
#5955 = CARTESIAN_POINT('',(5.336223219906,100.84099149031));
#5956 = CARTESIAN_POINT('',(5.367340069617,100.68569268648));
#5957 = CARTESIAN_POINT('',(5.415079369506,100.49781220885));
#5958 = CARTESIAN_POINT('',(5.425434907827,100.45930783061));
#5959 = CARTESIAN_POINT('',(5.436238429514,100.4213286068));
#5960 = CARTESIAN_POINT('',(5.447486235745,100.38392058589));
#5961 = CARTESIAN_POINT('',(5.459174101065,100.34712635901));
#5962 = CARTESIAN_POINT('',(5.471297474545,100.31098508575));
#5963 = CARTESIAN_POINT('',(5.505915783995,100.21322439497));
#5964 = CARTESIAN_POINT('',(5.529326093571,100.15300046232));
#5965 = CARTESIAN_POINT('',(5.554013845651,100.09519024633));
#5966 = CARTESIAN_POINT('',(5.579899190256,100.04005020544));
#5967 = CARTESIAN_POINT('',(5.606892575919,99.987771902032));
#5968 = CARTESIAN_POINT('',(5.634896134151,99.938490172164));
#5969 = CARTESIAN_POINT('',(5.686635582362,99.855806225839));
#5970 = CARTESIAN_POINT('',(5.71000921855,99.821278189476));
#5971 = CARTESIAN_POINT('',(5.733874511724,99.78873931362));
#5972 = CARTESIAN_POINT('',(5.758176969894,99.758204773261));
#5973 = CARTESIAN_POINT('',(5.782858861845,99.729674547123));
#5974 = CARTESIAN_POINT('',(5.807859009142,99.703135173824));
#5975 = CARTESIAN_POINT('',(5.846914385112,99.665131287834));
#5976 = CARTESIAN_POINT('',(5.86079467758,99.652285503856));
#5977 = CARTESIAN_POINT('',(5.874746860996,99.640016622194));
#5978 = CARTESIAN_POINT('',(5.888764224589,99.628316980313));
#5979 = CARTESIAN_POINT('',(5.90283994137,99.617178787031));
#5980 = CARTESIAN_POINT('',(5.916967068129,99.606594122516));
#5981 = CARTESIAN_POINT('',(5.980626052954,99.561497604878));
#5982 = CARTESIAN_POINT('',(6.030564112933,99.533155995813));
#5983 = CARTESIAN_POINT('',(6.080832410719,99.511015578984));
#5984 = CARTESIAN_POINT('',(6.131325604957,99.49468741058));
#5985 = CARTESIAN_POINT('',(6.181946270143,99.483906131926));
#5986 = CARTESIAN_POINT('',(6.232598947929,99.478527841395));
#5987 = CARTESIAN_POINT('',(6.28318530718,99.478527841395));
#5988 = ( GEOMETRIC_REPRESENTATION_CONTEXT(2) 
PARAMETRIC_REPRESENTATION_CONTEXT() REPRESENTATION_CONTEXT('2D SPACE',''
  ) );
#5989 = PCURVE('',#860,#5990);
#5990 = DEFINITIONAL_REPRESENTATION('',(#5991),#6030);
#5991 = B_SPLINE_CURVE_WITH_KNOTS('',7,(#5992,#5993,#5994,#5995,#5996,
    #5997,#5998,#5999,#6000,#6001,#6002,#6003,#6004,#6005,#6006,#6007,
    #6008,#6009,#6010,#6011,#6012,#6013,#6014,#6015,#6016,#6017,#6018,
    #6019,#6020,#6021,#6022,#6023,#6024,#6025,#6026,#6027,#6028,#6029),
  .UNSPECIFIED.,.F.,.F.,(8,6,6,6,6,6,8),(0.,0.33587854707,0.423806715015
    ,0.578341067569,0.700382921662,0.767082330061,1.),.UNSPECIFIED.);
#5992 = CARTESIAN_POINT('',(6.28318530718,1.096713368933));
#5993 = CARTESIAN_POINT('',(6.223751046263,1.096713368933));
#5994 = CARTESIAN_POINT('',(6.164164476618,1.103988657633));
#5995 = CARTESIAN_POINT('',(6.104541054721,1.118607003702));
#5996 = CARTESIAN_POINT('',(6.045005300945,1.141101706176));
#5997 = CARTESIAN_POINT('',(5.985708067342,1.172498423426));
#5998 = CARTESIAN_POINT('',(5.926846922243,1.214323150413));
#5999 = CARTESIAN_POINT('',(5.853540947621,1.282926305692));
#6000 = CARTESIAN_POINT('',(5.838398845942,1.298005748641));
#6001 = CARTESIAN_POINT('',(5.823339055425,1.313957311902));
#6002 = CARTESIAN_POINT('',(5.808376690562,1.330806752));
#6003 = CARTESIAN_POINT('',(5.793526612039,1.348579482174));
#6004 = CARTESIAN_POINT('',(5.778803509693,1.367300406611));
#6005 = CARTESIAN_POINT('',(5.738594857569,1.421604947712));
#6006 = CARTESIAN_POINT('',(5.713387460443,1.459243715463));
#6007 = CARTESIAN_POINT('',(5.688733030204,1.49997700251));
#6008 = CARTESIAN_POINT('',(5.664753915449,1.543837161608));
#6009 = CARTESIAN_POINT('',(5.641562787193,1.590813502895));
#6010 = CARTESIAN_POINT('',(5.619263848809,1.640843843101));
#6011 = CARTESIAN_POINT('',(5.581124856811,1.73563239563));
#6012 = CARTESIAN_POINT('',(5.564928331074,1.779247933255));
#6013 = CARTESIAN_POINT('',(5.549407930492,1.824591250328));
#6014 = CARTESIAN_POINT('',(5.534604532194,1.871577455696));
#6015 = CARTESIAN_POINT('',(5.520555410061,1.92009760431));
#6016 = CARTESIAN_POINT('',(5.507293216078,1.970018117187));
#6017 = CARTESIAN_POINT('',(5.488041630095,2.049141762376));
#6018 = CARTESIAN_POINT('',(5.481480004973,2.077479896492));
#6019 = CARTESIAN_POINT('',(5.475162781382,2.106176914583));
#6020 = CARTESIAN_POINT('',(5.469092418782,2.13521385597));
#6021 = CARTESIAN_POINT('',(5.463271141043,2.164570488432));
#6022 = CARTESIAN_POINT('',(5.457700936441,2.194225308207));
#6023 = CARTESIAN_POINT('',(5.43381500503,2.328673406278));
#6024 = CARTESIAN_POINT('',(5.418363018174,2.436359601905));
#6025 = CARTESIAN_POINT('',(5.406010535481,2.546614428645));
#6026 = CARTESIAN_POINT('',(5.396754659371,2.658791475936));
#6027 = CARTESIAN_POINT('',(5.390593777152,2.772212134907));
#6028 = CARTESIAN_POINT('',(5.387520513322,2.886180691686));
#6029 = CARTESIAN_POINT('',(5.387520513322,3.));
#6030 = ( GEOMETRIC_REPRESENTATION_CONTEXT(2) 
PARAMETRIC_REPRESENTATION_CONTEXT() REPRESENTATION_CONTEXT('2D SPACE',''
  ) );
#6031 = ORIENTED_EDGE('',*,*,#6032,.T.);
#6032 = EDGE_CURVE('',#5905,#5067,#6033,.T.);
#6033 = SURFACE_CURVE('',#6034,(#6073,#6115),.PCURVE_S1.);
#6034 = B_SPLINE_CURVE_WITH_KNOTS('',7,(#6035,#6036,#6037,#6038,#6039,
    #6040,#6041,#6042,#6043,#6044,#6045,#6046,#6047,#6048,#6049,#6050,
    #6051,#6052,#6053,#6054,#6055,#6056,#6057,#6058,#6059,#6060,#6061,
    #6062,#6063,#6064,#6065,#6066,#6067,#6068,#6069,#6070,#6071,#6072),
  .UNSPECIFIED.,.F.,.F.,(8,6,6,6,6,6,8),(0.,0.335878535407,
    0.423806700298,0.578341047487,0.700382897343,0.767082307818,1.),
  .UNSPECIFIED.);
#6035 = CARTESIAN_POINT('',(44.8,31.903286631067,101.66427714083));
#6036 = CARTESIAN_POINT('',(44.8,31.903286631067,101.8306930714));
#6037 = CARTESIAN_POINT('',(44.788460666067,31.896011342367,
    101.99753538943));
#6038 = CARTESIAN_POINT('',(44.765275982859,31.881392996298,
    102.16352121865));
#6039 = CARTESIAN_POINT('',(44.730571751313,31.858898293824,
    102.3273175997));
#6040 = CARTESIAN_POINT('',(44.684738768599,31.827501576575,
    102.48756279134));
#6041 = CARTESIAN_POINT('',(44.628466192864,31.785676849587,
    102.64286159518));
#6042 = CARTESIAN_POINT('',(44.54581481113,31.717073694308,
    102.83074207281));
#6043 = CARTESIAN_POINT('',(44.528050665312,31.701994251359,
    102.86924645105));
#6044 = CARTESIAN_POINT('',(44.509705099868,31.686042688098,
    102.90722567486));
#6045 = CARTESIAN_POINT('',(44.4908168544,31.669193248,102.94463369576)
  );
#6046 = CARTESIAN_POINT('',(44.471428220285,31.651420517826,
    102.98142792265));
#6047 = CARTESIAN_POINT('',(44.451584704046,31.632699593389,
    103.01756919591));
#6048 = CARTESIAN_POINT('',(44.3957451547,31.578395052288,
    103.11532988669));
#6049 = CARTESIAN_POINT('',(44.358875396349,31.540756284537,
    103.17555381934));
#6050 = CARTESIAN_POINT('',(44.321059254724,31.50002299749,
    103.23336403533));
#6051 = CARTESIAN_POINT('',(44.2826666118,31.456162838392,
    103.28850407622));
#6052 = CARTESIAN_POINT('',(44.244088842918,31.409186497105,
    103.34078237963));
#6053 = CARTESIAN_POINT('',(44.205724267246,31.359156156899,
    103.3900641095));
#6054 = CARTESIAN_POINT('',(44.138142513263,31.26436760437,
    103.47274805582));
#6055 = CARTESIAN_POINT('',(44.108726116131,31.220752066745,
    103.50727609219));
#6056 = CARTESIAN_POINT('',(44.079902282056,31.175408749672,
    103.53981496804));
#6057 = CARTESIAN_POINT('',(44.051855533599,31.128422544304,
    103.5703495084));
#6058 = CARTESIAN_POINT('',(44.024761919963,31.07990239569,
    103.59887973454));
#6059 = CARTESIAN_POINT('',(43.998783896293,31.029981882813,
    103.62541910784));
#6060 = CARTESIAN_POINT('',(43.960555720161,30.950858235782,
    103.66342299472));
#6061 = CARTESIAN_POINT('',(43.947419585962,30.922520103341,
    103.67626877801));
#6062 = CARTESIAN_POINT('',(43.934676842523,30.893823086942,
    103.68853765891));
#6063 = CARTESIAN_POINT('',(43.922346226868,30.864786145522,
    103.70023730069));
#6064 = CARTESIAN_POINT('',(43.910445170891,30.835429511321,
    103.7113754946));
#6065 = CARTESIAN_POINT('',(43.898989801357,30.805774689871,
    103.72196015979));
#6066 = CARTESIAN_POINT('',(43.849600331352,30.671326593708,
    103.76705667679));
#6067 = CARTESIAN_POINT('',(43.81689055003,30.563640398092,
    103.79539828585));
#6068 = CARTESIAN_POINT('',(43.790310293736,30.453385571367,
    103.81753870268));
#6069 = CARTESIAN_POINT('',(43.770183703089,30.341208524078,
    103.83386687108));
#6070 = CARTESIAN_POINT('',(43.756717309448,30.227787865092,
    103.84464814974));
#6071 = CARTESIAN_POINT('',(43.75,30.113819308298,103.85002644027));
#6072 = CARTESIAN_POINT('',(43.75,30.,103.85002644027));
#6073 = PCURVE('',#636,#6074);
#6074 = DEFINITIONAL_REPRESENTATION('',(#6075),#6114);
#6075 = B_SPLINE_CURVE_WITH_KNOTS('',7,(#6076,#6077,#6078,#6079,#6080,
    #6081,#6082,#6083,#6084,#6085,#6086,#6087,#6088,#6089,#6090,#6091,
    #6092,#6093,#6094,#6095,#6096,#6097,#6098,#6099,#6100,#6101,#6102,
    #6103,#6104,#6105,#6106,#6107,#6108,#6109,#6110,#6111,#6112,#6113),
  .UNSPECIFIED.,.F.,.F.,(8,6,6,6,6,6,8),(0.,0.335878535407,
    0.423806700298,0.578341047487,0.700382897343,0.767082307818,1.),
  .UNSPECIFIED.);
#6076 = CARTESIAN_POINT('',(5.274925224929,101.66427714083));
#6077 = CARTESIAN_POINT('',(5.274925224929,101.8306930714));
#6078 = CARTESIAN_POINT('',(5.280987991959,101.99753538943));
#6079 = CARTESIAN_POINT('',(5.293169796748,102.16352121865));
#6080 = CARTESIAN_POINT('',(5.311548558182,102.3273175997));
#6081 = CARTESIAN_POINT('',(5.336223219906,102.48756279134));
#6082 = CARTESIAN_POINT('',(5.367340069617,102.64286159518));
#6083 = CARTESIAN_POINT('',(5.415079369507,102.83074207281));
#6084 = CARTESIAN_POINT('',(5.425434907827,102.86924645105));
#6085 = CARTESIAN_POINT('',(5.436238429514,102.90722567486));
#6086 = CARTESIAN_POINT('',(5.447486235745,102.94463369576));
#6087 = CARTESIAN_POINT('',(5.459174101065,102.98142792265));
#6088 = CARTESIAN_POINT('',(5.471297474545,103.01756919591));
#6089 = CARTESIAN_POINT('',(5.505915783995,103.11532988669));
#6090 = CARTESIAN_POINT('',(5.529326093571,103.17555381934));
#6091 = CARTESIAN_POINT('',(5.554013845651,103.23336403533));
#6092 = CARTESIAN_POINT('',(5.579899190256,103.28850407622));
#6093 = CARTESIAN_POINT('',(5.606892575919,103.34078237963));
#6094 = CARTESIAN_POINT('',(5.634896134151,103.3900641095));
#6095 = CARTESIAN_POINT('',(5.686635582362,103.47274805582));
#6096 = CARTESIAN_POINT('',(5.71000921855,103.50727609219));
#6097 = CARTESIAN_POINT('',(5.733874511724,103.53981496804));
#6098 = CARTESIAN_POINT('',(5.758176969894,103.5703495084));
#6099 = CARTESIAN_POINT('',(5.782858861845,103.59887973454));
#6100 = CARTESIAN_POINT('',(5.807859009142,103.62541910784));
#6101 = CARTESIAN_POINT('',(5.846914386021,103.66342299472));
#6102 = CARTESIAN_POINT('',(5.86079467768,103.67626877801));
#6103 = CARTESIAN_POINT('',(5.874746860267,103.68853765891));
#6104 = CARTESIAN_POINT('',(5.888764223861,103.70023730069));
#6105 = CARTESIAN_POINT('',(5.902839941471,103.7113754946));
#6106 = CARTESIAN_POINT('',(5.916967069039,103.72196015979));
#6107 = CARTESIAN_POINT('',(5.980626052961,103.76705667679));
#6108 = CARTESIAN_POINT('',(6.030564112934,103.79539828585));
#6109 = CARTESIAN_POINT('',(6.080832410714,103.81753870268));
#6110 = CARTESIAN_POINT('',(6.131325604951,103.83386687108));
#6111 = CARTESIAN_POINT('',(6.181946270143,103.84464814974));
#6112 = CARTESIAN_POINT('',(6.232598947936,103.85002644027));
#6113 = CARTESIAN_POINT('',(6.28318530718,103.85002644027));
#6114 = ( GEOMETRIC_REPRESENTATION_CONTEXT(2) 
PARAMETRIC_REPRESENTATION_CONTEXT() REPRESENTATION_CONTEXT('2D SPACE',''
  ) );
#6115 = PCURVE('',#860,#6116);
#6116 = DEFINITIONAL_REPRESENTATION('',(#6117),#6156);
#6117 = B_SPLINE_CURVE_WITH_KNOTS('',7,(#6118,#6119,#6120,#6121,#6122,
    #6123,#6124,#6125,#6126,#6127,#6128,#6129,#6130,#6131,#6132,#6133,
    #6134,#6135,#6136,#6137,#6138,#6139,#6140,#6141,#6142,#6143,#6144,
    #6145,#6146,#6147,#6148,#6149,#6150,#6151,#6152,#6153,#6154,#6155),
  .UNSPECIFIED.,.F.,.F.,(8,6,6,6,6,6,8),(0.,0.335878535407,
    0.423806700298,0.578341047487,0.700382897343,0.767082307818,1.),
  .UNSPECIFIED.);
#6118 = CARTESIAN_POINT('',(0.,1.096713368933));
#6119 = CARTESIAN_POINT('',(5.943426091684E-02,1.096713368933));
#6120 = CARTESIAN_POINT('',(0.119020830562,1.103988657633));
#6121 = CARTESIAN_POINT('',(0.178644252459,1.118607003702));
#6122 = CARTESIAN_POINT('',(0.238180006235,1.141101706176));
#6123 = CARTESIAN_POINT('',(0.297477239837,1.172498423425));
#6124 = CARTESIAN_POINT('',(0.356338384937,1.214323150413));
#6125 = CARTESIAN_POINT('',(0.429644359559,1.282926305692));
#6126 = CARTESIAN_POINT('',(0.444786461237,1.298005748641));
#6127 = CARTESIAN_POINT('',(0.459846251754,1.313957311902));
#6128 = CARTESIAN_POINT('',(0.474808616617,1.330806752));
#6129 = CARTESIAN_POINT('',(0.48965869514,1.348579482174));
#6130 = CARTESIAN_POINT('',(0.504381797487,1.367300406611));
#6131 = CARTESIAN_POINT('',(0.544590449611,1.421604947712));
#6132 = CARTESIAN_POINT('',(0.569797846737,1.459243715463));
#6133 = CARTESIAN_POINT('',(0.594452276976,1.49997700251));
#6134 = CARTESIAN_POINT('',(0.61843139173,1.543837161608));
#6135 = CARTESIAN_POINT('',(0.641622519986,1.590813502895));
#6136 = CARTESIAN_POINT('',(0.663921458371,1.640843843101));
#6137 = CARTESIAN_POINT('',(0.702060450369,1.73563239563));
#6138 = CARTESIAN_POINT('',(0.718256976105,1.779247933255));
#6139 = CARTESIAN_POINT('',(0.733777376688,1.824591250328));
#6140 = CARTESIAN_POINT('',(0.748580774985,1.871577455696));
#6141 = CARTESIAN_POINT('',(0.762629897119,1.92009760431));
#6142 = CARTESIAN_POINT('',(0.775892091102,1.970018117187));
#6143 = CARTESIAN_POINT('',(0.795143677533,2.049141764218));
#6144 = CARTESIAN_POINT('',(0.801705302304,2.077479896659));
#6145 = CARTESIAN_POINT('',(0.808022525503,2.106176913058));
#6146 = CARTESIAN_POINT('',(0.81409288806,2.135213854478));
#6147 = CARTESIAN_POINT('',(0.819914166127,2.164570488679));
#6148 = CARTESIAN_POINT('',(0.82548437108,2.194225310129));
#6149 = CARTESIAN_POINT('',(0.849370302152,2.328673406292));
#6150 = CARTESIAN_POINT('',(0.864822289005,2.436359601908));
#6151 = CARTESIAN_POINT('',(0.877174771697,2.546614428633));
#6152 = CARTESIAN_POINT('',(0.886430647808,2.658791475922));
#6153 = CARTESIAN_POINT('',(0.892591530028,2.772212134908));
#6154 = CARTESIAN_POINT('',(0.895664793858,2.886180691702));
#6155 = CARTESIAN_POINT('',(0.895664793858,3.));
#6156 = ( GEOMETRIC_REPRESENTATION_CONTEXT(2) 
PARAMETRIC_REPRESENTATION_CONTEXT() REPRESENTATION_CONTEXT('2D SPACE',''
  ) );
#6157 = ADVANCED_FACE('',(#6158,#6211),#720,.F.);
#6158 = FACE_BOUND('',#6159,.F.);
#6159 = EDGE_LOOP('',(#6160,#6188,#6209,#6210));
#6160 = ORIENTED_EDGE('',*,*,#6161,.F.);
#6161 = EDGE_CURVE('',#6162,#6162,#6164,.T.);
#6162 = VERTEX_POINT('',#6163);
#6163 = CARTESIAN_POINT('',(-39.2,24.,13.664277140834));
#6164 = SURFACE_CURVE('',#6165,(#6170,#6177),.PCURVE_S1.);
#6165 = CIRCLE('',#6166,2.8);
#6166 = AXIS2_PLACEMENT_3D('',#6167,#6168,#6169);
#6167 = CARTESIAN_POINT('',(-42.,24.,13.664277140834));
#6168 = DIRECTION('',(0.,-1.,0.));
#6169 = DIRECTION('',(1.,0.,0.));
#6170 = PCURVE('',#720,#6171);
#6171 = DEFINITIONAL_REPRESENTATION('',(#6172),#6176);
#6172 = LINE('',#6173,#6174);
#6173 = CARTESIAN_POINT('',(0.,9.));
#6174 = VECTOR('',#6175,1.);
#6175 = DIRECTION('',(1.,0.));
#6176 = ( GEOMETRIC_REPRESENTATION_CONTEXT(2) 
PARAMETRIC_REPRESENTATION_CONTEXT() REPRESENTATION_CONTEXT('2D SPACE',''
  ) );
#6177 = PCURVE('',#999,#6178);
#6178 = DEFINITIONAL_REPRESENTATION('',(#6179),#6187);
#6179 = ( BOUNDED_CURVE() B_SPLINE_CURVE(2,(#6180,#6181,#6182,#6183,
#6184,#6185,#6186),.UNSPECIFIED.,.T.,.F.) B_SPLINE_CURVE_WITH_KNOTS((1,2
    ,2,2,2,1),(-2.094395102393,0.,2.094395102393,4.188790204786,
6.28318530718,8.377580409573),.UNSPECIFIED.) CURVE() 
GEOMETRIC_REPRESENTATION_ITEM() RATIONAL_B_SPLINE_CURVE((1.,0.5,1.,0.5,
1.,0.5,1.)) REPRESENTATION_ITEM('') );
#6180 = CARTESIAN_POINT('',(13.664277140834,11.8));
#6181 = CARTESIAN_POINT('',(18.514019402027,11.8));
#6182 = CARTESIAN_POINT('',(16.089148271431,7.6));
#6183 = CARTESIAN_POINT('',(13.664277140834,3.4));
#6184 = CARTESIAN_POINT('',(11.239406010238,7.6));
#6185 = CARTESIAN_POINT('',(8.814534879641,11.8));
#6186 = CARTESIAN_POINT('',(13.664277140834,11.8));
#6187 = ( GEOMETRIC_REPRESENTATION_CONTEXT(2) 
PARAMETRIC_REPRESENTATION_CONTEXT() REPRESENTATION_CONTEXT('2D SPACE',''
  ) );
#6188 = ORIENTED_EDGE('',*,*,#6189,.F.);
#6189 = EDGE_CURVE('',#700,#6162,#6190,.T.);
#6190 = SEAM_CURVE('',#6191,(#6195,#6202),.PCURVE_S1.);
#6191 = LINE('',#6192,#6193);
#6192 = CARTESIAN_POINT('',(-39.2,33.,13.664277140834));
#6193 = VECTOR('',#6194,1.);
#6194 = DIRECTION('',(0.,-1.,0.));
#6195 = PCURVE('',#720,#6196);
#6196 = DEFINITIONAL_REPRESENTATION('',(#6197),#6201);
#6197 = LINE('',#6198,#6199);
#6198 = CARTESIAN_POINT('',(6.28318530718,-0.));
#6199 = VECTOR('',#6200,1.);
#6200 = DIRECTION('',(0.,1.));
#6201 = ( GEOMETRIC_REPRESENTATION_CONTEXT(2) 
PARAMETRIC_REPRESENTATION_CONTEXT() REPRESENTATION_CONTEXT('2D SPACE',''
  ) );
#6202 = PCURVE('',#720,#6203);
#6203 = DEFINITIONAL_REPRESENTATION('',(#6204),#6208);
#6204 = LINE('',#6205,#6206);
#6205 = CARTESIAN_POINT('',(0.,-0.));
#6206 = VECTOR('',#6207,1.);
#6207 = DIRECTION('',(0.,1.));
#6208 = ( GEOMETRIC_REPRESENTATION_CONTEXT(2) 
PARAMETRIC_REPRESENTATION_CONTEXT() REPRESENTATION_CONTEXT('2D SPACE',''
  ) );
#6209 = ORIENTED_EDGE('',*,*,#699,.T.);
#6210 = ORIENTED_EDGE('',*,*,#6189,.T.);
#6211 = FACE_BOUND('',#6212,.F.);
#6212 = EDGE_LOOP('',(#6213));
#6213 = ORIENTED_EDGE('',*,*,#3766,.T.);
#6214 = ADVANCED_FACE('',(#6215,#6269),#755,.F.);
#6215 = FACE_BOUND('',#6216,.F.);
#6216 = EDGE_LOOP('',(#6217,#6240,#6267,#6268));
#6217 = ORIENTED_EDGE('',*,*,#6218,.T.);
#6218 = EDGE_CURVE('',#735,#6219,#6221,.T.);
#6219 = VERTEX_POINT('',#6220);
#6220 = CARTESIAN_POINT('',(-39.2,23.9,101.66427714083));
#6221 = SEAM_CURVE('',#6222,(#6226,#6233),.PCURVE_S1.);
#6222 = LINE('',#6223,#6224);
#6223 = CARTESIAN_POINT('',(-39.2,33.,101.66427714083));
#6224 = VECTOR('',#6225,1.);
#6225 = DIRECTION('',(0.,-1.,0.));
#6226 = PCURVE('',#755,#6227);
#6227 = DEFINITIONAL_REPRESENTATION('',(#6228),#6232);
#6228 = LINE('',#6229,#6230);
#6229 = CARTESIAN_POINT('',(6.28318530718,-0.));
#6230 = VECTOR('',#6231,1.);
#6231 = DIRECTION('',(0.,1.));
#6232 = ( GEOMETRIC_REPRESENTATION_CONTEXT(2) 
PARAMETRIC_REPRESENTATION_CONTEXT() REPRESENTATION_CONTEXT('2D SPACE',''
  ) );
#6233 = PCURVE('',#755,#6234);
#6234 = DEFINITIONAL_REPRESENTATION('',(#6235),#6239);
#6235 = LINE('',#6236,#6237);
#6236 = CARTESIAN_POINT('',(0.,-0.));
#6237 = VECTOR('',#6238,1.);
#6238 = DIRECTION('',(0.,1.));
#6239 = ( GEOMETRIC_REPRESENTATION_CONTEXT(2) 
PARAMETRIC_REPRESENTATION_CONTEXT() REPRESENTATION_CONTEXT('2D SPACE',''
  ) );
#6240 = ORIENTED_EDGE('',*,*,#6241,.F.);
#6241 = EDGE_CURVE('',#6219,#6219,#6242,.T.);
#6242 = SURFACE_CURVE('',#6243,(#6248,#6255),.PCURVE_S1.);
#6243 = CIRCLE('',#6244,2.8);
#6244 = AXIS2_PLACEMENT_3D('',#6245,#6246,#6247);
#6245 = CARTESIAN_POINT('',(-42.,23.9,101.66427714083));
#6246 = DIRECTION('',(-0.,-1.,0.));
#6247 = DIRECTION('',(1.,-0.,0.));
#6248 = PCURVE('',#755,#6249);
#6249 = DEFINITIONAL_REPRESENTATION('',(#6250),#6254);
#6250 = LINE('',#6251,#6252);
#6251 = CARTESIAN_POINT('',(0.,9.1));
#6252 = VECTOR('',#6253,1.);
#6253 = DIRECTION('',(1.,0.));
#6254 = ( GEOMETRIC_REPRESENTATION_CONTEXT(2) 
PARAMETRIC_REPRESENTATION_CONTEXT() REPRESENTATION_CONTEXT('2D SPACE',''
  ) );
#6255 = PCURVE('',#6256,#6261);
#6256 = PLANE('',#6257);
#6257 = AXIS2_PLACEMENT_3D('',#6258,#6259,#6260);
#6258 = CARTESIAN_POINT('',(-42.,23.9,101.66427714083));
#6259 = DIRECTION('',(0.,-1.,0.));
#6260 = DIRECTION('',(1.,-0.,0.));
#6261 = DEFINITIONAL_REPRESENTATION('',(#6262),#6266);
#6262 = CIRCLE('',#6263,2.8);
#6263 = AXIS2_PLACEMENT_2D('',#6264,#6265);
#6264 = CARTESIAN_POINT('',(0.,0.));
#6265 = DIRECTION('',(1.,0.));
#6266 = ( GEOMETRIC_REPRESENTATION_CONTEXT(2) 
PARAMETRIC_REPRESENTATION_CONTEXT() REPRESENTATION_CONTEXT('2D SPACE',''
  ) );
#6267 = ORIENTED_EDGE('',*,*,#6218,.F.);
#6268 = ORIENTED_EDGE('',*,*,#734,.T.);
#6269 = FACE_BOUND('',#6270,.F.);
#6270 = EDGE_LOOP('',(#6271));
#6271 = ORIENTED_EDGE('',*,*,#4328,.T.);
#6272 = ADVANCED_FACE('',(#6273),#790,.F.);
#6273 = FACE_BOUND('',#6274,.F.);
#6274 = EDGE_LOOP('',(#6275,#6298,#6325,#6326,#6327,#6328,#6349,#6350,
    #6351,#6352));
#6275 = ORIENTED_EDGE('',*,*,#6276,.T.);
#6276 = EDGE_CURVE('',#5371,#6277,#6279,.T.);
#6277 = VERTEX_POINT('',#6278);
#6278 = CARTESIAN_POINT('',(44.8,23.9,13.664277140834));
#6279 = SEAM_CURVE('',#6280,(#6284,#6291),.PCURVE_S1.);
#6280 = LINE('',#6281,#6282);
#6281 = CARTESIAN_POINT('',(44.8,33.,13.664277140834));
#6282 = VECTOR('',#6283,1.);
#6283 = DIRECTION('',(0.,-1.,0.));
#6284 = PCURVE('',#790,#6285);
#6285 = DEFINITIONAL_REPRESENTATION('',(#6286),#6290);
#6286 = LINE('',#6287,#6288);
#6287 = CARTESIAN_POINT('',(6.28318530718,-0.));
#6288 = VECTOR('',#6289,1.);
#6289 = DIRECTION('',(0.,1.));
#6290 = ( GEOMETRIC_REPRESENTATION_CONTEXT(2) 
PARAMETRIC_REPRESENTATION_CONTEXT() REPRESENTATION_CONTEXT('2D SPACE',''
  ) );
#6291 = PCURVE('',#790,#6292);
#6292 = DEFINITIONAL_REPRESENTATION('',(#6293),#6297);
#6293 = LINE('',#6294,#6295);
#6294 = CARTESIAN_POINT('',(0.,-0.));
#6295 = VECTOR('',#6296,1.);
#6296 = DIRECTION('',(0.,1.));
#6297 = ( GEOMETRIC_REPRESENTATION_CONTEXT(2) 
PARAMETRIC_REPRESENTATION_CONTEXT() REPRESENTATION_CONTEXT('2D SPACE',''
  ) );
#6298 = ORIENTED_EDGE('',*,*,#6299,.F.);
#6299 = EDGE_CURVE('',#6277,#6277,#6300,.T.);
#6300 = SURFACE_CURVE('',#6301,(#6306,#6313),.PCURVE_S1.);
#6301 = CIRCLE('',#6302,2.8);
#6302 = AXIS2_PLACEMENT_3D('',#6303,#6304,#6305);
#6303 = CARTESIAN_POINT('',(42.,23.9,13.664277140834));
#6304 = DIRECTION('',(-0.,-1.,0.));
#6305 = DIRECTION('',(1.,-0.,0.));
#6306 = PCURVE('',#790,#6307);
#6307 = DEFINITIONAL_REPRESENTATION('',(#6308),#6312);
#6308 = LINE('',#6309,#6310);
#6309 = CARTESIAN_POINT('',(0.,9.1));
#6310 = VECTOR('',#6311,1.);
#6311 = DIRECTION('',(1.,0.));
#6312 = ( GEOMETRIC_REPRESENTATION_CONTEXT(2) 
PARAMETRIC_REPRESENTATION_CONTEXT() REPRESENTATION_CONTEXT('2D SPACE',''
  ) );
#6313 = PCURVE('',#6314,#6319);
#6314 = PLANE('',#6315);
#6315 = AXIS2_PLACEMENT_3D('',#6316,#6317,#6318);
#6316 = CARTESIAN_POINT('',(42.,23.9,13.664277140834));
#6317 = DIRECTION('',(0.,-1.,0.));
#6318 = DIRECTION('',(1.,-0.,0.));
#6319 = DEFINITIONAL_REPRESENTATION('',(#6320),#6324);
#6320 = CIRCLE('',#6321,2.8);
#6321 = AXIS2_PLACEMENT_2D('',#6322,#6323);
#6322 = CARTESIAN_POINT('',(0.,0.));
#6323 = DIRECTION('',(1.,0.));
#6324 = ( GEOMETRIC_REPRESENTATION_CONTEXT(2) 
PARAMETRIC_REPRESENTATION_CONTEXT() REPRESENTATION_CONTEXT('2D SPACE',''
  ) );
#6325 = ORIENTED_EDGE('',*,*,#6276,.F.);
#6326 = ORIENTED_EDGE('',*,*,#5370,.F.);
#6327 = ORIENTED_EDGE('',*,*,#5777,.F.);
#6328 = ORIENTED_EDGE('',*,*,#6329,.F.);
#6329 = EDGE_CURVE('',#770,#5650,#6330,.T.);
#6330 = SEAM_CURVE('',#6331,(#6335,#6342),.PCURVE_S1.);
#6331 = LINE('',#6332,#6333);
#6332 = CARTESIAN_POINT('',(44.8,33.,13.664277140834));
#6333 = VECTOR('',#6334,1.);
#6334 = DIRECTION('',(0.,-1.,0.));
#6335 = PCURVE('',#790,#6336);
#6336 = DEFINITIONAL_REPRESENTATION('',(#6337),#6341);
#6337 = LINE('',#6338,#6339);
#6338 = CARTESIAN_POINT('',(6.28318530718,-0.));
#6339 = VECTOR('',#6340,1.);
#6340 = DIRECTION('',(0.,1.));
#6341 = ( GEOMETRIC_REPRESENTATION_CONTEXT(2) 
PARAMETRIC_REPRESENTATION_CONTEXT() REPRESENTATION_CONTEXT('2D SPACE',''
  ) );
#6342 = PCURVE('',#790,#6343);
#6343 = DEFINITIONAL_REPRESENTATION('',(#6344),#6348);
#6344 = LINE('',#6345,#6346);
#6345 = CARTESIAN_POINT('',(0.,-0.));
#6346 = VECTOR('',#6347,1.);
#6347 = DIRECTION('',(0.,1.));
#6348 = ( GEOMETRIC_REPRESENTATION_CONTEXT(2) 
PARAMETRIC_REPRESENTATION_CONTEXT() REPRESENTATION_CONTEXT('2D SPACE',''
  ) );
#6349 = ORIENTED_EDGE('',*,*,#769,.T.);
#6350 = ORIENTED_EDGE('',*,*,#6329,.T.);
#6351 = ORIENTED_EDGE('',*,*,#5649,.T.);
#6352 = ORIENTED_EDGE('',*,*,#5498,.T.);
#6353 = ADVANCED_FACE('',(#6354),#825,.F.);
#6354 = FACE_BOUND('',#6355,.F.);
#6355 = EDGE_LOOP('',(#6356,#6357,#6378,#6379,#6380,#6381,#6402,#6430,
    #6449,#6450,#6451,#6452));
#6356 = ORIENTED_EDGE('',*,*,#2881,.F.);
#6357 = ORIENTED_EDGE('',*,*,#6358,.T.);
#6358 = EDGE_CURVE('',#2882,#805,#6359,.T.);
#6359 = SEAM_CURVE('',#6360,(#6364,#6371),.PCURVE_S1.);
#6360 = LINE('',#6361,#6362);
#6361 = CARTESIAN_POINT('',(36.,0.,62.));
#6362 = VECTOR('',#6363,1.);
#6363 = DIRECTION('',(-0.,1.,-0.));
#6364 = PCURVE('',#825,#6365);
#6365 = DEFINITIONAL_REPRESENTATION('',(#6366),#6370);
#6366 = LINE('',#6367,#6368);
#6367 = CARTESIAN_POINT('',(6.28318530718,0.));
#6368 = VECTOR('',#6369,1.);
#6369 = DIRECTION('',(0.,-1.));
#6370 = ( GEOMETRIC_REPRESENTATION_CONTEXT(2) 
PARAMETRIC_REPRESENTATION_CONTEXT() REPRESENTATION_CONTEXT('2D SPACE',''
  ) );
#6371 = PCURVE('',#825,#6372);
#6372 = DEFINITIONAL_REPRESENTATION('',(#6373),#6377);
#6373 = LINE('',#6374,#6375);
#6374 = CARTESIAN_POINT('',(0.,0.));
#6375 = VECTOR('',#6376,1.);
#6376 = DIRECTION('',(0.,-1.));
#6377 = ( GEOMETRIC_REPRESENTATION_CONTEXT(2) 
PARAMETRIC_REPRESENTATION_CONTEXT() REPRESENTATION_CONTEXT('2D SPACE',''
  ) );
#6378 = ORIENTED_EDGE('',*,*,#804,.T.);
#6379 = ORIENTED_EDGE('',*,*,#6358,.F.);
#6380 = ORIENTED_EDGE('',*,*,#2929,.F.);
#6381 = ORIENTED_EDGE('',*,*,#6382,.F.);
#6382 = EDGE_CURVE('',#6383,#2930,#6385,.T.);
#6383 = VERTEX_POINT('',#6384);
#6384 = CARTESIAN_POINT('',(3.,24.,26.125217770696));
#6385 = SURFACE_CURVE('',#6386,(#6390,#6396),.PCURVE_S1.);
#6386 = LINE('',#6387,#6388);
#6387 = CARTESIAN_POINT('',(3.,0.,26.125217770696));
#6388 = VECTOR('',#6389,1.);
#6389 = DIRECTION('',(0.,-1.,0.));
#6390 = PCURVE('',#825,#6391);
#6391 = DEFINITIONAL_REPRESENTATION('',(#6392),#6395);
#6392 = B_SPLINE_CURVE_WITH_KNOTS('',1,(#6393,#6394),.UNSPECIFIED.,.F.,
  .F.,(2,2),(-28.8,6.E-07),.PIECEWISE_BEZIER_KNOTS.);
#6393 = CARTESIAN_POINT('',(4.795819066995,-28.8));
#6394 = CARTESIAN_POINT('',(4.795819066995,6.E-07));
#6395 = ( GEOMETRIC_REPRESENTATION_CONTEXT(2) 
PARAMETRIC_REPRESENTATION_CONTEXT() REPRESENTATION_CONTEXT('2D SPACE',''
  ) );
#6396 = PCURVE('',#1027,#6397);
#6397 = DEFINITIONAL_REPRESENTATION('',(#6398),#6401);
#6398 = B_SPLINE_CURVE_WITH_KNOTS('',1,(#6399,#6400),.UNSPECIFIED.,.F.,
  .F.,(2,2),(-28.8,6.E-07),.PIECEWISE_BEZIER_KNOTS.);
#6399 = CARTESIAN_POINT('',(26.125217770696,-52.8));
#6400 = CARTESIAN_POINT('',(26.125217770696,-23.9999994));
#6401 = ( GEOMETRIC_REPRESENTATION_CONTEXT(2) 
PARAMETRIC_REPRESENTATION_CONTEXT() REPRESENTATION_CONTEXT('2D SPACE',''
  ) );
#6402 = ORIENTED_EDGE('',*,*,#6403,.F.);
#6403 = EDGE_CURVE('',#6404,#6383,#6406,.T.);
#6404 = VERTEX_POINT('',#6405);
#6405 = CARTESIAN_POINT('',(-31.17691453624,24.,44.));
#6406 = SURFACE_CURVE('',#6407,(#6412,#6419),.PCURVE_S1.);
#6407 = CIRCLE('',#6408,36.);
#6408 = AXIS2_PLACEMENT_3D('',#6409,#6410,#6411);
#6409 = CARTESIAN_POINT('',(0.,24.,62.));
#6410 = DIRECTION('',(0.,-1.,0.));
#6411 = DIRECTION('',(1.,0.,0.));
#6412 = PCURVE('',#825,#6413);
#6413 = DEFINITIONAL_REPRESENTATION('',(#6414),#6418);
#6414 = LINE('',#6415,#6416);
#6415 = CARTESIAN_POINT('',(0.,-24.));
#6416 = VECTOR('',#6417,1.);
#6417 = DIRECTION('',(1.,0.));
#6418 = ( GEOMETRIC_REPRESENTATION_CONTEXT(2) 
PARAMETRIC_REPRESENTATION_CONTEXT() REPRESENTATION_CONTEXT('2D SPACE',''
  ) );
#6419 = PCURVE('',#999,#6420);
#6420 = DEFINITIONAL_REPRESENTATION('',(#6421),#6429);
#6421 = ( BOUNDED_CURVE() B_SPLINE_CURVE(2,(#6422,#6423,#6424,#6425,
#6426,#6427,#6428),.UNSPECIFIED.,.T.,.F.) B_SPLINE_CURVE_WITH_KNOTS((1,2
    ,2,2,2,1),(-2.094395102393,0.,2.094395102393,4.188790204786,
6.28318530718,8.377580409573),.UNSPECIFIED.) CURVE() 
GEOMETRIC_REPRESENTATION_ITEM() RATIONAL_B_SPLINE_CURVE((1.,0.5,1.,0.5,
1.,0.5,1.)) REPRESENTATION_ITEM('') );
#6422 = CARTESIAN_POINT('',(62.,87.));
#6423 = CARTESIAN_POINT('',(124.35382907248,87.));
#6424 = CARTESIAN_POINT('',(93.17691453624,33.));
#6425 = CARTESIAN_POINT('',(62.,-21.));
#6426 = CARTESIAN_POINT('',(30.82308546376,33.));
#6427 = CARTESIAN_POINT('',(-0.35382907248,87.));
#6428 = CARTESIAN_POINT('',(62.,87.));
#6429 = ( GEOMETRIC_REPRESENTATION_CONTEXT(2) 
PARAMETRIC_REPRESENTATION_CONTEXT() REPRESENTATION_CONTEXT('2D SPACE',''
  ) );
#6430 = ORIENTED_EDGE('',*,*,#6431,.T.);
#6431 = EDGE_CURVE('',#6404,#2998,#6432,.T.);
#6432 = SURFACE_CURVE('',#6433,(#6437,#6443),.PCURVE_S1.);
#6433 = LINE('',#6434,#6435);
#6434 = CARTESIAN_POINT('',(-31.17691453624,0.,44.));
#6435 = VECTOR('',#6436,1.);
#6436 = DIRECTION('',(0.,-1.,0.));
#6437 = PCURVE('',#825,#6438);
#6438 = DEFINITIONAL_REPRESENTATION('',(#6439),#6442);
#6439 = B_SPLINE_CURVE_WITH_KNOTS('',1,(#6440,#6441),.UNSPECIFIED.,.F.,
  .F.,(2,2),(-28.8,6.E-07),.PIECEWISE_BEZIER_KNOTS.);
#6440 = CARTESIAN_POINT('',(3.665191429188,-28.8));
#6441 = CARTESIAN_POINT('',(3.665191429188,6.E-07));
#6442 = ( GEOMETRIC_REPRESENTATION_CONTEXT(2) 
PARAMETRIC_REPRESENTATION_CONTEXT() REPRESENTATION_CONTEXT('2D SPACE',''
  ) );
#6443 = PCURVE('',#3012,#6444);
#6444 = DEFINITIONAL_REPRESENTATION('',(#6445),#6448);
#6445 = B_SPLINE_CURVE_WITH_KNOTS('',1,(#6446,#6447),.UNSPECIFIED.,.F.,
  .F.,(2,2),(-28.8,6.E-07),.PIECEWISE_BEZIER_KNOTS.);
#6446 = CARTESIAN_POINT('',(19.82308546376,52.8));
#6447 = CARTESIAN_POINT('',(19.82308546376,23.9999994));
#6448 = ( GEOMETRIC_REPRESENTATION_CONTEXT(2) 
PARAMETRIC_REPRESENTATION_CONTEXT() REPRESENTATION_CONTEXT('2D SPACE',''
  ) );
#6449 = ORIENTED_EDGE('',*,*,#3023,.F.);
#6450 = ORIENTED_EDGE('',*,*,#4988,.F.);
#6451 = ORIENTED_EDGE('',*,*,#5035,.F.);
#6452 = ORIENTED_EDGE('',*,*,#4940,.T.);
#6453 = ADVANCED_FACE('',(#6454),#860,.F.);
#6454 = FACE_BOUND('',#6455,.F.);
#6455 = EDGE_LOOP('',(#6456,#6479,#6506,#6507,#6508,#6509,#6530,#6531,
    #6532,#6533));
#6456 = ORIENTED_EDGE('',*,*,#6457,.T.);
#6457 = EDGE_CURVE('',#5092,#6458,#6460,.T.);
#6458 = VERTEX_POINT('',#6459);
#6459 = CARTESIAN_POINT('',(44.8,23.9,101.66427714083));
#6460 = SEAM_CURVE('',#6461,(#6465,#6472),.PCURVE_S1.);
#6461 = LINE('',#6462,#6463);
#6462 = CARTESIAN_POINT('',(44.8,33.,101.66427714083));
#6463 = VECTOR('',#6464,1.);
#6464 = DIRECTION('',(0.,-1.,0.));
#6465 = PCURVE('',#860,#6466);
#6466 = DEFINITIONAL_REPRESENTATION('',(#6467),#6471);
#6467 = LINE('',#6468,#6469);
#6468 = CARTESIAN_POINT('',(6.28318530718,-0.));
#6469 = VECTOR('',#6470,1.);
#6470 = DIRECTION('',(0.,1.));
#6471 = ( GEOMETRIC_REPRESENTATION_CONTEXT(2) 
PARAMETRIC_REPRESENTATION_CONTEXT() REPRESENTATION_CONTEXT('2D SPACE',''
  ) );
#6472 = PCURVE('',#860,#6473);
#6473 = DEFINITIONAL_REPRESENTATION('',(#6474),#6478);
#6474 = LINE('',#6475,#6476);
#6475 = CARTESIAN_POINT('',(0.,-0.));
#6476 = VECTOR('',#6477,1.);
#6477 = DIRECTION('',(0.,1.));
#6478 = ( GEOMETRIC_REPRESENTATION_CONTEXT(2) 
PARAMETRIC_REPRESENTATION_CONTEXT() REPRESENTATION_CONTEXT('2D SPACE',''
  ) );
#6479 = ORIENTED_EDGE('',*,*,#6480,.F.);
#6480 = EDGE_CURVE('',#6458,#6458,#6481,.T.);
#6481 = SURFACE_CURVE('',#6482,(#6487,#6494),.PCURVE_S1.);
#6482 = CIRCLE('',#6483,2.8);
#6483 = AXIS2_PLACEMENT_3D('',#6484,#6485,#6486);
#6484 = CARTESIAN_POINT('',(42.,23.9,101.66427714083));
#6485 = DIRECTION('',(-0.,-1.,0.));
#6486 = DIRECTION('',(1.,-0.,0.));
#6487 = PCURVE('',#860,#6488);
#6488 = DEFINITIONAL_REPRESENTATION('',(#6489),#6493);
#6489 = LINE('',#6490,#6491);
#6490 = CARTESIAN_POINT('',(0.,9.1));
#6491 = VECTOR('',#6492,1.);
#6492 = DIRECTION('',(1.,0.));
#6493 = ( GEOMETRIC_REPRESENTATION_CONTEXT(2) 
PARAMETRIC_REPRESENTATION_CONTEXT() REPRESENTATION_CONTEXT('2D SPACE',''
  ) );
#6494 = PCURVE('',#6495,#6500);
#6495 = PLANE('',#6496);
#6496 = AXIS2_PLACEMENT_3D('',#6497,#6498,#6499);
#6497 = CARTESIAN_POINT('',(42.,23.9,101.66427714083));
#6498 = DIRECTION('',(0.,-1.,0.));
#6499 = DIRECTION('',(1.,-0.,0.));
#6500 = DEFINITIONAL_REPRESENTATION('',(#6501),#6505);
#6501 = CIRCLE('',#6502,2.8);
#6502 = AXIS2_PLACEMENT_2D('',#6503,#6504);
#6503 = CARTESIAN_POINT('',(0.,0.));
#6504 = DIRECTION('',(1.,0.));
#6505 = ( GEOMETRIC_REPRESENTATION_CONTEXT(2) 
PARAMETRIC_REPRESENTATION_CONTEXT() REPRESENTATION_CONTEXT('2D SPACE',''
  ) );
#6506 = ORIENTED_EDGE('',*,*,#6457,.F.);
#6507 = ORIENTED_EDGE('',*,*,#5091,.F.);
#6508 = ORIENTED_EDGE('',*,*,#6032,.F.);
#6509 = ORIENTED_EDGE('',*,*,#6510,.F.);
#6510 = EDGE_CURVE('',#840,#5905,#6511,.T.);
#6511 = SEAM_CURVE('',#6512,(#6516,#6523),.PCURVE_S1.);
#6512 = LINE('',#6513,#6514);
#6513 = CARTESIAN_POINT('',(44.8,33.,101.66427714083));
#6514 = VECTOR('',#6515,1.);
#6515 = DIRECTION('',(0.,-1.,0.));
#6516 = PCURVE('',#860,#6517);
#6517 = DEFINITIONAL_REPRESENTATION('',(#6518),#6522);
#6518 = LINE('',#6519,#6520);
#6519 = CARTESIAN_POINT('',(6.28318530718,-0.));
#6520 = VECTOR('',#6521,1.);
#6521 = DIRECTION('',(0.,1.));
#6522 = ( GEOMETRIC_REPRESENTATION_CONTEXT(2) 
PARAMETRIC_REPRESENTATION_CONTEXT() REPRESENTATION_CONTEXT('2D SPACE',''
  ) );
#6523 = PCURVE('',#860,#6524);
#6524 = DEFINITIONAL_REPRESENTATION('',(#6525),#6529);
#6525 = LINE('',#6526,#6527);
#6526 = CARTESIAN_POINT('',(0.,-0.));
#6527 = VECTOR('',#6528,1.);
#6528 = DIRECTION('',(0.,1.));
#6529 = ( GEOMETRIC_REPRESENTATION_CONTEXT(2) 
PARAMETRIC_REPRESENTATION_CONTEXT() REPRESENTATION_CONTEXT('2D SPACE',''
  ) );
#6530 = ORIENTED_EDGE('',*,*,#839,.T.);
#6531 = ORIENTED_EDGE('',*,*,#6510,.T.);
#6532 = ORIENTED_EDGE('',*,*,#5904,.T.);
#6533 = ORIENTED_EDGE('',*,*,#5219,.T.);
#6534 = ADVANCED_FACE('',(#6535),#971,.T.);
#6535 = FACE_BOUND('',#6536,.T.);
#6536 = EDGE_LOOP('',(#6537,#6560,#6561,#6584));
#6537 = ORIENTED_EDGE('',*,*,#6538,.F.);
#6538 = EDGE_CURVE('',#954,#6539,#6541,.T.);
#6539 = VERTEX_POINT('',#6540);
#6540 = CARTESIAN_POINT('',(-51.,-24.,44.));
#6541 = SURFACE_CURVE('',#6542,(#6546,#6553),.PCURVE_S1.);
#6542 = LINE('',#6543,#6544);
#6543 = CARTESIAN_POINT('',(-51.,-24.,0.));
#6544 = VECTOR('',#6545,1.);
#6545 = DIRECTION('',(0.,0.,1.));
#6546 = PCURVE('',#971,#6547);
#6547 = DEFINITIONAL_REPRESENTATION('',(#6548),#6552);
#6548 = LINE('',#6549,#6550);
#6549 = CARTESIAN_POINT('',(0.,0.));
#6550 = VECTOR('',#6551,1.);
#6551 = DIRECTION('',(1.,0.));
#6552 = ( GEOMETRIC_REPRESENTATION_CONTEXT(2) 
PARAMETRIC_REPRESENTATION_CONTEXT() REPRESENTATION_CONTEXT('2D SPACE',''
  ) );
#6553 = PCURVE('',#1053,#6554);
#6554 = DEFINITIONAL_REPRESENTATION('',(#6555),#6559);
#6555 = LINE('',#6556,#6557);
#6556 = CARTESIAN_POINT('',(0.,0.));
#6557 = VECTOR('',#6558,1.);
#6558 = DIRECTION('',(1.,0.));
#6559 = ( GEOMETRIC_REPRESENTATION_CONTEXT(2) 
PARAMETRIC_REPRESENTATION_CONTEXT() REPRESENTATION_CONTEXT('2D SPACE',''
  ) );
#6560 = ORIENTED_EDGE('',*,*,#953,.T.);
#6561 = ORIENTED_EDGE('',*,*,#6562,.T.);
#6562 = EDGE_CURVE('',#956,#6563,#6565,.T.);
#6563 = VERTEX_POINT('',#6564);
#6564 = CARTESIAN_POINT('',(-51.,24.,44.));
#6565 = SURFACE_CURVE('',#6566,(#6570,#6577),.PCURVE_S1.);
#6566 = LINE('',#6567,#6568);
#6567 = CARTESIAN_POINT('',(-51.,24.,0.));
#6568 = VECTOR('',#6569,1.);
#6569 = DIRECTION('',(0.,0.,1.));
#6570 = PCURVE('',#971,#6571);
#6571 = DEFINITIONAL_REPRESENTATION('',(#6572),#6576);
#6572 = LINE('',#6573,#6574);
#6573 = CARTESIAN_POINT('',(0.,-48.));
#6574 = VECTOR('',#6575,1.);
#6575 = DIRECTION('',(1.,0.));
#6576 = ( GEOMETRIC_REPRESENTATION_CONTEXT(2) 
PARAMETRIC_REPRESENTATION_CONTEXT() REPRESENTATION_CONTEXT('2D SPACE',''
  ) );
#6577 = PCURVE('',#999,#6578);
#6578 = DEFINITIONAL_REPRESENTATION('',(#6579),#6583);
#6579 = LINE('',#6580,#6581);
#6580 = CARTESIAN_POINT('',(0.,0.));
#6581 = VECTOR('',#6582,1.);
#6582 = DIRECTION('',(1.,0.));
#6583 = ( GEOMETRIC_REPRESENTATION_CONTEXT(2) 
PARAMETRIC_REPRESENTATION_CONTEXT() REPRESENTATION_CONTEXT('2D SPACE',''
  ) );
#6584 = ORIENTED_EDGE('',*,*,#6585,.F.);
#6585 = EDGE_CURVE('',#6539,#6563,#6586,.T.);
#6586 = SURFACE_CURVE('',#6587,(#6591,#6598),.PCURVE_S1.);
#6587 = LINE('',#6588,#6589);
#6588 = CARTESIAN_POINT('',(-51.,-24.,44.));
#6589 = VECTOR('',#6590,1.);
#6590 = DIRECTION('',(0.,1.,0.));
#6591 = PCURVE('',#971,#6592);
#6592 = DEFINITIONAL_REPRESENTATION('',(#6593),#6597);
#6593 = LINE('',#6594,#6595);
#6594 = CARTESIAN_POINT('',(44.,0.));
#6595 = VECTOR('',#6596,1.);
#6596 = DIRECTION('',(0.,-1.));
#6597 = ( GEOMETRIC_REPRESENTATION_CONTEXT(2) 
PARAMETRIC_REPRESENTATION_CONTEXT() REPRESENTATION_CONTEXT('2D SPACE',''
  ) );
#6598 = PCURVE('',#3012,#6599);
#6599 = DEFINITIONAL_REPRESENTATION('',(#6600),#6604);
#6600 = LINE('',#6601,#6602);
#6601 = CARTESIAN_POINT('',(0.,0.));
#6602 = VECTOR('',#6603,1.);
#6603 = DIRECTION('',(0.,1.));
#6604 = ( GEOMETRIC_REPRESENTATION_CONTEXT(2) 
PARAMETRIC_REPRESENTATION_CONTEXT() REPRESENTATION_CONTEXT('2D SPACE',''
  ) );
#6605 = ADVANCED_FACE('',(#6606,#6653),#999,.F.);
#6606 = FACE_BOUND('',#6607,.F.);
#6607 = EDGE_LOOP('',(#6608,#6629,#6630,#6631,#6652));
#6608 = ORIENTED_EDGE('',*,*,#6609,.F.);
#6609 = EDGE_CURVE('',#984,#6383,#6610,.T.);
#6610 = SURFACE_CURVE('',#6611,(#6615,#6622),.PCURVE_S1.);
#6611 = LINE('',#6612,#6613);
#6612 = CARTESIAN_POINT('',(3.,24.,0.));
#6613 = VECTOR('',#6614,1.);
#6614 = DIRECTION('',(0.,0.,1.));
#6615 = PCURVE('',#999,#6616);
#6616 = DEFINITIONAL_REPRESENTATION('',(#6617),#6621);
#6617 = LINE('',#6618,#6619);
#6618 = CARTESIAN_POINT('',(0.,54.));
#6619 = VECTOR('',#6620,1.);
#6620 = DIRECTION('',(1.,0.));
#6621 = ( GEOMETRIC_REPRESENTATION_CONTEXT(2) 
PARAMETRIC_REPRESENTATION_CONTEXT() REPRESENTATION_CONTEXT('2D SPACE',''
  ) );
#6622 = PCURVE('',#1027,#6623);
#6623 = DEFINITIONAL_REPRESENTATION('',(#6624),#6628);
#6624 = LINE('',#6625,#6626);
#6625 = CARTESIAN_POINT('',(0.,-48.));
#6626 = VECTOR('',#6627,1.);
#6627 = DIRECTION('',(1.,0.));
#6628 = ( GEOMETRIC_REPRESENTATION_CONTEXT(2) 
PARAMETRIC_REPRESENTATION_CONTEXT() REPRESENTATION_CONTEXT('2D SPACE',''
  ) );
#6629 = ORIENTED_EDGE('',*,*,#983,.F.);
#6630 = ORIENTED_EDGE('',*,*,#6562,.T.);
#6631 = ORIENTED_EDGE('',*,*,#6632,.T.);
#6632 = EDGE_CURVE('',#6563,#6404,#6633,.T.);
#6633 = SURFACE_CURVE('',#6634,(#6638,#6645),.PCURVE_S1.);
#6634 = LINE('',#6635,#6636);
#6635 = CARTESIAN_POINT('',(-51.,24.,44.));
#6636 = VECTOR('',#6637,1.);
#6637 = DIRECTION('',(1.,0.,0.));
#6638 = PCURVE('',#999,#6639);
#6639 = DEFINITIONAL_REPRESENTATION('',(#6640),#6644);
#6640 = LINE('',#6641,#6642);
#6641 = CARTESIAN_POINT('',(44.,0.));
#6642 = VECTOR('',#6643,1.);
#6643 = DIRECTION('',(0.,1.));
#6644 = ( GEOMETRIC_REPRESENTATION_CONTEXT(2) 
PARAMETRIC_REPRESENTATION_CONTEXT() REPRESENTATION_CONTEXT('2D SPACE',''
  ) );
#6645 = PCURVE('',#3012,#6646);
#6646 = DEFINITIONAL_REPRESENTATION('',(#6647),#6651);
#6647 = LINE('',#6648,#6649);
#6648 = CARTESIAN_POINT('',(0.,48.));
#6649 = VECTOR('',#6650,1.);
#6650 = DIRECTION('',(1.,0.));
#6651 = ( GEOMETRIC_REPRESENTATION_CONTEXT(2) 
PARAMETRIC_REPRESENTATION_CONTEXT() REPRESENTATION_CONTEXT('2D SPACE',''
  ) );
#6652 = ORIENTED_EDGE('',*,*,#6403,.T.);
#6653 = FACE_BOUND('',#6654,.F.);
#6654 = EDGE_LOOP('',(#6655));
#6655 = ORIENTED_EDGE('',*,*,#6161,.T.);
#6656 = ADVANCED_FACE('',(#6657,#6704),#1053,.T.);
#6657 = FACE_BOUND('',#6658,.T.);
#6658 = EDGE_LOOP('',(#6659,#6680,#6681,#6682,#6703));
#6659 = ORIENTED_EDGE('',*,*,#6660,.F.);
#6660 = EDGE_CURVE('',#1012,#2953,#6661,.T.);
#6661 = SURFACE_CURVE('',#6662,(#6666,#6673),.PCURVE_S1.);
#6662 = LINE('',#6663,#6664);
#6663 = CARTESIAN_POINT('',(3.,-24.,0.));
#6664 = VECTOR('',#6665,1.);
#6665 = DIRECTION('',(0.,0.,1.));
#6666 = PCURVE('',#1053,#6667);
#6667 = DEFINITIONAL_REPRESENTATION('',(#6668),#6672);
#6668 = LINE('',#6669,#6670);
#6669 = CARTESIAN_POINT('',(0.,54.));
#6670 = VECTOR('',#6671,1.);
#6671 = DIRECTION('',(1.,0.));
#6672 = ( GEOMETRIC_REPRESENTATION_CONTEXT(2) 
PARAMETRIC_REPRESENTATION_CONTEXT() REPRESENTATION_CONTEXT('2D SPACE',''
  ) );
#6673 = PCURVE('',#1027,#6674);
#6674 = DEFINITIONAL_REPRESENTATION('',(#6675),#6679);
#6675 = LINE('',#6676,#6677);
#6676 = CARTESIAN_POINT('',(0.,0.));
#6677 = VECTOR('',#6678,1.);
#6678 = DIRECTION('',(1.,0.));
#6679 = ( GEOMETRIC_REPRESENTATION_CONTEXT(2) 
PARAMETRIC_REPRESENTATION_CONTEXT() REPRESENTATION_CONTEXT('2D SPACE',''
  ) );
#6680 = ORIENTED_EDGE('',*,*,#1039,.F.);
#6681 = ORIENTED_EDGE('',*,*,#6538,.T.);
#6682 = ORIENTED_EDGE('',*,*,#6683,.T.);
#6683 = EDGE_CURVE('',#6539,#2974,#6684,.T.);
#6684 = SURFACE_CURVE('',#6685,(#6689,#6696),.PCURVE_S1.);
#6685 = LINE('',#6686,#6687);
#6686 = CARTESIAN_POINT('',(-51.,-24.,44.));
#6687 = VECTOR('',#6688,1.);
#6688 = DIRECTION('',(1.,0.,0.));
#6689 = PCURVE('',#1053,#6690);
#6690 = DEFINITIONAL_REPRESENTATION('',(#6691),#6695);
#6691 = LINE('',#6692,#6693);
#6692 = CARTESIAN_POINT('',(44.,0.));
#6693 = VECTOR('',#6694,1.);
#6694 = DIRECTION('',(0.,1.));
#6695 = ( GEOMETRIC_REPRESENTATION_CONTEXT(2) 
PARAMETRIC_REPRESENTATION_CONTEXT() REPRESENTATION_CONTEXT('2D SPACE',''
  ) );
#6696 = PCURVE('',#3012,#6697);
#6697 = DEFINITIONAL_REPRESENTATION('',(#6698),#6702);
#6698 = LINE('',#6699,#6700);
#6699 = CARTESIAN_POINT('',(0.,0.));
#6700 = VECTOR('',#6701,1.);
#6701 = DIRECTION('',(1.,0.));
#6702 = ( GEOMETRIC_REPRESENTATION_CONTEXT(2) 
PARAMETRIC_REPRESENTATION_CONTEXT() REPRESENTATION_CONTEXT('2D SPACE',''
  ) );
#6703 = ORIENTED_EDGE('',*,*,#2973,.F.);
#6704 = FACE_BOUND('',#6705,.T.);
#6705 = EDGE_LOOP('',(#6706));
#6706 = ORIENTED_EDGE('',*,*,#1127,.F.);
#6707 = ADVANCED_FACE('',(#6708),#1027,.F.);
#6708 = FACE_BOUND('',#6709,.F.);
#6709 = EDGE_LOOP('',(#6710,#6711,#6712,#6713,#6714));
#6710 = ORIENTED_EDGE('',*,*,#6660,.F.);
#6711 = ORIENTED_EDGE('',*,*,#1011,.T.);
#6712 = ORIENTED_EDGE('',*,*,#6609,.T.);
#6713 = ORIENTED_EDGE('',*,*,#6382,.T.);
#6714 = ORIENTED_EDGE('',*,*,#2952,.F.);
#6715 = ADVANCED_FACE('',(#6716),#1783,.F.);
#6716 = FACE_BOUND('',#6717,.F.);
#6717 = EDGE_LOOP('',(#6718));
#6718 = ORIENTED_EDGE('',*,*,#1768,.T.);
#6719 = ADVANCED_FACE('',(#6720),#2402,.F.);
#6720 = FACE_BOUND('',#6721,.F.);
#6721 = EDGE_LOOP('',(#6722));
#6722 = ORIENTED_EDGE('',*,*,#2387,.T.);
#6723 = ADVANCED_FACE('',(#6724),#3012,.F.);
#6724 = FACE_BOUND('',#6725,.F.);
#6725 = EDGE_LOOP('',(#6726,#6727,#6728,#6729,#6730));
#6726 = ORIENTED_EDGE('',*,*,#6632,.F.);
#6727 = ORIENTED_EDGE('',*,*,#6585,.F.);
#6728 = ORIENTED_EDGE('',*,*,#6683,.T.);
#6729 = ORIENTED_EDGE('',*,*,#2997,.T.);
#6730 = ORIENTED_EDGE('',*,*,#6431,.F.);
#6731 = ADVANCED_FACE('',(#6732),#3151,.F.);
#6732 = FACE_BOUND('',#6733,.F.);
#6733 = EDGE_LOOP('',(#6734));
#6734 = ORIENTED_EDGE('',*,*,#3136,.T.);
#6735 = ADVANCED_FACE('',(#6736),#6256,.F.);
#6736 = FACE_BOUND('',#6737,.F.);
#6737 = EDGE_LOOP('',(#6738));
#6738 = ORIENTED_EDGE('',*,*,#6241,.T.);
#6739 = ADVANCED_FACE('',(#6740),#6314,.F.);
#6740 = FACE_BOUND('',#6741,.F.);
#6741 = EDGE_LOOP('',(#6742));
#6742 = ORIENTED_EDGE('',*,*,#6299,.T.);
#6743 = ADVANCED_FACE('',(#6744),#6495,.F.);
#6744 = FACE_BOUND('',#6745,.F.);
#6745 = EDGE_LOOP('',(#6746));
#6746 = ORIENTED_EDGE('',*,*,#6480,.T.);
#6747 = ( GEOMETRIC_REPRESENTATION_CONTEXT(3) 
GLOBAL_UNCERTAINTY_ASSIGNED_CONTEXT((#6751)) 
GLOBAL_UNIT_ASSIGNED_CONTEXT((#6748,#6749,#6750)) REPRESENTATION_CONTEXT
('Context #1','3D Context with UNIT and UNCERTAINTY') );
#6748 = ( LENGTH_UNIT() NAMED_UNIT(*) SI_UNIT(.MILLI.,.METRE.) );
#6749 = ( NAMED_UNIT(*) PLANE_ANGLE_UNIT() SI_UNIT($,.RADIAN.) );
#6750 = ( NAMED_UNIT(*) SI_UNIT($,.STERADIAN.) SOLID_ANGLE_UNIT() );
#6751 = UNCERTAINTY_MEASURE_WITH_UNIT(LENGTH_MEASURE(1.E-07),#6748,
  'distance_accuracy_value','confusion accuracy');
#6752 = PRODUCT_RELATED_PRODUCT_CATEGORY('part',$,(#7));
ENDSEC;
END-ISO-10303-21;
