ISO-10303-21;
HEADER;
FILE_DESCRIPTION(('Open CASCADE Model'),'2;1');
FILE_NAME('Open CASCADE Shape Model','2026-09-11T00:33:29',('Author'),(
    'Open CASCADE'),'Open CASCADE STEP processor 7.9','Open CASCADE 7.9'
  ,'Unknown');
FILE_SCHEMA(('AUTOMOTIVE_DESIGN { 1 0 10303 214 1 1 1 1 }'));
ENDSEC;
DATA;
#1 = APPLICATION_PROTOCOL_DEFINITION('international standard',
  'automotive_design',2000,#2);
#2 = APPLICATION_CONTEXT(
  'core data for automotive mechanical design processes');
#3 = SHAPE_DEFINITION_REPRESENTATION(#4,#10);
#4 = PRODUCT_DEFINITION_SHAPE('','',#5);
#5 = PRODUCT_DEFINITION('design','',#6,#9);
#6 = PRODUCT_DEFINITION_FORMATION('','',#7);
#7 = PRODUCT('Open CASCADE STEP translator 7.9 1',
  'Open CASCADE STEP translator 7.9 1','',(#8));
#8 = PRODUCT_CONTEXT('',#2,'mechanical');
#9 = PRODUCT_DEFINITION_CONTEXT('part definition',#2,'design');
#10 = ADVANCED_BREP_SHAPE_REPRESENTATION('',(#11,#15),#1839);
#11 = AXIS2_PLACEMENT_3D('',#12,#13,#14);
#12 = CARTESIAN_POINT('',(0.,0.,0.));
#13 = DIRECTION('',(0.,0.,1.));
#14 = DIRECTION('',(1.,0.,-0.));
#15 = MANIFOLD_SOLID_BREP('',#16);
#16 = CLOSED_SHELL('',(#17,#149,#579,#633,#956,#982,#1008,#1034,#1060,
    #1086,#1112,#1138,#1164,#1190,#1197,#1361,#1504,#1571,#1618,#1665,
    #1730,#1757,#1782,#1807,#1832));
#17 = ADVANCED_FACE('',(#18),#32,.T.);
#18 = FACE_BOUND('',#19,.T.);
#19 = EDGE_LOOP('',(#20,#57,#90,#118));
#20 = ORIENTED_EDGE('',*,*,#21,.F.);
#21 = EDGE_CURVE('',#22,#24,#26,.T.);
#22 = VERTEX_POINT('',#23);
#23 = CARTESIAN_POINT('',(23.01277541931,-25.4,-26.89929678449));
#24 = VERTEX_POINT('',#25);
#25 = CARTESIAN_POINT('',(34.801862068966,-25.4,-6.479999732461));
#26 = SURFACE_CURVE('',#27,(#31,#45),.PCURVE_S1.);
#27 = ( BOUNDED_CURVE() B_SPLINE_CURVE(2,(#28,#29,#30),.UNSPECIFIED.,.F.
,.F.) B_SPLINE_CURVE_WITH_KNOTS((3,3),(5.420076590693,6.099096472469),
.PIECEWISE_BEZIER_KNOTS.) CURVE() GEOMETRIC_REPRESENTATION_ITEM() 
RATIONAL_B_SPLINE_CURVE((1.,0.942917980705,1.)) REPRESENTATION_ITEM('') 
  );
#28 = CARTESIAN_POINT('',(23.012775419312,-25.4,-26.89929678449));
#29 = CARTESIAN_POINT('',(32.513219517829,-25.4,-18.77151604083));
#30 = CARTESIAN_POINT('',(34.801862068966,-25.4,-6.479999732461));
#31 = PCURVE('',#32,#39);
#32 = ( BOUNDED_SURFACE() B_SPLINE_SURFACE(2,1,(
    (#33,#34)
    ,(#35,#36)
,(#37,#38
  )),.UNSPECIFIED.,.F.,.F.,.F.) B_SPLINE_SURFACE_WITH_KNOTS((3,3),(2,2),
  (0.18408883471,0.863108716487),(-20.,20.),.PIECEWISE_BEZIER_KNOTS.) 
GEOMETRIC_REPRESENTATION_ITEM() RATIONAL_B_SPLINE_SURFACE((
    (1.,1.)
    ,(0.942917980705,0.942917980705)
,(1.,1.))) REPRESENTATION_ITEM('') SURFACE() );
#33 = CARTESIAN_POINT('',(34.801862068966,-25.4,-6.479999732461));
#34 = CARTESIAN_POINT('',(34.801862068966,25.4,-6.479999732461));
#35 = CARTESIAN_POINT('',(32.513219517828,-25.4,-18.77151604084));
#36 = CARTESIAN_POINT('',(32.513219517828,25.4,-18.77151604084));
#37 = CARTESIAN_POINT('',(23.012775419306,-25.4,-26.89929678449));
#38 = CARTESIAN_POINT('',(23.012775419306,25.4,-26.89929678449));
#39 = DEFINITIONAL_REPRESENTATION('',(#40),#44);
#40 = B_SPLINE_CURVE_WITH_KNOTS('',2,(#41,#42,#43),.UNSPECIFIED.,.F.,.F.
  ,(3,3),(5.420076590693,6.099096472469),.PIECEWISE_BEZIER_KNOTS.);
#41 = CARTESIAN_POINT('',(0.863108716486,-20.));
#42 = CARTESIAN_POINT('',(0.523598775598,-20.));
#43 = CARTESIAN_POINT('',(0.18408883471,-20.));
#44 = ( GEOMETRIC_REPRESENTATION_CONTEXT(2) 
PARAMETRIC_REPRESENTATION_CONTEXT() REPRESENTATION_CONTEXT('2D SPACE',''
  ) );
#45 = PCURVE('',#46,#51);
#46 = B_SPLINE_SURFACE_WITH_KNOTS('',1,1,(
    (#47,#48)
    ,(#49,#50
    )),.UNSPECIFIED.,.F.,.F.,.F.,(2,2),(2,2),(-34.8,34.8),(-34.212,
    34.212),.PIECEWISE_BEZIER_KNOTS.);
#47 = CARTESIAN_POINT('',(-34.80186206896,-25.4,35.4));
#48 = CARTESIAN_POINT('',(34.801862068966,-25.4,35.4));
#49 = CARTESIAN_POINT('',(-34.80186206896,-25.4,-35.4));
#50 = CARTESIAN_POINT('',(34.801862068966,-25.4,-35.4));
#51 = DEFINITIONAL_REPRESENTATION('',(#52),#56);
#52 = ( BOUNDED_CURVE() B_SPLINE_CURVE(2,(#53,#54,#55),.UNSPECIFIED.,.F.
,.F.) B_SPLINE_CURVE_WITH_KNOTS((3,3),(5.420076590693,6.099096472469),
.PIECEWISE_BEZIER_KNOTS.) CURVE() GEOMETRIC_REPRESENTATION_ITEM() 
RATIONAL_B_SPLINE_CURVE((1.,0.942917980705,1.)) REPRESENTATION_ITEM('') 
  );
#53 = CARTESIAN_POINT('',(26.443376500012,22.622728378306));
#54 = CARTESIAN_POINT('',(18.453354752011,31.962148000577));
#55 = CARTESIAN_POINT('',(6.370169228521,34.212));
#56 = ( GEOMETRIC_REPRESENTATION_CONTEXT(2) 
PARAMETRIC_REPRESENTATION_CONTEXT() REPRESENTATION_CONTEXT('2D SPACE',''
  ) );
#57 = ORIENTED_EDGE('',*,*,#58,.T.);
#58 = EDGE_CURVE('',#22,#59,#61,.T.);
#59 = VERTEX_POINT('',#60);
#60 = CARTESIAN_POINT('',(23.01277541931,25.4,-26.89929678449));
#61 = SURFACE_CURVE('',#62,(#65,#72),.PCURVE_S1.);
#62 = B_SPLINE_CURVE_WITH_KNOTS('',1,(#63,#64),.UNSPECIFIED.,.F.,.F.,(2,
    2),(0.,40.),.PIECEWISE_BEZIER_KNOTS.);
#63 = CARTESIAN_POINT('',(23.01277541931,-25.4,-26.89929678449));
#64 = CARTESIAN_POINT('',(23.01277541931,25.4,-26.89929678449));
#65 = PCURVE('',#32,#66);
#66 = DEFINITIONAL_REPRESENTATION('',(#67),#71);
#67 = B_SPLINE_CURVE_WITH_KNOTS('',2,(#68,#69,#70),.UNSPECIFIED.,.F.,.F.
  ,(3,3),(0.,40.),.PIECEWISE_BEZIER_KNOTS.);
#68 = CARTESIAN_POINT('',(0.863108716486,-20.));
#69 = CARTESIAN_POINT('',(0.863108716486,-1.46941282671E-15));
#70 = CARTESIAN_POINT('',(0.863108716486,20.));
#71 = ( GEOMETRIC_REPRESENTATION_CONTEXT(2) 
PARAMETRIC_REPRESENTATION_CONTEXT() REPRESENTATION_CONTEXT('2D SPACE',''
  ) );
#72 = PCURVE('',#73,#84);
#73 = ( BOUNDED_SURFACE() B_SPLINE_SURFACE(2,1,(
    (#74,#75)
    ,(#76,#77)
    ,(#78,#79)
    ,(#80,#81)
,(#82,#83
    )),.UNSPECIFIED.,.F.,.F.,.F.) B_SPLINE_SURFACE_WITH_KNOTS((3,2,3),(2
    ,2),(1.652201239259,4.188790204792,6.725379170325),(-20.,20.),
.PIECEWISE_BEZIER_KNOTS.) GEOMETRIC_REPRESENTATION_ITEM() 
RATIONAL_B_SPLINE_SURFACE((
    (1.,1.)
    ,(0.297909382195,0.297909382195)
    ,(1.,1.)
    ,(0.297909382195,0.297909382195)
,(1.,1.))) REPRESENTATION_ITEM('') SURFACE() );
#74 = CARTESIAN_POINT('',(11.789086649588,-25.4,-33.37929651695));
#75 = CARTESIAN_POINT('',(11.789086649588,25.4,-33.37929651695));
#76 = CARTESIAN_POINT('',(-24.59705918605,-25.4,-30.41072526534));
#77 = CARTESIAN_POINT('',(-24.59705918605,25.4,-30.41072526534));
#78 = CARTESIAN_POINT('',(7.018965517299,-25.4,-12.1572048924));
#79 = CARTESIAN_POINT('',(7.018965517299,25.4,-12.1572048924));
#80 = CARTESIAN_POINT('',(38.634990220656,-25.4,6.096315480543));
#81 = CARTESIAN_POINT('',(38.634990220656,25.4,6.096315480543));
#82 = CARTESIAN_POINT('',(23.012775419283,-25.4,-26.89929678455));
#83 = CARTESIAN_POINT('',(23.012775419283,25.4,-26.89929678455));
#84 = DEFINITIONAL_REPRESENTATION('',(#85),#89);
#85 = B_SPLINE_CURVE_WITH_KNOTS('',2,(#86,#87,#88),.UNSPECIFIED.,.F.,.F.
  ,(3,3),(0.,40.),.PIECEWISE_BEZIER_KNOTS.);
#86 = CARTESIAN_POINT('',(6.725379170317,-20.));
#87 = CARTESIAN_POINT('',(6.725379170317,-1.46941282671E-15));
#88 = CARTESIAN_POINT('',(6.725379170317,20.));
#89 = ( GEOMETRIC_REPRESENTATION_CONTEXT(2) 
PARAMETRIC_REPRESENTATION_CONTEXT() REPRESENTATION_CONTEXT('2D SPACE',''
  ) );
#90 = ORIENTED_EDGE('',*,*,#91,.T.);
#91 = EDGE_CURVE('',#59,#92,#94,.T.);
#92 = VERTEX_POINT('',#93);
#93 = CARTESIAN_POINT('',(34.801862068966,25.4,-6.479999732461));
#94 = SURFACE_CURVE('',#95,(#99,#106),.PCURVE_S1.);
#95 = ( BOUNDED_CURVE() B_SPLINE_CURVE(2,(#96,#97,#98),.UNSPECIFIED.,.F.
,.F.) B_SPLINE_CURVE_WITH_KNOTS((3,3),(5.420076590693,6.099096472469),
.PIECEWISE_BEZIER_KNOTS.) CURVE() GEOMETRIC_REPRESENTATION_ITEM() 
RATIONAL_B_SPLINE_CURVE((1.,0.942917980705,1.)) REPRESENTATION_ITEM('') 
  );
#96 = CARTESIAN_POINT('',(23.012775419312,25.4,-26.89929678449));
#97 = CARTESIAN_POINT('',(32.513219517829,25.4,-18.77151604083));
#98 = CARTESIAN_POINT('',(34.801862068966,25.4,-6.479999732461));
#99 = PCURVE('',#32,#100);
#100 = DEFINITIONAL_REPRESENTATION('',(#101),#105);
#101 = B_SPLINE_CURVE_WITH_KNOTS('',2,(#102,#103,#104),.UNSPECIFIED.,.F.
  ,.F.,(3,3),(5.420076590693,6.099096472469),.PIECEWISE_BEZIER_KNOTS.);
#102 = CARTESIAN_POINT('',(0.863108716486,20.));
#103 = CARTESIAN_POINT('',(0.523598775598,20.));
#104 = CARTESIAN_POINT('',(0.18408883471,20.));
#105 = ( GEOMETRIC_REPRESENTATION_CONTEXT(2) 
PARAMETRIC_REPRESENTATION_CONTEXT() REPRESENTATION_CONTEXT('2D SPACE',''
  ) );
#106 = PCURVE('',#107,#112);
#107 = B_SPLINE_SURFACE_WITH_KNOTS('',1,1,(
    (#108,#109)
    ,(#110,#111
    )),.UNSPECIFIED.,.F.,.F.,.F.,(2,2),(2,2),(-34.8,34.8),(-34.212,
    34.212),.PIECEWISE_BEZIER_KNOTS.);
#108 = CARTESIAN_POINT('',(-34.80186206896,25.4,35.4));
#109 = CARTESIAN_POINT('',(34.801862068966,25.4,35.4));
#110 = CARTESIAN_POINT('',(-34.80186206896,25.4,-35.4));
#111 = CARTESIAN_POINT('',(34.801862068966,25.4,-35.4));
#112 = DEFINITIONAL_REPRESENTATION('',(#113),#117);
#113 = ( BOUNDED_CURVE() B_SPLINE_CURVE(2,(#114,#115,#116),
.UNSPECIFIED.,.F.,.F.) B_SPLINE_CURVE_WITH_KNOTS((3,3),(5.420076590693,
6.099096472469),.PIECEWISE_BEZIER_KNOTS.) CURVE() 
GEOMETRIC_REPRESENTATION_ITEM() RATIONAL_B_SPLINE_CURVE((1.,
0.942917980705,1.)) REPRESENTATION_ITEM('') );
#114 = CARTESIAN_POINT('',(26.443376500012,22.622728378306));
#115 = CARTESIAN_POINT('',(18.453354752011,31.962148000577));
#116 = CARTESIAN_POINT('',(6.370169228521,34.212));
#117 = ( GEOMETRIC_REPRESENTATION_CONTEXT(2) 
PARAMETRIC_REPRESENTATION_CONTEXT() REPRESENTATION_CONTEXT('2D SPACE',''
  ) );
#118 = ORIENTED_EDGE('',*,*,#119,.T.);
#119 = EDGE_CURVE('',#92,#24,#120,.T.);
#120 = SURFACE_CURVE('',#121,(#124,#131),.PCURVE_S1.);
#121 = B_SPLINE_CURVE_WITH_KNOTS('',1,(#122,#123),.UNSPECIFIED.,.F.,.F.,
  (2,2),(0.,40.),.PIECEWISE_BEZIER_KNOTS.);
#122 = CARTESIAN_POINT('',(34.801862068966,25.4,-6.479999732461));
#123 = CARTESIAN_POINT('',(34.801862068966,-25.4,-6.479999732461));
#124 = PCURVE('',#32,#125);
#125 = DEFINITIONAL_REPRESENTATION('',(#126),#130);
#126 = B_SPLINE_CURVE_WITH_KNOTS('',2,(#127,#128,#129),.UNSPECIFIED.,.F.
  ,.F.,(3,3),(0.,40.),.PIECEWISE_BEZIER_KNOTS.);
#127 = CARTESIAN_POINT('',(0.18408883471,20.));
#128 = CARTESIAN_POINT('',(0.18408883471,1.46941282671E-15));
#129 = CARTESIAN_POINT('',(0.18408883471,-20.));
#130 = ( GEOMETRIC_REPRESENTATION_CONTEXT(2) 
PARAMETRIC_REPRESENTATION_CONTEXT() REPRESENTATION_CONTEXT('2D SPACE',''
  ) );
#131 = PCURVE('',#132,#143);
#132 = ( BOUNDED_SURFACE() B_SPLINE_SURFACE(2,1,(
    (#133,#134)
    ,(#135,#136)
    ,(#137,#138)
    ,(#139,#140)
,(#141,#142
    )),.UNSPECIFIED.,.F.,.F.,.F.) B_SPLINE_SURFACE_WITH_KNOTS((3,2,3),(2
    ,2),(0.605003688056,3.14159265359,5.678181619123),(-20.,20.),
.PIECEWISE_BEZIER_KNOTS.) GEOMETRIC_REPRESENTATION_ITEM() 
RATIONAL_B_SPLINE_SURFACE((
    (1.,1.)
    ,(0.297909382195,0.297909382195)
    ,(1.,1.)
    ,(0.297909382195,0.297909382195)
,(1.,1.))) REPRESENTATION_ITEM('') SURFACE() );
#133 = CARTESIAN_POINT('',(34.801862068968,-25.4,-6.479999732457));
#134 = CARTESIAN_POINT('',(34.801862068968,25.4,-6.479999732457));
#135 = CARTESIAN_POINT('',(14.03793103449,-25.4,-36.50704074627));
#136 = CARTESIAN_POINT('',(14.03793103449,25.4,-36.50704074627));
#137 = CARTESIAN_POINT('',(14.037931034483,-25.4,-2.364207114643E-12));
#138 = CARTESIAN_POINT('',(14.037931034483,25.4,-2.364207114643E-12));
#139 = CARTESIAN_POINT('',(14.037931034475,-25.4,36.507040746274));
#140 = CARTESIAN_POINT('',(14.037931034475,25.4,36.507040746274));
#141 = CARTESIAN_POINT('',(34.801862068966,-25.4,6.479999732461));
#142 = CARTESIAN_POINT('',(34.801862068966,25.4,6.479999732461));
#143 = DEFINITIONAL_REPRESENTATION('',(#144),#148);
#144 = B_SPLINE_CURVE_WITH_KNOTS('',2,(#145,#146,#147),.UNSPECIFIED.,.F.
  ,.F.,(3,3),(0.,40.),.PIECEWISE_BEZIER_KNOTS.);
#145 = CARTESIAN_POINT('',(0.605003688057,20.));
#146 = CARTESIAN_POINT('',(0.605003688057,1.46941282671E-15));
#147 = CARTESIAN_POINT('',(0.605003688057,-20.));
#148 = ( GEOMETRIC_REPRESENTATION_CONTEXT(2) 
PARAMETRIC_REPRESENTATION_CONTEXT() REPRESENTATION_CONTEXT('2D SPACE',''
  ) );
#149 = ADVANCED_FACE('',(#150,#519),#46,.T.);
#150 = FACE_BOUND('',#151,.T.);
#151 = EDGE_LOOP('',(#152,#153,#182,#212,#252,#282,#322,#352,#392,#422,
    #462,#492));
#152 = ORIENTED_EDGE('',*,*,#21,.T.);
#153 = ORIENTED_EDGE('',*,*,#154,.T.);
#154 = EDGE_CURVE('',#24,#155,#157,.T.);
#155 = VERTEX_POINT('',#156);
#156 = CARTESIAN_POINT('',(34.801862068966,-25.4,6.479999732461));
#157 = SURFACE_CURVE('',#158,(#164,#173),.PCURVE_S1.);
#158 = ( BOUNDED_CURVE() B_SPLINE_CURVE(2,(#159,#160,#161,#162,#163),
.UNSPECIFIED.,.F.,.F.) B_SPLINE_CURVE_WITH_KNOTS((3,2,3),(0.605003688057
,3.14159265359,5.678181619123),.PIECEWISE_BEZIER_KNOTS.) CURVE() 
GEOMETRIC_REPRESENTATION_ITEM() RATIONAL_B_SPLINE_CURVE((1.,
0.297909382195,1.,0.297909382195,1.)) REPRESENTATION_ITEM('') );
#159 = CARTESIAN_POINT('',(34.801862068966,-25.4,-6.479999732461));
#160 = CARTESIAN_POINT('',(14.037931034483,-25.4,-36.50704074626));
#161 = CARTESIAN_POINT('',(14.037931034483,-25.4,-6.454807075113E-15));
#162 = CARTESIAN_POINT('',(14.037931034483,-25.4,36.507040746263));
#163 = CARTESIAN_POINT('',(34.801862068966,-25.4,6.479999732461));
#164 = PCURVE('',#46,#165);
#165 = DEFINITIONAL_REPRESENTATION('',(#166),#172);
#166 = ( BOUNDED_CURVE() B_SPLINE_CURVE(2,(#167,#168,#169,#170,#171),
.UNSPECIFIED.,.F.,.F.) B_SPLINE_CURVE_WITH_KNOTS((3,2,3),(0.605003688057
,3.14159265359,5.678181619123),.PIECEWISE_BEZIER_KNOTS.) CURVE() 
GEOMETRIC_REPRESENTATION_ITEM() RATIONAL_B_SPLINE_CURVE((1.,
0.297909382195,1.,0.297909382195,1.)) REPRESENTATION_ITEM('') );
#167 = CARTESIAN_POINT('',(6.370169228521,34.212));
#168 = CARTESIAN_POINT('',(35.888277343784,13.8));
#169 = CARTESIAN_POINT('',(7.439645706014E-15,13.8));
#170 = CARTESIAN_POINT('',(-35.88827734378,13.8));
#171 = CARTESIAN_POINT('',(-6.370169228521,34.212));
#172 = ( GEOMETRIC_REPRESENTATION_CONTEXT(2) 
PARAMETRIC_REPRESENTATION_CONTEXT() REPRESENTATION_CONTEXT('2D SPACE',''
  ) );
#173 = PCURVE('',#132,#174);
#174 = DEFINITIONAL_REPRESENTATION('',(#175),#181);
#175 = B_SPLINE_CURVE_WITH_KNOTS('',2,(#176,#177,#178,#179,#180),
  .UNSPECIFIED.,.F.,.F.,(3,2,3),(0.605003688057,3.14159265359,
    5.678181619123),.PIECEWISE_BEZIER_KNOTS.);
#176 = CARTESIAN_POINT('',(0.605003688057,-20.));
#177 = CARTESIAN_POINT('',(1.873298170823,-20.));
#178 = CARTESIAN_POINT('',(3.14159265359,-20.));
#179 = CARTESIAN_POINT('',(4.409887136356,-20.));
#180 = CARTESIAN_POINT('',(5.678181619123,-20.));
#181 = ( GEOMETRIC_REPRESENTATION_CONTEXT(2) 
PARAMETRIC_REPRESENTATION_CONTEXT() REPRESENTATION_CONTEXT('2D SPACE',''
  ) );
#182 = ORIENTED_EDGE('',*,*,#183,.T.);
#183 = EDGE_CURVE('',#155,#184,#186,.T.);
#184 = VERTEX_POINT('',#185);
#185 = CARTESIAN_POINT('',(23.01277541931,-25.4,26.899296784496));
#186 = SURFACE_CURVE('',#187,(#191,#198),.PCURVE_S1.);
#187 = ( BOUNDED_CURVE() B_SPLINE_CURVE(2,(#188,#189,#190),
.UNSPECIFIED.,.F.,.F.) B_SPLINE_CURVE_WITH_KNOTS((3,3),(0.18408883471,
0.863108716486),.PIECEWISE_BEZIER_KNOTS.) CURVE() 
GEOMETRIC_REPRESENTATION_ITEM() RATIONAL_B_SPLINE_CURVE((1.,
0.942917980705,1.)) REPRESENTATION_ITEM('') );
#188 = CARTESIAN_POINT('',(34.801862068966,-25.4,6.479999732461));
#189 = CARTESIAN_POINT('',(32.513219517829,-25.4,18.77151604084));
#190 = CARTESIAN_POINT('',(23.01277541931,-25.4,26.899296784496));
#191 = PCURVE('',#46,#192);
#192 = DEFINITIONAL_REPRESENTATION('',(#193),#197);
#193 = ( BOUNDED_CURVE() B_SPLINE_CURVE(2,(#194,#195,#196),
.UNSPECIFIED.,.F.,.F.) B_SPLINE_CURVE_WITH_KNOTS((3,3),(0.18408883471,
0.863108716486),.PIECEWISE_BEZIER_KNOTS.) CURVE() 
GEOMETRIC_REPRESENTATION_ITEM() RATIONAL_B_SPLINE_CURVE((1.,
0.942917980705,1.)) REPRESENTATION_ITEM('') );
#194 = CARTESIAN_POINT('',(-6.370169228521,34.212));
#195 = CARTESIAN_POINT('',(-18.45335475201,31.962148000577));
#196 = CARTESIAN_POINT('',(-26.44337650001,22.622728378305));
#197 = ( GEOMETRIC_REPRESENTATION_CONTEXT(2) 
PARAMETRIC_REPRESENTATION_CONTEXT() REPRESENTATION_CONTEXT('2D SPACE',''
  ) );
#198 = PCURVE('',#199,#206);
#199 = ( BOUNDED_SURFACE() B_SPLINE_SURFACE(2,1,(
    (#200,#201)
    ,(#202,#203)
,(#204,#205
    )),.UNSPECIFIED.,.F.,.F.,.F.) B_SPLINE_SURFACE_WITH_KNOTS((3,3),(2,2
    ),(5.420076590693,6.09909647247),(-20.,20.),
.PIECEWISE_BEZIER_KNOTS.) GEOMETRIC_REPRESENTATION_ITEM() 
RATIONAL_B_SPLINE_SURFACE((
    (1.,1.)
    ,(0.942917980705,0.942917980705)
,(1.,1.))) REPRESENTATION_ITEM('') SURFACE() );
#200 = CARTESIAN_POINT('',(23.01277541931,-25.4,26.899296784496));
#201 = CARTESIAN_POINT('',(23.01277541931,25.4,26.899296784496));
#202 = CARTESIAN_POINT('',(32.513219517831,-25.4,18.771516040838));
#203 = CARTESIAN_POINT('',(32.513219517831,25.4,18.771516040838));
#204 = CARTESIAN_POINT('',(34.801862068967,-25.4,6.479999732455));
#205 = CARTESIAN_POINT('',(34.801862068967,25.4,6.479999732455));
#206 = DEFINITIONAL_REPRESENTATION('',(#207),#211);
#207 = B_SPLINE_CURVE_WITH_KNOTS('',2,(#208,#209,#210),.UNSPECIFIED.,.F.
  ,.F.,(3,3),(0.18408883471,0.863108716486),.PIECEWISE_BEZIER_KNOTS.);
#208 = CARTESIAN_POINT('',(6.099096472469,-20.));
#209 = CARTESIAN_POINT('',(5.759586531581,-20.));
#210 = CARTESIAN_POINT('',(5.420076590693,-20.));
#211 = ( GEOMETRIC_REPRESENTATION_CONTEXT(2) 
PARAMETRIC_REPRESENTATION_CONTEXT() REPRESENTATION_CONTEXT('2D SPACE',''
  ) );
#212 = ORIENTED_EDGE('',*,*,#213,.T.);
#213 = EDGE_CURVE('',#184,#214,#216,.T.);
#214 = VERTEX_POINT('',#215);
#215 = CARTESIAN_POINT('',(11.789086649655,-25.4,33.379296516957));
#216 = SURFACE_CURVE('',#217,(#223,#232),.PCURVE_S1.);
#217 = ( BOUNDED_CURVE() B_SPLINE_CURVE(2,(#218,#219,#220,#221,#222),
.UNSPECIFIED.,.F.,.F.) B_SPLINE_CURVE_WITH_KNOTS((3,2,3),(0.,
2.536588965533,5.073177931066),.PIECEWISE_BEZIER_KNOTS.) CURVE() 
GEOMETRIC_REPRESENTATION_ITEM() RATIONAL_B_SPLINE_CURVE((1.,
0.297909382195,1.,0.297909382195,1.)) REPRESENTATION_ITEM('') );
#218 = CARTESIAN_POINT('',(23.01277541931,-25.4,26.899296784497));
#219 = CARTESIAN_POINT('',(38.634990220502,-25.4,-6.096315480696));
#220 = CARTESIAN_POINT('',(7.018965517242,-25.4,12.157204892436));
#221 = CARTESIAN_POINT('',(-24.59705918601,-25.4,30.410725265568));
#222 = CARTESIAN_POINT('',(11.789086649655,-25.4,33.379296516957));
#223 = PCURVE('',#46,#224);
#224 = DEFINITIONAL_REPRESENTATION('',(#225),#231);
#225 = ( BOUNDED_CURVE() B_SPLINE_CURVE(2,(#226,#227,#228,#229,#230),
.UNSPECIFIED.,.F.,.F.) B_SPLINE_CURVE_WITH_KNOTS((3,2,3),(0.,
2.536588965533,5.073177931066),.PIECEWISE_BEZIER_KNOTS.) CURVE() 
GEOMETRIC_REPRESENTATION_ITEM() RATIONAL_B_SPLINE_CURVE((1.,
0.297909382195,1.,0.297909382195,1.)) REPRESENTATION_ITEM('') );
#226 = CARTESIAN_POINT('',(-26.44337650001,22.622728378305));
#227 = CARTESIAN_POINT('',(5.992988099667,37.980159877782));
#228 = CARTESIAN_POINT('',(-11.95115057222,6.9));
#229 = CARTESIAN_POINT('',(-29.89528924411,-24.18015987778));
#230 = CARTESIAN_POINT('',(-32.81354572853,11.589271621695));
#231 = ( GEOMETRIC_REPRESENTATION_CONTEXT(2) 
PARAMETRIC_REPRESENTATION_CONTEXT() REPRESENTATION_CONTEXT('2D SPACE',''
  ) );
#232 = PCURVE('',#233,#244);
#233 = ( BOUNDED_SURFACE() B_SPLINE_SURFACE(2,1,(
    (#234,#235)
    ,(#236,#237)
    ,(#238,#239)
    ,(#240,#241)
,(#242,#243
    )),.UNSPECIFIED.,.F.,.F.,.F.) B_SPLINE_SURFACE_WITH_KNOTS((3,2,3),(2
    ,2),(-0.442193863139,2.094395102394,4.630984067927),(-20.,20.),
.UNSPECIFIED.) GEOMETRIC_REPRESENTATION_ITEM() RATIONAL_B_SPLINE_SURFACE
((
    (1.,1.)
    ,(0.297909382195,0.297909382195)
    ,(1.,1.)
    ,(0.297909382195,0.297909382195)
,(1.,1.))) REPRESENTATION_ITEM('') SURFACE() );
#234 = CARTESIAN_POINT('',(23.012775419313,-25.4,26.899296784491));
#235 = CARTESIAN_POINT('',(23.012775419313,25.4,26.899296784491));
#236 = CARTESIAN_POINT('',(38.634990220486,-25.4,-6.096315480711));
#237 = CARTESIAN_POINT('',(38.634990220486,25.4,-6.096315480711));
#238 = CARTESIAN_POINT('',(7.018965517236,-25.4,12.157204892439));
#239 = CARTESIAN_POINT('',(7.018965517236,25.4,12.157204892439));
#240 = CARTESIAN_POINT('',(-24.59705918601,-25.4,30.41072526559));
#241 = CARTESIAN_POINT('',(-24.59705918601,25.4,30.41072526559));
#242 = CARTESIAN_POINT('',(11.789086649662,-25.4,33.379296516958));
#243 = CARTESIAN_POINT('',(11.789086649662,25.4,33.379296516958));
#244 = DEFINITIONAL_REPRESENTATION('',(#245),#251);
#245 = B_SPLINE_CURVE_WITH_KNOTS('',2,(#246,#247,#248,#249,#250),
  .UNSPECIFIED.,.F.,.F.,(3,2,3),(8.942993453601E-14,2.536588965533,
    5.073177931066),.UNSPECIFIED.);
#246 = CARTESIAN_POINT('',(-0.44219386314,-20.));
#247 = CARTESIAN_POINT('',(0.826100619627,-20.));
#248 = CARTESIAN_POINT('',(2.094395102393,-20.));
#249 = CARTESIAN_POINT('',(3.36268958516,-20.));
#250 = CARTESIAN_POINT('',(4.630984067926,-20.));
#251 = ( GEOMETRIC_REPRESENTATION_CONTEXT(2) 
PARAMETRIC_REPRESENTATION_CONTEXT() REPRESENTATION_CONTEXT('2D SPACE',''
  ) );
#252 = ORIENTED_EDGE('',*,*,#253,.T.);
#253 = EDGE_CURVE('',#214,#254,#256,.T.);
#254 = VERTEX_POINT('',#255);
#255 = CARTESIAN_POINT('',(-11.78908664965,-25.4,33.379296516957));
#256 = SURFACE_CURVE('',#257,(#261,#268),.PCURVE_S1.);
#257 = ( BOUNDED_CURVE() B_SPLINE_CURVE(2,(#258,#259,#260),
.UNSPECIFIED.,.F.,.F.) B_SPLINE_CURVE_WITH_KNOTS((3,3),(1.231286385907,
1.910306267683),.PIECEWISE_BEZIER_KNOTS.) CURVE() 
GEOMETRIC_REPRESENTATION_ITEM() RATIONAL_B_SPLINE_CURVE((1.,
0.942917980705,1.)) REPRESENTATION_ITEM('') );
#258 = CARTESIAN_POINT('',(11.789086649655,-25.4,33.379296516957));
#259 = CARTESIAN_POINT('',(2.536512076488E-12,-25.4,37.543032081679));
#260 = CARTESIAN_POINT('',(-11.78908664965,-25.4,33.379296516958));
#261 = PCURVE('',#46,#262);
#262 = DEFINITIONAL_REPRESENTATION('',(#263),#267);
#263 = ( BOUNDED_CURVE() B_SPLINE_CURVE(2,(#264,#265,#266),
.UNSPECIFIED.,.F.,.F.) B_SPLINE_CURVE_WITH_KNOTS((3,3),(1.231286385907,
1.910306267683),.PIECEWISE_BEZIER_KNOTS.) CURVE() 
GEOMETRIC_REPRESENTATION_ITEM() RATIONAL_B_SPLINE_CURVE((1.,
0.942917980705,1.)) REPRESENTATION_ITEM('') );
#264 = CARTESIAN_POINT('',(-32.81354572853,11.589271621695));
#265 = CARTESIAN_POINT('',(-36.90670950402,2.496035178805E-12));
#266 = CARTESIAN_POINT('',(-32.81354572853,-11.58927162169));
#267 = ( GEOMETRIC_REPRESENTATION_CONTEXT(2) 
PARAMETRIC_REPRESENTATION_CONTEXT() REPRESENTATION_CONTEXT('2D SPACE',''
  ) );
#268 = PCURVE('',#269,#276);
#269 = ( BOUNDED_SURFACE() B_SPLINE_SURFACE(2,1,(
    (#270,#271)
    ,(#272,#273)
,(#274,#275
    )),.UNSPECIFIED.,.F.,.F.,.F.) B_SPLINE_SURFACE_WITH_KNOTS((3,3),(2,2
    ),(4.372879039497,5.051898921273),(-20.,20.),
.PIECEWISE_BEZIER_KNOTS.) GEOMETRIC_REPRESENTATION_ITEM() 
RATIONAL_B_SPLINE_SURFACE((
    (1.,1.)
    ,(0.942917980705,0.942917980705)
,(1.,1.))) REPRESENTATION_ITEM('') SURFACE() );
#270 = CARTESIAN_POINT('',(-11.78908664965,-25.4,33.379296516957));
#271 = CARTESIAN_POINT('',(-11.78908664965,25.4,33.379296516957));
#272 = CARTESIAN_POINT('',(6.266567640857E-13,-25.4,37.543032081679));
#273 = CARTESIAN_POINT('',(6.266567640857E-13,25.4,37.543032081679));
#274 = CARTESIAN_POINT('',(11.789086649655,-25.4,33.379296516957));
#275 = CARTESIAN_POINT('',(11.789086649655,25.4,33.379296516957));
#276 = DEFINITIONAL_REPRESENTATION('',(#277),#281);
#277 = B_SPLINE_CURVE_WITH_KNOTS('',2,(#278,#279,#280),.UNSPECIFIED.,.F.
  ,.F.,(3,3),(1.231286385907,1.910306267683),.PIECEWISE_BEZIER_KNOTS.);
#278 = CARTESIAN_POINT('',(5.051898921273,-20.));
#279 = CARTESIAN_POINT('',(4.712388980385,-20.));
#280 = CARTESIAN_POINT('',(4.372879039497,-20.));
#281 = ( GEOMETRIC_REPRESENTATION_CONTEXT(2) 
PARAMETRIC_REPRESENTATION_CONTEXT() REPRESENTATION_CONTEXT('2D SPACE',''
  ) );
#282 = ORIENTED_EDGE('',*,*,#283,.T.);
#283 = EDGE_CURVE('',#254,#284,#286,.T.);
#284 = VERTEX_POINT('',#285);
#285 = CARTESIAN_POINT('',(-23.0127754193,-25.4,26.899296784496));
#286 = SURFACE_CURVE('',#287,(#293,#302),.PCURVE_S1.);
#287 = ( BOUNDED_CURVE() B_SPLINE_CURVE(2,(#288,#289,#290,#291,#292),
.UNSPECIFIED.,.F.,.F.) B_SPLINE_CURVE_WITH_KNOTS((3,2,3),(0.,
2.536588965533,5.073177931066),.PIECEWISE_BEZIER_KNOTS.) CURVE() 
GEOMETRIC_REPRESENTATION_ITEM() RATIONAL_B_SPLINE_CURVE((1.,
0.297909382195,1.,0.297909382195,1.)) REPRESENTATION_ITEM('') );
#288 = CARTESIAN_POINT('',(-11.78908664965,-25.4,33.379296516957));
#289 = CARTESIAN_POINT('',(24.597059186021,-25.4,30.410725265565));
#290 = CARTESIAN_POINT('',(-7.018965517243,-25.4,12.157204892435));
#291 = CARTESIAN_POINT('',(-38.6349902205,-25.4,-6.096315480694));
#292 = CARTESIAN_POINT('',(-23.0127754193,-25.4,26.899296784498));
#293 = PCURVE('',#46,#294);
#294 = DEFINITIONAL_REPRESENTATION('',(#295),#301);
#295 = ( BOUNDED_CURVE() B_SPLINE_CURVE(2,(#296,#297,#298,#299,#300),
.UNSPECIFIED.,.F.,.F.) B_SPLINE_CURVE_WITH_KNOTS((3,2,3),(0.,
2.536588965533,5.073177931066),.PIECEWISE_BEZIER_KNOTS.) CURVE() 
GEOMETRIC_REPRESENTATION_ITEM() RATIONAL_B_SPLINE_CURVE((1.,
0.297909382195,1.,0.297909382195,1.)) REPRESENTATION_ITEM('') );
#296 = CARTESIAN_POINT('',(-32.81354572853,-11.58927162169));
#297 = CARTESIAN_POINT('',(-29.89528924411,24.180159877784));
#298 = CARTESIAN_POINT('',(-11.95115057222,-6.900000000001));
#299 = CARTESIAN_POINT('',(5.992988099665,-37.98015987778));
#300 = CARTESIAN_POINT('',(-26.44337650001,-22.6227283783));
#301 = ( GEOMETRIC_REPRESENTATION_CONTEXT(2) 
PARAMETRIC_REPRESENTATION_CONTEXT() REPRESENTATION_CONTEXT('2D SPACE',''
  ) );
#302 = PCURVE('',#303,#314);
#303 = ( BOUNDED_SURFACE() B_SPLINE_SURFACE(2,1,(
    (#304,#305)
    ,(#306,#307)
    ,(#308,#309)
    ,(#310,#311)
,(#312,#313
    )),.UNSPECIFIED.,.F.,.F.,.F.) B_SPLINE_SURFACE_WITH_KNOTS((3,2,3),(2
    ,2),(-1.489391414336,1.047197551197,3.58378651673),(-20.,20.),
.UNSPECIFIED.) GEOMETRIC_REPRESENTATION_ITEM() RATIONAL_B_SPLINE_SURFACE
((
    (1.,1.)
    ,(0.297909382195,0.297909382195)
    ,(1.,1.)
    ,(0.297909382195,0.297909382195)
,(1.,1.))) REPRESENTATION_ITEM('') SURFACE() );
#304 = CARTESIAN_POINT('',(-11.78908664965,-25.4,33.379296516957));
#305 = CARTESIAN_POINT('',(-11.78908664965,25.4,33.379296516957));
#306 = CARTESIAN_POINT('',(24.597059186022,-25.4,30.410725265563));
#307 = CARTESIAN_POINT('',(24.597059186022,25.4,30.410725265563));
#308 = CARTESIAN_POINT('',(-7.018965517243,-25.4,12.157204892435));
#309 = CARTESIAN_POINT('',(-7.018965517243,25.4,12.157204892435));
#310 = CARTESIAN_POINT('',(-38.6349902205,-25.4,-6.096315480693));
#311 = CARTESIAN_POINT('',(-38.6349902205,25.4,-6.096315480693));
#312 = CARTESIAN_POINT('',(-23.0127754193,-25.4,26.899296784499));
#313 = CARTESIAN_POINT('',(-23.0127754193,25.4,26.899296784499));
#314 = DEFINITIONAL_REPRESENTATION('',(#315),#321);
#315 = B_SPLINE_CURVE_WITH_KNOTS('',2,(#316,#317,#318,#319,#320),
  .UNSPECIFIED.,.F.,.F.,(3,2,3),(4.968063350947E-13,2.536588965533,
    5.073177931066),.UNSPECIFIED.);
#316 = CARTESIAN_POINT('',(-1.489391414336,-20.));
#317 = CARTESIAN_POINT('',(-0.22109693157,-20.));
#318 = CARTESIAN_POINT('',(1.047197551197,-20.));
#319 = CARTESIAN_POINT('',(2.315492033963,-20.));
#320 = CARTESIAN_POINT('',(3.58378651673,-20.));
#321 = ( GEOMETRIC_REPRESENTATION_CONTEXT(2) 
PARAMETRIC_REPRESENTATION_CONTEXT() REPRESENTATION_CONTEXT('2D SPACE',''
  ) );
#322 = ORIENTED_EDGE('',*,*,#323,.T.);
#323 = EDGE_CURVE('',#284,#324,#326,.T.);
#324 = VERTEX_POINT('',#325);
#325 = CARTESIAN_POINT('',(-34.80186206896,-25.4,6.479999732461));
#326 = SURFACE_CURVE('',#327,(#331,#338),.PCURVE_S1.);
#327 = ( BOUNDED_CURVE() B_SPLINE_CURVE(2,(#328,#329,#330),
.UNSPECIFIED.,.F.,.F.) B_SPLINE_CURVE_WITH_KNOTS((3,3),(2.278483937103,
2.95750381888),.PIECEWISE_BEZIER_KNOTS.) CURVE() 
GEOMETRIC_REPRESENTATION_ITEM() RATIONAL_B_SPLINE_CURVE((1.,
0.942917980705,1.)) REPRESENTATION_ITEM('') );
#328 = CARTESIAN_POINT('',(-23.0127754193,-25.4,26.899296784498));
#329 = CARTESIAN_POINT('',(-32.51321951782,-25.4,18.771516040842));
#330 = CARTESIAN_POINT('',(-34.80186206896,-25.4,6.479999732461));
#331 = PCURVE('',#46,#332);
#332 = DEFINITIONAL_REPRESENTATION('',(#333),#337);
#333 = ( BOUNDED_CURVE() B_SPLINE_CURVE(2,(#334,#335,#336),
.UNSPECIFIED.,.F.,.F.) B_SPLINE_CURVE_WITH_KNOTS((3,3),(2.278483937103,
2.95750381888),.PIECEWISE_BEZIER_KNOTS.) CURVE() 
GEOMETRIC_REPRESENTATION_ITEM() RATIONAL_B_SPLINE_CURVE((1.,
0.942917980705,1.)) REPRESENTATION_ITEM('') );
#334 = CARTESIAN_POINT('',(-26.44337650001,-22.6227283783));
#335 = CARTESIAN_POINT('',(-18.45335475201,-31.96214800057));
#336 = CARTESIAN_POINT('',(-6.370169228521,-34.212));
#337 = ( GEOMETRIC_REPRESENTATION_CONTEXT(2) 
PARAMETRIC_REPRESENTATION_CONTEXT() REPRESENTATION_CONTEXT('2D SPACE',''
  ) );
#338 = PCURVE('',#339,#346);
#339 = ( BOUNDED_SURFACE() B_SPLINE_SURFACE(2,1,(
    (#340,#341)
    ,(#342,#343)
,(#344,#345
    )),.UNSPECIFIED.,.F.,.F.,.F.) B_SPLINE_SURFACE_WITH_KNOTS((3,3),(2,2
    ),(3.3256814883,4.004701370077),(-20.,20.),
.PIECEWISE_BEZIER_KNOTS.) GEOMETRIC_REPRESENTATION_ITEM() 
RATIONAL_B_SPLINE_SURFACE((
    (1.,1.)
    ,(0.942917980705,0.942917980705)
,(1.,1.))) REPRESENTATION_ITEM('') SURFACE() );
#340 = CARTESIAN_POINT('',(-34.80186206896,-25.4,6.479999732448));
#341 = CARTESIAN_POINT('',(-34.80186206896,25.4,6.479999732448));
#342 = CARTESIAN_POINT('',(-32.51321951783,-25.4,18.771516040842));
#343 = CARTESIAN_POINT('',(-32.51321951783,25.4,18.771516040842));
#344 = CARTESIAN_POINT('',(-23.0127754193,-25.4,26.899296784504));
#345 = CARTESIAN_POINT('',(-23.0127754193,25.4,26.899296784504));
#346 = DEFINITIONAL_REPRESENTATION('',(#347),#351);
#347 = B_SPLINE_CURVE_WITH_KNOTS('',2,(#348,#349,#350),.UNSPECIFIED.,.F.
  ,.F.,(3,3),(2.278483937103,2.95750381888),.PIECEWISE_BEZIER_KNOTS.);
#348 = CARTESIAN_POINT('',(4.004701370076,-20.));
#349 = CARTESIAN_POINT('',(3.665191429188,-20.));
#350 = CARTESIAN_POINT('',(3.3256814883,-20.));
#351 = ( GEOMETRIC_REPRESENTATION_CONTEXT(2) 
PARAMETRIC_REPRESENTATION_CONTEXT() REPRESENTATION_CONTEXT('2D SPACE',''
  ) );
#352 = ORIENTED_EDGE('',*,*,#353,.T.);
#353 = EDGE_CURVE('',#324,#354,#356,.T.);
#354 = VERTEX_POINT('',#355);
#355 = CARTESIAN_POINT('',(-34.80186206896,-25.4,-6.479999732461));
#356 = SURFACE_CURVE('',#357,(#363,#372),.PCURVE_S1.);
#357 = ( BOUNDED_CURVE() B_SPLINE_CURVE(2,(#358,#359,#360,#361,#362),
.UNSPECIFIED.,.F.,.F.) B_SPLINE_CURVE_WITH_KNOTS((3,2,3),(0.,
2.536588965533,5.073177931067),.PIECEWISE_BEZIER_KNOTS.) CURVE() 
GEOMETRIC_REPRESENTATION_ITEM() RATIONAL_B_SPLINE_CURVE((1.,
0.297909382195,1.,0.297909382195,1.)) REPRESENTATION_ITEM('') );
#358 = CARTESIAN_POINT('',(-34.80186206896,-25.4,6.479999732458));
#359 = CARTESIAN_POINT('',(-14.03793103448,-25.4,36.507040746274));
#360 = CARTESIAN_POINT('',(-14.03793103448,-25.4,1.759502541876E-12));
#361 = CARTESIAN_POINT('',(-14.03793103447,-25.4,-36.50704074627));
#362 = CARTESIAN_POINT('',(-34.80186206896,-25.4,-6.479999732461));
#363 = PCURVE('',#46,#364);
#364 = DEFINITIONAL_REPRESENTATION('',(#365),#371);
#365 = ( BOUNDED_CURVE() B_SPLINE_CURVE(2,(#366,#367,#368,#369,#370),
.UNSPECIFIED.,.F.,.F.) B_SPLINE_CURVE_WITH_KNOTS((3,2,3),(0.,
2.536588965533,5.073177931067),.PIECEWISE_BEZIER_KNOTS.) CURVE() 
GEOMETRIC_REPRESENTATION_ITEM() RATIONAL_B_SPLINE_CURVE((1.,
0.297909382195,1.,0.297909382195,1.)) REPRESENTATION_ITEM('') );
#366 = CARTESIAN_POINT('',(-6.370169228518,-34.212));
#367 = CARTESIAN_POINT('',(-35.88827734379,-13.8));
#368 = CARTESIAN_POINT('',(-1.728586222754E-12,-13.8));
#369 = CARTESIAN_POINT('',(35.888277343792,-13.79999999999));
#370 = CARTESIAN_POINT('',(6.370169228521,-34.212));
#371 = ( GEOMETRIC_REPRESENTATION_CONTEXT(2) 
PARAMETRIC_REPRESENTATION_CONTEXT() REPRESENTATION_CONTEXT('2D SPACE',''
  ) );
#372 = PCURVE('',#373,#384);
#373 = ( BOUNDED_SURFACE() B_SPLINE_SURFACE(2,1,(
    (#374,#375)
    ,(#376,#377)
    ,(#378,#379)
    ,(#380,#381)
,(#382,#383
    )),.UNSPECIFIED.,.F.,.F.,.F.) B_SPLINE_SURFACE_WITH_KNOTS((3,2,3),(2
    ,2),(-2.536588965533,8.615330671091E-14,2.536588965534),(-20.,20.),
.UNSPECIFIED.) GEOMETRIC_REPRESENTATION_ITEM() RATIONAL_B_SPLINE_SURFACE
((
    (1.,1.)
    ,(0.297909382195,0.297909382195)
    ,(1.,1.)
    ,(0.297909382195,0.297909382195)
,(1.,1.))) REPRESENTATION_ITEM('') SURFACE() );
#374 = CARTESIAN_POINT('',(-34.80186206896,-25.4,6.479999732458));
#375 = CARTESIAN_POINT('',(-34.80186206896,25.4,6.479999732458));
#376 = CARTESIAN_POINT('',(-14.03793103448,-25.4,36.507040746286));
#377 = CARTESIAN_POINT('',(-14.03793103448,25.4,36.507040746286));
#378 = CARTESIAN_POINT('',(-14.03793103448,-25.4,-9.756486267366E-13));
#379 = CARTESIAN_POINT('',(-14.03793103448,25.4,-9.756486267366E-13));
#380 = CARTESIAN_POINT('',(-14.03793103448,-25.4,-36.50704074628));
#381 = CARTESIAN_POINT('',(-14.03793103448,25.4,-36.50704074628));
#382 = CARTESIAN_POINT('',(-34.80186206896,-25.4,-6.479999732457));
#383 = CARTESIAN_POINT('',(-34.80186206896,25.4,-6.479999732457));
#384 = DEFINITIONAL_REPRESENTATION('',(#385),#391);
#385 = B_SPLINE_CURVE_WITH_KNOTS('',2,(#386,#387,#388,#389,#390),
  .UNSPECIFIED.,.F.,.F.,(3,2,3),(4.096039132557E-13,2.536588965533,
    5.073177931067),.UNSPECIFIED.);
#386 = CARTESIAN_POINT('',(-2.536588965533,-20.));
#387 = CARTESIAN_POINT('',(-1.268294482767,-20.));
#388 = CARTESIAN_POINT('',(-2.327668717624E-13,-20.));
#389 = CARTESIAN_POINT('',(1.268294482767,-20.));
#390 = CARTESIAN_POINT('',(2.536588965533,-20.));
#391 = ( GEOMETRIC_REPRESENTATION_CONTEXT(2) 
PARAMETRIC_REPRESENTATION_CONTEXT() REPRESENTATION_CONTEXT('2D SPACE',''
  ) );
#392 = ORIENTED_EDGE('',*,*,#393,.T.);
#393 = EDGE_CURVE('',#354,#394,#396,.T.);
#394 = VERTEX_POINT('',#395);
#395 = CARTESIAN_POINT('',(-23.0127754193,-25.4,-26.89929678449));
#396 = SURFACE_CURVE('',#397,(#401,#408),.PCURVE_S1.);
#397 = ( BOUNDED_CURVE() B_SPLINE_CURVE(2,(#398,#399,#400),
.UNSPECIFIED.,.F.,.F.) B_SPLINE_CURVE_WITH_KNOTS((3,3),(3.3256814883,
4.004701370076),.PIECEWISE_BEZIER_KNOTS.) CURVE() 
GEOMETRIC_REPRESENTATION_ITEM() RATIONAL_B_SPLINE_CURVE((1.,
0.942917980705,1.)) REPRESENTATION_ITEM('') );
#398 = CARTESIAN_POINT('',(-34.80186206896,-25.4,-6.479999732461));
#399 = CARTESIAN_POINT('',(-32.51321951782,-25.4,-18.77151604084));
#400 = CARTESIAN_POINT('',(-23.0127754193,-25.4,-26.89929678449));
#401 = PCURVE('',#46,#402);
#402 = DEFINITIONAL_REPRESENTATION('',(#403),#407);
#403 = ( BOUNDED_CURVE() B_SPLINE_CURVE(2,(#404,#405,#406),
.UNSPECIFIED.,.F.,.F.) B_SPLINE_CURVE_WITH_KNOTS((3,3),(3.3256814883,
4.004701370076),.PIECEWISE_BEZIER_KNOTS.) CURVE() 
GEOMETRIC_REPRESENTATION_ITEM() RATIONAL_B_SPLINE_CURVE((1.,
0.942917980705,1.)) REPRESENTATION_ITEM('') );
#404 = CARTESIAN_POINT('',(6.370169228521,-34.212));
#405 = CARTESIAN_POINT('',(18.453354752013,-31.96214800057));
#406 = CARTESIAN_POINT('',(26.443376500014,-22.6227283783));
#407 = ( GEOMETRIC_REPRESENTATION_CONTEXT(2) 
PARAMETRIC_REPRESENTATION_CONTEXT() REPRESENTATION_CONTEXT('2D SPACE',''
  ) );
#408 = PCURVE('',#409,#416);
#409 = ( BOUNDED_SURFACE() B_SPLINE_SURFACE(2,1,(
    (#410,#411)
    ,(#412,#413)
,(#414,#415
    )),.UNSPECIFIED.,.F.,.F.,.F.) B_SPLINE_SURFACE_WITH_KNOTS((3,3),(2,2
    ),(2.278483937103,2.95750381888),(-20.,20.),
.PIECEWISE_BEZIER_KNOTS.) GEOMETRIC_REPRESENTATION_ITEM() 
RATIONAL_B_SPLINE_SURFACE((
    (1.,1.)
    ,(0.942917980705,0.942917980705)
,(1.,1.))) REPRESENTATION_ITEM('') SURFACE() );
#410 = CARTESIAN_POINT('',(-23.0127754193,-25.4,-26.89929678449));
#411 = CARTESIAN_POINT('',(-23.0127754193,25.4,-26.89929678449));
#412 = CARTESIAN_POINT('',(-32.51321951782,-25.4,-18.77151604084));
#413 = CARTESIAN_POINT('',(-32.51321951782,25.4,-18.77151604084));
#414 = CARTESIAN_POINT('',(-34.80186206896,-25.4,-6.479999732461));
#415 = CARTESIAN_POINT('',(-34.80186206896,25.4,-6.479999732461));
#416 = DEFINITIONAL_REPRESENTATION('',(#417),#421);
#417 = B_SPLINE_CURVE_WITH_KNOTS('',2,(#418,#419,#420),.UNSPECIFIED.,.F.
  ,.F.,(3,3),(3.3256814883,4.004701370076),.PIECEWISE_BEZIER_KNOTS.);
#418 = CARTESIAN_POINT('',(2.95750381888,-20.));
#419 = CARTESIAN_POINT('',(2.617993877991,-20.));
#420 = CARTESIAN_POINT('',(2.278483937103,-20.));
#421 = ( GEOMETRIC_REPRESENTATION_CONTEXT(2) 
PARAMETRIC_REPRESENTATION_CONTEXT() REPRESENTATION_CONTEXT('2D SPACE',''
  ) );
#422 = ORIENTED_EDGE('',*,*,#423,.T.);
#423 = EDGE_CURVE('',#394,#424,#426,.T.);
#424 = VERTEX_POINT('',#425);
#425 = CARTESIAN_POINT('',(-11.78908664965,-25.4,-33.37929651695));
#426 = SURFACE_CURVE('',#427,(#433,#442),.PCURVE_S1.);
#427 = ( BOUNDED_CURVE() B_SPLINE_CURVE(2,(#428,#429,#430,#431,#432),
.UNSPECIFIED.,.F.,.F.) B_SPLINE_CURVE_WITH_KNOTS((3,2,3),(0.,
2.536588965533,5.073177931066),.PIECEWISE_BEZIER_KNOTS.) CURVE() 
GEOMETRIC_REPRESENTATION_ITEM() RATIONAL_B_SPLINE_CURVE((1.,
0.297909382195,1.,0.297909382195,1.)) REPRESENTATION_ITEM('') );
#428 = CARTESIAN_POINT('',(-23.01277541931,-25.4,-26.89929678449));
#429 = CARTESIAN_POINT('',(-38.63499022049,-25.4,6.096315480683));
#430 = CARTESIAN_POINT('',(-7.018965517244,-25.4,-12.15720489243));
#431 = CARTESIAN_POINT('',(24.597059186008,-25.4,-30.41072526555));
#432 = CARTESIAN_POINT('',(-11.78908664965,-25.4,-33.37929651695));
#433 = PCURVE('',#46,#434);
#434 = DEFINITIONAL_REPRESENTATION('',(#435),#441);
#435 = ( BOUNDED_CURVE() B_SPLINE_CURVE(2,(#436,#437,#438,#439,#440),
.UNSPECIFIED.,.F.,.F.) B_SPLINE_CURVE_WITH_KNOTS((3,2,3),(0.,
2.536588965533,5.073177931066),.PIECEWISE_BEZIER_KNOTS.) CURVE() 
GEOMETRIC_REPRESENTATION_ITEM() RATIONAL_B_SPLINE_CURVE((1.,
0.297909382195,1.,0.297909382195,1.)) REPRESENTATION_ITEM('') );
#436 = CARTESIAN_POINT('',(26.443376500013,-22.6227283783));
#437 = CARTESIAN_POINT('',(-5.992988099655,-37.98015987777));
#438 = CARTESIAN_POINT('',(11.951150572223,-6.900000000003));
#439 = CARTESIAN_POINT('',(29.8952892441,24.18015987777));
#440 = CARTESIAN_POINT('',(32.813545728533,-11.58927162169));
#441 = ( GEOMETRIC_REPRESENTATION_CONTEXT(2) 
PARAMETRIC_REPRESENTATION_CONTEXT() REPRESENTATION_CONTEXT('2D SPACE',''
  ) );
#442 = PCURVE('',#443,#454);
#443 = ( BOUNDED_SURFACE() B_SPLINE_SURFACE(2,1,(
    (#444,#445)
    ,(#446,#447)
    ,(#448,#449)
    ,(#450,#451)
,(#452,#453
    )),.UNSPECIFIED.,.F.,.F.,.F.) B_SPLINE_SURFACE_WITH_KNOTS((3,2,3),(2
    ,2),(2.69939879045,5.235987755983,7.772576721516),(-20.,20.),
.PIECEWISE_BEZIER_KNOTS.) GEOMETRIC_REPRESENTATION_ITEM() 
RATIONAL_B_SPLINE_SURFACE((
    (1.,1.)
    ,(0.297909382195,0.297909382195)
    ,(1.,1.)
    ,(0.297909382195,0.297909382195)
,(1.,1.))) REPRESENTATION_ITEM('') SURFACE() );
#444 = CARTESIAN_POINT('',(-23.01277541931,-25.4,-26.89929678449));
#445 = CARTESIAN_POINT('',(-23.01277541931,25.4,-26.89929678449));
#446 = CARTESIAN_POINT('',(-38.63499022048,-25.4,6.096315480697));
#447 = CARTESIAN_POINT('',(-38.63499022048,25.4,6.096315480697));
#448 = CARTESIAN_POINT('',(-7.01896551724,-25.4,-12.15720489243));
#449 = CARTESIAN_POINT('',(-7.01896551724,25.4,-12.15720489243));
#450 = CARTESIAN_POINT('',(24.597059186008,-25.4,-30.41072526556));
#451 = CARTESIAN_POINT('',(24.597059186008,25.4,-30.41072526556));
#452 = CARTESIAN_POINT('',(-11.78908664965,-25.4,-33.37929651695));
#453 = CARTESIAN_POINT('',(-11.78908664965,25.4,-33.37929651695));
#454 = DEFINITIONAL_REPRESENTATION('',(#455),#461);
#455 = B_SPLINE_CURVE_WITH_KNOTS('',2,(#456,#457,#458,#459,#460),
  .UNSPECIFIED.,.F.,.F.,(3,2,3),(4.975313984267E-14,2.536588965533,
    5.073177931066),.UNSPECIFIED.);
#456 = CARTESIAN_POINT('',(2.69939879045,-20.));
#457 = CARTESIAN_POINT('',(3.967693273217,-20.));
#458 = CARTESIAN_POINT('',(5.235987755983,-20.));
#459 = CARTESIAN_POINT('',(6.504282238749,-20.));
#460 = CARTESIAN_POINT('',(7.772576721515,-20.));
#461 = ( GEOMETRIC_REPRESENTATION_CONTEXT(2) 
PARAMETRIC_REPRESENTATION_CONTEXT() REPRESENTATION_CONTEXT('2D SPACE',''
  ) );
#462 = ORIENTED_EDGE('',*,*,#463,.T.);
#463 = EDGE_CURVE('',#424,#464,#466,.T.);
#464 = VERTEX_POINT('',#465);
#465 = CARTESIAN_POINT('',(11.789086649655,-25.4,-33.37929651695));
#466 = SURFACE_CURVE('',#467,(#471,#478),.PCURVE_S1.);
#467 = ( BOUNDED_CURVE() B_SPLINE_CURVE(2,(#468,#469,#470),
.UNSPECIFIED.,.F.,.F.) B_SPLINE_CURVE_WITH_KNOTS((3,3),(4.372879039497,
5.051898921273),.PIECEWISE_BEZIER_KNOTS.) CURVE() 
GEOMETRIC_REPRESENTATION_ITEM() RATIONAL_B_SPLINE_CURVE((1.,
0.942917980705,1.)) REPRESENTATION_ITEM('') );
#468 = CARTESIAN_POINT('',(-11.78908664965,-25.4,-33.37929651695));
#469 = CARTESIAN_POINT('',(2.527316685674E-12,-25.4,-37.54303208167));
#470 = CARTESIAN_POINT('',(11.789086649656,-25.4,-33.37929651695));
#471 = PCURVE('',#46,#472);
#472 = DEFINITIONAL_REPRESENTATION('',(#473),#477);
#473 = ( BOUNDED_CURVE() B_SPLINE_CURVE(2,(#474,#475,#476),
.UNSPECIFIED.,.F.,.F.) B_SPLINE_CURVE_WITH_KNOTS((3,3),(4.372879039497,
5.051898921273),.PIECEWISE_BEZIER_KNOTS.) CURVE() 
GEOMETRIC_REPRESENTATION_ITEM() RATIONAL_B_SPLINE_CURVE((1.,
0.942917980705,1.)) REPRESENTATION_ITEM('') );
#474 = CARTESIAN_POINT('',(32.813545728535,-11.58927162169));
#475 = CARTESIAN_POINT('',(36.906709504024,2.486995642073E-12));
#476 = CARTESIAN_POINT('',(32.813545728533,11.589271621696));
#477 = ( GEOMETRIC_REPRESENTATION_CONTEXT(2) 
PARAMETRIC_REPRESENTATION_CONTEXT() REPRESENTATION_CONTEXT('2D SPACE',''
  ) );
#478 = PCURVE('',#479,#486);
#479 = ( BOUNDED_SURFACE() B_SPLINE_SURFACE(2,1,(
    (#480,#481)
    ,(#482,#483)
,(#484,#485
    )),.UNSPECIFIED.,.F.,.F.,.F.) B_SPLINE_SURFACE_WITH_KNOTS((3,3),(2,2
    ),(1.231286385907,1.910306267683),(-20.,20.),
.PIECEWISE_BEZIER_KNOTS.) GEOMETRIC_REPRESENTATION_ITEM() 
RATIONAL_B_SPLINE_SURFACE((
    (1.,1.)
    ,(0.942917980705,0.942917980705)
,(1.,1.))) REPRESENTATION_ITEM('') SURFACE() );
#480 = CARTESIAN_POINT('',(11.789086649661,-25.4,-33.37929651695));
#481 = CARTESIAN_POINT('',(11.789086649661,25.4,-33.37929651695));
#482 = CARTESIAN_POINT('',(5.070725305272E-12,-25.4,-37.54303208168));
#483 = CARTESIAN_POINT('',(5.070725305272E-12,25.4,-37.54303208168));
#484 = CARTESIAN_POINT('',(-11.78908664965,-25.4,-33.37929651695));
#485 = CARTESIAN_POINT('',(-11.78908664965,25.4,-33.37929651695));
#486 = DEFINITIONAL_REPRESENTATION('',(#487),#491);
#487 = B_SPLINE_CURVE_WITH_KNOTS('',2,(#488,#489,#490),.UNSPECIFIED.,.F.
  ,.F.,(3,3),(4.372879039497,5.051898921273),.PIECEWISE_BEZIER_KNOTS.);
#488 = CARTESIAN_POINT('',(1.910306267683,-20.));
#489 = CARTESIAN_POINT('',(1.570796326795,-20.));
#490 = CARTESIAN_POINT('',(1.231286385907,-20.));
#491 = ( GEOMETRIC_REPRESENTATION_CONTEXT(2) 
PARAMETRIC_REPRESENTATION_CONTEXT() REPRESENTATION_CONTEXT('2D SPACE',''
  ) );
#492 = ORIENTED_EDGE('',*,*,#493,.T.);
#493 = EDGE_CURVE('',#464,#22,#494,.T.);
#494 = SURFACE_CURVE('',#495,(#501,#510),.PCURVE_S1.);
#495 = ( BOUNDED_CURVE() B_SPLINE_CURVE(2,(#496,#497,#498,#499,#500),
.UNSPECIFIED.,.F.,.F.) B_SPLINE_CURVE_WITH_KNOTS((3,2,3),(0.,
2.536588965533,5.073177931066),.PIECEWISE_BEZIER_KNOTS.) CURVE() 
GEOMETRIC_REPRESENTATION_ITEM() RATIONAL_B_SPLINE_CURVE((1.,
0.297909382195,1.,0.297909382195,1.)) REPRESENTATION_ITEM('') );
#496 = CARTESIAN_POINT('',(11.789086649654,-25.4,-33.37929651695));
#497 = CARTESIAN_POINT('',(-24.59705918601,-25.4,-30.41072526556));
#498 = CARTESIAN_POINT('',(7.018965517241,-25.4,-12.15720489243));
#499 = CARTESIAN_POINT('',(38.634990220492,-25.4,6.096315480694));
#500 = CARTESIAN_POINT('',(23.012775419311,-25.4,-26.89929678449));
#501 = PCURVE('',#46,#502);
#502 = DEFINITIONAL_REPRESENTATION('',(#503),#509);
#503 = ( BOUNDED_CURVE() B_SPLINE_CURVE(2,(#504,#505,#506,#507,#508),
.UNSPECIFIED.,.F.,.F.) B_SPLINE_CURVE_WITH_KNOTS((3,2,3),(0.,
2.536588965533,5.073177931066),.PIECEWISE_BEZIER_KNOTS.) CURVE() 
GEOMETRIC_REPRESENTATION_ITEM() RATIONAL_B_SPLINE_CURVE((1.,
0.297909382195,1.,0.297909382195,1.)) REPRESENTATION_ITEM('') );
#504 = CARTESIAN_POINT('',(32.813545728533,11.589271621694));
#505 = CARTESIAN_POINT('',(29.895289244114,-24.18015987777));
#506 = CARTESIAN_POINT('',(11.951150572225,6.9));
#507 = CARTESIAN_POINT('',(-5.992988099665,37.980159877772));
#508 = CARTESIAN_POINT('',(26.44337650001,22.622728378306));
#509 = ( GEOMETRIC_REPRESENTATION_CONTEXT(2) 
PARAMETRIC_REPRESENTATION_CONTEXT() REPRESENTATION_CONTEXT('2D SPACE',''
  ) );
#510 = PCURVE('',#73,#511);
#511 = DEFINITIONAL_REPRESENTATION('',(#512),#518);
#512 = B_SPLINE_CURVE_WITH_KNOTS('',2,(#513,#514,#515,#516,#517),
  .UNSPECIFIED.,.F.,.F.,(3,2,3),(0.,2.536588965533,5.073177931066),
  .PIECEWISE_BEZIER_KNOTS.);
#513 = CARTESIAN_POINT('',(1.652201239251,-20.));
#514 = CARTESIAN_POINT('',(2.920495722023,-20.));
#515 = CARTESIAN_POINT('',(4.188790204784,-20.));
#516 = CARTESIAN_POINT('',(5.457084687556,-20.));
#517 = CARTESIAN_POINT('',(6.725379170317,-20.));
#518 = ( GEOMETRIC_REPRESENTATION_CONTEXT(2) 
PARAMETRIC_REPRESENTATION_CONTEXT() REPRESENTATION_CONTEXT('2D SPACE',''
  ) );
#519 = FACE_BOUND('',#520,.T.);
#520 = EDGE_LOOP('',(#521));
#521 = ORIENTED_EDGE('',*,*,#522,.F.);
#522 = EDGE_CURVE('',#523,#523,#525,.T.);
#523 = VERTEX_POINT('',#524);
#524 = CARTESIAN_POINT('',(4.,-25.4,0.));
#525 = SURFACE_CURVE('',#526,(#531,#567),.PCURVE_S1.);
#526 = CIRCLE('',#527,4.);
#527 = AXIS2_PLACEMENT_3D('',#528,#529,#530);
#528 = CARTESIAN_POINT('',(0.,-25.4,0.));
#529 = DIRECTION('',(0.,-1.,0.));
#530 = DIRECTION('',(1.,0.,0.));
#531 = PCURVE('',#46,#532);
#532 = DEFINITIONAL_REPRESENTATION('',(#533),#566);
#533 = B_SPLINE_CURVE_WITH_KNOTS('',8,(#534,#535,#536,#537,#538,#539,
    #540,#541,#542,#543,#544,#545,#546,#547,#548,#549,#550,#551,#552,
    #553,#554,#555,#556,#557,#558,#559,#560,#561,#562,#563,#564,#565),
  .UNSPECIFIED.,.F.,.F.,(9,7,8,8,9),(0.,1.570796326795,2.748893571891,
    4.516039439535,6.28318530718),.UNSPECIFIED.);
#534 = CARTESIAN_POINT('',(-6.994405055138E-15,3.932203389831));
#535 = CARTESIAN_POINT('',(-0.772086289451,3.932203426978));
#536 = CARTESIAN_POINT('',(-1.544172998532,3.758947322527));
#537 = CARTESIAN_POINT('',(-2.270899403578,3.412437212508));
#538 = CARTESIAN_POINT('',(-2.906915797706,2.906915797575));
#539 = CARTESIAN_POINT('',(-3.412437212653,2.270899403433));
#540 = CARTESIAN_POINT('',(-3.758947322385,1.544172998707));
#541 = CARTESIAN_POINT('',(-3.932203426957,0.772086289462));
#542 = CARTESIAN_POINT('',(-3.932203480426,-0.579064803165));
#543 = CARTESIAN_POINT('',(-3.83474647889,-1.158129174068));
#544 = CARTESIAN_POINT('',(-3.6398356505,-1.718059485316));
#545 = CARTESIAN_POINT('',(-3.351971983337,-2.239716074193));
#546 = CARTESIAN_POINT('',(-2.980184794086,-2.70529675837));
#547 = CARTESIAN_POINT('',(-2.537465784724,-3.099646936755));
#548 = CARTESIAN_POINT('',(-2.039775244286,-3.411283806795));
#549 = CARTESIAN_POINT('',(-1.504789089978,-3.632882229536));
#550 = CARTESIAN_POINT('',(-0.702310130723,-3.965280024651));
#551 = CARTESIAN_POINT('',(0.184083909815,-4.095091775678));
#552 = CARTESIAN_POINT('',(1.094718106993,-3.997606620163));
#553 = CARTESIAN_POINT('',(1.961220768193,-3.669185982842));
#554 = CARTESIAN_POINT('',(2.715695631909,-3.13117608169));
#555 = CARTESIAN_POINT('',(3.302672830556,-2.428171268824));
#556 = CARTESIAN_POINT('',(3.687192447702,-1.619042015202));
#557 = CARTESIAN_POINT('',(3.856647204297,-0.767134825555));
#558 = CARTESIAN_POINT('',(4.026102190386,8.47723183997E-02));
#559 = CARTESIAN_POINT('',(3.980492746312,0.979459562317));
#560 = CARTESIAN_POINT('',(3.707224821905,1.853577768488));
#561 = CARTESIAN_POINT('',(3.216068411872,2.639359135879));
#562 = CARTESIAN_POINT('',(2.541205476242,3.274376452202));
#563 = CARTESIAN_POINT('',(1.737195132882,3.71292561313));
#564 = CARTESIAN_POINT('',(0.868597014917,3.932203506809));
#565 = CARTESIAN_POINT('',(-6.050715484207E-15,3.932203389831));
#566 = ( GEOMETRIC_REPRESENTATION_CONTEXT(2) 
PARAMETRIC_REPRESENTATION_CONTEXT() REPRESENTATION_CONTEXT('2D SPACE',''
  ) );
#567 = PCURVE('',#568,#573);
#568 = PLANE('',#569);
#569 = AXIS2_PLACEMENT_3D('',#570,#571,#572);
#570 = CARTESIAN_POINT('',(-2.563950248511E-16,-25.4,3.49503809816E-16)
  );
#571 = DIRECTION('',(-0.,-1.,-0.));
#572 = DIRECTION('',(0.,0.,-1.));
#573 = DEFINITIONAL_REPRESENTATION('',(#574),#578);
#574 = CIRCLE('',#575,4.);
#575 = AXIS2_PLACEMENT_2D('',#576,#577);
#576 = CARTESIAN_POINT('',(3.49503809816E-16,2.563950248511E-16));
#577 = DIRECTION('',(0.,1.));
#578 = ( GEOMETRIC_REPRESENTATION_CONTEXT(2) 
PARAMETRIC_REPRESENTATION_CONTEXT() REPRESENTATION_CONTEXT('2D SPACE',''
  ) );
#579 = ADVANCED_FACE('',(#580),#73,.F.);
#580 = FACE_BOUND('',#581,.F.);
#581 = EDGE_LOOP('',(#582,#583,#612,#632));
#582 = ORIENTED_EDGE('',*,*,#58,.T.);
#583 = ORIENTED_EDGE('',*,*,#584,.F.);
#584 = EDGE_CURVE('',#585,#59,#587,.T.);
#585 = VERTEX_POINT('',#586);
#586 = CARTESIAN_POINT('',(11.789086649655,25.4,-33.37929651695));
#587 = SURFACE_CURVE('',#588,(#594,#603),.PCURVE_S1.);
#588 = ( BOUNDED_CURVE() B_SPLINE_CURVE(2,(#589,#590,#591,#592,#593),
.UNSPECIFIED.,.F.,.F.) B_SPLINE_CURVE_WITH_KNOTS((3,2,3),(0.,
2.536588965533,5.073177931066),.PIECEWISE_BEZIER_KNOTS.) CURVE() 
GEOMETRIC_REPRESENTATION_ITEM() RATIONAL_B_SPLINE_CURVE((1.,
0.297909382195,1.,0.297909382195,1.)) REPRESENTATION_ITEM('') );
#589 = CARTESIAN_POINT('',(11.789086649654,25.4,-33.37929651695));
#590 = CARTESIAN_POINT('',(-24.59705918601,25.4,-30.41072526556));
#591 = CARTESIAN_POINT('',(7.018965517241,25.4,-12.15720489243));
#592 = CARTESIAN_POINT('',(38.634990220492,25.4,6.096315480694));
#593 = CARTESIAN_POINT('',(23.012775419311,25.4,-26.89929678449));
#594 = PCURVE('',#73,#595);
#595 = DEFINITIONAL_REPRESENTATION('',(#596),#602);
#596 = B_SPLINE_CURVE_WITH_KNOTS('',2,(#597,#598,#599,#600,#601),
  .UNSPECIFIED.,.F.,.F.,(3,2,3),(0.,2.536588965533,5.073177931066),
  .PIECEWISE_BEZIER_KNOTS.);
#597 = CARTESIAN_POINT('',(1.652201239251,20.));
#598 = CARTESIAN_POINT('',(2.920495722023,20.));
#599 = CARTESIAN_POINT('',(4.188790204784,20.));
#600 = CARTESIAN_POINT('',(5.457084687556,20.));
#601 = CARTESIAN_POINT('',(6.725379170317,20.));
#602 = ( GEOMETRIC_REPRESENTATION_CONTEXT(2) 
PARAMETRIC_REPRESENTATION_CONTEXT() REPRESENTATION_CONTEXT('2D SPACE',''
  ) );
#603 = PCURVE('',#107,#604);
#604 = DEFINITIONAL_REPRESENTATION('',(#605),#611);
#605 = ( BOUNDED_CURVE() B_SPLINE_CURVE(2,(#606,#607,#608,#609,#610),
.UNSPECIFIED.,.F.,.F.) B_SPLINE_CURVE_WITH_KNOTS((3,2,3),(0.,
2.536588965533,5.073177931066),.PIECEWISE_BEZIER_KNOTS.) CURVE() 
GEOMETRIC_REPRESENTATION_ITEM() RATIONAL_B_SPLINE_CURVE((1.,
0.297909382195,1.,0.297909382195,1.)) REPRESENTATION_ITEM('') );
#606 = CARTESIAN_POINT('',(32.813545728533,11.589271621694));
#607 = CARTESIAN_POINT('',(29.895289244114,-24.18015987777));
#608 = CARTESIAN_POINT('',(11.951150572225,6.9));
#609 = CARTESIAN_POINT('',(-5.992988099665,37.980159877772));
#610 = CARTESIAN_POINT('',(26.44337650001,22.622728378306));
#611 = ( GEOMETRIC_REPRESENTATION_CONTEXT(2) 
PARAMETRIC_REPRESENTATION_CONTEXT() REPRESENTATION_CONTEXT('2D SPACE',''
  ) );
#612 = ORIENTED_EDGE('',*,*,#613,.F.);
#613 = EDGE_CURVE('',#464,#585,#614,.T.);
#614 = SURFACE_CURVE('',#615,(#618,#625),.PCURVE_S1.);
#615 = B_SPLINE_CURVE_WITH_KNOTS('',1,(#616,#617),.UNSPECIFIED.,.F.,.F.,
  (2,2),(0.,40.),.PIECEWISE_BEZIER_KNOTS.);
#616 = CARTESIAN_POINT('',(11.789086649655,-25.4,-33.37929651695));
#617 = CARTESIAN_POINT('',(11.789086649655,25.4,-33.37929651695));
#618 = PCURVE('',#73,#619);
#619 = DEFINITIONAL_REPRESENTATION('',(#620),#624);
#620 = B_SPLINE_CURVE_WITH_KNOTS('',2,(#621,#622,#623),.UNSPECIFIED.,.F.
  ,.F.,(3,3),(0.,40.),.PIECEWISE_BEZIER_KNOTS.);
#621 = CARTESIAN_POINT('',(1.652201239251,-20.));
#622 = CARTESIAN_POINT('',(1.652201239251,-1.46941282671E-15));
#623 = CARTESIAN_POINT('',(1.652201239251,20.));
#624 = ( GEOMETRIC_REPRESENTATION_CONTEXT(2) 
PARAMETRIC_REPRESENTATION_CONTEXT() REPRESENTATION_CONTEXT('2D SPACE',''
  ) );
#625 = PCURVE('',#479,#626);
#626 = DEFINITIONAL_REPRESENTATION('',(#627),#631);
#627 = B_SPLINE_CURVE_WITH_KNOTS('',2,(#628,#629,#630),.UNSPECIFIED.,.F.
  ,.F.,(3,3),(0.,40.),.PIECEWISE_BEZIER_KNOTS.);
#628 = CARTESIAN_POINT('',(1.231286385907,-20.));
#629 = CARTESIAN_POINT('',(1.231286385907,-5.877651306839E-16));
#630 = CARTESIAN_POINT('',(1.231286385907,20.));
#631 = ( GEOMETRIC_REPRESENTATION_CONTEXT(2) 
PARAMETRIC_REPRESENTATION_CONTEXT() REPRESENTATION_CONTEXT('2D SPACE',''
  ) );
#632 = ORIENTED_EDGE('',*,*,#493,.T.);
#633 = ADVANCED_FACE('',(#634,#896),#107,.F.);
#634 = FACE_BOUND('',#635,.F.);
#635 = EDGE_LOOP('',(#636,#665,#688,#717,#740,#769,#792,#821,#844,#873,
    #894,#895));
#636 = ORIENTED_EDGE('',*,*,#637,.F.);
#637 = EDGE_CURVE('',#638,#92,#640,.T.);
#638 = VERTEX_POINT('',#639);
#639 = CARTESIAN_POINT('',(34.801862068966,25.4,6.479999732461));
#640 = SURFACE_CURVE('',#641,(#647,#656),.PCURVE_S1.);
#641 = ( BOUNDED_CURVE() B_SPLINE_CURVE(2,(#642,#643,#644,#645,#646),
.UNSPECIFIED.,.F.,.F.) B_SPLINE_CURVE_WITH_KNOTS((3,2,3),(0.605003688057
,3.14159265359,5.678181619123),.PIECEWISE_BEZIER_KNOTS.) CURVE() 
GEOMETRIC_REPRESENTATION_ITEM() RATIONAL_B_SPLINE_CURVE((1.,
0.297909382195,1.,0.297909382195,1.)) REPRESENTATION_ITEM('') );
#642 = CARTESIAN_POINT('',(34.801862068966,25.4,6.479999732461));
#643 = CARTESIAN_POINT('',(14.037931034483,25.4,36.507040746263));
#644 = CARTESIAN_POINT('',(14.037931034483,25.4,6.454807075113E-15));
#645 = CARTESIAN_POINT('',(14.037931034483,25.4,-36.50704074626));
#646 = CARTESIAN_POINT('',(34.801862068966,25.4,-6.479999732461));
#647 = PCURVE('',#107,#648);
#648 = DEFINITIONAL_REPRESENTATION('',(#649),#655);
#649 = ( BOUNDED_CURVE() B_SPLINE_CURVE(2,(#650,#651,#652,#653,#654),
.UNSPECIFIED.,.F.,.F.) B_SPLINE_CURVE_WITH_KNOTS((3,2,3),(0.605003688057
,3.14159265359,5.678181619123),.PIECEWISE_BEZIER_KNOTS.) CURVE() 
GEOMETRIC_REPRESENTATION_ITEM() RATIONAL_B_SPLINE_CURVE((1.,
0.297909382195,1.,0.297909382195,1.)) REPRESENTATION_ITEM('') );
#650 = CARTESIAN_POINT('',(-6.370169228521,34.212));
#651 = CARTESIAN_POINT('',(-35.88827734378,13.8));
#652 = CARTESIAN_POINT('',(-5.251161424718E-15,13.8));
#653 = CARTESIAN_POINT('',(35.888277343784,13.8));
#654 = CARTESIAN_POINT('',(6.370169228521,34.212));
#655 = ( GEOMETRIC_REPRESENTATION_CONTEXT(2) 
PARAMETRIC_REPRESENTATION_CONTEXT() REPRESENTATION_CONTEXT('2D SPACE',''
  ) );
#656 = PCURVE('',#132,#657);
#657 = DEFINITIONAL_REPRESENTATION('',(#658),#664);
#658 = B_SPLINE_CURVE_WITH_KNOTS('',2,(#659,#660,#661,#662,#663),
  .UNSPECIFIED.,.F.,.F.,(3,2,3),(0.605003688057,3.14159265359,
    5.678181619123),.PIECEWISE_BEZIER_KNOTS.);
#659 = CARTESIAN_POINT('',(5.678181619123,20.));
#660 = CARTESIAN_POINT('',(4.409887136356,20.));
#661 = CARTESIAN_POINT('',(3.14159265359,20.));
#662 = CARTESIAN_POINT('',(1.873298170823,20.));
#663 = CARTESIAN_POINT('',(0.605003688057,20.));
#664 = ( GEOMETRIC_REPRESENTATION_CONTEXT(2) 
PARAMETRIC_REPRESENTATION_CONTEXT() REPRESENTATION_CONTEXT('2D SPACE',''
  ) );
#665 = ORIENTED_EDGE('',*,*,#666,.T.);
#666 = EDGE_CURVE('',#638,#667,#669,.T.);
#667 = VERTEX_POINT('',#668);
#668 = CARTESIAN_POINT('',(23.01277541931,25.4,26.899296784496));
#669 = SURFACE_CURVE('',#670,(#674,#681),.PCURVE_S1.);
#670 = ( BOUNDED_CURVE() B_SPLINE_CURVE(2,(#671,#672,#673),
.UNSPECIFIED.,.F.,.F.) B_SPLINE_CURVE_WITH_KNOTS((3,3),(0.18408883471,
0.863108716486),.PIECEWISE_BEZIER_KNOTS.) CURVE() 
GEOMETRIC_REPRESENTATION_ITEM() RATIONAL_B_SPLINE_CURVE((1.,
0.942917980705,1.)) REPRESENTATION_ITEM('') );
#671 = CARTESIAN_POINT('',(34.801862068966,25.4,6.479999732461));
#672 = CARTESIAN_POINT('',(32.513219517829,25.4,18.77151604084));
#673 = CARTESIAN_POINT('',(23.01277541931,25.4,26.899296784496));
#674 = PCURVE('',#107,#675);
#675 = DEFINITIONAL_REPRESENTATION('',(#676),#680);
#676 = ( BOUNDED_CURVE() B_SPLINE_CURVE(2,(#677,#678,#679),
.UNSPECIFIED.,.F.,.F.) B_SPLINE_CURVE_WITH_KNOTS((3,3),(0.18408883471,
0.863108716486),.PIECEWISE_BEZIER_KNOTS.) CURVE() 
GEOMETRIC_REPRESENTATION_ITEM() RATIONAL_B_SPLINE_CURVE((1.,
0.942917980705,1.)) REPRESENTATION_ITEM('') );
#677 = CARTESIAN_POINT('',(-6.370169228521,34.212));
#678 = CARTESIAN_POINT('',(-18.45335475201,31.962148000577));
#679 = CARTESIAN_POINT('',(-26.44337650001,22.622728378305));
#680 = ( GEOMETRIC_REPRESENTATION_CONTEXT(2) 
PARAMETRIC_REPRESENTATION_CONTEXT() REPRESENTATION_CONTEXT('2D SPACE',''
  ) );
#681 = PCURVE('',#199,#682);
#682 = DEFINITIONAL_REPRESENTATION('',(#683),#687);
#683 = B_SPLINE_CURVE_WITH_KNOTS('',2,(#684,#685,#686),.UNSPECIFIED.,.F.
  ,.F.,(3,3),(0.18408883471,0.863108716486),.PIECEWISE_BEZIER_KNOTS.);
#684 = CARTESIAN_POINT('',(6.099096472469,20.));
#685 = CARTESIAN_POINT('',(5.759586531581,20.));
#686 = CARTESIAN_POINT('',(5.420076590693,20.));
#687 = ( GEOMETRIC_REPRESENTATION_CONTEXT(2) 
PARAMETRIC_REPRESENTATION_CONTEXT() REPRESENTATION_CONTEXT('2D SPACE',''
  ) );
#688 = ORIENTED_EDGE('',*,*,#689,.T.);
#689 = EDGE_CURVE('',#667,#690,#692,.T.);
#690 = VERTEX_POINT('',#691);
#691 = CARTESIAN_POINT('',(11.789086649655,25.4,33.379296516957));
#692 = SURFACE_CURVE('',#693,(#699,#708),.PCURVE_S1.);
#693 = ( BOUNDED_CURVE() B_SPLINE_CURVE(2,(#694,#695,#696,#697,#698),
.UNSPECIFIED.,.F.,.F.) B_SPLINE_CURVE_WITH_KNOTS((3,2,3),(0.,
2.536588965533,5.073177931066),.PIECEWISE_BEZIER_KNOTS.) CURVE() 
GEOMETRIC_REPRESENTATION_ITEM() RATIONAL_B_SPLINE_CURVE((1.,
0.297909382195,1.,0.297909382195,1.)) REPRESENTATION_ITEM('') );
#694 = CARTESIAN_POINT('',(23.01277541931,25.4,26.899296784497));
#695 = CARTESIAN_POINT('',(38.634990220502,25.4,-6.096315480696));
#696 = CARTESIAN_POINT('',(7.018965517242,25.4,12.157204892436));
#697 = CARTESIAN_POINT('',(-24.59705918601,25.4,30.410725265568));
#698 = CARTESIAN_POINT('',(11.789086649655,25.4,33.379296516957));
#699 = PCURVE('',#107,#700);
#700 = DEFINITIONAL_REPRESENTATION('',(#701),#707);
#701 = ( BOUNDED_CURVE() B_SPLINE_CURVE(2,(#702,#703,#704,#705,#706),
.UNSPECIFIED.,.F.,.F.) B_SPLINE_CURVE_WITH_KNOTS((3,2,3),(0.,
2.536588965533,5.073177931066),.PIECEWISE_BEZIER_KNOTS.) CURVE() 
GEOMETRIC_REPRESENTATION_ITEM() RATIONAL_B_SPLINE_CURVE((1.,
0.297909382195,1.,0.297909382195,1.)) REPRESENTATION_ITEM('') );
#702 = CARTESIAN_POINT('',(-26.44337650001,22.622728378305));
#703 = CARTESIAN_POINT('',(5.992988099667,37.980159877782));
#704 = CARTESIAN_POINT('',(-11.95115057222,6.9));
#705 = CARTESIAN_POINT('',(-29.89528924411,-24.18015987778));
#706 = CARTESIAN_POINT('',(-32.81354572853,11.589271621695));
#707 = ( GEOMETRIC_REPRESENTATION_CONTEXT(2) 
PARAMETRIC_REPRESENTATION_CONTEXT() REPRESENTATION_CONTEXT('2D SPACE',''
  ) );
#708 = PCURVE('',#233,#709);
#709 = DEFINITIONAL_REPRESENTATION('',(#710),#716);
#710 = B_SPLINE_CURVE_WITH_KNOTS('',2,(#711,#712,#713,#714,#715),
  .UNSPECIFIED.,.F.,.F.,(3,2,3),(8.942993453601E-14,2.536588965533,
    5.073177931066),.UNSPECIFIED.);
#711 = CARTESIAN_POINT('',(-0.44219386314,20.));
#712 = CARTESIAN_POINT('',(0.826100619627,20.));
#713 = CARTESIAN_POINT('',(2.094395102393,20.));
#714 = CARTESIAN_POINT('',(3.36268958516,20.));
#715 = CARTESIAN_POINT('',(4.630984067926,20.));
#716 = ( GEOMETRIC_REPRESENTATION_CONTEXT(2) 
PARAMETRIC_REPRESENTATION_CONTEXT() REPRESENTATION_CONTEXT('2D SPACE',''
  ) );
#717 = ORIENTED_EDGE('',*,*,#718,.T.);
#718 = EDGE_CURVE('',#690,#719,#721,.T.);
#719 = VERTEX_POINT('',#720);
#720 = CARTESIAN_POINT('',(-11.78908664965,25.4,33.379296516957));
#721 = SURFACE_CURVE('',#722,(#726,#733),.PCURVE_S1.);
#722 = ( BOUNDED_CURVE() B_SPLINE_CURVE(2,(#723,#724,#725),
.UNSPECIFIED.,.F.,.F.) B_SPLINE_CURVE_WITH_KNOTS((3,3),(1.231286385907,
1.910306267683),.PIECEWISE_BEZIER_KNOTS.) CURVE() 
GEOMETRIC_REPRESENTATION_ITEM() RATIONAL_B_SPLINE_CURVE((1.,
0.942917980705,1.)) REPRESENTATION_ITEM('') );
#723 = CARTESIAN_POINT('',(11.789086649655,25.4,33.379296516957));
#724 = CARTESIAN_POINT('',(2.536512076488E-12,25.4,37.543032081679));
#725 = CARTESIAN_POINT('',(-11.78908664965,25.4,33.379296516958));
#726 = PCURVE('',#107,#727);
#727 = DEFINITIONAL_REPRESENTATION('',(#728),#732);
#728 = ( BOUNDED_CURVE() B_SPLINE_CURVE(2,(#729,#730,#731),
.UNSPECIFIED.,.F.,.F.) B_SPLINE_CURVE_WITH_KNOTS((3,3),(1.231286385907,
1.910306267683),.PIECEWISE_BEZIER_KNOTS.) CURVE() 
GEOMETRIC_REPRESENTATION_ITEM() RATIONAL_B_SPLINE_CURVE((1.,
0.942917980705,1.)) REPRESENTATION_ITEM('') );
#729 = CARTESIAN_POINT('',(-32.81354572853,11.589271621695));
#730 = CARTESIAN_POINT('',(-36.90670950402,2.496035178805E-12));
#731 = CARTESIAN_POINT('',(-32.81354572853,-11.58927162169));
#732 = ( GEOMETRIC_REPRESENTATION_CONTEXT(2) 
PARAMETRIC_REPRESENTATION_CONTEXT() REPRESENTATION_CONTEXT('2D SPACE',''
  ) );
#733 = PCURVE('',#269,#734);
#734 = DEFINITIONAL_REPRESENTATION('',(#735),#739);
#735 = B_SPLINE_CURVE_WITH_KNOTS('',2,(#736,#737,#738),.UNSPECIFIED.,.F.
  ,.F.,(3,3),(1.231286385907,1.910306267683),.PIECEWISE_BEZIER_KNOTS.);
#736 = CARTESIAN_POINT('',(5.051898921273,20.));
#737 = CARTESIAN_POINT('',(4.712388980385,20.));
#738 = CARTESIAN_POINT('',(4.372879039497,20.));
#739 = ( GEOMETRIC_REPRESENTATION_CONTEXT(2) 
PARAMETRIC_REPRESENTATION_CONTEXT() REPRESENTATION_CONTEXT('2D SPACE',''
  ) );
#740 = ORIENTED_EDGE('',*,*,#741,.T.);
#741 = EDGE_CURVE('',#719,#742,#744,.T.);
#742 = VERTEX_POINT('',#743);
#743 = CARTESIAN_POINT('',(-23.0127754193,25.4,26.899296784496));
#744 = SURFACE_CURVE('',#745,(#751,#760),.PCURVE_S1.);
#745 = ( BOUNDED_CURVE() B_SPLINE_CURVE(2,(#746,#747,#748,#749,#750),
.UNSPECIFIED.,.F.,.F.) B_SPLINE_CURVE_WITH_KNOTS((3,2,3),(0.,
2.536588965533,5.073177931066),.PIECEWISE_BEZIER_KNOTS.) CURVE() 
GEOMETRIC_REPRESENTATION_ITEM() RATIONAL_B_SPLINE_CURVE((1.,
0.297909382195,1.,0.297909382195,1.)) REPRESENTATION_ITEM('') );
#746 = CARTESIAN_POINT('',(-11.78908664965,25.4,33.379296516957));
#747 = CARTESIAN_POINT('',(24.597059186021,25.4,30.410725265565));
#748 = CARTESIAN_POINT('',(-7.018965517243,25.4,12.157204892435));
#749 = CARTESIAN_POINT('',(-38.6349902205,25.4,-6.096315480694));
#750 = CARTESIAN_POINT('',(-23.0127754193,25.4,26.899296784498));
#751 = PCURVE('',#107,#752);
#752 = DEFINITIONAL_REPRESENTATION('',(#753),#759);
#753 = ( BOUNDED_CURVE() B_SPLINE_CURVE(2,(#754,#755,#756,#757,#758),
.UNSPECIFIED.,.F.,.F.) B_SPLINE_CURVE_WITH_KNOTS((3,2,3),(0.,
2.536588965533,5.073177931066),.PIECEWISE_BEZIER_KNOTS.) CURVE() 
GEOMETRIC_REPRESENTATION_ITEM() RATIONAL_B_SPLINE_CURVE((1.,
0.297909382195,1.,0.297909382195,1.)) REPRESENTATION_ITEM('') );
#754 = CARTESIAN_POINT('',(-32.81354572853,-11.58927162169));
#755 = CARTESIAN_POINT('',(-29.89528924411,24.180159877784));
#756 = CARTESIAN_POINT('',(-11.95115057222,-6.900000000001));
#757 = CARTESIAN_POINT('',(5.992988099665,-37.98015987778));
#758 = CARTESIAN_POINT('',(-26.44337650001,-22.6227283783));
#759 = ( GEOMETRIC_REPRESENTATION_CONTEXT(2) 
PARAMETRIC_REPRESENTATION_CONTEXT() REPRESENTATION_CONTEXT('2D SPACE',''
  ) );
#760 = PCURVE('',#303,#761);
#761 = DEFINITIONAL_REPRESENTATION('',(#762),#768);
#762 = B_SPLINE_CURVE_WITH_KNOTS('',2,(#763,#764,#765,#766,#767),
  .UNSPECIFIED.,.F.,.F.,(3,2,3),(4.968063350947E-13,2.536588965533,
    5.073177931066),.UNSPECIFIED.);
#763 = CARTESIAN_POINT('',(-1.489391414336,20.));
#764 = CARTESIAN_POINT('',(-0.22109693157,20.));
#765 = CARTESIAN_POINT('',(1.047197551197,20.));
#766 = CARTESIAN_POINT('',(2.315492033963,20.));
#767 = CARTESIAN_POINT('',(3.58378651673,20.));
#768 = ( GEOMETRIC_REPRESENTATION_CONTEXT(2) 
PARAMETRIC_REPRESENTATION_CONTEXT() REPRESENTATION_CONTEXT('2D SPACE',''
  ) );
#769 = ORIENTED_EDGE('',*,*,#770,.T.);
#770 = EDGE_CURVE('',#742,#771,#773,.T.);
#771 = VERTEX_POINT('',#772);
#772 = CARTESIAN_POINT('',(-34.80186206896,25.4,6.479999732461));
#773 = SURFACE_CURVE('',#774,(#778,#785),.PCURVE_S1.);
#774 = ( BOUNDED_CURVE() B_SPLINE_CURVE(2,(#775,#776,#777),
.UNSPECIFIED.,.F.,.F.) B_SPLINE_CURVE_WITH_KNOTS((3,3),(2.278483937103,
2.95750381888),.PIECEWISE_BEZIER_KNOTS.) CURVE() 
GEOMETRIC_REPRESENTATION_ITEM() RATIONAL_B_SPLINE_CURVE((1.,
0.942917980705,1.)) REPRESENTATION_ITEM('') );
#775 = CARTESIAN_POINT('',(-23.0127754193,25.4,26.899296784498));
#776 = CARTESIAN_POINT('',(-32.51321951782,25.4,18.771516040842));
#777 = CARTESIAN_POINT('',(-34.80186206896,25.4,6.479999732461));
#778 = PCURVE('',#107,#779);
#779 = DEFINITIONAL_REPRESENTATION('',(#780),#784);
#780 = ( BOUNDED_CURVE() B_SPLINE_CURVE(2,(#781,#782,#783),
.UNSPECIFIED.,.F.,.F.) B_SPLINE_CURVE_WITH_KNOTS((3,3),(2.278483937103,
2.95750381888),.PIECEWISE_BEZIER_KNOTS.) CURVE() 
GEOMETRIC_REPRESENTATION_ITEM() RATIONAL_B_SPLINE_CURVE((1.,
0.942917980705,1.)) REPRESENTATION_ITEM('') );
#781 = CARTESIAN_POINT('',(-26.44337650001,-22.6227283783));
#782 = CARTESIAN_POINT('',(-18.45335475201,-31.96214800057));
#783 = CARTESIAN_POINT('',(-6.370169228521,-34.212));
#784 = ( GEOMETRIC_REPRESENTATION_CONTEXT(2) 
PARAMETRIC_REPRESENTATION_CONTEXT() REPRESENTATION_CONTEXT('2D SPACE',''
  ) );
#785 = PCURVE('',#339,#786);
#786 = DEFINITIONAL_REPRESENTATION('',(#787),#791);
#787 = B_SPLINE_CURVE_WITH_KNOTS('',2,(#788,#789,#790),.UNSPECIFIED.,.F.
  ,.F.,(3,3),(2.278483937103,2.95750381888),.PIECEWISE_BEZIER_KNOTS.);
#788 = CARTESIAN_POINT('',(4.004701370076,20.));
#789 = CARTESIAN_POINT('',(3.665191429188,20.));
#790 = CARTESIAN_POINT('',(3.3256814883,20.));
#791 = ( GEOMETRIC_REPRESENTATION_CONTEXT(2) 
PARAMETRIC_REPRESENTATION_CONTEXT() REPRESENTATION_CONTEXT('2D SPACE',''
  ) );
#792 = ORIENTED_EDGE('',*,*,#793,.T.);
#793 = EDGE_CURVE('',#771,#794,#796,.T.);
#794 = VERTEX_POINT('',#795);
#795 = CARTESIAN_POINT('',(-34.80186206896,25.4,-6.479999732461));
#796 = SURFACE_CURVE('',#797,(#803,#812),.PCURVE_S1.);
#797 = ( BOUNDED_CURVE() B_SPLINE_CURVE(2,(#798,#799,#800,#801,#802),
.UNSPECIFIED.,.F.,.F.) B_SPLINE_CURVE_WITH_KNOTS((3,2,3),(0.,
2.536588965533,5.073177931067),.PIECEWISE_BEZIER_KNOTS.) CURVE() 
GEOMETRIC_REPRESENTATION_ITEM() RATIONAL_B_SPLINE_CURVE((1.,
0.297909382195,1.,0.297909382195,1.)) REPRESENTATION_ITEM('') );
#798 = CARTESIAN_POINT('',(-34.80186206896,25.4,6.479999732458));
#799 = CARTESIAN_POINT('',(-14.03793103448,25.4,36.507040746274));
#800 = CARTESIAN_POINT('',(-14.03793103448,25.4,1.759502541876E-12));
#801 = CARTESIAN_POINT('',(-14.03793103447,25.4,-36.50704074627));
#802 = CARTESIAN_POINT('',(-34.80186206896,25.4,-6.479999732461));
#803 = PCURVE('',#107,#804);
#804 = DEFINITIONAL_REPRESENTATION('',(#805),#811);
#805 = ( BOUNDED_CURVE() B_SPLINE_CURVE(2,(#806,#807,#808,#809,#810),
.UNSPECIFIED.,.F.,.F.) B_SPLINE_CURVE_WITH_KNOTS((3,2,3),(0.,
2.536588965533,5.073177931067),.PIECEWISE_BEZIER_KNOTS.) CURVE() 
GEOMETRIC_REPRESENTATION_ITEM() RATIONAL_B_SPLINE_CURVE((1.,
0.297909382195,1.,0.297909382195,1.)) REPRESENTATION_ITEM('') );
#806 = CARTESIAN_POINT('',(-6.370169228518,-34.212));
#807 = CARTESIAN_POINT('',(-35.88827734379,-13.8));
#808 = CARTESIAN_POINT('',(-1.728586222754E-12,-13.8));
#809 = CARTESIAN_POINT('',(35.888277343792,-13.79999999999));
#810 = CARTESIAN_POINT('',(6.370169228521,-34.212));
#811 = ( GEOMETRIC_REPRESENTATION_CONTEXT(2) 
PARAMETRIC_REPRESENTATION_CONTEXT() REPRESENTATION_CONTEXT('2D SPACE',''
  ) );
#812 = PCURVE('',#373,#813);
#813 = DEFINITIONAL_REPRESENTATION('',(#814),#820);
#814 = B_SPLINE_CURVE_WITH_KNOTS('',2,(#815,#816,#817,#818,#819),
  .UNSPECIFIED.,.F.,.F.,(3,2,3),(4.096039132557E-13,2.536588965533,
    5.073177931067),.UNSPECIFIED.);
#815 = CARTESIAN_POINT('',(-2.536588965533,20.));
#816 = CARTESIAN_POINT('',(-1.268294482767,20.));
#817 = CARTESIAN_POINT('',(-2.327668717624E-13,20.));
#818 = CARTESIAN_POINT('',(1.268294482767,20.));
#819 = CARTESIAN_POINT('',(2.536588965533,20.));
#820 = ( GEOMETRIC_REPRESENTATION_CONTEXT(2) 
PARAMETRIC_REPRESENTATION_CONTEXT() REPRESENTATION_CONTEXT('2D SPACE',''
  ) );
#821 = ORIENTED_EDGE('',*,*,#822,.T.);
#822 = EDGE_CURVE('',#794,#823,#825,.T.);
#823 = VERTEX_POINT('',#824);
#824 = CARTESIAN_POINT('',(-23.0127754193,25.4,-26.89929678449));
#825 = SURFACE_CURVE('',#826,(#830,#837),.PCURVE_S1.);
#826 = ( BOUNDED_CURVE() B_SPLINE_CURVE(2,(#827,#828,#829),
.UNSPECIFIED.,.F.,.F.) B_SPLINE_CURVE_WITH_KNOTS((3,3),(3.3256814883,
4.004701370076),.PIECEWISE_BEZIER_KNOTS.) CURVE() 
GEOMETRIC_REPRESENTATION_ITEM() RATIONAL_B_SPLINE_CURVE((1.,
0.942917980705,1.)) REPRESENTATION_ITEM('') );
#827 = CARTESIAN_POINT('',(-34.80186206896,25.4,-6.479999732461));
#828 = CARTESIAN_POINT('',(-32.51321951782,25.4,-18.77151604084));
#829 = CARTESIAN_POINT('',(-23.0127754193,25.4,-26.89929678449));
#830 = PCURVE('',#107,#831);
#831 = DEFINITIONAL_REPRESENTATION('',(#832),#836);
#832 = ( BOUNDED_CURVE() B_SPLINE_CURVE(2,(#833,#834,#835),
.UNSPECIFIED.,.F.,.F.) B_SPLINE_CURVE_WITH_KNOTS((3,3),(3.3256814883,
4.004701370076),.PIECEWISE_BEZIER_KNOTS.) CURVE() 
GEOMETRIC_REPRESENTATION_ITEM() RATIONAL_B_SPLINE_CURVE((1.,
0.942917980705,1.)) REPRESENTATION_ITEM('') );
#833 = CARTESIAN_POINT('',(6.370169228521,-34.212));
#834 = CARTESIAN_POINT('',(18.453354752013,-31.96214800057));
#835 = CARTESIAN_POINT('',(26.443376500014,-22.6227283783));
#836 = ( GEOMETRIC_REPRESENTATION_CONTEXT(2) 
PARAMETRIC_REPRESENTATION_CONTEXT() REPRESENTATION_CONTEXT('2D SPACE',''
  ) );
#837 = PCURVE('',#409,#838);
#838 = DEFINITIONAL_REPRESENTATION('',(#839),#843);
#839 = B_SPLINE_CURVE_WITH_KNOTS('',2,(#840,#841,#842),.UNSPECIFIED.,.F.
  ,.F.,(3,3),(3.3256814883,4.004701370076),.PIECEWISE_BEZIER_KNOTS.);
#840 = CARTESIAN_POINT('',(2.95750381888,20.));
#841 = CARTESIAN_POINT('',(2.617993877991,20.));
#842 = CARTESIAN_POINT('',(2.278483937103,20.));
#843 = ( GEOMETRIC_REPRESENTATION_CONTEXT(2) 
PARAMETRIC_REPRESENTATION_CONTEXT() REPRESENTATION_CONTEXT('2D SPACE',''
  ) );
#844 = ORIENTED_EDGE('',*,*,#845,.T.);
#845 = EDGE_CURVE('',#823,#846,#848,.T.);
#846 = VERTEX_POINT('',#847);
#847 = CARTESIAN_POINT('',(-11.78908664965,25.4,-33.37929651695));
#848 = SURFACE_CURVE('',#849,(#855,#864),.PCURVE_S1.);
#849 = ( BOUNDED_CURVE() B_SPLINE_CURVE(2,(#850,#851,#852,#853,#854),
.UNSPECIFIED.,.F.,.F.) B_SPLINE_CURVE_WITH_KNOTS((3,2,3),(0.,
2.536588965533,5.073177931066),.PIECEWISE_BEZIER_KNOTS.) CURVE() 
GEOMETRIC_REPRESENTATION_ITEM() RATIONAL_B_SPLINE_CURVE((1.,
0.297909382195,1.,0.297909382195,1.)) REPRESENTATION_ITEM('') );
#850 = CARTESIAN_POINT('',(-23.01277541931,25.4,-26.89929678449));
#851 = CARTESIAN_POINT('',(-38.63499022049,25.4,6.096315480683));
#852 = CARTESIAN_POINT('',(-7.018965517244,25.4,-12.15720489243));
#853 = CARTESIAN_POINT('',(24.597059186008,25.4,-30.41072526555));
#854 = CARTESIAN_POINT('',(-11.78908664965,25.4,-33.37929651695));
#855 = PCURVE('',#107,#856);
#856 = DEFINITIONAL_REPRESENTATION('',(#857),#863);
#857 = ( BOUNDED_CURVE() B_SPLINE_CURVE(2,(#858,#859,#860,#861,#862),
.UNSPECIFIED.,.F.,.F.) B_SPLINE_CURVE_WITH_KNOTS((3,2,3),(0.,
2.536588965533,5.073177931066),.PIECEWISE_BEZIER_KNOTS.) CURVE() 
GEOMETRIC_REPRESENTATION_ITEM() RATIONAL_B_SPLINE_CURVE((1.,
0.297909382195,1.,0.297909382195,1.)) REPRESENTATION_ITEM('') );
#858 = CARTESIAN_POINT('',(26.443376500013,-22.6227283783));
#859 = CARTESIAN_POINT('',(-5.992988099655,-37.98015987777));
#860 = CARTESIAN_POINT('',(11.951150572223,-6.900000000003));
#861 = CARTESIAN_POINT('',(29.8952892441,24.18015987777));
#862 = CARTESIAN_POINT('',(32.813545728533,-11.58927162169));
#863 = ( GEOMETRIC_REPRESENTATION_CONTEXT(2) 
PARAMETRIC_REPRESENTATION_CONTEXT() REPRESENTATION_CONTEXT('2D SPACE',''
  ) );
#864 = PCURVE('',#443,#865);
#865 = DEFINITIONAL_REPRESENTATION('',(#866),#872);
#866 = B_SPLINE_CURVE_WITH_KNOTS('',2,(#867,#868,#869,#870,#871),
  .UNSPECIFIED.,.F.,.F.,(3,2,3),(4.975313984267E-14,2.536588965533,
    5.073177931066),.UNSPECIFIED.);
#867 = CARTESIAN_POINT('',(2.69939879045,20.));
#868 = CARTESIAN_POINT('',(3.967693273217,20.));
#869 = CARTESIAN_POINT('',(5.235987755983,20.));
#870 = CARTESIAN_POINT('',(6.504282238749,20.));
#871 = CARTESIAN_POINT('',(7.772576721515,20.));
#872 = ( GEOMETRIC_REPRESENTATION_CONTEXT(2) 
PARAMETRIC_REPRESENTATION_CONTEXT() REPRESENTATION_CONTEXT('2D SPACE',''
  ) );
#873 = ORIENTED_EDGE('',*,*,#874,.T.);
#874 = EDGE_CURVE('',#846,#585,#875,.T.);
#875 = SURFACE_CURVE('',#876,(#880,#887),.PCURVE_S1.);
#876 = ( BOUNDED_CURVE() B_SPLINE_CURVE(2,(#877,#878,#879),
.UNSPECIFIED.,.F.,.F.) B_SPLINE_CURVE_WITH_KNOTS((3,3),(4.372879039497,
5.051898921273),.PIECEWISE_BEZIER_KNOTS.) CURVE() 
GEOMETRIC_REPRESENTATION_ITEM() RATIONAL_B_SPLINE_CURVE((1.,
0.942917980705,1.)) REPRESENTATION_ITEM('') );
#877 = CARTESIAN_POINT('',(-11.78908664965,25.4,-33.37929651695));
#878 = CARTESIAN_POINT('',(2.527316685674E-12,25.4,-37.54303208167));
#879 = CARTESIAN_POINT('',(11.789086649656,25.4,-33.37929651695));
#880 = PCURVE('',#107,#881);
#881 = DEFINITIONAL_REPRESENTATION('',(#882),#886);
#882 = ( BOUNDED_CURVE() B_SPLINE_CURVE(2,(#883,#884,#885),
.UNSPECIFIED.,.F.,.F.) B_SPLINE_CURVE_WITH_KNOTS((3,3),(4.372879039497,
5.051898921273),.PIECEWISE_BEZIER_KNOTS.) CURVE() 
GEOMETRIC_REPRESENTATION_ITEM() RATIONAL_B_SPLINE_CURVE((1.,
0.942917980705,1.)) REPRESENTATION_ITEM('') );
#883 = CARTESIAN_POINT('',(32.813545728535,-11.58927162169));
#884 = CARTESIAN_POINT('',(36.906709504024,2.486995642073E-12));
#885 = CARTESIAN_POINT('',(32.813545728533,11.589271621696));
#886 = ( GEOMETRIC_REPRESENTATION_CONTEXT(2) 
PARAMETRIC_REPRESENTATION_CONTEXT() REPRESENTATION_CONTEXT('2D SPACE',''
  ) );
#887 = PCURVE('',#479,#888);
#888 = DEFINITIONAL_REPRESENTATION('',(#889),#893);
#889 = B_SPLINE_CURVE_WITH_KNOTS('',2,(#890,#891,#892),.UNSPECIFIED.,.F.
  ,.F.,(3,3),(4.372879039497,5.051898921273),.PIECEWISE_BEZIER_KNOTS.);
#890 = CARTESIAN_POINT('',(1.910306267683,20.));
#891 = CARTESIAN_POINT('',(1.570796326795,20.));
#892 = CARTESIAN_POINT('',(1.231286385907,20.));
#893 = ( GEOMETRIC_REPRESENTATION_CONTEXT(2) 
PARAMETRIC_REPRESENTATION_CONTEXT() REPRESENTATION_CONTEXT('2D SPACE',''
  ) );
#894 = ORIENTED_EDGE('',*,*,#584,.T.);
#895 = ORIENTED_EDGE('',*,*,#91,.T.);
#896 = FACE_BOUND('',#897,.F.);
#897 = EDGE_LOOP('',(#898));
#898 = ORIENTED_EDGE('',*,*,#899,.F.);
#899 = EDGE_CURVE('',#900,#900,#902,.T.);
#900 = VERTEX_POINT('',#901);
#901 = CARTESIAN_POINT('',(4.,25.4,0.));
#902 = SURFACE_CURVE('',#903,(#908,#944),.PCURVE_S1.);
#903 = CIRCLE('',#904,4.);
#904 = AXIS2_PLACEMENT_3D('',#905,#906,#907);
#905 = CARTESIAN_POINT('',(0.,25.4,0.));
#906 = DIRECTION('',(0.,-1.,0.));
#907 = DIRECTION('',(1.,0.,0.));
#908 = PCURVE('',#107,#909);
#909 = DEFINITIONAL_REPRESENTATION('',(#910),#943);
#910 = B_SPLINE_CURVE_WITH_KNOTS('',8,(#911,#912,#913,#914,#915,#916,
    #917,#918,#919,#920,#921,#922,#923,#924,#925,#926,#927,#928,#929,
    #930,#931,#932,#933,#934,#935,#936,#937,#938,#939,#940,#941,#942),
  .UNSPECIFIED.,.F.,.F.,(9,7,8,8,9),(0.,1.570796326795,2.748893571891,
    4.516039439535,6.28318530718),.UNSPECIFIED.);
#911 = CARTESIAN_POINT('',(-6.994405055138E-15,3.932203389831));
#912 = CARTESIAN_POINT('',(-0.772086289451,3.932203426978));
#913 = CARTESIAN_POINT('',(-1.544172998532,3.758947322527));
#914 = CARTESIAN_POINT('',(-2.270899403578,3.412437212508));
#915 = CARTESIAN_POINT('',(-2.906915797706,2.906915797575));
#916 = CARTESIAN_POINT('',(-3.412437212653,2.270899403433));
#917 = CARTESIAN_POINT('',(-3.758947322385,1.544172998707));
#918 = CARTESIAN_POINT('',(-3.932203426957,0.772086289462));
#919 = CARTESIAN_POINT('',(-3.932203480426,-0.579064803165));
#920 = CARTESIAN_POINT('',(-3.83474647889,-1.158129174068));
#921 = CARTESIAN_POINT('',(-3.6398356505,-1.718059485316));
#922 = CARTESIAN_POINT('',(-3.351971983337,-2.239716074193));
#923 = CARTESIAN_POINT('',(-2.980184794086,-2.70529675837));
#924 = CARTESIAN_POINT('',(-2.537465784724,-3.099646936755));
#925 = CARTESIAN_POINT('',(-2.039775244286,-3.411283806795));
#926 = CARTESIAN_POINT('',(-1.504789089978,-3.632882229536));
#927 = CARTESIAN_POINT('',(-0.702310130723,-3.965280024651));
#928 = CARTESIAN_POINT('',(0.184083909815,-4.095091775678));
#929 = CARTESIAN_POINT('',(1.094718106993,-3.997606620163));
#930 = CARTESIAN_POINT('',(1.961220768193,-3.669185982842));
#931 = CARTESIAN_POINT('',(2.715695631909,-3.13117608169));
#932 = CARTESIAN_POINT('',(3.302672830556,-2.428171268824));
#933 = CARTESIAN_POINT('',(3.687192447702,-1.619042015202));
#934 = CARTESIAN_POINT('',(3.856647204297,-0.767134825555));
#935 = CARTESIAN_POINT('',(4.026102190386,8.47723183997E-02));
#936 = CARTESIAN_POINT('',(3.980492746312,0.979459562317));
#937 = CARTESIAN_POINT('',(3.707224821905,1.853577768488));
#938 = CARTESIAN_POINT('',(3.216068411872,2.639359135879));
#939 = CARTESIAN_POINT('',(2.541205476242,3.274376452202));
#940 = CARTESIAN_POINT('',(1.737195132882,3.71292561313));
#941 = CARTESIAN_POINT('',(0.868597014917,3.932203506809));
#942 = CARTESIAN_POINT('',(-6.050715484207E-15,3.932203389831));
#943 = ( GEOMETRIC_REPRESENTATION_CONTEXT(2) 
PARAMETRIC_REPRESENTATION_CONTEXT() REPRESENTATION_CONTEXT('2D SPACE',''
  ) );
#944 = PCURVE('',#945,#950);
#945 = PLANE('',#946);
#946 = AXIS2_PLACEMENT_3D('',#947,#948,#949);
#947 = CARTESIAN_POINT('',(-2.563950248511E-16,25.4,3.49503809816E-16));
#948 = DIRECTION('',(-0.,-1.,-0.));
#949 = DIRECTION('',(0.,0.,-1.));
#950 = DEFINITIONAL_REPRESENTATION('',(#951),#955);
#951 = CIRCLE('',#952,4.);
#952 = AXIS2_PLACEMENT_2D('',#953,#954);
#953 = CARTESIAN_POINT('',(3.49503809816E-16,2.563950248511E-16));
#954 = DIRECTION('',(0.,1.));
#955 = ( GEOMETRIC_REPRESENTATION_CONTEXT(2) 
PARAMETRIC_REPRESENTATION_CONTEXT() REPRESENTATION_CONTEXT('2D SPACE',''
  ) );
#956 = ADVANCED_FACE('',(#957),#132,.F.);
#957 = FACE_BOUND('',#958,.F.);
#958 = EDGE_LOOP('',(#959,#960,#980,#981));
#959 = ORIENTED_EDGE('',*,*,#154,.T.);
#960 = ORIENTED_EDGE('',*,*,#961,.T.);
#961 = EDGE_CURVE('',#155,#638,#962,.T.);
#962 = SURFACE_CURVE('',#963,(#966,#973),.PCURVE_S1.);
#963 = B_SPLINE_CURVE_WITH_KNOTS('',1,(#964,#965),.UNSPECIFIED.,.F.,.F.,
  (2,2),(0.,40.),.PIECEWISE_BEZIER_KNOTS.);
#964 = CARTESIAN_POINT('',(34.801862068966,-25.4,6.479999732461));
#965 = CARTESIAN_POINT('',(34.801862068966,25.4,6.479999732461));
#966 = PCURVE('',#132,#967);
#967 = DEFINITIONAL_REPRESENTATION('',(#968),#972);
#968 = B_SPLINE_CURVE_WITH_KNOTS('',2,(#969,#970,#971),.UNSPECIFIED.,.F.
  ,.F.,(3,3),(0.,40.),.PIECEWISE_BEZIER_KNOTS.);
#969 = CARTESIAN_POINT('',(5.678181619123,-20.));
#970 = CARTESIAN_POINT('',(5.678181619123,-1.95921710228E-15));
#971 = CARTESIAN_POINT('',(5.678181619123,20.));
#972 = ( GEOMETRIC_REPRESENTATION_CONTEXT(2) 
PARAMETRIC_REPRESENTATION_CONTEXT() REPRESENTATION_CONTEXT('2D SPACE',''
  ) );
#973 = PCURVE('',#199,#974);
#974 = DEFINITIONAL_REPRESENTATION('',(#975),#979);
#975 = B_SPLINE_CURVE_WITH_KNOTS('',2,(#976,#977,#978),.UNSPECIFIED.,.F.
  ,.F.,(3,3),(0.,40.),.PIECEWISE_BEZIER_KNOTS.);
#976 = CARTESIAN_POINT('',(6.099096472469,-20.));
#977 = CARTESIAN_POINT('',(6.099096472469,-1.46941282671E-15));
#978 = CARTESIAN_POINT('',(6.099096472469,20.));
#979 = ( GEOMETRIC_REPRESENTATION_CONTEXT(2) 
PARAMETRIC_REPRESENTATION_CONTEXT() REPRESENTATION_CONTEXT('2D SPACE',''
  ) );
#980 = ORIENTED_EDGE('',*,*,#637,.T.);
#981 = ORIENTED_EDGE('',*,*,#119,.T.);
#982 = ADVANCED_FACE('',(#983),#479,.T.);
#983 = FACE_BOUND('',#984,.T.);
#984 = EDGE_LOOP('',(#985,#986,#1006,#1007));
#985 = ORIENTED_EDGE('',*,*,#463,.F.);
#986 = ORIENTED_EDGE('',*,*,#987,.T.);
#987 = EDGE_CURVE('',#424,#846,#988,.T.);
#988 = SURFACE_CURVE('',#989,(#992,#999),.PCURVE_S1.);
#989 = B_SPLINE_CURVE_WITH_KNOTS('',1,(#990,#991),.UNSPECIFIED.,.F.,.F.,
  (2,2),(0.,40.),.PIECEWISE_BEZIER_KNOTS.);
#990 = CARTESIAN_POINT('',(-11.78908664965,-25.4,-33.37929651695));
#991 = CARTESIAN_POINT('',(-11.78908664965,25.4,-33.37929651695));
#992 = PCURVE('',#479,#993);
#993 = DEFINITIONAL_REPRESENTATION('',(#994),#998);
#994 = B_SPLINE_CURVE_WITH_KNOTS('',2,(#995,#996,#997),.UNSPECIFIED.,.F.
  ,.F.,(3,3),(0.,40.),.PIECEWISE_BEZIER_KNOTS.);
#995 = CARTESIAN_POINT('',(1.910306267683,-20.));
#996 = CARTESIAN_POINT('',(1.910306267683,-5.877651306839E-16));
#997 = CARTESIAN_POINT('',(1.910306267683,20.));
#998 = ( GEOMETRIC_REPRESENTATION_CONTEXT(2) 
PARAMETRIC_REPRESENTATION_CONTEXT() REPRESENTATION_CONTEXT('2D SPACE',''
  ) );
#999 = PCURVE('',#443,#1000);
#1000 = DEFINITIONAL_REPRESENTATION('',(#1001),#1005);
#1001 = B_SPLINE_CURVE_WITH_KNOTS('',2,(#1002,#1003,#1004),
  .UNSPECIFIED.,.F.,.F.,(3,3),(0.,40.),.PIECEWISE_BEZIER_KNOTS.);
#1002 = CARTESIAN_POINT('',(7.772576721515,-20.));
#1003 = CARTESIAN_POINT('',(7.772576721515,-1.46941282671E-15));
#1004 = CARTESIAN_POINT('',(7.772576721515,20.));
#1005 = ( GEOMETRIC_REPRESENTATION_CONTEXT(2) 
PARAMETRIC_REPRESENTATION_CONTEXT() REPRESENTATION_CONTEXT('2D SPACE',''
  ) );
#1006 = ORIENTED_EDGE('',*,*,#874,.T.);
#1007 = ORIENTED_EDGE('',*,*,#613,.F.);
#1008 = ADVANCED_FACE('',(#1009),#199,.T.);
#1009 = FACE_BOUND('',#1010,.T.);
#1010 = EDGE_LOOP('',(#1011,#1012,#1013,#1014));
#1011 = ORIENTED_EDGE('',*,*,#183,.F.);
#1012 = ORIENTED_EDGE('',*,*,#961,.T.);
#1013 = ORIENTED_EDGE('',*,*,#666,.T.);
#1014 = ORIENTED_EDGE('',*,*,#1015,.F.);
#1015 = EDGE_CURVE('',#184,#667,#1016,.T.);
#1016 = SURFACE_CURVE('',#1017,(#1020,#1027),.PCURVE_S1.);
#1017 = B_SPLINE_CURVE_WITH_KNOTS('',1,(#1018,#1019),.UNSPECIFIED.,.F.,
  .F.,(2,2),(0.,40.),.PIECEWISE_BEZIER_KNOTS.);
#1018 = CARTESIAN_POINT('',(23.01277541931,-25.4,26.899296784496));
#1019 = CARTESIAN_POINT('',(23.01277541931,25.4,26.899296784496));
#1020 = PCURVE('',#199,#1021);
#1021 = DEFINITIONAL_REPRESENTATION('',(#1022),#1026);
#1022 = B_SPLINE_CURVE_WITH_KNOTS('',2,(#1023,#1024,#1025),
  .UNSPECIFIED.,.F.,.F.,(3,3),(0.,40.),.PIECEWISE_BEZIER_KNOTS.);
#1023 = CARTESIAN_POINT('',(5.420076590693,-20.));
#1024 = CARTESIAN_POINT('',(5.420076590693,-7.836868409119E-16));
#1025 = CARTESIAN_POINT('',(5.420076590693,20.));
#1026 = ( GEOMETRIC_REPRESENTATION_CONTEXT(2) 
PARAMETRIC_REPRESENTATION_CONTEXT() REPRESENTATION_CONTEXT('2D SPACE',''
  ) );
#1027 = PCURVE('',#233,#1028);
#1028 = DEFINITIONAL_REPRESENTATION('',(#1029),#1033);
#1029 = B_SPLINE_CURVE_WITH_KNOTS('',2,(#1030,#1031,#1032),
  .UNSPECIFIED.,.F.,.F.,(3,3),(0.,40.),.PIECEWISE_BEZIER_KNOTS.);
#1030 = CARTESIAN_POINT('',(-0.44219386314,-20.));
#1031 = CARTESIAN_POINT('',(-0.44219386314,-1.46941282671E-15));
#1032 = CARTESIAN_POINT('',(-0.44219386314,20.));
#1033 = ( GEOMETRIC_REPRESENTATION_CONTEXT(2) 
PARAMETRIC_REPRESENTATION_CONTEXT() REPRESENTATION_CONTEXT('2D SPACE',''
  ) );
#1034 = ADVANCED_FACE('',(#1035),#443,.F.);
#1035 = FACE_BOUND('',#1036,.F.);
#1036 = EDGE_LOOP('',(#1037,#1038,#1039,#1059));
#1037 = ORIENTED_EDGE('',*,*,#987,.T.);
#1038 = ORIENTED_EDGE('',*,*,#845,.F.);
#1039 = ORIENTED_EDGE('',*,*,#1040,.F.);
#1040 = EDGE_CURVE('',#394,#823,#1041,.T.);
#1041 = SURFACE_CURVE('',#1042,(#1045,#1052),.PCURVE_S1.);
#1042 = B_SPLINE_CURVE_WITH_KNOTS('',1,(#1043,#1044),.UNSPECIFIED.,.F.,
  .F.,(2,2),(0.,40.),.PIECEWISE_BEZIER_KNOTS.);
#1043 = CARTESIAN_POINT('',(-23.0127754193,-25.4,-26.89929678449));
#1044 = CARTESIAN_POINT('',(-23.0127754193,25.4,-26.89929678449));
#1045 = PCURVE('',#443,#1046);
#1046 = DEFINITIONAL_REPRESENTATION('',(#1047),#1051);
#1047 = B_SPLINE_CURVE_WITH_KNOTS('',2,(#1048,#1049,#1050),
  .UNSPECIFIED.,.F.,.F.,(3,3),(0.,40.),.PIECEWISE_BEZIER_KNOTS.);
#1048 = CARTESIAN_POINT('',(2.69939879045,-20.));
#1049 = CARTESIAN_POINT('',(2.69939879045,-1.46941282671E-15));
#1050 = CARTESIAN_POINT('',(2.69939879045,20.));
#1051 = ( GEOMETRIC_REPRESENTATION_CONTEXT(2) 
PARAMETRIC_REPRESENTATION_CONTEXT() REPRESENTATION_CONTEXT('2D SPACE',''
  ) );
#1052 = PCURVE('',#409,#1053);
#1053 = DEFINITIONAL_REPRESENTATION('',(#1054),#1058);
#1054 = B_SPLINE_CURVE_WITH_KNOTS('',2,(#1055,#1056,#1057),
  .UNSPECIFIED.,.F.,.F.,(3,3),(0.,40.),.PIECEWISE_BEZIER_KNOTS.);
#1055 = CARTESIAN_POINT('',(2.278483937103,-20.));
#1056 = CARTESIAN_POINT('',(2.278483937103,-1.46941282671E-15));
#1057 = CARTESIAN_POINT('',(2.278483937103,20.));
#1058 = ( GEOMETRIC_REPRESENTATION_CONTEXT(2) 
PARAMETRIC_REPRESENTATION_CONTEXT() REPRESENTATION_CONTEXT('2D SPACE',''
  ) );
#1059 = ORIENTED_EDGE('',*,*,#423,.T.);
#1060 = ADVANCED_FACE('',(#1061),#233,.F.);
#1061 = FACE_BOUND('',#1062,.F.);
#1062 = EDGE_LOOP('',(#1063,#1083,#1084,#1085));
#1063 = ORIENTED_EDGE('',*,*,#1064,.T.);
#1064 = EDGE_CURVE('',#214,#690,#1065,.T.);
#1065 = SURFACE_CURVE('',#1066,(#1069,#1076),.PCURVE_S1.);
#1066 = B_SPLINE_CURVE_WITH_KNOTS('',1,(#1067,#1068),.UNSPECIFIED.,.F.,
  .F.,(2,2),(0.,40.),.PIECEWISE_BEZIER_KNOTS.);
#1067 = CARTESIAN_POINT('',(11.789086649655,-25.4,33.379296516957));
#1068 = CARTESIAN_POINT('',(11.789086649655,25.4,33.379296516957));
#1069 = PCURVE('',#233,#1070);
#1070 = DEFINITIONAL_REPRESENTATION('',(#1071),#1075);
#1071 = B_SPLINE_CURVE_WITH_KNOTS('',2,(#1072,#1073,#1074),
  .UNSPECIFIED.,.F.,.F.,(3,3),(0.,40.),.PIECEWISE_BEZIER_KNOTS.);
#1072 = CARTESIAN_POINT('',(4.630984067926,-20.));
#1073 = CARTESIAN_POINT('',(4.630984067926,-1.46941282671E-15));
#1074 = CARTESIAN_POINT('',(4.630984067926,20.));
#1075 = ( GEOMETRIC_REPRESENTATION_CONTEXT(2) 
PARAMETRIC_REPRESENTATION_CONTEXT() REPRESENTATION_CONTEXT('2D SPACE',''
  ) );
#1076 = PCURVE('',#269,#1077);
#1077 = DEFINITIONAL_REPRESENTATION('',(#1078),#1082);
#1078 = B_SPLINE_CURVE_WITH_KNOTS('',2,(#1079,#1080,#1081),
  .UNSPECIFIED.,.F.,.F.,(3,3),(0.,40.),.PIECEWISE_BEZIER_KNOTS.);
#1079 = CARTESIAN_POINT('',(5.051898921273,-20.));
#1080 = CARTESIAN_POINT('',(5.051898921273,-2.253099667622E-15));
#1081 = CARTESIAN_POINT('',(5.051898921273,20.));
#1082 = ( GEOMETRIC_REPRESENTATION_CONTEXT(2) 
PARAMETRIC_REPRESENTATION_CONTEXT() REPRESENTATION_CONTEXT('2D SPACE',''
  ) );
#1083 = ORIENTED_EDGE('',*,*,#689,.F.);
#1084 = ORIENTED_EDGE('',*,*,#1015,.F.);
#1085 = ORIENTED_EDGE('',*,*,#213,.T.);
#1086 = ADVANCED_FACE('',(#1087),#409,.T.);
#1087 = FACE_BOUND('',#1088,.T.);
#1088 = EDGE_LOOP('',(#1089,#1090,#1110,#1111));
#1089 = ORIENTED_EDGE('',*,*,#393,.F.);
#1090 = ORIENTED_EDGE('',*,*,#1091,.T.);
#1091 = EDGE_CURVE('',#354,#794,#1092,.T.);
#1092 = SURFACE_CURVE('',#1093,(#1096,#1103),.PCURVE_S1.);
#1093 = B_SPLINE_CURVE_WITH_KNOTS('',1,(#1094,#1095),.UNSPECIFIED.,.F.,
  .F.,(2,2),(0.,40.),.PIECEWISE_BEZIER_KNOTS.);
#1094 = CARTESIAN_POINT('',(-34.80186206896,-25.4,-6.479999732461));
#1095 = CARTESIAN_POINT('',(-34.80186206896,25.4,-6.479999732461));
#1096 = PCURVE('',#409,#1097);
#1097 = DEFINITIONAL_REPRESENTATION('',(#1098),#1102);
#1098 = B_SPLINE_CURVE_WITH_KNOTS('',2,(#1099,#1100,#1101),
  .UNSPECIFIED.,.F.,.F.,(3,3),(0.,40.),.PIECEWISE_BEZIER_KNOTS.);
#1099 = CARTESIAN_POINT('',(2.95750381888,-20.));
#1100 = CARTESIAN_POINT('',(2.95750381888,-2.253099667622E-15));
#1101 = CARTESIAN_POINT('',(2.95750381888,20.));
#1102 = ( GEOMETRIC_REPRESENTATION_CONTEXT(2) 
PARAMETRIC_REPRESENTATION_CONTEXT() REPRESENTATION_CONTEXT('2D SPACE',''
  ) );
#1103 = PCURVE('',#373,#1104);
#1104 = DEFINITIONAL_REPRESENTATION('',(#1105),#1109);
#1105 = B_SPLINE_CURVE_WITH_KNOTS('',2,(#1106,#1107,#1108),
  .UNSPECIFIED.,.F.,.F.,(3,3),(0.,40.),.PIECEWISE_BEZIER_KNOTS.);
#1106 = CARTESIAN_POINT('',(2.536588965533,-20.));
#1107 = CARTESIAN_POINT('',(2.536588965533,-1.95921710228E-15));
#1108 = CARTESIAN_POINT('',(2.536588965533,20.));
#1109 = ( GEOMETRIC_REPRESENTATION_CONTEXT(2) 
PARAMETRIC_REPRESENTATION_CONTEXT() REPRESENTATION_CONTEXT('2D SPACE',''
  ) );
#1110 = ORIENTED_EDGE('',*,*,#822,.T.);
#1111 = ORIENTED_EDGE('',*,*,#1040,.F.);
#1112 = ADVANCED_FACE('',(#1113),#269,.T.);
#1113 = FACE_BOUND('',#1114,.T.);
#1114 = EDGE_LOOP('',(#1115,#1116,#1117,#1118));
#1115 = ORIENTED_EDGE('',*,*,#253,.F.);
#1116 = ORIENTED_EDGE('',*,*,#1064,.T.);
#1117 = ORIENTED_EDGE('',*,*,#718,.T.);
#1118 = ORIENTED_EDGE('',*,*,#1119,.F.);
#1119 = EDGE_CURVE('',#254,#719,#1120,.T.);
#1120 = SURFACE_CURVE('',#1121,(#1124,#1131),.PCURVE_S1.);
#1121 = B_SPLINE_CURVE_WITH_KNOTS('',1,(#1122,#1123),.UNSPECIFIED.,.F.,
  .F.,(2,2),(0.,40.),.PIECEWISE_BEZIER_KNOTS.);
#1122 = CARTESIAN_POINT('',(-11.78908664965,-25.4,33.379296516957));
#1123 = CARTESIAN_POINT('',(-11.78908664965,25.4,33.379296516957));
#1124 = PCURVE('',#269,#1125);
#1125 = DEFINITIONAL_REPRESENTATION('',(#1126),#1130);
#1126 = B_SPLINE_CURVE_WITH_KNOTS('',2,(#1127,#1128,#1129),
  .UNSPECIFIED.,.F.,.F.,(3,3),(0.,40.),.PIECEWISE_BEZIER_KNOTS.);
#1127 = CARTESIAN_POINT('',(4.372879039497,-20.));
#1128 = CARTESIAN_POINT('',(4.372879039497,-1.46941282671E-15));
#1129 = CARTESIAN_POINT('',(4.372879039497,20.));
#1130 = ( GEOMETRIC_REPRESENTATION_CONTEXT(2) 
PARAMETRIC_REPRESENTATION_CONTEXT() REPRESENTATION_CONTEXT('2D SPACE',''
  ) );
#1131 = PCURVE('',#303,#1132);
#1132 = DEFINITIONAL_REPRESENTATION('',(#1133),#1137);
#1133 = B_SPLINE_CURVE_WITH_KNOTS('',2,(#1134,#1135,#1136),
  .UNSPECIFIED.,.F.,.F.,(3,3),(0.,40.),.PIECEWISE_BEZIER_KNOTS.);
#1134 = CARTESIAN_POINT('',(-1.489391414336,-20.));
#1135 = CARTESIAN_POINT('',(-1.489391414336,-1.46941282671E-15));
#1136 = CARTESIAN_POINT('',(-1.489391414336,20.));
#1137 = ( GEOMETRIC_REPRESENTATION_CONTEXT(2) 
PARAMETRIC_REPRESENTATION_CONTEXT() REPRESENTATION_CONTEXT('2D SPACE',''
  ) );
#1138 = ADVANCED_FACE('',(#1139),#373,.F.);
#1139 = FACE_BOUND('',#1140,.F.);
#1140 = EDGE_LOOP('',(#1141,#1142,#1143,#1163));
#1141 = ORIENTED_EDGE('',*,*,#1091,.T.);
#1142 = ORIENTED_EDGE('',*,*,#793,.F.);
#1143 = ORIENTED_EDGE('',*,*,#1144,.F.);
#1144 = EDGE_CURVE('',#324,#771,#1145,.T.);
#1145 = SURFACE_CURVE('',#1146,(#1149,#1156),.PCURVE_S1.);
#1146 = B_SPLINE_CURVE_WITH_KNOTS('',1,(#1147,#1148),.UNSPECIFIED.,.F.,
  .F.,(2,2),(0.,40.),.PIECEWISE_BEZIER_KNOTS.);
#1147 = CARTESIAN_POINT('',(-34.80186206896,-25.4,6.479999732461));
#1148 = CARTESIAN_POINT('',(-34.80186206896,25.4,6.479999732461));
#1149 = PCURVE('',#373,#1150);
#1150 = DEFINITIONAL_REPRESENTATION('',(#1151),#1155);
#1151 = B_SPLINE_CURVE_WITH_KNOTS('',2,(#1152,#1153,#1154),
  .UNSPECIFIED.,.F.,.F.,(3,3),(0.,40.),.PIECEWISE_BEZIER_KNOTS.);
#1152 = CARTESIAN_POINT('',(-2.536588965533,-20.));
#1153 = CARTESIAN_POINT('',(-2.536588965533,-1.46941282671E-15));
#1154 = CARTESIAN_POINT('',(-2.536588965533,20.));
#1155 = ( GEOMETRIC_REPRESENTATION_CONTEXT(2) 
PARAMETRIC_REPRESENTATION_CONTEXT() REPRESENTATION_CONTEXT('2D SPACE',''
  ) );
#1156 = PCURVE('',#339,#1157);
#1157 = DEFINITIONAL_REPRESENTATION('',(#1158),#1162);
#1158 = B_SPLINE_CURVE_WITH_KNOTS('',2,(#1159,#1160,#1161),
  .UNSPECIFIED.,.F.,.F.,(3,3),(0.,40.),.PIECEWISE_BEZIER_KNOTS.);
#1159 = CARTESIAN_POINT('',(3.3256814883,-20.));
#1160 = CARTESIAN_POINT('',(3.3256814883,-1.46941282671E-15));
#1161 = CARTESIAN_POINT('',(3.3256814883,20.));
#1162 = ( GEOMETRIC_REPRESENTATION_CONTEXT(2) 
PARAMETRIC_REPRESENTATION_CONTEXT() REPRESENTATION_CONTEXT('2D SPACE',''
  ) );
#1163 = ORIENTED_EDGE('',*,*,#353,.T.);
#1164 = ADVANCED_FACE('',(#1165),#303,.F.);
#1165 = FACE_BOUND('',#1166,.F.);
#1166 = EDGE_LOOP('',(#1167,#1187,#1188,#1189));
#1167 = ORIENTED_EDGE('',*,*,#1168,.T.);
#1168 = EDGE_CURVE('',#284,#742,#1169,.T.);
#1169 = SURFACE_CURVE('',#1170,(#1173,#1180),.PCURVE_S1.);
#1170 = B_SPLINE_CURVE_WITH_KNOTS('',1,(#1171,#1172),.UNSPECIFIED.,.F.,
  .F.,(2,2),(0.,40.),.PIECEWISE_BEZIER_KNOTS.);
#1171 = CARTESIAN_POINT('',(-23.0127754193,-25.4,26.899296784496));
#1172 = CARTESIAN_POINT('',(-23.0127754193,25.4,26.899296784496));
#1173 = PCURVE('',#303,#1174);
#1174 = DEFINITIONAL_REPRESENTATION('',(#1175),#1179);
#1175 = B_SPLINE_CURVE_WITH_KNOTS('',2,(#1176,#1177,#1178),
  .UNSPECIFIED.,.F.,.F.,(3,3),(0.,40.),.PIECEWISE_BEZIER_KNOTS.);
#1176 = CARTESIAN_POINT('',(3.58378651673,-20.));
#1177 = CARTESIAN_POINT('',(3.58378651673,-1.95921710228E-15));
#1178 = CARTESIAN_POINT('',(3.58378651673,20.));
#1179 = ( GEOMETRIC_REPRESENTATION_CONTEXT(2) 
PARAMETRIC_REPRESENTATION_CONTEXT() REPRESENTATION_CONTEXT('2D SPACE',''
  ) );
#1180 = PCURVE('',#339,#1181);
#1181 = DEFINITIONAL_REPRESENTATION('',(#1182),#1186);
#1182 = B_SPLINE_CURVE_WITH_KNOTS('',2,(#1183,#1184,#1185),
  .UNSPECIFIED.,.F.,.F.,(3,3),(0.,40.),.PIECEWISE_BEZIER_KNOTS.);
#1183 = CARTESIAN_POINT('',(4.004701370076,-20.));
#1184 = CARTESIAN_POINT('',(4.004701370076,-1.46941282671E-15));
#1185 = CARTESIAN_POINT('',(4.004701370076,20.));
#1186 = ( GEOMETRIC_REPRESENTATION_CONTEXT(2) 
PARAMETRIC_REPRESENTATION_CONTEXT() REPRESENTATION_CONTEXT('2D SPACE',''
  ) );
#1187 = ORIENTED_EDGE('',*,*,#741,.F.);
#1188 = ORIENTED_EDGE('',*,*,#1119,.F.);
#1189 = ORIENTED_EDGE('',*,*,#283,.T.);
#1190 = ADVANCED_FACE('',(#1191),#339,.T.);
#1191 = FACE_BOUND('',#1192,.T.);
#1192 = EDGE_LOOP('',(#1193,#1194,#1195,#1196));
#1193 = ORIENTED_EDGE('',*,*,#323,.F.);
#1194 = ORIENTED_EDGE('',*,*,#1168,.T.);
#1195 = ORIENTED_EDGE('',*,*,#770,.T.);
#1196 = ORIENTED_EDGE('',*,*,#1144,.F.);
#1197 = ADVANCED_FACE('',(#1198,#1201),#568,.T.);
#1198 = FACE_BOUND('',#1199,.T.);
#1199 = EDGE_LOOP('',(#1200));
#1200 = ORIENTED_EDGE('',*,*,#522,.T.);
#1201 = FACE_BOUND('',#1202,.T.);
#1202 = EDGE_LOOP('',(#1203,#1238,#1271,#1297,#1330));
#1203 = ORIENTED_EDGE('',*,*,#1204,.T.);
#1204 = EDGE_CURVE('',#1205,#1207,#1209,.T.);
#1205 = VERTEX_POINT('',#1206);
#1206 = CARTESIAN_POINT('',(-3.,-25.4,0.));
#1207 = VERTEX_POINT('',#1208);
#1208 = CARTESIAN_POINT('',(0.,-25.4,3.));
#1209 = SURFACE_CURVE('',#1210,(#1215,#1226),.PCURVE_S1.);
#1210 = CIRCLE('',#1211,3.);
#1211 = AXIS2_PLACEMENT_3D('',#1212,#1213,#1214);
#1212 = CARTESIAN_POINT('',(0.,-25.4,0.));
#1213 = DIRECTION('',(-0.,1.,0.));
#1214 = DIRECTION('',(1.,0.,0.));
#1215 = PCURVE('',#568,#1216);
#1216 = DEFINITIONAL_REPRESENTATION('',(#1217),#1225);
#1217 = ( BOUNDED_CURVE() B_SPLINE_CURVE(2,(#1218,#1219,#1220,#1221,
#1222,#1223,#1224),.UNSPECIFIED.,.T.,.F.) B_SPLINE_CURVE_WITH_KNOTS((1,2
    ,2,2,2,1),(-2.094395102393,0.,2.094395102393,4.188790204786,
6.28318530718,8.377580409573),.UNSPECIFIED.) CURVE() 
GEOMETRIC_REPRESENTATION_ITEM() RATIONAL_B_SPLINE_CURVE((1.,0.5,1.,0.5,
1.,0.5,1.)) REPRESENTATION_ITEM('') );
#1218 = CARTESIAN_POINT('',(3.49503809816E-16,3.));
#1219 = CARTESIAN_POINT('',(5.196152422707,3.));
#1220 = CARTESIAN_POINT('',(2.598076211353,-1.5));
#1221 = CARTESIAN_POINT('',(1.084291889304E-15,-6.));
#1222 = CARTESIAN_POINT('',(-2.598076211353,-1.5));
#1223 = CARTESIAN_POINT('',(-5.196152422707,3.));
#1224 = CARTESIAN_POINT('',(3.49503809816E-16,3.));
#1225 = ( GEOMETRIC_REPRESENTATION_CONTEXT(2) 
PARAMETRIC_REPRESENTATION_CONTEXT() REPRESENTATION_CONTEXT('2D SPACE',''
  ) );
#1226 = PCURVE('',#1227,#1232);
#1227 = CYLINDRICAL_SURFACE('',#1228,3.);
#1228 = AXIS2_PLACEMENT_3D('',#1229,#1230,#1231);
#1229 = CARTESIAN_POINT('',(0.,0.,0.));
#1230 = DIRECTION('',(-0.,1.,-0.));
#1231 = DIRECTION('',(1.,0.,0.));
#1232 = DEFINITIONAL_REPRESENTATION('',(#1233),#1237);
#1233 = LINE('',#1234,#1235);
#1234 = CARTESIAN_POINT('',(-6.28318530718,-25.4));
#1235 = VECTOR('',#1236,1.);
#1236 = DIRECTION('',(1.,-0.));
#1237 = ( GEOMETRIC_REPRESENTATION_CONTEXT(2) 
PARAMETRIC_REPRESENTATION_CONTEXT() REPRESENTATION_CONTEXT('2D SPACE',''
  ) );
#1238 = ORIENTED_EDGE('',*,*,#1239,.T.);
#1239 = EDGE_CURVE('',#1207,#1240,#1242,.T.);
#1240 = VERTEX_POINT('',#1241);
#1241 = CARTESIAN_POINT('',(2.,-25.4,2.2360679775));
#1242 = SURFACE_CURVE('',#1243,(#1248,#1259),.PCURVE_S1.);
#1243 = CIRCLE('',#1244,3.);
#1244 = AXIS2_PLACEMENT_3D('',#1245,#1246,#1247);
#1245 = CARTESIAN_POINT('',(0.,-25.4,0.));
#1246 = DIRECTION('',(-0.,1.,0.));
#1247 = DIRECTION('',(1.,0.,0.));
#1248 = PCURVE('',#568,#1249);
#1249 = DEFINITIONAL_REPRESENTATION('',(#1250),#1258);
#1250 = ( BOUNDED_CURVE() B_SPLINE_CURVE(2,(#1251,#1252,#1253,#1254,
#1255,#1256,#1257),.UNSPECIFIED.,.T.,.F.) B_SPLINE_CURVE_WITH_KNOTS((1,2
    ,2,2,2,1),(-2.094395102393,0.,2.094395102393,4.188790204786,
6.28318530718,8.377580409573),.UNSPECIFIED.) CURVE() 
GEOMETRIC_REPRESENTATION_ITEM() RATIONAL_B_SPLINE_CURVE((1.,0.5,1.,0.5,
1.,0.5,1.)) REPRESENTATION_ITEM('') );
#1251 = CARTESIAN_POINT('',(3.49503809816E-16,3.));
#1252 = CARTESIAN_POINT('',(5.196152422707,3.));
#1253 = CARTESIAN_POINT('',(2.598076211353,-1.5));
#1254 = CARTESIAN_POINT('',(1.084291889304E-15,-6.));
#1255 = CARTESIAN_POINT('',(-2.598076211353,-1.5));
#1256 = CARTESIAN_POINT('',(-5.196152422707,3.));
#1257 = CARTESIAN_POINT('',(3.49503809816E-16,3.));
#1258 = ( GEOMETRIC_REPRESENTATION_CONTEXT(2) 
PARAMETRIC_REPRESENTATION_CONTEXT() REPRESENTATION_CONTEXT('2D SPACE',''
  ) );
#1259 = PCURVE('',#1260,#1265);
#1260 = CYLINDRICAL_SURFACE('',#1261,3.);
#1261 = AXIS2_PLACEMENT_3D('',#1262,#1263,#1264);
#1262 = CARTESIAN_POINT('',(0.,0.,0.));
#1263 = DIRECTION('',(-0.,1.,-0.));
#1264 = DIRECTION('',(1.,0.,0.));
#1265 = DEFINITIONAL_REPRESENTATION('',(#1266),#1270);
#1266 = LINE('',#1267,#1268);
#1267 = CARTESIAN_POINT('',(-6.28318530718,-25.4));
#1268 = VECTOR('',#1269,1.);
#1269 = DIRECTION('',(1.,-0.));
#1270 = ( GEOMETRIC_REPRESENTATION_CONTEXT(2) 
PARAMETRIC_REPRESENTATION_CONTEXT() REPRESENTATION_CONTEXT('2D SPACE',''
  ) );
#1271 = ORIENTED_EDGE('',*,*,#1272,.T.);
#1272 = EDGE_CURVE('',#1240,#1273,#1275,.T.);
#1273 = VERTEX_POINT('',#1274);
#1274 = CARTESIAN_POINT('',(2.,-25.4,-2.2360679775));
#1275 = SURFACE_CURVE('',#1276,(#1280,#1286),.PCURVE_S1.);
#1276 = LINE('',#1277,#1278);
#1277 = CARTESIAN_POINT('',(2.,-25.4,-1.5));
#1278 = VECTOR('',#1279,1.);
#1279 = DIRECTION('',(0.,0.,-1.));
#1280 = PCURVE('',#568,#1281);
#1281 = DEFINITIONAL_REPRESENTATION('',(#1282),#1285);
#1282 = B_SPLINE_CURVE_WITH_KNOTS('',1,(#1283,#1284),.UNSPECIFIED.,.F.,
  .F.,(2,2),(-3.7360679775,0.7360679775),.PIECEWISE_BEZIER_KNOTS.);
#1283 = CARTESIAN_POINT('',(-2.2360679775,2.));
#1284 = CARTESIAN_POINT('',(2.2360679775,2.));
#1285 = ( GEOMETRIC_REPRESENTATION_CONTEXT(2) 
PARAMETRIC_REPRESENTATION_CONTEXT() REPRESENTATION_CONTEXT('2D SPACE',''
  ) );
#1286 = PCURVE('',#1287,#1292);
#1287 = PLANE('',#1288);
#1288 = AXIS2_PLACEMENT_3D('',#1289,#1290,#1291);
#1289 = CARTESIAN_POINT('',(2.,0.,-3.));
#1290 = DIRECTION('',(-1.,0.,0.));
#1291 = DIRECTION('',(0.,0.,1.));
#1292 = DEFINITIONAL_REPRESENTATION('',(#1293),#1296);
#1293 = B_SPLINE_CURVE_WITH_KNOTS('',1,(#1294,#1295),.UNSPECIFIED.,.F.,
  .F.,(2,2),(-3.7360679775,0.7360679775),.PIECEWISE_BEZIER_KNOTS.);
#1294 = CARTESIAN_POINT('',(5.2360679775,-25.4));
#1295 = CARTESIAN_POINT('',(0.7639320225,-25.4));
#1296 = ( GEOMETRIC_REPRESENTATION_CONTEXT(2) 
PARAMETRIC_REPRESENTATION_CONTEXT() REPRESENTATION_CONTEXT('2D SPACE',''
  ) );
#1297 = ORIENTED_EDGE('',*,*,#1298,.T.);
#1298 = EDGE_CURVE('',#1273,#1299,#1301,.T.);
#1299 = VERTEX_POINT('',#1300);
#1300 = CARTESIAN_POINT('',(0.,-25.4,-3.));
#1301 = SURFACE_CURVE('',#1302,(#1307,#1318),.PCURVE_S1.);
#1302 = CIRCLE('',#1303,3.);
#1303 = AXIS2_PLACEMENT_3D('',#1304,#1305,#1306);
#1304 = CARTESIAN_POINT('',(0.,-25.4,0.));
#1305 = DIRECTION('',(-0.,1.,0.));
#1306 = DIRECTION('',(1.,0.,0.));
#1307 = PCURVE('',#568,#1308);
#1308 = DEFINITIONAL_REPRESENTATION('',(#1309),#1317);
#1309 = ( BOUNDED_CURVE() B_SPLINE_CURVE(2,(#1310,#1311,#1312,#1313,
#1314,#1315,#1316),.UNSPECIFIED.,.T.,.F.) B_SPLINE_CURVE_WITH_KNOTS((1,2
    ,2,2,2,1),(-2.094395102393,0.,2.094395102393,4.188790204786,
6.28318530718,8.377580409573),.UNSPECIFIED.) CURVE() 
GEOMETRIC_REPRESENTATION_ITEM() RATIONAL_B_SPLINE_CURVE((1.,0.5,1.,0.5,
1.,0.5,1.)) REPRESENTATION_ITEM('') );
#1310 = CARTESIAN_POINT('',(3.49503809816E-16,3.));
#1311 = CARTESIAN_POINT('',(5.196152422707,3.));
#1312 = CARTESIAN_POINT('',(2.598076211353,-1.5));
#1313 = CARTESIAN_POINT('',(1.084291889304E-15,-6.));
#1314 = CARTESIAN_POINT('',(-2.598076211353,-1.5));
#1315 = CARTESIAN_POINT('',(-5.196152422707,3.));
#1316 = CARTESIAN_POINT('',(3.49503809816E-16,3.));
#1317 = ( GEOMETRIC_REPRESENTATION_CONTEXT(2) 
PARAMETRIC_REPRESENTATION_CONTEXT() REPRESENTATION_CONTEXT('2D SPACE',''
  ) );
#1318 = PCURVE('',#1319,#1324);
#1319 = CYLINDRICAL_SURFACE('',#1320,3.);
#1320 = AXIS2_PLACEMENT_3D('',#1321,#1322,#1323);
#1321 = CARTESIAN_POINT('',(0.,0.,0.));
#1322 = DIRECTION('',(-0.,1.,-0.));
#1323 = DIRECTION('',(1.,0.,0.));
#1324 = DEFINITIONAL_REPRESENTATION('',(#1325),#1329);
#1325 = LINE('',#1326,#1327);
#1326 = CARTESIAN_POINT('',(-6.28318530718,-25.4));
#1327 = VECTOR('',#1328,1.);
#1328 = DIRECTION('',(1.,-0.));
#1329 = ( GEOMETRIC_REPRESENTATION_CONTEXT(2) 
PARAMETRIC_REPRESENTATION_CONTEXT() REPRESENTATION_CONTEXT('2D SPACE',''
  ) );
#1330 = ORIENTED_EDGE('',*,*,#1331,.T.);
#1331 = EDGE_CURVE('',#1299,#1205,#1332,.T.);
#1332 = SURFACE_CURVE('',#1333,(#1338,#1349),.PCURVE_S1.);
#1333 = CIRCLE('',#1334,3.);
#1334 = AXIS2_PLACEMENT_3D('',#1335,#1336,#1337);
#1335 = CARTESIAN_POINT('',(0.,-25.4,0.));
#1336 = DIRECTION('',(-0.,1.,0.));
#1337 = DIRECTION('',(1.,0.,0.));
#1338 = PCURVE('',#568,#1339);
#1339 = DEFINITIONAL_REPRESENTATION('',(#1340),#1348);
#1340 = ( BOUNDED_CURVE() B_SPLINE_CURVE(2,(#1341,#1342,#1343,#1344,
#1345,#1346,#1347),.UNSPECIFIED.,.T.,.F.) B_SPLINE_CURVE_WITH_KNOTS((1,2
    ,2,2,2,1),(-2.094395102393,0.,2.094395102393,4.188790204786,
6.28318530718,8.377580409573),.UNSPECIFIED.) CURVE() 
GEOMETRIC_REPRESENTATION_ITEM() RATIONAL_B_SPLINE_CURVE((1.,0.5,1.,0.5,
1.,0.5,1.)) REPRESENTATION_ITEM('') );
#1341 = CARTESIAN_POINT('',(3.49503809816E-16,3.));
#1342 = CARTESIAN_POINT('',(5.196152422707,3.));
#1343 = CARTESIAN_POINT('',(2.598076211353,-1.5));
#1344 = CARTESIAN_POINT('',(1.084291889304E-15,-6.));
#1345 = CARTESIAN_POINT('',(-2.598076211353,-1.5));
#1346 = CARTESIAN_POINT('',(-5.196152422707,3.));
#1347 = CARTESIAN_POINT('',(3.49503809816E-16,3.));
#1348 = ( GEOMETRIC_REPRESENTATION_CONTEXT(2) 
PARAMETRIC_REPRESENTATION_CONTEXT() REPRESENTATION_CONTEXT('2D SPACE',''
  ) );
#1349 = PCURVE('',#1350,#1355);
#1350 = CYLINDRICAL_SURFACE('',#1351,3.);
#1351 = AXIS2_PLACEMENT_3D('',#1352,#1353,#1354);
#1352 = CARTESIAN_POINT('',(0.,0.,0.));
#1353 = DIRECTION('',(-0.,1.,-0.));
#1354 = DIRECTION('',(1.,0.,0.));
#1355 = DEFINITIONAL_REPRESENTATION('',(#1356),#1360);
#1356 = LINE('',#1357,#1358);
#1357 = CARTESIAN_POINT('',(-6.28318530718,-25.4));
#1358 = VECTOR('',#1359,1.);
#1359 = DIRECTION('',(1.,-0.));
#1360 = ( GEOMETRIC_REPRESENTATION_CONTEXT(2) 
PARAMETRIC_REPRESENTATION_CONTEXT() REPRESENTATION_CONTEXT('2D SPACE',''
  ) );
#1361 = ADVANCED_FACE('',(#1362,#1365),#945,.F.);
#1362 = FACE_BOUND('',#1363,.F.);
#1363 = EDGE_LOOP('',(#1364));
#1364 = ORIENTED_EDGE('',*,*,#899,.T.);
#1365 = FACE_BOUND('',#1366,.F.);
#1366 = EDGE_LOOP('',(#1367,#1398,#1419,#1448,#1477));
#1367 = ORIENTED_EDGE('',*,*,#1368,.F.);
#1368 = EDGE_CURVE('',#1369,#1371,#1373,.T.);
#1369 = VERTEX_POINT('',#1370);
#1370 = CARTESIAN_POINT('',(2.,25.4,2.2360679775));
#1371 = VERTEX_POINT('',#1372);
#1372 = CARTESIAN_POINT('',(0.,25.4,3.));
#1373 = SURFACE_CURVE('',#1374,(#1379,#1386),.PCURVE_S1.);
#1374 = CIRCLE('',#1375,3.);
#1375 = AXIS2_PLACEMENT_3D('',#1376,#1377,#1378);
#1376 = CARTESIAN_POINT('',(0.,25.4,0.));
#1377 = DIRECTION('',(0.,-1.,0.));
#1378 = DIRECTION('',(1.,0.,0.));
#1379 = PCURVE('',#945,#1380);
#1380 = DEFINITIONAL_REPRESENTATION('',(#1381),#1385);
#1381 = CIRCLE('',#1382,3.);
#1382 = AXIS2_PLACEMENT_2D('',#1383,#1384);
#1383 = CARTESIAN_POINT('',(3.49503809816E-16,2.563950248511E-16));
#1384 = DIRECTION('',(0.,1.));
#1385 = ( GEOMETRIC_REPRESENTATION_CONTEXT(2) 
PARAMETRIC_REPRESENTATION_CONTEXT() REPRESENTATION_CONTEXT('2D SPACE',''
  ) );
#1386 = PCURVE('',#1387,#1392);
#1387 = CYLINDRICAL_SURFACE('',#1388,3.);
#1388 = AXIS2_PLACEMENT_3D('',#1389,#1390,#1391);
#1389 = CARTESIAN_POINT('',(0.,0.,0.));
#1390 = DIRECTION('',(0.,-1.,0.));
#1391 = DIRECTION('',(1.,0.,0.));
#1392 = DEFINITIONAL_REPRESENTATION('',(#1393),#1397);
#1393 = LINE('',#1394,#1395);
#1394 = CARTESIAN_POINT('',(0.,-25.4));
#1395 = VECTOR('',#1396,1.);
#1396 = DIRECTION('',(1.,0.));
#1397 = ( GEOMETRIC_REPRESENTATION_CONTEXT(2) 
PARAMETRIC_REPRESENTATION_CONTEXT() REPRESENTATION_CONTEXT('2D SPACE',''
  ) );
#1398 = ORIENTED_EDGE('',*,*,#1399,.T.);
#1399 = EDGE_CURVE('',#1369,#1400,#1402,.T.);
#1400 = VERTEX_POINT('',#1401);
#1401 = CARTESIAN_POINT('',(2.,25.4,-2.2360679775));
#1402 = SURFACE_CURVE('',#1403,(#1407,#1413),.PCURVE_S1.);
#1403 = LINE('',#1404,#1405);
#1404 = CARTESIAN_POINT('',(2.,25.4,-1.5));
#1405 = VECTOR('',#1406,1.);
#1406 = DIRECTION('',(0.,0.,-1.));
#1407 = PCURVE('',#945,#1408);
#1408 = DEFINITIONAL_REPRESENTATION('',(#1409),#1412);
#1409 = B_SPLINE_CURVE_WITH_KNOTS('',1,(#1410,#1411),.UNSPECIFIED.,.F.,
  .F.,(2,2),(-3.7360679775,0.7360679775),.PIECEWISE_BEZIER_KNOTS.);
#1410 = CARTESIAN_POINT('',(-2.2360679775,2.));
#1411 = CARTESIAN_POINT('',(2.2360679775,2.));
#1412 = ( GEOMETRIC_REPRESENTATION_CONTEXT(2) 
PARAMETRIC_REPRESENTATION_CONTEXT() REPRESENTATION_CONTEXT('2D SPACE',''
  ) );
#1413 = PCURVE('',#1287,#1414);
#1414 = DEFINITIONAL_REPRESENTATION('',(#1415),#1418);
#1415 = B_SPLINE_CURVE_WITH_KNOTS('',1,(#1416,#1417),.UNSPECIFIED.,.F.,
  .F.,(2,2),(-3.7360679775,0.7360679775),.PIECEWISE_BEZIER_KNOTS.);
#1416 = CARTESIAN_POINT('',(5.2360679775,25.4));
#1417 = CARTESIAN_POINT('',(0.7639320225,25.4));
#1418 = ( GEOMETRIC_REPRESENTATION_CONTEXT(2) 
PARAMETRIC_REPRESENTATION_CONTEXT() REPRESENTATION_CONTEXT('2D SPACE',''
  ) );
#1419 = ORIENTED_EDGE('',*,*,#1420,.F.);
#1420 = EDGE_CURVE('',#1421,#1400,#1423,.T.);
#1421 = VERTEX_POINT('',#1422);
#1422 = CARTESIAN_POINT('',(0.,25.4,-3.));
#1423 = SURFACE_CURVE('',#1424,(#1429,#1436),.PCURVE_S1.);
#1424 = CIRCLE('',#1425,3.);
#1425 = AXIS2_PLACEMENT_3D('',#1426,#1427,#1428);
#1426 = CARTESIAN_POINT('',(0.,25.4,0.));
#1427 = DIRECTION('',(0.,-1.,0.));
#1428 = DIRECTION('',(1.,0.,0.));
#1429 = PCURVE('',#945,#1430);
#1430 = DEFINITIONAL_REPRESENTATION('',(#1431),#1435);
#1431 = CIRCLE('',#1432,3.);
#1432 = AXIS2_PLACEMENT_2D('',#1433,#1434);
#1433 = CARTESIAN_POINT('',(3.49503809816E-16,2.563950248511E-16));
#1434 = DIRECTION('',(0.,1.));
#1435 = ( GEOMETRIC_REPRESENTATION_CONTEXT(2) 
PARAMETRIC_REPRESENTATION_CONTEXT() REPRESENTATION_CONTEXT('2D SPACE',''
  ) );
#1436 = PCURVE('',#1437,#1442);
#1437 = CYLINDRICAL_SURFACE('',#1438,3.);
#1438 = AXIS2_PLACEMENT_3D('',#1439,#1440,#1441);
#1439 = CARTESIAN_POINT('',(0.,0.,0.));
#1440 = DIRECTION('',(0.,-1.,0.));
#1441 = DIRECTION('',(1.,0.,0.));
#1442 = DEFINITIONAL_REPRESENTATION('',(#1443),#1447);
#1443 = LINE('',#1444,#1445);
#1444 = CARTESIAN_POINT('',(0.,-25.4));
#1445 = VECTOR('',#1446,1.);
#1446 = DIRECTION('',(1.,0.));
#1447 = ( GEOMETRIC_REPRESENTATION_CONTEXT(2) 
PARAMETRIC_REPRESENTATION_CONTEXT() REPRESENTATION_CONTEXT('2D SPACE',''
  ) );
#1448 = ORIENTED_EDGE('',*,*,#1449,.F.);
#1449 = EDGE_CURVE('',#1450,#1421,#1452,.T.);
#1450 = VERTEX_POINT('',#1451);
#1451 = CARTESIAN_POINT('',(-3.,25.4,0.));
#1452 = SURFACE_CURVE('',#1453,(#1458,#1465),.PCURVE_S1.);
#1453 = CIRCLE('',#1454,3.);
#1454 = AXIS2_PLACEMENT_3D('',#1455,#1456,#1457);
#1455 = CARTESIAN_POINT('',(0.,25.4,0.));
#1456 = DIRECTION('',(0.,-1.,0.));
#1457 = DIRECTION('',(1.,0.,0.));
#1458 = PCURVE('',#945,#1459);
#1459 = DEFINITIONAL_REPRESENTATION('',(#1460),#1464);
#1460 = CIRCLE('',#1461,3.);
#1461 = AXIS2_PLACEMENT_2D('',#1462,#1463);
#1462 = CARTESIAN_POINT('',(3.49503809816E-16,2.563950248511E-16));
#1463 = DIRECTION('',(0.,1.));
#1464 = ( GEOMETRIC_REPRESENTATION_CONTEXT(2) 
PARAMETRIC_REPRESENTATION_CONTEXT() REPRESENTATION_CONTEXT('2D SPACE',''
  ) );
#1465 = PCURVE('',#1466,#1471);
#1466 = CYLINDRICAL_SURFACE('',#1467,3.);
#1467 = AXIS2_PLACEMENT_3D('',#1468,#1469,#1470);
#1468 = CARTESIAN_POINT('',(0.,0.,0.));
#1469 = DIRECTION('',(0.,-1.,0.));
#1470 = DIRECTION('',(1.,0.,0.));
#1471 = DEFINITIONAL_REPRESENTATION('',(#1472),#1476);
#1472 = LINE('',#1473,#1474);
#1473 = CARTESIAN_POINT('',(0.,-25.4));
#1474 = VECTOR('',#1475,1.);
#1475 = DIRECTION('',(1.,0.));
#1476 = ( GEOMETRIC_REPRESENTATION_CONTEXT(2) 
PARAMETRIC_REPRESENTATION_CONTEXT() REPRESENTATION_CONTEXT('2D SPACE',''
  ) );
#1477 = ORIENTED_EDGE('',*,*,#1478,.F.);
#1478 = EDGE_CURVE('',#1371,#1450,#1479,.T.);
#1479 = SURFACE_CURVE('',#1480,(#1485,#1492),.PCURVE_S1.);
#1480 = CIRCLE('',#1481,3.);
#1481 = AXIS2_PLACEMENT_3D('',#1482,#1483,#1484);
#1482 = CARTESIAN_POINT('',(0.,25.4,0.));
#1483 = DIRECTION('',(0.,-1.,0.));
#1484 = DIRECTION('',(1.,0.,0.));
#1485 = PCURVE('',#945,#1486);
#1486 = DEFINITIONAL_REPRESENTATION('',(#1487),#1491);
#1487 = CIRCLE('',#1488,3.);
#1488 = AXIS2_PLACEMENT_2D('',#1489,#1490);
#1489 = CARTESIAN_POINT('',(3.49503809816E-16,2.563950248511E-16));
#1490 = DIRECTION('',(0.,1.));
#1491 = ( GEOMETRIC_REPRESENTATION_CONTEXT(2) 
PARAMETRIC_REPRESENTATION_CONTEXT() REPRESENTATION_CONTEXT('2D SPACE',''
  ) );
#1492 = PCURVE('',#1493,#1498);
#1493 = CYLINDRICAL_SURFACE('',#1494,3.);
#1494 = AXIS2_PLACEMENT_3D('',#1495,#1496,#1497);
#1495 = CARTESIAN_POINT('',(0.,0.,0.));
#1496 = DIRECTION('',(0.,-1.,0.));
#1497 = DIRECTION('',(1.,0.,0.));
#1498 = DEFINITIONAL_REPRESENTATION('',(#1499),#1503);
#1499 = LINE('',#1500,#1501);
#1500 = CARTESIAN_POINT('',(0.,-25.4));
#1501 = VECTOR('',#1502,1.);
#1502 = DIRECTION('',(1.,0.));
#1503 = ( GEOMETRIC_REPRESENTATION_CONTEXT(2) 
PARAMETRIC_REPRESENTATION_CONTEXT() REPRESENTATION_CONTEXT('2D SPACE',''
  ) );
#1504 = ADVANCED_FACE('',(#1505),#1227,.F.);
#1505 = FACE_BOUND('',#1506,.T.);
#1506 = EDGE_LOOP('',(#1507,#1532,#1551,#1552));
#1507 = ORIENTED_EDGE('',*,*,#1508,.F.);
#1508 = EDGE_CURVE('',#1509,#1511,#1513,.T.);
#1509 = VERTEX_POINT('',#1510);
#1510 = CARTESIAN_POINT('',(1.836970198721E-16,0.,3.));
#1511 = VERTEX_POINT('',#1512);
#1512 = CARTESIAN_POINT('',(-3.,0.,3.673940397442E-16));
#1513 = SURFACE_CURVE('',#1514,(#1519,#1526),.PCURVE_S1.);
#1514 = CIRCLE('',#1515,3.);
#1515 = AXIS2_PLACEMENT_3D('',#1516,#1517,#1518);
#1516 = CARTESIAN_POINT('',(0.,0.,0.));
#1517 = DIRECTION('',(0.,-1.,0.));
#1518 = DIRECTION('',(1.,0.,0.));
#1519 = PCURVE('',#1227,#1520);
#1520 = DEFINITIONAL_REPRESENTATION('',(#1521),#1525);
#1521 = LINE('',#1522,#1523);
#1522 = CARTESIAN_POINT('',(-0.,0.));
#1523 = VECTOR('',#1524,1.);
#1524 = DIRECTION('',(-1.,0.));
#1525 = ( GEOMETRIC_REPRESENTATION_CONTEXT(2) 
PARAMETRIC_REPRESENTATION_CONTEXT() REPRESENTATION_CONTEXT('2D SPACE',''
  ) );
#1526 = PCURVE('',#1493,#1527);
#1527 = DEFINITIONAL_REPRESENTATION('',(#1528),#1531);
#1528 = B_SPLINE_CURVE_WITH_KNOTS('',1,(#1529,#1530),.UNSPECIFIED.,.F.,
  .F.,(2,2),(0.,6.28318530718),.PIECEWISE_BEZIER_KNOTS.);
#1529 = CARTESIAN_POINT('',(0.,0.));
#1530 = CARTESIAN_POINT('',(6.28318530718,0.));
#1531 = ( GEOMETRIC_REPRESENTATION_CONTEXT(2) 
PARAMETRIC_REPRESENTATION_CONTEXT() REPRESENTATION_CONTEXT('2D SPACE',''
  ) );
#1532 = ORIENTED_EDGE('',*,*,#1533,.F.);
#1533 = EDGE_CURVE('',#1207,#1509,#1534,.T.);
#1534 = SURFACE_CURVE('',#1535,(#1539,#1545),.PCURVE_S1.);
#1535 = LINE('',#1536,#1537);
#1536 = CARTESIAN_POINT('',(0.,0.,3.));
#1537 = VECTOR('',#1538,1.);
#1538 = DIRECTION('',(-0.,1.,-0.));
#1539 = PCURVE('',#1227,#1540);
#1540 = DEFINITIONAL_REPRESENTATION('',(#1541),#1544);
#1541 = B_SPLINE_CURVE_WITH_KNOTS('',1,(#1542,#1543),.UNSPECIFIED.,.F.,
  .F.,(2,2),(-30.0000006,6.E-07),.PIECEWISE_BEZIER_KNOTS.);
#1542 = CARTESIAN_POINT('',(-1.570796326795,-30.0000006));
#1543 = CARTESIAN_POINT('',(-1.570796326795,6.E-07));
#1544 = ( GEOMETRIC_REPRESENTATION_CONTEXT(2) 
PARAMETRIC_REPRESENTATION_CONTEXT() REPRESENTATION_CONTEXT('2D SPACE',''
  ) );
#1545 = PCURVE('',#1260,#1546);
#1546 = DEFINITIONAL_REPRESENTATION('',(#1547),#1550);
#1547 = B_SPLINE_CURVE_WITH_KNOTS('',1,(#1548,#1549),.UNSPECIFIED.,.F.,
  .F.,(2,2),(-30.0000006,6.E-07),.PIECEWISE_BEZIER_KNOTS.);
#1548 = CARTESIAN_POINT('',(-1.570796326795,-30.0000006));
#1549 = CARTESIAN_POINT('',(-1.570796326795,6.E-07));
#1550 = ( GEOMETRIC_REPRESENTATION_CONTEXT(2) 
PARAMETRIC_REPRESENTATION_CONTEXT() REPRESENTATION_CONTEXT('2D SPACE',''
  ) );
#1551 = ORIENTED_EDGE('',*,*,#1204,.F.);
#1552 = ORIENTED_EDGE('',*,*,#1553,.T.);
#1553 = EDGE_CURVE('',#1205,#1511,#1554,.T.);
#1554 = SURFACE_CURVE('',#1555,(#1559,#1565),.PCURVE_S1.);
#1555 = LINE('',#1556,#1557);
#1556 = CARTESIAN_POINT('',(-3.,0.,0.));
#1557 = VECTOR('',#1558,1.);
#1558 = DIRECTION('',(-0.,1.,-0.));
#1559 = PCURVE('',#1227,#1560);
#1560 = DEFINITIONAL_REPRESENTATION('',(#1561),#1564);
#1561 = B_SPLINE_CURVE_WITH_KNOTS('',1,(#1562,#1563),.UNSPECIFIED.,.F.,
  .F.,(2,2),(-30.0000006,6.E-07),.PIECEWISE_BEZIER_KNOTS.);
#1562 = CARTESIAN_POINT('',(-3.14159265359,-30.0000006));
#1563 = CARTESIAN_POINT('',(-3.14159265359,6.E-07));
#1564 = ( GEOMETRIC_REPRESENTATION_CONTEXT(2) 
PARAMETRIC_REPRESENTATION_CONTEXT() REPRESENTATION_CONTEXT('2D SPACE',''
  ) );
#1565 = PCURVE('',#1350,#1566);
#1566 = DEFINITIONAL_REPRESENTATION('',(#1567),#1570);
#1567 = B_SPLINE_CURVE_WITH_KNOTS('',1,(#1568,#1569),.UNSPECIFIED.,.F.,
  .F.,(2,2),(-30.0000006,6.E-07),.PIECEWISE_BEZIER_KNOTS.);
#1568 = CARTESIAN_POINT('',(-3.14159265359,-30.0000006));
#1569 = CARTESIAN_POINT('',(-3.14159265359,6.E-07));
#1570 = ( GEOMETRIC_REPRESENTATION_CONTEXT(2) 
PARAMETRIC_REPRESENTATION_CONTEXT() REPRESENTATION_CONTEXT('2D SPACE',''
  ) );
#1571 = ADVANCED_FACE('',(#1572),#1350,.F.);
#1572 = FACE_BOUND('',#1573,.T.);
#1573 = EDGE_LOOP('',(#1574,#1575,#1596,#1617));
#1574 = ORIENTED_EDGE('',*,*,#1331,.F.);
#1575 = ORIENTED_EDGE('',*,*,#1576,.T.);
#1576 = EDGE_CURVE('',#1299,#1577,#1579,.T.);
#1577 = VERTEX_POINT('',#1578);
#1578 = CARTESIAN_POINT('',(-5.510910596163E-16,0.,-3.));
#1579 = SURFACE_CURVE('',#1580,(#1584,#1590),.PCURVE_S1.);
#1580 = LINE('',#1581,#1582);
#1581 = CARTESIAN_POINT('',(0.,0.,-3.));
#1582 = VECTOR('',#1583,1.);
#1583 = DIRECTION('',(-0.,1.,-0.));
#1584 = PCURVE('',#1350,#1585);
#1585 = DEFINITIONAL_REPRESENTATION('',(#1586),#1589);
#1586 = B_SPLINE_CURVE_WITH_KNOTS('',1,(#1587,#1588),.UNSPECIFIED.,.F.,
  .F.,(2,2),(-30.0000006,6.E-07),.PIECEWISE_BEZIER_KNOTS.);
#1587 = CARTESIAN_POINT('',(-4.712388980385,-30.0000006));
#1588 = CARTESIAN_POINT('',(-4.712388980385,6.E-07));
#1589 = ( GEOMETRIC_REPRESENTATION_CONTEXT(2) 
PARAMETRIC_REPRESENTATION_CONTEXT() REPRESENTATION_CONTEXT('2D SPACE',''
  ) );
#1590 = PCURVE('',#1319,#1591);
#1591 = DEFINITIONAL_REPRESENTATION('',(#1592),#1595);
#1592 = B_SPLINE_CURVE_WITH_KNOTS('',1,(#1593,#1594),.UNSPECIFIED.,.F.,
  .F.,(2,2),(-30.0000006,6.E-07),.PIECEWISE_BEZIER_KNOTS.);
#1593 = CARTESIAN_POINT('',(-4.712388980385,-30.0000006));
#1594 = CARTESIAN_POINT('',(-4.712388980385,6.E-07));
#1595 = ( GEOMETRIC_REPRESENTATION_CONTEXT(2) 
PARAMETRIC_REPRESENTATION_CONTEXT() REPRESENTATION_CONTEXT('2D SPACE',''
  ) );
#1596 = ORIENTED_EDGE('',*,*,#1597,.F.);
#1597 = EDGE_CURVE('',#1511,#1577,#1598,.T.);
#1598 = SURFACE_CURVE('',#1599,(#1604,#1611),.PCURVE_S1.);
#1599 = CIRCLE('',#1600,3.);
#1600 = AXIS2_PLACEMENT_3D('',#1601,#1602,#1603);
#1601 = CARTESIAN_POINT('',(0.,0.,0.));
#1602 = DIRECTION('',(0.,-1.,0.));
#1603 = DIRECTION('',(1.,0.,0.));
#1604 = PCURVE('',#1350,#1605);
#1605 = DEFINITIONAL_REPRESENTATION('',(#1606),#1610);
#1606 = LINE('',#1607,#1608);
#1607 = CARTESIAN_POINT('',(-0.,0.));
#1608 = VECTOR('',#1609,1.);
#1609 = DIRECTION('',(-1.,0.));
#1610 = ( GEOMETRIC_REPRESENTATION_CONTEXT(2) 
PARAMETRIC_REPRESENTATION_CONTEXT() REPRESENTATION_CONTEXT('2D SPACE',''
  ) );
#1611 = PCURVE('',#1466,#1612);
#1612 = DEFINITIONAL_REPRESENTATION('',(#1613),#1616);
#1613 = B_SPLINE_CURVE_WITH_KNOTS('',1,(#1614,#1615),.UNSPECIFIED.,.F.,
  .F.,(2,2),(0.,6.28318530718),.PIECEWISE_BEZIER_KNOTS.);
#1614 = CARTESIAN_POINT('',(0.,0.));
#1615 = CARTESIAN_POINT('',(6.28318530718,0.));
#1616 = ( GEOMETRIC_REPRESENTATION_CONTEXT(2) 
PARAMETRIC_REPRESENTATION_CONTEXT() REPRESENTATION_CONTEXT('2D SPACE',''
  ) );
#1617 = ORIENTED_EDGE('',*,*,#1553,.F.);
#1618 = ADVANCED_FACE('',(#1619),#1319,.F.);
#1619 = FACE_BOUND('',#1620,.T.);
#1620 = EDGE_LOOP('',(#1621,#1622,#1643,#1664));
#1621 = ORIENTED_EDGE('',*,*,#1298,.F.);
#1622 = ORIENTED_EDGE('',*,*,#1623,.T.);
#1623 = EDGE_CURVE('',#1273,#1624,#1626,.T.);
#1624 = VERTEX_POINT('',#1625);
#1625 = CARTESIAN_POINT('',(2.,0.,-2.2360679775));
#1626 = SURFACE_CURVE('',#1627,(#1631,#1637),.PCURVE_S1.);
#1627 = LINE('',#1628,#1629);
#1628 = CARTESIAN_POINT('',(2.,0.,-2.2360679775));
#1629 = VECTOR('',#1630,1.);
#1630 = DIRECTION('',(-0.,1.,-0.));
#1631 = PCURVE('',#1319,#1632);
#1632 = DEFINITIONAL_REPRESENTATION('',(#1633),#1636);
#1633 = B_SPLINE_CURVE_WITH_KNOTS('',1,(#1634,#1635),.UNSPECIFIED.,.F.,
  .F.,(2,2),(-30.0000006,6.E-07),.PIECEWISE_BEZIER_KNOTS.);
#1634 = CARTESIAN_POINT('',(-5.442116636612,-30.0000006));
#1635 = CARTESIAN_POINT('',(-5.442116636612,6.E-07));
#1636 = ( GEOMETRIC_REPRESENTATION_CONTEXT(2) 
PARAMETRIC_REPRESENTATION_CONTEXT() REPRESENTATION_CONTEXT('2D SPACE',''
  ) );
#1637 = PCURVE('',#1287,#1638);
#1638 = DEFINITIONAL_REPRESENTATION('',(#1639),#1642);
#1639 = B_SPLINE_CURVE_WITH_KNOTS('',1,(#1640,#1641),.UNSPECIFIED.,.F.,
  .F.,(2,2),(-30.0000006,6.E-07),.PIECEWISE_BEZIER_KNOTS.);
#1640 = CARTESIAN_POINT('',(0.7639320225,-30.0000006));
#1641 = CARTESIAN_POINT('',(0.7639320225,6.E-07));
#1642 = ( GEOMETRIC_REPRESENTATION_CONTEXT(2) 
PARAMETRIC_REPRESENTATION_CONTEXT() REPRESENTATION_CONTEXT('2D SPACE',''
  ) );
#1643 = ORIENTED_EDGE('',*,*,#1644,.F.);
#1644 = EDGE_CURVE('',#1577,#1624,#1645,.T.);
#1645 = SURFACE_CURVE('',#1646,(#1651,#1658),.PCURVE_S1.);
#1646 = CIRCLE('',#1647,3.);
#1647 = AXIS2_PLACEMENT_3D('',#1648,#1649,#1650);
#1648 = CARTESIAN_POINT('',(0.,0.,0.));
#1649 = DIRECTION('',(0.,-1.,0.));
#1650 = DIRECTION('',(1.,0.,0.));
#1651 = PCURVE('',#1319,#1652);
#1652 = DEFINITIONAL_REPRESENTATION('',(#1653),#1657);
#1653 = LINE('',#1654,#1655);
#1654 = CARTESIAN_POINT('',(-0.,0.));
#1655 = VECTOR('',#1656,1.);
#1656 = DIRECTION('',(-1.,0.));
#1657 = ( GEOMETRIC_REPRESENTATION_CONTEXT(2) 
PARAMETRIC_REPRESENTATION_CONTEXT() REPRESENTATION_CONTEXT('2D SPACE',''
  ) );
#1658 = PCURVE('',#1437,#1659);
#1659 = DEFINITIONAL_REPRESENTATION('',(#1660),#1663);
#1660 = B_SPLINE_CURVE_WITH_KNOTS('',1,(#1661,#1662),.UNSPECIFIED.,.F.,
  .F.,(2,2),(0.,6.28318530718),.PIECEWISE_BEZIER_KNOTS.);
#1661 = CARTESIAN_POINT('',(0.,0.));
#1662 = CARTESIAN_POINT('',(6.28318530718,0.));
#1663 = ( GEOMETRIC_REPRESENTATION_CONTEXT(2) 
PARAMETRIC_REPRESENTATION_CONTEXT() REPRESENTATION_CONTEXT('2D SPACE',''
  ) );
#1664 = ORIENTED_EDGE('',*,*,#1576,.F.);
#1665 = ADVANCED_FACE('',(#1666),#1287,.T.);
#1666 = FACE_BOUND('',#1667,.T.);
#1667 = EDGE_LOOP('',(#1668,#1669,#1670,#1691,#1710,#1711));
#1668 = ORIENTED_EDGE('',*,*,#1623,.F.);
#1669 = ORIENTED_EDGE('',*,*,#1272,.F.);
#1670 = ORIENTED_EDGE('',*,*,#1671,.T.);
#1671 = EDGE_CURVE('',#1240,#1672,#1674,.T.);
#1672 = VERTEX_POINT('',#1673);
#1673 = CARTESIAN_POINT('',(2.,0.,2.2360679775));
#1674 = SURFACE_CURVE('',#1675,(#1679,#1685),.PCURVE_S1.);
#1675 = LINE('',#1676,#1677);
#1676 = CARTESIAN_POINT('',(2.,0.,2.2360679775));
#1677 = VECTOR('',#1678,1.);
#1678 = DIRECTION('',(-0.,1.,-0.));
#1679 = PCURVE('',#1287,#1680);
#1680 = DEFINITIONAL_REPRESENTATION('',(#1681),#1684);
#1681 = B_SPLINE_CURVE_WITH_KNOTS('',1,(#1682,#1683),.UNSPECIFIED.,.F.,
  .F.,(2,2),(-30.0000006,6.E-07),.PIECEWISE_BEZIER_KNOTS.);
#1682 = CARTESIAN_POINT('',(5.2360679775,-30.0000006));
#1683 = CARTESIAN_POINT('',(5.2360679775,6.E-07));
#1684 = ( GEOMETRIC_REPRESENTATION_CONTEXT(2) 
PARAMETRIC_REPRESENTATION_CONTEXT() REPRESENTATION_CONTEXT('2D SPACE',''
  ) );
#1685 = PCURVE('',#1260,#1686);
#1686 = DEFINITIONAL_REPRESENTATION('',(#1687),#1690);
#1687 = B_SPLINE_CURVE_WITH_KNOTS('',1,(#1688,#1689),.UNSPECIFIED.,.F.,
  .F.,(2,2),(-30.0000006,6.E-07),.PIECEWISE_BEZIER_KNOTS.);
#1688 = CARTESIAN_POINT('',(-0.841068670568,-30.0000006));
#1689 = CARTESIAN_POINT('',(-0.841068670568,6.E-07));
#1690 = ( GEOMETRIC_REPRESENTATION_CONTEXT(2) 
PARAMETRIC_REPRESENTATION_CONTEXT() REPRESENTATION_CONTEXT('2D SPACE',''
  ) );
#1691 = ORIENTED_EDGE('',*,*,#1692,.F.);
#1692 = EDGE_CURVE('',#1369,#1672,#1693,.T.);
#1693 = SURFACE_CURVE('',#1694,(#1698,#1704),.PCURVE_S1.);
#1694 = LINE('',#1695,#1696);
#1695 = CARTESIAN_POINT('',(2.,0.,2.2360679775));
#1696 = VECTOR('',#1697,1.);
#1697 = DIRECTION('',(0.,-1.,0.));
#1698 = PCURVE('',#1287,#1699);
#1699 = DEFINITIONAL_REPRESENTATION('',(#1700),#1703);
#1700 = B_SPLINE_CURVE_WITH_KNOTS('',1,(#1701,#1702),.UNSPECIFIED.,.F.,
  .F.,(2,2),(-30.0000006,6.E-07),.PIECEWISE_BEZIER_KNOTS.);
#1701 = CARTESIAN_POINT('',(5.2360679775,30.0000006));
#1702 = CARTESIAN_POINT('',(5.2360679775,-6.E-07));
#1703 = ( GEOMETRIC_REPRESENTATION_CONTEXT(2) 
PARAMETRIC_REPRESENTATION_CONTEXT() REPRESENTATION_CONTEXT('2D SPACE',''
  ) );
#1704 = PCURVE('',#1387,#1705);
#1705 = DEFINITIONAL_REPRESENTATION('',(#1706),#1709);
#1706 = B_SPLINE_CURVE_WITH_KNOTS('',1,(#1707,#1708),.UNSPECIFIED.,.F.,
  .F.,(2,2),(-30.0000006,6.E-07),.PIECEWISE_BEZIER_KNOTS.);
#1707 = CARTESIAN_POINT('',(0.841068670568,-30.0000006));
#1708 = CARTESIAN_POINT('',(0.841068670568,6.E-07));
#1709 = ( GEOMETRIC_REPRESENTATION_CONTEXT(2) 
PARAMETRIC_REPRESENTATION_CONTEXT() REPRESENTATION_CONTEXT('2D SPACE',''
  ) );
#1710 = ORIENTED_EDGE('',*,*,#1399,.T.);
#1711 = ORIENTED_EDGE('',*,*,#1712,.T.);
#1712 = EDGE_CURVE('',#1400,#1624,#1713,.T.);
#1713 = SURFACE_CURVE('',#1714,(#1718,#1724),.PCURVE_S1.);
#1714 = LINE('',#1715,#1716);
#1715 = CARTESIAN_POINT('',(2.,0.,-2.2360679775));
#1716 = VECTOR('',#1717,1.);
#1717 = DIRECTION('',(0.,-1.,0.));
#1718 = PCURVE('',#1287,#1719);
#1719 = DEFINITIONAL_REPRESENTATION('',(#1720),#1723);
#1720 = B_SPLINE_CURVE_WITH_KNOTS('',1,(#1721,#1722),.UNSPECIFIED.,.F.,
  .F.,(2,2),(-30.0000006,6.E-07),.PIECEWISE_BEZIER_KNOTS.);
#1721 = CARTESIAN_POINT('',(0.7639320225,30.0000006));
#1722 = CARTESIAN_POINT('',(0.7639320225,-6.E-07));
#1723 = ( GEOMETRIC_REPRESENTATION_CONTEXT(2) 
PARAMETRIC_REPRESENTATION_CONTEXT() REPRESENTATION_CONTEXT('2D SPACE',''
  ) );
#1724 = PCURVE('',#1437,#1725);
#1725 = DEFINITIONAL_REPRESENTATION('',(#1726),#1729);
#1726 = B_SPLINE_CURVE_WITH_KNOTS('',1,(#1727,#1728),.UNSPECIFIED.,.F.,
  .F.,(2,2),(-30.0000006,6.E-07),.PIECEWISE_BEZIER_KNOTS.);
#1727 = CARTESIAN_POINT('',(5.442116636612,-30.0000006));
#1728 = CARTESIAN_POINT('',(5.442116636612,6.E-07));
#1729 = ( GEOMETRIC_REPRESENTATION_CONTEXT(2) 
PARAMETRIC_REPRESENTATION_CONTEXT() REPRESENTATION_CONTEXT('2D SPACE',''
  ) );
#1730 = ADVANCED_FACE('',(#1731),#1260,.F.);
#1731 = FACE_BOUND('',#1732,.T.);
#1732 = EDGE_LOOP('',(#1733,#1754,#1755,#1756));
#1733 = ORIENTED_EDGE('',*,*,#1734,.F.);
#1734 = EDGE_CURVE('',#1672,#1509,#1735,.T.);
#1735 = SURFACE_CURVE('',#1736,(#1741,#1748),.PCURVE_S1.);
#1736 = CIRCLE('',#1737,3.);
#1737 = AXIS2_PLACEMENT_3D('',#1738,#1739,#1740);
#1738 = CARTESIAN_POINT('',(0.,0.,0.));
#1739 = DIRECTION('',(0.,-1.,0.));
#1740 = DIRECTION('',(1.,0.,0.));
#1741 = PCURVE('',#1260,#1742);
#1742 = DEFINITIONAL_REPRESENTATION('',(#1743),#1747);
#1743 = LINE('',#1744,#1745);
#1744 = CARTESIAN_POINT('',(-0.,0.));
#1745 = VECTOR('',#1746,1.);
#1746 = DIRECTION('',(-1.,0.));
#1747 = ( GEOMETRIC_REPRESENTATION_CONTEXT(2) 
PARAMETRIC_REPRESENTATION_CONTEXT() REPRESENTATION_CONTEXT('2D SPACE',''
  ) );
#1748 = PCURVE('',#1387,#1749);
#1749 = DEFINITIONAL_REPRESENTATION('',(#1750),#1753);
#1750 = B_SPLINE_CURVE_WITH_KNOTS('',1,(#1751,#1752),.UNSPECIFIED.,.F.,
  .F.,(2,2),(0.,6.28318530718),.PIECEWISE_BEZIER_KNOTS.);
#1751 = CARTESIAN_POINT('',(0.,0.));
#1752 = CARTESIAN_POINT('',(6.28318530718,0.));
#1753 = ( GEOMETRIC_REPRESENTATION_CONTEXT(2) 
PARAMETRIC_REPRESENTATION_CONTEXT() REPRESENTATION_CONTEXT('2D SPACE',''
  ) );
#1754 = ORIENTED_EDGE('',*,*,#1671,.F.);
#1755 = ORIENTED_EDGE('',*,*,#1239,.F.);
#1756 = ORIENTED_EDGE('',*,*,#1533,.T.);
#1757 = ADVANCED_FACE('',(#1758),#1387,.F.);
#1758 = FACE_BOUND('',#1759,.F.);
#1759 = EDGE_LOOP('',(#1760,#1761,#1762,#1763));
#1760 = ORIENTED_EDGE('',*,*,#1734,.F.);
#1761 = ORIENTED_EDGE('',*,*,#1692,.F.);
#1762 = ORIENTED_EDGE('',*,*,#1368,.T.);
#1763 = ORIENTED_EDGE('',*,*,#1764,.T.);
#1764 = EDGE_CURVE('',#1371,#1509,#1765,.T.);
#1765 = SURFACE_CURVE('',#1766,(#1770,#1776),.PCURVE_S1.);
#1766 = LINE('',#1767,#1768);
#1767 = CARTESIAN_POINT('',(0.,0.,3.));
#1768 = VECTOR('',#1769,1.);
#1769 = DIRECTION('',(0.,-1.,0.));
#1770 = PCURVE('',#1387,#1771);
#1771 = DEFINITIONAL_REPRESENTATION('',(#1772),#1775);
#1772 = B_SPLINE_CURVE_WITH_KNOTS('',1,(#1773,#1774),.UNSPECIFIED.,.F.,
  .F.,(2,2),(-30.0000006,6.E-07),.PIECEWISE_BEZIER_KNOTS.);
#1773 = CARTESIAN_POINT('',(1.570796326795,-30.0000006));
#1774 = CARTESIAN_POINT('',(1.570796326795,6.E-07));
#1775 = ( GEOMETRIC_REPRESENTATION_CONTEXT(2) 
PARAMETRIC_REPRESENTATION_CONTEXT() REPRESENTATION_CONTEXT('2D SPACE',''
  ) );
#1776 = PCURVE('',#1493,#1777);
#1777 = DEFINITIONAL_REPRESENTATION('',(#1778),#1781);
#1778 = B_SPLINE_CURVE_WITH_KNOTS('',1,(#1779,#1780),.UNSPECIFIED.,.F.,
  .F.,(2,2),(-30.0000006,6.E-07),.PIECEWISE_BEZIER_KNOTS.);
#1779 = CARTESIAN_POINT('',(1.570796326795,-30.0000006));
#1780 = CARTESIAN_POINT('',(1.570796326795,6.E-07));
#1781 = ( GEOMETRIC_REPRESENTATION_CONTEXT(2) 
PARAMETRIC_REPRESENTATION_CONTEXT() REPRESENTATION_CONTEXT('2D SPACE',''
  ) );
#1782 = ADVANCED_FACE('',(#1783),#1493,.F.);
#1783 = FACE_BOUND('',#1784,.F.);
#1784 = EDGE_LOOP('',(#1785,#1786,#1787,#1788));
#1785 = ORIENTED_EDGE('',*,*,#1508,.F.);
#1786 = ORIENTED_EDGE('',*,*,#1764,.F.);
#1787 = ORIENTED_EDGE('',*,*,#1478,.T.);
#1788 = ORIENTED_EDGE('',*,*,#1789,.T.);
#1789 = EDGE_CURVE('',#1450,#1511,#1790,.T.);
#1790 = SURFACE_CURVE('',#1791,(#1795,#1801),.PCURVE_S1.);
#1791 = LINE('',#1792,#1793);
#1792 = CARTESIAN_POINT('',(-3.,0.,0.));
#1793 = VECTOR('',#1794,1.);
#1794 = DIRECTION('',(0.,-1.,0.));
#1795 = PCURVE('',#1493,#1796);
#1796 = DEFINITIONAL_REPRESENTATION('',(#1797),#1800);
#1797 = B_SPLINE_CURVE_WITH_KNOTS('',1,(#1798,#1799),.UNSPECIFIED.,.F.,
  .F.,(2,2),(-30.0000006,6.E-07),.PIECEWISE_BEZIER_KNOTS.);
#1798 = CARTESIAN_POINT('',(3.14159265359,-30.0000006));
#1799 = CARTESIAN_POINT('',(3.14159265359,6.E-07));
#1800 = ( GEOMETRIC_REPRESENTATION_CONTEXT(2) 
PARAMETRIC_REPRESENTATION_CONTEXT() REPRESENTATION_CONTEXT('2D SPACE',''
  ) );
#1801 = PCURVE('',#1466,#1802);
#1802 = DEFINITIONAL_REPRESENTATION('',(#1803),#1806);
#1803 = B_SPLINE_CURVE_WITH_KNOTS('',1,(#1804,#1805),.UNSPECIFIED.,.F.,
  .F.,(2,2),(-30.0000006,6.E-07),.PIECEWISE_BEZIER_KNOTS.);
#1804 = CARTESIAN_POINT('',(3.14159265359,-30.0000006));
#1805 = CARTESIAN_POINT('',(3.14159265359,6.E-07));
#1806 = ( GEOMETRIC_REPRESENTATION_CONTEXT(2) 
PARAMETRIC_REPRESENTATION_CONTEXT() REPRESENTATION_CONTEXT('2D SPACE',''
  ) );
#1807 = ADVANCED_FACE('',(#1808),#1466,.F.);
#1808 = FACE_BOUND('',#1809,.F.);
#1809 = EDGE_LOOP('',(#1810,#1811,#1830,#1831));
#1810 = ORIENTED_EDGE('',*,*,#1449,.T.);
#1811 = ORIENTED_EDGE('',*,*,#1812,.T.);
#1812 = EDGE_CURVE('',#1421,#1577,#1813,.T.);
#1813 = SURFACE_CURVE('',#1814,(#1818,#1824),.PCURVE_S1.);
#1814 = LINE('',#1815,#1816);
#1815 = CARTESIAN_POINT('',(0.,0.,-3.));
#1816 = VECTOR('',#1817,1.);
#1817 = DIRECTION('',(0.,-1.,0.));
#1818 = PCURVE('',#1466,#1819);
#1819 = DEFINITIONAL_REPRESENTATION('',(#1820),#1823);
#1820 = B_SPLINE_CURVE_WITH_KNOTS('',1,(#1821,#1822),.UNSPECIFIED.,.F.,
  .F.,(2,2),(-30.0000006,6.E-07),.PIECEWISE_BEZIER_KNOTS.);
#1821 = CARTESIAN_POINT('',(4.712388980385,-30.0000006));
#1822 = CARTESIAN_POINT('',(4.712388980385,6.E-07));
#1823 = ( GEOMETRIC_REPRESENTATION_CONTEXT(2) 
PARAMETRIC_REPRESENTATION_CONTEXT() REPRESENTATION_CONTEXT('2D SPACE',''
  ) );
#1824 = PCURVE('',#1437,#1825);
#1825 = DEFINITIONAL_REPRESENTATION('',(#1826),#1829);
#1826 = B_SPLINE_CURVE_WITH_KNOTS('',1,(#1827,#1828),.UNSPECIFIED.,.F.,
  .F.,(2,2),(-30.0000006,6.E-07),.PIECEWISE_BEZIER_KNOTS.);
#1827 = CARTESIAN_POINT('',(4.712388980385,-30.0000006));
#1828 = CARTESIAN_POINT('',(4.712388980385,6.E-07));
#1829 = ( GEOMETRIC_REPRESENTATION_CONTEXT(2) 
PARAMETRIC_REPRESENTATION_CONTEXT() REPRESENTATION_CONTEXT('2D SPACE',''
  ) );
#1830 = ORIENTED_EDGE('',*,*,#1597,.F.);
#1831 = ORIENTED_EDGE('',*,*,#1789,.F.);
#1832 = ADVANCED_FACE('',(#1833),#1437,.F.);
#1833 = FACE_BOUND('',#1834,.F.);
#1834 = EDGE_LOOP('',(#1835,#1836,#1837,#1838));
#1835 = ORIENTED_EDGE('',*,*,#1420,.T.);
#1836 = ORIENTED_EDGE('',*,*,#1712,.T.);
#1837 = ORIENTED_EDGE('',*,*,#1644,.F.);
#1838 = ORIENTED_EDGE('',*,*,#1812,.F.);
#1839 = ( GEOMETRIC_REPRESENTATION_CONTEXT(3) 
GLOBAL_UNCERTAINTY_ASSIGNED_CONTEXT((#1843)) 
GLOBAL_UNIT_ASSIGNED_CONTEXT((#1840,#1841,#1842)) REPRESENTATION_CONTEXT
('Context #1','3D Context with UNIT and UNCERTAINTY') );
#1840 = ( LENGTH_UNIT() NAMED_UNIT(*) SI_UNIT(.MILLI.,.METRE.) );
#1841 = ( NAMED_UNIT(*) PLANE_ANGLE_UNIT() SI_UNIT($,.RADIAN.) );
#1842 = ( NAMED_UNIT(*) SI_UNIT($,.STERADIAN.) SOLID_ANGLE_UNIT() );
#1843 = UNCERTAINTY_MEASURE_WITH_UNIT(LENGTH_MEASURE(1.E-07),#1840,
  'distance_accuracy_value','confusion accuracy');
#1844 = PRODUCT_RELATED_PRODUCT_CATEGORY('part',$,(#7));
ENDSEC;
END-ISO-10303-21;
