ISO-10303-21;
HEADER;
FILE_DESCRIPTION(('Open CASCADE Model'),'2;1');
FILE_NAME('Open CASCADE Shape Model','2026-09-10T23:36:50',('Author'),(
    'Open CASCADE'),'Open CASCADE STEP processor 7.9','Open CASCADE 7.9'
  ,'Unknown');
FILE_SCHEMA(('AUTOMOTIVE_DESIGN { 1 0 10303 214 1 1 1 1 }'));
ENDSEC;
DATA;
#1 = APPLICATION_PROTOCOL_DEFINITION('international standard',
  'automotive_design',2000,#2);
#2 = APPLICATION_CONTEXT(
  'core data for automotive mechanical design processes');
#3 = SHAPE_DEFINITION_REPRESENTATION(#4,#10);
#4 = PRODUCT_DEFINITION_SHAPE('','',#5);
#5 = PRODUCT_DEFINITION('design','',#6,#9);
#6 = PRODUCT_DEFINITION_FORMATION('','',#7);
#7 = PRODUCT('Open CASCADE STEP translator 7.9 11',
  'Open CASCADE STEP translator 7.9 11','',(#8));
#8 = PRODUCT_CONTEXT('',#2,'mechanical');
#9 = PRODUCT_DEFINITION_CONTEXT('part definition',#2,'design');
#10 = ADVANCED_BREP_SHAPE_REPRESENTATION('',(#11,#15),#3364);
#11 = AXIS2_PLACEMENT_3D('',#12,#13,#14);
#12 = CARTESIAN_POINT('',(0.,0.,0.));
#13 = DIRECTION('',(0.,0.,1.));
#14 = DIRECTION('',(1.,0.,-0.));
#15 = MANIFOLD_SOLID_BREP('',#16);
#16 = CLOSED_SHELL('',(#17,#134,#279,#355,#426,#453,#480,#549,#678,#1002
    ,#1028,#1060,#1086,#1118,#1396,#1470,#1641,#1711,#1759,#1807,#1833,
    #1860,#1887,#1894,#1998,#2022,#2129,#2153,#2179,#2213,#2220,#2317,
    #2393,#2464,#2491,#2518,#2775,#2973,#2978,#3125,#3130,#3242,#3247,
    #3359));
#17 = ADVANCED_FACE('',(#18),#32,.T.);
#18 = FACE_BOUND('',#19,.T.);
#19 = EDGE_LOOP('',(#20,#54,#81,#109));
#20 = ORIENTED_EDGE('',*,*,#21,.T.);
#21 = EDGE_CURVE('',#22,#24,#26,.T.);
#22 = VERTEX_POINT('',#23);
#23 = CARTESIAN_POINT('',(-41.,-41.,0.));
#24 = VERTEX_POINT('',#25);
#25 = CARTESIAN_POINT('',(41.,-41.,0.));
#26 = SURFACE_CURVE('',#27,(#31,#42),.PCURVE_S1.);
#27 = LINE('',#28,#29);
#28 = CARTESIAN_POINT('',(-41.,-41.,0.));
#29 = VECTOR('',#30,1.);
#30 = DIRECTION('',(1.,0.,0.));
#31 = PCURVE('',#32,#37);
#32 = B_SPLINE_SURFACE_WITH_KNOTS('',1,1,(
    (#33,#34)
    ,(#35,#36)),.UNSPECIFIED.,.F.,.F.,.F.,(2,2),(2,2),(0.,160.),(0.,1.),
  .PIECEWISE_BEZIER_KNOTS.);
#33 = CARTESIAN_POINT('',(-41.,-41.,0.));
#34 = CARTESIAN_POINT('',(-80.,-80.,190.));
#35 = CARTESIAN_POINT('',(41.,-41.,0.));
#36 = CARTESIAN_POINT('',(80.,-80.,190.));
#37 = DEFINITIONAL_REPRESENTATION('',(#38),#41);
#38 = B_SPLINE_CURVE_WITH_KNOTS('',1,(#39,#40),.UNSPECIFIED.,.F.,.F.,(2,
    2),(0.,82.),.PIECEWISE_BEZIER_KNOTS.);
#39 = CARTESIAN_POINT('',(0.,0.));
#40 = CARTESIAN_POINT('',(160.,0.));
#41 = ( GEOMETRIC_REPRESENTATION_CONTEXT(2) 
PARAMETRIC_REPRESENTATION_CONTEXT() REPRESENTATION_CONTEXT('2D SPACE',''
  ) );
#42 = PCURVE('',#43,#48);
#43 = PLANE('',#44);
#44 = AXIS2_PLACEMENT_3D('',#45,#46,#47);
#45 = CARTESIAN_POINT('',(-41.,-41.,0.));
#46 = DIRECTION('',(0.,0.,-1.));
#47 = DIRECTION('',(0.707106781187,0.707106781187,0.));
#48 = DEFINITIONAL_REPRESENTATION('',(#49),#53);
#49 = LINE('',#50,#51);
#50 = CARTESIAN_POINT('',(0.,0.));
#51 = VECTOR('',#52,1.);
#52 = DIRECTION('',(0.707106781187,0.707106781187));
#53 = ( GEOMETRIC_REPRESENTATION_CONTEXT(2) 
PARAMETRIC_REPRESENTATION_CONTEXT() REPRESENTATION_CONTEXT('2D SPACE',''
  ) );
#54 = ORIENTED_EDGE('',*,*,#55,.T.);
#55 = EDGE_CURVE('',#24,#56,#58,.T.);
#56 = VERTEX_POINT('',#57);
#57 = CARTESIAN_POINT('',(80.,-80.,190.));
#58 = SURFACE_CURVE('',#59,(#62,#69),.PCURVE_S1.);
#59 = B_SPLINE_CURVE_WITH_KNOTS('',1,(#60,#61),.UNSPECIFIED.,.F.,.F.,(2,
    2),(0.,1.),.PIECEWISE_BEZIER_KNOTS.);
#60 = CARTESIAN_POINT('',(41.,-41.,0.));
#61 = CARTESIAN_POINT('',(80.,-80.,190.));
#62 = PCURVE('',#32,#63);
#63 = DEFINITIONAL_REPRESENTATION('',(#64),#68);
#64 = LINE('',#65,#66);
#65 = CARTESIAN_POINT('',(160.,0.));
#66 = VECTOR('',#67,1.);
#67 = DIRECTION('',(0.,1.));
#68 = ( GEOMETRIC_REPRESENTATION_CONTEXT(2) 
PARAMETRIC_REPRESENTATION_CONTEXT() REPRESENTATION_CONTEXT('2D SPACE',''
  ) );
#69 = PCURVE('',#70,#75);
#70 = B_SPLINE_SURFACE_WITH_KNOTS('',1,1,(
    (#71,#72)
    ,(#73,#74)),.UNSPECIFIED.,.F.,.F.,.F.,(2,2),(2,2),(0.,160.),(0.,1.),
  .PIECEWISE_BEZIER_KNOTS.);
#71 = CARTESIAN_POINT('',(41.,-41.,0.));
#72 = CARTESIAN_POINT('',(80.,-80.,190.));
#73 = CARTESIAN_POINT('',(41.,41.,0.));
#74 = CARTESIAN_POINT('',(80.,80.,190.));
#75 = DEFINITIONAL_REPRESENTATION('',(#76),#80);
#76 = LINE('',#77,#78);
#77 = CARTESIAN_POINT('',(0.,0.));
#78 = VECTOR('',#79,1.);
#79 = DIRECTION('',(0.,1.));
#80 = ( GEOMETRIC_REPRESENTATION_CONTEXT(2) 
PARAMETRIC_REPRESENTATION_CONTEXT() REPRESENTATION_CONTEXT('2D SPACE',''
  ) );
#81 = ORIENTED_EDGE('',*,*,#82,.F.);
#82 = EDGE_CURVE('',#83,#56,#85,.T.);
#83 = VERTEX_POINT('',#84);
#84 = CARTESIAN_POINT('',(-80.,-80.,190.));
#85 = SURFACE_CURVE('',#86,(#90,#97),.PCURVE_S1.);
#86 = LINE('',#87,#88);
#87 = CARTESIAN_POINT('',(-80.,-80.,190.));
#88 = VECTOR('',#89,1.);
#89 = DIRECTION('',(1.,0.,0.));
#90 = PCURVE('',#32,#91);
#91 = DEFINITIONAL_REPRESENTATION('',(#92),#96);
#92 = LINE('',#93,#94);
#93 = CARTESIAN_POINT('',(0.,1.));
#94 = VECTOR('',#95,1.);
#95 = DIRECTION('',(1.,0.));
#96 = ( GEOMETRIC_REPRESENTATION_CONTEXT(2) 
PARAMETRIC_REPRESENTATION_CONTEXT() REPRESENTATION_CONTEXT('2D SPACE',''
  ) );
#97 = PCURVE('',#98,#103);
#98 = PLANE('',#99);
#99 = AXIS2_PLACEMENT_3D('',#100,#101,#102);
#100 = CARTESIAN_POINT('',(-80.,-80.,190.));
#101 = DIRECTION('',(0.,0.,-1.));
#102 = DIRECTION('',(0.707106781187,0.707106781187,0.));
#103 = DEFINITIONAL_REPRESENTATION('',(#104),#108);
#104 = LINE('',#105,#106);
#105 = CARTESIAN_POINT('',(0.,0.));
#106 = VECTOR('',#107,1.);
#107 = DIRECTION('',(0.707106781187,0.707106781187));
#108 = ( GEOMETRIC_REPRESENTATION_CONTEXT(2) 
PARAMETRIC_REPRESENTATION_CONTEXT() REPRESENTATION_CONTEXT('2D SPACE',''
  ) );
#109 = ORIENTED_EDGE('',*,*,#110,.F.);
#110 = EDGE_CURVE('',#22,#83,#111,.T.);
#111 = SURFACE_CURVE('',#112,(#115,#122),.PCURVE_S1.);
#112 = B_SPLINE_CURVE_WITH_KNOTS('',1,(#113,#114),.UNSPECIFIED.,.F.,.F.,
  (2,2),(0.,1.),.PIECEWISE_BEZIER_KNOTS.);
#113 = CARTESIAN_POINT('',(-41.,-41.,0.));
#114 = CARTESIAN_POINT('',(-80.,-80.,190.));
#115 = PCURVE('',#32,#116);
#116 = DEFINITIONAL_REPRESENTATION('',(#117),#121);
#117 = LINE('',#118,#119);
#118 = CARTESIAN_POINT('',(0.,0.));
#119 = VECTOR('',#120,1.);
#120 = DIRECTION('',(0.,1.));
#121 = ( GEOMETRIC_REPRESENTATION_CONTEXT(2) 
PARAMETRIC_REPRESENTATION_CONTEXT() REPRESENTATION_CONTEXT('2D SPACE',''
  ) );
#122 = PCURVE('',#123,#128);
#123 = B_SPLINE_SURFACE_WITH_KNOTS('',1,1,(
    (#124,#125)
    ,(#126,#127
    )),.UNSPECIFIED.,.F.,.F.,.F.,(2,2),(2,2),(0.,160.),(0.,1.),
  .PIECEWISE_BEZIER_KNOTS.);
#124 = CARTESIAN_POINT('',(-41.,41.,0.));
#125 = CARTESIAN_POINT('',(-80.,80.,190.));
#126 = CARTESIAN_POINT('',(-41.,-41.,0.));
#127 = CARTESIAN_POINT('',(-80.,-80.,190.));
#128 = DEFINITIONAL_REPRESENTATION('',(#129),#133);
#129 = LINE('',#130,#131);
#130 = CARTESIAN_POINT('',(160.,0.));
#131 = VECTOR('',#132,1.);
#132 = DIRECTION('',(0.,1.));
#133 = ( GEOMETRIC_REPRESENTATION_CONTEXT(2) 
PARAMETRIC_REPRESENTATION_CONTEXT() REPRESENTATION_CONTEXT('2D SPACE',''
  ) );
#134 = ADVANCED_FACE('',(#135),#123,.T.);
#135 = FACE_BOUND('',#136,.T.);
#136 = EDGE_LOOP('',(#137,#166,#200,#225,#257,#258));
#137 = ORIENTED_EDGE('',*,*,#138,.F.);
#138 = EDGE_CURVE('',#139,#141,#143,.T.);
#139 = VERTEX_POINT('',#140);
#140 = CARTESIAN_POINT('',(-41.,41.,0.));
#141 = VERTEX_POINT('',#142);
#142 = CARTESIAN_POINT('',(-80.,80.,190.));
#143 = SURFACE_CURVE('',#144,(#147,#154),.PCURVE_S1.);
#144 = B_SPLINE_CURVE_WITH_KNOTS('',1,(#145,#146),.UNSPECIFIED.,.F.,.F.,
  (2,2),(0.,1.),.PIECEWISE_BEZIER_KNOTS.);
#145 = CARTESIAN_POINT('',(-41.,41.,0.));
#146 = CARTESIAN_POINT('',(-80.,80.,190.));
#147 = PCURVE('',#123,#148);
#148 = DEFINITIONAL_REPRESENTATION('',(#149),#153);
#149 = LINE('',#150,#151);
#150 = CARTESIAN_POINT('',(0.,0.));
#151 = VECTOR('',#152,1.);
#152 = DIRECTION('',(0.,1.));
#153 = ( GEOMETRIC_REPRESENTATION_CONTEXT(2) 
PARAMETRIC_REPRESENTATION_CONTEXT() REPRESENTATION_CONTEXT('2D SPACE',''
  ) );
#154 = PCURVE('',#155,#160);
#155 = B_SPLINE_SURFACE_WITH_KNOTS('',1,1,(
    (#156,#157)
    ,(#158,#159
    )),.UNSPECIFIED.,.F.,.F.,.F.,(2,2),(2,2),(0.,160.),(0.,1.),
  .PIECEWISE_BEZIER_KNOTS.);
#156 = CARTESIAN_POINT('',(41.,41.,0.));
#157 = CARTESIAN_POINT('',(80.,80.,190.));
#158 = CARTESIAN_POINT('',(-41.,41.,0.));
#159 = CARTESIAN_POINT('',(-80.,80.,190.));
#160 = DEFINITIONAL_REPRESENTATION('',(#161),#165);
#161 = LINE('',#162,#163);
#162 = CARTESIAN_POINT('',(160.,0.));
#163 = VECTOR('',#164,1.);
#164 = DIRECTION('',(0.,1.));
#165 = ( GEOMETRIC_REPRESENTATION_CONTEXT(2) 
PARAMETRIC_REPRESENTATION_CONTEXT() REPRESENTATION_CONTEXT('2D SPACE',''
  ) );
#166 = ORIENTED_EDGE('',*,*,#167,.T.);
#167 = EDGE_CURVE('',#139,#168,#170,.T.);
#168 = VERTEX_POINT('',#169);
#169 = CARTESIAN_POINT('',(-42.02631578947,41.,5.));
#170 = SURFACE_CURVE('',#171,(#177,#186),.PCURVE_S1.);
#171 = B_SPLINE_CURVE_WITH_KNOTS('',4,(#172,#173,#174,#175,#176),
  .UNSPECIFIED.,.F.,.F.,(5,5),(0.,1.),.PIECEWISE_BEZIER_KNOTS.);
#172 = CARTESIAN_POINT('',(-41.,41.,0.));
#173 = CARTESIAN_POINT('',(-41.2557549224,41.,1.245985519409));
#174 = CARTESIAN_POINT('',(-41.51207732696,41.,2.494735695467));
#175 = CARTESIAN_POINT('',(-41.76893938819,41.,3.746114968143));
#176 = CARTESIAN_POINT('',(-42.02631578947,41.,5.));
#177 = PCURVE('',#123,#178);
#178 = DEFINITIONAL_REPRESENTATION('',(#179),#185);
#179 = B_SPLINE_CURVE_WITH_KNOTS('',4,(#180,#181,#182,#183,#184),
  .UNSPECIFIED.,.F.,.F.,(5,5),(0.,1.),.PIECEWISE_BEZIER_KNOTS.);
#180 = CARTESIAN_POINT('',(0.,0.));
#181 = CARTESIAN_POINT('',(0.499033994937,6.557818523205E-03));
#182 = CARTESIAN_POINT('',(0.990874092248,1.313018787088E-02));
#183 = CARTESIAN_POINT('',(1.475693899727,1.971639456917E-02));
#184 = CARTESIAN_POINT('',(1.953663118347,2.631578947368E-02));
#185 = ( GEOMETRIC_REPRESENTATION_CONTEXT(2) 
PARAMETRIC_REPRESENTATION_CONTEXT() REPRESENTATION_CONTEXT('2D SPACE',''
  ) );
#186 = PCURVE('',#187,#192);
#187 = PLANE('',#188);
#188 = AXIS2_PLACEMENT_3D('',#189,#190,#191);
#189 = CARTESIAN_POINT('',(-49.,41.,0.));
#190 = DIRECTION('',(0.,1.,0.));
#191 = DIRECTION('',(0.,0.,1.));
#192 = DEFINITIONAL_REPRESENTATION('',(#193),#199);
#193 = B_SPLINE_CURVE_WITH_KNOTS('',4,(#194,#195,#196,#197,#198),
  .UNSPECIFIED.,.F.,.F.,(5,5),(0.,1.),.PIECEWISE_BEZIER_KNOTS.);
#194 = CARTESIAN_POINT('',(0.,8.));
#195 = CARTESIAN_POINT('',(1.245985519409,7.744245077595));
#196 = CARTESIAN_POINT('',(2.494735695467,7.487922673036));
#197 = CARTESIAN_POINT('',(3.746114968143,7.231060611802));
#198 = CARTESIAN_POINT('',(5.,6.973684210526));
#199 = ( GEOMETRIC_REPRESENTATION_CONTEXT(2) 
PARAMETRIC_REPRESENTATION_CONTEXT() REPRESENTATION_CONTEXT('2D SPACE',''
  ) );
#200 = ORIENTED_EDGE('',*,*,#201,.F.);
#201 = EDGE_CURVE('',#202,#168,#204,.T.);
#202 = VERTEX_POINT('',#203);
#203 = CARTESIAN_POINT('',(-42.02631578947,-41.,5.));
#204 = SURFACE_CURVE('',#205,(#208,#214),.PCURVE_S1.);
#205 = B_SPLINE_CURVE_WITH_KNOTS('',1,(#206,#207),.UNSPECIFIED.,.F.,.F.,
  (2,2),(0.,1.),.PIECEWISE_BEZIER_KNOTS.);
#206 = CARTESIAN_POINT('',(-42.02631578947,-41.,5.));
#207 = CARTESIAN_POINT('',(-42.02631578947,41.,5.));
#208 = PCURVE('',#123,#209);
#209 = DEFINITIONAL_REPRESENTATION('',(#210),#213);
#210 = B_SPLINE_CURVE_WITH_KNOTS('',1,(#211,#212),.UNSPECIFIED.,.F.,.F.,
  (2,2),(0.,1.),.PIECEWISE_BEZIER_KNOTS.);
#211 = CARTESIAN_POINT('',(158.04633688165,2.631578947368E-02));
#212 = CARTESIAN_POINT('',(1.953663118347,2.631578947368E-02));
#213 = ( GEOMETRIC_REPRESENTATION_CONTEXT(2) 
PARAMETRIC_REPRESENTATION_CONTEXT() REPRESENTATION_CONTEXT('2D SPACE',''
  ) );
#214 = PCURVE('',#215,#220);
#215 = PLANE('',#216);
#216 = AXIS2_PLACEMENT_3D('',#217,#218,#219);
#217 = CARTESIAN_POINT('',(-49.,-41.,5.));
#218 = DIRECTION('',(0.,0.,1.));
#219 = DIRECTION('',(1.,0.,0.));
#220 = DEFINITIONAL_REPRESENTATION('',(#221),#224);
#221 = B_SPLINE_CURVE_WITH_KNOTS('',1,(#222,#223),.UNSPECIFIED.,.F.,.F.,
  (2,2),(0.,1.),.PIECEWISE_BEZIER_KNOTS.);
#222 = CARTESIAN_POINT('',(6.973684210526,0.));
#223 = CARTESIAN_POINT('',(6.973684210526,82.));
#224 = ( GEOMETRIC_REPRESENTATION_CONTEXT(2) 
PARAMETRIC_REPRESENTATION_CONTEXT() REPRESENTATION_CONTEXT('2D SPACE',''
  ) );
#225 = ORIENTED_EDGE('',*,*,#226,.F.);
#226 = EDGE_CURVE('',#22,#202,#227,.T.);
#227 = SURFACE_CURVE('',#228,(#234,#243),.PCURVE_S1.);
#228 = B_SPLINE_CURVE_WITH_KNOTS('',4,(#229,#230,#231,#232,#233),
  .UNSPECIFIED.,.F.,.F.,(5,5),(0.,1.),.PIECEWISE_BEZIER_KNOTS.);
#229 = CARTESIAN_POINT('',(-41.,-41.,0.));
#230 = CARTESIAN_POINT('',(-41.2557549224,-41.,1.245985519409));
#231 = CARTESIAN_POINT('',(-41.51207732696,-41.,2.494735695467));
#232 = CARTESIAN_POINT('',(-41.76893938819,-41.,3.746114968143));
#233 = CARTESIAN_POINT('',(-42.02631578947,-41.,5.));
#234 = PCURVE('',#123,#235);
#235 = DEFINITIONAL_REPRESENTATION('',(#236),#242);
#236 = B_SPLINE_CURVE_WITH_KNOTS('',4,(#237,#238,#239,#240,#241),
  .UNSPECIFIED.,.F.,.F.,(5,5),(0.,1.),.PIECEWISE_BEZIER_KNOTS.);
#237 = CARTESIAN_POINT('',(160.,0.));
#238 = CARTESIAN_POINT('',(159.50096600506,6.557818523205E-03));
#239 = CARTESIAN_POINT('',(159.00912590775,1.313018787088E-02));
#240 = CARTESIAN_POINT('',(158.52430610027,1.971639456917E-02));
#241 = CARTESIAN_POINT('',(158.04633688165,2.631578947368E-02));
#242 = ( GEOMETRIC_REPRESENTATION_CONTEXT(2) 
PARAMETRIC_REPRESENTATION_CONTEXT() REPRESENTATION_CONTEXT('2D SPACE',''
  ) );
#243 = PCURVE('',#244,#249);
#244 = PLANE('',#245);
#245 = AXIS2_PLACEMENT_3D('',#246,#247,#248);
#246 = CARTESIAN_POINT('',(-49.,-41.,0.));
#247 = DIRECTION('',(0.,1.,0.));
#248 = DIRECTION('',(0.,0.,1.));
#249 = DEFINITIONAL_REPRESENTATION('',(#250),#256);
#250 = B_SPLINE_CURVE_WITH_KNOTS('',4,(#251,#252,#253,#254,#255),
  .UNSPECIFIED.,.F.,.F.,(5,5),(0.,1.),.PIECEWISE_BEZIER_KNOTS.);
#251 = CARTESIAN_POINT('',(0.,8.));
#252 = CARTESIAN_POINT('',(1.245985519409,7.744245077595));
#253 = CARTESIAN_POINT('',(2.494735695467,7.487922673036));
#254 = CARTESIAN_POINT('',(3.746114968143,7.231060611802));
#255 = CARTESIAN_POINT('',(5.,6.973684210526));
#256 = ( GEOMETRIC_REPRESENTATION_CONTEXT(2) 
PARAMETRIC_REPRESENTATION_CONTEXT() REPRESENTATION_CONTEXT('2D SPACE',''
  ) );
#257 = ORIENTED_EDGE('',*,*,#110,.T.);
#258 = ORIENTED_EDGE('',*,*,#259,.F.);
#259 = EDGE_CURVE('',#141,#83,#260,.T.);
#260 = SURFACE_CURVE('',#261,(#265,#272),.PCURVE_S1.);
#261 = LINE('',#262,#263);
#262 = CARTESIAN_POINT('',(-80.,80.,190.));
#263 = VECTOR('',#264,1.);
#264 = DIRECTION('',(0.,-1.,0.));
#265 = PCURVE('',#123,#266);
#266 = DEFINITIONAL_REPRESENTATION('',(#267),#271);
#267 = LINE('',#268,#269);
#268 = CARTESIAN_POINT('',(0.,1.));
#269 = VECTOR('',#270,1.);
#270 = DIRECTION('',(1.,0.));
#271 = ( GEOMETRIC_REPRESENTATION_CONTEXT(2) 
PARAMETRIC_REPRESENTATION_CONTEXT() REPRESENTATION_CONTEXT('2D SPACE',''
  ) );
#272 = PCURVE('',#98,#273);
#273 = DEFINITIONAL_REPRESENTATION('',(#274),#278);
#274 = LINE('',#275,#276);
#275 = CARTESIAN_POINT('',(113.13708498984,-113.1370849898));
#276 = VECTOR('',#277,1.);
#277 = DIRECTION('',(-0.707106781187,0.707106781187));
#278 = ( GEOMETRIC_REPRESENTATION_CONTEXT(2) 
PARAMETRIC_REPRESENTATION_CONTEXT() REPRESENTATION_CONTEXT('2D SPACE',''
  ) );
#279 = ADVANCED_FACE('',(#280),#187,.T.);
#280 = FACE_BOUND('',#281,.T.);
#281 = EDGE_LOOP('',(#282,#305,#333,#354));
#282 = ORIENTED_EDGE('',*,*,#283,.F.);
#283 = EDGE_CURVE('',#284,#139,#286,.T.);
#284 = VERTEX_POINT('',#285);
#285 = CARTESIAN_POINT('',(-49.,41.,0.));
#286 = SURFACE_CURVE('',#287,(#291,#298),.PCURVE_S1.);
#287 = LINE('',#288,#289);
#288 = CARTESIAN_POINT('',(-49.,41.,0.));
#289 = VECTOR('',#290,1.);
#290 = DIRECTION('',(1.,0.,0.));
#291 = PCURVE('',#187,#292);
#292 = DEFINITIONAL_REPRESENTATION('',(#293),#297);
#293 = LINE('',#294,#295);
#294 = CARTESIAN_POINT('',(0.,0.));
#295 = VECTOR('',#296,1.);
#296 = DIRECTION('',(0.,1.));
#297 = ( GEOMETRIC_REPRESENTATION_CONTEXT(2) 
PARAMETRIC_REPRESENTATION_CONTEXT() REPRESENTATION_CONTEXT('2D SPACE',''
  ) );
#298 = PCURVE('',#43,#299);
#299 = DEFINITIONAL_REPRESENTATION('',(#300),#304);
#300 = LINE('',#301,#302);
#301 = CARTESIAN_POINT('',(52.325901807805,-63.63961030678));
#302 = VECTOR('',#303,1.);
#303 = DIRECTION('',(0.707106781187,0.707106781187));
#304 = ( GEOMETRIC_REPRESENTATION_CONTEXT(2) 
PARAMETRIC_REPRESENTATION_CONTEXT() REPRESENTATION_CONTEXT('2D SPACE',''
  ) );
#305 = ORIENTED_EDGE('',*,*,#306,.T.);
#306 = EDGE_CURVE('',#284,#307,#309,.T.);
#307 = VERTEX_POINT('',#308);
#308 = CARTESIAN_POINT('',(-49.,41.,5.));
#309 = SURFACE_CURVE('',#310,(#314,#321),.PCURVE_S1.);
#310 = LINE('',#311,#312);
#311 = CARTESIAN_POINT('',(-49.,41.,0.));
#312 = VECTOR('',#313,1.);
#313 = DIRECTION('',(0.,0.,1.));
#314 = PCURVE('',#187,#315);
#315 = DEFINITIONAL_REPRESENTATION('',(#316),#320);
#316 = LINE('',#317,#318);
#317 = CARTESIAN_POINT('',(0.,0.));
#318 = VECTOR('',#319,1.);
#319 = DIRECTION('',(1.,0.));
#320 = ( GEOMETRIC_REPRESENTATION_CONTEXT(2) 
PARAMETRIC_REPRESENTATION_CONTEXT() REPRESENTATION_CONTEXT('2D SPACE',''
  ) );
#321 = PCURVE('',#322,#327);
#322 = PLANE('',#323);
#323 = AXIS2_PLACEMENT_3D('',#324,#325,#326);
#324 = CARTESIAN_POINT('',(-49.,-41.,0.));
#325 = DIRECTION('',(1.,0.,0.));
#326 = DIRECTION('',(0.,0.,1.));
#327 = DEFINITIONAL_REPRESENTATION('',(#328),#332);
#328 = LINE('',#329,#330);
#329 = CARTESIAN_POINT('',(0.,-82.));
#330 = VECTOR('',#331,1.);
#331 = DIRECTION('',(1.,0.));
#332 = ( GEOMETRIC_REPRESENTATION_CONTEXT(2) 
PARAMETRIC_REPRESENTATION_CONTEXT() REPRESENTATION_CONTEXT('2D SPACE',''
  ) );
#333 = ORIENTED_EDGE('',*,*,#334,.T.);
#334 = EDGE_CURVE('',#307,#168,#335,.T.);
#335 = SURFACE_CURVE('',#336,(#340,#347),.PCURVE_S1.);
#336 = LINE('',#337,#338);
#337 = CARTESIAN_POINT('',(-49.,41.,5.));
#338 = VECTOR('',#339,1.);
#339 = DIRECTION('',(1.,0.,0.));
#340 = PCURVE('',#187,#341);
#341 = DEFINITIONAL_REPRESENTATION('',(#342),#346);
#342 = LINE('',#343,#344);
#343 = CARTESIAN_POINT('',(5.,0.));
#344 = VECTOR('',#345,1.);
#345 = DIRECTION('',(0.,1.));
#346 = ( GEOMETRIC_REPRESENTATION_CONTEXT(2) 
PARAMETRIC_REPRESENTATION_CONTEXT() REPRESENTATION_CONTEXT('2D SPACE',''
  ) );
#347 = PCURVE('',#215,#348);
#348 = DEFINITIONAL_REPRESENTATION('',(#349),#353);
#349 = LINE('',#350,#351);
#350 = CARTESIAN_POINT('',(0.,82.));
#351 = VECTOR('',#352,1.);
#352 = DIRECTION('',(1.,0.));
#353 = ( GEOMETRIC_REPRESENTATION_CONTEXT(2) 
PARAMETRIC_REPRESENTATION_CONTEXT() REPRESENTATION_CONTEXT('2D SPACE',''
  ) );
#354 = ORIENTED_EDGE('',*,*,#167,.F.);
#355 = ADVANCED_FACE('',(#356),#322,.F.);
#356 = FACE_BOUND('',#357,.F.);
#357 = EDGE_LOOP('',(#358,#383,#404,#405));
#358 = ORIENTED_EDGE('',*,*,#359,.F.);
#359 = EDGE_CURVE('',#360,#362,#364,.T.);
#360 = VERTEX_POINT('',#361);
#361 = CARTESIAN_POINT('',(-49.,-41.,0.));
#362 = VERTEX_POINT('',#363);
#363 = CARTESIAN_POINT('',(-49.,-41.,5.));
#364 = SURFACE_CURVE('',#365,(#369,#376),.PCURVE_S1.);
#365 = LINE('',#366,#367);
#366 = CARTESIAN_POINT('',(-49.,-41.,0.));
#367 = VECTOR('',#368,1.);
#368 = DIRECTION('',(0.,0.,1.));
#369 = PCURVE('',#322,#370);
#370 = DEFINITIONAL_REPRESENTATION('',(#371),#375);
#371 = LINE('',#372,#373);
#372 = CARTESIAN_POINT('',(0.,0.));
#373 = VECTOR('',#374,1.);
#374 = DIRECTION('',(1.,0.));
#375 = ( GEOMETRIC_REPRESENTATION_CONTEXT(2) 
PARAMETRIC_REPRESENTATION_CONTEXT() REPRESENTATION_CONTEXT('2D SPACE',''
  ) );
#376 = PCURVE('',#244,#377);
#377 = DEFINITIONAL_REPRESENTATION('',(#378),#382);
#378 = LINE('',#379,#380);
#379 = CARTESIAN_POINT('',(0.,0.));
#380 = VECTOR('',#381,1.);
#381 = DIRECTION('',(1.,0.));
#382 = ( GEOMETRIC_REPRESENTATION_CONTEXT(2) 
PARAMETRIC_REPRESENTATION_CONTEXT() REPRESENTATION_CONTEXT('2D SPACE',''
  ) );
#383 = ORIENTED_EDGE('',*,*,#384,.T.);
#384 = EDGE_CURVE('',#360,#284,#385,.T.);
#385 = SURFACE_CURVE('',#386,(#390,#397),.PCURVE_S1.);
#386 = LINE('',#387,#388);
#387 = CARTESIAN_POINT('',(-49.,-41.,0.));
#388 = VECTOR('',#389,1.);
#389 = DIRECTION('',(0.,1.,0.));
#390 = PCURVE('',#322,#391);
#391 = DEFINITIONAL_REPRESENTATION('',(#392),#396);
#392 = LINE('',#393,#394);
#393 = CARTESIAN_POINT('',(0.,0.));
#394 = VECTOR('',#395,1.);
#395 = DIRECTION('',(0.,-1.));
#396 = ( GEOMETRIC_REPRESENTATION_CONTEXT(2) 
PARAMETRIC_REPRESENTATION_CONTEXT() REPRESENTATION_CONTEXT('2D SPACE',''
  ) );
#397 = PCURVE('',#43,#398);
#398 = DEFINITIONAL_REPRESENTATION('',(#399),#403);
#399 = LINE('',#400,#401);
#400 = CARTESIAN_POINT('',(-5.656854249492,-5.656854249492));
#401 = VECTOR('',#402,1.);
#402 = DIRECTION('',(0.707106781187,-0.707106781187));
#403 = ( GEOMETRIC_REPRESENTATION_CONTEXT(2) 
PARAMETRIC_REPRESENTATION_CONTEXT() REPRESENTATION_CONTEXT('2D SPACE',''
  ) );
#404 = ORIENTED_EDGE('',*,*,#306,.T.);
#405 = ORIENTED_EDGE('',*,*,#406,.F.);
#406 = EDGE_CURVE('',#362,#307,#407,.T.);
#407 = SURFACE_CURVE('',#408,(#412,#419),.PCURVE_S1.);
#408 = LINE('',#409,#410);
#409 = CARTESIAN_POINT('',(-49.,-41.,5.));
#410 = VECTOR('',#411,1.);
#411 = DIRECTION('',(0.,1.,0.));
#412 = PCURVE('',#322,#413);
#413 = DEFINITIONAL_REPRESENTATION('',(#414),#418);
#414 = LINE('',#415,#416);
#415 = CARTESIAN_POINT('',(5.,0.));
#416 = VECTOR('',#417,1.);
#417 = DIRECTION('',(0.,-1.));
#418 = ( GEOMETRIC_REPRESENTATION_CONTEXT(2) 
PARAMETRIC_REPRESENTATION_CONTEXT() REPRESENTATION_CONTEXT('2D SPACE',''
  ) );
#419 = PCURVE('',#215,#420);
#420 = DEFINITIONAL_REPRESENTATION('',(#421),#425);
#421 = LINE('',#422,#423);
#422 = CARTESIAN_POINT('',(0.,0.));
#423 = VECTOR('',#424,1.);
#424 = DIRECTION('',(0.,1.));
#425 = ( GEOMETRIC_REPRESENTATION_CONTEXT(2) 
PARAMETRIC_REPRESENTATION_CONTEXT() REPRESENTATION_CONTEXT('2D SPACE',''
  ) );
#426 = ADVANCED_FACE('',(#427),#215,.T.);
#427 = FACE_BOUND('',#428,.T.);
#428 = EDGE_LOOP('',(#429,#430,#431,#452));
#429 = ORIENTED_EDGE('',*,*,#334,.F.);
#430 = ORIENTED_EDGE('',*,*,#406,.F.);
#431 = ORIENTED_EDGE('',*,*,#432,.T.);
#432 = EDGE_CURVE('',#362,#202,#433,.T.);
#433 = SURFACE_CURVE('',#434,(#438,#445),.PCURVE_S1.);
#434 = LINE('',#435,#436);
#435 = CARTESIAN_POINT('',(-49.,-41.,5.));
#436 = VECTOR('',#437,1.);
#437 = DIRECTION('',(1.,0.,0.));
#438 = PCURVE('',#215,#439);
#439 = DEFINITIONAL_REPRESENTATION('',(#440),#444);
#440 = LINE('',#441,#442);
#441 = CARTESIAN_POINT('',(0.,0.));
#442 = VECTOR('',#443,1.);
#443 = DIRECTION('',(1.,0.));
#444 = ( GEOMETRIC_REPRESENTATION_CONTEXT(2) 
PARAMETRIC_REPRESENTATION_CONTEXT() REPRESENTATION_CONTEXT('2D SPACE',''
  ) );
#445 = PCURVE('',#244,#446);
#446 = DEFINITIONAL_REPRESENTATION('',(#447),#451);
#447 = LINE('',#448,#449);
#448 = CARTESIAN_POINT('',(5.,0.));
#449 = VECTOR('',#450,1.);
#450 = DIRECTION('',(0.,1.));
#451 = ( GEOMETRIC_REPRESENTATION_CONTEXT(2) 
PARAMETRIC_REPRESENTATION_CONTEXT() REPRESENTATION_CONTEXT('2D SPACE',''
  ) );
#452 = ORIENTED_EDGE('',*,*,#201,.T.);
#453 = ADVANCED_FACE('',(#454),#244,.F.);
#454 = FACE_BOUND('',#455,.F.);
#455 = EDGE_LOOP('',(#456,#477,#478,#479));
#456 = ORIENTED_EDGE('',*,*,#457,.F.);
#457 = EDGE_CURVE('',#360,#22,#458,.T.);
#458 = SURFACE_CURVE('',#459,(#463,#470),.PCURVE_S1.);
#459 = LINE('',#460,#461);
#460 = CARTESIAN_POINT('',(-49.,-41.,0.));
#461 = VECTOR('',#462,1.);
#462 = DIRECTION('',(1.,0.,0.));
#463 = PCURVE('',#244,#464);
#464 = DEFINITIONAL_REPRESENTATION('',(#465),#469);
#465 = LINE('',#466,#467);
#466 = CARTESIAN_POINT('',(0.,0.));
#467 = VECTOR('',#468,1.);
#468 = DIRECTION('',(0.,1.));
#469 = ( GEOMETRIC_REPRESENTATION_CONTEXT(2) 
PARAMETRIC_REPRESENTATION_CONTEXT() REPRESENTATION_CONTEXT('2D SPACE',''
  ) );
#470 = PCURVE('',#43,#471);
#471 = DEFINITIONAL_REPRESENTATION('',(#472),#476);
#472 = LINE('',#473,#474);
#473 = CARTESIAN_POINT('',(-5.656854249492,-5.656854249492));
#474 = VECTOR('',#475,1.);
#475 = DIRECTION('',(0.707106781187,0.707106781187));
#476 = ( GEOMETRIC_REPRESENTATION_CONTEXT(2) 
PARAMETRIC_REPRESENTATION_CONTEXT() REPRESENTATION_CONTEXT('2D SPACE',''
  ) );
#477 = ORIENTED_EDGE('',*,*,#359,.T.);
#478 = ORIENTED_EDGE('',*,*,#432,.T.);
#479 = ORIENTED_EDGE('',*,*,#226,.F.);
#480 = ADVANCED_FACE('',(#481),#155,.T.);
#481 = FACE_BOUND('',#482,.T.);
#482 = EDGE_LOOP('',(#483,#505,#506,#529));
#483 = ORIENTED_EDGE('',*,*,#484,.T.);
#484 = EDGE_CURVE('',#485,#139,#487,.T.);
#485 = VERTEX_POINT('',#486);
#486 = CARTESIAN_POINT('',(41.,41.,0.));
#487 = SURFACE_CURVE('',#488,(#492,#498),.PCURVE_S1.);
#488 = LINE('',#489,#490);
#489 = CARTESIAN_POINT('',(41.,41.,0.));
#490 = VECTOR('',#491,1.);
#491 = DIRECTION('',(-1.,0.,0.));
#492 = PCURVE('',#155,#493);
#493 = DEFINITIONAL_REPRESENTATION('',(#494),#497);
#494 = B_SPLINE_CURVE_WITH_KNOTS('',1,(#495,#496),.UNSPECIFIED.,.F.,.F.,
  (2,2),(0.,82.),.PIECEWISE_BEZIER_KNOTS.);
#495 = CARTESIAN_POINT('',(0.,0.));
#496 = CARTESIAN_POINT('',(160.,0.));
#497 = ( GEOMETRIC_REPRESENTATION_CONTEXT(2) 
PARAMETRIC_REPRESENTATION_CONTEXT() REPRESENTATION_CONTEXT('2D SPACE',''
  ) );
#498 = PCURVE('',#43,#499);
#499 = DEFINITIONAL_REPRESENTATION('',(#500),#504);
#500 = LINE('',#501,#502);
#501 = CARTESIAN_POINT('',(115.96551211459,0.));
#502 = VECTOR('',#503,1.);
#503 = DIRECTION('',(-0.707106781187,-0.707106781187));
#504 = ( GEOMETRIC_REPRESENTATION_CONTEXT(2) 
PARAMETRIC_REPRESENTATION_CONTEXT() REPRESENTATION_CONTEXT('2D SPACE',''
  ) );
#505 = ORIENTED_EDGE('',*,*,#138,.T.);
#506 = ORIENTED_EDGE('',*,*,#507,.F.);
#507 = EDGE_CURVE('',#508,#141,#510,.T.);
#508 = VERTEX_POINT('',#509);
#509 = CARTESIAN_POINT('',(80.,80.,190.));
#510 = SURFACE_CURVE('',#511,(#515,#522),.PCURVE_S1.);
#511 = LINE('',#512,#513);
#512 = CARTESIAN_POINT('',(80.,80.,190.));
#513 = VECTOR('',#514,1.);
#514 = DIRECTION('',(-1.,0.,0.));
#515 = PCURVE('',#155,#516);
#516 = DEFINITIONAL_REPRESENTATION('',(#517),#521);
#517 = LINE('',#518,#519);
#518 = CARTESIAN_POINT('',(0.,1.));
#519 = VECTOR('',#520,1.);
#520 = DIRECTION('',(1.,0.));
#521 = ( GEOMETRIC_REPRESENTATION_CONTEXT(2) 
PARAMETRIC_REPRESENTATION_CONTEXT() REPRESENTATION_CONTEXT('2D SPACE',''
  ) );
#522 = PCURVE('',#98,#523);
#523 = DEFINITIONAL_REPRESENTATION('',(#524),#528);
#524 = LINE('',#525,#526);
#525 = CARTESIAN_POINT('',(226.27416997969,0.));
#526 = VECTOR('',#527,1.);
#527 = DIRECTION('',(-0.707106781187,-0.707106781187));
#528 = ( GEOMETRIC_REPRESENTATION_CONTEXT(2) 
PARAMETRIC_REPRESENTATION_CONTEXT() REPRESENTATION_CONTEXT('2D SPACE',''
  ) );
#529 = ORIENTED_EDGE('',*,*,#530,.F.);
#530 = EDGE_CURVE('',#485,#508,#531,.T.);
#531 = SURFACE_CURVE('',#532,(#535,#542),.PCURVE_S1.);
#532 = B_SPLINE_CURVE_WITH_KNOTS('',1,(#533,#534),.UNSPECIFIED.,.F.,.F.,
  (2,2),(0.,1.),.PIECEWISE_BEZIER_KNOTS.);
#533 = CARTESIAN_POINT('',(41.,41.,0.));
#534 = CARTESIAN_POINT('',(80.,80.,190.));
#535 = PCURVE('',#155,#536);
#536 = DEFINITIONAL_REPRESENTATION('',(#537),#541);
#537 = LINE('',#538,#539);
#538 = CARTESIAN_POINT('',(0.,0.));
#539 = VECTOR('',#540,1.);
#540 = DIRECTION('',(0.,1.));
#541 = ( GEOMETRIC_REPRESENTATION_CONTEXT(2) 
PARAMETRIC_REPRESENTATION_CONTEXT() REPRESENTATION_CONTEXT('2D SPACE',''
  ) );
#542 = PCURVE('',#70,#543);
#543 = DEFINITIONAL_REPRESENTATION('',(#544),#548);
#544 = LINE('',#545,#546);
#545 = CARTESIAN_POINT('',(160.,0.));
#546 = VECTOR('',#547,1.);
#547 = DIRECTION('',(0.,1.));
#548 = ( GEOMETRIC_REPRESENTATION_CONTEXT(2) 
PARAMETRIC_REPRESENTATION_CONTEXT() REPRESENTATION_CONTEXT('2D SPACE',''
  ) );
#549 = ADVANCED_FACE('',(#550,#576),#98,.F.);
#550 = FACE_BOUND('',#551,.F.);
#551 = EDGE_LOOP('',(#552,#553,#554,#555));
#552 = ORIENTED_EDGE('',*,*,#82,.F.);
#553 = ORIENTED_EDGE('',*,*,#259,.F.);
#554 = ORIENTED_EDGE('',*,*,#507,.F.);
#555 = ORIENTED_EDGE('',*,*,#556,.F.);
#556 = EDGE_CURVE('',#56,#508,#557,.T.);
#557 = SURFACE_CURVE('',#558,(#562,#569),.PCURVE_S1.);
#558 = LINE('',#559,#560);
#559 = CARTESIAN_POINT('',(80.,-80.,190.));
#560 = VECTOR('',#561,1.);
#561 = DIRECTION('',(0.,1.,0.));
#562 = PCURVE('',#98,#563);
#563 = DEFINITIONAL_REPRESENTATION('',(#564),#568);
#564 = LINE('',#565,#566);
#565 = CARTESIAN_POINT('',(113.13708498984,113.13708498984));
#566 = VECTOR('',#567,1.);
#567 = DIRECTION('',(0.707106781187,-0.707106781187));
#568 = ( GEOMETRIC_REPRESENTATION_CONTEXT(2) 
PARAMETRIC_REPRESENTATION_CONTEXT() REPRESENTATION_CONTEXT('2D SPACE',''
  ) );
#569 = PCURVE('',#70,#570);
#570 = DEFINITIONAL_REPRESENTATION('',(#571),#575);
#571 = LINE('',#572,#573);
#572 = CARTESIAN_POINT('',(0.,1.));
#573 = VECTOR('',#574,1.);
#574 = DIRECTION('',(1.,0.));
#575 = ( GEOMETRIC_REPRESENTATION_CONTEXT(2) 
PARAMETRIC_REPRESENTATION_CONTEXT() REPRESENTATION_CONTEXT('2D SPACE',''
  ) );
#576 = FACE_BOUND('',#577,.F.);
#577 = EDGE_LOOP('',(#578,#605,#630,#655));
#578 = ORIENTED_EDGE('',*,*,#579,.F.);
#579 = EDGE_CURVE('',#580,#582,#584,.T.);
#580 = VERTEX_POINT('',#581);
#581 = CARTESIAN_POINT('',(76.583246073298,-76.58324607329,190.));
#582 = VERTEX_POINT('',#583);
#583 = CARTESIAN_POINT('',(-76.58324607329,-76.58324607329,190.));
#584 = SURFACE_CURVE('',#585,(#588,#594),.PCURVE_S1.);
#585 = B_SPLINE_CURVE_WITH_KNOTS('',1,(#586,#587),.UNSPECIFIED.,.F.,.F.,
  (2,2),(0.,1.),.PIECEWISE_BEZIER_KNOTS.);
#586 = CARTESIAN_POINT('',(76.583246073298,-76.58324607329,190.));
#587 = CARTESIAN_POINT('',(-76.58324607329,-76.58324607329,190.));
#588 = PCURVE('',#98,#589);
#589 = DEFINITIONAL_REPRESENTATION('',(#590),#593);
#590 = B_SPLINE_CURVE_WITH_KNOTS('',1,(#591,#592),.UNSPECIFIED.,.F.,.F.,
  (2,2),(0.,1.),.PIECEWISE_BEZIER_KNOTS.);
#591 = CARTESIAN_POINT('',(113.13708498984,108.30506524741));
#592 = CARTESIAN_POINT('',(4.832019742433,7.105427357601E-15));
#593 = ( GEOMETRIC_REPRESENTATION_CONTEXT(2) 
PARAMETRIC_REPRESENTATION_CONTEXT() REPRESENTATION_CONTEXT('2D SPACE',''
  ) );
#594 = PCURVE('',#595,#600);
#595 = B_SPLINE_SURFACE_WITH_KNOTS('',1,1,(
    (#596,#597)
    ,(#598,#599
    )),.UNSPECIFIED.,.F.,.F.,.F.,(2,2),(2,2),(0.,154.8),(0.,1.),
  .PIECEWISE_BEZIER_KNOTS.);
#596 = CARTESIAN_POINT('',(-38.4,-38.4,3.));
#597 = CARTESIAN_POINT('',(-77.4,-77.4,194.));
#598 = CARTESIAN_POINT('',(38.4,-38.4,3.));
#599 = CARTESIAN_POINT('',(77.4,-77.4,194.));
#600 = DEFINITIONAL_REPRESENTATION('',(#601),#604);
#601 = B_SPLINE_CURVE_WITH_KNOTS('',1,(#602,#603),.UNSPECIFIED.,.F.,.F.,
  (2,2),(0.,1.),.PIECEWISE_BEZIER_KNOTS.);
#602 = CARTESIAN_POINT('',(154.8,0.979057591623));
#603 = CARTESIAN_POINT('',(0.,0.979057591623));
#604 = ( GEOMETRIC_REPRESENTATION_CONTEXT(2) 
PARAMETRIC_REPRESENTATION_CONTEXT() REPRESENTATION_CONTEXT('2D SPACE',''
  ) );
#605 = ORIENTED_EDGE('',*,*,#606,.F.);
#606 = EDGE_CURVE('',#607,#580,#609,.T.);
#607 = VERTEX_POINT('',#608);
#608 = CARTESIAN_POINT('',(76.583246073298,76.583246073298,190.));
#609 = SURFACE_CURVE('',#610,(#613,#619),.PCURVE_S1.);
#610 = B_SPLINE_CURVE_WITH_KNOTS('',1,(#611,#612),.UNSPECIFIED.,.F.,.F.,
  (2,2),(0.,1.),.PIECEWISE_BEZIER_KNOTS.);
#611 = CARTESIAN_POINT('',(76.583246073298,76.583246073298,190.));
#612 = CARTESIAN_POINT('',(76.583246073298,-76.58324607329,190.));
#613 = PCURVE('',#98,#614);
#614 = DEFINITIONAL_REPRESENTATION('',(#615),#618);
#615 = B_SPLINE_CURVE_WITH_KNOTS('',1,(#616,#617),.UNSPECIFIED.,.F.,.F.,
  (2,2),(0.,1.),.PIECEWISE_BEZIER_KNOTS.);
#616 = CARTESIAN_POINT('',(221.44215023726,7.105427357601E-15));
#617 = CARTESIAN_POINT('',(113.13708498984,108.30506524741));
#618 = ( GEOMETRIC_REPRESENTATION_CONTEXT(2) 
PARAMETRIC_REPRESENTATION_CONTEXT() REPRESENTATION_CONTEXT('2D SPACE',''
  ) );
#619 = PCURVE('',#620,#625);
#620 = B_SPLINE_SURFACE_WITH_KNOTS('',1,1,(
    (#621,#622)
    ,(#623,#624
    )),.UNSPECIFIED.,.F.,.F.,.F.,(2,2),(2,2),(0.,154.8),(0.,1.),
  .PIECEWISE_BEZIER_KNOTS.);
#621 = CARTESIAN_POINT('',(38.4,-38.4,3.));
#622 = CARTESIAN_POINT('',(77.4,-77.4,194.));
#623 = CARTESIAN_POINT('',(38.4,38.4,3.));
#624 = CARTESIAN_POINT('',(77.4,77.4,194.));
#625 = DEFINITIONAL_REPRESENTATION('',(#626),#629);
#626 = B_SPLINE_CURVE_WITH_KNOTS('',1,(#627,#628),.UNSPECIFIED.,.F.,.F.,
  (2,2),(0.,1.),.PIECEWISE_BEZIER_KNOTS.);
#627 = CARTESIAN_POINT('',(154.8,0.979057591623));
#628 = CARTESIAN_POINT('',(0.,0.979057591623));
#629 = ( GEOMETRIC_REPRESENTATION_CONTEXT(2) 
PARAMETRIC_REPRESENTATION_CONTEXT() REPRESENTATION_CONTEXT('2D SPACE',''
  ) );
#630 = ORIENTED_EDGE('',*,*,#631,.F.);
#631 = EDGE_CURVE('',#632,#607,#634,.T.);
#632 = VERTEX_POINT('',#633);
#633 = CARTESIAN_POINT('',(-76.58324607329,76.583246073298,190.));
#634 = SURFACE_CURVE('',#635,(#638,#644),.PCURVE_S1.);
#635 = B_SPLINE_CURVE_WITH_KNOTS('',1,(#636,#637),.UNSPECIFIED.,.F.,.F.,
  (2,2),(0.,1.),.PIECEWISE_BEZIER_KNOTS.);
#636 = CARTESIAN_POINT('',(-76.58324607329,76.583246073298,190.));
#637 = CARTESIAN_POINT('',(76.583246073298,76.583246073298,190.));
#638 = PCURVE('',#98,#639);
#639 = DEFINITIONAL_REPRESENTATION('',(#640),#643);
#640 = B_SPLINE_CURVE_WITH_KNOTS('',1,(#641,#642),.UNSPECIFIED.,.F.,.F.,
  (2,2),(0.,1.),.PIECEWISE_BEZIER_KNOTS.);
#641 = CARTESIAN_POINT('',(113.13708498984,-108.3050652474));
#642 = CARTESIAN_POINT('',(221.44215023726,0.));
#643 = ( GEOMETRIC_REPRESENTATION_CONTEXT(2) 
PARAMETRIC_REPRESENTATION_CONTEXT() REPRESENTATION_CONTEXT('2D SPACE',''
  ) );
#644 = PCURVE('',#645,#650);
#645 = B_SPLINE_SURFACE_WITH_KNOTS('',1,1,(
    (#646,#647)
    ,(#648,#649
    )),.UNSPECIFIED.,.F.,.F.,.F.,(2,2),(2,2),(0.,154.8),(0.,1.),
  .PIECEWISE_BEZIER_KNOTS.);
#646 = CARTESIAN_POINT('',(38.4,38.4,3.));
#647 = CARTESIAN_POINT('',(77.4,77.4,194.));
#648 = CARTESIAN_POINT('',(-38.4,38.4,3.));
#649 = CARTESIAN_POINT('',(-77.4,77.4,194.));
#650 = DEFINITIONAL_REPRESENTATION('',(#651),#654);
#651 = B_SPLINE_CURVE_WITH_KNOTS('',1,(#652,#653),.UNSPECIFIED.,.F.,.F.,
  (2,2),(0.,1.),.PIECEWISE_BEZIER_KNOTS.);
#652 = CARTESIAN_POINT('',(154.8,0.979057591623));
#653 = CARTESIAN_POINT('',(0.,0.979057591623));
#654 = ( GEOMETRIC_REPRESENTATION_CONTEXT(2) 
PARAMETRIC_REPRESENTATION_CONTEXT() REPRESENTATION_CONTEXT('2D SPACE',''
  ) );
#655 = ORIENTED_EDGE('',*,*,#656,.F.);
#656 = EDGE_CURVE('',#582,#632,#657,.T.);
#657 = SURFACE_CURVE('',#658,(#661,#667),.PCURVE_S1.);
#658 = B_SPLINE_CURVE_WITH_KNOTS('',1,(#659,#660),.UNSPECIFIED.,.F.,.F.,
  (2,2),(0.,1.),.PIECEWISE_BEZIER_KNOTS.);
#659 = CARTESIAN_POINT('',(-76.58324607329,-76.58324607329,190.));
#660 = CARTESIAN_POINT('',(-76.58324607329,76.583246073298,190.));
#661 = PCURVE('',#98,#662);
#662 = DEFINITIONAL_REPRESENTATION('',(#663),#666);
#663 = B_SPLINE_CURVE_WITH_KNOTS('',1,(#664,#665),.UNSPECIFIED.,.F.,.F.,
  (2,2),(0.,1.),.PIECEWISE_BEZIER_KNOTS.);
#664 = CARTESIAN_POINT('',(4.832019742433,0.));
#665 = CARTESIAN_POINT('',(113.13708498984,-108.3050652474));
#666 = ( GEOMETRIC_REPRESENTATION_CONTEXT(2) 
PARAMETRIC_REPRESENTATION_CONTEXT() REPRESENTATION_CONTEXT('2D SPACE',''
  ) );
#667 = PCURVE('',#668,#673);
#668 = B_SPLINE_SURFACE_WITH_KNOTS('',1,1,(
    (#669,#670)
    ,(#671,#672
    )),.UNSPECIFIED.,.F.,.F.,.F.,(2,2),(2,2),(0.,154.8),(0.,1.),
  .PIECEWISE_BEZIER_KNOTS.);
#669 = CARTESIAN_POINT('',(-38.4,38.4,3.));
#670 = CARTESIAN_POINT('',(-77.4,77.4,194.));
#671 = CARTESIAN_POINT('',(-38.4,-38.4,3.));
#672 = CARTESIAN_POINT('',(-77.4,-77.4,194.));
#673 = DEFINITIONAL_REPRESENTATION('',(#674),#677);
#674 = B_SPLINE_CURVE_WITH_KNOTS('',1,(#675,#676),.UNSPECIFIED.,.F.,.F.,
  (2,2),(0.,1.),.PIECEWISE_BEZIER_KNOTS.);
#675 = CARTESIAN_POINT('',(154.8,0.979057591623));
#676 = CARTESIAN_POINT('',(0.,0.979057591623));
#677 = ( GEOMETRIC_REPRESENTATION_CONTEXT(2) 
PARAMETRIC_REPRESENTATION_CONTEXT() REPRESENTATION_CONTEXT('2D SPACE',''
  ) );
#678 = ADVANCED_FACE('',(#679),#620,.F.);
#679 = FACE_BOUND('',#680,.F.);
#680 = EDGE_LOOP('',(#681,#703,#728,#768,#795,#833,#853,#896,#923,#961,
    #981,#1001));
#681 = ORIENTED_EDGE('',*,*,#682,.F.);
#682 = EDGE_CURVE('',#683,#580,#685,.T.);
#683 = VERTEX_POINT('',#684);
#684 = CARTESIAN_POINT('',(38.808376963351,-38.80837696335,5.));
#685 = SURFACE_CURVE('',#686,(#689,#696),.PCURVE_S1.);
#686 = B_SPLINE_CURVE_WITH_KNOTS('',1,(#687,#688),.UNSPECIFIED.,.F.,.F.,
  (2,2),(0.,1.),.PIECEWISE_BEZIER_KNOTS.);
#687 = CARTESIAN_POINT('',(38.4,-38.4,3.));
#688 = CARTESIAN_POINT('',(77.4,-77.4,194.));
#689 = PCURVE('',#620,#690);
#690 = DEFINITIONAL_REPRESENTATION('',(#691),#695);
#691 = LINE('',#692,#693);
#692 = CARTESIAN_POINT('',(0.,0.));
#693 = VECTOR('',#694,1.);
#694 = DIRECTION('',(0.,1.));
#695 = ( GEOMETRIC_REPRESENTATION_CONTEXT(2) 
PARAMETRIC_REPRESENTATION_CONTEXT() REPRESENTATION_CONTEXT('2D SPACE',''
  ) );
#696 = PCURVE('',#595,#697);
#697 = DEFINITIONAL_REPRESENTATION('',(#698),#702);
#698 = LINE('',#699,#700);
#699 = CARTESIAN_POINT('',(154.8,0.));
#700 = VECTOR('',#701,1.);
#701 = DIRECTION('',(0.,1.));
#702 = ( GEOMETRIC_REPRESENTATION_CONTEXT(2) 
PARAMETRIC_REPRESENTATION_CONTEXT() REPRESENTATION_CONTEXT('2D SPACE',''
  ) );
#703 = ORIENTED_EDGE('',*,*,#704,.F.);
#704 = EDGE_CURVE('',#705,#683,#707,.T.);
#705 = VERTEX_POINT('',#706);
#706 = CARTESIAN_POINT('',(38.808376963351,-31.21244980866,5.));
#707 = SURFACE_CURVE('',#708,(#711,#717),.PCURVE_S1.);
#708 = B_SPLINE_CURVE_WITH_KNOTS('',1,(#709,#710),.UNSPECIFIED.,.F.,.F.,
  (2,2),(0.,1.),.PIECEWISE_BEZIER_KNOTS.);
#709 = CARTESIAN_POINT('',(38.808376963351,38.808376963351,5.));
#710 = CARTESIAN_POINT('',(38.808376963351,-38.80837696335,5.));
#711 = PCURVE('',#620,#712);
#712 = DEFINITIONAL_REPRESENTATION('',(#713),#716);
#713 = B_SPLINE_CURVE_WITH_KNOTS('',1,(#714,#715),.UNSPECIFIED.,.F.,.F.,
  (2,2),(0.,1.),.PIECEWISE_BEZIER_KNOTS.);
#714 = CARTESIAN_POINT('',(154.8,1.047120418848E-02));
#715 = CARTESIAN_POINT('',(0.,1.047120418848E-02));
#716 = ( GEOMETRIC_REPRESENTATION_CONTEXT(2) 
PARAMETRIC_REPRESENTATION_CONTEXT() REPRESENTATION_CONTEXT('2D SPACE',''
  ) );
#717 = PCURVE('',#718,#723);
#718 = PLANE('',#719);
#719 = AXIS2_PLACEMENT_3D('',#720,#721,#722);
#720 = CARTESIAN_POINT('',(-49.,-41.,5.));
#721 = DIRECTION('',(0.,0.,1.));
#722 = DIRECTION('',(1.,0.,0.));
#723 = DEFINITIONAL_REPRESENTATION('',(#724),#727);
#724 = B_SPLINE_CURVE_WITH_KNOTS('',1,(#725,#726),.UNSPECIFIED.,.F.,.F.,
  (2,2),(0.,1.),.PIECEWISE_BEZIER_KNOTS.);
#725 = CARTESIAN_POINT('',(87.808376963351,79.808376963351));
#726 = CARTESIAN_POINT('',(87.808376963351,2.191623036649));
#727 = ( GEOMETRIC_REPRESENTATION_CONTEXT(2) 
PARAMETRIC_REPRESENTATION_CONTEXT() REPRESENTATION_CONTEXT('2D SPACE',''
  ) );
#728 = ORIENTED_EDGE('',*,*,#729,.F.);
#729 = EDGE_CURVE('',#730,#705,#732,.T.);
#730 = VERTEX_POINT('',#731);
#731 = CARTESIAN_POINT('',(38.4,-30.57445626465,3.));
#732 = SURFACE_CURVE('',#733,(#741,#752),.PCURVE_S1.);
#733 = B_SPLINE_CURVE_WITH_KNOTS('',6,(#734,#735,#736,#737,#738,#739,
    #740),.UNSPECIFIED.,.F.,.F.,(7,7),(0.,1.),.PIECEWISE_BEZIER_KNOTS.);
#734 = CARTESIAN_POINT('',(38.4,-30.57445626465,3.));
#735 = CARTESIAN_POINT('',(38.458613483756,-30.7377090304,3.287055779422
    ));
#736 = CARTESIAN_POINT('',(38.526061966962,-30.86335065772,
    3.617380402303));
#737 = CARTESIAN_POINT('',(38.595682758553,-30.97214174271,
    3.958343766246));
#738 = CARTESIAN_POINT('',(38.666152107242,-31.06239079999,
    4.303462884186));
#739 = CARTESIAN_POINT('',(38.736504505672,-31.14181194939,
    4.648009245728));
#740 = CARTESIAN_POINT('',(38.808377085864,-31.21244992907,5.0000006));
#741 = PCURVE('',#620,#742);
#742 = DEFINITIONAL_REPRESENTATION('',(#743),#751);
#743 = B_SPLINE_CURVE_WITH_KNOTS('',6,(#744,#745,#746,#747,#748,#749,
    #750),.UNSPECIFIED.,.F.,.F.,(7,7),(0.,1.),.PIECEWISE_BEZIER_KNOTS.);
#744 = CARTESIAN_POINT('',(15.773361591557,0.));
#745 = CARTESIAN_POINT('',(15.538371693116,1.502909839904E-03));
#746 = CARTESIAN_POINT('',(15.394231345634,3.232358127241E-03));
#747 = CARTESIAN_POINT('',(15.288018782039,5.01750662956E-03));
#748 = CARTESIAN_POINT('',(15.220691130254,6.824413006211E-03));
#749 = CARTESIAN_POINT('',(15.175023452281,8.628320658259E-03));
#750 = CARTESIAN_POINT('',(15.149429223359,1.047120732984E-02));
#751 = ( GEOMETRIC_REPRESENTATION_CONTEXT(2) 
PARAMETRIC_REPRESENTATION_CONTEXT() REPRESENTATION_CONTEXT('2D SPACE',''
  ) );
#752 = PCURVE('',#753,#758);
#753 = CYLINDRICAL_SURFACE('',#754,1.7);
#754 = AXIS2_PLACEMENT_3D('',#755,#756,#757);
#755 = CARTESIAN_POINT('',(40.,-30.,5.));
#756 = DIRECTION('',(0.,0.,-1.));
#757 = DIRECTION('',(-1.,0.,0.));
#758 = DEFINITIONAL_REPRESENTATION('',(#759),#767);
#759 = B_SPLINE_CURVE_WITH_KNOTS('',6,(#760,#761,#762,#763,#764,#765,
    #766),.UNSPECIFIED.,.F.,.F.,(7,7),(0.,1.),.PIECEWISE_BEZIER_KNOTS.);
#760 = CARTESIAN_POINT('',(5.938484127381,2.));
#761 = CARTESIAN_POINT('',(5.836451148784,1.712944220578));
#762 = CARTESIAN_POINT('',(5.753455633874,1.382619597697));
#763 = CARTESIAN_POINT('',(5.677659453307,1.041656233754));
#764 = CARTESIAN_POINT('',(5.610713490567,0.696537115814));
#765 = CARTESIAN_POINT('',(5.548402942006,0.351990754272));
#766 = CARTESIAN_POINT('',(5.489124139254,-6.E-07));
#767 = ( GEOMETRIC_REPRESENTATION_CONTEXT(2) 
PARAMETRIC_REPRESENTATION_CONTEXT() REPRESENTATION_CONTEXT('2D SPACE',''
  ) );
#768 = ORIENTED_EDGE('',*,*,#769,.T.);
#769 = EDGE_CURVE('',#730,#770,#772,.T.);
#770 = VERTEX_POINT('',#771);
#771 = CARTESIAN_POINT('',(38.4,-29.42554373534,3.));
#772 = SURFACE_CURVE('',#773,(#777,#783),.PCURVE_S1.);
#773 = LINE('',#774,#775);
#774 = CARTESIAN_POINT('',(38.4,-38.4,3.));
#775 = VECTOR('',#776,1.);
#776 = DIRECTION('',(0.,1.,0.));
#777 = PCURVE('',#620,#778);
#778 = DEFINITIONAL_REPRESENTATION('',(#779),#782);
#779 = B_SPLINE_CURVE_WITH_KNOTS('',1,(#780,#781),.UNSPECIFIED.,.F.,.F.,
  (2,2),(0.,76.8),.PIECEWISE_BEZIER_KNOTS.);
#780 = CARTESIAN_POINT('',(0.,0.));
#781 = CARTESIAN_POINT('',(154.8,0.));
#782 = ( GEOMETRIC_REPRESENTATION_CONTEXT(2) 
PARAMETRIC_REPRESENTATION_CONTEXT() REPRESENTATION_CONTEXT('2D SPACE',''
  ) );
#783 = PCURVE('',#784,#789);
#784 = PLANE('',#785);
#785 = AXIS2_PLACEMENT_3D('',#786,#787,#788);
#786 = CARTESIAN_POINT('',(-38.4,-38.4,3.));
#787 = DIRECTION('',(0.,0.,-1.));
#788 = DIRECTION('',(0.707106781187,0.707106781187,0.));
#789 = DEFINITIONAL_REPRESENTATION('',(#790),#794);
#790 = LINE('',#791,#792);
#791 = CARTESIAN_POINT('',(54.305800795127,54.305800795127));
#792 = VECTOR('',#793,1.);
#793 = DIRECTION('',(0.707106781187,-0.707106781187));
#794 = ( GEOMETRIC_REPRESENTATION_CONTEXT(2) 
PARAMETRIC_REPRESENTATION_CONTEXT() REPRESENTATION_CONTEXT('2D SPACE',''
  ) );
#795 = ORIENTED_EDGE('',*,*,#796,.F.);
#796 = EDGE_CURVE('',#797,#770,#799,.T.);
#797 = VERTEX_POINT('',#798);
#798 = CARTESIAN_POINT('',(38.808376963351,-28.78755019133,5.));
#799 = SURFACE_CURVE('',#800,(#809,#821),.PCURVE_S1.);
#800 = B_SPLINE_CURVE_WITH_KNOTS('',4,(#801,#802,#803,#804,#805,#806,
    #807,#808),.UNSPECIFIED.,.F.,.F.,(5,3,5),(0.,0.519703964931,1.),
  .UNSPECIFIED.);
#801 = CARTESIAN_POINT('',(38.808377085864,-28.78755007092,5.0000006));
#802 = CARTESIAN_POINT('',(38.750234909944,-28.84469350212,
    4.715253020495));
#803 = CARTESIAN_POINT('',(38.693114993748,-28.90818823675,
    4.435511892457));
#804 = CARTESIAN_POINT('',(38.637230463296,-28.97905499907,
    4.161820986911));
#805 = CARTESIAN_POINT('',(38.533711281556,-29.13508078602,
    3.654842430182));
#806 = CARTESIAN_POINT('',(38.485924942696,-29.21879907827,
    3.420811898844));
#807 = CARTESIAN_POINT('',(38.440291563091,-29.31332196162,
    3.197325347446));
#808 = CARTESIAN_POINT('',(38.4,-29.42554373534,3.));
#809 = PCURVE('',#620,#810);
#810 = DEFINITIONAL_REPRESENTATION('',(#811),#820);
#811 = B_SPLINE_CURVE_WITH_KNOTS('',4,(#812,#813,#814,#815,#816,#817,
    #818,#819),.UNSPECIFIED.,.F.,.F.,(5,3,5),(0.,0.519703964931,1.),
  .UNSPECIFIED.);
#812 = CARTESIAN_POINT('',(19.985685287482,1.047120732984E-02));
#813 = CARTESIAN_POINT('',(19.785700249614,8.980382306257E-03));
#814 = CARTESIAN_POINT('',(19.573761884787,7.515769070455E-03));
#815 = CARTESIAN_POINT('',(19.348071699656,6.082832392203E-03));
#816 = CARTESIAN_POINT('',(18.87866975681,3.42849439886E-03));
#817 = CARTESIAN_POINT('',(18.637758802184,2.203203658872E-03));
#818 = CARTESIAN_POINT('',(18.377567903442,1.033117002337E-03));
#819 = CARTESIAN_POINT('',(18.089138408443,0.));
#820 = ( GEOMETRIC_REPRESENTATION_CONTEXT(2) 
PARAMETRIC_REPRESENTATION_CONTEXT() REPRESENTATION_CONTEXT('2D SPACE',''
  ) );
#821 = PCURVE('',#753,#822);
#822 = DEFINITIONAL_REPRESENTATION('',(#823),#832);
#823 = B_SPLINE_CURVE_WITH_KNOTS('',4,(#824,#825,#826,#827,#828,#829,
    #830,#831),.UNSPECIFIED.,.F.,.F.,(5,3,5),(0.,0.519703964931,1.),
  .UNSPECIFIED.);
#824 = CARTESIAN_POINT('',(7.077246475105,-6.E-07));
#825 = CARTESIAN_POINT('',(7.029292184766,0.284746979505));
#826 = CARTESIAN_POINT('',(6.979136862407,0.564488107543));
#827 = CARTESIAN_POINT('',(6.926216907384,0.838179013089));
#828 = CARTESIAN_POINT('',(6.816073453924,1.345157569818));
#829 = CARTESIAN_POINT('',(6.759458587332,1.579188101156));
#830 = CARTESIAN_POINT('',(6.698025095555,1.802674652554));
#831 = CARTESIAN_POINT('',(6.627886486978,2.));
#832 = ( GEOMETRIC_REPRESENTATION_CONTEXT(2) 
PARAMETRIC_REPRESENTATION_CONTEXT() REPRESENTATION_CONTEXT('2D SPACE',''
  ) );
#833 = ORIENTED_EDGE('',*,*,#834,.F.);
#834 = EDGE_CURVE('',#835,#797,#837,.T.);
#835 = VERTEX_POINT('',#836);
#836 = CARTESIAN_POINT('',(38.808376963351,28.787550191337,5.));
#837 = SURFACE_CURVE('',#838,(#841,#847),.PCURVE_S1.);
#838 = B_SPLINE_CURVE_WITH_KNOTS('',1,(#839,#840),.UNSPECIFIED.,.F.,.F.,
  (2,2),(0.,1.),.PIECEWISE_BEZIER_KNOTS.);
#839 = CARTESIAN_POINT('',(38.808376963351,38.808376963351,5.));
#840 = CARTESIAN_POINT('',(38.808376963351,-38.80837696335,5.));
#841 = PCURVE('',#620,#842);
#842 = DEFINITIONAL_REPRESENTATION('',(#843),#846);
#843 = B_SPLINE_CURVE_WITH_KNOTS('',1,(#844,#845),.UNSPECIFIED.,.F.,.F.,
  (2,2),(0.,1.),.PIECEWISE_BEZIER_KNOTS.);
#844 = CARTESIAN_POINT('',(154.8,1.047120418848E-02));
#845 = CARTESIAN_POINT('',(0.,1.047120418848E-02));
#846 = ( GEOMETRIC_REPRESENTATION_CONTEXT(2) 
PARAMETRIC_REPRESENTATION_CONTEXT() REPRESENTATION_CONTEXT('2D SPACE',''
  ) );
#847 = PCURVE('',#718,#848);
#848 = DEFINITIONAL_REPRESENTATION('',(#849),#852);
#849 = B_SPLINE_CURVE_WITH_KNOTS('',1,(#850,#851),.UNSPECIFIED.,.F.,.F.,
  (2,2),(0.,1.),.PIECEWISE_BEZIER_KNOTS.);
#850 = CARTESIAN_POINT('',(87.808376963351,79.808376963351));
#851 = CARTESIAN_POINT('',(87.808376963351,2.191623036649));
#852 = ( GEOMETRIC_REPRESENTATION_CONTEXT(2) 
PARAMETRIC_REPRESENTATION_CONTEXT() REPRESENTATION_CONTEXT('2D SPACE',''
  ) );
#853 = ORIENTED_EDGE('',*,*,#854,.F.);
#854 = EDGE_CURVE('',#855,#835,#857,.T.);
#855 = VERTEX_POINT('',#856);
#856 = CARTESIAN_POINT('',(38.4,29.425543735345,3.));
#857 = SURFACE_CURVE('',#858,(#867,#879),.PCURVE_S1.);
#858 = B_SPLINE_CURVE_WITH_KNOTS('',4,(#859,#860,#861,#862,#863,#864,
    #865,#866),.UNSPECIFIED.,.F.,.F.,(5,3,5),(0.,0.461784568206,1.),
  .UNSPECIFIED.);
#859 = CARTESIAN_POINT('',(38.4,29.425543735346,3.));
#860 = CARTESIAN_POINT('',(38.432437011723,29.335198791876,
    3.158858185616));
#861 = CARTESIAN_POINT('',(38.470963439909,29.24926171043,3.347538898017
    ));
#862 = CARTESIAN_POINT('',(38.515052273596,29.167222982607,
    3.563461134792));
#863 = CARTESIAN_POINT('',(38.622591243637,28.997797287772,
    4.090126347043));
#864 = CARTESIAN_POINT('',(38.683138704408,28.919358269643,
    4.386653654923));
#865 = CARTESIAN_POINT('',(38.745149640734,28.84969141847,4.690348240515
    ));
#866 = CARTESIAN_POINT('',(38.808377085864,28.787550070928,5.0000006));
#867 = PCURVE('',#620,#868);
#868 = DEFINITIONAL_REPRESENTATION('',(#869),#878);
#869 = B_SPLINE_CURVE_WITH_KNOTS('',4,(#870,#871,#872,#873,#874,#875,
    #876,#877),.UNSPECIFIED.,.F.,.F.,(5,3,5),(0.,0.461784568206,1.),
  .UNSPECIFIED.);
#870 = CARTESIAN_POINT('',(136.71086159155,0.));
#871 = CARTESIAN_POINT('',(136.47865935881,8.317182492992E-04));
#872 = CARTESIAN_POINT('',(136.24646043073,1.819575382287E-03));
#873 = CARTESIAN_POINT('',(136.01426622525,2.950058297339E-03));
#874 = CARTESIAN_POINT('',(135.51142581582,5.707467785568E-03));
#875 = CARTESIAN_POINT('',(135.26342058692,7.259966779704E-03));
#876 = CARTESIAN_POINT('',(135.03179097323,8.849990788039E-03));
#877 = CARTESIAN_POINT('',(134.81431471251,1.047120732984E-02));
#878 = ( GEOMETRIC_REPRESENTATION_CONTEXT(2) 
PARAMETRIC_REPRESENTATION_CONTEXT() REPRESENTATION_CONTEXT('2D SPACE',''
  ) );
#879 = PCURVE('',#880,#885);
#880 = CYLINDRICAL_SURFACE('',#881,1.7);
#881 = AXIS2_PLACEMENT_3D('',#882,#883,#884);
#882 = CARTESIAN_POINT('',(40.,30.,5.));
#883 = DIRECTION('',(0.,0.,-1.));
#884 = DIRECTION('',(-1.,0.,0.));
#885 = DEFINITIONAL_REPRESENTATION('',(#886),#895);
#886 = B_SPLINE_CURVE_WITH_KNOTS('',4,(#887,#888,#889,#890,#891,#892,
    #893,#894),.UNSPECIFIED.,.F.,.F.,(5,3,5),(0.,0.461784568206,1.),
  .UNSPECIFIED.);
#887 = CARTESIAN_POINT('',(5.938484127381,2.));
#888 = CARTESIAN_POINT('',(5.882018537712,1.841141814384));
#889 = CARTESIAN_POINT('',(5.826778824253,1.652461101983));
#890 = CARTESIAN_POINT('',(5.77213268231,1.436538865208));
#891 = CARTESIAN_POINT('',(5.654089677789,0.909873652957));
#892 = CARTESIAN_POINT('',(5.59603208698,0.613346345077));
#893 = CARTESIAN_POINT('',(5.541272639257,0.309651759485));
#894 = CARTESIAN_POINT('',(5.489124139254,-6.E-07));
#895 = ( GEOMETRIC_REPRESENTATION_CONTEXT(2) 
PARAMETRIC_REPRESENTATION_CONTEXT() REPRESENTATION_CONTEXT('2D SPACE',''
  ) );
#896 = ORIENTED_EDGE('',*,*,#897,.T.);
#897 = EDGE_CURVE('',#855,#898,#900,.T.);
#898 = VERTEX_POINT('',#899);
#899 = CARTESIAN_POINT('',(38.4,30.574456264655,3.));
#900 = SURFACE_CURVE('',#901,(#905,#911),.PCURVE_S1.);
#901 = LINE('',#902,#903);
#902 = CARTESIAN_POINT('',(38.4,-38.4,3.));
#903 = VECTOR('',#904,1.);
#904 = DIRECTION('',(0.,1.,0.));
#905 = PCURVE('',#620,#906);
#906 = DEFINITIONAL_REPRESENTATION('',(#907),#910);
#907 = B_SPLINE_CURVE_WITH_KNOTS('',1,(#908,#909),.UNSPECIFIED.,.F.,.F.,
  (2,2),(0.,76.8),.PIECEWISE_BEZIER_KNOTS.);
#908 = CARTESIAN_POINT('',(0.,0.));
#909 = CARTESIAN_POINT('',(154.8,0.));
#910 = ( GEOMETRIC_REPRESENTATION_CONTEXT(2) 
PARAMETRIC_REPRESENTATION_CONTEXT() REPRESENTATION_CONTEXT('2D SPACE',''
  ) );
#911 = PCURVE('',#912,#917);
#912 = PLANE('',#913);
#913 = AXIS2_PLACEMENT_3D('',#914,#915,#916);
#914 = CARTESIAN_POINT('',(-38.4,-38.4,3.));
#915 = DIRECTION('',(0.,0.,-1.));
#916 = DIRECTION('',(0.707106781187,0.707106781187,0.));
#917 = DEFINITIONAL_REPRESENTATION('',(#918),#922);
#918 = LINE('',#919,#920);
#919 = CARTESIAN_POINT('',(54.305800795127,54.305800795127));
#920 = VECTOR('',#921,1.);
#921 = DIRECTION('',(0.707106781187,-0.707106781187));
#922 = ( GEOMETRIC_REPRESENTATION_CONTEXT(2) 
PARAMETRIC_REPRESENTATION_CONTEXT() REPRESENTATION_CONTEXT('2D SPACE',''
  ) );
#923 = ORIENTED_EDGE('',*,*,#924,.F.);
#924 = EDGE_CURVE('',#925,#898,#927,.T.);
#925 = VERTEX_POINT('',#926);
#926 = CARTESIAN_POINT('',(38.808376963351,31.212449808663,5.));
#927 = SURFACE_CURVE('',#928,(#937,#949),.PCURVE_S1.);
#928 = B_SPLINE_CURVE_WITH_KNOTS('',4,(#929,#930,#931,#932,#933,#934,
    #935,#936),.UNSPECIFIED.,.F.,.F.,(5,3,5),(0.,0.386615431394,1.),
  .UNSPECIFIED.);
#929 = CARTESIAN_POINT('',(38.808377085864,31.212449929072,5.0000006));
#930 = CARTESIAN_POINT('',(38.766877334057,31.1716630446,4.796758225766)
  );
#931 = CARTESIAN_POINT('',(38.725531331576,31.127291822979,
    4.594268829001));
#932 = CARTESIAN_POINT('',(38.684400032399,31.078774312049,
    4.392830927905));
#933 = CARTESIAN_POINT('',(38.579127962567,30.939464736779,3.87726771411
    ));
#934 = CARTESIAN_POINT('',(38.516275085793,30.840770080348,
    3.569449779142));
#935 = CARTESIAN_POINT('',(38.453840328474,30.724414635479,
    3.263679557397));
#936 = CARTESIAN_POINT('',(38.4,30.574456264654,3.));
#937 = PCURVE('',#620,#938);
#938 = DEFINITIONAL_REPRESENTATION('',(#939),#948);
#939 = B_SPLINE_CURVE_WITH_KNOTS('',4,(#940,#941,#942,#943,#944,#945,
    #946,#947),.UNSPECIFIED.,.F.,.F.,(5,3,5),(0.,0.386615431394,1.),
  .UNSPECIFIED.);
#940 = CARTESIAN_POINT('',(139.65057077664,1.047120732984E-02));
#941 = CARTESIAN_POINT('',(139.63579248226,9.407111129664E-03));
#942 = CARTESIAN_POINT('',(139.61357633515,8.346957219902E-03));
#943 = CARTESIAN_POINT('',(139.58265907149,7.292308523063E-03));
#944 = CARTESIAN_POINT('',(139.47291465132,4.593024681203E-03));
#945 = CARTESIAN_POINT('',(139.37600570959,2.981412456242E-03));
#946 = CARTESIAN_POINT('',(139.24249203988,1.380521242915E-03));
#947 = CARTESIAN_POINT('',(139.02663840844,0.));
#948 = ( GEOMETRIC_REPRESENTATION_CONTEXT(2) 
PARAMETRIC_REPRESENTATION_CONTEXT() REPRESENTATION_CONTEXT('2D SPACE',''
  ) );
#949 = PCURVE('',#880,#950);
#950 = DEFINITIONAL_REPRESENTATION('',(#951),#960);
#951 = B_SPLINE_CURVE_WITH_KNOTS('',4,(#952,#953,#954,#955,#956,#957,
    #958,#959),.UNSPECIFIED.,.F.,.F.,(5,3,5),(0.,0.386615431394,1.),
  .UNSPECIFIED.);
#952 = CARTESIAN_POINT('',(7.077246475105,-6.E-07));
#953 = CARTESIAN_POINT('',(7.04301846221,0.203241774234));
#954 = CARTESIAN_POINT('',(7.007374546212,0.405731170999));
#955 = CARTESIAN_POINT('',(6.97001578337,0.607169072095));
#956 = CARTESIAN_POINT('',(6.867302815403,1.12273228589));
#957 = CARTESIAN_POINT('',(6.798557414045,1.430550220858));
#958 = CARTESIAN_POINT('',(6.721610468744,1.736320442603));
#959 = CARTESIAN_POINT('',(6.627886486978,2.));
#960 = ( GEOMETRIC_REPRESENTATION_CONTEXT(2) 
PARAMETRIC_REPRESENTATION_CONTEXT() REPRESENTATION_CONTEXT('2D SPACE',''
  ) );
#961 = ORIENTED_EDGE('',*,*,#962,.F.);
#962 = EDGE_CURVE('',#963,#925,#965,.T.);
#963 = VERTEX_POINT('',#964);
#964 = CARTESIAN_POINT('',(38.808376963351,38.808376963351,5.));
#965 = SURFACE_CURVE('',#966,(#969,#975),.PCURVE_S1.);
#966 = B_SPLINE_CURVE_WITH_KNOTS('',1,(#967,#968),.UNSPECIFIED.,.F.,.F.,
  (2,2),(0.,1.),.PIECEWISE_BEZIER_KNOTS.);
#967 = CARTESIAN_POINT('',(38.808376963351,38.808376963351,5.));
#968 = CARTESIAN_POINT('',(38.808376963351,-38.80837696335,5.));
#969 = PCURVE('',#620,#970);
#970 = DEFINITIONAL_REPRESENTATION('',(#971),#974);
#971 = B_SPLINE_CURVE_WITH_KNOTS('',1,(#972,#973),.UNSPECIFIED.,.F.,.F.,
  (2,2),(0.,1.),.PIECEWISE_BEZIER_KNOTS.);
#972 = CARTESIAN_POINT('',(154.8,1.047120418848E-02));
#973 = CARTESIAN_POINT('',(0.,1.047120418848E-02));
#974 = ( GEOMETRIC_REPRESENTATION_CONTEXT(2) 
PARAMETRIC_REPRESENTATION_CONTEXT() REPRESENTATION_CONTEXT('2D SPACE',''
  ) );
#975 = PCURVE('',#718,#976);
#976 = DEFINITIONAL_REPRESENTATION('',(#977),#980);
#977 = B_SPLINE_CURVE_WITH_KNOTS('',1,(#978,#979),.UNSPECIFIED.,.F.,.F.,
  (2,2),(0.,1.),.PIECEWISE_BEZIER_KNOTS.);
#978 = CARTESIAN_POINT('',(87.808376963351,79.808376963351));
#979 = CARTESIAN_POINT('',(87.808376963351,2.191623036649));
#980 = ( GEOMETRIC_REPRESENTATION_CONTEXT(2) 
PARAMETRIC_REPRESENTATION_CONTEXT() REPRESENTATION_CONTEXT('2D SPACE',''
  ) );
#981 = ORIENTED_EDGE('',*,*,#982,.T.);
#982 = EDGE_CURVE('',#963,#607,#983,.T.);
#983 = SURFACE_CURVE('',#984,(#987,#994),.PCURVE_S1.);
#984 = B_SPLINE_CURVE_WITH_KNOTS('',1,(#985,#986),.UNSPECIFIED.,.F.,.F.,
  (2,2),(0.,1.),.PIECEWISE_BEZIER_KNOTS.);
#985 = CARTESIAN_POINT('',(38.4,38.4,3.));
#986 = CARTESIAN_POINT('',(77.4,77.4,194.));
#987 = PCURVE('',#620,#988);
#988 = DEFINITIONAL_REPRESENTATION('',(#989),#993);
#989 = LINE('',#990,#991);
#990 = CARTESIAN_POINT('',(154.8,0.));
#991 = VECTOR('',#992,1.);
#992 = DIRECTION('',(0.,1.));
#993 = ( GEOMETRIC_REPRESENTATION_CONTEXT(2) 
PARAMETRIC_REPRESENTATION_CONTEXT() REPRESENTATION_CONTEXT('2D SPACE',''
  ) );
#994 = PCURVE('',#645,#995);
#995 = DEFINITIONAL_REPRESENTATION('',(#996),#1000);
#996 = LINE('',#997,#998);
#997 = CARTESIAN_POINT('',(0.,0.));
#998 = VECTOR('',#999,1.);
#999 = DIRECTION('',(0.,1.));
#1000 = ( GEOMETRIC_REPRESENTATION_CONTEXT(2) 
PARAMETRIC_REPRESENTATION_CONTEXT() REPRESENTATION_CONTEXT('2D SPACE',''
  ) );
#1001 = ORIENTED_EDGE('',*,*,#606,.T.);
#1002 = ADVANCED_FACE('',(#1003),#784,.F.);
#1003 = FACE_BOUND('',#1004,.F.);
#1004 = EDGE_LOOP('',(#1005,#1006));
#1005 = ORIENTED_EDGE('',*,*,#769,.F.);
#1006 = ORIENTED_EDGE('',*,*,#1007,.T.);
#1007 = EDGE_CURVE('',#730,#770,#1008,.T.);
#1008 = SURFACE_CURVE('',#1009,(#1014,#1021),.PCURVE_S1.);
#1009 = CIRCLE('',#1010,1.7);
#1010 = AXIS2_PLACEMENT_3D('',#1011,#1012,#1013);
#1011 = CARTESIAN_POINT('',(40.,-30.,3.));
#1012 = DIRECTION('',(-0.,0.,-1.));
#1013 = DIRECTION('',(-0.941176470588,-0.337915449797,0.));
#1014 = PCURVE('',#784,#1015);
#1015 = DEFINITIONAL_REPRESENTATION('',(#1016),#1020);
#1016 = CIRCLE('',#1017,1.7);
#1017 = AXIS2_PLACEMENT_2D('',#1018,#1019);
#1018 = CARTESIAN_POINT('',(61.376868606992,49.497474683058));
#1019 = DIRECTION('',(-0.904454570665,-0.426569958627));
#1020 = ( GEOMETRIC_REPRESENTATION_CONTEXT(2) 
PARAMETRIC_REPRESENTATION_CONTEXT() REPRESENTATION_CONTEXT('2D SPACE',''
  ) );
#1021 = PCURVE('',#753,#1022);
#1022 = DEFINITIONAL_REPRESENTATION('',(#1023),#1027);
#1023 = LINE('',#1024,#1025);
#1024 = CARTESIAN_POINT('',(5.938484127381,2.));
#1025 = VECTOR('',#1026,1.);
#1026 = DIRECTION('',(1.,0.));
#1027 = ( GEOMETRIC_REPRESENTATION_CONTEXT(2) 
PARAMETRIC_REPRESENTATION_CONTEXT() REPRESENTATION_CONTEXT('2D SPACE',''
  ) );
#1028 = ADVANCED_FACE('',(#1029),#753,.F.);
#1029 = FACE_BOUND('',#1030,.F.);
#1030 = EDGE_LOOP('',(#1031,#1032,#1033,#1059));
#1031 = ORIENTED_EDGE('',*,*,#1007,.F.);
#1032 = ORIENTED_EDGE('',*,*,#729,.T.);
#1033 = ORIENTED_EDGE('',*,*,#1034,.T.);
#1034 = EDGE_CURVE('',#705,#797,#1035,.T.);
#1035 = SURFACE_CURVE('',#1036,(#1041,#1048),.PCURVE_S1.);
#1036 = CIRCLE('',#1037,1.7);
#1037 = AXIS2_PLACEMENT_3D('',#1038,#1039,#1040);
#1038 = CARTESIAN_POINT('',(40.,-30.,5.));
#1039 = DIRECTION('',(-0.,0.,-1.));
#1040 = DIRECTION('',(-0.700954727441,-0.713205769802,0.));
#1041 = PCURVE('',#753,#1042);
#1042 = DEFINITIONAL_REPRESENTATION('',(#1043),#1047);
#1043 = LINE('',#1044,#1045);
#1044 = CARTESIAN_POINT('',(5.4891242403,0.));
#1045 = VECTOR('',#1046,1.);
#1046 = DIRECTION('',(1.,0.));
#1047 = ( GEOMETRIC_REPRESENTATION_CONTEXT(2) 
PARAMETRIC_REPRESENTATION_CONTEXT() REPRESENTATION_CONTEXT('2D SPACE',''
  ) );
#1048 = PCURVE('',#718,#1049);
#1049 = DEFINITIONAL_REPRESENTATION('',(#1050),#1058);
#1050 = ( BOUNDED_CURVE() B_SPLINE_CURVE(2,(#1051,#1052,#1053,#1054,
#1055,#1056,#1057),.UNSPECIFIED.,.T.,.F.) B_SPLINE_CURVE_WITH_KNOTS((1,2
    ,2,2,2,1),(-2.094395102393,0.,2.094395102393,4.188790204786,
6.28318530718,8.377580409573),.UNSPECIFIED.) CURVE() 
GEOMETRIC_REPRESENTATION_ITEM() RATIONAL_B_SPLINE_CURVE((1.,0.5,1.,0.5,
1.,0.5,1.)) REPRESENTATION_ITEM('') );
#1051 = CARTESIAN_POINT('',(87.808376963351,9.787550191337));
#1052 = CARTESIAN_POINT('',(85.708352293119,11.851501834283));
#1053 = CARTESIAN_POINT('',(88.545799183209,12.638200725804));
#1054 = CARTESIAN_POINT('',(91.383246073298,13.424899617326));
#1055 = CARTESIAN_POINT('',(90.64582385344,10.574249082859));
#1056 = CARTESIAN_POINT('',(89.908401633582,7.723598548391));
#1057 = CARTESIAN_POINT('',(87.808376963351,9.787550191337));
#1058 = ( GEOMETRIC_REPRESENTATION_CONTEXT(2) 
PARAMETRIC_REPRESENTATION_CONTEXT() REPRESENTATION_CONTEXT('2D SPACE',''
  ) );
#1059 = ORIENTED_EDGE('',*,*,#796,.T.);
#1060 = ADVANCED_FACE('',(#1061),#912,.F.);
#1061 = FACE_BOUND('',#1062,.F.);
#1062 = EDGE_LOOP('',(#1063,#1064));
#1063 = ORIENTED_EDGE('',*,*,#897,.F.);
#1064 = ORIENTED_EDGE('',*,*,#1065,.T.);
#1065 = EDGE_CURVE('',#855,#898,#1066,.T.);
#1066 = SURFACE_CURVE('',#1067,(#1072,#1079),.PCURVE_S1.);
#1067 = CIRCLE('',#1068,1.7);
#1068 = AXIS2_PLACEMENT_3D('',#1069,#1070,#1071);
#1069 = CARTESIAN_POINT('',(40.,30.,3.));
#1070 = DIRECTION('',(-0.,0.,-1.));
#1071 = DIRECTION('',(-0.941176470588,-0.337915449797,0.));
#1072 = PCURVE('',#912,#1073);
#1073 = DEFINITIONAL_REPRESENTATION('',(#1074),#1078);
#1074 = CIRCLE('',#1075,1.7);
#1075 = AXIS2_PLACEMENT_2D('',#1076,#1077);
#1076 = CARTESIAN_POINT('',(103.80327547818,7.071067811865));
#1077 = DIRECTION('',(-0.904454570665,-0.426569958627));
#1078 = ( GEOMETRIC_REPRESENTATION_CONTEXT(2) 
PARAMETRIC_REPRESENTATION_CONTEXT() REPRESENTATION_CONTEXT('2D SPACE',''
  ) );
#1079 = PCURVE('',#880,#1080);
#1080 = DEFINITIONAL_REPRESENTATION('',(#1081),#1085);
#1081 = LINE('',#1082,#1083);
#1082 = CARTESIAN_POINT('',(5.938484127381,2.));
#1083 = VECTOR('',#1084,1.);
#1084 = DIRECTION('',(1.,0.));
#1085 = ( GEOMETRIC_REPRESENTATION_CONTEXT(2) 
PARAMETRIC_REPRESENTATION_CONTEXT() REPRESENTATION_CONTEXT('2D SPACE',''
  ) );
#1086 = ADVANCED_FACE('',(#1087),#880,.F.);
#1087 = FACE_BOUND('',#1088,.F.);
#1088 = EDGE_LOOP('',(#1089,#1090,#1091,#1117));
#1089 = ORIENTED_EDGE('',*,*,#1065,.F.);
#1090 = ORIENTED_EDGE('',*,*,#854,.T.);
#1091 = ORIENTED_EDGE('',*,*,#1092,.T.);
#1092 = EDGE_CURVE('',#835,#925,#1093,.T.);
#1093 = SURFACE_CURVE('',#1094,(#1099,#1106),.PCURVE_S1.);
#1094 = CIRCLE('',#1095,1.7);
#1095 = AXIS2_PLACEMENT_3D('',#1096,#1097,#1098);
#1096 = CARTESIAN_POINT('',(40.,30.,5.));
#1097 = DIRECTION('',(-0.,0.,-1.));
#1098 = DIRECTION('',(-0.700954727441,-0.713205769802,0.));
#1099 = PCURVE('',#880,#1100);
#1100 = DEFINITIONAL_REPRESENTATION('',(#1101),#1105);
#1101 = LINE('',#1102,#1103);
#1102 = CARTESIAN_POINT('',(5.4891242403,0.));
#1103 = VECTOR('',#1104,1.);
#1104 = DIRECTION('',(1.,0.));
#1105 = ( GEOMETRIC_REPRESENTATION_CONTEXT(2) 
PARAMETRIC_REPRESENTATION_CONTEXT() REPRESENTATION_CONTEXT('2D SPACE',''
  ) );
#1106 = PCURVE('',#718,#1107);
#1107 = DEFINITIONAL_REPRESENTATION('',(#1108),#1116);
#1108 = ( BOUNDED_CURVE() B_SPLINE_CURVE(2,(#1109,#1110,#1111,#1112,
#1113,#1114,#1115),.UNSPECIFIED.,.T.,.F.) B_SPLINE_CURVE_WITH_KNOTS((1,2
    ,2,2,2,1),(-2.094395102393,0.,2.094395102393,4.188790204786,
6.28318530718,8.377580409573),.UNSPECIFIED.) CURVE() 
GEOMETRIC_REPRESENTATION_ITEM() RATIONAL_B_SPLINE_CURVE((1.,0.5,1.,0.5,
1.,0.5,1.)) REPRESENTATION_ITEM('') );
#1109 = CARTESIAN_POINT('',(87.808376963351,69.787550191337));
#1110 = CARTESIAN_POINT('',(85.708352293119,71.851501834283));
#1111 = CARTESIAN_POINT('',(88.545799183209,72.638200725804));
#1112 = CARTESIAN_POINT('',(91.383246073298,73.424899617326));
#1113 = CARTESIAN_POINT('',(90.64582385344,70.574249082859));
#1114 = CARTESIAN_POINT('',(89.908401633582,67.723598548391));
#1115 = CARTESIAN_POINT('',(87.808376963351,69.787550191337));
#1116 = ( GEOMETRIC_REPRESENTATION_CONTEXT(2) 
PARAMETRIC_REPRESENTATION_CONTEXT() REPRESENTATION_CONTEXT('2D SPACE',''
  ) );
#1117 = ORIENTED_EDGE('',*,*,#924,.T.);
#1118 = ADVANCED_FACE('',(#1119,#1290),#718,.T.);
#1119 = FACE_BOUND('',#1120,.T.);
#1120 = EDGE_LOOP('',(#1121,#1143,#1176,#1196,#1214,#1215,#1216,#1217,
    #1218,#1219,#1239,#1259));
#1121 = ORIENTED_EDGE('',*,*,#1122,.F.);
#1122 = EDGE_CURVE('',#1123,#1125,#1127,.T.);
#1123 = VERTEX_POINT('',#1124);
#1124 = CARTESIAN_POINT('',(-38.80837696335,-28.78755019133,5.));
#1125 = VERTEX_POINT('',#1126);
#1126 = CARTESIAN_POINT('',(-38.80837696335,28.787550191337,5.));
#1127 = SURFACE_CURVE('',#1128,(#1131,#1137),.PCURVE_S1.);
#1128 = B_SPLINE_CURVE_WITH_KNOTS('',1,(#1129,#1130),.UNSPECIFIED.,.F.,
  .F.,(2,2),(0.,1.),.PIECEWISE_BEZIER_KNOTS.);
#1129 = CARTESIAN_POINT('',(-38.80837696335,-38.80837696335,5.));
#1130 = CARTESIAN_POINT('',(-38.80837696335,38.808376963351,5.));
#1131 = PCURVE('',#718,#1132);
#1132 = DEFINITIONAL_REPRESENTATION('',(#1133),#1136);
#1133 = B_SPLINE_CURVE_WITH_KNOTS('',1,(#1134,#1135),.UNSPECIFIED.,.F.,
  .F.,(2,2),(0.,1.),.PIECEWISE_BEZIER_KNOTS.);
#1134 = CARTESIAN_POINT('',(10.191623036649,2.191623036649));
#1135 = CARTESIAN_POINT('',(10.191623036649,79.808376963351));
#1136 = ( GEOMETRIC_REPRESENTATION_CONTEXT(2) 
PARAMETRIC_REPRESENTATION_CONTEXT() REPRESENTATION_CONTEXT('2D SPACE',''
  ) );
#1137 = PCURVE('',#668,#1138);
#1138 = DEFINITIONAL_REPRESENTATION('',(#1139),#1142);
#1139 = B_SPLINE_CURVE_WITH_KNOTS('',1,(#1140,#1141),.UNSPECIFIED.,.F.,
  .F.,(2,2),(0.,1.),.PIECEWISE_BEZIER_KNOTS.);
#1140 = CARTESIAN_POINT('',(154.8,1.047120418848E-02));
#1141 = CARTESIAN_POINT('',(0.,1.047120418848E-02));
#1142 = ( GEOMETRIC_REPRESENTATION_CONTEXT(2) 
PARAMETRIC_REPRESENTATION_CONTEXT() REPRESENTATION_CONTEXT('2D SPACE',''
  ) );
#1143 = ORIENTED_EDGE('',*,*,#1144,.T.);
#1144 = EDGE_CURVE('',#1123,#1145,#1147,.T.);
#1145 = VERTEX_POINT('',#1146);
#1146 = CARTESIAN_POINT('',(-38.80837696335,-31.21244980866,5.));
#1147 = SURFACE_CURVE('',#1148,(#1153,#1164),.PCURVE_S1.);
#1148 = CIRCLE('',#1149,1.7);
#1149 = AXIS2_PLACEMENT_3D('',#1150,#1151,#1152);
#1150 = CARTESIAN_POINT('',(-40.,-30.,5.));
#1151 = DIRECTION('',(0.,0.,-1.));
#1152 = DIRECTION('',(-1.,0.,0.));
#1153 = PCURVE('',#718,#1154);
#1154 = DEFINITIONAL_REPRESENTATION('',(#1155),#1163);
#1155 = ( BOUNDED_CURVE() B_SPLINE_CURVE(2,(#1156,#1157,#1158,#1159,
#1160,#1161,#1162),.UNSPECIFIED.,.T.,.F.) B_SPLINE_CURVE_WITH_KNOTS((1,2
    ,2,2,2,1),(-2.094395102393,0.,2.094395102393,4.188790204786,
6.28318530718,8.377580409573),.UNSPECIFIED.) CURVE() 
GEOMETRIC_REPRESENTATION_ITEM() RATIONAL_B_SPLINE_CURVE((1.,0.5,1.,0.5,
1.,0.5,1.)) REPRESENTATION_ITEM('') );
#1156 = CARTESIAN_POINT('',(7.3,11.));
#1157 = CARTESIAN_POINT('',(7.3,13.944486372867));
#1158 = CARTESIAN_POINT('',(9.85,12.472243186434));
#1159 = CARTESIAN_POINT('',(12.4,11.));
#1160 = CARTESIAN_POINT('',(9.85,9.527756813566));
#1161 = CARTESIAN_POINT('',(7.3,8.055513627133));
#1162 = CARTESIAN_POINT('',(7.3,11.));
#1163 = ( GEOMETRIC_REPRESENTATION_CONTEXT(2) 
PARAMETRIC_REPRESENTATION_CONTEXT() REPRESENTATION_CONTEXT('2D SPACE',''
  ) );
#1164 = PCURVE('',#1165,#1170);
#1165 = CYLINDRICAL_SURFACE('',#1166,1.7);
#1166 = AXIS2_PLACEMENT_3D('',#1167,#1168,#1169);
#1167 = CARTESIAN_POINT('',(-40.,-30.,5.));
#1168 = DIRECTION('',(0.,0.,-1.));
#1169 = DIRECTION('',(-1.,0.,0.));
#1170 = DEFINITIONAL_REPRESENTATION('',(#1171),#1175);
#1171 = LINE('',#1172,#1173);
#1172 = CARTESIAN_POINT('',(0.,0.));
#1173 = VECTOR('',#1174,1.);
#1174 = DIRECTION('',(1.,0.));
#1175 = ( GEOMETRIC_REPRESENTATION_CONTEXT(2) 
PARAMETRIC_REPRESENTATION_CONTEXT() REPRESENTATION_CONTEXT('2D SPACE',''
  ) );
#1176 = ORIENTED_EDGE('',*,*,#1177,.F.);
#1177 = EDGE_CURVE('',#1178,#1145,#1180,.T.);
#1178 = VERTEX_POINT('',#1179);
#1179 = CARTESIAN_POINT('',(-38.80837696335,-38.80837696335,5.));
#1180 = SURFACE_CURVE('',#1181,(#1184,#1190),.PCURVE_S1.);
#1181 = B_SPLINE_CURVE_WITH_KNOTS('',1,(#1182,#1183),.UNSPECIFIED.,.F.,
  .F.,(2,2),(0.,1.),.PIECEWISE_BEZIER_KNOTS.);
#1182 = CARTESIAN_POINT('',(-38.80837696335,-38.80837696335,5.));
#1183 = CARTESIAN_POINT('',(-38.80837696335,38.808376963351,5.));
#1184 = PCURVE('',#718,#1185);
#1185 = DEFINITIONAL_REPRESENTATION('',(#1186),#1189);
#1186 = B_SPLINE_CURVE_WITH_KNOTS('',1,(#1187,#1188),.UNSPECIFIED.,.F.,
  .F.,(2,2),(0.,1.),.PIECEWISE_BEZIER_KNOTS.);
#1187 = CARTESIAN_POINT('',(10.191623036649,2.191623036649));
#1188 = CARTESIAN_POINT('',(10.191623036649,79.808376963351));
#1189 = ( GEOMETRIC_REPRESENTATION_CONTEXT(2) 
PARAMETRIC_REPRESENTATION_CONTEXT() REPRESENTATION_CONTEXT('2D SPACE',''
  ) );
#1190 = PCURVE('',#668,#1191);
#1191 = DEFINITIONAL_REPRESENTATION('',(#1192),#1195);
#1192 = B_SPLINE_CURVE_WITH_KNOTS('',1,(#1193,#1194),.UNSPECIFIED.,.F.,
  .F.,(2,2),(0.,1.),.PIECEWISE_BEZIER_KNOTS.);
#1193 = CARTESIAN_POINT('',(154.8,1.047120418848E-02));
#1194 = CARTESIAN_POINT('',(0.,1.047120418848E-02));
#1195 = ( GEOMETRIC_REPRESENTATION_CONTEXT(2) 
PARAMETRIC_REPRESENTATION_CONTEXT() REPRESENTATION_CONTEXT('2D SPACE',''
  ) );
#1196 = ORIENTED_EDGE('',*,*,#1197,.F.);
#1197 = EDGE_CURVE('',#683,#1178,#1198,.T.);
#1198 = SURFACE_CURVE('',#1199,(#1202,#1208),.PCURVE_S1.);
#1199 = B_SPLINE_CURVE_WITH_KNOTS('',1,(#1200,#1201),.UNSPECIFIED.,.F.,
  .F.,(2,2),(0.,1.),.PIECEWISE_BEZIER_KNOTS.);
#1200 = CARTESIAN_POINT('',(38.808376963351,-38.80837696335,5.));
#1201 = CARTESIAN_POINT('',(-38.80837696335,-38.80837696335,5.));
#1202 = PCURVE('',#718,#1203);
#1203 = DEFINITIONAL_REPRESENTATION('',(#1204),#1207);
#1204 = B_SPLINE_CURVE_WITH_KNOTS('',1,(#1205,#1206),.UNSPECIFIED.,.F.,
  .F.,(2,2),(0.,1.),.PIECEWISE_BEZIER_KNOTS.);
#1205 = CARTESIAN_POINT('',(87.808376963351,2.191623036649));
#1206 = CARTESIAN_POINT('',(10.191623036649,2.191623036649));
#1207 = ( GEOMETRIC_REPRESENTATION_CONTEXT(2) 
PARAMETRIC_REPRESENTATION_CONTEXT() REPRESENTATION_CONTEXT('2D SPACE',''
  ) );
#1208 = PCURVE('',#595,#1209);
#1209 = DEFINITIONAL_REPRESENTATION('',(#1210),#1213);
#1210 = B_SPLINE_CURVE_WITH_KNOTS('',1,(#1211,#1212),.UNSPECIFIED.,.F.,
  .F.,(2,2),(0.,1.),.PIECEWISE_BEZIER_KNOTS.);
#1211 = CARTESIAN_POINT('',(154.8,1.047120418848E-02));
#1212 = CARTESIAN_POINT('',(0.,1.047120418848E-02));
#1213 = ( GEOMETRIC_REPRESENTATION_CONTEXT(2) 
PARAMETRIC_REPRESENTATION_CONTEXT() REPRESENTATION_CONTEXT('2D SPACE',''
  ) );
#1214 = ORIENTED_EDGE('',*,*,#704,.F.);
#1215 = ORIENTED_EDGE('',*,*,#1034,.T.);
#1216 = ORIENTED_EDGE('',*,*,#834,.F.);
#1217 = ORIENTED_EDGE('',*,*,#1092,.T.);
#1218 = ORIENTED_EDGE('',*,*,#962,.F.);
#1219 = ORIENTED_EDGE('',*,*,#1220,.F.);
#1220 = EDGE_CURVE('',#1221,#963,#1223,.T.);
#1221 = VERTEX_POINT('',#1222);
#1222 = CARTESIAN_POINT('',(-38.80837696335,38.808376963351,5.));
#1223 = SURFACE_CURVE('',#1224,(#1227,#1233),.PCURVE_S1.);
#1224 = B_SPLINE_CURVE_WITH_KNOTS('',1,(#1225,#1226),.UNSPECIFIED.,.F.,
  .F.,(2,2),(0.,1.),.PIECEWISE_BEZIER_KNOTS.);
#1225 = CARTESIAN_POINT('',(-38.80837696335,38.808376963351,5.));
#1226 = CARTESIAN_POINT('',(38.808376963351,38.808376963351,5.));
#1227 = PCURVE('',#718,#1228);
#1228 = DEFINITIONAL_REPRESENTATION('',(#1229),#1232);
#1229 = B_SPLINE_CURVE_WITH_KNOTS('',1,(#1230,#1231),.UNSPECIFIED.,.F.,
  .F.,(2,2),(0.,1.),.PIECEWISE_BEZIER_KNOTS.);
#1230 = CARTESIAN_POINT('',(10.191623036649,79.808376963351));
#1231 = CARTESIAN_POINT('',(87.808376963351,79.808376963351));
#1232 = ( GEOMETRIC_REPRESENTATION_CONTEXT(2) 
PARAMETRIC_REPRESENTATION_CONTEXT() REPRESENTATION_CONTEXT('2D SPACE',''
  ) );
#1233 = PCURVE('',#645,#1234);
#1234 = DEFINITIONAL_REPRESENTATION('',(#1235),#1238);
#1235 = B_SPLINE_CURVE_WITH_KNOTS('',1,(#1236,#1237),.UNSPECIFIED.,.F.,
  .F.,(2,2),(0.,1.),.PIECEWISE_BEZIER_KNOTS.);
#1236 = CARTESIAN_POINT('',(154.8,1.047120418848E-02));
#1237 = CARTESIAN_POINT('',(0.,1.047120418848E-02));
#1238 = ( GEOMETRIC_REPRESENTATION_CONTEXT(2) 
PARAMETRIC_REPRESENTATION_CONTEXT() REPRESENTATION_CONTEXT('2D SPACE',''
  ) );
#1239 = ORIENTED_EDGE('',*,*,#1240,.F.);
#1240 = EDGE_CURVE('',#1241,#1221,#1243,.T.);
#1241 = VERTEX_POINT('',#1242);
#1242 = CARTESIAN_POINT('',(-38.80837696335,31.212449808663,5.));
#1243 = SURFACE_CURVE('',#1244,(#1247,#1253),.PCURVE_S1.);
#1244 = B_SPLINE_CURVE_WITH_KNOTS('',1,(#1245,#1246),.UNSPECIFIED.,.F.,
  .F.,(2,2),(0.,1.),.PIECEWISE_BEZIER_KNOTS.);
#1245 = CARTESIAN_POINT('',(-38.80837696335,-38.80837696335,5.));
#1246 = CARTESIAN_POINT('',(-38.80837696335,38.808376963351,5.));
#1247 = PCURVE('',#718,#1248);
#1248 = DEFINITIONAL_REPRESENTATION('',(#1249),#1252);
#1249 = B_SPLINE_CURVE_WITH_KNOTS('',1,(#1250,#1251),.UNSPECIFIED.,.F.,
  .F.,(2,2),(0.,1.),.PIECEWISE_BEZIER_KNOTS.);
#1250 = CARTESIAN_POINT('',(10.191623036649,2.191623036649));
#1251 = CARTESIAN_POINT('',(10.191623036649,79.808376963351));
#1252 = ( GEOMETRIC_REPRESENTATION_CONTEXT(2) 
PARAMETRIC_REPRESENTATION_CONTEXT() REPRESENTATION_CONTEXT('2D SPACE',''
  ) );
#1253 = PCURVE('',#668,#1254);
#1254 = DEFINITIONAL_REPRESENTATION('',(#1255),#1258);
#1255 = B_SPLINE_CURVE_WITH_KNOTS('',1,(#1256,#1257),.UNSPECIFIED.,.F.,
  .F.,(2,2),(0.,1.),.PIECEWISE_BEZIER_KNOTS.);
#1256 = CARTESIAN_POINT('',(154.8,1.047120418848E-02));
#1257 = CARTESIAN_POINT('',(0.,1.047120418848E-02));
#1258 = ( GEOMETRIC_REPRESENTATION_CONTEXT(2) 
PARAMETRIC_REPRESENTATION_CONTEXT() REPRESENTATION_CONTEXT('2D SPACE',''
  ) );
#1259 = ORIENTED_EDGE('',*,*,#1260,.T.);
#1260 = EDGE_CURVE('',#1241,#1125,#1261,.T.);
#1261 = SURFACE_CURVE('',#1262,(#1267,#1278),.PCURVE_S1.);
#1262 = CIRCLE('',#1263,1.7);
#1263 = AXIS2_PLACEMENT_3D('',#1264,#1265,#1266);
#1264 = CARTESIAN_POINT('',(-40.,30.,5.));
#1265 = DIRECTION('',(0.,0.,-1.));
#1266 = DIRECTION('',(-1.,0.,0.));
#1267 = PCURVE('',#718,#1268);
#1268 = DEFINITIONAL_REPRESENTATION('',(#1269),#1277);
#1269 = ( BOUNDED_CURVE() B_SPLINE_CURVE(2,(#1270,#1271,#1272,#1273,
#1274,#1275,#1276),.UNSPECIFIED.,.T.,.F.) B_SPLINE_CURVE_WITH_KNOTS((1,2
    ,2,2,2,1),(-2.094395102393,0.,2.094395102393,4.188790204786,
6.28318530718,8.377580409573),.UNSPECIFIED.) CURVE() 
GEOMETRIC_REPRESENTATION_ITEM() RATIONAL_B_SPLINE_CURVE((1.,0.5,1.,0.5,
1.,0.5,1.)) REPRESENTATION_ITEM('') );
#1270 = CARTESIAN_POINT('',(7.3,71.));
#1271 = CARTESIAN_POINT('',(7.3,73.944486372867));
#1272 = CARTESIAN_POINT('',(9.85,72.472243186434));
#1273 = CARTESIAN_POINT('',(12.4,71.));
#1274 = CARTESIAN_POINT('',(9.85,69.527756813566));
#1275 = CARTESIAN_POINT('',(7.3,68.055513627133));
#1276 = CARTESIAN_POINT('',(7.3,71.));
#1277 = ( GEOMETRIC_REPRESENTATION_CONTEXT(2) 
PARAMETRIC_REPRESENTATION_CONTEXT() REPRESENTATION_CONTEXT('2D SPACE',''
  ) );
#1278 = PCURVE('',#1279,#1284);
#1279 = CYLINDRICAL_SURFACE('',#1280,1.7);
#1280 = AXIS2_PLACEMENT_3D('',#1281,#1282,#1283);
#1281 = CARTESIAN_POINT('',(-40.,30.,5.));
#1282 = DIRECTION('',(0.,0.,-1.));
#1283 = DIRECTION('',(-1.,0.,0.));
#1284 = DEFINITIONAL_REPRESENTATION('',(#1285),#1289);
#1285 = LINE('',#1286,#1287);
#1286 = CARTESIAN_POINT('',(0.,0.));
#1287 = VECTOR('',#1288,1.);
#1288 = DIRECTION('',(1.,0.));
#1289 = ( GEOMETRIC_REPRESENTATION_CONTEXT(2) 
PARAMETRIC_REPRESENTATION_CONTEXT() REPRESENTATION_CONTEXT('2D SPACE',''
  ) );
#1290 = FACE_BOUND('',#1291,.T.);
#1291 = EDGE_LOOP('',(#1292,#1320,#1346,#1372));
#1292 = ORIENTED_EDGE('',*,*,#1293,.T.);
#1293 = EDGE_CURVE('',#1294,#1296,#1298,.T.);
#1294 = VERTEX_POINT('',#1295);
#1295 = CARTESIAN_POINT('',(36.,-31.,5.));
#1296 = VERTEX_POINT('',#1297);
#1297 = CARTESIAN_POINT('',(-36.,-31.,5.));
#1298 = SURFACE_CURVE('',#1299,(#1303,#1309),.PCURVE_S1.);
#1299 = LINE('',#1300,#1301);
#1300 = CARTESIAN_POINT('',(-42.5,-31.,5.));
#1301 = VECTOR('',#1302,1.);
#1302 = DIRECTION('',(-1.,0.,0.));
#1303 = PCURVE('',#718,#1304);
#1304 = DEFINITIONAL_REPRESENTATION('',(#1305),#1308);
#1305 = B_SPLINE_CURVE_WITH_KNOTS('',1,(#1306,#1307),.UNSPECIFIED.,.F.,
  .F.,(2,2),(-78.5,-6.5),.PIECEWISE_BEZIER_KNOTS.);
#1306 = CARTESIAN_POINT('',(85.,10.));
#1307 = CARTESIAN_POINT('',(13.,10.));
#1308 = ( GEOMETRIC_REPRESENTATION_CONTEXT(2) 
PARAMETRIC_REPRESENTATION_CONTEXT() REPRESENTATION_CONTEXT('2D SPACE',''
  ) );
#1309 = PCURVE('',#1310,#1315);
#1310 = PLANE('',#1311);
#1311 = AXIS2_PLACEMENT_3D('',#1312,#1313,#1314);
#1312 = CARTESIAN_POINT('',(-36.,-31.,0.));
#1313 = DIRECTION('',(0.,1.,0.));
#1314 = DIRECTION('',(0.,0.,1.));
#1315 = DEFINITIONAL_REPRESENTATION('',(#1316),#1319);
#1316 = B_SPLINE_CURVE_WITH_KNOTS('',1,(#1317,#1318),.UNSPECIFIED.,.F.,
  .F.,(2,2),(-78.5,-6.5),.PIECEWISE_BEZIER_KNOTS.);
#1317 = CARTESIAN_POINT('',(5.,72.));
#1318 = CARTESIAN_POINT('',(5.,0.));
#1319 = ( GEOMETRIC_REPRESENTATION_CONTEXT(2) 
PARAMETRIC_REPRESENTATION_CONTEXT() REPRESENTATION_CONTEXT('2D SPACE',''
  ) );
#1320 = ORIENTED_EDGE('',*,*,#1321,.T.);
#1321 = EDGE_CURVE('',#1296,#1322,#1324,.T.);
#1322 = VERTEX_POINT('',#1323);
#1323 = CARTESIAN_POINT('',(-36.,31.,5.));
#1324 = SURFACE_CURVE('',#1325,(#1329,#1335),.PCURVE_S1.);
#1325 = LINE('',#1326,#1327);
#1326 = CARTESIAN_POINT('',(-36.,-36.,5.));
#1327 = VECTOR('',#1328,1.);
#1328 = DIRECTION('',(0.,1.,0.));
#1329 = PCURVE('',#718,#1330);
#1330 = DEFINITIONAL_REPRESENTATION('',(#1331),#1334);
#1331 = B_SPLINE_CURVE_WITH_KNOTS('',1,(#1332,#1333),.UNSPECIFIED.,.F.,
  .F.,(2,2),(5.,67.),.PIECEWISE_BEZIER_KNOTS.);
#1332 = CARTESIAN_POINT('',(13.,10.));
#1333 = CARTESIAN_POINT('',(13.,72.));
#1334 = ( GEOMETRIC_REPRESENTATION_CONTEXT(2) 
PARAMETRIC_REPRESENTATION_CONTEXT() REPRESENTATION_CONTEXT('2D SPACE',''
  ) );
#1335 = PCURVE('',#1336,#1341);
#1336 = PLANE('',#1337);
#1337 = AXIS2_PLACEMENT_3D('',#1338,#1339,#1340);
#1338 = CARTESIAN_POINT('',(-36.,-31.,0.));
#1339 = DIRECTION('',(1.,0.,0.));
#1340 = DIRECTION('',(0.,0.,1.));
#1341 = DEFINITIONAL_REPRESENTATION('',(#1342),#1345);
#1342 = B_SPLINE_CURVE_WITH_KNOTS('',1,(#1343,#1344),.UNSPECIFIED.,.F.,
  .F.,(2,2),(5.,67.),.PIECEWISE_BEZIER_KNOTS.);
#1343 = CARTESIAN_POINT('',(5.,0.));
#1344 = CARTESIAN_POINT('',(5.,-62.));
#1345 = ( GEOMETRIC_REPRESENTATION_CONTEXT(2) 
PARAMETRIC_REPRESENTATION_CONTEXT() REPRESENTATION_CONTEXT('2D SPACE',''
  ) );
#1346 = ORIENTED_EDGE('',*,*,#1347,.F.);
#1347 = EDGE_CURVE('',#1348,#1322,#1350,.T.);
#1348 = VERTEX_POINT('',#1349);
#1349 = CARTESIAN_POINT('',(36.,31.,5.));
#1350 = SURFACE_CURVE('',#1351,(#1355,#1361),.PCURVE_S1.);
#1351 = LINE('',#1352,#1353);
#1352 = CARTESIAN_POINT('',(-42.5,31.,5.));
#1353 = VECTOR('',#1354,1.);
#1354 = DIRECTION('',(-1.,0.,0.));
#1355 = PCURVE('',#718,#1356);
#1356 = DEFINITIONAL_REPRESENTATION('',(#1357),#1360);
#1357 = B_SPLINE_CURVE_WITH_KNOTS('',1,(#1358,#1359),.UNSPECIFIED.,.F.,
  .F.,(2,2),(-78.5,-6.5),.PIECEWISE_BEZIER_KNOTS.);
#1358 = CARTESIAN_POINT('',(85.,72.));
#1359 = CARTESIAN_POINT('',(13.,72.));
#1360 = ( GEOMETRIC_REPRESENTATION_CONTEXT(2) 
PARAMETRIC_REPRESENTATION_CONTEXT() REPRESENTATION_CONTEXT('2D SPACE',''
  ) );
#1361 = PCURVE('',#1362,#1367);
#1362 = PLANE('',#1363);
#1363 = AXIS2_PLACEMENT_3D('',#1364,#1365,#1366);
#1364 = CARTESIAN_POINT('',(-36.,31.,0.));
#1365 = DIRECTION('',(0.,1.,0.));
#1366 = DIRECTION('',(0.,0.,1.));
#1367 = DEFINITIONAL_REPRESENTATION('',(#1368),#1371);
#1368 = B_SPLINE_CURVE_WITH_KNOTS('',1,(#1369,#1370),.UNSPECIFIED.,.F.,
  .F.,(2,2),(-78.5,-6.5),.PIECEWISE_BEZIER_KNOTS.);
#1369 = CARTESIAN_POINT('',(5.,72.));
#1370 = CARTESIAN_POINT('',(5.,0.));
#1371 = ( GEOMETRIC_REPRESENTATION_CONTEXT(2) 
PARAMETRIC_REPRESENTATION_CONTEXT() REPRESENTATION_CONTEXT('2D SPACE',''
  ) );
#1372 = ORIENTED_EDGE('',*,*,#1373,.F.);
#1373 = EDGE_CURVE('',#1294,#1348,#1374,.T.);
#1374 = SURFACE_CURVE('',#1375,(#1379,#1385),.PCURVE_S1.);
#1375 = LINE('',#1376,#1377);
#1376 = CARTESIAN_POINT('',(36.,-36.,5.));
#1377 = VECTOR('',#1378,1.);
#1378 = DIRECTION('',(0.,1.,0.));
#1379 = PCURVE('',#718,#1380);
#1380 = DEFINITIONAL_REPRESENTATION('',(#1381),#1384);
#1381 = B_SPLINE_CURVE_WITH_KNOTS('',1,(#1382,#1383),.UNSPECIFIED.,.F.,
  .F.,(2,2),(5.,67.),.PIECEWISE_BEZIER_KNOTS.);
#1382 = CARTESIAN_POINT('',(85.,10.));
#1383 = CARTESIAN_POINT('',(85.,72.));
#1384 = ( GEOMETRIC_REPRESENTATION_CONTEXT(2) 
PARAMETRIC_REPRESENTATION_CONTEXT() REPRESENTATION_CONTEXT('2D SPACE',''
  ) );
#1385 = PCURVE('',#1386,#1391);
#1386 = PLANE('',#1387);
#1387 = AXIS2_PLACEMENT_3D('',#1388,#1389,#1390);
#1388 = CARTESIAN_POINT('',(36.,-31.,0.));
#1389 = DIRECTION('',(1.,0.,0.));
#1390 = DIRECTION('',(0.,0.,1.));
#1391 = DEFINITIONAL_REPRESENTATION('',(#1392),#1395);
#1392 = B_SPLINE_CURVE_WITH_KNOTS('',1,(#1393,#1394),.UNSPECIFIED.,.F.,
  .F.,(2,2),(5.,67.),.PIECEWISE_BEZIER_KNOTS.);
#1393 = CARTESIAN_POINT('',(5.,0.));
#1394 = CARTESIAN_POINT('',(5.,-62.));
#1395 = ( GEOMETRIC_REPRESENTATION_CONTEXT(2) 
PARAMETRIC_REPRESENTATION_CONTEXT() REPRESENTATION_CONTEXT('2D SPACE',''
  ) );
#1396 = ADVANCED_FACE('',(#1397),#1386,.F.);
#1397 = FACE_BOUND('',#1398,.F.);
#1398 = EDGE_LOOP('',(#1399,#1422,#1448,#1469));
#1399 = ORIENTED_EDGE('',*,*,#1400,.F.);
#1400 = EDGE_CURVE('',#1401,#1294,#1403,.T.);
#1401 = VERTEX_POINT('',#1402);
#1402 = CARTESIAN_POINT('',(36.,-31.,3.));
#1403 = SURFACE_CURVE('',#1404,(#1408,#1415),.PCURVE_S1.);
#1404 = LINE('',#1405,#1406);
#1405 = CARTESIAN_POINT('',(36.,-31.,0.));
#1406 = VECTOR('',#1407,1.);
#1407 = DIRECTION('',(0.,0.,1.));
#1408 = PCURVE('',#1386,#1409);
#1409 = DEFINITIONAL_REPRESENTATION('',(#1410),#1414);
#1410 = LINE('',#1411,#1412);
#1411 = CARTESIAN_POINT('',(0.,0.));
#1412 = VECTOR('',#1413,1.);
#1413 = DIRECTION('',(1.,0.));
#1414 = ( GEOMETRIC_REPRESENTATION_CONTEXT(2) 
PARAMETRIC_REPRESENTATION_CONTEXT() REPRESENTATION_CONTEXT('2D SPACE',''
  ) );
#1415 = PCURVE('',#1310,#1416);
#1416 = DEFINITIONAL_REPRESENTATION('',(#1417),#1421);
#1417 = LINE('',#1418,#1419);
#1418 = CARTESIAN_POINT('',(0.,72.));
#1419 = VECTOR('',#1420,1.);
#1420 = DIRECTION('',(1.,0.));
#1421 = ( GEOMETRIC_REPRESENTATION_CONTEXT(2) 
PARAMETRIC_REPRESENTATION_CONTEXT() REPRESENTATION_CONTEXT('2D SPACE',''
  ) );
#1422 = ORIENTED_EDGE('',*,*,#1423,.F.);
#1423 = EDGE_CURVE('',#1424,#1401,#1426,.T.);
#1424 = VERTEX_POINT('',#1425);
#1425 = CARTESIAN_POINT('',(36.,31.,3.));
#1426 = SURFACE_CURVE('',#1427,(#1431,#1437),.PCURVE_S1.);
#1427 = LINE('',#1428,#1429);
#1428 = CARTESIAN_POINT('',(36.,-34.7,3.));
#1429 = VECTOR('',#1430,1.);
#1430 = DIRECTION('',(0.,-1.,0.));
#1431 = PCURVE('',#1386,#1432);
#1432 = DEFINITIONAL_REPRESENTATION('',(#1433),#1436);
#1433 = B_SPLINE_CURVE_WITH_KNOTS('',1,(#1434,#1435),.UNSPECIFIED.,.F.,
  .F.,(2,2),(-65.7,-3.7),.PIECEWISE_BEZIER_KNOTS.);
#1434 = CARTESIAN_POINT('',(3.,-62.));
#1435 = CARTESIAN_POINT('',(3.,0.));
#1436 = ( GEOMETRIC_REPRESENTATION_CONTEXT(2) 
PARAMETRIC_REPRESENTATION_CONTEXT() REPRESENTATION_CONTEXT('2D SPACE',''
  ) );
#1437 = PCURVE('',#1438,#1443);
#1438 = PLANE('',#1439);
#1439 = AXIS2_PLACEMENT_3D('',#1440,#1441,#1442);
#1440 = CARTESIAN_POINT('',(-38.4,-38.4,3.));
#1441 = DIRECTION('',(0.,0.,-1.));
#1442 = DIRECTION('',(0.707106781187,0.707106781187,0.));
#1443 = DEFINITIONAL_REPRESENTATION('',(#1444),#1447);
#1444 = B_SPLINE_CURVE_WITH_KNOTS('',1,(#1445,#1446),.UNSPECIFIED.,.F.,
  .F.,(2,2),(-65.7,-3.7),.PIECEWISE_BEZIER_KNOTS.);
#1445 = CARTESIAN_POINT('',(101.68195513462,3.535533905933));
#1446 = CARTESIAN_POINT('',(57.84133470106,47.376154339499));
#1447 = ( GEOMETRIC_REPRESENTATION_CONTEXT(2) 
PARAMETRIC_REPRESENTATION_CONTEXT() REPRESENTATION_CONTEXT('2D SPACE',''
  ) );
#1448 = ORIENTED_EDGE('',*,*,#1449,.T.);
#1449 = EDGE_CURVE('',#1424,#1348,#1450,.T.);
#1450 = SURFACE_CURVE('',#1451,(#1455,#1462),.PCURVE_S1.);
#1451 = LINE('',#1452,#1453);
#1452 = CARTESIAN_POINT('',(36.,31.,0.));
#1453 = VECTOR('',#1454,1.);
#1454 = DIRECTION('',(0.,0.,1.));
#1455 = PCURVE('',#1386,#1456);
#1456 = DEFINITIONAL_REPRESENTATION('',(#1457),#1461);
#1457 = LINE('',#1458,#1459);
#1458 = CARTESIAN_POINT('',(0.,-62.));
#1459 = VECTOR('',#1460,1.);
#1460 = DIRECTION('',(1.,0.));
#1461 = ( GEOMETRIC_REPRESENTATION_CONTEXT(2) 
PARAMETRIC_REPRESENTATION_CONTEXT() REPRESENTATION_CONTEXT('2D SPACE',''
  ) );
#1462 = PCURVE('',#1362,#1463);
#1463 = DEFINITIONAL_REPRESENTATION('',(#1464),#1468);
#1464 = LINE('',#1465,#1466);
#1465 = CARTESIAN_POINT('',(0.,72.));
#1466 = VECTOR('',#1467,1.);
#1467 = DIRECTION('',(1.,0.));
#1468 = ( GEOMETRIC_REPRESENTATION_CONTEXT(2) 
PARAMETRIC_REPRESENTATION_CONTEXT() REPRESENTATION_CONTEXT('2D SPACE',''
  ) );
#1469 = ORIENTED_EDGE('',*,*,#1373,.F.);
#1470 = ADVANCED_FACE('',(#1471,#1535),#1438,.F.);
#1471 = FACE_BOUND('',#1472,.F.);
#1472 = EDGE_LOOP('',(#1473,#1494,#1515,#1534));
#1473 = ORIENTED_EDGE('',*,*,#1474,.F.);
#1474 = EDGE_CURVE('',#1475,#1401,#1477,.T.);
#1475 = VERTEX_POINT('',#1476);
#1476 = CARTESIAN_POINT('',(-36.,-31.,3.));
#1477 = SURFACE_CURVE('',#1478,(#1482,#1488),.PCURVE_S1.);
#1478 = LINE('',#1479,#1480);
#1479 = CARTESIAN_POINT('',(-37.2,-31.,3.));
#1480 = VECTOR('',#1481,1.);
#1481 = DIRECTION('',(1.,-0.,0.));
#1482 = PCURVE('',#1438,#1483);
#1483 = DEFINITIONAL_REPRESENTATION('',(#1484),#1487);
#1484 = B_SPLINE_CURVE_WITH_KNOTS('',1,(#1485,#1486),.UNSPECIFIED.,.F.,
  .F.,(2,2),(1.2,73.2),.PIECEWISE_BEZIER_KNOTS.);
#1485 = CARTESIAN_POINT('',(6.929646455628,-3.535533905933));
#1486 = CARTESIAN_POINT('',(57.84133470106,47.376154339499));
#1487 = ( GEOMETRIC_REPRESENTATION_CONTEXT(2) 
PARAMETRIC_REPRESENTATION_CONTEXT() REPRESENTATION_CONTEXT('2D SPACE',''
  ) );
#1488 = PCURVE('',#1310,#1489);
#1489 = DEFINITIONAL_REPRESENTATION('',(#1490),#1493);
#1490 = B_SPLINE_CURVE_WITH_KNOTS('',1,(#1491,#1492),.UNSPECIFIED.,.F.,
  .F.,(2,2),(1.2,73.2),.PIECEWISE_BEZIER_KNOTS.);
#1491 = CARTESIAN_POINT('',(3.,0.));
#1492 = CARTESIAN_POINT('',(3.,72.));
#1493 = ( GEOMETRIC_REPRESENTATION_CONTEXT(2) 
PARAMETRIC_REPRESENTATION_CONTEXT() REPRESENTATION_CONTEXT('2D SPACE',''
  ) );
#1494 = ORIENTED_EDGE('',*,*,#1495,.F.);
#1495 = EDGE_CURVE('',#1496,#1475,#1498,.T.);
#1496 = VERTEX_POINT('',#1497);
#1497 = CARTESIAN_POINT('',(-36.,31.,3.));
#1498 = SURFACE_CURVE('',#1499,(#1503,#1509),.PCURVE_S1.);
#1499 = LINE('',#1500,#1501);
#1500 = CARTESIAN_POINT('',(-36.,-34.7,3.));
#1501 = VECTOR('',#1502,1.);
#1502 = DIRECTION('',(0.,-1.,0.));
#1503 = PCURVE('',#1438,#1504);
#1504 = DEFINITIONAL_REPRESENTATION('',(#1505),#1508);
#1505 = B_SPLINE_CURVE_WITH_KNOTS('',1,(#1506,#1507),.UNSPECIFIED.,.F.,
  .F.,(2,2),(-65.7,-3.7),.PIECEWISE_BEZIER_KNOTS.);
#1506 = CARTESIAN_POINT('',(50.770266889194,-47.37615433949));
#1507 = CARTESIAN_POINT('',(6.929646455628,-3.535533905933));
#1508 = ( GEOMETRIC_REPRESENTATION_CONTEXT(2) 
PARAMETRIC_REPRESENTATION_CONTEXT() REPRESENTATION_CONTEXT('2D SPACE',''
  ) );
#1509 = PCURVE('',#1336,#1510);
#1510 = DEFINITIONAL_REPRESENTATION('',(#1511),#1514);
#1511 = B_SPLINE_CURVE_WITH_KNOTS('',1,(#1512,#1513),.UNSPECIFIED.,.F.,
  .F.,(2,2),(-65.7,-3.7),.PIECEWISE_BEZIER_KNOTS.);
#1512 = CARTESIAN_POINT('',(3.,-62.));
#1513 = CARTESIAN_POINT('',(3.,0.));
#1514 = ( GEOMETRIC_REPRESENTATION_CONTEXT(2) 
PARAMETRIC_REPRESENTATION_CONTEXT() REPRESENTATION_CONTEXT('2D SPACE',''
  ) );
#1515 = ORIENTED_EDGE('',*,*,#1516,.T.);
#1516 = EDGE_CURVE('',#1496,#1424,#1517,.T.);
#1517 = SURFACE_CURVE('',#1518,(#1522,#1528),.PCURVE_S1.);
#1518 = LINE('',#1519,#1520);
#1519 = CARTESIAN_POINT('',(-37.2,31.,3.));
#1520 = VECTOR('',#1521,1.);
#1521 = DIRECTION('',(1.,-0.,0.));
#1522 = PCURVE('',#1438,#1523);
#1523 = DEFINITIONAL_REPRESENTATION('',(#1524),#1527);
#1524 = B_SPLINE_CURVE_WITH_KNOTS('',1,(#1525,#1526),.UNSPECIFIED.,.F.,
  .F.,(2,2),(1.2,73.2),.PIECEWISE_BEZIER_KNOTS.);
#1525 = CARTESIAN_POINT('',(50.770266889194,-47.37615433949));
#1526 = CARTESIAN_POINT('',(101.68195513462,3.535533905933));
#1527 = ( GEOMETRIC_REPRESENTATION_CONTEXT(2) 
PARAMETRIC_REPRESENTATION_CONTEXT() REPRESENTATION_CONTEXT('2D SPACE',''
  ) );
#1528 = PCURVE('',#1362,#1529);
#1529 = DEFINITIONAL_REPRESENTATION('',(#1530),#1533);
#1530 = B_SPLINE_CURVE_WITH_KNOTS('',1,(#1531,#1532),.UNSPECIFIED.,.F.,
  .F.,(2,2),(1.2,73.2),.PIECEWISE_BEZIER_KNOTS.);
#1531 = CARTESIAN_POINT('',(3.,0.));
#1532 = CARTESIAN_POINT('',(3.,72.));
#1533 = ( GEOMETRIC_REPRESENTATION_CONTEXT(2) 
PARAMETRIC_REPRESENTATION_CONTEXT() REPRESENTATION_CONTEXT('2D SPACE',''
  ) );
#1534 = ORIENTED_EDGE('',*,*,#1423,.T.);
#1535 = FACE_BOUND('',#1536,.F.);
#1536 = EDGE_LOOP('',(#1537,#1565,#1591,#1617));
#1537 = ORIENTED_EDGE('',*,*,#1538,.T.);
#1538 = EDGE_CURVE('',#1539,#1541,#1543,.T.);
#1539 = VERTEX_POINT('',#1540);
#1540 = CARTESIAN_POINT('',(-31.,26.,3.));
#1541 = VERTEX_POINT('',#1542);
#1542 = CARTESIAN_POINT('',(-31.,-26.,3.));
#1543 = SURFACE_CURVE('',#1544,(#1548,#1554),.PCURVE_S1.);
#1544 = LINE('',#1545,#1546);
#1545 = CARTESIAN_POINT('',(-31.,-6.2,3.));
#1546 = VECTOR('',#1547,1.);
#1547 = DIRECTION('',(0.,-1.,0.));
#1548 = PCURVE('',#1438,#1549);
#1549 = DEFINITIONAL_REPRESENTATION('',(#1550),#1553);
#1550 = B_SPLINE_CURVE_WITH_KNOTS('',1,(#1551,#1552),.UNSPECIFIED.,.F.,
  .F.,(2,2),(-32.2,19.8),.PIECEWISE_BEZIER_KNOTS.);
#1551 = CARTESIAN_POINT('',(50.770266889194,-40.30508652763));
#1552 = CARTESIAN_POINT('',(14.000714267494,-3.535533905933));
#1553 = ( GEOMETRIC_REPRESENTATION_CONTEXT(2) 
PARAMETRIC_REPRESENTATION_CONTEXT() REPRESENTATION_CONTEXT('2D SPACE',''
  ) );
#1554 = PCURVE('',#1555,#1560);
#1555 = PLANE('',#1556);
#1556 = AXIS2_PLACEMENT_3D('',#1557,#1558,#1559);
#1557 = CARTESIAN_POINT('',(-31.,26.,0.));
#1558 = DIRECTION('',(1.,0.,-0.));
#1559 = DIRECTION('',(0.,-1.,0.));
#1560 = DEFINITIONAL_REPRESENTATION('',(#1561),#1564);
#1561 = B_SPLINE_CURVE_WITH_KNOTS('',1,(#1562,#1563),.UNSPECIFIED.,.F.,
  .F.,(2,2),(-32.2,19.8),.PIECEWISE_BEZIER_KNOTS.);
#1562 = CARTESIAN_POINT('',(0.,-3.));
#1563 = CARTESIAN_POINT('',(52.,-3.));
#1564 = ( GEOMETRIC_REPRESENTATION_CONTEXT(2) 
PARAMETRIC_REPRESENTATION_CONTEXT() REPRESENTATION_CONTEXT('2D SPACE',''
  ) );
#1565 = ORIENTED_EDGE('',*,*,#1566,.T.);
#1566 = EDGE_CURVE('',#1541,#1567,#1569,.T.);
#1567 = VERTEX_POINT('',#1568);
#1568 = CARTESIAN_POINT('',(31.,-26.,3.));
#1569 = SURFACE_CURVE('',#1570,(#1574,#1580),.PCURVE_S1.);
#1570 = LINE('',#1571,#1572);
#1571 = CARTESIAN_POINT('',(-34.7,-26.,3.));
#1572 = VECTOR('',#1573,1.);
#1573 = DIRECTION('',(1.,-0.,0.));
#1574 = PCURVE('',#1438,#1575);
#1575 = DEFINITIONAL_REPRESENTATION('',(#1576),#1579);
#1576 = B_SPLINE_CURVE_WITH_KNOTS('',1,(#1577,#1578),.UNSPECIFIED.,.F.,
  .F.,(2,2),(3.7,65.7),.PIECEWISE_BEZIER_KNOTS.);
#1577 = CARTESIAN_POINT('',(14.000714267494,-3.535533905933));
#1578 = CARTESIAN_POINT('',(57.84133470106,40.305086527633));
#1579 = ( GEOMETRIC_REPRESENTATION_CONTEXT(2) 
PARAMETRIC_REPRESENTATION_CONTEXT() REPRESENTATION_CONTEXT('2D SPACE',''
  ) );
#1580 = PCURVE('',#1581,#1586);
#1581 = PLANE('',#1582);
#1582 = AXIS2_PLACEMENT_3D('',#1583,#1584,#1585);
#1583 = CARTESIAN_POINT('',(-31.,-26.,0.));
#1584 = DIRECTION('',(0.,1.,0.));
#1585 = DIRECTION('',(1.,0.,0.));
#1586 = DEFINITIONAL_REPRESENTATION('',(#1587),#1590);
#1587 = B_SPLINE_CURVE_WITH_KNOTS('',1,(#1588,#1589),.UNSPECIFIED.,.F.,
  .F.,(2,2),(3.7,65.7),.PIECEWISE_BEZIER_KNOTS.);
#1588 = CARTESIAN_POINT('',(0.,-3.));
#1589 = CARTESIAN_POINT('',(62.,-3.));
#1590 = ( GEOMETRIC_REPRESENTATION_CONTEXT(2) 
PARAMETRIC_REPRESENTATION_CONTEXT() REPRESENTATION_CONTEXT('2D SPACE',''
  ) );
#1591 = ORIENTED_EDGE('',*,*,#1592,.T.);
#1592 = EDGE_CURVE('',#1567,#1593,#1595,.T.);
#1593 = VERTEX_POINT('',#1594);
#1594 = CARTESIAN_POINT('',(31.,26.,3.));
#1595 = SURFACE_CURVE('',#1596,(#1600,#1606),.PCURVE_S1.);
#1596 = LINE('',#1597,#1598);
#1597 = CARTESIAN_POINT('',(31.,-32.2,3.));
#1598 = VECTOR('',#1599,1.);
#1599 = DIRECTION('',(0.,1.,0.));
#1600 = PCURVE('',#1438,#1601);
#1601 = DEFINITIONAL_REPRESENTATION('',(#1602),#1605);
#1602 = B_SPLINE_CURVE_WITH_KNOTS('',1,(#1603,#1604),.UNSPECIFIED.,.F.,
  .F.,(2,2),(6.2,58.2),.PIECEWISE_BEZIER_KNOTS.);
#1603 = CARTESIAN_POINT('',(57.84133470106,40.305086527633));
#1604 = CARTESIAN_POINT('',(94.61088732276,3.535533905933));
#1605 = ( GEOMETRIC_REPRESENTATION_CONTEXT(2) 
PARAMETRIC_REPRESENTATION_CONTEXT() REPRESENTATION_CONTEXT('2D SPACE',''
  ) );
#1606 = PCURVE('',#1607,#1612);
#1607 = PLANE('',#1608);
#1608 = AXIS2_PLACEMENT_3D('',#1609,#1610,#1611);
#1609 = CARTESIAN_POINT('',(31.,-26.,0.));
#1610 = DIRECTION('',(-1.,0.,0.));
#1611 = DIRECTION('',(0.,1.,0.));
#1612 = DEFINITIONAL_REPRESENTATION('',(#1613),#1616);
#1613 = B_SPLINE_CURVE_WITH_KNOTS('',1,(#1614,#1615),.UNSPECIFIED.,.F.,
  .F.,(2,2),(6.2,58.2),.PIECEWISE_BEZIER_KNOTS.);
#1614 = CARTESIAN_POINT('',(0.,-3.));
#1615 = CARTESIAN_POINT('',(52.,-3.));
#1616 = ( GEOMETRIC_REPRESENTATION_CONTEXT(2) 
PARAMETRIC_REPRESENTATION_CONTEXT() REPRESENTATION_CONTEXT('2D SPACE',''
  ) );
#1617 = ORIENTED_EDGE('',*,*,#1618,.T.);
#1618 = EDGE_CURVE('',#1593,#1539,#1619,.T.);
#1619 = SURFACE_CURVE('',#1620,(#1624,#1630),.PCURVE_S1.);
#1620 = LINE('',#1621,#1622);
#1621 = CARTESIAN_POINT('',(-3.7,26.,3.));
#1622 = VECTOR('',#1623,1.);
#1623 = DIRECTION('',(-1.,-0.,-0.));
#1624 = PCURVE('',#1438,#1625);
#1625 = DEFINITIONAL_REPRESENTATION('',(#1626),#1629);
#1626 = B_SPLINE_CURVE_WITH_KNOTS('',1,(#1627,#1628),.UNSPECIFIED.,.F.,
  .F.,(2,2),(-34.7,27.3),.PIECEWISE_BEZIER_KNOTS.);
#1627 = CARTESIAN_POINT('',(94.61088732276,3.535533905933));
#1628 = CARTESIAN_POINT('',(50.770266889194,-40.30508652763));
#1629 = ( GEOMETRIC_REPRESENTATION_CONTEXT(2) 
PARAMETRIC_REPRESENTATION_CONTEXT() REPRESENTATION_CONTEXT('2D SPACE',''
  ) );
#1630 = PCURVE('',#1631,#1636);
#1631 = PLANE('',#1632);
#1632 = AXIS2_PLACEMENT_3D('',#1633,#1634,#1635);
#1633 = CARTESIAN_POINT('',(31.,26.,0.));
#1634 = DIRECTION('',(0.,-1.,0.));
#1635 = DIRECTION('',(-1.,0.,0.));
#1636 = DEFINITIONAL_REPRESENTATION('',(#1637),#1640);
#1637 = B_SPLINE_CURVE_WITH_KNOTS('',1,(#1638,#1639),.UNSPECIFIED.,.F.,
  .F.,(2,2),(-34.7,27.3),.PIECEWISE_BEZIER_KNOTS.);
#1638 = CARTESIAN_POINT('',(0.,-3.));
#1639 = CARTESIAN_POINT('',(62.,-3.));
#1640 = ( GEOMETRIC_REPRESENTATION_CONTEXT(2) 
PARAMETRIC_REPRESENTATION_CONTEXT() REPRESENTATION_CONTEXT('2D SPACE',''
  ) );
#1641 = ADVANCED_FACE('',(#1642),#1607,.T.);
#1642 = FACE_BOUND('',#1643,.T.);
#1643 = EDGE_LOOP('',(#1644,#1667,#1668,#1691));
#1644 = ORIENTED_EDGE('',*,*,#1645,.T.);
#1645 = EDGE_CURVE('',#1646,#1567,#1648,.T.);
#1646 = VERTEX_POINT('',#1647);
#1647 = CARTESIAN_POINT('',(31.,-26.,0.));
#1648 = SURFACE_CURVE('',#1649,(#1653,#1660),.PCURVE_S1.);
#1649 = LINE('',#1650,#1651);
#1650 = CARTESIAN_POINT('',(31.,-26.,-8.));
#1651 = VECTOR('',#1652,1.);
#1652 = DIRECTION('',(0.,0.,1.));
#1653 = PCURVE('',#1607,#1654);
#1654 = DEFINITIONAL_REPRESENTATION('',(#1655),#1659);
#1655 = LINE('',#1656,#1657);
#1656 = CARTESIAN_POINT('',(0.,8.));
#1657 = VECTOR('',#1658,1.);
#1658 = DIRECTION('',(0.,-1.));
#1659 = ( GEOMETRIC_REPRESENTATION_CONTEXT(2) 
PARAMETRIC_REPRESENTATION_CONTEXT() REPRESENTATION_CONTEXT('2D SPACE',''
  ) );
#1660 = PCURVE('',#1581,#1661);
#1661 = DEFINITIONAL_REPRESENTATION('',(#1662),#1666);
#1662 = LINE('',#1663,#1664);
#1663 = CARTESIAN_POINT('',(62.,8.));
#1664 = VECTOR('',#1665,1.);
#1665 = DIRECTION('',(0.,-1.));
#1666 = ( GEOMETRIC_REPRESENTATION_CONTEXT(2) 
PARAMETRIC_REPRESENTATION_CONTEXT() REPRESENTATION_CONTEXT('2D SPACE',''
  ) );
#1667 = ORIENTED_EDGE('',*,*,#1592,.T.);
#1668 = ORIENTED_EDGE('',*,*,#1669,.F.);
#1669 = EDGE_CURVE('',#1670,#1593,#1672,.T.);
#1670 = VERTEX_POINT('',#1671);
#1671 = CARTESIAN_POINT('',(31.,26.,0.));
#1672 = SURFACE_CURVE('',#1673,(#1677,#1684),.PCURVE_S1.);
#1673 = LINE('',#1674,#1675);
#1674 = CARTESIAN_POINT('',(31.,26.,-8.));
#1675 = VECTOR('',#1676,1.);
#1676 = DIRECTION('',(0.,0.,1.));
#1677 = PCURVE('',#1607,#1678);
#1678 = DEFINITIONAL_REPRESENTATION('',(#1679),#1683);
#1679 = LINE('',#1680,#1681);
#1680 = CARTESIAN_POINT('',(52.,8.));
#1681 = VECTOR('',#1682,1.);
#1682 = DIRECTION('',(0.,-1.));
#1683 = ( GEOMETRIC_REPRESENTATION_CONTEXT(2) 
PARAMETRIC_REPRESENTATION_CONTEXT() REPRESENTATION_CONTEXT('2D SPACE',''
  ) );
#1684 = PCURVE('',#1631,#1685);
#1685 = DEFINITIONAL_REPRESENTATION('',(#1686),#1690);
#1686 = LINE('',#1687,#1688);
#1687 = CARTESIAN_POINT('',(0.,8.));
#1688 = VECTOR('',#1689,1.);
#1689 = DIRECTION('',(0.,-1.));
#1690 = ( GEOMETRIC_REPRESENTATION_CONTEXT(2) 
PARAMETRIC_REPRESENTATION_CONTEXT() REPRESENTATION_CONTEXT('2D SPACE',''
  ) );
#1691 = ORIENTED_EDGE('',*,*,#1692,.F.);
#1692 = EDGE_CURVE('',#1646,#1670,#1693,.T.);
#1693 = SURFACE_CURVE('',#1694,(#1698,#1704),.PCURVE_S1.);
#1694 = LINE('',#1695,#1696);
#1695 = CARTESIAN_POINT('',(31.,-33.5,0.));
#1696 = VECTOR('',#1697,1.);
#1697 = DIRECTION('',(0.,1.,0.));
#1698 = PCURVE('',#1607,#1699);
#1699 = DEFINITIONAL_REPRESENTATION('',(#1700),#1703);
#1700 = B_SPLINE_CURVE_WITH_KNOTS('',1,(#1701,#1702),.UNSPECIFIED.,.F.,
  .F.,(2,2),(7.5,59.5),.PIECEWISE_BEZIER_KNOTS.);
#1701 = CARTESIAN_POINT('',(0.,0.));
#1702 = CARTESIAN_POINT('',(52.,0.));
#1703 = ( GEOMETRIC_REPRESENTATION_CONTEXT(2) 
PARAMETRIC_REPRESENTATION_CONTEXT() REPRESENTATION_CONTEXT('2D SPACE',''
  ) );
#1704 = PCURVE('',#43,#1705);
#1705 = DEFINITIONAL_REPRESENTATION('',(#1706),#1710);
#1706 = LINE('',#1707,#1708);
#1707 = CARTESIAN_POINT('',(56.214989104331,45.608387386532));
#1708 = VECTOR('',#1709,1.);
#1709 = DIRECTION('',(0.707106781187,-0.707106781187));
#1710 = ( GEOMETRIC_REPRESENTATION_CONTEXT(2) 
PARAMETRIC_REPRESENTATION_CONTEXT() REPRESENTATION_CONTEXT('2D SPACE',''
  ) );
#1711 = ADVANCED_FACE('',(#1712),#1581,.T.);
#1712 = FACE_BOUND('',#1713,.T.);
#1713 = EDGE_LOOP('',(#1714,#1737,#1738,#1739));
#1714 = ORIENTED_EDGE('',*,*,#1715,.F.);
#1715 = EDGE_CURVE('',#1541,#1716,#1718,.T.);
#1716 = VERTEX_POINT('',#1717);
#1717 = CARTESIAN_POINT('',(-31.,-26.,0.));
#1718 = SURFACE_CURVE('',#1719,(#1723,#1730),.PCURVE_S1.);
#1719 = LINE('',#1720,#1721);
#1720 = CARTESIAN_POINT('',(-31.,-26.,8.));
#1721 = VECTOR('',#1722,1.);
#1722 = DIRECTION('',(0.,0.,-1.));
#1723 = PCURVE('',#1581,#1724);
#1724 = DEFINITIONAL_REPRESENTATION('',(#1725),#1729);
#1725 = LINE('',#1726,#1727);
#1726 = CARTESIAN_POINT('',(0.,-8.));
#1727 = VECTOR('',#1728,1.);
#1728 = DIRECTION('',(0.,1.));
#1729 = ( GEOMETRIC_REPRESENTATION_CONTEXT(2) 
PARAMETRIC_REPRESENTATION_CONTEXT() REPRESENTATION_CONTEXT('2D SPACE',''
  ) );
#1730 = PCURVE('',#1555,#1731);
#1731 = DEFINITIONAL_REPRESENTATION('',(#1732),#1736);
#1732 = LINE('',#1733,#1734);
#1733 = CARTESIAN_POINT('',(52.,-8.));
#1734 = VECTOR('',#1735,1.);
#1735 = DIRECTION('',(0.,1.));
#1736 = ( GEOMETRIC_REPRESENTATION_CONTEXT(2) 
PARAMETRIC_REPRESENTATION_CONTEXT() REPRESENTATION_CONTEXT('2D SPACE',''
  ) );
#1737 = ORIENTED_EDGE('',*,*,#1566,.T.);
#1738 = ORIENTED_EDGE('',*,*,#1645,.F.);
#1739 = ORIENTED_EDGE('',*,*,#1740,.F.);
#1740 = EDGE_CURVE('',#1716,#1646,#1741,.T.);
#1741 = SURFACE_CURVE('',#1742,(#1746,#1752),.PCURVE_S1.);
#1742 = LINE('',#1743,#1744);
#1743 = CARTESIAN_POINT('',(-36.,-26.,0.));
#1744 = VECTOR('',#1745,1.);
#1745 = DIRECTION('',(1.,-0.,0.));
#1746 = PCURVE('',#1581,#1747);
#1747 = DEFINITIONAL_REPRESENTATION('',(#1748),#1751);
#1748 = B_SPLINE_CURVE_WITH_KNOTS('',1,(#1749,#1750),.UNSPECIFIED.,.F.,
  .F.,(2,2),(5.,67.),.PIECEWISE_BEZIER_KNOTS.);
#1749 = CARTESIAN_POINT('',(0.,0.));
#1750 = CARTESIAN_POINT('',(62.,0.));
#1751 = ( GEOMETRIC_REPRESENTATION_CONTEXT(2) 
PARAMETRIC_REPRESENTATION_CONTEXT() REPRESENTATION_CONTEXT('2D SPACE',''
  ) );
#1752 = PCURVE('',#43,#1753);
#1753 = DEFINITIONAL_REPRESENTATION('',(#1754),#1758);
#1754 = LINE('',#1755,#1756);
#1755 = CARTESIAN_POINT('',(14.142135623731,-7.071067811865));
#1756 = VECTOR('',#1757,1.);
#1757 = DIRECTION('',(0.707106781187,0.707106781187));
#1758 = ( GEOMETRIC_REPRESENTATION_CONTEXT(2) 
PARAMETRIC_REPRESENTATION_CONTEXT() REPRESENTATION_CONTEXT('2D SPACE',''
  ) );
#1759 = ADVANCED_FACE('',(#1760),#1631,.T.);
#1760 = FACE_BOUND('',#1761,.T.);
#1761 = EDGE_LOOP('',(#1762,#1763,#1764,#1787));
#1762 = ORIENTED_EDGE('',*,*,#1669,.T.);
#1763 = ORIENTED_EDGE('',*,*,#1618,.T.);
#1764 = ORIENTED_EDGE('',*,*,#1765,.T.);
#1765 = EDGE_CURVE('',#1539,#1766,#1768,.T.);
#1766 = VERTEX_POINT('',#1767);
#1767 = CARTESIAN_POINT('',(-31.,26.,0.));
#1768 = SURFACE_CURVE('',#1769,(#1773,#1780),.PCURVE_S1.);
#1769 = LINE('',#1770,#1771);
#1770 = CARTESIAN_POINT('',(-31.,26.,8.));
#1771 = VECTOR('',#1772,1.);
#1772 = DIRECTION('',(0.,0.,-1.));
#1773 = PCURVE('',#1631,#1774);
#1774 = DEFINITIONAL_REPRESENTATION('',(#1775),#1779);
#1775 = LINE('',#1776,#1777);
#1776 = CARTESIAN_POINT('',(62.,-8.));
#1777 = VECTOR('',#1778,1.);
#1778 = DIRECTION('',(0.,1.));
#1779 = ( GEOMETRIC_REPRESENTATION_CONTEXT(2) 
PARAMETRIC_REPRESENTATION_CONTEXT() REPRESENTATION_CONTEXT('2D SPACE',''
  ) );
#1780 = PCURVE('',#1555,#1781);
#1781 = DEFINITIONAL_REPRESENTATION('',(#1782),#1786);
#1782 = LINE('',#1783,#1784);
#1783 = CARTESIAN_POINT('',(0.,-8.));
#1784 = VECTOR('',#1785,1.);
#1785 = DIRECTION('',(0.,1.));
#1786 = ( GEOMETRIC_REPRESENTATION_CONTEXT(2) 
PARAMETRIC_REPRESENTATION_CONTEXT() REPRESENTATION_CONTEXT('2D SPACE',''
  ) );
#1787 = ORIENTED_EDGE('',*,*,#1788,.F.);
#1788 = EDGE_CURVE('',#1670,#1766,#1789,.T.);
#1789 = SURFACE_CURVE('',#1790,(#1794,#1800),.PCURVE_S1.);
#1790 = LINE('',#1791,#1792);
#1791 = CARTESIAN_POINT('',(-5.,26.,0.));
#1792 = VECTOR('',#1793,1.);
#1793 = DIRECTION('',(-1.,-0.,-0.));
#1794 = PCURVE('',#1631,#1795);
#1795 = DEFINITIONAL_REPRESENTATION('',(#1796),#1799);
#1796 = B_SPLINE_CURVE_WITH_KNOTS('',1,(#1797,#1798),.UNSPECIFIED.,.F.,
  .F.,(2,2),(-36.,26.),.PIECEWISE_BEZIER_KNOTS.);
#1797 = CARTESIAN_POINT('',(0.,0.));
#1798 = CARTESIAN_POINT('',(62.,0.));
#1799 = ( GEOMETRIC_REPRESENTATION_CONTEXT(2) 
PARAMETRIC_REPRESENTATION_CONTEXT() REPRESENTATION_CONTEXT('2D SPACE',''
  ) );
#1800 = PCURVE('',#43,#1801);
#1801 = DEFINITIONAL_REPRESENTATION('',(#1802),#1806);
#1802 = LINE('',#1803,#1804);
#1803 = CARTESIAN_POINT('',(72.831998462214,-21.92031021678));
#1804 = VECTOR('',#1805,1.);
#1805 = DIRECTION('',(-0.707106781187,-0.707106781187));
#1806 = ( GEOMETRIC_REPRESENTATION_CONTEXT(2) 
PARAMETRIC_REPRESENTATION_CONTEXT() REPRESENTATION_CONTEXT('2D SPACE',''
  ) );
#1807 = ADVANCED_FACE('',(#1808),#1555,.T.);
#1808 = FACE_BOUND('',#1809,.T.);
#1809 = EDGE_LOOP('',(#1810,#1811,#1812,#1813));
#1810 = ORIENTED_EDGE('',*,*,#1765,.F.);
#1811 = ORIENTED_EDGE('',*,*,#1538,.T.);
#1812 = ORIENTED_EDGE('',*,*,#1715,.T.);
#1813 = ORIENTED_EDGE('',*,*,#1814,.F.);
#1814 = EDGE_CURVE('',#1766,#1716,#1815,.T.);
#1815 = SURFACE_CURVE('',#1816,(#1820,#1826),.PCURVE_S1.);
#1816 = LINE('',#1817,#1818);
#1817 = CARTESIAN_POINT('',(-31.,-7.5,0.));
#1818 = VECTOR('',#1819,1.);
#1819 = DIRECTION('',(0.,-1.,0.));
#1820 = PCURVE('',#1555,#1821);
#1821 = DEFINITIONAL_REPRESENTATION('',(#1822),#1825);
#1822 = B_SPLINE_CURVE_WITH_KNOTS('',1,(#1823,#1824),.UNSPECIFIED.,.F.,
  .F.,(2,2),(-33.5,18.5),.PIECEWISE_BEZIER_KNOTS.);
#1823 = CARTESIAN_POINT('',(0.,0.));
#1824 = CARTESIAN_POINT('',(52.,0.));
#1825 = ( GEOMETRIC_REPRESENTATION_CONTEXT(2) 
PARAMETRIC_REPRESENTATION_CONTEXT() REPRESENTATION_CONTEXT('2D SPACE',''
  ) );
#1826 = PCURVE('',#43,#1827);
#1827 = DEFINITIONAL_REPRESENTATION('',(#1828),#1832);
#1828 = LINE('',#1829,#1830);
#1829 = CARTESIAN_POINT('',(30.759144981615,-16.61700935788));
#1830 = VECTOR('',#1831,1.);
#1831 = DIRECTION('',(-0.707106781187,0.707106781187));
#1832 = ( GEOMETRIC_REPRESENTATION_CONTEXT(2) 
PARAMETRIC_REPRESENTATION_CONTEXT() REPRESENTATION_CONTEXT('2D SPACE',''
  ) );
#1833 = ADVANCED_FACE('',(#1834),#1362,.F.);
#1834 = FACE_BOUND('',#1835,.F.);
#1835 = EDGE_LOOP('',(#1836,#1837,#1838,#1859));
#1836 = ORIENTED_EDGE('',*,*,#1449,.F.);
#1837 = ORIENTED_EDGE('',*,*,#1516,.F.);
#1838 = ORIENTED_EDGE('',*,*,#1839,.T.);
#1839 = EDGE_CURVE('',#1496,#1322,#1840,.T.);
#1840 = SURFACE_CURVE('',#1841,(#1845,#1852),.PCURVE_S1.);
#1841 = LINE('',#1842,#1843);
#1842 = CARTESIAN_POINT('',(-36.,31.,0.));
#1843 = VECTOR('',#1844,1.);
#1844 = DIRECTION('',(0.,0.,1.));
#1845 = PCURVE('',#1362,#1846);
#1846 = DEFINITIONAL_REPRESENTATION('',(#1847),#1851);
#1847 = LINE('',#1848,#1849);
#1848 = CARTESIAN_POINT('',(0.,0.));
#1849 = VECTOR('',#1850,1.);
#1850 = DIRECTION('',(1.,0.));
#1851 = ( GEOMETRIC_REPRESENTATION_CONTEXT(2) 
PARAMETRIC_REPRESENTATION_CONTEXT() REPRESENTATION_CONTEXT('2D SPACE',''
  ) );
#1852 = PCURVE('',#1336,#1853);
#1853 = DEFINITIONAL_REPRESENTATION('',(#1854),#1858);
#1854 = LINE('',#1855,#1856);
#1855 = CARTESIAN_POINT('',(0.,-62.));
#1856 = VECTOR('',#1857,1.);
#1857 = DIRECTION('',(1.,0.));
#1858 = ( GEOMETRIC_REPRESENTATION_CONTEXT(2) 
PARAMETRIC_REPRESENTATION_CONTEXT() REPRESENTATION_CONTEXT('2D SPACE',''
  ) );
#1859 = ORIENTED_EDGE('',*,*,#1347,.F.);
#1860 = ADVANCED_FACE('',(#1861),#1336,.T.);
#1861 = FACE_BOUND('',#1862,.T.);
#1862 = EDGE_LOOP('',(#1863,#1884,#1885,#1886));
#1863 = ORIENTED_EDGE('',*,*,#1864,.F.);
#1864 = EDGE_CURVE('',#1475,#1296,#1865,.T.);
#1865 = SURFACE_CURVE('',#1866,(#1870,#1877),.PCURVE_S1.);
#1866 = LINE('',#1867,#1868);
#1867 = CARTESIAN_POINT('',(-36.,-31.,0.));
#1868 = VECTOR('',#1869,1.);
#1869 = DIRECTION('',(0.,0.,1.));
#1870 = PCURVE('',#1336,#1871);
#1871 = DEFINITIONAL_REPRESENTATION('',(#1872),#1876);
#1872 = LINE('',#1873,#1874);
#1873 = CARTESIAN_POINT('',(0.,0.));
#1874 = VECTOR('',#1875,1.);
#1875 = DIRECTION('',(1.,0.));
#1876 = ( GEOMETRIC_REPRESENTATION_CONTEXT(2) 
PARAMETRIC_REPRESENTATION_CONTEXT() REPRESENTATION_CONTEXT('2D SPACE',''
  ) );
#1877 = PCURVE('',#1310,#1878);
#1878 = DEFINITIONAL_REPRESENTATION('',(#1879),#1883);
#1879 = LINE('',#1880,#1881);
#1880 = CARTESIAN_POINT('',(0.,0.));
#1881 = VECTOR('',#1882,1.);
#1882 = DIRECTION('',(1.,0.));
#1883 = ( GEOMETRIC_REPRESENTATION_CONTEXT(2) 
PARAMETRIC_REPRESENTATION_CONTEXT() REPRESENTATION_CONTEXT('2D SPACE',''
  ) );
#1884 = ORIENTED_EDGE('',*,*,#1495,.F.);
#1885 = ORIENTED_EDGE('',*,*,#1839,.T.);
#1886 = ORIENTED_EDGE('',*,*,#1321,.F.);
#1887 = ADVANCED_FACE('',(#1888),#1310,.T.);
#1888 = FACE_BOUND('',#1889,.T.);
#1889 = EDGE_LOOP('',(#1890,#1891,#1892,#1893));
#1890 = ORIENTED_EDGE('',*,*,#1400,.F.);
#1891 = ORIENTED_EDGE('',*,*,#1474,.F.);
#1892 = ORIENTED_EDGE('',*,*,#1864,.T.);
#1893 = ORIENTED_EDGE('',*,*,#1293,.F.);
#1894 = ADVANCED_FACE('',(#1895),#1279,.F.);
#1895 = FACE_BOUND('',#1896,.F.);
#1896 = EDGE_LOOP('',(#1897,#1932,#1933,#1971));
#1897 = ORIENTED_EDGE('',*,*,#1898,.T.);
#1898 = EDGE_CURVE('',#1899,#1241,#1901,.T.);
#1899 = VERTEX_POINT('',#1900);
#1900 = CARTESIAN_POINT('',(-38.4,30.574456264654,3.));
#1901 = SURFACE_CURVE('',#1902,(#1910,#1921),.PCURVE_S1.);
#1902 = B_SPLINE_CURVE_WITH_KNOTS('',6,(#1903,#1904,#1905,#1906,#1907,
    #1908,#1909),.UNSPECIFIED.,.F.,.F.,(7,7),(0.,1.),
  .PIECEWISE_BEZIER_KNOTS.);
#1903 = CARTESIAN_POINT('',(-38.4,30.574456264654,3.));
#1904 = CARTESIAN_POINT('',(-38.45861348375,30.737709030409,
    3.287055779422));
#1905 = CARTESIAN_POINT('',(-38.52606196696,30.86335065772,
    3.617380402303));
#1906 = CARTESIAN_POINT('',(-38.59568275855,30.972141742718,
    3.958343766246));
#1907 = CARTESIAN_POINT('',(-38.66615210724,31.062390799994,
    4.303462884186));
#1908 = CARTESIAN_POINT('',(-38.73650450567,31.14181194939,
    4.648009245728));
#1909 = CARTESIAN_POINT('',(-38.80837708586,31.212449929072,5.0000006));
#1910 = PCURVE('',#1279,#1911);
#1911 = DEFINITIONAL_REPRESENTATION('',(#1912),#1920);
#1912 = B_SPLINE_CURVE_WITH_KNOTS('',6,(#1913,#1914,#1915,#1916,#1917,
    #1918,#1919),.UNSPECIFIED.,.F.,.F.,(7,7),(0.,1.),
  .PIECEWISE_BEZIER_KNOTS.);
#1913 = CARTESIAN_POINT('',(2.796891473791,2.));
#1914 = CARTESIAN_POINT('',(2.694858495194,1.712944220578));
#1915 = CARTESIAN_POINT('',(2.611862980284,1.382619597697));
#1916 = CARTESIAN_POINT('',(2.536066799717,1.041656233754));
#1917 = CARTESIAN_POINT('',(2.469120836977,0.696537115814));
#1918 = CARTESIAN_POINT('',(2.406810288416,0.351990754272));
#1919 = CARTESIAN_POINT('',(2.347531485664,-6.E-07));
#1920 = ( GEOMETRIC_REPRESENTATION_CONTEXT(2) 
PARAMETRIC_REPRESENTATION_CONTEXT() REPRESENTATION_CONTEXT('2D SPACE',''
  ) );
#1921 = PCURVE('',#668,#1922);
#1922 = DEFINITIONAL_REPRESENTATION('',(#1923),#1931);
#1923 = B_SPLINE_CURVE_WITH_KNOTS('',6,(#1924,#1925,#1926,#1927,#1928,
    #1929,#1930),.UNSPECIFIED.,.F.,.F.,(7,7),(0.,1.),
  .PIECEWISE_BEZIER_KNOTS.);
#1924 = CARTESIAN_POINT('',(15.773361591557,0.));
#1925 = CARTESIAN_POINT('',(15.538371693116,1.502909839904E-03));
#1926 = CARTESIAN_POINT('',(15.394231345634,3.232358127241E-03));
#1927 = CARTESIAN_POINT('',(15.288018782039,5.01750662956E-03));
#1928 = CARTESIAN_POINT('',(15.220691130254,6.824413006211E-03));
#1929 = CARTESIAN_POINT('',(15.175023452281,8.628320658259E-03));
#1930 = CARTESIAN_POINT('',(15.149429223359,1.047120732984E-02));
#1931 = ( GEOMETRIC_REPRESENTATION_CONTEXT(2) 
PARAMETRIC_REPRESENTATION_CONTEXT() REPRESENTATION_CONTEXT('2D SPACE',''
  ) );
#1932 = ORIENTED_EDGE('',*,*,#1260,.T.);
#1933 = ORIENTED_EDGE('',*,*,#1934,.T.);
#1934 = EDGE_CURVE('',#1125,#1935,#1937,.T.);
#1935 = VERTEX_POINT('',#1936);
#1936 = CARTESIAN_POINT('',(-38.4,29.425543735346,3.));
#1937 = SURFACE_CURVE('',#1938,(#1947,#1959),.PCURVE_S1.);
#1938 = B_SPLINE_CURVE_WITH_KNOTS('',4,(#1939,#1940,#1941,#1942,#1943,
    #1944,#1945,#1946),.UNSPECIFIED.,.F.,.F.,(5,3,5),(0.,0.519703964931,
    1.),.UNSPECIFIED.);
#1939 = CARTESIAN_POINT('',(-38.80837708586,28.787550070928,5.0000006));
#1940 = CARTESIAN_POINT('',(-38.75023490994,28.844693502127,
    4.715253020495));
#1941 = CARTESIAN_POINT('',(-38.69311499374,28.908188236759,
    4.435511892457));
#1942 = CARTESIAN_POINT('',(-38.63723046329,28.979054999073,
    4.161820986911));
#1943 = CARTESIAN_POINT('',(-38.53371128155,29.135080786027,
    3.654842430182));
#1944 = CARTESIAN_POINT('',(-38.48592494269,29.218799078279,
    3.420811898844));
#1945 = CARTESIAN_POINT('',(-38.44029156309,29.313321961623,
    3.197325347446));
#1946 = CARTESIAN_POINT('',(-38.4,29.425543735346,3.));
#1947 = PCURVE('',#1279,#1948);
#1948 = DEFINITIONAL_REPRESENTATION('',(#1949),#1958);
#1949 = B_SPLINE_CURVE_WITH_KNOTS('',4,(#1950,#1951,#1952,#1953,#1954,
    #1955,#1956,#1957),.UNSPECIFIED.,.F.,.F.,(5,3,5),(0.,0.519703964931,
    1.),.UNSPECIFIED.);
#1950 = CARTESIAN_POINT('',(3.935653821515,-6.E-07));
#1951 = CARTESIAN_POINT('',(3.887699531177,0.284746979505));
#1952 = CARTESIAN_POINT('',(3.837544208817,0.564488107543));
#1953 = CARTESIAN_POINT('',(3.784624253795,0.838179013089));
#1954 = CARTESIAN_POINT('',(3.674480800335,1.345157569818));
#1955 = CARTESIAN_POINT('',(3.617865933742,1.579188101156));
#1956 = CARTESIAN_POINT('',(3.556432441965,1.802674652554));
#1957 = CARTESIAN_POINT('',(3.486293833388,2.));
#1958 = ( GEOMETRIC_REPRESENTATION_CONTEXT(2) 
PARAMETRIC_REPRESENTATION_CONTEXT() REPRESENTATION_CONTEXT('2D SPACE',''
  ) );
#1959 = PCURVE('',#668,#1960);
#1960 = DEFINITIONAL_REPRESENTATION('',(#1961),#1970);
#1961 = B_SPLINE_CURVE_WITH_KNOTS('',4,(#1962,#1963,#1964,#1965,#1966,
    #1967,#1968,#1969),.UNSPECIFIED.,.F.,.F.,(5,3,5),(0.,0.519703964931,
    1.),.UNSPECIFIED.);
#1962 = CARTESIAN_POINT('',(19.985685287482,1.047120732984E-02));
#1963 = CARTESIAN_POINT('',(19.785700249614,8.980382306257E-03));
#1964 = CARTESIAN_POINT('',(19.573761884787,7.515769070455E-03));
#1965 = CARTESIAN_POINT('',(19.348071699656,6.082832392203E-03));
#1966 = CARTESIAN_POINT('',(18.87866975681,3.42849439886E-03));
#1967 = CARTESIAN_POINT('',(18.637758802184,2.203203658872E-03));
#1968 = CARTESIAN_POINT('',(18.377567903442,1.033117002337E-03));
#1969 = CARTESIAN_POINT('',(18.089138408443,0.));
#1970 = ( GEOMETRIC_REPRESENTATION_CONTEXT(2) 
PARAMETRIC_REPRESENTATION_CONTEXT() REPRESENTATION_CONTEXT('2D SPACE',''
  ) );
#1971 = ORIENTED_EDGE('',*,*,#1972,.F.);
#1972 = EDGE_CURVE('',#1899,#1935,#1973,.T.);
#1973 = SURFACE_CURVE('',#1974,(#1979,#1986),.PCURVE_S1.);
#1974 = CIRCLE('',#1975,1.7);
#1975 = AXIS2_PLACEMENT_3D('',#1976,#1977,#1978);
#1976 = CARTESIAN_POINT('',(-40.,30.,3.));
#1977 = DIRECTION('',(0.,0.,-1.));
#1978 = DIRECTION('',(-1.,0.,0.));
#1979 = PCURVE('',#1279,#1980);
#1980 = DEFINITIONAL_REPRESENTATION('',(#1981),#1985);
#1981 = LINE('',#1982,#1983);
#1982 = CARTESIAN_POINT('',(0.,2.));
#1983 = VECTOR('',#1984,1.);
#1984 = DIRECTION('',(1.,0.));
#1985 = ( GEOMETRIC_REPRESENTATION_CONTEXT(2) 
PARAMETRIC_REPRESENTATION_CONTEXT() REPRESENTATION_CONTEXT('2D SPACE',''
  ) );
#1986 = PCURVE('',#1987,#1992);
#1987 = PLANE('',#1988);
#1988 = AXIS2_PLACEMENT_3D('',#1989,#1990,#1991);
#1989 = CARTESIAN_POINT('',(-38.4,-38.4,3.));
#1990 = DIRECTION('',(0.,0.,-1.));
#1991 = DIRECTION('',(0.707106781187,0.707106781187,0.));
#1992 = DEFINITIONAL_REPRESENTATION('',(#1993),#1997);
#1993 = CIRCLE('',#1994,1.7);
#1994 = AXIS2_PLACEMENT_2D('',#1995,#1996);
#1995 = CARTESIAN_POINT('',(47.234732983261,-49.49747468305));
#1996 = DIRECTION('',(-0.707106781187,-0.707106781187));
#1997 = ( GEOMETRIC_REPRESENTATION_CONTEXT(2) 
PARAMETRIC_REPRESENTATION_CONTEXT() REPRESENTATION_CONTEXT('2D SPACE',''
  ) );
#1998 = ADVANCED_FACE('',(#1999),#1987,.F.);
#1999 = FACE_BOUND('',#2000,.F.);
#2000 = EDGE_LOOP('',(#2001,#2002));
#2001 = ORIENTED_EDGE('',*,*,#1972,.T.);
#2002 = ORIENTED_EDGE('',*,*,#2003,.F.);
#2003 = EDGE_CURVE('',#1899,#1935,#2004,.T.);
#2004 = SURFACE_CURVE('',#2005,(#2009,#2016),.PCURVE_S1.);
#2005 = LINE('',#2006,#2007);
#2006 = CARTESIAN_POINT('',(-38.4,38.4,3.));
#2007 = VECTOR('',#2008,1.);
#2008 = DIRECTION('',(0.,-1.,0.));
#2009 = PCURVE('',#1987,#2010);
#2010 = DEFINITIONAL_REPRESENTATION('',(#2011),#2015);
#2011 = LINE('',#2012,#2013);
#2012 = CARTESIAN_POINT('',(54.305800795127,-54.30580079512));
#2013 = VECTOR('',#2014,1.);
#2014 = DIRECTION('',(-0.707106781187,0.707106781187));
#2015 = ( GEOMETRIC_REPRESENTATION_CONTEXT(2) 
PARAMETRIC_REPRESENTATION_CONTEXT() REPRESENTATION_CONTEXT('2D SPACE',''
  ) );
#2016 = PCURVE('',#668,#2017);
#2017 = DEFINITIONAL_REPRESENTATION('',(#2018),#2021);
#2018 = B_SPLINE_CURVE_WITH_KNOTS('',1,(#2019,#2020),.UNSPECIFIED.,.F.,
  .F.,(2,2),(0.,76.8),.PIECEWISE_BEZIER_KNOTS.);
#2019 = CARTESIAN_POINT('',(0.,0.));
#2020 = CARTESIAN_POINT('',(154.8,0.));
#2021 = ( GEOMETRIC_REPRESENTATION_CONTEXT(2) 
PARAMETRIC_REPRESENTATION_CONTEXT() REPRESENTATION_CONTEXT('2D SPACE',''
  ) );
#2022 = ADVANCED_FACE('',(#2023),#1165,.F.);
#2023 = FACE_BOUND('',#2024,.F.);
#2024 = EDGE_LOOP('',(#2025,#2063,#2064,#2102));
#2025 = ORIENTED_EDGE('',*,*,#2026,.T.);
#2026 = EDGE_CURVE('',#2027,#1123,#2029,.T.);
#2027 = VERTEX_POINT('',#2028);
#2028 = CARTESIAN_POINT('',(-38.4,-29.42554373534,3.));
#2029 = SURFACE_CURVE('',#2030,(#2039,#2051),.PCURVE_S1.);
#2030 = B_SPLINE_CURVE_WITH_KNOTS('',4,(#2031,#2032,#2033,#2034,#2035,
    #2036,#2037,#2038),.UNSPECIFIED.,.F.,.F.,(5,3,5),(0.,0.461784568206,
    1.),.UNSPECIFIED.);
#2031 = CARTESIAN_POINT('',(-38.4,-29.42554373534,3.));
#2032 = CARTESIAN_POINT('',(-38.43243701172,-29.33519879187,
    3.158858185616));
#2033 = CARTESIAN_POINT('',(-38.4709634399,-29.24926171043,
    3.347538898017));
#2034 = CARTESIAN_POINT('',(-38.51505227359,-29.1672229826,
    3.563461134792));
#2035 = CARTESIAN_POINT('',(-38.62259124363,-28.99779728777,
    4.090126347043));
#2036 = CARTESIAN_POINT('',(-38.6831387044,-28.91935826964,
    4.386653654923));
#2037 = CARTESIAN_POINT('',(-38.74514964073,-28.84969141847,
    4.690348240515));
#2038 = CARTESIAN_POINT('',(-38.80837708586,-28.78755007092,5.0000006));
#2039 = PCURVE('',#1165,#2040);
#2040 = DEFINITIONAL_REPRESENTATION('',(#2041),#2050);
#2041 = B_SPLINE_CURVE_WITH_KNOTS('',4,(#2042,#2043,#2044,#2045,#2046,
    #2047,#2048,#2049),.UNSPECIFIED.,.F.,.F.,(5,3,5),(0.,0.461784568206,
    1.),.UNSPECIFIED.);
#2042 = CARTESIAN_POINT('',(2.796891473791,2.));
#2043 = CARTESIAN_POINT('',(2.740425884122,1.841141814384));
#2044 = CARTESIAN_POINT('',(2.685186170663,1.652461101983));
#2045 = CARTESIAN_POINT('',(2.63054002872,1.436538865208));
#2046 = CARTESIAN_POINT('',(2.512497024199,0.909873652957));
#2047 = CARTESIAN_POINT('',(2.45443943339,0.613346345077));
#2048 = CARTESIAN_POINT('',(2.399679985668,0.309651759485));
#2049 = CARTESIAN_POINT('',(2.347531485664,-6.E-07));
#2050 = ( GEOMETRIC_REPRESENTATION_CONTEXT(2) 
PARAMETRIC_REPRESENTATION_CONTEXT() REPRESENTATION_CONTEXT('2D SPACE',''
  ) );
#2051 = PCURVE('',#668,#2052);
#2052 = DEFINITIONAL_REPRESENTATION('',(#2053),#2062);
#2053 = B_SPLINE_CURVE_WITH_KNOTS('',4,(#2054,#2055,#2056,#2057,#2058,
    #2059,#2060,#2061),.UNSPECIFIED.,.F.,.F.,(5,3,5),(0.,0.461784568206,
    1.),.UNSPECIFIED.);
#2054 = CARTESIAN_POINT('',(136.71086159155,0.));
#2055 = CARTESIAN_POINT('',(136.47865935881,8.317182492992E-04));
#2056 = CARTESIAN_POINT('',(136.24646043073,1.819575382287E-03));
#2057 = CARTESIAN_POINT('',(136.01426622525,2.950058297339E-03));
#2058 = CARTESIAN_POINT('',(135.51142581582,5.707467785568E-03));
#2059 = CARTESIAN_POINT('',(135.26342058692,7.259966779704E-03));
#2060 = CARTESIAN_POINT('',(135.03179097323,8.849990788039E-03));
#2061 = CARTESIAN_POINT('',(134.81431471251,1.047120732984E-02));
#2062 = ( GEOMETRIC_REPRESENTATION_CONTEXT(2) 
PARAMETRIC_REPRESENTATION_CONTEXT() REPRESENTATION_CONTEXT('2D SPACE',''
  ) );
#2063 = ORIENTED_EDGE('',*,*,#1144,.T.);
#2064 = ORIENTED_EDGE('',*,*,#2065,.T.);
#2065 = EDGE_CURVE('',#1145,#2066,#2068,.T.);
#2066 = VERTEX_POINT('',#2067);
#2067 = CARTESIAN_POINT('',(-38.4,-30.57445626465,3.));
#2068 = SURFACE_CURVE('',#2069,(#2078,#2090),.PCURVE_S1.);
#2069 = B_SPLINE_CURVE_WITH_KNOTS('',4,(#2070,#2071,#2072,#2073,#2074,
    #2075,#2076,#2077),.UNSPECIFIED.,.F.,.F.,(5,3,5),(0.,0.386615431394,
    1.),.UNSPECIFIED.);
#2070 = CARTESIAN_POINT('',(-38.80837708586,-31.21244992907,5.0000006));
#2071 = CARTESIAN_POINT('',(-38.76687733405,-31.1716630446,
    4.796758225766));
#2072 = CARTESIAN_POINT('',(-38.72553133157,-31.12729182297,
    4.594268829001));
#2073 = CARTESIAN_POINT('',(-38.68440003239,-31.07877431204,
    4.392830927905));
#2074 = CARTESIAN_POINT('',(-38.57912796256,-30.93946473677,
    3.87726771411));
#2075 = CARTESIAN_POINT('',(-38.51627508579,-30.84077008034,
    3.569449779142));
#2076 = CARTESIAN_POINT('',(-38.45384032847,-30.72441463547,
    3.263679557397));
#2077 = CARTESIAN_POINT('',(-38.4,-30.57445626465,3.));
#2078 = PCURVE('',#1165,#2079);
#2079 = DEFINITIONAL_REPRESENTATION('',(#2080),#2089);
#2080 = B_SPLINE_CURVE_WITH_KNOTS('',4,(#2081,#2082,#2083,#2084,#2085,
    #2086,#2087,#2088),.UNSPECIFIED.,.F.,.F.,(5,3,5),(0.,0.386615431394,
    1.),.UNSPECIFIED.);
#2081 = CARTESIAN_POINT('',(3.935653821515,-6.E-07));
#2082 = CARTESIAN_POINT('',(3.90142580862,0.203241774234));
#2083 = CARTESIAN_POINT('',(3.865781892622,0.405731170999));
#2084 = CARTESIAN_POINT('',(3.82842312978,0.607169072095));
#2085 = CARTESIAN_POINT('',(3.725710161813,1.12273228589));
#2086 = CARTESIAN_POINT('',(3.656964760455,1.430550220858));
#2087 = CARTESIAN_POINT('',(3.580017815154,1.736320442603));
#2088 = CARTESIAN_POINT('',(3.486293833388,2.));
#2089 = ( GEOMETRIC_REPRESENTATION_CONTEXT(2) 
PARAMETRIC_REPRESENTATION_CONTEXT() REPRESENTATION_CONTEXT('2D SPACE',''
  ) );
#2090 = PCURVE('',#668,#2091);
#2091 = DEFINITIONAL_REPRESENTATION('',(#2092),#2101);
#2092 = B_SPLINE_CURVE_WITH_KNOTS('',4,(#2093,#2094,#2095,#2096,#2097,
    #2098,#2099,#2100),.UNSPECIFIED.,.F.,.F.,(5,3,5),(0.,0.386615431394,
    1.),.UNSPECIFIED.);
#2093 = CARTESIAN_POINT('',(139.65057077664,1.047120732984E-02));
#2094 = CARTESIAN_POINT('',(139.63579248226,9.407111129664E-03));
#2095 = CARTESIAN_POINT('',(139.61357633515,8.346957219902E-03));
#2096 = CARTESIAN_POINT('',(139.58265907149,7.292308523063E-03));
#2097 = CARTESIAN_POINT('',(139.47291465132,4.593024681203E-03));
#2098 = CARTESIAN_POINT('',(139.37600570959,2.981412456242E-03));
#2099 = CARTESIAN_POINT('',(139.24249203988,1.380521242915E-03));
#2100 = CARTESIAN_POINT('',(139.02663840844,0.));
#2101 = ( GEOMETRIC_REPRESENTATION_CONTEXT(2) 
PARAMETRIC_REPRESENTATION_CONTEXT() REPRESENTATION_CONTEXT('2D SPACE',''
  ) );
#2102 = ORIENTED_EDGE('',*,*,#2103,.F.);
#2103 = EDGE_CURVE('',#2027,#2066,#2104,.T.);
#2104 = SURFACE_CURVE('',#2105,(#2110,#2117),.PCURVE_S1.);
#2105 = CIRCLE('',#2106,1.7);
#2106 = AXIS2_PLACEMENT_3D('',#2107,#2108,#2109);
#2107 = CARTESIAN_POINT('',(-40.,-30.,3.));
#2108 = DIRECTION('',(0.,0.,-1.));
#2109 = DIRECTION('',(-1.,0.,0.));
#2110 = PCURVE('',#1165,#2111);
#2111 = DEFINITIONAL_REPRESENTATION('',(#2112),#2116);
#2112 = LINE('',#2113,#2114);
#2113 = CARTESIAN_POINT('',(0.,2.));
#2114 = VECTOR('',#2115,1.);
#2115 = DIRECTION('',(1.,0.));
#2116 = ( GEOMETRIC_REPRESENTATION_CONTEXT(2) 
PARAMETRIC_REPRESENTATION_CONTEXT() REPRESENTATION_CONTEXT('2D SPACE',''
  ) );
#2117 = PCURVE('',#2118,#2123);
#2118 = PLANE('',#2119);
#2119 = AXIS2_PLACEMENT_3D('',#2120,#2121,#2122);
#2120 = CARTESIAN_POINT('',(-38.4,-38.4,3.));
#2121 = DIRECTION('',(0.,0.,-1.));
#2122 = DIRECTION('',(0.707106781187,0.707106781187,0.));
#2123 = DEFINITIONAL_REPRESENTATION('',(#2124),#2128);
#2124 = CIRCLE('',#2125,1.7);
#2125 = AXIS2_PLACEMENT_2D('',#2126,#2127);
#2126 = CARTESIAN_POINT('',(4.808326112069,-7.071067811865));
#2127 = DIRECTION('',(-0.707106781187,-0.707106781187));
#2128 = ( GEOMETRIC_REPRESENTATION_CONTEXT(2) 
PARAMETRIC_REPRESENTATION_CONTEXT() REPRESENTATION_CONTEXT('2D SPACE',''
  ) );
#2129 = ADVANCED_FACE('',(#2130),#2118,.F.);
#2130 = FACE_BOUND('',#2131,.F.);
#2131 = EDGE_LOOP('',(#2132,#2133));
#2132 = ORIENTED_EDGE('',*,*,#2103,.T.);
#2133 = ORIENTED_EDGE('',*,*,#2134,.F.);
#2134 = EDGE_CURVE('',#2027,#2066,#2135,.T.);
#2135 = SURFACE_CURVE('',#2136,(#2140,#2147),.PCURVE_S1.);
#2136 = LINE('',#2137,#2138);
#2137 = CARTESIAN_POINT('',(-38.4,38.4,3.));
#2138 = VECTOR('',#2139,1.);
#2139 = DIRECTION('',(0.,-1.,0.));
#2140 = PCURVE('',#2118,#2141);
#2141 = DEFINITIONAL_REPRESENTATION('',(#2142),#2146);
#2142 = LINE('',#2143,#2144);
#2143 = CARTESIAN_POINT('',(54.305800795127,-54.30580079512));
#2144 = VECTOR('',#2145,1.);
#2145 = DIRECTION('',(-0.707106781187,0.707106781187));
#2146 = ( GEOMETRIC_REPRESENTATION_CONTEXT(2) 
PARAMETRIC_REPRESENTATION_CONTEXT() REPRESENTATION_CONTEXT('2D SPACE',''
  ) );
#2147 = PCURVE('',#668,#2148);
#2148 = DEFINITIONAL_REPRESENTATION('',(#2149),#2152);
#2149 = B_SPLINE_CURVE_WITH_KNOTS('',1,(#2150,#2151),.UNSPECIFIED.,.F.,
  .F.,(2,2),(0.,76.8),.PIECEWISE_BEZIER_KNOTS.);
#2150 = CARTESIAN_POINT('',(0.,0.));
#2151 = CARTESIAN_POINT('',(154.8,0.));
#2152 = ( GEOMETRIC_REPRESENTATION_CONTEXT(2) 
PARAMETRIC_REPRESENTATION_CONTEXT() REPRESENTATION_CONTEXT('2D SPACE',''
  ) );
#2153 = ADVANCED_FACE('',(#2154),#645,.F.);
#2154 = FACE_BOUND('',#2155,.F.);
#2155 = EDGE_LOOP('',(#2156,#2157,#2158,#2178));
#2156 = ORIENTED_EDGE('',*,*,#982,.F.);
#2157 = ORIENTED_EDGE('',*,*,#1220,.F.);
#2158 = ORIENTED_EDGE('',*,*,#2159,.T.);
#2159 = EDGE_CURVE('',#1221,#632,#2160,.T.);
#2160 = SURFACE_CURVE('',#2161,(#2164,#2171),.PCURVE_S1.);
#2161 = B_SPLINE_CURVE_WITH_KNOTS('',1,(#2162,#2163),.UNSPECIFIED.,.F.,
  .F.,(2,2),(0.,1.),.PIECEWISE_BEZIER_KNOTS.);
#2162 = CARTESIAN_POINT('',(-38.4,38.4,3.));
#2163 = CARTESIAN_POINT('',(-77.4,77.4,194.));
#2164 = PCURVE('',#645,#2165);
#2165 = DEFINITIONAL_REPRESENTATION('',(#2166),#2170);
#2166 = LINE('',#2167,#2168);
#2167 = CARTESIAN_POINT('',(154.8,0.));
#2168 = VECTOR('',#2169,1.);
#2169 = DIRECTION('',(0.,1.));
#2170 = ( GEOMETRIC_REPRESENTATION_CONTEXT(2) 
PARAMETRIC_REPRESENTATION_CONTEXT() REPRESENTATION_CONTEXT('2D SPACE',''
  ) );
#2171 = PCURVE('',#668,#2172);
#2172 = DEFINITIONAL_REPRESENTATION('',(#2173),#2177);
#2173 = LINE('',#2174,#2175);
#2174 = CARTESIAN_POINT('',(0.,0.));
#2175 = VECTOR('',#2176,1.);
#2176 = DIRECTION('',(0.,1.));
#2177 = ( GEOMETRIC_REPRESENTATION_CONTEXT(2) 
PARAMETRIC_REPRESENTATION_CONTEXT() REPRESENTATION_CONTEXT('2D SPACE',''
  ) );
#2178 = ORIENTED_EDGE('',*,*,#631,.T.);
#2179 = ADVANCED_FACE('',(#2180),#668,.F.);
#2180 = FACE_BOUND('',#2181,.F.);
#2181 = EDGE_LOOP('',(#2182,#2183,#2184,#2185,#2186,#2187,#2188,#2189,
    #2190,#2191,#2192,#2212));
#2182 = ORIENTED_EDGE('',*,*,#2159,.F.);
#2183 = ORIENTED_EDGE('',*,*,#1240,.F.);
#2184 = ORIENTED_EDGE('',*,*,#1898,.F.);
#2185 = ORIENTED_EDGE('',*,*,#2003,.T.);
#2186 = ORIENTED_EDGE('',*,*,#1934,.F.);
#2187 = ORIENTED_EDGE('',*,*,#1122,.F.);
#2188 = ORIENTED_EDGE('',*,*,#2026,.F.);
#2189 = ORIENTED_EDGE('',*,*,#2134,.T.);
#2190 = ORIENTED_EDGE('',*,*,#2065,.F.);
#2191 = ORIENTED_EDGE('',*,*,#1177,.F.);
#2192 = ORIENTED_EDGE('',*,*,#2193,.T.);
#2193 = EDGE_CURVE('',#1178,#582,#2194,.T.);
#2194 = SURFACE_CURVE('',#2195,(#2198,#2205),.PCURVE_S1.);
#2195 = B_SPLINE_CURVE_WITH_KNOTS('',1,(#2196,#2197),.UNSPECIFIED.,.F.,
  .F.,(2,2),(0.,1.),.PIECEWISE_BEZIER_KNOTS.);
#2196 = CARTESIAN_POINT('',(-38.4,-38.4,3.));
#2197 = CARTESIAN_POINT('',(-77.4,-77.4,194.));
#2198 = PCURVE('',#668,#2199);
#2199 = DEFINITIONAL_REPRESENTATION('',(#2200),#2204);
#2200 = LINE('',#2201,#2202);
#2201 = CARTESIAN_POINT('',(154.8,0.));
#2202 = VECTOR('',#2203,1.);
#2203 = DIRECTION('',(0.,1.));
#2204 = ( GEOMETRIC_REPRESENTATION_CONTEXT(2) 
PARAMETRIC_REPRESENTATION_CONTEXT() REPRESENTATION_CONTEXT('2D SPACE',''
  ) );
#2205 = PCURVE('',#595,#2206);
#2206 = DEFINITIONAL_REPRESENTATION('',(#2207),#2211);
#2207 = LINE('',#2208,#2209);
#2208 = CARTESIAN_POINT('',(0.,0.));
#2209 = VECTOR('',#2210,1.);
#2210 = DIRECTION('',(0.,1.));
#2211 = ( GEOMETRIC_REPRESENTATION_CONTEXT(2) 
PARAMETRIC_REPRESENTATION_CONTEXT() REPRESENTATION_CONTEXT('2D SPACE',''
  ) );
#2212 = ORIENTED_EDGE('',*,*,#656,.T.);
#2213 = ADVANCED_FACE('',(#2214),#595,.F.);
#2214 = FACE_BOUND('',#2215,.F.);
#2215 = EDGE_LOOP('',(#2216,#2217,#2218,#2219));
#2216 = ORIENTED_EDGE('',*,*,#2193,.F.);
#2217 = ORIENTED_EDGE('',*,*,#1197,.F.);
#2218 = ORIENTED_EDGE('',*,*,#682,.T.);
#2219 = ORIENTED_EDGE('',*,*,#579,.T.);
#2220 = ADVANCED_FACE('',(#2221),#70,.T.);
#2221 = FACE_BOUND('',#2222,.T.);
#2222 = EDGE_LOOP('',(#2223,#2224,#2258,#2283,#2315,#2316));
#2223 = ORIENTED_EDGE('',*,*,#55,.F.);
#2224 = ORIENTED_EDGE('',*,*,#2225,.T.);
#2225 = EDGE_CURVE('',#24,#2226,#2228,.T.);
#2226 = VERTEX_POINT('',#2227);
#2227 = CARTESIAN_POINT('',(42.026315789474,-41.,5.));
#2228 = SURFACE_CURVE('',#2229,(#2235,#2244),.PCURVE_S1.);
#2229 = B_SPLINE_CURVE_WITH_KNOTS('',4,(#2230,#2231,#2232,#2233,#2234),
  .UNSPECIFIED.,.F.,.F.,(5,5),(0.,1.),.PIECEWISE_BEZIER_KNOTS.);
#2230 = CARTESIAN_POINT('',(41.,-41.,0.));
#2231 = CARTESIAN_POINT('',(41.255754922405,-41.,1.245985519409));
#2232 = CARTESIAN_POINT('',(41.512077326964,-41.,2.494735695467));
#2233 = CARTESIAN_POINT('',(41.768939388198,-41.,3.746114968143));
#2234 = CARTESIAN_POINT('',(42.026315789474,-41.,5.));
#2235 = PCURVE('',#70,#2236);
#2236 = DEFINITIONAL_REPRESENTATION('',(#2237),#2243);
#2237 = B_SPLINE_CURVE_WITH_KNOTS('',4,(#2238,#2239,#2240,#2241,#2242),
  .UNSPECIFIED.,.F.,.F.,(5,5),(0.,1.),.PIECEWISE_BEZIER_KNOTS.);
#2238 = CARTESIAN_POINT('',(0.,0.));
#2239 = CARTESIAN_POINT('',(0.499033994937,6.557818523205E-03));
#2240 = CARTESIAN_POINT('',(0.990874092248,1.313018787088E-02));
#2241 = CARTESIAN_POINT('',(1.475693899727,1.971639456917E-02));
#2242 = CARTESIAN_POINT('',(1.953663118347,2.631578947368E-02));
#2243 = ( GEOMETRIC_REPRESENTATION_CONTEXT(2) 
PARAMETRIC_REPRESENTATION_CONTEXT() REPRESENTATION_CONTEXT('2D SPACE',''
  ) );
#2244 = PCURVE('',#2245,#2250);
#2245 = PLANE('',#2246);
#2246 = AXIS2_PLACEMENT_3D('',#2247,#2248,#2249);
#2247 = CARTESIAN_POINT('',(-49.,-41.,0.));
#2248 = DIRECTION('',(0.,1.,0.));
#2249 = DIRECTION('',(0.,0.,1.));
#2250 = DEFINITIONAL_REPRESENTATION('',(#2251),#2257);
#2251 = B_SPLINE_CURVE_WITH_KNOTS('',4,(#2252,#2253,#2254,#2255,#2256),
  .UNSPECIFIED.,.F.,.F.,(5,5),(0.,1.),.PIECEWISE_BEZIER_KNOTS.);
#2252 = CARTESIAN_POINT('',(0.,90.));
#2253 = CARTESIAN_POINT('',(1.245985519409,90.255754922405));
#2254 = CARTESIAN_POINT('',(2.494735695467,90.512077326964));
#2255 = CARTESIAN_POINT('',(3.746114968143,90.768939388198));
#2256 = CARTESIAN_POINT('',(5.,91.026315789474));
#2257 = ( GEOMETRIC_REPRESENTATION_CONTEXT(2) 
PARAMETRIC_REPRESENTATION_CONTEXT() REPRESENTATION_CONTEXT('2D SPACE',''
  ) );
#2258 = ORIENTED_EDGE('',*,*,#2259,.F.);
#2259 = EDGE_CURVE('',#2260,#2226,#2262,.T.);
#2260 = VERTEX_POINT('',#2261);
#2261 = CARTESIAN_POINT('',(42.026315789474,41.,5.));
#2262 = SURFACE_CURVE('',#2263,(#2266,#2272),.PCURVE_S1.);
#2263 = B_SPLINE_CURVE_WITH_KNOTS('',1,(#2264,#2265),.UNSPECIFIED.,.F.,
  .F.,(2,2),(0.,1.),.PIECEWISE_BEZIER_KNOTS.);
#2264 = CARTESIAN_POINT('',(42.026315789474,41.,5.));
#2265 = CARTESIAN_POINT('',(42.026315789474,-41.,5.));
#2266 = PCURVE('',#70,#2267);
#2267 = DEFINITIONAL_REPRESENTATION('',(#2268),#2271);
#2268 = B_SPLINE_CURVE_WITH_KNOTS('',1,(#2269,#2270),.UNSPECIFIED.,.F.,
  .F.,(2,2),(0.,1.),.PIECEWISE_BEZIER_KNOTS.);
#2269 = CARTESIAN_POINT('',(158.04633688165,2.631578947368E-02));
#2270 = CARTESIAN_POINT('',(1.953663118347,2.631578947368E-02));
#2271 = ( GEOMETRIC_REPRESENTATION_CONTEXT(2) 
PARAMETRIC_REPRESENTATION_CONTEXT() REPRESENTATION_CONTEXT('2D SPACE',''
  ) );
#2272 = PCURVE('',#2273,#2278);
#2273 = PLANE('',#2274);
#2274 = AXIS2_PLACEMENT_3D('',#2275,#2276,#2277);
#2275 = CARTESIAN_POINT('',(-49.,-41.,5.));
#2276 = DIRECTION('',(0.,0.,1.));
#2277 = DIRECTION('',(1.,0.,0.));
#2278 = DEFINITIONAL_REPRESENTATION('',(#2279),#2282);
#2279 = B_SPLINE_CURVE_WITH_KNOTS('',1,(#2280,#2281),.UNSPECIFIED.,.F.,
  .F.,(2,2),(0.,1.),.PIECEWISE_BEZIER_KNOTS.);
#2280 = CARTESIAN_POINT('',(91.026315789474,82.));
#2281 = CARTESIAN_POINT('',(91.026315789474,0.));
#2282 = ( GEOMETRIC_REPRESENTATION_CONTEXT(2) 
PARAMETRIC_REPRESENTATION_CONTEXT() REPRESENTATION_CONTEXT('2D SPACE',''
  ) );
#2283 = ORIENTED_EDGE('',*,*,#2284,.F.);
#2284 = EDGE_CURVE('',#485,#2260,#2285,.T.);
#2285 = SURFACE_CURVE('',#2286,(#2292,#2301),.PCURVE_S1.);
#2286 = B_SPLINE_CURVE_WITH_KNOTS('',4,(#2287,#2288,#2289,#2290,#2291),
  .UNSPECIFIED.,.F.,.F.,(5,5),(0.,1.),.PIECEWISE_BEZIER_KNOTS.);
#2287 = CARTESIAN_POINT('',(41.,41.,0.));
#2288 = CARTESIAN_POINT('',(41.255754922405,41.,1.245985519409));
#2289 = CARTESIAN_POINT('',(41.512077326964,41.,2.494735695467));
#2290 = CARTESIAN_POINT('',(41.768939388198,41.,3.746114968143));
#2291 = CARTESIAN_POINT('',(42.026315789474,41.,5.));
#2292 = PCURVE('',#70,#2293);
#2293 = DEFINITIONAL_REPRESENTATION('',(#2294),#2300);
#2294 = B_SPLINE_CURVE_WITH_KNOTS('',4,(#2295,#2296,#2297,#2298,#2299),
  .UNSPECIFIED.,.F.,.F.,(5,5),(0.,1.),.PIECEWISE_BEZIER_KNOTS.);
#2295 = CARTESIAN_POINT('',(160.,0.));
#2296 = CARTESIAN_POINT('',(159.50096600506,6.557818523205E-03));
#2297 = CARTESIAN_POINT('',(159.00912590775,1.313018787088E-02));
#2298 = CARTESIAN_POINT('',(158.52430610027,1.971639456917E-02));
#2299 = CARTESIAN_POINT('',(158.04633688165,2.631578947368E-02));
#2300 = ( GEOMETRIC_REPRESENTATION_CONTEXT(2) 
PARAMETRIC_REPRESENTATION_CONTEXT() REPRESENTATION_CONTEXT('2D SPACE',''
  ) );
#2301 = PCURVE('',#2302,#2307);
#2302 = PLANE('',#2303);
#2303 = AXIS2_PLACEMENT_3D('',#2304,#2305,#2306);
#2304 = CARTESIAN_POINT('',(-49.,41.,0.));
#2305 = DIRECTION('',(0.,1.,0.));
#2306 = DIRECTION('',(0.,0.,1.));
#2307 = DEFINITIONAL_REPRESENTATION('',(#2308),#2314);
#2308 = B_SPLINE_CURVE_WITH_KNOTS('',4,(#2309,#2310,#2311,#2312,#2313),
  .UNSPECIFIED.,.F.,.F.,(5,5),(0.,1.),.PIECEWISE_BEZIER_KNOTS.);
#2309 = CARTESIAN_POINT('',(0.,90.));
#2310 = CARTESIAN_POINT('',(1.245985519409,90.255754922405));
#2311 = CARTESIAN_POINT('',(2.494735695467,90.512077326964));
#2312 = CARTESIAN_POINT('',(3.746114968143,90.768939388198));
#2313 = CARTESIAN_POINT('',(5.,91.026315789474));
#2314 = ( GEOMETRIC_REPRESENTATION_CONTEXT(2) 
PARAMETRIC_REPRESENTATION_CONTEXT() REPRESENTATION_CONTEXT('2D SPACE',''
  ) );
#2315 = ORIENTED_EDGE('',*,*,#530,.T.);
#2316 = ORIENTED_EDGE('',*,*,#556,.F.);
#2317 = ADVANCED_FACE('',(#2318),#2245,.F.);
#2318 = FACE_BOUND('',#2319,.F.);
#2319 = EDGE_LOOP('',(#2320,#2343,#2344,#2367));
#2320 = ORIENTED_EDGE('',*,*,#2321,.F.);
#2321 = EDGE_CURVE('',#24,#2322,#2324,.T.);
#2322 = VERTEX_POINT('',#2323);
#2323 = CARTESIAN_POINT('',(49.,-41.,0.));
#2324 = SURFACE_CURVE('',#2325,(#2329,#2336),.PCURVE_S1.);
#2325 = LINE('',#2326,#2327);
#2326 = CARTESIAN_POINT('',(-49.,-41.,0.));
#2327 = VECTOR('',#2328,1.);
#2328 = DIRECTION('',(1.,0.,0.));
#2329 = PCURVE('',#2245,#2330);
#2330 = DEFINITIONAL_REPRESENTATION('',(#2331),#2335);
#2331 = LINE('',#2332,#2333);
#2332 = CARTESIAN_POINT('',(0.,0.));
#2333 = VECTOR('',#2334,1.);
#2334 = DIRECTION('',(0.,1.));
#2335 = ( GEOMETRIC_REPRESENTATION_CONTEXT(2) 
PARAMETRIC_REPRESENTATION_CONTEXT() REPRESENTATION_CONTEXT('2D SPACE',''
  ) );
#2336 = PCURVE('',#43,#2337);
#2337 = DEFINITIONAL_REPRESENTATION('',(#2338),#2342);
#2338 = LINE('',#2339,#2340);
#2339 = CARTESIAN_POINT('',(-5.656854249492,-5.656854249492));
#2340 = VECTOR('',#2341,1.);
#2341 = DIRECTION('',(0.707106781187,0.707106781187));
#2342 = ( GEOMETRIC_REPRESENTATION_CONTEXT(2) 
PARAMETRIC_REPRESENTATION_CONTEXT() REPRESENTATION_CONTEXT('2D SPACE',''
  ) );
#2343 = ORIENTED_EDGE('',*,*,#2225,.T.);
#2344 = ORIENTED_EDGE('',*,*,#2345,.T.);
#2345 = EDGE_CURVE('',#2226,#2346,#2348,.T.);
#2346 = VERTEX_POINT('',#2347);
#2347 = CARTESIAN_POINT('',(49.,-41.,5.));
#2348 = SURFACE_CURVE('',#2349,(#2353,#2360),.PCURVE_S1.);
#2349 = LINE('',#2350,#2351);
#2350 = CARTESIAN_POINT('',(-49.,-41.,5.));
#2351 = VECTOR('',#2352,1.);
#2352 = DIRECTION('',(1.,0.,0.));
#2353 = PCURVE('',#2245,#2354);
#2354 = DEFINITIONAL_REPRESENTATION('',(#2355),#2359);
#2355 = LINE('',#2356,#2357);
#2356 = CARTESIAN_POINT('',(5.,0.));
#2357 = VECTOR('',#2358,1.);
#2358 = DIRECTION('',(0.,1.));
#2359 = ( GEOMETRIC_REPRESENTATION_CONTEXT(2) 
PARAMETRIC_REPRESENTATION_CONTEXT() REPRESENTATION_CONTEXT('2D SPACE',''
  ) );
#2360 = PCURVE('',#2273,#2361);
#2361 = DEFINITIONAL_REPRESENTATION('',(#2362),#2366);
#2362 = LINE('',#2363,#2364);
#2363 = CARTESIAN_POINT('',(0.,0.));
#2364 = VECTOR('',#2365,1.);
#2365 = DIRECTION('',(1.,0.));
#2366 = ( GEOMETRIC_REPRESENTATION_CONTEXT(2) 
PARAMETRIC_REPRESENTATION_CONTEXT() REPRESENTATION_CONTEXT('2D SPACE',''
  ) );
#2367 = ORIENTED_EDGE('',*,*,#2368,.F.);
#2368 = EDGE_CURVE('',#2322,#2346,#2369,.T.);
#2369 = SURFACE_CURVE('',#2370,(#2374,#2381),.PCURVE_S1.);
#2370 = LINE('',#2371,#2372);
#2371 = CARTESIAN_POINT('',(49.,-41.,0.));
#2372 = VECTOR('',#2373,1.);
#2373 = DIRECTION('',(0.,0.,1.));
#2374 = PCURVE('',#2245,#2375);
#2375 = DEFINITIONAL_REPRESENTATION('',(#2376),#2380);
#2376 = LINE('',#2377,#2378);
#2377 = CARTESIAN_POINT('',(0.,98.));
#2378 = VECTOR('',#2379,1.);
#2379 = DIRECTION('',(1.,0.));
#2380 = ( GEOMETRIC_REPRESENTATION_CONTEXT(2) 
PARAMETRIC_REPRESENTATION_CONTEXT() REPRESENTATION_CONTEXT('2D SPACE',''
  ) );
#2381 = PCURVE('',#2382,#2387);
#2382 = PLANE('',#2383);
#2383 = AXIS2_PLACEMENT_3D('',#2384,#2385,#2386);
#2384 = CARTESIAN_POINT('',(49.,-41.,0.));
#2385 = DIRECTION('',(1.,0.,0.));
#2386 = DIRECTION('',(0.,0.,1.));
#2387 = DEFINITIONAL_REPRESENTATION('',(#2388),#2392);
#2388 = LINE('',#2389,#2390);
#2389 = CARTESIAN_POINT('',(0.,0.));
#2390 = VECTOR('',#2391,1.);
#2391 = DIRECTION('',(1.,0.));
#2392 = ( GEOMETRIC_REPRESENTATION_CONTEXT(2) 
PARAMETRIC_REPRESENTATION_CONTEXT() REPRESENTATION_CONTEXT('2D SPACE',''
  ) );
#2393 = ADVANCED_FACE('',(#2394),#2382,.T.);
#2394 = FACE_BOUND('',#2395,.T.);
#2395 = EDGE_LOOP('',(#2396,#2397,#2420,#2443));
#2396 = ORIENTED_EDGE('',*,*,#2368,.F.);
#2397 = ORIENTED_EDGE('',*,*,#2398,.T.);
#2398 = EDGE_CURVE('',#2322,#2399,#2401,.T.);
#2399 = VERTEX_POINT('',#2400);
#2400 = CARTESIAN_POINT('',(49.,41.,0.));
#2401 = SURFACE_CURVE('',#2402,(#2406,#2413),.PCURVE_S1.);
#2402 = LINE('',#2403,#2404);
#2403 = CARTESIAN_POINT('',(49.,-41.,0.));
#2404 = VECTOR('',#2405,1.);
#2405 = DIRECTION('',(0.,1.,0.));
#2406 = PCURVE('',#2382,#2407);
#2407 = DEFINITIONAL_REPRESENTATION('',(#2408),#2412);
#2408 = LINE('',#2409,#2410);
#2409 = CARTESIAN_POINT('',(0.,0.));
#2410 = VECTOR('',#2411,1.);
#2411 = DIRECTION('',(0.,-1.));
#2412 = ( GEOMETRIC_REPRESENTATION_CONTEXT(2) 
PARAMETRIC_REPRESENTATION_CONTEXT() REPRESENTATION_CONTEXT('2D SPACE',''
  ) );
#2413 = PCURVE('',#43,#2414);
#2414 = DEFINITIONAL_REPRESENTATION('',(#2415),#2419);
#2415 = LINE('',#2416,#2417);
#2416 = CARTESIAN_POINT('',(63.639610306789,63.639610306789));
#2417 = VECTOR('',#2418,1.);
#2418 = DIRECTION('',(0.707106781187,-0.707106781187));
#2419 = ( GEOMETRIC_REPRESENTATION_CONTEXT(2) 
PARAMETRIC_REPRESENTATION_CONTEXT() REPRESENTATION_CONTEXT('2D SPACE',''
  ) );
#2420 = ORIENTED_EDGE('',*,*,#2421,.T.);
#2421 = EDGE_CURVE('',#2399,#2422,#2424,.T.);
#2422 = VERTEX_POINT('',#2423);
#2423 = CARTESIAN_POINT('',(49.,41.,5.));
#2424 = SURFACE_CURVE('',#2425,(#2429,#2436),.PCURVE_S1.);
#2425 = LINE('',#2426,#2427);
#2426 = CARTESIAN_POINT('',(49.,41.,0.));
#2427 = VECTOR('',#2428,1.);
#2428 = DIRECTION('',(0.,0.,1.));
#2429 = PCURVE('',#2382,#2430);
#2430 = DEFINITIONAL_REPRESENTATION('',(#2431),#2435);
#2431 = LINE('',#2432,#2433);
#2432 = CARTESIAN_POINT('',(0.,-82.));
#2433 = VECTOR('',#2434,1.);
#2434 = DIRECTION('',(1.,0.));
#2435 = ( GEOMETRIC_REPRESENTATION_CONTEXT(2) 
PARAMETRIC_REPRESENTATION_CONTEXT() REPRESENTATION_CONTEXT('2D SPACE',''
  ) );
#2436 = PCURVE('',#2302,#2437);
#2437 = DEFINITIONAL_REPRESENTATION('',(#2438),#2442);
#2438 = LINE('',#2439,#2440);
#2439 = CARTESIAN_POINT('',(0.,98.));
#2440 = VECTOR('',#2441,1.);
#2441 = DIRECTION('',(1.,0.));
#2442 = ( GEOMETRIC_REPRESENTATION_CONTEXT(2) 
PARAMETRIC_REPRESENTATION_CONTEXT() REPRESENTATION_CONTEXT('2D SPACE',''
  ) );
#2443 = ORIENTED_EDGE('',*,*,#2444,.F.);
#2444 = EDGE_CURVE('',#2346,#2422,#2445,.T.);
#2445 = SURFACE_CURVE('',#2446,(#2450,#2457),.PCURVE_S1.);
#2446 = LINE('',#2447,#2448);
#2447 = CARTESIAN_POINT('',(49.,-41.,5.));
#2448 = VECTOR('',#2449,1.);
#2449 = DIRECTION('',(0.,1.,0.));
#2450 = PCURVE('',#2382,#2451);
#2451 = DEFINITIONAL_REPRESENTATION('',(#2452),#2456);
#2452 = LINE('',#2453,#2454);
#2453 = CARTESIAN_POINT('',(5.,0.));
#2454 = VECTOR('',#2455,1.);
#2455 = DIRECTION('',(0.,-1.));
#2456 = ( GEOMETRIC_REPRESENTATION_CONTEXT(2) 
PARAMETRIC_REPRESENTATION_CONTEXT() REPRESENTATION_CONTEXT('2D SPACE',''
  ) );
#2457 = PCURVE('',#2273,#2458);
#2458 = DEFINITIONAL_REPRESENTATION('',(#2459),#2463);
#2459 = LINE('',#2460,#2461);
#2460 = CARTESIAN_POINT('',(98.,0.));
#2461 = VECTOR('',#2462,1.);
#2462 = DIRECTION('',(0.,1.));
#2463 = ( GEOMETRIC_REPRESENTATION_CONTEXT(2) 
PARAMETRIC_REPRESENTATION_CONTEXT() REPRESENTATION_CONTEXT('2D SPACE',''
  ) );
#2464 = ADVANCED_FACE('',(#2465),#2273,.T.);
#2465 = FACE_BOUND('',#2466,.T.);
#2466 = EDGE_LOOP('',(#2467,#2488,#2489,#2490));
#2467 = ORIENTED_EDGE('',*,*,#2468,.F.);
#2468 = EDGE_CURVE('',#2260,#2422,#2469,.T.);
#2469 = SURFACE_CURVE('',#2470,(#2474,#2481),.PCURVE_S1.);
#2470 = LINE('',#2471,#2472);
#2471 = CARTESIAN_POINT('',(-49.,41.,5.));
#2472 = VECTOR('',#2473,1.);
#2473 = DIRECTION('',(1.,0.,0.));
#2474 = PCURVE('',#2273,#2475);
#2475 = DEFINITIONAL_REPRESENTATION('',(#2476),#2480);
#2476 = LINE('',#2477,#2478);
#2477 = CARTESIAN_POINT('',(0.,82.));
#2478 = VECTOR('',#2479,1.);
#2479 = DIRECTION('',(1.,0.));
#2480 = ( GEOMETRIC_REPRESENTATION_CONTEXT(2) 
PARAMETRIC_REPRESENTATION_CONTEXT() REPRESENTATION_CONTEXT('2D SPACE',''
  ) );
#2481 = PCURVE('',#2302,#2482);
#2482 = DEFINITIONAL_REPRESENTATION('',(#2483),#2487);
#2483 = LINE('',#2484,#2485);
#2484 = CARTESIAN_POINT('',(5.,0.));
#2485 = VECTOR('',#2486,1.);
#2486 = DIRECTION('',(0.,1.));
#2487 = ( GEOMETRIC_REPRESENTATION_CONTEXT(2) 
PARAMETRIC_REPRESENTATION_CONTEXT() REPRESENTATION_CONTEXT('2D SPACE',''
  ) );
#2488 = ORIENTED_EDGE('',*,*,#2259,.T.);
#2489 = ORIENTED_EDGE('',*,*,#2345,.T.);
#2490 = ORIENTED_EDGE('',*,*,#2444,.T.);
#2491 = ADVANCED_FACE('',(#2492),#2302,.T.);
#2492 = FACE_BOUND('',#2493,.T.);
#2493 = EDGE_LOOP('',(#2494,#2515,#2516,#2517));
#2494 = ORIENTED_EDGE('',*,*,#2495,.F.);
#2495 = EDGE_CURVE('',#485,#2399,#2496,.T.);
#2496 = SURFACE_CURVE('',#2497,(#2501,#2508),.PCURVE_S1.);
#2497 = LINE('',#2498,#2499);
#2498 = CARTESIAN_POINT('',(-49.,41.,0.));
#2499 = VECTOR('',#2500,1.);
#2500 = DIRECTION('',(1.,0.,0.));
#2501 = PCURVE('',#2302,#2502);
#2502 = DEFINITIONAL_REPRESENTATION('',(#2503),#2507);
#2503 = LINE('',#2504,#2505);
#2504 = CARTESIAN_POINT('',(0.,0.));
#2505 = VECTOR('',#2506,1.);
#2506 = DIRECTION('',(0.,1.));
#2507 = ( GEOMETRIC_REPRESENTATION_CONTEXT(2) 
PARAMETRIC_REPRESENTATION_CONTEXT() REPRESENTATION_CONTEXT('2D SPACE',''
  ) );
#2508 = PCURVE('',#43,#2509);
#2509 = DEFINITIONAL_REPRESENTATION('',(#2510),#2514);
#2510 = LINE('',#2511,#2512);
#2511 = CARTESIAN_POINT('',(52.325901807805,-63.63961030678));
#2512 = VECTOR('',#2513,1.);
#2513 = DIRECTION('',(0.707106781187,0.707106781187));
#2514 = ( GEOMETRIC_REPRESENTATION_CONTEXT(2) 
PARAMETRIC_REPRESENTATION_CONTEXT() REPRESENTATION_CONTEXT('2D SPACE',''
  ) );
#2515 = ORIENTED_EDGE('',*,*,#2284,.T.);
#2516 = ORIENTED_EDGE('',*,*,#2468,.T.);
#2517 = ORIENTED_EDGE('',*,*,#2421,.F.);
#2518 = ADVANCED_FACE('',(#2519,#2529,#2587,#2645,#2707,#2769),#43,.T.);
#2519 = FACE_BOUND('',#2520,.T.);
#2520 = EDGE_LOOP('',(#2521,#2522,#2523,#2524,#2525,#2526,#2527,#2528));
#2521 = ORIENTED_EDGE('',*,*,#21,.F.);
#2522 = ORIENTED_EDGE('',*,*,#457,.F.);
#2523 = ORIENTED_EDGE('',*,*,#384,.T.);
#2524 = ORIENTED_EDGE('',*,*,#283,.T.);
#2525 = ORIENTED_EDGE('',*,*,#484,.F.);
#2526 = ORIENTED_EDGE('',*,*,#2495,.T.);
#2527 = ORIENTED_EDGE('',*,*,#2398,.F.);
#2528 = ORIENTED_EDGE('',*,*,#2321,.F.);
#2529 = FACE_BOUND('',#2530,.T.);
#2530 = EDGE_LOOP('',(#2531,#2562));
#2531 = ORIENTED_EDGE('',*,*,#2532,.F.);
#2532 = EDGE_CURVE('',#2533,#2535,#2537,.T.);
#2533 = VERTEX_POINT('',#2534);
#2534 = CARTESIAN_POINT('',(41.,31.374772708487,0.));
#2535 = VERTEX_POINT('',#2536);
#2536 = CARTESIAN_POINT('',(41.,28.625227291513,0.));
#2537 = SURFACE_CURVE('',#2538,(#2543,#2550),.PCURVE_S1.);
#2538 = CIRCLE('',#2539,1.7);
#2539 = AXIS2_PLACEMENT_3D('',#2540,#2541,#2542);
#2540 = CARTESIAN_POINT('',(40.,30.,0.));
#2541 = DIRECTION('',(0.,0.,-1.));
#2542 = DIRECTION('',(-1.,0.,0.));
#2543 = PCURVE('',#43,#2544);
#2544 = DEFINITIONAL_REPRESENTATION('',(#2545),#2549);
#2545 = CIRCLE('',#2546,1.7);
#2546 = AXIS2_PLACEMENT_2D('',#2547,#2548);
#2547 = CARTESIAN_POINT('',(107.48023074035,7.071067811865));
#2548 = DIRECTION('',(-0.707106781187,-0.707106781187));
#2549 = ( GEOMETRIC_REPRESENTATION_CONTEXT(2) 
PARAMETRIC_REPRESENTATION_CONTEXT() REPRESENTATION_CONTEXT('2D SPACE',''
  ) );
#2550 = PCURVE('',#2551,#2556);
#2551 = CYLINDRICAL_SURFACE('',#2552,1.7);
#2552 = AXIS2_PLACEMENT_3D('',#2553,#2554,#2555);
#2553 = CARTESIAN_POINT('',(40.,30.,5.));
#2554 = DIRECTION('',(0.,0.,-1.));
#2555 = DIRECTION('',(-1.,0.,0.));
#2556 = DEFINITIONAL_REPRESENTATION('',(#2557),#2561);
#2557 = LINE('',#2558,#2559);
#2558 = CARTESIAN_POINT('',(0.,5.));
#2559 = VECTOR('',#2560,1.);
#2560 = DIRECTION('',(1.,0.));
#2561 = ( GEOMETRIC_REPRESENTATION_CONTEXT(2) 
PARAMETRIC_REPRESENTATION_CONTEXT() REPRESENTATION_CONTEXT('2D SPACE',''
  ) );
#2562 = ORIENTED_EDGE('',*,*,#2563,.F.);
#2563 = EDGE_CURVE('',#2535,#2533,#2564,.T.);
#2564 = SURFACE_CURVE('',#2565,(#2569,#2576),.PCURVE_S1.);
#2565 = LINE('',#2566,#2567);
#2566 = CARTESIAN_POINT('',(41.,-41.,0.));
#2567 = VECTOR('',#2568,1.);
#2568 = DIRECTION('',(0.,1.,0.));
#2569 = PCURVE('',#43,#2570);
#2570 = DEFINITIONAL_REPRESENTATION('',(#2571),#2575);
#2571 = LINE('',#2572,#2573);
#2572 = CARTESIAN_POINT('',(57.982756057297,57.982756057297));
#2573 = VECTOR('',#2574,1.);
#2574 = DIRECTION('',(0.707106781187,-0.707106781187));
#2575 = ( GEOMETRIC_REPRESENTATION_CONTEXT(2) 
PARAMETRIC_REPRESENTATION_CONTEXT() REPRESENTATION_CONTEXT('2D SPACE',''
  ) );
#2576 = PCURVE('',#2577,#2582);
#2577 = B_SPLINE_SURFACE_WITH_KNOTS('',1,1,(
    (#2578,#2579)
    ,(#2580,#2581
    )),.UNSPECIFIED.,.F.,.F.,.F.,(2,2),(2,2),(0.,160.),(0.,1.),
  .PIECEWISE_BEZIER_KNOTS.);
#2578 = CARTESIAN_POINT('',(41.,-41.,0.));
#2579 = CARTESIAN_POINT('',(80.,-80.,190.));
#2580 = CARTESIAN_POINT('',(41.,41.,0.));
#2581 = CARTESIAN_POINT('',(80.,80.,190.));
#2582 = DEFINITIONAL_REPRESENTATION('',(#2583),#2586);
#2583 = B_SPLINE_CURVE_WITH_KNOTS('',1,(#2584,#2585),.UNSPECIFIED.,.F.,
  .F.,(2,2),(0.,82.),.PIECEWISE_BEZIER_KNOTS.);
#2584 = CARTESIAN_POINT('',(0.,0.));
#2585 = CARTESIAN_POINT('',(160.,0.));
#2586 = ( GEOMETRIC_REPRESENTATION_CONTEXT(2) 
PARAMETRIC_REPRESENTATION_CONTEXT() REPRESENTATION_CONTEXT('2D SPACE',''
  ) );
#2587 = FACE_BOUND('',#2588,.T.);
#2588 = EDGE_LOOP('',(#2589,#2620));
#2589 = ORIENTED_EDGE('',*,*,#2590,.F.);
#2590 = EDGE_CURVE('',#2591,#2593,#2595,.T.);
#2591 = VERTEX_POINT('',#2592);
#2592 = CARTESIAN_POINT('',(41.,-28.62522729151,0.));
#2593 = VERTEX_POINT('',#2594);
#2594 = CARTESIAN_POINT('',(41.,-31.37477270848,0.));
#2595 = SURFACE_CURVE('',#2596,(#2601,#2608),.PCURVE_S1.);
#2596 = CIRCLE('',#2597,1.7);
#2597 = AXIS2_PLACEMENT_3D('',#2598,#2599,#2600);
#2598 = CARTESIAN_POINT('',(40.,-30.,0.));
#2599 = DIRECTION('',(0.,0.,-1.));
#2600 = DIRECTION('',(-1.,0.,0.));
#2601 = PCURVE('',#43,#2602);
#2602 = DEFINITIONAL_REPRESENTATION('',(#2603),#2607);
#2603 = CIRCLE('',#2604,1.7);
#2604 = AXIS2_PLACEMENT_2D('',#2605,#2606);
#2605 = CARTESIAN_POINT('',(65.053823869162,49.497474683058));
#2606 = DIRECTION('',(-0.707106781187,-0.707106781187));
#2607 = ( GEOMETRIC_REPRESENTATION_CONTEXT(2) 
PARAMETRIC_REPRESENTATION_CONTEXT() REPRESENTATION_CONTEXT('2D SPACE',''
  ) );
#2608 = PCURVE('',#2609,#2614);
#2609 = CYLINDRICAL_SURFACE('',#2610,1.7);
#2610 = AXIS2_PLACEMENT_3D('',#2611,#2612,#2613);
#2611 = CARTESIAN_POINT('',(40.,-30.,5.));
#2612 = DIRECTION('',(0.,0.,-1.));
#2613 = DIRECTION('',(-1.,0.,0.));
#2614 = DEFINITIONAL_REPRESENTATION('',(#2615),#2619);
#2615 = LINE('',#2616,#2617);
#2616 = CARTESIAN_POINT('',(0.,5.));
#2617 = VECTOR('',#2618,1.);
#2618 = DIRECTION('',(1.,0.));
#2619 = ( GEOMETRIC_REPRESENTATION_CONTEXT(2) 
PARAMETRIC_REPRESENTATION_CONTEXT() REPRESENTATION_CONTEXT('2D SPACE',''
  ) );
#2620 = ORIENTED_EDGE('',*,*,#2621,.F.);
#2621 = EDGE_CURVE('',#2593,#2591,#2622,.T.);
#2622 = SURFACE_CURVE('',#2623,(#2627,#2634),.PCURVE_S1.);
#2623 = LINE('',#2624,#2625);
#2624 = CARTESIAN_POINT('',(41.,-41.,0.));
#2625 = VECTOR('',#2626,1.);
#2626 = DIRECTION('',(0.,1.,0.));
#2627 = PCURVE('',#43,#2628);
#2628 = DEFINITIONAL_REPRESENTATION('',(#2629),#2633);
#2629 = LINE('',#2630,#2631);
#2630 = CARTESIAN_POINT('',(57.982756057297,57.982756057297));
#2631 = VECTOR('',#2632,1.);
#2632 = DIRECTION('',(0.707106781187,-0.707106781187));
#2633 = ( GEOMETRIC_REPRESENTATION_CONTEXT(2) 
PARAMETRIC_REPRESENTATION_CONTEXT() REPRESENTATION_CONTEXT('2D SPACE',''
  ) );
#2634 = PCURVE('',#2635,#2640);
#2635 = B_SPLINE_SURFACE_WITH_KNOTS('',1,1,(
    (#2636,#2637)
    ,(#2638,#2639
    )),.UNSPECIFIED.,.F.,.F.,.F.,(2,2),(2,2),(0.,160.),(0.,1.),
  .PIECEWISE_BEZIER_KNOTS.);
#2636 = CARTESIAN_POINT('',(41.,-41.,0.));
#2637 = CARTESIAN_POINT('',(80.,-80.,190.));
#2638 = CARTESIAN_POINT('',(41.,41.,0.));
#2639 = CARTESIAN_POINT('',(80.,80.,190.));
#2640 = DEFINITIONAL_REPRESENTATION('',(#2641),#2644);
#2641 = B_SPLINE_CURVE_WITH_KNOTS('',1,(#2642,#2643),.UNSPECIFIED.,.F.,
  .F.,(2,2),(0.,82.),.PIECEWISE_BEZIER_KNOTS.);
#2642 = CARTESIAN_POINT('',(0.,0.));
#2643 = CARTESIAN_POINT('',(160.,0.));
#2644 = ( GEOMETRIC_REPRESENTATION_CONTEXT(2) 
PARAMETRIC_REPRESENTATION_CONTEXT() REPRESENTATION_CONTEXT('2D SPACE',''
  ) );
#2645 = FACE_BOUND('',#2646,.T.);
#2646 = EDGE_LOOP('',(#2647,#2682));
#2647 = ORIENTED_EDGE('',*,*,#2648,.T.);
#2648 = EDGE_CURVE('',#2649,#2651,#2653,.T.);
#2649 = VERTEX_POINT('',#2650);
#2650 = CARTESIAN_POINT('',(-41.,31.374772708487,0.));
#2651 = VERTEX_POINT('',#2652);
#2652 = CARTESIAN_POINT('',(-41.,28.625227291513,0.));
#2653 = SURFACE_CURVE('',#2654,(#2659,#2670),.PCURVE_S1.);
#2654 = CIRCLE('',#2655,1.7);
#2655 = AXIS2_PLACEMENT_3D('',#2656,#2657,#2658);
#2656 = CARTESIAN_POINT('',(-40.,30.,0.));
#2657 = DIRECTION('',(0.,0.,1.));
#2658 = DIRECTION('',(-0.588235294118,0.808689828522,0.));
#2659 = PCURVE('',#43,#2660);
#2660 = DEFINITIONAL_REPRESENTATION('',(#2661),#2669);
#2661 = ( BOUNDED_CURVE() B_SPLINE_CURVE(2,(#2662,#2663,#2664,#2665,
#2666,#2667,#2668),.UNSPECIFIED.,.T.,.F.) B_SPLINE_CURVE_WITH_KNOTS((1,2
    ,2,2,2,1),(-2.094395102393,0.,2.094395102393,4.188790204786,
6.28318530718,8.377580409573),.UNSPECIFIED.) CURVE() 
GEOMETRIC_REPRESENTATION_ITEM() RATIONAL_B_SPLINE_CURVE((1.,0.5,1.,0.5,
1.,0.5,1.)) REPRESENTATION_ITEM('') );
#2662 = CARTESIAN_POINT('',(51.176692569006,-51.176692569));
#2663 = CARTESIAN_POINT('',(48.268201873566,-51.63569352166));
#2664 = CARTESIAN_POINT('',(49.324940735924,-48.88736621641));
#2665 = CARTESIAN_POINT('',(50.381679598282,-46.13903891116));
#2666 = CARTESIAN_POINT('',(52.233431431364,-48.42836526375));
#2667 = CARTESIAN_POINT('',(54.085183264446,-50.71769161634));
#2668 = CARTESIAN_POINT('',(51.176692569006,-51.176692569));
#2669 = ( GEOMETRIC_REPRESENTATION_CONTEXT(2) 
PARAMETRIC_REPRESENTATION_CONTEXT() REPRESENTATION_CONTEXT('2D SPACE',''
  ) );
#2670 = PCURVE('',#2671,#2676);
#2671 = CYLINDRICAL_SURFACE('',#2672,1.7);
#2672 = AXIS2_PLACEMENT_3D('',#2673,#2674,#2675);
#2673 = CARTESIAN_POINT('',(-40.,30.,5.));
#2674 = DIRECTION('',(0.,0.,-1.));
#2675 = DIRECTION('',(-1.,0.,0.));
#2676 = DEFINITIONAL_REPRESENTATION('',(#2677),#2681);
#2677 = LINE('',#2678,#2679);
#2678 = CARTESIAN_POINT('',(7.225106708479,5.));
#2679 = VECTOR('',#2680,1.);
#2680 = DIRECTION('',(-1.,-0.));
#2681 = ( GEOMETRIC_REPRESENTATION_CONTEXT(2) 
PARAMETRIC_REPRESENTATION_CONTEXT() REPRESENTATION_CONTEXT('2D SPACE',''
  ) );
#2682 = ORIENTED_EDGE('',*,*,#2683,.F.);
#2683 = EDGE_CURVE('',#2649,#2651,#2684,.T.);
#2684 = SURFACE_CURVE('',#2685,(#2689,#2696),.PCURVE_S1.);
#2685 = LINE('',#2686,#2687);
#2686 = CARTESIAN_POINT('',(-41.,41.,0.));
#2687 = VECTOR('',#2688,1.);
#2688 = DIRECTION('',(0.,-1.,0.));
#2689 = PCURVE('',#43,#2690);
#2690 = DEFINITIONAL_REPRESENTATION('',(#2691),#2695);
#2691 = LINE('',#2692,#2693);
#2692 = CARTESIAN_POINT('',(57.982756057297,-57.98275605729));
#2693 = VECTOR('',#2694,1.);
#2694 = DIRECTION('',(-0.707106781187,0.707106781187));
#2695 = ( GEOMETRIC_REPRESENTATION_CONTEXT(2) 
PARAMETRIC_REPRESENTATION_CONTEXT() REPRESENTATION_CONTEXT('2D SPACE',''
  ) );
#2696 = PCURVE('',#2697,#2702);
#2697 = B_SPLINE_SURFACE_WITH_KNOTS('',1,1,(
    (#2698,#2699)
    ,(#2700,#2701
    )),.UNSPECIFIED.,.F.,.F.,.F.,(2,2),(2,2),(0.,160.),(0.,1.),
  .PIECEWISE_BEZIER_KNOTS.);
#2698 = CARTESIAN_POINT('',(-41.,41.,0.));
#2699 = CARTESIAN_POINT('',(-80.,80.,190.));
#2700 = CARTESIAN_POINT('',(-41.,-41.,0.));
#2701 = CARTESIAN_POINT('',(-80.,-80.,190.));
#2702 = DEFINITIONAL_REPRESENTATION('',(#2703),#2706);
#2703 = B_SPLINE_CURVE_WITH_KNOTS('',1,(#2704,#2705),.UNSPECIFIED.,.F.,
  .F.,(2,2),(0.,82.),.PIECEWISE_BEZIER_KNOTS.);
#2704 = CARTESIAN_POINT('',(0.,0.));
#2705 = CARTESIAN_POINT('',(160.,0.));
#2706 = ( GEOMETRIC_REPRESENTATION_CONTEXT(2) 
PARAMETRIC_REPRESENTATION_CONTEXT() REPRESENTATION_CONTEXT('2D SPACE',''
  ) );
#2707 = FACE_BOUND('',#2708,.T.);
#2708 = EDGE_LOOP('',(#2709,#2744));
#2709 = ORIENTED_EDGE('',*,*,#2710,.T.);
#2710 = EDGE_CURVE('',#2711,#2713,#2715,.T.);
#2711 = VERTEX_POINT('',#2712);
#2712 = CARTESIAN_POINT('',(-41.,-28.62522729151,0.));
#2713 = VERTEX_POINT('',#2714);
#2714 = CARTESIAN_POINT('',(-41.,-31.37477270848,0.));
#2715 = SURFACE_CURVE('',#2716,(#2721,#2732),.PCURVE_S1.);
#2716 = CIRCLE('',#2717,1.7);
#2717 = AXIS2_PLACEMENT_3D('',#2718,#2719,#2720);
#2718 = CARTESIAN_POINT('',(-40.,-30.,0.));
#2719 = DIRECTION('',(0.,0.,1.));
#2720 = DIRECTION('',(-0.588235294118,0.808689828522,0.));
#2721 = PCURVE('',#43,#2722);
#2722 = DEFINITIONAL_REPRESENTATION('',(#2723),#2731);
#2723 = ( BOUNDED_CURVE() B_SPLINE_CURVE(2,(#2724,#2725,#2726,#2727,
#2728,#2729,#2730),.UNSPECIFIED.,.T.,.F.) B_SPLINE_CURVE_WITH_KNOTS((1,2
    ,2,2,2,1),(-2.094395102393,0.,2.094395102393,4.188790204786,
6.28318530718,8.377580409573),.UNSPECIFIED.) CURVE() 
GEOMETRIC_REPRESENTATION_ITEM() RATIONAL_B_SPLINE_CURVE((1.,0.5,1.,0.5,
1.,0.5,1.)) REPRESENTATION_ITEM('') );
#2724 = CARTESIAN_POINT('',(8.750285697813,-8.750285697813));
#2725 = CARTESIAN_POINT('',(5.841795002373,-9.20928665047));
#2726 = CARTESIAN_POINT('',(6.898533864731,-6.46095934522));
#2727 = CARTESIAN_POINT('',(7.955272727089,-3.71263203997));
#2728 = CARTESIAN_POINT('',(9.807024560171,-6.001958392563));
#2729 = CARTESIAN_POINT('',(11.658776393253,-8.291284745156));
#2730 = CARTESIAN_POINT('',(8.750285697813,-8.750285697813));
#2731 = ( GEOMETRIC_REPRESENTATION_CONTEXT(2) 
PARAMETRIC_REPRESENTATION_CONTEXT() REPRESENTATION_CONTEXT('2D SPACE',''
  ) );
#2732 = PCURVE('',#2733,#2738);
#2733 = CYLINDRICAL_SURFACE('',#2734,1.7);
#2734 = AXIS2_PLACEMENT_3D('',#2735,#2736,#2737);
#2735 = CARTESIAN_POINT('',(-40.,-30.,5.));
#2736 = DIRECTION('',(0.,0.,-1.));
#2737 = DIRECTION('',(-1.,0.,0.));
#2738 = DEFINITIONAL_REPRESENTATION('',(#2739),#2743);
#2739 = LINE('',#2740,#2741);
#2740 = CARTESIAN_POINT('',(7.225106708479,5.));
#2741 = VECTOR('',#2742,1.);
#2742 = DIRECTION('',(-1.,-0.));
#2743 = ( GEOMETRIC_REPRESENTATION_CONTEXT(2) 
PARAMETRIC_REPRESENTATION_CONTEXT() REPRESENTATION_CONTEXT('2D SPACE',''
  ) );
#2744 = ORIENTED_EDGE('',*,*,#2745,.F.);
#2745 = EDGE_CURVE('',#2711,#2713,#2746,.T.);
#2746 = SURFACE_CURVE('',#2747,(#2751,#2758),.PCURVE_S1.);
#2747 = LINE('',#2748,#2749);
#2748 = CARTESIAN_POINT('',(-41.,41.,0.));
#2749 = VECTOR('',#2750,1.);
#2750 = DIRECTION('',(0.,-1.,0.));
#2751 = PCURVE('',#43,#2752);
#2752 = DEFINITIONAL_REPRESENTATION('',(#2753),#2757);
#2753 = LINE('',#2754,#2755);
#2754 = CARTESIAN_POINT('',(57.982756057297,-57.98275605729));
#2755 = VECTOR('',#2756,1.);
#2756 = DIRECTION('',(-0.707106781187,0.707106781187));
#2757 = ( GEOMETRIC_REPRESENTATION_CONTEXT(2) 
PARAMETRIC_REPRESENTATION_CONTEXT() REPRESENTATION_CONTEXT('2D SPACE',''
  ) );
#2758 = PCURVE('',#2759,#2764);
#2759 = B_SPLINE_SURFACE_WITH_KNOTS('',1,1,(
    (#2760,#2761)
    ,(#2762,#2763
    )),.UNSPECIFIED.,.F.,.F.,.F.,(2,2),(2,2),(0.,160.),(0.,1.),
  .PIECEWISE_BEZIER_KNOTS.);
#2760 = CARTESIAN_POINT('',(-41.,41.,0.));
#2761 = CARTESIAN_POINT('',(-80.,80.,190.));
#2762 = CARTESIAN_POINT('',(-41.,-41.,0.));
#2763 = CARTESIAN_POINT('',(-80.,-80.,190.));
#2764 = DEFINITIONAL_REPRESENTATION('',(#2765),#2768);
#2765 = B_SPLINE_CURVE_WITH_KNOTS('',1,(#2766,#2767),.UNSPECIFIED.,.F.,
  .F.,(2,2),(0.,82.),.PIECEWISE_BEZIER_KNOTS.);
#2766 = CARTESIAN_POINT('',(0.,0.));
#2767 = CARTESIAN_POINT('',(160.,0.));
#2768 = ( GEOMETRIC_REPRESENTATION_CONTEXT(2) 
PARAMETRIC_REPRESENTATION_CONTEXT() REPRESENTATION_CONTEXT('2D SPACE',''
  ) );
#2769 = FACE_BOUND('',#2770,.T.);
#2770 = EDGE_LOOP('',(#2771,#2772,#2773,#2774));
#2771 = ORIENTED_EDGE('',*,*,#1814,.T.);
#2772 = ORIENTED_EDGE('',*,*,#1740,.T.);
#2773 = ORIENTED_EDGE('',*,*,#1692,.T.);
#2774 = ORIENTED_EDGE('',*,*,#1788,.T.);
#2775 = ADVANCED_FACE('',(#2776),#2759,.T.);
#2776 = FACE_BOUND('',#2777,.T.);
#2777 = EDGE_LOOP('',(#2778,#2972));
#2778 = ORIENTED_EDGE('',*,*,#2779,.F.);
#2779 = EDGE_CURVE('',#2711,#2713,#2780,.T.);
#2780 = SURFACE_CURVE('',#2781,(#2826,#2899),.PCURVE_S1.);
#2781 = B_SPLINE_CURVE_WITH_KNOTS('',8,(#2782,#2783,#2784,#2785,#2786,
    #2787,#2788,#2789,#2790,#2791,#2792,#2793,#2794,#2795,#2796,#2797,
    #2798,#2799,#2800,#2801,#2802,#2803,#2804,#2805,#2806,#2807,#2808,
    #2809,#2810,#2811,#2812,#2813,#2814,#2815,#2816,#2817,#2818,#2819,
    #2820,#2821,#2822,#2823,#2824,#2825),.UNSPECIFIED.,.F.,.F.,(9,7,7,7,
    7,7,9),(0.,0.496860988219,0.770823895083,1.,1.3064406248,
    1.477712223216,1.667121245517),.UNSPECIFIED.);
#2782 = CARTESIAN_POINT('',(-41.,-28.62522729151,0.));
#2783 = CARTESIAN_POINT('',(-41.03436548614,-28.65022450446,
    0.167421599189));
#2784 = CARTESIAN_POINT('',(-41.07337081361,-28.68009741655,0.3574475535
    ));
#2785 = CARTESIAN_POINT('',(-41.11800612578,-28.71638913238,
    0.574901638432));
#2786 = CARTESIAN_POINT('',(-41.16822052507,-28.76038476941,
    0.819535891375));
#2787 = CARTESIAN_POINT('',(-41.22291202537,-28.81314364455,
    1.085981662098));
#2788 = CARTESIAN_POINT('',(-41.2799468159,-28.87500156838,
    1.363843462091));
#2789 = CARTESIAN_POINT('',(-41.33616843331,-28.94520834381,
    1.637743649486));
#2790 = CARTESIAN_POINT('',(-41.41598704779,-29.05798509273,
    2.026603566195));
#2791 = CARTESIAN_POINT('',(-41.44403216391,-29.10050919029,
    2.163233619091));
#2792 = CARTESIAN_POINT('',(-41.47180037839,-29.14573063466,
    2.298514663976));
#2793 = CARTESIAN_POINT('',(-41.49924482953,-29.19402935304,
    2.432218400275));
#2794 = CARTESIAN_POINT('',(-41.52622502371,-29.24590932446,
    2.563660371964));
#2795 = CARTESIAN_POINT('',(-41.55250683545,-29.30199857982,
    2.691699967577));
#2796 = CARTESIAN_POINT('',(-41.5777625073,-29.36304920186,
    2.814740420202));
#2797 = CARTESIAN_POINT('',(-41.62148669428,-29.48589073782,
    3.027755690125));
#2798 = CARTESIAN_POINT('',(-41.64094181097,-29.54680291564,
    3.122537027814));
#2799 = CARTESIAN_POINT('',(-41.65889214794,-29.6131554185,
    3.209987387426));
#2800 = CARTESIAN_POINT('',(-41.67444332007,-29.68481012905,
    3.285749508056));
#2801 = CARTESIAN_POINT('',(-41.68685040915,-29.76100925279,
    3.346194301014));
#2802 = CARTESIAN_POINT('',(-41.69551796391,-29.84037531799,
    3.388420849831));
#2803 = CARTESIAN_POINT('',(-41.7,-29.92091117575,3.410256410256));
#2804 = CARTESIAN_POINT('',(-41.7,-30.10575286077,3.410256410256));
#2805 = CARTESIAN_POINT('',(-41.69248085703,-30.21477923123,
    3.373624688101));
#2806 = CARTESIAN_POINT('',(-41.67663366486,-30.32389301455,
    3.296420418551));
#2807 = CARTESIAN_POINT('',(-41.65266942875,-30.4313741611,
    3.179671576004));
#2808 = CARTESIAN_POINT('',(-41.62107770458,-30.53550331057,
    3.025763176201));
#2809 = CARTESIAN_POINT('',(-41.5828162941,-30.63496220879,
    2.839361432795));
#2810 = CARTESIAN_POINT('',(-41.53914725641,-30.72857040991,
    2.626614838943));
#2811 = CARTESIAN_POINT('',(-41.46516857211,-30.86390910616,
    2.266205864166));
#2812 = CARTESIAN_POINT('',(-41.43800710376,-30.9093534505,
    2.133880761951));
#2813 = CARTESIAN_POINT('',(-41.41031727862,-30.95208241647,
    1.998981613834));
#2814 = CARTESIAN_POINT('',(-41.38219008656,-30.99240659449,
    1.861951703765));
#2815 = CARTESIAN_POINT('',(-41.3536975762,-31.03058463205,
    1.723142037925));
#2816 = CARTESIAN_POINT('',(-41.32489285496,-31.06682323367,
    1.582811344718));
#2817 = CARTESIAN_POINT('',(-41.29581008903,-31.10127716095,
    1.441126074777));
#2818 = CARTESIAN_POINT('',(-41.23401126099,-31.17029182081,
    1.140054861275));
#2819 = CARTESIAN_POINT('',(-41.20125273744,-31.20449946918,
    0.980462054202));
#2820 = CARTESIAN_POINT('',(-41.16822600545,-31.23683657489,
    0.819562590696));
#2821 = CARTESIAN_POINT('',(-41.1349628983,-31.26744689008,
    0.657511555854));
#2822 = CARTESIAN_POINT('',(-41.10149000972,-31.29645352175,
    0.494438508914));
#2823 = CARTESIAN_POINT('',(-41.06782869393,-31.32395893176,
    0.330447483254));
#2824 = CARTESIAN_POINT('',(-41.03399506562,-31.35004493682,
    0.165616986396));
#2825 = CARTESIAN_POINT('',(-41.,-31.37477270848,0.));
#2826 = PCURVE('',#2759,#2827);
#2827 = DEFINITIONAL_REPRESENTATION('',(#2828),#2898);
#2828 = B_SPLINE_CURVE_WITH_KNOTS('',3,(#2829,#2830,#2831,#2832,#2833,
    #2834,#2835,#2836,#2837,#2838,#2839,#2840,#2841,#2842,#2843,#2844,
    #2845,#2846,#2847,#2848,#2849,#2850,#2851,#2852,#2853,#2854,#2855,
    #2856,#2857,#2858,#2859,#2860,#2861,#2862,#2863,#2864,#2865,#2866,
    #2867,#2868,#2869,#2870,#2871,#2872,#2873,#2874,#2875,#2876,#2877,
    #2878,#2879,#2880,#2881,#2882,#2883,#2884,#2885,#2886,#2887,#2888,
    #2889,#2890,#2891,#2892,#2893,#2894,#2895,#2896,#2897),
  .UNSPECIFIED.,.F.,.F.,(4,1,1,1,1,1,1,1,1,1,1,1,1,1,1,1,1,1,1,1,1,1,1,1
    ,1,1,1,1,1,1,1,1,1,1,1,1,1,1,1,1,1,1,1,1,1,1,1,1,1,1,1,1,1,1,1,1,1,1
    ,1,1,1,1,1,1,1,1,4),(0.,2.525941281086E-02,5.051882562171E-02,
    7.577823843257E-02,0.101037651243,0.126297064054,0.151556476865,
    0.176815889676,0.202075302487,0.227334715298,0.252594128109,
    0.277853540919,0.30311295373,0.328372366541,0.353631779352,
    0.378891192163,0.404150604974,0.429410017785,0.454669430595,
    0.479928843406,0.505188256217,0.530447669028,0.555707081839,
    0.58096649465,0.606225907461,0.631485320271,0.656744733082,
    0.682004145893,0.707263558704,0.732522971515,0.757782384326,
    0.783041797137,0.808301209947,0.833560622758,0.858820035569,
    0.88407944838,0.909338861191,0.934598274002,0.959857686813,
    0.985117099623,1.010376512434,1.035635925245,1.060895338056,
    1.086154750867,1.111414163678,1.136673576489,1.161932989299,
    1.18719240211,1.212451814921,1.237711227732,1.262970640543,
    1.288230053354,1.313489466165,1.338748878975,1.364008291786,
    1.389267704597,1.414527117408,1.439786530219,1.46504594303,
    1.490305355841,1.515564768651,1.540824181462,1.566083594273,
    1.591343007084,1.616602419895,1.641861832706,1.667121245517),
  .QUASI_UNIFORM_KNOTS.);
#2829 = CARTESIAN_POINT('',(135.85410203222,0.));
#2830 = CARTESIAN_POINT('',(135.85436845799,1.194329216064E-04));
#2831 = CARTESIAN_POINT('',(135.85505199157,3.64133310947E-04));
#2832 = CARTESIAN_POINT('',(135.85661824898,7.493290454817E-04));
#2833 = CARTESIAN_POINT('',(135.85881053658,1.153429209231E-03));
#2834 = CARTESIAN_POINT('',(135.86172735991,1.57678089796E-03));
#2835 = CARTESIAN_POINT('',(135.86547524192,2.019460947894E-03));
#2836 = CARTESIAN_POINT('',(135.87016900054,2.481238098353E-03));
#2837 = CARTESIAN_POINT('',(135.8759301105,2.961583593306E-03));
#2838 = CARTESIAN_POINT('',(135.88288516314,3.45966909493E-03));
#2839 = CARTESIAN_POINT('',(135.89116384006,3.974368327449E-03));
#2840 = CARTESIAN_POINT('',(135.90089649104,4.504258087627E-03));
#2841 = CARTESIAN_POINT('',(135.91221121018,5.047619912806E-03));
#2842 = CARTESIAN_POINT('',(135.9252303205,5.602441933452E-03));
#2843 = CARTESIAN_POINT('',(135.94006621308,6.166421910527E-03));
#2844 = CARTESIAN_POINT('',(135.95681623055,6.736968400735E-03));
#2845 = CARTESIAN_POINT('',(135.97555717827,7.311211820541E-03));
#2846 = CARTESIAN_POINT('',(135.99633663055,7.885981997969E-03));
#2847 = CARTESIAN_POINT('',(136.01917087112,8.457914773077E-03));
#2848 = CARTESIAN_POINT('',(136.0440119351,9.023081574514E-03));
#2849 = CARTESIAN_POINT('',(136.0708229322,9.578404533802E-03));
#2850 = CARTESIAN_POINT('',(136.09924124755,1.01164138678E-02));
#2851 = CARTESIAN_POINT('',(136.13005309196,1.064951634136E-02));
#2852 = CARTESIAN_POINT('',(136.16349138679,1.117914084334E-02));
#2853 = CARTESIAN_POINT('',(136.1997242592,1.170470684692E-02));
#2854 = CARTESIAN_POINT('',(136.23899323431,1.222580271744E-02));
#2855 = CARTESIAN_POINT('',(136.28157608923,1.27416018448E-02));
#2856 = CARTESIAN_POINT('',(136.3277970317,1.325101980591E-02));
#2857 = CARTESIAN_POINT('',(136.37802303114,1.375266958267E-02));
#2858 = CARTESIAN_POINT('',(136.43266835049,1.424488352748E-02));
#2859 = CARTESIAN_POINT('',(136.49218028558,1.472567028318E-02));
#2860 = CARTESIAN_POINT('',(136.55709206898,1.519286513795E-02));
#2861 = CARTESIAN_POINT('',(136.62782614155,1.564357168555E-02));
#2862 = CARTESIAN_POINT('',(136.70591940603,1.6081979578E-02));
#2863 = CARTESIAN_POINT('',(136.79206973882,1.649503731544E-02));
#2864 = CARTESIAN_POINT('',(136.88664848395,1.687310924552E-02));
#2865 = CARTESIAN_POINT('',(136.98968305474,1.720685054924E-02));
#2866 = CARTESIAN_POINT('',(137.1008565857,1.748803830102E-02));
#2867 = CARTESIAN_POINT('',(137.21953211087,1.770937224255E-02));
#2868 = CARTESIAN_POINT('',(137.34465952706,1.786444062737E-02));
#2869 = CARTESIAN_POINT('',(137.47512434599,1.794805606871E-02));
#2870 = CARTESIAN_POINT('',(137.6084436013,1.795494630349E-02));
#2871 = CARTESIAN_POINT('',(137.74774430407,1.78870715985E-02));
#2872 = CARTESIAN_POINT('',(137.89217924584,1.774197514839E-02));
#2873 = CARTESIAN_POINT('',(138.04098844987,1.75189723504E-02));
#2874 = CARTESIAN_POINT('',(138.19343961987,1.721852005906E-02));
#2875 = CARTESIAN_POINT('',(138.34882041922,1.684214107239E-02));
#2876 = CARTESIAN_POINT('',(138.50642522082,1.639227687301E-02));
#2877 = CARTESIAN_POINT('',(138.66554719908,1.587222405954E-02));
#2878 = CARTESIAN_POINT('',(138.82547886664,1.528604967783E-02));
#2879 = CARTESIAN_POINT('',(138.98548928278,1.463866370672E-02));
#2880 = CARTESIAN_POINT('',(139.14489568803,1.393537954984E-02));
#2881 = CARTESIAN_POINT('',(139.30278631254,1.318342450498E-02));
#2882 = CARTESIAN_POINT('',(139.45904780581,1.238620965862E-02));
#2883 = CARTESIAN_POINT('',(139.60980975013,1.156853954687E-02));
#2884 = CARTESIAN_POINT('',(139.75533006045,1.073490809269E-02));
#2885 = CARTESIAN_POINT('',(139.89615767625,9.887195636053E-03));
#2886 = CARTESIAN_POINT('',(140.03268987927,9.027495320899E-03));
#2887 = CARTESIAN_POINT('',(140.16529062329,8.157346567234E-03));
#2888 = CARTESIAN_POINT('',(140.29426086018,7.277974795728E-03));
#2889 = CARTESIAN_POINT('',(140.41983959283,6.390099057228E-03));
#2890 = CARTESIAN_POINT('',(140.54224699407,5.494815914659E-03));
#2891 = CARTESIAN_POINT('',(140.66167074157,4.592794138122E-03));
#2892 = CARTESIAN_POINT('',(140.77828229902,3.68465316143E-03));
#2893 = CARTESIAN_POINT('',(140.89223602239,2.770935596967E-03));
#2894 = CARTESIAN_POINT('',(141.00366884856,1.852112349947E-03));
#2895 = CARTESIAN_POINT('',(141.11270236851,9.28589646535E-04));
#2896 = CARTESIAN_POINT('',(141.18385728736,3.099804202424E-04));
#2897 = CARTESIAN_POINT('',(141.21906869948,0.));
#2898 = ( GEOMETRIC_REPRESENTATION_CONTEXT(2) 
PARAMETRIC_REPRESENTATION_CONTEXT() REPRESENTATION_CONTEXT('2D SPACE',''
  ) );
#2899 = PCURVE('',#2733,#2900);
#2900 = DEFINITIONAL_REPRESENTATION('',(#2901),#2971);
#2901 = B_SPLINE_CURVE_WITH_KNOTS('',3,(#2902,#2903,#2904,#2905,#2906,
    #2907,#2908,#2909,#2910,#2911,#2912,#2913,#2914,#2915,#2916,#2917,
    #2918,#2919,#2920,#2921,#2922,#2923,#2924,#2925,#2926,#2927,#2928,
    #2929,#2930,#2931,#2932,#2933,#2934,#2935,#2936,#2937,#2938,#2939,
    #2940,#2941,#2942,#2943,#2944,#2945,#2946,#2947,#2948,#2949,#2950,
    #2951,#2952,#2953,#2954,#2955,#2956,#2957,#2958,#2959,#2960,#2961,
    #2962,#2963,#2964,#2965,#2966,#2967,#2968,#2969,#2970),
  .UNSPECIFIED.,.F.,.F.,(4,1,1,1,1,1,1,1,1,1,1,1,1,1,1,1,1,1,1,1,1,1,1,1
    ,1,1,1,1,1,1,1,1,1,1,1,1,1,1,1,1,1,1,1,1,1,1,1,1,1,1,1,1,1,1,1,1,1,1
    ,1,1,1,1,1,1,1,1,4),(0.,2.525941281086E-02,5.051882562171E-02,
    7.577823843257E-02,0.101037651243,0.126297064054,0.151556476865,
    0.176815889676,0.202075302487,0.227334715298,0.252594128109,
    0.277853540919,0.30311295373,0.328372366541,0.353631779352,
    0.378891192163,0.404150604974,0.429410017785,0.454669430595,
    0.479928843406,0.505188256217,0.530447669028,0.555707081839,
    0.58096649465,0.606225907461,0.631485320271,0.656744733082,
    0.682004145893,0.707263558704,0.732522971515,0.757782384326,
    0.783041797137,0.808301209947,0.833560622758,0.858820035569,
    0.88407944838,0.909338861191,0.934598274002,0.959857686813,
    0.985117099623,1.010376512434,1.035635925245,1.060895338056,
    1.086154750867,1.111414163678,1.136673576489,1.161932989299,
    1.18719240211,1.212451814921,1.237711227732,1.262970640543,
    1.288230053354,1.313489466165,1.338748878975,1.364008291786,
    1.389267704597,1.414527117408,1.439786530219,1.46504594303,
    1.490305355841,1.515564768651,1.540824181462,1.566083594273,
    1.591343007084,1.616602419895,1.641861832706,1.667121245517),
  .QUASI_UNIFORM_KNOTS.);
#2902 = CARTESIAN_POINT('',(7.225106708479,5.));
#2903 = CARTESIAN_POINT('',(7.221718396916,4.977307744895));
#2904 = CARTESIAN_POINT('',(7.21475196117,4.93081467092));
#2905 = CARTESIAN_POINT('',(7.203697262939,4.857627481358));
#2906 = CARTESIAN_POINT('',(7.191999523133,4.780848450246));
#2907 = CARTESIAN_POINT('',(7.179629110524,4.700411629388));
#2908 = CARTESIAN_POINT('',(7.166561870484,4.6163024199));
#2909 = CARTESIAN_POINT('',(7.1527799496,4.528564761313));
#2910 = CARTESIAN_POINT('',(7.138271689891,4.437299117272));
#2911 = CARTESIAN_POINT('',(7.123031848617,4.342662871963));
#2912 = CARTESIAN_POINT('',(7.107061823372,4.244870017785));
#2913 = CARTESIAN_POINT('',(7.090369990772,4.144190963351));
#2914 = CARTESIAN_POINT('',(7.072972155207,4.040952216567));
#2915 = CARTESIAN_POINT('',(7.054892151747,3.935536032644));
#2916 = CARTESIAN_POINT('',(7.036162600508,3.828379837));
#2917 = CARTESIAN_POINT('',(7.016825983328,3.71997600386));
#2918 = CARTESIAN_POINT('',(6.996935602411,3.610869754097));
#2919 = CARTESIAN_POINT('',(6.976558289176,3.501663420386));
#2920 = CARTESIAN_POINT('',(6.955772146166,3.392996193115));
#2921 = CARTESIAN_POINT('',(6.934684674976,3.285614500842));
#2922 = CARTESIAN_POINT('',(6.913376983511,3.180103138578));
#2923 = CARTESIAN_POINT('',(6.892126367525,3.077881365118));
#2924 = CARTESIAN_POINT('',(6.870399776481,2.976591895141));
#2925 = CARTESIAN_POINT('',(6.848089644053,2.875963239765));
#2926 = CARTESIAN_POINT('',(6.825156348591,2.776105699085));
#2927 = CARTESIAN_POINT('',(6.80153529918,2.677097483687));
#2928 = CARTESIAN_POINT('',(6.77716074111,2.579095649488));
#2929 = CARTESIAN_POINT('',(6.751958179117,2.482306236877));
#2930 = CARTESIAN_POINT('',(6.725845645105,2.386992779293));
#2931 = CARTESIAN_POINT('',(6.698731079165,2.293472129778));
#2932 = CARTESIAN_POINT('',(6.670516633966,2.202122646196));
#2933 = CARTESIAN_POINT('',(6.6410795593,2.11335562379));
#2934 = CARTESIAN_POINT('',(6.610340470437,2.027721379746));
#2935 = CARTESIAN_POINT('',(6.577733955887,1.944423880181));
#2936 = CARTESIAN_POINT('',(6.543316614143,1.865942910067));
#2937 = CARTESIAN_POINT('',(6.507143678483,1.794109243351));
#2938 = CARTESIAN_POINT('',(6.469354184848,1.730698395645));
#2939 = CARTESIAN_POINT('',(6.430157776599,1.677272722806));
#2940 = CARTESIAN_POINT('',(6.389837058637,1.635219273915));
#2941 = CARTESIAN_POINT('',(6.348778995306,1.605756280799));
#2942 = CARTESIAN_POINT('',(6.307363280326,1.589869346946));
#2943 = CARTESIAN_POINT('',(6.266379510611,1.588560202337));
#2944 = CARTESIAN_POINT('',(6.224769816965,1.601456396285));
#2945 = CARTESIAN_POINT('',(6.182770988851,1.629024721806));
#2946 = CARTESIAN_POINT('',(6.140561050895,1.671395253423));
#2947 = CARTESIAN_POINT('',(6.098292102414,1.728481188779));
#2948 = CARTESIAN_POINT('',(6.056095375439,1.799993196246));
#2949 = CARTESIAN_POINT('',(6.014089462813,1.885467394128));
#2950 = CARTESIAN_POINT('',(5.972385248147,1.984277428687));
#2951 = CARTESIAN_POINT('',(5.931088336532,2.095650561211));
#2952 = CARTESIAN_POINT('',(5.890306735228,2.218653895723));
#2953 = CARTESIAN_POINT('',(5.850135100712,2.35227788553));
#2954 = CARTESIAN_POINT('',(5.810724415163,2.495149344054));
#2955 = CARTESIAN_POINT('',(5.772031180568,2.646620164862));
#2956 = CARTESIAN_POINT('',(5.734937760615,2.801977486094));
#2957 = CARTESIAN_POINT('',(5.69930914668,2.960367462389));
#2958 = CARTESIAN_POINT('',(5.664953038111,3.12143282915));
#2959 = CARTESIAN_POINT('',(5.631724961974,3.284775889029));
#2960 = CARTESIAN_POINT('',(5.599497629401,3.450104152226));
#2961 = CARTESIAN_POINT('',(5.568165908331,3.617184788812));
#2962 = CARTESIAN_POINT('',(5.5376433291,3.785881179127));
#2963 = CARTESIAN_POINT('',(5.507852849411,3.955984976215));
#2964 = CARTESIAN_POINT('',(5.478727869221,4.127369113757));
#2965 = CARTESIAN_POINT('',(5.450208343422,4.299915899328));
#2966 = CARTESIAN_POINT('',(5.422240671269,4.473522236576));
#2967 = CARTESIAN_POINT('',(5.394777275497,4.64809865351));
#2968 = CARTESIAN_POINT('',(5.367775544645,4.823567967158));
#2969 = CARTESIAN_POINT('',(5.350058062536,4.941103720154));
#2970 = CARTESIAN_POINT('',(5.34126390588,5.));
#2971 = ( GEOMETRIC_REPRESENTATION_CONTEXT(2) 
PARAMETRIC_REPRESENTATION_CONTEXT() REPRESENTATION_CONTEXT('2D SPACE',''
  ) );
#2972 = ORIENTED_EDGE('',*,*,#2745,.T.);
#2973 = ADVANCED_FACE('',(#2974),#2733,.F.);
#2974 = FACE_BOUND('',#2975,.F.);
#2975 = EDGE_LOOP('',(#2976,#2977));
#2976 = ORIENTED_EDGE('',*,*,#2710,.T.);
#2977 = ORIENTED_EDGE('',*,*,#2779,.F.);
#2978 = ADVANCED_FACE('',(#2979),#2697,.T.);
#2979 = FACE_BOUND('',#2980,.T.);
#2980 = EDGE_LOOP('',(#2981,#3124));
#2981 = ORIENTED_EDGE('',*,*,#2982,.F.);
#2982 = EDGE_CURVE('',#2649,#2651,#2983,.T.);
#2983 = SURFACE_CURVE('',#2984,(#3022,#3073),.PCURVE_S1.);
#2984 = B_SPLINE_CURVE_WITH_KNOTS('',8,(#2985,#2986,#2987,#2988,#2989,
    #2990,#2991,#2992,#2993,#2994,#2995,#2996,#2997,#2998,#2999,#3000,
    #3001,#3002,#3003,#3004,#3005,#3006,#3007,#3008,#3009,#3010,#3011,
    #3012,#3013,#3014,#3015,#3016,#3017,#3018,#3019,#3020,#3021),
  .UNSPECIFIED.,.F.,.F.,(9,7,7,7,7,9),(0.,0.509402044197,0.757300835888,
    1.,1.454908829025,2.077678676356),.UNSPECIFIED.);
#2985 = CARTESIAN_POINT('',(-41.,31.374772708487,0.));
#2986 = CARTESIAN_POINT('',(-41.05838451376,31.332304223765,
    0.284437374758));
#2987 = CARTESIAN_POINT('',(-41.11535076178,31.286535043676,
    0.561965249733));
#2988 = CARTESIAN_POINT('',(-41.17232344576,31.236256442374,
    0.839524479379));
#2989 = CARTESIAN_POINT('',(-41.22998293538,31.180148500156,
    1.120429685229));
#2990 = CARTESIAN_POINT('',(-41.28827464743,31.116916309525,
    1.404414949058));
#2991 = CARTESIAN_POINT('',(-41.34645926403,31.045569588769,
    1.687878465787));
#2992 = CARTESIAN_POINT('',(-41.4030889569,30.965373408463,
    1.963766713112));
#2993 = CARTESIAN_POINT('',(-41.4820808774,30.834234780206,
    2.348599146322));
#2994 = CARTESIAN_POINT('',(-41.50661207823,30.790233188517,
    2.468110124709));
#2995 = CARTESIAN_POINT('',(-41.52979487949,30.745147588915,
    2.58105197701));
#2996 = CARTESIAN_POINT('',(-41.55159704028,30.698961164389,
    2.687267632174));
#2997 = CARTESIAN_POINT('',(-41.57197605339,30.651650297312,
    2.786550003715));
#2998 = CARTESIAN_POINT('',(-41.59087914525,30.603184569438,
    2.878641989714));
#2999 = CARTESIAN_POINT('',(-41.608243276,30.553526761901,2.963236472819
    ));
#3000 = CARTESIAN_POINT('',(-41.63941661065,30.452806438052,
    3.115106564715));
#3001 = CARTESIAN_POINT('',(-41.65390393136,30.400167021997,
    3.185685819453));
#3002 = CARTESIAN_POINT('',(-41.66721096872,30.343843855459,
    3.250514975846));
#3003 = CARTESIAN_POINT('',(-41.67898548626,30.283301965987,
    3.307878009985));
#3004 = CARTESIAN_POINT('',(-41.6887691438,30.218342160283,
    3.355541982658));
#3005 = CARTESIAN_POINT('',(-41.69599749755,30.149101024194,
    3.390757039352));
#3006 = CARTESIAN_POINT('',(-41.7,30.076050922718,3.410256410256));
#3007 = CARTESIAN_POINT('',(-41.7,29.857452182307,3.410256410256));
#3008 = CARTESIAN_POINT('',(-41.68620679646,29.716551889889,
    3.343058751992));
#3009 = CARTESIAN_POINT('',(-41.65981615854,29.588218494822,
    3.214488977518));
#3010 = CARTESIAN_POINT('',(-41.62546425061,29.475106567576,
    3.047133528619));
#3011 = CARTESIAN_POINT('',(-41.58764481391,29.376254303016,
    2.862884990886));
#3012 = CARTESIAN_POINT('',(-41.54882292271,29.289748025797,
    2.673752700395));
#3013 = CARTESIAN_POINT('',(-41.50924531477,29.213402775144,2.480938713)
  );
#3014 = CARTESIAN_POINT('',(-41.41259483967,29.047705950674,
    2.010077424035));
#3015 = CARTESIAN_POINT('',(-41.35511521445,28.965536851187,
    1.730048480655));
#3016 = CARTESIAN_POINT('',(-41.29672167885,28.892672174519,
    1.445567153386));
#3017 = CARTESIAN_POINT('',(-41.23779850193,28.82765012906,
    1.158505522225));
#3018 = CARTESIAN_POINT('',(-41.17859523512,28.769289906491,
    0.870079350605));
#3019 = CARTESIAN_POINT('',(-41.11924775293,28.716493175242,
    0.580950591216));
#3020 = CARTESIAN_POINT('',(-41.05974995227,28.668688986602,
    0.291089511073));
#3021 = CARTESIAN_POINT('',(-41.,28.625227291513,0.));
#3022 = PCURVE('',#2697,#3023);
#3023 = DEFINITIONAL_REPRESENTATION('',(#3024),#3072);
#3024 = B_SPLINE_CURVE_WITH_KNOTS('',3,(#3025,#3026,#3027,#3028,#3029,
    #3030,#3031,#3032,#3033,#3034,#3035,#3036,#3037,#3038,#3039,#3040,
    #3041,#3042,#3043,#3044,#3045,#3046,#3047,#3048,#3049,#3050,#3051,
    #3052,#3053,#3054,#3055,#3056,#3057,#3058,#3059,#3060,#3061,#3062,
    #3063,#3064,#3065,#3066,#3067,#3068,#3069,#3070,#3071),
  .UNSPECIFIED.,.F.,.F.,(4,1,1,1,1,1,1,1,1,1,1,1,1,1,1,1,1,1,1,1,1,1,1,1
    ,1,1,1,1,1,1,1,1,1,1,1,1,1,1,1,1,1,1,1,1,4),(0.,4.721996991718E-02,
    9.443993983436E-02,0.141659909752,0.188879879669,0.236099849586,
    0.283319819503,0.33053978942,0.377759759337,0.424979729255,
    0.472199699172,0.519419669089,0.566639639006,0.613859608923,
    0.661079578841,0.708299548758,0.755519518675,0.802739488592,
    0.849959458509,0.897179428426,0.944399398344,0.991619368261,
    1.038839338178,1.086059308095,1.133279278012,1.180499247929,
    1.227719217847,1.274939187764,1.322159157681,1.369379127598,
    1.416599097515,1.463819067433,1.51103903735,1.558259007267,
    1.605478977184,1.652698947101,1.699918917018,1.747138886936,
    1.794358856853,1.84157882677,1.888798796687,1.936018766604,
    1.983238736522,2.030458706439,2.077678676356),
  .QUASI_UNIFORM_KNOTS.);
#3025 = CARTESIAN_POINT('',(18.780931300514,0.));
#3026 = CARTESIAN_POINT('',(18.822953132032,3.698599989334E-04));
#3027 = CARTESIAN_POINT('',(18.90764337213,1.104489823202E-03));
#3028 = CARTESIAN_POINT('',(19.037611429417,2.197182686144E-03));
#3029 = CARTESIAN_POINT('',(19.171560424893,3.287557130887E-03));
#3030 = CARTESIAN_POINT('',(19.31034513678,4.379344784943E-03));
#3031 = CARTESIAN_POINT('',(19.454677884546,5.474217081309E-03));
#3032 = CARTESIAN_POINT('',(19.605095387892,6.571508267889E-03));
#3033 = CARTESIAN_POINT('',(19.761956286118,7.66837815219E-03));
#3034 = CARTESIAN_POINT('',(19.925388520118,8.75966685808E-03));
#3035 = CARTESIAN_POINT('',(20.095384669445,9.838597437994E-03));
#3036 = CARTESIAN_POINT('',(20.271318547725,1.089448848905E-02));
#3037 = CARTESIAN_POINT('',(20.453571777773,1.192172462388E-02));
#3038 = CARTESIAN_POINT('',(20.636595839207,1.288350563384E-02));
#3039 = CARTESIAN_POINT('',(20.819425716693,1.377324522598E-02));
#3040 = CARTESIAN_POINT('',(21.002240595424,1.458960297342E-02));
#3041 = CARTESIAN_POINT('',(21.185308921394,1.533069554807E-02));
#3042 = CARTESIAN_POINT('',(21.367388252405,1.598807221924E-02));
#3043 = CARTESIAN_POINT('',(21.553183830556,1.657660162653E-02));
#3044 = CARTESIAN_POINT('',(21.75114251061,1.710192949465E-02));
#3045 = CARTESIAN_POINT('',(21.960251997361,1.753247497179E-02));
#3046 = CARTESIAN_POINT('',(22.179282057116,1.783788948085E-02));
#3047 = CARTESIAN_POINT('',(22.406011436625,1.798068279672E-02));
#3048 = CARTESIAN_POINT('',(22.631183993897,1.791140231711E-02));
#3049 = CARTESIAN_POINT('',(22.835538804763,1.764114220691E-02));
#3050 = CARTESIAN_POINT('',(23.019584333533,1.719993952423E-02));
#3051 = CARTESIAN_POINT('',(23.181897586351,1.662127774027E-02));
#3052 = CARTESIAN_POINT('',(23.323587634381,1.593976173468E-02));
#3053 = CARTESIAN_POINT('',(23.446304968312,1.518662377264E-02));
#3054 = CARTESIAN_POINT('',(23.552170964678,1.438725721676E-02));
#3055 = CARTESIAN_POINT('',(23.643413629344,1.355939032179E-02));
#3056 = CARTESIAN_POINT('',(23.722174811645,1.27132539668E-02));
#3057 = CARTESIAN_POINT('',(23.790836305256,1.184971555887E-02));
#3058 = CARTESIAN_POINT('',(23.85092870997,1.097176739183E-02));
#3059 = CARTESIAN_POINT('',(23.90332453163,1.008369900861E-02));
#3060 = CARTESIAN_POINT('',(23.94898258947,9.186988444441E-03));
#3061 = CARTESIAN_POINT('',(23.9886012002,8.283442880007E-03));
#3062 = CARTESIAN_POINT('',(24.022771758053,7.374417495407E-03));
#3063 = CARTESIAN_POINT('',(24.051982864647,6.461070567537E-03));
#3064 = CARTESIAN_POINT('',(24.076651614494,5.544328606576E-03));
#3065 = CARTESIAN_POINT('',(24.097137222841,4.624919378276E-03));
#3066 = CARTESIAN_POINT('',(24.113751439928,3.703378701685E-03));
#3067 = CARTESIAN_POINT('',(24.126764635563,2.780060689081E-03));
#3068 = CARTESIAN_POINT('',(24.136409483135,1.855137943526E-03));
#3069 = CARTESIAN_POINT('',(24.142887621462,9.286270576075E-04));
#3070 = CARTESIAN_POINT('',(24.145207811355,3.097574164034E-04));
#3071 = CARTESIAN_POINT('',(24.145897967779,0.));
#3072 = ( GEOMETRIC_REPRESENTATION_CONTEXT(2) 
PARAMETRIC_REPRESENTATION_CONTEXT() REPRESENTATION_CONTEXT('2D SPACE',''
  ) );
#3073 = PCURVE('',#2671,#3074);
#3074 = DEFINITIONAL_REPRESENTATION('',(#3075),#3123);
#3075 = B_SPLINE_CURVE_WITH_KNOTS('',3,(#3076,#3077,#3078,#3079,#3080,
    #3081,#3082,#3083,#3084,#3085,#3086,#3087,#3088,#3089,#3090,#3091,
    #3092,#3093,#3094,#3095,#3096,#3097,#3098,#3099,#3100,#3101,#3102,
    #3103,#3104,#3105,#3106,#3107,#3108,#3109,#3110,#3111,#3112,#3113,
    #3114,#3115,#3116,#3117,#3118,#3119,#3120,#3121,#3122),
  .UNSPECIFIED.,.F.,.F.,(4,1,1,1,1,1,1,1,1,1,1,1,1,1,1,1,1,1,1,1,1,1,1,1
    ,1,1,1,1,1,1,1,1,1,1,1,1,1,1,1,1,1,1,1,1,4),(0.,4.721996991718E-02,
    9.443993983436E-02,0.141659909752,0.188879879669,0.236099849586,
    0.283319819503,0.33053978942,0.377759759337,0.424979729255,
    0.472199699172,0.519419669089,0.566639639006,0.613859608923,
    0.661079578841,0.708299548758,0.755519518675,0.802739488592,
    0.849959458509,0.897179428426,0.944399398344,0.991619368261,
    1.038839338178,1.086059308095,1.133279278012,1.180499247929,
    1.227719217847,1.274939187764,1.322159157681,1.369379127598,
    1.416599097515,1.463819067433,1.51103903735,1.558259007267,
    1.605478977184,1.652698947101,1.699918917018,1.747138886936,
    1.794358856853,1.84157882677,1.888798796687,1.936018766604,
    1.983238736522,2.030458706439,2.077678676356),
  .QUASI_UNIFORM_KNOTS.);
#3076 = CARTESIAN_POINT('',(7.225106708479,5.));
#3077 = CARTESIAN_POINT('',(7.214611923871,4.929726600203));
#3078 = CARTESIAN_POINT('',(7.19353570524,4.790146933592));
#3079 = CARTESIAN_POINT('',(7.161396089732,4.582535289633));
#3080 = CARTESIAN_POINT('',(7.128451499861,4.375364145132));
#3081 = CARTESIAN_POINT('',(7.094472465027,4.167924490861));
#3082 = CARTESIAN_POINT('',(7.059262031972,3.959898754551));
#3083 = CARTESIAN_POINT('',(7.022661255087,3.751413429101));
#3084 = CARTESIAN_POINT('',(6.984546693755,3.543008151084));
#3085 = CARTESIAN_POINT('',(6.944840652867,3.335663296965));
#3086 = CARTESIAN_POINT('',(6.903485266637,3.130666486781));
#3087 = CARTESIAN_POINT('',(6.860559949401,2.93004718708));
#3088 = CARTESIAN_POINT('',(6.815879827108,2.734872321463));
#3089 = CARTESIAN_POINT('',(6.770707210872,2.552133929571));
#3090 = CARTESIAN_POINT('',(6.725191864457,2.383083407063));
#3091 = CARTESIAN_POINT('',(6.679194699473,2.227975435049));
#3092 = CARTESIAN_POINT('',(6.632542538028,2.087167845866));
#3093 = CARTESIAN_POINT('',(6.585435822994,1.962266278343));
#3094 = CARTESIAN_POINT('',(6.536549616839,1.850445690959));
#3095 = CARTESIAN_POINT('',(6.48334332484,1.750633396016));
#3096 = CARTESIAN_POINT('',(6.425615965944,1.66882975536));
#3097 = CARTESIAN_POINT('',(6.363177048355,1.610800998639));
#3098 = CARTESIAN_POINT('',(6.295977750259,1.583670268622));
#3099 = CARTESIAN_POINT('',(6.225814730575,1.596833559749));
#3100 = CARTESIAN_POINT('',(6.158477128584,1.648182980687));
#3101 = CARTESIAN_POINT('',(6.094083417319,1.732011490396));
#3102 = CARTESIAN_POINT('',(6.033478947809,1.841957229349));
#3103 = CARTESIAN_POINT('',(5.976835029989,1.971445270412));
#3104 = CARTESIAN_POINT('',(5.924168959695,2.114541483198));
#3105 = CARTESIAN_POINT('',(5.87529765933,2.266421128817));
#3106 = CARTESIAN_POINT('',(5.829886642609,2.423715838861));
#3107 = CARTESIAN_POINT('',(5.787488429327,2.584481746308));
#3108 = CARTESIAN_POINT('',(5.747393382469,2.748554043814));
#3109 = CARTESIAN_POINT('',(5.709202580663,2.915364195553));
#3110 = CARTESIAN_POINT('',(5.67274098226,3.084097188364));
#3111 = CARTESIAN_POINT('',(5.637751895844,3.254472195556));
#3112 = CARTESIAN_POINT('',(5.604064959082,3.426145852799));
#3113 = CARTESIAN_POINT('',(5.571533124932,3.598860675873));
#3114 = CARTESIAN_POINT('',(5.540036380122,3.772396592168));
#3115 = CARTESIAN_POINT('',(5.509471454244,3.94657756475));
#3116 = CARTESIAN_POINT('',(5.479748227266,4.121265318128));
#3117 = CARTESIAN_POINT('',(5.45078644597,4.29635804668));
#3118 = CARTESIAN_POINT('',(5.42251369868,4.471788469075));
#3119 = CARTESIAN_POINT('',(5.394863831731,4.64752379073));
#3120 = CARTESIAN_POINT('',(5.367775260365,4.823560859055));
#3121 = CARTESIAN_POINT('',(5.350051678916,4.941146090883));
#3122 = CARTESIAN_POINT('',(5.34126390588,5.));
#3123 = ( GEOMETRIC_REPRESENTATION_CONTEXT(2) 
PARAMETRIC_REPRESENTATION_CONTEXT() REPRESENTATION_CONTEXT('2D SPACE',''
  ) );
#3124 = ORIENTED_EDGE('',*,*,#2683,.T.);
#3125 = ADVANCED_FACE('',(#3126),#2671,.F.);
#3126 = FACE_BOUND('',#3127,.F.);
#3127 = EDGE_LOOP('',(#3128,#3129));
#3128 = ORIENTED_EDGE('',*,*,#2648,.T.);
#3129 = ORIENTED_EDGE('',*,*,#2982,.F.);
#3130 = ADVANCED_FACE('',(#3131),#2635,.T.);
#3131 = FACE_BOUND('',#3132,.T.);
#3132 = EDGE_LOOP('',(#3133,#3241));
#3133 = ORIENTED_EDGE('',*,*,#3134,.F.);
#3134 = EDGE_CURVE('',#2593,#2591,#3135,.T.);
#3135 = SURFACE_CURVE('',#3136,(#3169,#3205),.PCURVE_S1.);
#3136 = B_SPLINE_CURVE_WITH_KNOTS('',7,(#3137,#3138,#3139,#3140,#3141,
    #3142,#3143,#3144,#3145,#3146,#3147,#3148,#3149,#3150,#3151,#3152,
    #3153,#3154,#3155,#3156,#3157,#3158,#3159,#3160,#3161,#3162,#3163,
    #3164,#3165,#3166,#3167,#3168),.UNSPECIFIED.,.F.,.F.,(8,6,6,6,6,8),(
    0.,0.147458878641,0.38059338626,0.570841460511,0.793223798589,1.),
  .UNSPECIFIED.);
#3137 = CARTESIAN_POINT('',(41.,-31.37477270848,0.));
#3138 = CARTESIAN_POINT('',(41.039191725777,-31.34626492277,
    0.190934048658));
#3139 = CARTESIAN_POINT('',(41.078164060326,-31.31591428638,
    0.380799268255));
#3140 = CARTESIAN_POINT('',(41.116899486468,-31.28362055621,
    0.569510318692));
#3141 = CARTESIAN_POINT('',(41.155369461671,-31.24924056596,0.7569281466
    ));
#3142 = CARTESIAN_POINT('',(41.193534418045,-31.21258822615,
    0.942859985347));
#3143 = CARTESIAN_POINT('',(41.231343762349,-31.17343452413,
    1.127059355035));
#3144 = CARTESIAN_POINT('',(41.327853319996,-31.06522036244,
    1.597234123058));
#3145 = CARTESIAN_POINT('',(41.390676580207,-30.98667282012,
    1.903296159985));
#3146 = CARTESIAN_POINT('',(41.450926823428,-30.89886838819,
    2.19682298593));
#3147 = CARTESIAN_POINT('',(41.504950478844,-30.80540994802,
    2.460015153345));
#3148 = CARTESIAN_POINT('',(41.551140384053,-30.70843900939,
    2.685042896667));
#3149 = CARTESIAN_POINT('',(41.590572326684,-30.61062119076,
    2.877147232562));
#3150 = CARTESIAN_POINT('',(41.651269633545,-30.414509595,3.172852060861
    ));
#3151 = CARTESIAN_POINT('',(41.677581357833,-30.30973987085,
    3.301037384312));
#3152 = CARTESIAN_POINT('',(41.69917325746,-30.18848749067,
    3.406228690192));
#3153 = CARTESIAN_POINT('',(41.711045632146,-30.05265989235,
    3.464068464301));
#3154 = CARTESIAN_POINT('',(41.708412592832,-29.90758135639,
    3.451240836872));
#3155 = CARTESIAN_POINT('',(41.688198420127,-29.76208464183,
    3.352761533952));
#3156 = CARTESIAN_POINT('',(41.628359432481,-29.48897069734,
    3.061238260804));
#3157 = CARTESIAN_POINT('',(41.586244397798,-29.36601726757,
    2.85606245081));
#3158 = CARTESIAN_POINT('',(41.539126367841,-29.2617762051,
    2.626513074095));
#3159 = CARTESIAN_POINT('',(41.490224371389,-29.1716616186,
    2.388272578562));
#3160 = CARTESIAN_POINT('',(41.441113949614,-29.09202749679,
    2.149016677607));
#3161 = CARTESIAN_POINT('',(41.391727156078,-29.02016770836,
    1.908414350124));
#3162 = CARTESIAN_POINT('',(41.292583275265,-28.89308557419,
    1.425405700009));
#3163 = CARTESIAN_POINT('',(41.24433524353,-28.83788238884,1.19035118643
    ));
#3164 = CARTESIAN_POINT('',(41.195764423793,-28.78774292877,
    0.953724115916));
#3165 = CARTESIAN_POINT('',(41.146987563743,-28.74189439949,
    0.716093259262));
#3166 = CARTESIAN_POINT('',(41.098082196496,-28.69975472917,
    0.477836341902));
#3167 = CARTESIAN_POINT('',(41.049086640592,-28.66093256867,
    0.23914004391));
#3168 = CARTESIAN_POINT('',(41.,-28.62522729151,0.));
#3169 = PCURVE('',#2635,#3170);
#3170 = DEFINITIONAL_REPRESENTATION('',(#3171),#3204);
#3171 = B_SPLINE_CURVE_WITH_KNOTS('',7,(#3172,#3173,#3174,#3175,#3176,
    #3177,#3178,#3179,#3180,#3181,#3182,#3183,#3184,#3185,#3186,#3187,
    #3188,#3189,#3190,#3191,#3192,#3193,#3194,#3195,#3196,#3197,#3198,
    #3199,#3200,#3201,#3202,#3203),.UNSPECIFIED.,.F.,.F.,(8,6,6,6,6,8),(
    0.,0.147458878641,0.38059338626,0.570841460511,0.793223798589,1.),
  .UNSPECIFIED.);
#3172 = CARTESIAN_POINT('',(18.780931300514,0.));
#3173 = CARTESIAN_POINT('',(18.895075295875,1.004916045568E-03));
#3174 = CARTESIAN_POINT('',(19.012232836812,2.004206675029E-03));
#3175 = CARTESIAN_POINT('',(19.13256405653,2.997422729957E-03));
#3176 = CARTESIAN_POINT('',(19.256295523283,3.983832350526E-03));
#3177 = CARTESIAN_POINT('',(19.383720240372,4.962420975512E-03));
#3178 = CARTESIAN_POINT('',(19.515197646148,5.93189134229E-03));
#3179 = CARTESIAN_POINT('',(19.866101862065,8.406495384516E-03));
#3180 = CARTESIAN_POINT('',(20.109518172722,1.001734821045E-02));
#3181 = CARTESIAN_POINT('',(20.366142648853,1.156222624173E-02));
#3182 = CARTESIAN_POINT('',(20.623758933292,1.29474481755E-02));
#3183 = CARTESIAN_POINT('',(20.876264470482,1.41318047193E-02));
#3184 = CARTESIAN_POINT('',(21.120281640642,1.514288017138E-02));
#3185 = CARTESIAN_POINT('',(21.582690713047,1.669922137295E-02));
#3186 = CARTESIAN_POINT('',(21.820794060952,1.737388097007E-02));
#3187 = CARTESIAN_POINT('',(22.083557680337,1.792751942206E-02));
#3188 = CARTESIAN_POINT('',(22.360340672157,1.82319392858E-02));
#3189 = CARTESIAN_POINT('',(22.634708148176,1.816442545722E-02));
#3190 = CARTESIAN_POINT('',(22.886176589866,1.764611333659E-02));
#3191 = CARTESIAN_POINT('',(23.328889667397,1.611178032002E-02));
#3192 = CARTESIAN_POINT('',(23.507946980961,1.503190763584E-02));
#3193 = CARTESIAN_POINT('',(23.644606837225,1.382375302156E-02));
#3194 = CARTESIAN_POINT('',(23.751975976497,1.256985567664E-02));
#3195 = CARTESIAN_POINT('',(23.839127611361,1.131061409267E-02));
#3196 = CARTESIAN_POINT('',(23.911101426676,1.004428605328E-02));
#3197 = CARTESIAN_POINT('',(24.02264934785,7.502135263205E-03));
#3198 = CARTESIAN_POINT('',(24.064225357073,6.265006244367E-03));
#3199 = CARTESIAN_POINT('',(24.095656119218,5.019600610084E-03));
#3200 = CARTESIAN_POINT('',(24.11855131858,3.768911890852E-03));
#3201 = CARTESIAN_POINT('',(24.134105811778,2.514928115274E-03));
#3202 = CARTESIAN_POINT('',(24.143099627756,1.258631810053E-03));
#3203 = CARTESIAN_POINT('',(24.145897967779,0.));
#3204 = ( GEOMETRIC_REPRESENTATION_CONTEXT(2) 
PARAMETRIC_REPRESENTATION_CONTEXT() REPRESENTATION_CONTEXT('2D SPACE',''
  ) );
#3205 = PCURVE('',#2609,#3206);
#3206 = DEFINITIONAL_REPRESENTATION('',(#3207),#3240);
#3207 = B_SPLINE_CURVE_WITH_KNOTS('',7,(#3208,#3209,#3210,#3211,#3212,
    #3213,#3214,#3215,#3216,#3217,#3218,#3219,#3220,#3221,#3222,#3223,
    #3224,#3225,#3226,#3227,#3228,#3229,#3230,#3231,#3232,#3233,#3234,
    #3235,#3236,#3237,#3238,#3239),.UNSPECIFIED.,.F.,.F.,(8,6,6,6,6,8),(
    0.,0.147458878641,0.38059338626,0.570841460511,0.793223798589,1.),
  .UNSPECIFIED.);
#3208 = CARTESIAN_POINT('',(4.08351405489,5.));
#3209 = CARTESIAN_POINT('',(4.055006269177,4.809065951342));
#3210 = CARTESIAN_POINT('',(4.025962501879,4.619200731745));
#3211 = CARTESIAN_POINT('',(3.996324572721,4.430489681308));
#3212 = CARTESIAN_POINT('',(3.966011806435,4.2430718534));
#3213 = CARTESIAN_POINT('',(3.934921032752,4.057140014653));
#3214 = CARTESIAN_POINT('',(3.902926586406,3.872940644965));
#3215 = CARTESIAN_POINT('',(3.817633686804,3.402765876942));
#3216 = CARTESIAN_POINT('',(3.758558011125,3.096703840015));
#3217 = CARTESIAN_POINT('',(3.696167968193,2.803177014071));
#3218 = CARTESIAN_POINT('',(3.633060808035,2.539984846655));
#3219 = CARTESIAN_POINT('',(3.570068325908,2.314957103333));
#3220 = CARTESIAN_POINT('',(3.508241149593,2.122852767438));
#3221 = CARTESIAN_POINT('',(3.387482416392,1.827147939139));
#3222 = CARTESIAN_POINT('',(3.32403073199,1.698962615688));
#3223 = CARTESIAN_POINT('',(3.251889006492,1.593771309808));
#3224 = CARTESIAN_POINT('',(3.17228029665,1.535931535699));
#3225 = CARTESIAN_POINT('',(3.087879228401,1.548759163128));
#3226 = CARTESIAN_POINT('',(3.001730967297,1.647238466048));
#3227 = CARTESIAN_POINT('',(2.83726482758,1.938761739196));
#3228 = CARTESIAN_POINT('',(2.76106396449,2.14393754919));
#3229 = CARTESIAN_POINT('',(2.69431757029,2.373486925905));
#3230 = CARTESIAN_POINT('',(2.634524678097,2.611727421438));
#3231 = CARTESIAN_POINT('',(2.579665125954,2.850983322393));
#3232 = CARTESIAN_POINT('',(2.52819955683,3.091585649876));
#3233 = CARTESIAN_POINT('',(2.433387088624,3.574594299991));
#3234 = CARTESIAN_POINT('',(2.39031480878,3.80964881357));
#3235 = CARTESIAN_POINT('',(2.349339753328,4.046275884084));
#3236 = CARTESIAN_POINT('',(2.310049553421,4.283906740738));
#3237 = CARTESIAN_POINT('',(2.272132297132,4.522163658098));
#3238 = CARTESIAN_POINT('',(2.235376529453,4.76085995609));
#3239 = CARTESIAN_POINT('',(2.19967125229,5.));
#3240 = ( GEOMETRIC_REPRESENTATION_CONTEXT(2) 
PARAMETRIC_REPRESENTATION_CONTEXT() REPRESENTATION_CONTEXT('2D SPACE',''
  ) );
#3241 = ORIENTED_EDGE('',*,*,#2621,.T.);
#3242 = ADVANCED_FACE('',(#3243),#2609,.F.);
#3243 = FACE_BOUND('',#3244,.F.);
#3244 = EDGE_LOOP('',(#3245,#3246));
#3245 = ORIENTED_EDGE('',*,*,#2590,.F.);
#3246 = ORIENTED_EDGE('',*,*,#3134,.F.);
#3247 = ADVANCED_FACE('',(#3248),#2577,.T.);
#3248 = FACE_BOUND('',#3249,.T.);
#3249 = EDGE_LOOP('',(#3250,#3358));
#3250 = ORIENTED_EDGE('',*,*,#3251,.F.);
#3251 = EDGE_CURVE('',#2535,#2533,#3252,.T.);
#3252 = SURFACE_CURVE('',#3253,(#3286,#3322),.PCURVE_S1.);
#3253 = B_SPLINE_CURVE_WITH_KNOTS('',7,(#3254,#3255,#3256,#3257,#3258,
    #3259,#3260,#3261,#3262,#3263,#3264,#3265,#3266,#3267,#3268,#3269,
    #3270,#3271,#3272,#3273,#3274,#3275,#3276,#3277,#3278,#3279,#3280,
    #3281,#3282,#3283,#3284,#3285),.UNSPECIFIED.,.F.,.F.,(8,6,6,6,6,8),(
    0.,0.141575342616,0.39726122313,0.612388182076,0.797788284199,1.),
  .UNSPECIFIED.);
#3254 = CARTESIAN_POINT('',(41.,28.625227291513,0.));
#3255 = CARTESIAN_POINT('',(41.029882394222,28.646963534921,
    0.145580894928));
#3256 = CARTESIAN_POINT('',(41.059738267862,28.669842215905,
    0.291032587019));
#3257 = CARTESIAN_POINT('',(41.089562073674,28.693925688957,
    0.436328051231));
#3258 = CARTESIAN_POINT('',(41.119345171975,28.719294374546,
    0.581425196802));
#3259 = CARTESIAN_POINT('',(41.149075830646,28.74604675912,
    0.726266867252));
#3260 = CARTESIAN_POINT('',(41.17873922513,28.774299395103,
    0.870780840376));
#3261 = CARTESIAN_POINT('',(41.261735861246,28.85816390773,
    1.275123426581));
#3262 = CARTESIAN_POINT('',(41.314579920259,28.917244204899,
    1.532568842289));
#3263 = CARTESIAN_POINT('',(41.36714293634,28.982285029396,
    1.788645074476));
#3264 = CARTESIAN_POINT('',(41.419270068374,29.055125804806,
    2.042597769002));
#3265 = CARTESIAN_POINT('',(41.470581012215,29.137047907005,
    2.292574162073));
#3266 = CARTESIAN_POINT('',(41.520307281429,29.229946929043,
    2.534830345423));
#3267 = CARTESIAN_POINT('',(41.605814686715,29.432995977837,
    2.951404883995));
#3268 = CARTESIAN_POINT('',(41.648224459566,29.551586425754,
    3.158016597884));
#3269 = CARTESIAN_POINT('',(41.685198196997,29.691471714941,
    3.338145062292));
#3270 = CARTESIAN_POINT('',(41.708758544346,29.847441273849,
    3.452926241688));
#3271 = CARTESIAN_POINT('',(41.712109595446,30.009164961303,
    3.469251875251));
#3272 = CARTESIAN_POINT('',(41.696813998973,30.162413089884,
    3.394734866792));
#3273 = CARTESIAN_POINT('',(41.657834520847,30.391329032334,
    3.204834845151));
#3274 = CARTESIAN_POINT('',(41.632665873519,30.491936184577,
    3.082218358169));
#3275 = CARTESIAN_POINT('',(41.601306384267,30.587964877567,
    2.929441359247));
#3276 = CARTESIAN_POINT('',(41.564334022455,30.679619630965,
    2.749319596575));
#3277 = CARTESIAN_POINT('',(41.522147556748,30.767052297173,
    2.543795789286));
#3278 = CARTESIAN_POINT('',(41.475017856567,30.850504439876,
    2.314189557632));
#3279 = CARTESIAN_POINT('',(41.366292647765,31.016854366392,
    1.784502642958));
#3280 = CARTESIAN_POINT('',(41.307661218273,31.093082278265,
    1.498862345432));
#3281 = CARTESIAN_POINT('',(41.247741741827,31.161416070436,
    1.206946947361));
#3282 = CARTESIAN_POINT('',(41.186838765168,31.22291866493,0.910240138)
  );
#3283 = CARTESIAN_POINT('',(41.12518487512,31.278583834014,
    0.609875032638));
#3284 = CARTESIAN_POINT('',(41.062891944106,31.329025550635,
    0.306396650771));
#3285 = CARTESIAN_POINT('',(41.,31.374772708487,0.));
#3286 = PCURVE('',#2577,#3287);
#3287 = DEFINITIONAL_REPRESENTATION('',(#3288),#3321);
#3288 = B_SPLINE_CURVE_WITH_KNOTS('',7,(#3289,#3290,#3291,#3292,#3293,
    #3294,#3295,#3296,#3297,#3298,#3299,#3300,#3301,#3302,#3303,#3304,
    #3305,#3306,#3307,#3308,#3309,#3310,#3311,#3312,#3313,#3314,#3315,
    #3316,#3317,#3318,#3319,#3320),.UNSPECIFIED.,.F.,.F.,(8,6,6,6,6,8),(
    0.,0.141575342616,0.39726122313,0.612388182076,0.797788284199,1.),
  .UNSPECIFIED.);
#3289 = CARTESIAN_POINT('',(135.85410203222,0.));
#3290 = CARTESIAN_POINT('',(135.85580557311,7.662152364643E-04));
#3291 = CARTESIAN_POINT('',(135.8597713521,1.531750457994E-03));
#3292 = CARTESIAN_POINT('',(135.86612201702,2.296463427531E-03));
#3293 = CARTESIAN_POINT('',(135.87501863202,3.06013261475E-03));
#3294 = CARTESIAN_POINT('',(135.88666067754,3.822457196061E-03));
#3295 = CARTESIAN_POINT('',(135.9012860503,4.583057054612E-03));
#3296 = CARTESIAN_POINT('',(135.95147149941,6.711175929373E-03));
#3297 = CARTESIAN_POINT('',(135.99435993794,8.066151801519E-03));
#3298 = CARTESIAN_POINT('',(136.04905244661,9.41392144461E-03));
#3299 = CARTESIAN_POINT('',(136.1192493196,1.07505145737E-02));
#3300 = CARTESIAN_POINT('',(136.20786369873,1.206617980038E-02));
#3301 = CARTESIAN_POINT('',(136.31949359693,1.334121234433E-02));
#3302 = CARTESIAN_POINT('',(136.59412269048,1.553370991576E-02));
#3303 = CARTESIAN_POINT('',(136.76446950944,1.662113998886E-02));
#3304 = CARTESIAN_POINT('',(136.982719935,1.756918453838E-02));
#3305 = CARTESIAN_POINT('',(137.24947883616,1.817329600888E-02));
#3306 = CARTESIAN_POINT('',(137.55462497418,1.825922039606E-02));
#3307 = CARTESIAN_POINT('',(137.86982896321,1.78670256147E-02));
#3308 = CARTESIAN_POINT('',(138.36362418636,1.686755181659E-02));
#3309 = CARTESIAN_POINT('',(138.59208682557,1.62222018851E-02));
#3310 = CARTESIAN_POINT('',(138.82079079937,1.541811241709E-02));
#3311 = CARTESIAN_POINT('',(139.04945338566,1.447010313987E-02));
#3312 = CARTESIAN_POINT('',(139.27792165972,1.338839889098E-02));
#3313 = CARTESIAN_POINT('',(139.50638700539,1.217994504017E-02));
#3314 = CARTESIAN_POINT('',(139.98444734962,9.392119173462E-03));
#3315 = CARTESIAN_POINT('',(140.21701350373,7.888749186486E-03));
#3316 = CARTESIAN_POINT('',(140.43693970081,6.352352354531E-03));
#3317 = CARTESIAN_POINT('',(140.64579495472,4.790737568418E-03));
#3318 = CARTESIAN_POINT('',(140.8451191121,3.20986859283E-03));
#3319 = CARTESIAN_POINT('',(141.03589897082,1.612613951428E-03));
#3320 = CARTESIAN_POINT('',(141.21906869948,0.));
#3321 = ( GEOMETRIC_REPRESENTATION_CONTEXT(2) 
PARAMETRIC_REPRESENTATION_CONTEXT() REPRESENTATION_CONTEXT('2D SPACE',''
  ) );
#3322 = PCURVE('',#2551,#3323);
#3323 = DEFINITIONAL_REPRESENTATION('',(#3324),#3357);
#3324 = B_SPLINE_CURVE_WITH_KNOTS('',7,(#3325,#3326,#3327,#3328,#3329,
    #3330,#3331,#3332,#3333,#3334,#3335,#3336,#3337,#3338,#3339,#3340,
    #3341,#3342,#3343,#3344,#3345,#3346,#3347,#3348,#3349,#3350,#3351,
    #3352,#3353,#3354,#3355,#3356),.UNSPECIFIED.,.F.,.F.,(8,6,6,6,6,8),(
    0.,0.141575342616,0.39726122313,0.612388182076,0.797788284199,1.),
  .UNSPECIFIED.);
#3325 = CARTESIAN_POINT('',(4.08351405489,5.));
#3326 = CARTESIAN_POINT('',(4.061777811482,4.854419105072));
#3327 = CARTESIAN_POINT('',(4.039658098054,4.708967412981));
#3328 = CARTESIAN_POINT('',(4.017121000878,4.563671948769));
#3329 = CARTESIAN_POINT('',(3.994123154052,4.418574803198));
#3330 = CARTESIAN_POINT('',(3.9706117395,4.273733132748));
#3331 = CARTESIAN_POINT('',(3.946524486973,4.129219159624));
#3332 = CARTESIAN_POINT('',(3.87711846008,3.724876573419));
#3333 = CARTESIAN_POINT('',(3.830539819385,3.467431157711));
#3334 = CARTESIAN_POINT('',(3.781486285914,3.211354925524));
#3335 = CARTESIAN_POINT('',(3.728937113386,2.957402230998));
#3336 = CARTESIAN_POINT('',(3.672274664126,2.707425837927));
#3337 = CARTESIAN_POINT('',(3.610551727673,2.465169654577));
#3338 = CARTESIAN_POINT('',(3.480952354871,2.048595116005));
#3339 = CARTESIAN_POINT('',(3.406989820914,1.841983402116));
#3340 = CARTESIAN_POINT('',(3.322324089205,1.661854937708));
#3341 = CARTESIAN_POINT('',(3.230725590652,1.547073758312));
#3342 = CARTESIAN_POINT('',(3.136683776453,1.530748124749));
#3343 = CARTESIAN_POINT('',(3.046298079148,1.605265133208));
#3344 = CARTESIAN_POINT('',(2.909703424054,1.795165154849));
#3345 = CARTESIAN_POINT('',(2.84887638583,1.917781641831));
#3346 = CARTESIAN_POINT('',(2.789684815353,2.070558640753));
#3347 = CARTESIAN_POINT('',(2.731778875425,2.250680403425));
#3348 = CARTESIAN_POINT('',(2.674870496744,2.456204210714));
#3349 = CARTESIAN_POINT('',(2.61861027314,2.685810442368));
#3350 = CARTESIAN_POINT('',(2.501710485991,3.215497357042));
#3351 = CARTESIAN_POINT('',(2.445306974835,3.501137654568));
#3352 = CARTESIAN_POINT('',(2.392008889937,3.793053052639));
#3353 = CARTESIAN_POINT('',(2.341254142002,4.089759862001));
#3354 = CARTESIAN_POINT('',(2.292504369729,4.390124967362));
#3355 = CARTESIAN_POINT('',(2.245418410142,4.693603349229));
#3356 = CARTESIAN_POINT('',(2.19967125229,5.));
#3357 = ( GEOMETRIC_REPRESENTATION_CONTEXT(2) 
PARAMETRIC_REPRESENTATION_CONTEXT() REPRESENTATION_CONTEXT('2D SPACE',''
  ) );
#3358 = ORIENTED_EDGE('',*,*,#2563,.T.);
#3359 = ADVANCED_FACE('',(#3360),#2551,.F.);
#3360 = FACE_BOUND('',#3361,.F.);
#3361 = EDGE_LOOP('',(#3362,#3363));
#3362 = ORIENTED_EDGE('',*,*,#2532,.F.);
#3363 = ORIENTED_EDGE('',*,*,#3251,.F.);
#3364 = ( GEOMETRIC_REPRESENTATION_CONTEXT(3) 
GLOBAL_UNCERTAINTY_ASSIGNED_CONTEXT((#3368)) 
GLOBAL_UNIT_ASSIGNED_CONTEXT((#3365,#3366,#3367)) REPRESENTATION_CONTEXT
('Context #1','3D Context with UNIT and UNCERTAINTY') );
#3365 = ( LENGTH_UNIT() NAMED_UNIT(*) SI_UNIT(.MILLI.,.METRE.) );
#3366 = ( NAMED_UNIT(*) PLANE_ANGLE_UNIT() SI_UNIT($,.RADIAN.) );
#3367 = ( NAMED_UNIT(*) SI_UNIT($,.STERADIAN.) SOLID_ANGLE_UNIT() );
#3368 = UNCERTAINTY_MEASURE_WITH_UNIT(LENGTH_MEASURE(2.E-05),#3365,
  'distance_accuracy_value','confusion accuracy');
#3369 = PRODUCT_RELATED_PRODUCT_CATEGORY('part',$,(#7));
ENDSEC;
END-ISO-10303-21;
