ISO-10303-21;
HEADER;
FILE_DESCRIPTION(('Open CASCADE Model'),'2;1');
FILE_NAME('Open CASCADE Shape Model','2026-09-10T23:36:52',('Author'),(
    'Open CASCADE'),'Open CASCADE STEP processor 7.9','Open CASCADE 7.9'
  ,'Unknown');
FILE_SCHEMA(('AUTOMOTIVE_DESIGN { 1 0 10303 214 1 1 1 1 }'));
ENDSEC;
DATA;
#1 = APPLICATION_PROTOCOL_DEFINITION('international standard',
  'automotive_design',2000,#2);
#2 = APPLICATION_CONTEXT(
  'core data for automotive mechanical design processes');
#3 = SHAPE_DEFINITION_REPRESENTATION(#4,#10);
#4 = PRODUCT_DEFINITION_SHAPE('','',#5);
#5 = PRODUCT_DEFINITION('design','',#6,#9);
#6 = PRODUCT_DEFINITION_FORMATION('','',#7);
#7 = PRODUCT('Open CASCADE STEP translator 7.9 5',
  'Open CASCADE STEP translator 7.9 5','',(#8));
#8 = PRODUCT_CONTEXT('',#2,'mechanical');
#9 = PRODUCT_DEFINITION_CONTEXT('part definition',#2,'design');
#10 = ADVANCED_BREP_SHAPE_REPRESENTATION('',(#11,#15),#3477);
#11 = AXIS2_PLACEMENT_3D('',#12,#13,#14);
#12 = CARTESIAN_POINT('',(0.,0.,0.));
#13 = DIRECTION('',(0.,0.,1.));
#14 = DIRECTION('',(1.,0.,-0.));
#15 = MANIFOLD_SOLID_BREP('',#16);
#16 = CLOSED_SHELL('',(#17,#1613,#1648,#1833,#1903,#1930,#2005,#2170,
    #2523,#2557,#2627,#2654,#2704,#3090,#3194,#3298,#3329,#3392,#3470));
#17 = ADVANCED_FACE('',(#18,#884,#1079),#31,.T.);
#18 = FACE_BOUND('',#19,.F.);
#19 = EDGE_LOOP('',(#20,#54,#77,#138,#171,#197,#230,#309,#332,#393,#467,
    #490,#517,#518,#608,#609,#701,#734,#760,#793,#883));
#20 = ORIENTED_EDGE('',*,*,#21,.F.);
#21 = EDGE_CURVE('',#22,#22,#24,.T.);
#22 = VERTEX_POINT('',#23);
#23 = CARTESIAN_POINT('',(9.,0.,0.));
#24 = SURFACE_CURVE('',#25,(#30,#42),.PCURVE_S1.);
#25 = CIRCLE('',#26,9.);
#26 = AXIS2_PLACEMENT_3D('',#27,#28,#29);
#27 = CARTESIAN_POINT('',(0.,0.,0.));
#28 = DIRECTION('',(0.,0.,1.));
#29 = DIRECTION('',(1.,0.,0.));
#30 = PCURVE('',#31,#36);
#31 = CYLINDRICAL_SURFACE('',#32,9.);
#32 = AXIS2_PLACEMENT_3D('',#33,#34,#35);
#33 = CARTESIAN_POINT('',(0.,0.,0.));
#34 = DIRECTION('',(-0.,-0.,-1.));
#35 = DIRECTION('',(1.,0.,0.));
#36 = DEFINITIONAL_REPRESENTATION('',(#37),#41);
#37 = LINE('',#38,#39);
#38 = CARTESIAN_POINT('',(-0.,0.));
#39 = VECTOR('',#40,1.);
#40 = DIRECTION('',(-1.,0.));
#41 = ( GEOMETRIC_REPRESENTATION_CONTEXT(2) 
PARAMETRIC_REPRESENTATION_CONTEXT() REPRESENTATION_CONTEXT('2D SPACE',''
  ) );
#42 = PCURVE('',#43,#48);
#43 = PLANE('',#44);
#44 = AXIS2_PLACEMENT_3D('',#45,#46,#47);
#45 = CARTESIAN_POINT('',(-3.038755850088E-16,2.403571302733E-16,0.));
#46 = DIRECTION('',(0.,0.,1.));
#47 = DIRECTION('',(1.,0.,-0.));
#48 = DEFINITIONAL_REPRESENTATION('',(#49),#53);
#49 = CIRCLE('',#50,9.);
#50 = AXIS2_PLACEMENT_2D('',#51,#52);
#51 = CARTESIAN_POINT('',(3.038755850088E-16,-2.403571302733E-16));
#52 = DIRECTION('',(1.,0.));
#53 = ( GEOMETRIC_REPRESENTATION_CONTEXT(2) 
PARAMETRIC_REPRESENTATION_CONTEXT() REPRESENTATION_CONTEXT('2D SPACE',''
  ) );
#54 = ORIENTED_EDGE('',*,*,#55,.T.);
#55 = EDGE_CURVE('',#22,#56,#58,.T.);
#56 = VERTEX_POINT('',#57);
#57 = CARTESIAN_POINT('',(9.,0.,5.3));
#58 = SEAM_CURVE('',#59,(#63,#70),.PCURVE_S1.);
#59 = LINE('',#60,#61);
#60 = CARTESIAN_POINT('',(9.,0.,0.));
#61 = VECTOR('',#62,1.);
#62 = DIRECTION('',(0.,0.,1.));
#63 = PCURVE('',#31,#64);
#64 = DEFINITIONAL_REPRESENTATION('',(#65),#69);
#65 = LINE('',#66,#67);
#66 = CARTESIAN_POINT('',(-6.28318530718,0.));
#67 = VECTOR('',#68,1.);
#68 = DIRECTION('',(-0.,-1.));
#69 = ( GEOMETRIC_REPRESENTATION_CONTEXT(2) 
PARAMETRIC_REPRESENTATION_CONTEXT() REPRESENTATION_CONTEXT('2D SPACE',''
  ) );
#70 = PCURVE('',#31,#71);
#71 = DEFINITIONAL_REPRESENTATION('',(#72),#76);
#72 = LINE('',#73,#74);
#73 = CARTESIAN_POINT('',(-0.,0.));
#74 = VECTOR('',#75,1.);
#75 = DIRECTION('',(-0.,-1.));
#76 = ( GEOMETRIC_REPRESENTATION_CONTEXT(2) 
PARAMETRIC_REPRESENTATION_CONTEXT() REPRESENTATION_CONTEXT('2D SPACE',''
  ) );
#77 = ORIENTED_EDGE('',*,*,#78,.T.);
#78 = EDGE_CURVE('',#56,#79,#81,.T.);
#79 = VERTEX_POINT('',#80);
#80 = CARTESIAN_POINT('',(8.894380248224,1.374772708487,6.));
#81 = SURFACE_CURVE('',#82,(#97,#115),.PCURVE_S1.);
#82 = B_SPLINE_CURVE_WITH_KNOTS('',7,(#83,#84,#85,#86,#87,#88,#89,#90,
    #91,#92,#93,#94,#95,#96),.UNSPECIFIED.,.F.,.F.,(8,6,8),(0.,
    0.454526356338,1.),.UNSPECIFIED.);
#83 = CARTESIAN_POINT('',(9.,-1.561424668913E-16,5.3));
#84 = CARTESIAN_POINT('',(9.,0.205566853805,5.3));
#85 = CARTESIAN_POINT('',(8.994521992911,0.406993956125,5.329000225973)
  );
#86 = CARTESIAN_POINT('',(8.983964244023,0.599234658808,5.384899432508)
  );
#87 = CARTESIAN_POINT('',(8.969493626817,0.777848674392,5.464499896218)
  );
#88 = CARTESIAN_POINT('',(8.952831283134,0.939231958452,5.563553113018)
  );
#89 = CARTESIAN_POINT('',(8.935687146525,1.080942391636,5.676779335602)
  );
#90 = CARTESIAN_POINT('',(8.899768035035,1.34745968968,5.943296633646));
#91 = CARTESIAN_POINT('',(8.880867475851,1.466815248994,6.103675572888)
  );
#92 = CARTESIAN_POINT('',(8.864347228001,1.560893327052,6.274209165239)
  );
#93 = CARTESIAN_POINT('',(8.851327265483,1.63064333504,6.451475971697));
#94 = CARTESIAN_POINT('',(8.842437679535,1.676857290712,6.632889485777)
  );
#95 = CARTESIAN_POINT('',(8.837986195961,1.7,6.816361718458));
#96 = CARTESIAN_POINT('',(8.837986195961,1.7,7.));
#97 = PCURVE('',#31,#98);
#98 = DEFINITIONAL_REPRESENTATION('',(#99),#114);
#99 = B_SPLINE_CURVE_WITH_KNOTS('',7,(#100,#101,#102,#103,#104,#105,#106
    ,#107,#108,#109,#110,#111,#112,#113),.UNSPECIFIED.,.F.,.F.,(8,6,8),(
    0.,0.454526356338,1.),.UNSPECIFIED.);
#100 = CARTESIAN_POINT('',(0.,-5.3));
#101 = CARTESIAN_POINT('',(-2.284076153391E-02,-5.3));
#102 = CARTESIAN_POINT('',(-4.522156897125E-02,-5.329000225973));
#103 = CARTESIAN_POINT('',(-6.660100978561E-02,-5.384899432508));
#104 = CARTESIAN_POINT('',(-8.650216032541E-02,-5.464499896218));
#105 = CARTESIAN_POINT('',(-0.104524427533,-5.563553113018));
#106 = CARTESIAN_POINT('',(-0.120383363953,-5.676779335602));
#107 = CARTESIAN_POINT('',(-0.150264125493,-5.943296633646));
#108 = CARTESIAN_POINT('',(-0.163687523541,-6.103675572888));
#109 = CARTESIAN_POINT('',(-0.174299233325,-6.274209165239));
#110 = CARTESIAN_POINT('',(-0.182182974881,-6.451475971697));
#111 = CARTESIAN_POINT('',(-0.187411994415,-6.632889485777));
#112 = CARTESIAN_POINT('',(-0.190030543657,-6.816361718458));
#113 = CARTESIAN_POINT('',(-0.190030543657,-7.));
#114 = ( GEOMETRIC_REPRESENTATION_CONTEXT(2) 
PARAMETRIC_REPRESENTATION_CONTEXT() REPRESENTATION_CONTEXT('2D SPACE',''
  ) );
#115 = PCURVE('',#116,#121);
#116 = CYLINDRICAL_SURFACE('',#117,1.7);
#117 = AXIS2_PLACEMENT_3D('',#118,#119,#120);
#118 = CARTESIAN_POINT('',(0.,0.,7.));
#119 = DIRECTION('',(-1.,-0.,-0.));
#120 = DIRECTION('',(0.,1.,0.));
#121 = DEFINITIONAL_REPRESENTATION('',(#122),#137);
#122 = B_SPLINE_CURVE_WITH_KNOTS('',7,(#123,#124,#125,#126,#127,#128,
    #129,#130,#131,#132,#133,#134,#135,#136),.UNSPECIFIED.,.F.,.F.,(8,6,
    8),(0.,0.454526356338,1.),.UNSPECIFIED.);
#123 = CARTESIAN_POINT('',(-4.712388980385,-9.));
#124 = CARTESIAN_POINT('',(-4.833310659094,-9.));
#125 = CARTESIAN_POINT('',(-4.951797073661,-8.994521992911));
#126 = CARTESIAN_POINT('',(-5.067768315978,-8.983964244023));
#127 = CARTESIAN_POINT('',(-5.180974670102,-8.969493626817));
#128 = CARTESIAN_POINT('',(-5.290972898075,-8.952831283134));
#129 = CARTESIAN_POINT('',(-5.397012667545,-8.935687146525));
#130 = CARTESIAN_POINT('',(-5.61872583078,-8.899768035035));
#131 = CARTESIAN_POINT('',(-5.735080225953,-8.880867475851));
#132 = CARTESIAN_POINT('',(-5.848032065696,-8.864347228001));
#133 = CARTESIAN_POINT('',(-5.9584644698,-8.851327265483));
#134 = CARTESIAN_POINT('',(-6.067238185925,-8.842437679535));
#135 = CARTESIAN_POINT('',(-6.175162788626,-8.837986195961));
#136 = CARTESIAN_POINT('',(-6.28318530718,-8.837986195961));
#137 = ( GEOMETRIC_REPRESENTATION_CONTEXT(2) 
PARAMETRIC_REPRESENTATION_CONTEXT() REPRESENTATION_CONTEXT('2D SPACE',''
  ) );
#138 = ORIENTED_EDGE('',*,*,#139,.F.);
#139 = EDGE_CURVE('',#140,#79,#142,.T.);
#140 = VERTEX_POINT('',#141);
#141 = CARTESIAN_POINT('',(7.415524256585,5.1,6.));
#142 = SURFACE_CURVE('',#143,(#148,#155),.PCURVE_S1.);
#143 = CIRCLE('',#144,9.);
#144 = AXIS2_PLACEMENT_3D('',#145,#146,#147);
#145 = CARTESIAN_POINT('',(0.,0.,6.));
#146 = DIRECTION('',(0.,0.,-1.));
#147 = DIRECTION('',(1.,0.,0.));
#148 = PCURVE('',#31,#149);
#149 = DEFINITIONAL_REPRESENTATION('',(#150),#154);
#150 = LINE('',#151,#152);
#151 = CARTESIAN_POINT('',(-6.28318530718,-6.));
#152 = VECTOR('',#153,1.);
#153 = DIRECTION('',(1.,-0.));
#154 = ( GEOMETRIC_REPRESENTATION_CONTEXT(2) 
PARAMETRIC_REPRESENTATION_CONTEXT() REPRESENTATION_CONTEXT('2D SPACE',''
  ) );
#155 = PCURVE('',#156,#161);
#156 = PLANE('',#157);
#157 = AXIS2_PLACEMENT_3D('',#158,#159,#160);
#158 = CARTESIAN_POINT('',(-9.,5.1,6.));
#159 = DIRECTION('',(0.,0.,1.));
#160 = DIRECTION('',(0.,-1.,0.));
#161 = DEFINITIONAL_REPRESENTATION('',(#162),#170);
#162 = ( BOUNDED_CURVE() B_SPLINE_CURVE(2,(#163,#164,#165,#166,#167,#168
,#169),.UNSPECIFIED.,.T.,.F.) B_SPLINE_CURVE_WITH_KNOTS((1,2,2,2,2,1),(
    -2.094395102393,0.,2.094395102393,4.188790204786,6.28318530718,
8.377580409573),.UNSPECIFIED.) CURVE() GEOMETRIC_REPRESENTATION_ITEM() 
RATIONAL_B_SPLINE_CURVE((1.,0.5,1.,0.5,1.,0.5,1.)) REPRESENTATION_ITEM(
  '') );
#163 = CARTESIAN_POINT('',(5.1,18.));
#164 = CARTESIAN_POINT('',(20.68845726812,18.));
#165 = CARTESIAN_POINT('',(12.89422863406,4.5));
#166 = CARTESIAN_POINT('',(5.1,-9.));
#167 = CARTESIAN_POINT('',(-2.69422863406,4.5));
#168 = CARTESIAN_POINT('',(-10.48845726812,18.));
#169 = CARTESIAN_POINT('',(5.1,18.));
#170 = ( GEOMETRIC_REPRESENTATION_CONTEXT(2) 
PARAMETRIC_REPRESENTATION_CONTEXT() REPRESENTATION_CONTEXT('2D SPACE',''
  ) );
#171 = ORIENTED_EDGE('',*,*,#172,.F.);
#172 = EDGE_CURVE('',#173,#140,#175,.T.);
#173 = VERTEX_POINT('',#174);
#174 = CARTESIAN_POINT('',(7.415524256585,5.1,8.));
#175 = SURFACE_CURVE('',#176,(#180,#186),.PCURVE_S1.);
#176 = LINE('',#177,#178);
#177 = CARTESIAN_POINT('',(7.415524256585,5.1,0.));
#178 = VECTOR('',#179,1.);
#179 = DIRECTION('',(-0.,-0.,-1.));
#180 = PCURVE('',#31,#181);
#181 = DEFINITIONAL_REPRESENTATION('',(#182),#185);
#182 = B_SPLINE_CURVE_WITH_KNOTS('',1,(#183,#184),.UNSPECIFIED.,.F.,.F.,
  (2,2),(-8.2,-5.8),.PIECEWISE_BEZIER_KNOTS.);
#183 = CARTESIAN_POINT('',(-0.602454633385,-8.2));
#184 = CARTESIAN_POINT('',(-0.602454633385,-5.8));
#185 = ( GEOMETRIC_REPRESENTATION_CONTEXT(2) 
PARAMETRIC_REPRESENTATION_CONTEXT() REPRESENTATION_CONTEXT('2D SPACE',''
  ) );
#186 = PCURVE('',#187,#192);
#187 = PLANE('',#188);
#188 = AXIS2_PLACEMENT_3D('',#189,#190,#191);
#189 = CARTESIAN_POINT('',(-9.,5.1,6.));
#190 = DIRECTION('',(0.,-1.,0.));
#191 = DIRECTION('',(1.,0.,0.));
#192 = DEFINITIONAL_REPRESENTATION('',(#193),#196);
#193 = B_SPLINE_CURVE_WITH_KNOTS('',1,(#194,#195),.UNSPECIFIED.,.F.,.F.,
  (2,2),(-8.2,-5.8),.PIECEWISE_BEZIER_KNOTS.);
#194 = CARTESIAN_POINT('',(16.415524256585,2.2));
#195 = CARTESIAN_POINT('',(16.415524256585,-0.2));
#196 = ( GEOMETRIC_REPRESENTATION_CONTEXT(2) 
PARAMETRIC_REPRESENTATION_CONTEXT() REPRESENTATION_CONTEXT('2D SPACE',''
  ) );
#197 = ORIENTED_EDGE('',*,*,#198,.T.);
#198 = EDGE_CURVE('',#173,#199,#201,.T.);
#199 = VERTEX_POINT('',#200);
#200 = CARTESIAN_POINT('',(8.894380248224,1.374772708487,8.));
#201 = SURFACE_CURVE('',#202,(#207,#214),.PCURVE_S1.);
#202 = CIRCLE('',#203,9.);
#203 = AXIS2_PLACEMENT_3D('',#204,#205,#206);
#204 = CARTESIAN_POINT('',(0.,0.,8.));
#205 = DIRECTION('',(0.,0.,-1.));
#206 = DIRECTION('',(1.,0.,0.));
#207 = PCURVE('',#31,#208);
#208 = DEFINITIONAL_REPRESENTATION('',(#209),#213);
#209 = LINE('',#210,#211);
#210 = CARTESIAN_POINT('',(-6.28318530718,-8.));
#211 = VECTOR('',#212,1.);
#212 = DIRECTION('',(1.,-0.));
#213 = ( GEOMETRIC_REPRESENTATION_CONTEXT(2) 
PARAMETRIC_REPRESENTATION_CONTEXT() REPRESENTATION_CONTEXT('2D SPACE',''
  ) );
#214 = PCURVE('',#215,#220);
#215 = PLANE('',#216);
#216 = AXIS2_PLACEMENT_3D('',#217,#218,#219);
#217 = CARTESIAN_POINT('',(-9.,5.1,8.));
#218 = DIRECTION('',(0.,0.,1.));
#219 = DIRECTION('',(0.,-1.,0.));
#220 = DEFINITIONAL_REPRESENTATION('',(#221),#229);
#221 = ( BOUNDED_CURVE() B_SPLINE_CURVE(2,(#222,#223,#224,#225,#226,#227
,#228),.UNSPECIFIED.,.T.,.F.) B_SPLINE_CURVE_WITH_KNOTS((1,2,2,2,2,1),(
    -2.094395102393,0.,2.094395102393,4.188790204786,6.28318530718,
8.377580409573),.UNSPECIFIED.) CURVE() GEOMETRIC_REPRESENTATION_ITEM() 
RATIONAL_B_SPLINE_CURVE((1.,0.5,1.,0.5,1.,0.5,1.)) REPRESENTATION_ITEM(
  '') );
#222 = CARTESIAN_POINT('',(5.1,18.));
#223 = CARTESIAN_POINT('',(20.68845726812,18.));
#224 = CARTESIAN_POINT('',(12.89422863406,4.5));
#225 = CARTESIAN_POINT('',(5.1,-9.));
#226 = CARTESIAN_POINT('',(-2.69422863406,4.5));
#227 = CARTESIAN_POINT('',(-10.48845726812,18.));
#228 = CARTESIAN_POINT('',(5.1,18.));
#229 = ( GEOMETRIC_REPRESENTATION_CONTEXT(2) 
PARAMETRIC_REPRESENTATION_CONTEXT() REPRESENTATION_CONTEXT('2D SPACE',''
  ) );
#230 = ORIENTED_EDGE('',*,*,#231,.T.);
#231 = EDGE_CURVE('',#199,#232,#234,.T.);
#232 = VERTEX_POINT('',#233);
#233 = CARTESIAN_POINT('',(9.,0.,8.7));
#234 = SURFACE_CURVE('',#235,(#256,#280),.PCURVE_S1.);
#235 = B_SPLINE_CURVE_WITH_KNOTS('',7,(#236,#237,#238,#239,#240,#241,
    #242,#243,#244,#245,#246,#247,#248,#249,#250,#251,#252,#253,#254,
    #255),.UNSPECIFIED.,.F.,.F.,(8,6,6,8),(0.,0.502765481348,
    0.791066022653,1.),.UNSPECIFIED.);
#236 = CARTESIAN_POINT('',(8.837986195961,1.7,7.));
#237 = CARTESIAN_POINT('',(8.837986195961,1.7,7.169891311517));
#238 = CARTESIAN_POINT('',(8.841796214139,1.680192311408,7.339668904419)
  );
#239 = CARTESIAN_POINT('',(8.849407624614,1.640622545385,7.507794032547)
  );
#240 = CARTESIAN_POINT('',(8.860591911675,1.580968348426,7.672610770744)
  );
#241 = CARTESIAN_POINT('',(8.874884279006,1.500655292425,7.832140322781)
  );
#242 = CARTESIAN_POINT('',(8.891487721604,1.398956134796,7.983843707452)
  );
#243 = CARTESIAN_POINT('',(8.919361054864,1.204216992253,8.204731905852)
  );
#244 = CARTESIAN_POINT('',(8.929908201212,1.125825909265,8.281696745807)
  );
#245 = CARTESIAN_POINT('',(8.940594866109,1.040009590701,8.354228562919)
  );
#246 = CARTESIAN_POINT('',(8.951121408814,0.946854332451,8.421392873904)
  );
#247 = CARTESIAN_POINT('',(8.961145481103,0.8465468595,8.482211115678));
#248 = CARTESIAN_POINT('',(8.970299195153,0.739387980093,8.535652011251)
  );
#249 = CARTESIAN_POINT('',(8.983953102942,0.543502023604,8.613208747955)
  );
#250 = CARTESIAN_POINT('',(8.989040779055,0.457819898014,8.641348242225)
  );
#251 = CARTESIAN_POINT('',(8.993312520516,0.369315599469,8.664468222904)
  );
#252 = CARTESIAN_POINT('',(8.996624727153,0.278605878454,8.682131143106)
  );
#253 = CARTESIAN_POINT('',(8.998872748176,0.186354472228,8.694032099243)
  );
#254 = CARTESIAN_POINT('',(9.,9.325267423842E-02,8.7));
#255 = CARTESIAN_POINT('',(9.,2.602374448188E-16,8.7));
#256 = PCURVE('',#31,#257);
#257 = DEFINITIONAL_REPRESENTATION('',(#258),#279);
#258 = B_SPLINE_CURVE_WITH_KNOTS('',7,(#259,#260,#261,#262,#263,#264,
    #265,#266,#267,#268,#269,#270,#271,#272,#273,#274,#275,#276,#277,
    #278),.UNSPECIFIED.,.F.,.F.,(8,6,6,8),(0.,0.502765481348,
    0.791066022653,1.),.UNSPECIFIED.);
#259 = CARTESIAN_POINT('',(-0.190030543657,-7.));
#260 = CARTESIAN_POINT('',(-0.190030543657,-7.169891311517));
#261 = CARTESIAN_POINT('',(-0.187789345189,-7.339668904419));
#262 = CARTESIAN_POINT('',(-0.183312102444,-7.507794032547));
#263 = CARTESIAN_POINT('',(-0.176568455155,-7.672610770744));
#264 = CARTESIAN_POINT('',(-0.167505424582,-7.832140322781));
#265 = CARTESIAN_POINT('',(-0.15605812897,-7.983843707452));
#266 = CARTESIAN_POINT('',(-0.134199928162,-8.204731905852));
#267 = CARTESIAN_POINT('',(-0.125411638929,-8.281696745807));
#268 = CARTESIAN_POINT('',(-0.115803612363,-8.354228562919));
#269 = CARTESIAN_POINT('',(-0.105388499417,-8.421392873904));
#270 = CARTESIAN_POINT('',(-9.418943793719E-02,-8.482211115678));
#271 = CARTESIAN_POINT('',(-8.224099570756E-02,-8.535652011251));
#272 = CARTESIAN_POINT('',(-6.042307998981E-02,-8.613208747955));
#273 = CARTESIAN_POINT('',(-5.0886578188E-02,-8.641348242225));
#274 = CARTESIAN_POINT('',(-4.10423114052E-02,-8.664468222904));
#275 = CARTESIAN_POINT('',(-3.095802259327E-02,-8.682131143106));
#276 = CARTESIAN_POINT('',(-2.070605359208E-02,-8.694032099243));
#277 = CARTESIAN_POINT('',(-1.036140824871E-02,-8.7));
#278 = CARTESIAN_POINT('',(0.,-8.7));
#279 = ( GEOMETRIC_REPRESENTATION_CONTEXT(2) 
PARAMETRIC_REPRESENTATION_CONTEXT() REPRESENTATION_CONTEXT('2D SPACE',''
  ) );
#280 = PCURVE('',#281,#286);
#281 = CYLINDRICAL_SURFACE('',#282,1.7);
#282 = AXIS2_PLACEMENT_3D('',#283,#284,#285);
#283 = CARTESIAN_POINT('',(0.,0.,7.));
#284 = DIRECTION('',(-1.,-0.,-0.));
#285 = DIRECTION('',(0.,1.,0.));
#286 = DEFINITIONAL_REPRESENTATION('',(#287),#308);
#287 = B_SPLINE_CURVE_WITH_KNOTS('',7,(#288,#289,#290,#291,#292,#293,
    #294,#295,#296,#297,#298,#299,#300,#301,#302,#303,#304,#305,#306,
    #307),.UNSPECIFIED.,.F.,.F.,(8,6,6,8),(0.,0.502765481348,
    0.791066022653,1.),.UNSPECIFIED.);
#288 = CARTESIAN_POINT('',(0.,-8.837986195961));
#289 = CARTESIAN_POINT('',(-9.993606559797E-02,-8.837986195961));
#290 = CARTESIAN_POINT('',(-0.199805113283,-8.841796214139));
#291 = CARTESIAN_POINT('',(-0.300333016227,-8.849407624614));
#292 = CARTESIAN_POINT('',(-0.402163776168,-8.860591911675));
#293 = CARTESIAN_POINT('',(-0.505975931586,-8.874884279006));
#294 = CARTESIAN_POINT('',(-0.612475583701,-8.891487721604));
#295 = CARTESIAN_POINT('',(-0.785695576864,-8.919361054864));
#296 = CARTESIAN_POINT('',(-0.85015042659,-8.929908201212));
#297 = CARTESIAN_POINT('',(-0.915948359601,-8.940594866109));
#298 = CARTESIAN_POINT('',(-0.983132782112,-8.951121408814));
#299 = CARTESIAN_POINT('',(-1.051769227451,-8.961145481103));
#300 = CARTESIAN_POINT('',(-1.121949709471,-8.970299195153));
#301 = CARTESIAN_POINT('',(-1.245879530216,-8.983953102942));
#302 = CARTESIAN_POINT('',(-1.298834849599,-8.989040779055));
#303 = CARTESIAN_POINT('',(-1.35247744506,-8.993312520516));
#304 = CARTESIAN_POINT('',(-1.406640889633,-8.996624727153));
#305 = CARTESIAN_POINT('',(-1.461176059973,-8.998872748176));
#306 = CARTESIAN_POINT('',(-1.515941812537,-9.));
#307 = CARTESIAN_POINT('',(-1.570796326795,-9.));
#308 = ( GEOMETRIC_REPRESENTATION_CONTEXT(2) 
PARAMETRIC_REPRESENTATION_CONTEXT() REPRESENTATION_CONTEXT('2D SPACE',''
  ) );
#309 = ORIENTED_EDGE('',*,*,#310,.T.);
#310 = EDGE_CURVE('',#232,#311,#313,.T.);
#311 = VERTEX_POINT('',#312);
#312 = CARTESIAN_POINT('',(9.,0.,23.3));
#313 = SEAM_CURVE('',#314,(#318,#325),.PCURVE_S1.);
#314 = LINE('',#315,#316);
#315 = CARTESIAN_POINT('',(9.,0.,0.));
#316 = VECTOR('',#317,1.);
#317 = DIRECTION('',(0.,0.,1.));
#318 = PCURVE('',#31,#319);
#319 = DEFINITIONAL_REPRESENTATION('',(#320),#324);
#320 = LINE('',#321,#322);
#321 = CARTESIAN_POINT('',(-6.28318530718,0.));
#322 = VECTOR('',#323,1.);
#323 = DIRECTION('',(-0.,-1.));
#324 = ( GEOMETRIC_REPRESENTATION_CONTEXT(2) 
PARAMETRIC_REPRESENTATION_CONTEXT() REPRESENTATION_CONTEXT('2D SPACE',''
  ) );
#325 = PCURVE('',#31,#326);
#326 = DEFINITIONAL_REPRESENTATION('',(#327),#331);
#327 = LINE('',#328,#329);
#328 = CARTESIAN_POINT('',(-0.,0.));
#329 = VECTOR('',#330,1.);
#330 = DIRECTION('',(-0.,-1.));
#331 = ( GEOMETRIC_REPRESENTATION_CONTEXT(2) 
PARAMETRIC_REPRESENTATION_CONTEXT() REPRESENTATION_CONTEXT('2D SPACE',''
  ) );
#332 = ORIENTED_EDGE('',*,*,#333,.T.);
#333 = EDGE_CURVE('',#311,#334,#336,.T.);
#334 = VERTEX_POINT('',#335);
#335 = CARTESIAN_POINT('',(8.837986195961,1.7,25.));
#336 = SURFACE_CURVE('',#337,(#352,#370),.PCURVE_S1.);
#337 = B_SPLINE_CURVE_WITH_KNOTS('',7,(#338,#339,#340,#341,#342,#343,
    #344,#345,#346,#347,#348,#349,#350,#351),.UNSPECIFIED.,.F.,.F.,(8,6,
    8),(0.,0.454526356338,1.),.UNSPECIFIED.);
#338 = CARTESIAN_POINT('',(9.,-1.561424668913E-16,23.3));
#339 = CARTESIAN_POINT('',(9.,0.205566853805,23.3));
#340 = CARTESIAN_POINT('',(8.994521992911,0.406993956125,23.329000225973
    ));
#341 = CARTESIAN_POINT('',(8.983964244023,0.599234658808,23.384899432508
    ));
#342 = CARTESIAN_POINT('',(8.969493626817,0.777848674392,23.464499896218
    ));
#343 = CARTESIAN_POINT('',(8.952831283134,0.939231958452,23.563553113018
    ));
#344 = CARTESIAN_POINT('',(8.935687146525,1.080942391636,23.676779335602
    ));
#345 = CARTESIAN_POINT('',(8.899768035035,1.34745968968,23.943296633646)
  );
#346 = CARTESIAN_POINT('',(8.880867475851,1.466815248994,24.103675572888
    ));
#347 = CARTESIAN_POINT('',(8.864347228001,1.560893327052,24.274209165239
    ));
#348 = CARTESIAN_POINT('',(8.851327265483,1.63064333504,24.451475971698)
  );
#349 = CARTESIAN_POINT('',(8.842437679535,1.676857290712,24.632889485777
    ));
#350 = CARTESIAN_POINT('',(8.837986195961,1.7,24.816361718458));
#351 = CARTESIAN_POINT('',(8.837986195961,1.7,25.));
#352 = PCURVE('',#31,#353);
#353 = DEFINITIONAL_REPRESENTATION('',(#354),#369);
#354 = B_SPLINE_CURVE_WITH_KNOTS('',7,(#355,#356,#357,#358,#359,#360,
    #361,#362,#363,#364,#365,#366,#367,#368),.UNSPECIFIED.,.F.,.F.,(8,6,
    8),(0.,0.454526356338,1.),.UNSPECIFIED.);
#355 = CARTESIAN_POINT('',(0.,-23.3));
#356 = CARTESIAN_POINT('',(-2.284076153391E-02,-23.3));
#357 = CARTESIAN_POINT('',(-4.522156897125E-02,-23.32900022597));
#358 = CARTESIAN_POINT('',(-6.660100978561E-02,-23.3848994325));
#359 = CARTESIAN_POINT('',(-8.650216032542E-02,-23.46449989621));
#360 = CARTESIAN_POINT('',(-0.104524427533,-23.56355311301));
#361 = CARTESIAN_POINT('',(-0.120383363953,-23.6767793356));
#362 = CARTESIAN_POINT('',(-0.150264125493,-23.94329663364));
#363 = CARTESIAN_POINT('',(-0.163687523541,-24.10367557288));
#364 = CARTESIAN_POINT('',(-0.174299233325,-24.27420916524));
#365 = CARTESIAN_POINT('',(-0.182182974881,-24.45147597169));
#366 = CARTESIAN_POINT('',(-0.187411994415,-24.63288948577));
#367 = CARTESIAN_POINT('',(-0.190030543657,-24.81636171845));
#368 = CARTESIAN_POINT('',(-0.190030543657,-25.));
#369 = ( GEOMETRIC_REPRESENTATION_CONTEXT(2) 
PARAMETRIC_REPRESENTATION_CONTEXT() REPRESENTATION_CONTEXT('2D SPACE',''
  ) );
#370 = PCURVE('',#371,#376);
#371 = CYLINDRICAL_SURFACE('',#372,1.7);
#372 = AXIS2_PLACEMENT_3D('',#373,#374,#375);
#373 = CARTESIAN_POINT('',(0.,0.,25.));
#374 = DIRECTION('',(-1.,-0.,-0.));
#375 = DIRECTION('',(0.,1.,0.));
#376 = DEFINITIONAL_REPRESENTATION('',(#377),#392);
#377 = B_SPLINE_CURVE_WITH_KNOTS('',7,(#378,#379,#380,#381,#382,#383,
    #384,#385,#386,#387,#388,#389,#390,#391),.UNSPECIFIED.,.F.,.F.,(8,6,
    8),(0.,0.454526356338,1.),.UNSPECIFIED.);
#378 = CARTESIAN_POINT('',(-4.712388980385,-9.));
#379 = CARTESIAN_POINT('',(-4.833310659094,-9.));
#380 = CARTESIAN_POINT('',(-4.951797073661,-8.994521992911));
#381 = CARTESIAN_POINT('',(-5.067768315978,-8.983964244023));
#382 = CARTESIAN_POINT('',(-5.180974670102,-8.969493626817));
#383 = CARTESIAN_POINT('',(-5.290972898075,-8.952831283134));
#384 = CARTESIAN_POINT('',(-5.397012667545,-8.935687146525));
#385 = CARTESIAN_POINT('',(-5.61872583078,-8.899768035035));
#386 = CARTESIAN_POINT('',(-5.735080225953,-8.880867475851));
#387 = CARTESIAN_POINT('',(-5.848032065696,-8.864347228001));
#388 = CARTESIAN_POINT('',(-5.9584644698,-8.851327265483));
#389 = CARTESIAN_POINT('',(-6.067238185925,-8.842437679535));
#390 = CARTESIAN_POINT('',(-6.175162788626,-8.837986195961));
#391 = CARTESIAN_POINT('',(-6.28318530718,-8.837986195961));
#392 = ( GEOMETRIC_REPRESENTATION_CONTEXT(2) 
PARAMETRIC_REPRESENTATION_CONTEXT() REPRESENTATION_CONTEXT('2D SPACE',''
  ) );
#393 = ORIENTED_EDGE('',*,*,#394,.T.);
#394 = EDGE_CURVE('',#334,#395,#397,.T.);
#395 = VERTEX_POINT('',#396);
#396 = CARTESIAN_POINT('',(9.,0.,26.7));
#397 = SURFACE_CURVE('',#398,(#419,#443),.PCURVE_S1.);
#398 = B_SPLINE_CURVE_WITH_KNOTS('',7,(#399,#400,#401,#402,#403,#404,
    #405,#406,#407,#408,#409,#410,#411,#412,#413,#414,#415,#416,#417,
    #418),.UNSPECIFIED.,.F.,.F.,(8,6,6,8),(0.,0.502765481339,
    0.791066022646,1.),.UNSPECIFIED.);
#399 = CARTESIAN_POINT('',(8.837986195961,1.7,25.));
#400 = CARTESIAN_POINT('',(8.837986195961,1.7,25.169891311517));
#401 = CARTESIAN_POINT('',(8.841796214139,1.680192311408,25.339668904419
    ));
#402 = CARTESIAN_POINT('',(8.849407624614,1.640622545385,25.507794032547
    ));
#403 = CARTESIAN_POINT('',(8.860591911675,1.580968348426,25.672610770743
    ));
#404 = CARTESIAN_POINT('',(8.874884279006,1.500655292425,25.832140322781
    ));
#405 = CARTESIAN_POINT('',(8.891487721604,1.398956134796,25.983843707452
    ));
#406 = CARTESIAN_POINT('',(8.919361054864,1.204216992251,26.204731905854
    ));
#407 = CARTESIAN_POINT('',(8.929908201212,1.125825909265,26.281696745806
    ));
#408 = CARTESIAN_POINT('',(8.940594866109,1.040009590703,26.354228562917
    ));
#409 = CARTESIAN_POINT('',(8.951121408814,0.946854332453,26.421392873903
    ));
#410 = CARTESIAN_POINT('',(8.961145481103,0.846546859499,26.482211115679
    ));
#411 = CARTESIAN_POINT('',(8.970299195154,0.739387980091,26.535652011252
    ));
#412 = CARTESIAN_POINT('',(8.983953102942,0.543502023604,26.613208747955
    ));
#413 = CARTESIAN_POINT('',(8.989040779055,0.457819898014,26.641348242225
    ));
#414 = CARTESIAN_POINT('',(8.993312520516,0.369315599469,26.664468222904
    ));
#415 = CARTESIAN_POINT('',(8.996624727153,0.278605878454,26.682131143106
    ));
#416 = CARTESIAN_POINT('',(8.998872748176,0.186354472228,26.694032099243
    ));
#417 = CARTESIAN_POINT('',(9.,9.325267423842E-02,26.7));
#418 = CARTESIAN_POINT('',(9.,2.602374448188E-16,26.7));
#419 = PCURVE('',#31,#420);
#420 = DEFINITIONAL_REPRESENTATION('',(#421),#442);
#421 = B_SPLINE_CURVE_WITH_KNOTS('',7,(#422,#423,#424,#425,#426,#427,
    #428,#429,#430,#431,#432,#433,#434,#435,#436,#437,#438,#439,#440,
    #441),.UNSPECIFIED.,.F.,.F.,(8,6,6,8),(0.,0.502765481339,
    0.791066022646,1.),.UNSPECIFIED.);
#422 = CARTESIAN_POINT('',(-0.190030543657,-25.));
#423 = CARTESIAN_POINT('',(-0.190030543657,-25.16989131151));
#424 = CARTESIAN_POINT('',(-0.187789345189,-25.33966890441));
#425 = CARTESIAN_POINT('',(-0.183312102444,-25.50779403254));
#426 = CARTESIAN_POINT('',(-0.176568455155,-25.67261077074));
#427 = CARTESIAN_POINT('',(-0.167505424582,-25.83214032278));
#428 = CARTESIAN_POINT('',(-0.15605812897,-25.98384370745));
#429 = CARTESIAN_POINT('',(-0.134199928162,-26.20473190585));
#430 = CARTESIAN_POINT('',(-0.125411638929,-26.2816967458));
#431 = CARTESIAN_POINT('',(-0.115803612363,-26.35422856291));
#432 = CARTESIAN_POINT('',(-0.105388499418,-26.4213928739));
#433 = CARTESIAN_POINT('',(-9.418943793717E-02,-26.48221111567));
#434 = CARTESIAN_POINT('',(-8.224099570728E-02,-26.53565201125));
#435 = CARTESIAN_POINT('',(-6.042307998981E-02,-26.61320874795));
#436 = CARTESIAN_POINT('',(-5.088657818801E-02,-26.64134824222));
#437 = CARTESIAN_POINT('',(-4.10423114052E-02,-26.6644682229));
#438 = CARTESIAN_POINT('',(-3.095802259326E-02,-26.6821311431));
#439 = CARTESIAN_POINT('',(-2.070605359208E-02,-26.69403209924));
#440 = CARTESIAN_POINT('',(-1.036140824871E-02,-26.7));
#441 = CARTESIAN_POINT('',(0.,-26.7));
#442 = ( GEOMETRIC_REPRESENTATION_CONTEXT(2) 
PARAMETRIC_REPRESENTATION_CONTEXT() REPRESENTATION_CONTEXT('2D SPACE',''
  ) );
#443 = PCURVE('',#371,#444);
#444 = DEFINITIONAL_REPRESENTATION('',(#445),#466);
#445 = B_SPLINE_CURVE_WITH_KNOTS('',7,(#446,#447,#448,#449,#450,#451,
    #452,#453,#454,#455,#456,#457,#458,#459,#460,#461,#462,#463,#464,
    #465),.UNSPECIFIED.,.F.,.F.,(8,6,6,8),(0.,0.502765481339,
    0.791066022646,1.),.UNSPECIFIED.);
#446 = CARTESIAN_POINT('',(0.,-8.837986195961));
#447 = CARTESIAN_POINT('',(-9.993606559798E-02,-8.837986195961));
#448 = CARTESIAN_POINT('',(-0.199805113283,-8.841796214139));
#449 = CARTESIAN_POINT('',(-0.300333016227,-8.849407624614));
#450 = CARTESIAN_POINT('',(-0.402163776168,-8.860591911675));
#451 = CARTESIAN_POINT('',(-0.505975931586,-8.874884279006));
#452 = CARTESIAN_POINT('',(-0.612475583701,-8.891487721604));
#453 = CARTESIAN_POINT('',(-0.785695576866,-8.919361054864));
#454 = CARTESIAN_POINT('',(-0.85015042659,-8.929908201212));
#455 = CARTESIAN_POINT('',(-0.915948359599,-8.940594866109));
#456 = CARTESIAN_POINT('',(-0.983132782111,-8.951121408814));
#457 = CARTESIAN_POINT('',(-1.051769227451,-8.961145481103));
#458 = CARTESIAN_POINT('',(-1.121949709473,-8.970299195154));
#459 = CARTESIAN_POINT('',(-1.245879530216,-8.983953102942));
#460 = CARTESIAN_POINT('',(-1.298834849599,-8.989040779055));
#461 = CARTESIAN_POINT('',(-1.35247744506,-8.993312520516));
#462 = CARTESIAN_POINT('',(-1.406640889633,-8.996624727153));
#463 = CARTESIAN_POINT('',(-1.461176059973,-8.998872748176));
#464 = CARTESIAN_POINT('',(-1.515941812537,-9.));
#465 = CARTESIAN_POINT('',(-1.570796326795,-9.));
#466 = ( GEOMETRIC_REPRESENTATION_CONTEXT(2) 
PARAMETRIC_REPRESENTATION_CONTEXT() REPRESENTATION_CONTEXT('2D SPACE',''
  ) );
#467 = ORIENTED_EDGE('',*,*,#468,.T.);
#468 = EDGE_CURVE('',#395,#469,#471,.T.);
#469 = VERTEX_POINT('',#470);
#470 = CARTESIAN_POINT('',(9.,0.,32.));
#471 = SEAM_CURVE('',#472,(#476,#483),.PCURVE_S1.);
#472 = LINE('',#473,#474);
#473 = CARTESIAN_POINT('',(9.,0.,0.));
#474 = VECTOR('',#475,1.);
#475 = DIRECTION('',(0.,0.,1.));
#476 = PCURVE('',#31,#477);
#477 = DEFINITIONAL_REPRESENTATION('',(#478),#482);
#478 = LINE('',#479,#480);
#479 = CARTESIAN_POINT('',(-6.28318530718,0.));
#480 = VECTOR('',#481,1.);
#481 = DIRECTION('',(-0.,-1.));
#482 = ( GEOMETRIC_REPRESENTATION_CONTEXT(2) 
PARAMETRIC_REPRESENTATION_CONTEXT() REPRESENTATION_CONTEXT('2D SPACE',''
  ) );
#483 = PCURVE('',#31,#484);
#484 = DEFINITIONAL_REPRESENTATION('',(#485),#489);
#485 = LINE('',#486,#487);
#486 = CARTESIAN_POINT('',(-0.,0.));
#487 = VECTOR('',#488,1.);
#488 = DIRECTION('',(-0.,-1.));
#489 = ( GEOMETRIC_REPRESENTATION_CONTEXT(2) 
PARAMETRIC_REPRESENTATION_CONTEXT() REPRESENTATION_CONTEXT('2D SPACE',''
  ) );
#490 = ORIENTED_EDGE('',*,*,#491,.T.);
#491 = EDGE_CURVE('',#469,#469,#492,.T.);
#492 = SURFACE_CURVE('',#493,(#498,#505),.PCURVE_S1.);
#493 = CIRCLE('',#494,9.);
#494 = AXIS2_PLACEMENT_3D('',#495,#496,#497);
#495 = CARTESIAN_POINT('',(0.,0.,32.));
#496 = DIRECTION('',(0.,0.,1.));
#497 = DIRECTION('',(1.,0.,0.));
#498 = PCURVE('',#31,#499);
#499 = DEFINITIONAL_REPRESENTATION('',(#500),#504);
#500 = LINE('',#501,#502);
#501 = CARTESIAN_POINT('',(-0.,-32.));
#502 = VECTOR('',#503,1.);
#503 = DIRECTION('',(-1.,0.));
#504 = ( GEOMETRIC_REPRESENTATION_CONTEXT(2) 
PARAMETRIC_REPRESENTATION_CONTEXT() REPRESENTATION_CONTEXT('2D SPACE',''
  ) );
#505 = PCURVE('',#506,#511);
#506 = PLANE('',#507);
#507 = AXIS2_PLACEMENT_3D('',#508,#509,#510);
#508 = CARTESIAN_POINT('',(-3.038755850088E-16,2.403571302733E-16,32.));
#509 = DIRECTION('',(0.,0.,1.));
#510 = DIRECTION('',(1.,0.,-0.));
#511 = DEFINITIONAL_REPRESENTATION('',(#512),#516);
#512 = CIRCLE('',#513,9.);
#513 = AXIS2_PLACEMENT_2D('',#514,#515);
#514 = CARTESIAN_POINT('',(3.038755850088E-16,-2.403571302733E-16));
#515 = DIRECTION('',(1.,0.));
#516 = ( GEOMETRIC_REPRESENTATION_CONTEXT(2) 
PARAMETRIC_REPRESENTATION_CONTEXT() REPRESENTATION_CONTEXT('2D SPACE',''
  ) );
#517 = ORIENTED_EDGE('',*,*,#468,.F.);
#518 = ORIENTED_EDGE('',*,*,#519,.T.);
#519 = EDGE_CURVE('',#395,#311,#520,.T.);
#520 = SURFACE_CURVE('',#521,(#548,#578),.PCURVE_S1.);
#521 = B_SPLINE_CURVE_WITH_KNOTS('',7,(#522,#523,#524,#525,#526,#527,
    #528,#529,#530,#531,#532,#533,#534,#535,#536,#537,#538,#539,#540,
    #541,#542,#543,#544,#545,#546,#547),.UNSPECIFIED.,.F.,.F.,(8,6,6,6,8
    ),(0.,0.24733759164,0.500047706176,0.752758172897,1.),
  .UNSPECIFIED.);
#522 = CARTESIAN_POINT('',(9.,-8.881784197001E-16,26.7));
#523 = CARTESIAN_POINT('',(9.,-0.22441275593,26.7));
#524 = CARTESIAN_POINT('',(8.993471473126,-0.443171291573,
    26.665438792687));
#525 = CARTESIAN_POINT('',(8.981008323178,-0.650103756295,
    26.599448960801));
#526 = CARTESIAN_POINT('',(8.964221351347,-0.840009524552,
    26.506331227882));
#527 = CARTESIAN_POINT('',(8.945365589232,-1.008833085188,26.39153379829
    ));
#528 = CARTESIAN_POINT('',(8.926540819095,-1.154055028592,
    26.261629485027));
#529 = CARTESIAN_POINT('',(8.891488054975,-1.398953805677,
    25.983846349319));
#530 = CARTESIAN_POINT('',(8.874884303715,-1.500655648817,
    25.832141292663));
#531 = CARTESIAN_POINT('',(8.860591586308,-1.580970019638,
    25.672608310083));
#532 = CARTESIAN_POINT('',(8.849407425624,-1.640623584542,
    25.507790175162));
#533 = CARTESIAN_POINT('',(8.841796206436,-1.680192353035,
    25.339666415257));
#534 = CARTESIAN_POINT('',(8.837986195961,-1.7,25.169891074751));
#535 = CARTESIAN_POINT('',(8.837986195961,-1.7,24.830108688483));
#536 = CARTESIAN_POINT('',(8.841796214139,-1.680192311408,
    24.660331095581));
#537 = CARTESIAN_POINT('',(8.849407624614,-1.640622545385,
    24.492205967453));
#538 = CARTESIAN_POINT('',(8.860591911675,-1.580968348426,
    24.327389229257));
#539 = CARTESIAN_POINT('',(8.874884279006,-1.500655292425,
    24.167859677219));
#540 = CARTESIAN_POINT('',(8.891487721604,-1.398956134796,
    24.016156292548));
#541 = CARTESIAN_POINT('',(8.926534408115,-1.154099819387,
    23.738421320157));
#542 = CARTESIAN_POINT('',(8.945361070366,-1.008874761971,
    23.608487692328));
#543 = CARTESIAN_POINT('',(8.964224112991,-0.840004718289,
    23.493646446455));
#544 = CARTESIAN_POINT('',(8.981016482942,-0.650034958984,
    23.400507930441));
#545 = CARTESIAN_POINT('',(8.993477194684,-0.443058242207,23.33453090504
    ));
#546 = CARTESIAN_POINT('',(9.,-0.224314365147,23.3));
#547 = CARTESIAN_POINT('',(9.,-1.33226762955E-15,23.3));
#548 = PCURVE('',#31,#549);
#549 = DEFINITIONAL_REPRESENTATION('',(#550),#577);
#550 = B_SPLINE_CURVE_WITH_KNOTS('',7,(#551,#552,#553,#554,#555,#556,
    #557,#558,#559,#560,#561,#562,#563,#564,#565,#566,#567,#568,#569,
    #570,#571,#572,#573,#574,#575,#576),.UNSPECIFIED.,.F.,.F.,(8,6,6,6,8
    ),(0.,0.24733759164,0.500047706176,0.752758172897,1.),
  .UNSPECIFIED.);
#551 = CARTESIAN_POINT('',(-6.28318530718,-26.7));
#552 = CARTESIAN_POINT('',(-6.258250556521,-26.7));
#553 = CARTESIAN_POINT('',(-6.233944025279,-26.66543879268));
#554 = CARTESIAN_POINT('',(-6.210926358026,-26.5994489608));
#555 = CARTESIAN_POINT('',(-6.18975505706,-26.50633122788));
#556 = CARTESIAN_POINT('',(-6.170885054124,-26.39153379829));
#557 = CARTESIAN_POINT('',(-6.154615732834,-26.26162948502));
#558 = CARTESIAN_POINT('',(-6.127127439638,-25.98384634931));
#559 = CARTESIAN_POINT('',(-6.11567984382,-25.83214129266));
#560 = CARTESIAN_POINT('',(-6.106616663154,-25.67260831008));
#561 = CARTESIAN_POINT('',(-6.099873087012,-25.50779017516));
#562 = CARTESIAN_POINT('',(-6.095395957334,-25.33966641525));
#563 = CARTESIAN_POINT('',(-6.093154763523,-25.16989107475));
#564 = CARTESIAN_POINT('',(-6.093154763523,-24.83010868848));
#565 = CARTESIAN_POINT('',(-6.095395961991,-24.66033109558));
#566 = CARTESIAN_POINT('',(-6.099873204736,-24.49220596745));
#567 = CARTESIAN_POINT('',(-6.106616852025,-24.32738922925));
#568 = CARTESIAN_POINT('',(-6.115679882598,-24.16785967721));
#569 = CARTESIAN_POINT('',(-6.12712717821,-24.01615629254));
#570 = CARTESIAN_POINT('',(-6.154610705359,-23.73842132015));
#571 = CARTESIAN_POINT('',(-6.170880398276,-23.60848769232));
#572 = CARTESIAN_POINT('',(-6.189755627476,-23.49364644645));
#573 = CARTESIAN_POINT('',(-6.21093403797,-23.40050793044));
#574 = CARTESIAN_POINT('',(-6.233956585901,-23.33453090504));
#575 = CARTESIAN_POINT('',(-6.25826148883,-23.3));
#576 = CARTESIAN_POINT('',(-6.28318530718,-23.3));
#577 = ( GEOMETRIC_REPRESENTATION_CONTEXT(2) 
PARAMETRIC_REPRESENTATION_CONTEXT() REPRESENTATION_CONTEXT('2D SPACE',''
  ) );
#578 = PCURVE('',#371,#579);
#579 = DEFINITIONAL_REPRESENTATION('',(#580),#607);
#580 = B_SPLINE_CURVE_WITH_KNOTS('',7,(#581,#582,#583,#584,#585,#586,
    #587,#588,#589,#590,#591,#592,#593,#594,#595,#596,#597,#598,#599,
    #600,#601,#602,#603,#604,#605,#606),.UNSPECIFIED.,.F.,.F.,(8,6,6,6,8
    ),(0.,0.24733759164,0.500047706176,0.752758172897,1.),
  .UNSPECIFIED.);
#581 = CARTESIAN_POINT('',(-1.570796326795,-9.));
#582 = CARTESIAN_POINT('',(-1.702803830283,-9.));
#583 = CARTESIAN_POINT('',(-1.831485236234,-8.993471473126));
#584 = CARTESIAN_POINT('',(-1.956967758867,-8.981008323178));
#585 = CARTESIAN_POINT('',(-2.079096910068,-8.964221351347));
#586 = CARTESIAN_POINT('',(-2.197466505134,-8.945365589232));
#587 = CARTESIAN_POINT('',(-2.311278132178,-8.926540819095));
#588 = CARTESIAN_POINT('',(-2.529114998143,-8.891488054975));
#589 = CARTESIAN_POINT('',(-2.635616430932,-8.874884303715));
#590 = CARTESIAN_POINT('',(-2.739430499355,-8.860591586308));
#591 = CARTESIAN_POINT('',(-2.841261932671,-8.849407425624));
#592 = CARTESIAN_POINT('',(-2.941788996828,-8.841796206436));
#593 = CARTESIAN_POINT('',(-3.041656727266,-8.837986195961));
#594 = CARTESIAN_POINT('',(-3.241528719188,-8.837986195961));
#595 = CARTESIAN_POINT('',(-3.341397766873,-8.841796214139));
#596 = CARTESIAN_POINT('',(-3.441925669817,-8.849407624614));
#597 = CARTESIAN_POINT('',(-3.543756429758,-8.860591911675));
#598 = CARTESIAN_POINT('',(-3.647568585176,-8.874884279006));
#599 = CARTESIAN_POINT('',(-3.754068237291,-8.891487721604));
#600 = CARTESIAN_POINT('',(-3.971867333699,-8.926534408115));
#601 = CARTESIAN_POINT('',(-4.085693119945,-8.945361070366));
#602 = CARTESIAN_POINT('',(-4.204097790175,-8.964224112991));
#603 = CARTESIAN_POINT('',(-4.326262895105,-8.981016482942));
#604 = CARTESIAN_POINT('',(-4.451766582904,-8.993477194684));
#605 = CARTESIAN_POINT('',(-4.580439353828,-9.));
#606 = CARTESIAN_POINT('',(-4.712388980385,-9.));
#607 = ( GEOMETRIC_REPRESENTATION_CONTEXT(2) 
PARAMETRIC_REPRESENTATION_CONTEXT() REPRESENTATION_CONTEXT('2D SPACE',''
  ) );
#608 = ORIENTED_EDGE('',*,*,#310,.F.);
#609 = ORIENTED_EDGE('',*,*,#610,.T.);
#610 = EDGE_CURVE('',#232,#611,#613,.T.);
#611 = VERTEX_POINT('',#612);
#612 = CARTESIAN_POINT('',(8.894380248224,-1.374772708487,8.));
#613 = SURFACE_CURVE('',#614,(#641,#671),.PCURVE_S1.);
#614 = B_SPLINE_CURVE_WITH_KNOTS('',7,(#615,#616,#617,#618,#619,#620,
    #621,#622,#623,#624,#625,#626,#627,#628,#629,#630,#631,#632,#633,
    #634,#635,#636,#637,#638,#639,#640),.UNSPECIFIED.,.F.,.F.,(8,6,6,6,8
    ),(0.,0.24733759164,0.500047706176,0.752758172897,1.),
  .UNSPECIFIED.);
#615 = CARTESIAN_POINT('',(9.,-8.881784197001E-16,8.7));
#616 = CARTESIAN_POINT('',(9.,-0.22441275593,8.7));
#617 = CARTESIAN_POINT('',(8.993471473126,-0.443171291573,8.665438792687
    ));
#618 = CARTESIAN_POINT('',(8.981008323178,-0.650103756295,8.599448960802
    ));
#619 = CARTESIAN_POINT('',(8.964221351347,-0.840009524552,8.506331227881
    ));
#620 = CARTESIAN_POINT('',(8.945365589232,-1.008833085188,8.39153379829)
  );
#621 = CARTESIAN_POINT('',(8.926540819095,-1.154055028592,8.261629485027
    ));
#622 = CARTESIAN_POINT('',(8.891488054975,-1.398953805677,7.983846349319
    ));
#623 = CARTESIAN_POINT('',(8.874884303715,-1.500655648817,7.832141292663
    ));
#624 = CARTESIAN_POINT('',(8.860591586308,-1.580970019638,7.672608310084
    ));
#625 = CARTESIAN_POINT('',(8.849407425624,-1.640623584542,7.507790175161
    ));
#626 = CARTESIAN_POINT('',(8.841796206436,-1.680192353035,7.339666415257
    ));
#627 = CARTESIAN_POINT('',(8.837986195961,-1.7,7.169891074751));
#628 = CARTESIAN_POINT('',(8.837986195961,-1.7,6.830108688483));
#629 = CARTESIAN_POINT('',(8.841796214139,-1.680192311408,6.660331095581
    ));
#630 = CARTESIAN_POINT('',(8.849407624614,-1.640622545385,6.492205967453
    ));
#631 = CARTESIAN_POINT('',(8.860591911675,-1.580968348426,6.327389229257
    ));
#632 = CARTESIAN_POINT('',(8.874884279006,-1.500655292425,6.167859677219
    ));
#633 = CARTESIAN_POINT('',(8.891487721604,-1.398956134796,6.016156292548
    ));
#634 = CARTESIAN_POINT('',(8.926534408115,-1.154099819387,5.738421320157
    ));
#635 = CARTESIAN_POINT('',(8.945361070366,-1.008874761971,5.608487692328
    ));
#636 = CARTESIAN_POINT('',(8.964224112991,-0.840004718289,5.493646446456
    ));
#637 = CARTESIAN_POINT('',(8.981016482942,-0.650034958983,5.40050793044)
  );
#638 = CARTESIAN_POINT('',(8.993477194684,-0.443058242207,5.33453090504)
  );
#639 = CARTESIAN_POINT('',(9.,-0.224314365147,5.3));
#640 = CARTESIAN_POINT('',(9.,-1.33226762955E-15,5.3));
#641 = PCURVE('',#31,#642);
#642 = DEFINITIONAL_REPRESENTATION('',(#643),#670);
#643 = B_SPLINE_CURVE_WITH_KNOTS('',7,(#644,#645,#646,#647,#648,#649,
    #650,#651,#652,#653,#654,#655,#656,#657,#658,#659,#660,#661,#662,
    #663,#664,#665,#666,#667,#668,#669),.UNSPECIFIED.,.F.,.F.,(8,6,6,6,8
    ),(0.,0.24733759164,0.500047706176,0.752758172897,1.),
  .UNSPECIFIED.);
#644 = CARTESIAN_POINT('',(-6.28318530718,-8.7));
#645 = CARTESIAN_POINT('',(-6.258250556521,-8.7));
#646 = CARTESIAN_POINT('',(-6.233944025279,-8.665438792687));
#647 = CARTESIAN_POINT('',(-6.210926358026,-8.599448960801));
#648 = CARTESIAN_POINT('',(-6.18975505706,-8.506331227882));
#649 = CARTESIAN_POINT('',(-6.170885054124,-8.39153379829));
#650 = CARTESIAN_POINT('',(-6.154615732834,-8.261629485027));
#651 = CARTESIAN_POINT('',(-6.127127439638,-7.983846349319));
#652 = CARTESIAN_POINT('',(-6.11567984382,-7.832141292663));
#653 = CARTESIAN_POINT('',(-6.106616663154,-7.672608310084));
#654 = CARTESIAN_POINT('',(-6.099873087012,-7.507790175161));
#655 = CARTESIAN_POINT('',(-6.095395957334,-7.339666415257));
#656 = CARTESIAN_POINT('',(-6.093154763523,-7.169891074751));
#657 = CARTESIAN_POINT('',(-6.093154763523,-6.830108688483));
#658 = CARTESIAN_POINT('',(-6.095395961991,-6.660331095581));
#659 = CARTESIAN_POINT('',(-6.099873204736,-6.492205967452));
#660 = CARTESIAN_POINT('',(-6.106616852025,-6.327389229257));
#661 = CARTESIAN_POINT('',(-6.115679882598,-6.167859677219));
#662 = CARTESIAN_POINT('',(-6.12712717821,-6.016156292548));
#663 = CARTESIAN_POINT('',(-6.154610705359,-5.738421320157));
#664 = CARTESIAN_POINT('',(-6.170880398276,-5.608487692329));
#665 = CARTESIAN_POINT('',(-6.189755627476,-5.493646446455));
#666 = CARTESIAN_POINT('',(-6.21093403797,-5.400507930441));
#667 = CARTESIAN_POINT('',(-6.233956585901,-5.33453090504));
#668 = CARTESIAN_POINT('',(-6.25826148883,-5.3));
#669 = CARTESIAN_POINT('',(-6.28318530718,-5.3));
#670 = ( GEOMETRIC_REPRESENTATION_CONTEXT(2) 
PARAMETRIC_REPRESENTATION_CONTEXT() REPRESENTATION_CONTEXT('2D SPACE',''
  ) );
#671 = PCURVE('',#281,#672);
#672 = DEFINITIONAL_REPRESENTATION('',(#673),#700);
#673 = B_SPLINE_CURVE_WITH_KNOTS('',7,(#674,#675,#676,#677,#678,#679,
    #680,#681,#682,#683,#684,#685,#686,#687,#688,#689,#690,#691,#692,
    #693,#694,#695,#696,#697,#698,#699),.UNSPECIFIED.,.F.,.F.,(8,6,6,6,8
    ),(0.,0.24733759164,0.500047706176,0.752758172897,1.),
  .UNSPECIFIED.);
#674 = CARTESIAN_POINT('',(-1.570796326795,-9.));
#675 = CARTESIAN_POINT('',(-1.702803830283,-9.));
#676 = CARTESIAN_POINT('',(-1.831485236234,-8.993471473126));
#677 = CARTESIAN_POINT('',(-1.956967758867,-8.981008323178));
#678 = CARTESIAN_POINT('',(-2.079096910068,-8.964221351347));
#679 = CARTESIAN_POINT('',(-2.197466505134,-8.945365589232));
#680 = CARTESIAN_POINT('',(-2.311278132178,-8.926540819095));
#681 = CARTESIAN_POINT('',(-2.529114998143,-8.891488054975));
#682 = CARTESIAN_POINT('',(-2.635616430932,-8.874884303715));
#683 = CARTESIAN_POINT('',(-2.739430499354,-8.860591586308));
#684 = CARTESIAN_POINT('',(-2.841261932672,-8.849407425624));
#685 = CARTESIAN_POINT('',(-2.941788996828,-8.841796206436));
#686 = CARTESIAN_POINT('',(-3.041656727266,-8.837986195961));
#687 = CARTESIAN_POINT('',(-3.241528719188,-8.837986195961));
#688 = CARTESIAN_POINT('',(-3.341397766873,-8.841796214139));
#689 = CARTESIAN_POINT('',(-3.441925669817,-8.849407624614));
#690 = CARTESIAN_POINT('',(-3.543756429758,-8.860591911675));
#691 = CARTESIAN_POINT('',(-3.647568585176,-8.874884279006));
#692 = CARTESIAN_POINT('',(-3.754068237291,-8.891487721604));
#693 = CARTESIAN_POINT('',(-3.971867333699,-8.926534408115));
#694 = CARTESIAN_POINT('',(-4.085693119945,-8.945361070366));
#695 = CARTESIAN_POINT('',(-4.204097790175,-8.964224112991));
#696 = CARTESIAN_POINT('',(-4.326262895105,-8.981016482942));
#697 = CARTESIAN_POINT('',(-4.451766582904,-8.993477194684));
#698 = CARTESIAN_POINT('',(-4.580439353827,-9.));
#699 = CARTESIAN_POINT('',(-4.712388980385,-9.));
#700 = ( GEOMETRIC_REPRESENTATION_CONTEXT(2) 
PARAMETRIC_REPRESENTATION_CONTEXT() REPRESENTATION_CONTEXT('2D SPACE',''
  ) );
#701 = ORIENTED_EDGE('',*,*,#702,.T.);
#702 = EDGE_CURVE('',#611,#703,#705,.T.);
#703 = VERTEX_POINT('',#704);
#704 = CARTESIAN_POINT('',(1.337908816026,-8.9,8.));
#705 = SURFACE_CURVE('',#706,(#711,#718),.PCURVE_S1.);
#706 = CIRCLE('',#707,9.);
#707 = AXIS2_PLACEMENT_3D('',#708,#709,#710);
#708 = CARTESIAN_POINT('',(0.,0.,8.));
#709 = DIRECTION('',(0.,0.,-1.));
#710 = DIRECTION('',(1.,0.,0.));
#711 = PCURVE('',#31,#712);
#712 = DEFINITIONAL_REPRESENTATION('',(#713),#717);
#713 = LINE('',#714,#715);
#714 = CARTESIAN_POINT('',(-6.28318530718,-8.));
#715 = VECTOR('',#716,1.);
#716 = DIRECTION('',(1.,-0.));
#717 = ( GEOMETRIC_REPRESENTATION_CONTEXT(2) 
PARAMETRIC_REPRESENTATION_CONTEXT() REPRESENTATION_CONTEXT('2D SPACE',''
  ) );
#718 = PCURVE('',#719,#724);
#719 = PLANE('',#720);
#720 = AXIS2_PLACEMENT_3D('',#721,#722,#723);
#721 = CARTESIAN_POINT('',(-9.,5.1,8.));
#722 = DIRECTION('',(0.,0.,1.));
#723 = DIRECTION('',(0.,-1.,0.));
#724 = DEFINITIONAL_REPRESENTATION('',(#725),#733);
#725 = ( BOUNDED_CURVE() B_SPLINE_CURVE(2,(#726,#727,#728,#729,#730,#731
,#732),.UNSPECIFIED.,.T.,.F.) B_SPLINE_CURVE_WITH_KNOTS((1,2,2,2,2,1),(
    -2.094395102393,0.,2.094395102393,4.188790204786,6.28318530718,
8.377580409573),.UNSPECIFIED.) CURVE() GEOMETRIC_REPRESENTATION_ITEM() 
RATIONAL_B_SPLINE_CURVE((1.,0.5,1.,0.5,1.,0.5,1.)) REPRESENTATION_ITEM(
  '') );
#726 = CARTESIAN_POINT('',(5.1,18.));
#727 = CARTESIAN_POINT('',(20.68845726812,18.));
#728 = CARTESIAN_POINT('',(12.89422863406,4.5));
#729 = CARTESIAN_POINT('',(5.1,-9.));
#730 = CARTESIAN_POINT('',(-2.69422863406,4.5));
#731 = CARTESIAN_POINT('',(-10.48845726812,18.));
#732 = CARTESIAN_POINT('',(5.1,18.));
#733 = ( GEOMETRIC_REPRESENTATION_CONTEXT(2) 
PARAMETRIC_REPRESENTATION_CONTEXT() REPRESENTATION_CONTEXT('2D SPACE',''
  ) );
#734 = ORIENTED_EDGE('',*,*,#735,.T.);
#735 = EDGE_CURVE('',#703,#736,#738,.T.);
#736 = VERTEX_POINT('',#737);
#737 = CARTESIAN_POINT('',(1.337908816026,-8.9,6.));
#738 = SURFACE_CURVE('',#739,(#743,#749),.PCURVE_S1.);
#739 = LINE('',#740,#741);
#740 = CARTESIAN_POINT('',(1.337908816026,-8.9,0.));
#741 = VECTOR('',#742,1.);
#742 = DIRECTION('',(-0.,-0.,-1.));
#743 = PCURVE('',#31,#744);
#744 = DEFINITIONAL_REPRESENTATION('',(#745),#748);
#745 = B_SPLINE_CURVE_WITH_KNOTS('',1,(#746,#747),.UNSPECIFIED.,.F.,.F.,
  (2,2),(-8.2,-5.8),.PIECEWISE_BEZIER_KNOTS.);
#746 = CARTESIAN_POINT('',(-4.86159855399,-8.2));
#747 = CARTESIAN_POINT('',(-4.86159855399,-5.8));
#748 = ( GEOMETRIC_REPRESENTATION_CONTEXT(2) 
PARAMETRIC_REPRESENTATION_CONTEXT() REPRESENTATION_CONTEXT('2D SPACE',''
  ) );
#749 = PCURVE('',#750,#755);
#750 = PLANE('',#751);
#751 = AXIS2_PLACEMENT_3D('',#752,#753,#754);
#752 = CARTESIAN_POINT('',(-9.,-8.9,6.));
#753 = DIRECTION('',(0.,-1.,0.));
#754 = DIRECTION('',(1.,0.,0.));
#755 = DEFINITIONAL_REPRESENTATION('',(#756),#759);
#756 = B_SPLINE_CURVE_WITH_KNOTS('',1,(#757,#758),.UNSPECIFIED.,.F.,.F.,
  (2,2),(-8.2,-5.8),.PIECEWISE_BEZIER_KNOTS.);
#757 = CARTESIAN_POINT('',(10.337908816026,2.2));
#758 = CARTESIAN_POINT('',(10.337908816026,-0.2));
#759 = ( GEOMETRIC_REPRESENTATION_CONTEXT(2) 
PARAMETRIC_REPRESENTATION_CONTEXT() REPRESENTATION_CONTEXT('2D SPACE',''
  ) );
#760 = ORIENTED_EDGE('',*,*,#761,.F.);
#761 = EDGE_CURVE('',#762,#736,#764,.T.);
#762 = VERTEX_POINT('',#763);
#763 = CARTESIAN_POINT('',(8.894380248224,-1.374772708487,6.));
#764 = SURFACE_CURVE('',#765,(#770,#777),.PCURVE_S1.);
#765 = CIRCLE('',#766,9.);
#766 = AXIS2_PLACEMENT_3D('',#767,#768,#769);
#767 = CARTESIAN_POINT('',(0.,0.,6.));
#768 = DIRECTION('',(0.,0.,-1.));
#769 = DIRECTION('',(1.,0.,0.));
#770 = PCURVE('',#31,#771);
#771 = DEFINITIONAL_REPRESENTATION('',(#772),#776);
#772 = LINE('',#773,#774);
#773 = CARTESIAN_POINT('',(-6.28318530718,-6.));
#774 = VECTOR('',#775,1.);
#775 = DIRECTION('',(1.,-0.));
#776 = ( GEOMETRIC_REPRESENTATION_CONTEXT(2) 
PARAMETRIC_REPRESENTATION_CONTEXT() REPRESENTATION_CONTEXT('2D SPACE',''
  ) );
#777 = PCURVE('',#778,#783);
#778 = PLANE('',#779);
#779 = AXIS2_PLACEMENT_3D('',#780,#781,#782);
#780 = CARTESIAN_POINT('',(-9.,5.1,6.));
#781 = DIRECTION('',(0.,0.,1.));
#782 = DIRECTION('',(0.,-1.,0.));
#783 = DEFINITIONAL_REPRESENTATION('',(#784),#792);
#784 = ( BOUNDED_CURVE() B_SPLINE_CURVE(2,(#785,#786,#787,#788,#789,#790
,#791),.UNSPECIFIED.,.T.,.F.) B_SPLINE_CURVE_WITH_KNOTS((1,2,2,2,2,1),(
    -2.094395102393,0.,2.094395102393,4.188790204786,6.28318530718,
8.377580409573),.UNSPECIFIED.) CURVE() GEOMETRIC_REPRESENTATION_ITEM() 
RATIONAL_B_SPLINE_CURVE((1.,0.5,1.,0.5,1.,0.5,1.)) REPRESENTATION_ITEM(
  '') );
#785 = CARTESIAN_POINT('',(5.1,18.));
#786 = CARTESIAN_POINT('',(20.68845726812,18.));
#787 = CARTESIAN_POINT('',(12.89422863406,4.5));
#788 = CARTESIAN_POINT('',(5.1,-9.));
#789 = CARTESIAN_POINT('',(-2.69422863406,4.5));
#790 = CARTESIAN_POINT('',(-10.48845726812,18.));
#791 = CARTESIAN_POINT('',(5.1,18.));
#792 = ( GEOMETRIC_REPRESENTATION_CONTEXT(2) 
PARAMETRIC_REPRESENTATION_CONTEXT() REPRESENTATION_CONTEXT('2D SPACE',''
  ) );
#793 = ORIENTED_EDGE('',*,*,#794,.T.);
#794 = EDGE_CURVE('',#762,#56,#795,.T.);
#795 = SURFACE_CURVE('',#796,(#823,#853),.PCURVE_S1.);
#796 = B_SPLINE_CURVE_WITH_KNOTS('',7,(#797,#798,#799,#800,#801,#802,
    #803,#804,#805,#806,#807,#808,#809,#810,#811,#812,#813,#814,#815,
    #816,#817,#818,#819,#820,#821,#822),.UNSPECIFIED.,.F.,.F.,(8,6,6,6,8
    ),(0.,0.24733759164,0.500047706176,0.752758172897,1.),
  .UNSPECIFIED.);
#797 = CARTESIAN_POINT('',(9.,-8.881784197001E-16,8.7));
#798 = CARTESIAN_POINT('',(9.,-0.22441275593,8.7));
#799 = CARTESIAN_POINT('',(8.993471473126,-0.443171291573,8.665438792687
    ));
#800 = CARTESIAN_POINT('',(8.981008323178,-0.650103756295,8.599448960802
    ));
#801 = CARTESIAN_POINT('',(8.964221351347,-0.840009524552,8.506331227881
    ));
#802 = CARTESIAN_POINT('',(8.945365589232,-1.008833085188,8.39153379829)
  );
#803 = CARTESIAN_POINT('',(8.926540819095,-1.154055028592,8.261629485027
    ));
#804 = CARTESIAN_POINT('',(8.891488054975,-1.398953805677,7.983846349319
    ));
#805 = CARTESIAN_POINT('',(8.874884303715,-1.500655648817,7.832141292663
    ));
#806 = CARTESIAN_POINT('',(8.860591586308,-1.580970019638,7.672608310084
    ));
#807 = CARTESIAN_POINT('',(8.849407425624,-1.640623584542,7.507790175161
    ));
#808 = CARTESIAN_POINT('',(8.841796206436,-1.680192353035,7.339666415257
    ));
#809 = CARTESIAN_POINT('',(8.837986195961,-1.7,7.169891074751));
#810 = CARTESIAN_POINT('',(8.837986195961,-1.7,6.830108688483));
#811 = CARTESIAN_POINT('',(8.841796214139,-1.680192311408,6.660331095581
    ));
#812 = CARTESIAN_POINT('',(8.849407624614,-1.640622545385,6.492205967453
    ));
#813 = CARTESIAN_POINT('',(8.860591911675,-1.580968348426,6.327389229257
    ));
#814 = CARTESIAN_POINT('',(8.874884279006,-1.500655292425,6.167859677219
    ));
#815 = CARTESIAN_POINT('',(8.891487721604,-1.398956134796,6.016156292548
    ));
#816 = CARTESIAN_POINT('',(8.926534408115,-1.154099819387,5.738421320157
    ));
#817 = CARTESIAN_POINT('',(8.945361070366,-1.008874761971,5.608487692328
    ));
#818 = CARTESIAN_POINT('',(8.964224112991,-0.840004718289,5.493646446456
    ));
#819 = CARTESIAN_POINT('',(8.981016482942,-0.650034958983,5.40050793044)
  );
#820 = CARTESIAN_POINT('',(8.993477194684,-0.443058242207,5.33453090504)
  );
#821 = CARTESIAN_POINT('',(9.,-0.224314365147,5.3));
#822 = CARTESIAN_POINT('',(9.,-1.33226762955E-15,5.3));
#823 = PCURVE('',#31,#824);
#824 = DEFINITIONAL_REPRESENTATION('',(#825),#852);
#825 = B_SPLINE_CURVE_WITH_KNOTS('',7,(#826,#827,#828,#829,#830,#831,
    #832,#833,#834,#835,#836,#837,#838,#839,#840,#841,#842,#843,#844,
    #845,#846,#847,#848,#849,#850,#851),.UNSPECIFIED.,.F.,.F.,(8,6,6,6,8
    ),(0.,0.24733759164,0.500047706176,0.752758172897,1.),
  .UNSPECIFIED.);
#826 = CARTESIAN_POINT('',(-6.28318530718,-8.7));
#827 = CARTESIAN_POINT('',(-6.258250556521,-8.7));
#828 = CARTESIAN_POINT('',(-6.233944025279,-8.665438792687));
#829 = CARTESIAN_POINT('',(-6.210926358026,-8.599448960801));
#830 = CARTESIAN_POINT('',(-6.18975505706,-8.506331227882));
#831 = CARTESIAN_POINT('',(-6.170885054124,-8.39153379829));
#832 = CARTESIAN_POINT('',(-6.154615732834,-8.261629485027));
#833 = CARTESIAN_POINT('',(-6.127127439638,-7.983846349319));
#834 = CARTESIAN_POINT('',(-6.11567984382,-7.832141292663));
#835 = CARTESIAN_POINT('',(-6.106616663154,-7.672608310084));
#836 = CARTESIAN_POINT('',(-6.099873087012,-7.507790175161));
#837 = CARTESIAN_POINT('',(-6.095395957334,-7.339666415257));
#838 = CARTESIAN_POINT('',(-6.093154763523,-7.169891074751));
#839 = CARTESIAN_POINT('',(-6.093154763523,-6.830108688483));
#840 = CARTESIAN_POINT('',(-6.095395961991,-6.660331095581));
#841 = CARTESIAN_POINT('',(-6.099873204736,-6.492205967452));
#842 = CARTESIAN_POINT('',(-6.106616852025,-6.327389229257));
#843 = CARTESIAN_POINT('',(-6.115679882598,-6.167859677219));
#844 = CARTESIAN_POINT('',(-6.12712717821,-6.016156292548));
#845 = CARTESIAN_POINT('',(-6.154610705359,-5.738421320157));
#846 = CARTESIAN_POINT('',(-6.170880398276,-5.608487692329));
#847 = CARTESIAN_POINT('',(-6.189755627476,-5.493646446455));
#848 = CARTESIAN_POINT('',(-6.21093403797,-5.400507930441));
#849 = CARTESIAN_POINT('',(-6.233956585901,-5.33453090504));
#850 = CARTESIAN_POINT('',(-6.25826148883,-5.3));
#851 = CARTESIAN_POINT('',(-6.28318530718,-5.3));
#852 = ( GEOMETRIC_REPRESENTATION_CONTEXT(2) 
PARAMETRIC_REPRESENTATION_CONTEXT() REPRESENTATION_CONTEXT('2D SPACE',''
  ) );
#853 = PCURVE('',#116,#854);
#854 = DEFINITIONAL_REPRESENTATION('',(#855),#882);
#855 = B_SPLINE_CURVE_WITH_KNOTS('',7,(#856,#857,#858,#859,#860,#861,
    #862,#863,#864,#865,#866,#867,#868,#869,#870,#871,#872,#873,#874,
    #875,#876,#877,#878,#879,#880,#881),.UNSPECIFIED.,.F.,.F.,(8,6,6,6,8
    ),(0.,0.24733759164,0.500047706176,0.752758172897,1.),
  .UNSPECIFIED.);
#856 = CARTESIAN_POINT('',(-1.570796326795,-9.));
#857 = CARTESIAN_POINT('',(-1.702803830283,-9.));
#858 = CARTESIAN_POINT('',(-1.831485236234,-8.993471473126));
#859 = CARTESIAN_POINT('',(-1.956967758867,-8.981008323178));
#860 = CARTESIAN_POINT('',(-2.079096910068,-8.964221351347));
#861 = CARTESIAN_POINT('',(-2.197466505134,-8.945365589232));
#862 = CARTESIAN_POINT('',(-2.311278132178,-8.926540819095));
#863 = CARTESIAN_POINT('',(-2.529114998143,-8.891488054975));
#864 = CARTESIAN_POINT('',(-2.635616430932,-8.874884303715));
#865 = CARTESIAN_POINT('',(-2.739430499354,-8.860591586308));
#866 = CARTESIAN_POINT('',(-2.841261932672,-8.849407425624));
#867 = CARTESIAN_POINT('',(-2.941788996828,-8.841796206436));
#868 = CARTESIAN_POINT('',(-3.041656727266,-8.837986195961));
#869 = CARTESIAN_POINT('',(-3.241528719188,-8.837986195961));
#870 = CARTESIAN_POINT('',(-3.341397766873,-8.841796214139));
#871 = CARTESIAN_POINT('',(-3.441925669817,-8.849407624614));
#872 = CARTESIAN_POINT('',(-3.543756429758,-8.860591911675));
#873 = CARTESIAN_POINT('',(-3.647568585176,-8.874884279006));
#874 = CARTESIAN_POINT('',(-3.754068237291,-8.891487721604));
#875 = CARTESIAN_POINT('',(-3.971867333699,-8.926534408115));
#876 = CARTESIAN_POINT('',(-4.085693119945,-8.945361070366));
#877 = CARTESIAN_POINT('',(-4.204097790175,-8.964224112991));
#878 = CARTESIAN_POINT('',(-4.326262895105,-8.981016482942));
#879 = CARTESIAN_POINT('',(-4.451766582904,-8.993477194684));
#880 = CARTESIAN_POINT('',(-4.580439353827,-9.));
#881 = CARTESIAN_POINT('',(-4.712388980385,-9.));
#882 = ( GEOMETRIC_REPRESENTATION_CONTEXT(2) 
PARAMETRIC_REPRESENTATION_CONTEXT() REPRESENTATION_CONTEXT('2D SPACE',''
  ) );
#883 = ORIENTED_EDGE('',*,*,#55,.F.);
#884 = FACE_BOUND('',#885,.F.);
#885 = EDGE_LOOP('',(#886));
#886 = ORIENTED_EDGE('',*,*,#887,.F.);
#887 = EDGE_CURVE('',#888,#888,#890,.T.);
#888 = VERTEX_POINT('',#889);
#889 = CARTESIAN_POINT('',(-8.837986195961,1.7,25.));
#890 = SURFACE_CURVE('',#891,(#950,#1012),.PCURVE_S1.);
#891 = B_SPLINE_CURVE_WITH_KNOTS('',8,(#892,#893,#894,#895,#896,#897,
    #898,#899,#900,#901,#902,#903,#904,#905,#906,#907,#908,#909,#910,
    #911,#912,#913,#914,#915,#916,#917,#918,#919,#920,#921,#922,#923,
    #924,#925,#926,#927,#928,#929,#930,#931,#932,#933,#934,#935,#936,
    #937,#938,#939,#940,#941,#942,#943,#944,#945,#946,#947,#948,#949),
  .UNSPECIFIED.,.T.,.F.,(9,7,7,7,7,7,7,7,9),(0.,0.125303937173,
    0.214708037457,0.300899966668,0.431362161098,0.592907977152,
    0.713867478685,0.832922720176,1.),.UNSPECIFIED.);
#892 = CARTESIAN_POINT('',(-8.837986195961,1.7,25.));
#893 = CARTESIAN_POINT('',(-8.837986195961,1.7,25.148654897577));
#894 = CARTESIAN_POINT('',(-8.840843709595,1.685144233556,
    25.297224506193));
#895 = CARTESIAN_POINT('',(-8.846553345686,1.655461207644,
    25.444747109499));
#896 = CARTESIAN_POINT('',(-8.854999768144,1.610795446906,
    25.590202401645));
#897 = CARTESIAN_POINT('',(-8.865951549424,1.550850952426,
    25.732434352758));
#898 = CARTESIAN_POINT('',(-8.879035139656,1.475230503018,
    25.870066168949));
#899 = CARTESIAN_POINT('',(-8.893702099009,1.383485220243,
    26.001392015402));
#900 = CARTESIAN_POINT('',(-8.920262416771,1.197919559386,
    26.211874941311));
#901 = CARTESIAN_POINT('',(-8.931803522217,1.111825917173,
    26.295650390743));
#902 = CARTESIAN_POINT('',(-8.943512694055,1.016942908775,
    26.374298529644));
#903 = CARTESIAN_POINT('',(-8.955009202508,0.913460934538,
    26.446563102841));
#904 = CARTESIAN_POINT('',(-8.96586205716,0.801722792057,26.511188565779
    ));
#905 = CARTESIAN_POINT('',(-8.975614633693,0.682226055322,
    26.566916466656));
#906 = CARTESIAN_POINT('',(-8.983816821366,0.555630819044,
    26.612479234604));
#907 = CARTESIAN_POINT('',(-8.996088083411,0.294688209924,
    26.679477909186));
#908 = CARTESIAN_POINT('',(-9.000260117788,0.161527162563,
    26.701530347078));
#909 = CARTESIAN_POINT('',(-9.002201817903,2.529574637571E-02,
    26.711519951193));
#910 = CARTESIAN_POINT('',(-9.001692683027,-0.111826262548,
    26.708841850988));
#911 = CARTESIAN_POINT('',(-8.998730420976,-0.247597508179,
    26.693500350353));
#912 = CARTESIAN_POINT('',(-8.993540194228,-0.379826738293,
    26.666103252064));
#913 = CARTESIAN_POINT('',(-8.986533379366,-0.506484056071,
    26.62786519813));
#914 = CARTESIAN_POINT('',(-8.965626210274,-0.806429015302,
    26.509108587673));
#915 = CARTESIAN_POINT('',(-8.950027707435,-0.97034592616,
    26.416924743736));
#916 = CARTESIAN_POINT('',(-8.932819890636,-1.116536224456,
    26.308363186522));
#917 = CARTESIAN_POINT('',(-8.915315625897,-1.244659533803,
    26.18695567276));
#918 = CARTESIAN_POINT('',(-8.89859328608,-1.354775232014,
    26.055666301784));
#919 = CARTESIAN_POINT('',(-8.883468117201,-1.447176940133,
    25.917009838386));
#920 = CARTESIAN_POINT('',(-8.870520038297,-1.522295712904,
    25.773122138955));
#921 = CARTESIAN_POINT('',(-8.847231199592,-1.652840555472,
    25.443403504083));
#922 = CARTESIAN_POINT('',(-8.838198469257,-1.699582451882,
    25.255059345514));
#923 = CARTESIAN_POINT('',(-8.833717377377,-1.721698453791,
    25.063464266266));
#924 = CARTESIAN_POINT('',(-8.834118810991,-1.719560478426,
    24.870782366302));
#925 = CARTESIAN_POINT('',(-8.839433892183,-1.693152951907,
    24.679095305767));
#926 = CARTESIAN_POINT('',(-8.849390820217,-1.642116555962,
    24.490628637824));
#927 = CARTESIAN_POINT('',(-8.86335784773,-1.565785502318,
    24.307988305112));
#928 = CARTESIAN_POINT('',(-8.89290076373,-1.386495243838,24.00482503444
    ));
#929 = CARTESIAN_POINT('',(-8.907291160921,-1.294434552279,
    23.879193346934));
#930 = CARTESIAN_POINT('',(-8.922947094742,-1.186698732611,
    23.760015850719));
#931 = CARTESIAN_POINT('',(-8.939174284213,-1.063215072851,
    23.649742019484));
#932 = CARTESIAN_POINT('',(-8.955076504493,-0.924232695493,
    23.55099448205));
#933 = CARTESIAN_POINT('',(-8.96959662752,-0.770358613093,
    23.466590192132));
#934 = CARTESIAN_POINT('',(-8.981605806576,-0.60264700744,
    23.399592470807));
#935 = CARTESIAN_POINT('',(-8.998390408058,-0.245730360422,
    23.307951851564));
#936 = CARTESIAN_POINT('',(-9.003109715741,-6.044317039212E-02,
    23.283567559652));
#937 = CARTESIAN_POINT('',(-9.003370812155,0.128403926878,
    23.282676647118));
#938 = CARTESIAN_POINT('',(-8.998828557136,0.315683639813,
    23.305908300103));
#939 = CARTESIAN_POINT('',(-8.989909900408,0.496261755146,
    23.352199397829));
#940 = CARTESIAN_POINT('',(-8.977711138358,0.665444391527,
    23.418834781876));
#941 = CARTESIAN_POINT('',(-8.963666890053,0.819402825361,
    23.501443111287));
#942 = CARTESIAN_POINT('',(-8.928731161337,1.146593556983,
    23.723801702883));
#943 = CARTESIAN_POINT('',(-8.906749713116,1.308306077775,
    23.877072318095));
#944 = CARTESIAN_POINT('',(-8.885650792816,1.440936393476,
    24.046661397442));
#945 = CARTESIAN_POINT('',(-8.867275942862,1.54548065422,24.227574799636
    ));
#946 = CARTESIAN_POINT('',(-8.852800382302,1.622981148332,
    24.416042645972));
#947 = CARTESIAN_POINT('',(-8.842927504729,1.67431159448,24.609145116379
    ));
#948 = CARTESIAN_POINT('',(-8.837986195961,1.7,24.804522659479));
#949 = CARTESIAN_POINT('',(-8.837986195961,1.7,25.));
#950 = PCURVE('',#31,#951);
#951 = DEFINITIONAL_REPRESENTATION('',(#952),#1011);
#952 = B_SPLINE_CURVE_WITH_KNOTS('',8,(#953,#954,#955,#956,#957,#958,
    #959,#960,#961,#962,#963,#964,#965,#966,#967,#968,#969,#970,#971,
    #972,#973,#974,#975,#976,#977,#978,#979,#980,#981,#982,#983,#984,
    #985,#986,#987,#988,#989,#990,#991,#992,#993,#994,#995,#996,#997,
    #998,#999,#1000,#1001,#1002,#1003,#1004,#1005,#1006,#1007,#1008,
    #1009,#1010),.UNSPECIFIED.,.F.,.F.,(9,7,7,7,7,7,7,7,9),(0.,
    0.125303937173,0.214708037457,0.300899966668,0.431362161098,
    0.592907977152,0.713867478685,0.832922720176,1.),.UNSPECIFIED.);
#953 = CARTESIAN_POINT('',(-2.951562109933,-25.));
#954 = CARTESIAN_POINT('',(-2.951562109933,-25.14865489757));
#955 = CARTESIAN_POINT('',(-2.953243008784,-25.29722450619));
#956 = CARTESIAN_POINT('',(-2.956601585117,-25.44474710949));
#957 = CARTESIAN_POINT('',(-2.96165237479,-25.59020240164));
#958 = CARTESIAN_POINT('',(-2.9684228349,-25.73243435275));
#959 = CARTESIAN_POINT('',(-2.976949052911,-25.87006616894));
#960 = CARTESIAN_POINT('',(-2.987271034048,-26.0013920154));
#961 = CARTESIAN_POINT('',(-3.008099571264,-26.21187494131));
#962 = CARTESIAN_POINT('',(-3.017750706249,-26.29565039074));
#963 = CARTESIAN_POINT('',(-3.028372263088,-26.37429852964));
#964 = CARTESIAN_POINT('',(-3.039939160573,-26.44656310284));
#965 = CARTESIAN_POINT('',(-3.052410272004,-26.51118856577));
#966 = CARTESIAN_POINT('',(-3.065728879477,-26.56691646665));
#967 = CARTESIAN_POINT('',(-3.079822288649,-26.6124792346));
#968 = CARTESIAN_POINT('',(-3.10884795399,-26.67947790918));
#969 = CARTESIAN_POINT('',(-3.123649111152,-26.70153034707));
#970 = CARTESIAN_POINT('',(-3.13878364669,-26.71151995119));
#971 = CARTESIAN_POINT('',(-3.154014689919,-26.70884185098));
#972 = CARTESIAN_POINT('',(-3.16909935952,-26.69350035035));
#973 = CARTESIAN_POINT('',(-3.183799488993,-26.66610325206));
#974 = CARTESIAN_POINT('',(-3.197892646299,-26.62786519813));
#975 = CARTESIAN_POINT('',(-3.231300726989,-26.50910858767));
#976 = CARTESIAN_POINT('',(-3.249590136826,-26.41692474373));
#977 = CARTESIAN_POINT('',(-3.265939592983,-26.30836318652));
#978 = CARTESIAN_POINT('',(-3.280303943805,-26.18695567276));
#979 = CARTESIAN_POINT('',(-3.292677598633,-26.05566630178));
#980 = CARTESIAN_POINT('',(-3.303080417636,-25.91700983838));
#981 = CARTESIAN_POINT('',(-3.311549898082,-25.77312213895));
#982 = CARTESIAN_POINT('',(-3.326283887479,-25.44340350408));
#983 = CARTESIAN_POINT('',(-3.331572981933,-25.25505934551));
#984 = CARTESIAN_POINT('',(-3.33408035019,-25.06346426626));
#985 = CARTESIAN_POINT('',(-3.333838776078,-24.8707823663));
#986 = CARTESIAN_POINT('',(-3.330845522716,-24.67909530576));
#987 = CARTESIAN_POINT('',(-3.325068081701,-24.49062863782));
#988 = CARTESIAN_POINT('',(-3.316447377406,-24.30798830511));
#989 = CARTESIAN_POINT('',(-3.296257604701,-24.00482503444));
#990 = CARTESIAN_POINT('',(-3.285904770976,-23.87919334693));
#991 = CARTESIAN_POINT('',(-3.27380961705,-23.76001585071));
#992 = CARTESIAN_POINT('',(-3.259973988758,-23.64974201948));
#993 = CARTESIAN_POINT('',(-3.244435802209,-23.55099448205));
#994 = CARTESIAN_POINT('',(-3.227269539717,-23.46659019213));
#995 = CARTESIAN_POINT('',(-3.208592812755,-23.3995924708));
#996 = CARTESIAN_POINT('',(-3.168891580419,-23.30795185156));
#997 = CARTESIAN_POINT('',(-3.148302176338,-23.28356755965));
#998 = CARTESIAN_POINT('',(-3.127329461796,-23.28267664711));
#999 = CARTESIAN_POINT('',(-3.106527722823,-23.3059083001));
#1000 = CARTESIAN_POINT('',(-3.086450088378,-23.35219939782));
#1001 = CARTESIAN_POINT('',(-3.067608839229,-23.41883478187));
#1002 = CARTESIAN_POINT('',(-3.050433393401,-23.50144311128));
#1003 = CARTESIAN_POINT('',(-3.013872218555,-23.72380170288));
#1004 = CARTESIAN_POINT('',(-2.995746412284,-23.87707231809));
#1005 = CARTESIAN_POINT('',(-2.980829249163,-24.04666139744));
#1006 = CARTESIAN_POINT('',(-2.969036531439,-24.22757479963));
#1007 = CARTESIAN_POINT('',(-2.960276645529,-24.41604264597));
#1008 = CARTESIAN_POINT('',(-2.954468697975,-24.60914511637));
#1009 = CARTESIAN_POINT('',(-2.951562109933,-24.80452265947));
#1010 = CARTESIAN_POINT('',(-2.951562109933,-25.));
#1011 = ( GEOMETRIC_REPRESENTATION_CONTEXT(2) 
PARAMETRIC_REPRESENTATION_CONTEXT() REPRESENTATION_CONTEXT('2D SPACE',''
  ) );
#1012 = PCURVE('',#1013,#1018);
#1013 = CYLINDRICAL_SURFACE('',#1014,1.7);
#1014 = AXIS2_PLACEMENT_3D('',#1015,#1016,#1017);
#1015 = CARTESIAN_POINT('',(0.,0.,25.));
#1016 = DIRECTION('',(1.,0.,0.));
#1017 = DIRECTION('',(0.,1.,0.));
#1018 = DEFINITIONAL_REPRESENTATION('',(#1019),#1078);
#1019 = B_SPLINE_CURVE_WITH_KNOTS('',8,(#1020,#1021,#1022,#1023,#1024,
    #1025,#1026,#1027,#1028,#1029,#1030,#1031,#1032,#1033,#1034,#1035,
    #1036,#1037,#1038,#1039,#1040,#1041,#1042,#1043,#1044,#1045,#1046,
    #1047,#1048,#1049,#1050,#1051,#1052,#1053,#1054,#1055,#1056,#1057,
    #1058,#1059,#1060,#1061,#1062,#1063,#1064,#1065,#1066,#1067,#1068,
    #1069,#1070,#1071,#1072,#1073,#1074,#1075,#1076,#1077),
  .UNSPECIFIED.,.F.,.F.,(9,7,7,7,7,7,7,7,9),(0.,0.125303937173,
    0.214708037457,0.300899966668,0.431362161098,0.592907977152,
    0.713867478685,0.832922720176,1.),.UNSPECIFIED.);
#1020 = CARTESIAN_POINT('',(0.,-8.837986195961));
#1021 = CARTESIAN_POINT('',(8.744405739824E-02,-8.837986195961));
#1022 = CARTESIAN_POINT('',(0.174837851362,-8.840843709595));
#1023 = CARTESIAN_POINT('',(0.262635052623,-8.846553345686));
#1024 = CARTESIAN_POINT('',(0.351248396198,-8.854999768144));
#1025 = CARTESIAN_POINT('',(0.44109333445,-8.865951549424));
#1026 = CARTESIAN_POINT('',(0.532600844615,-8.879035139656));
#1027 = CARTESIAN_POINT('',(0.626236924529,-8.893702099009));
#1028 = CARTESIAN_POINT('',(0.791297128067,-8.920262416771));
#1029 = CARTESIAN_POINT('',(0.861753572258,-8.931803522217));
#1030 = CARTESIAN_POINT('',(0.933860895362,-8.943512694055));
#1031 = CARTESIAN_POINT('',(1.007590946549,-8.955009202508));
#1032 = CARTESIAN_POINT('',(1.082952408573,-8.96586205716));
#1033 = CARTESIAN_POINT('',(1.159988511404,-8.975614633693));
#1034 = CARTESIAN_POINT('',(1.238782222613,-8.983816821366));
#1035 = CARTESIAN_POINT('',(1.397256640282,-8.996088083411));
#1036 = CARTESIAN_POINT('',(1.476351435669,-9.000260117788));
#1037 = CARTESIAN_POINT('',(1.556149562658,-9.002201817903));
#1038 = CARTESIAN_POINT('',(1.636135989106,-9.001692683027));
#1039 = CARTESIAN_POINT('',(1.715831990935,-8.998730420976));
#1040 = CARTESIAN_POINT('',(1.79474107469,-8.993540194228));
#1041 = CARTESIAN_POINT('',(1.872293220473,-8.986533379366));
#1042 = CARTESIAN_POINT('',(2.062057334741,-8.965626210274));
#1043 = CARTESIAN_POINT('',(2.171670206929,-8.950027707435));
#1044 = CARTESIAN_POINT('',(2.277405827039,-8.932819890636));
#1045 = CARTESIAN_POINT('',(2.3798170695,-8.915315625897));
#1046 = CARTESIAN_POINT('',(2.479362420757,-8.89859328608));
#1047 = CARTESIAN_POINT('',(2.576441440684,-8.883468117201));
#1048 = CARTESIAN_POINT('',(2.67140367801,-8.870520038297));
#1049 = CARTESIAN_POINT('',(2.880004498856,-8.847231199592));
#1050 = CARTESIAN_POINT('',(2.993136871123,-8.838198469257));
#1051 = CARTESIAN_POINT('',(3.105055718342,-8.833717377377));
#1052 = CARTESIAN_POINT('',(3.216617137505,-8.834118810991));
#1053 = CARTESIAN_POINT('',(3.328619050546,-8.839433892183));
#1054 = CARTESIAN_POINT('',(3.441858565148,-8.849390820217));
#1055 = CARTESIAN_POINT('',(3.557189216528,-8.86335784773));
#1056 = CARTESIAN_POINT('',(3.764372472479,-8.89290076373));
#1057 = CARTESIAN_POINT('',(3.855548214744,-8.907291160921));
#1058 = CARTESIAN_POINT('',(3.949214692646,-8.922947094742));
#1059 = CARTESIAN_POINT('',(4.045462216379,-8.939174284213));
#1060 = CARTESIAN_POINT('',(4.144462362112,-8.955076504493));
#1061 = CARTESIAN_POINT('',(4.246465519641,-8.96959662752));
#1062 = CARTESIAN_POINT('',(4.351821229475,-8.981605806576));
#1063 = CARTESIAN_POINT('',(4.568582140938,-8.998390408058));
#1064 = CARTESIAN_POINT('',(4.677717169157,-9.003109715741));
#1065 = CARTESIAN_POINT('',(4.787339590284,-9.003370812155));
#1066 = CARTESIAN_POINT('',(4.896563771122,-8.998828557136));
#1067 = CARTESIAN_POINT('',(5.00452632345,-8.989909900408));
#1068 = CARTESIAN_POINT('',(5.110249521241,-8.977711138358));
#1069 = CARTESIAN_POINT('',(5.212467020714,-8.963666890053));
#1070 = CARTESIAN_POINT('',(5.445171236282,-8.928731161337));
#1071 = CARTESIAN_POINT('',(5.57452454802,-8.906749713116));
#1072 = CARTESIAN_POINT('',(5.698945109363,-8.885650792816));
#1073 = CARTESIAN_POINT('',(5.819557529137,-8.867275942862));
#1074 = CARTESIAN_POINT('',(5.937365543786,-8.852800382302));
#1075 = CARTESIAN_POINT('',(6.053270389593,-8.842927504729));
#1076 = CARTESIAN_POINT('',(6.168198636285,-8.837986195961));
#1077 = CARTESIAN_POINT('',(6.28318530718,-8.837986195961));
#1078 = ( GEOMETRIC_REPRESENTATION_CONTEXT(2) 
PARAMETRIC_REPRESENTATION_CONTEXT() REPRESENTATION_CONTEXT('2D SPACE',''
  ) );
#1079 = FACE_BOUND('',#1080,.F.);
#1080 = EDGE_LOOP('',(#1081,#1104,#1128,#1321,#1345,#1366,#1394,#1587));
#1081 = ORIENTED_EDGE('',*,*,#1082,.F.);
#1082 = EDGE_CURVE('',#1083,#1085,#1087,.T.);
#1083 = VERTEX_POINT('',#1084);
#1084 = CARTESIAN_POINT('',(-1.337908816026,-8.9,8.));
#1085 = VERTEX_POINT('',#1086);
#1086 = CARTESIAN_POINT('',(-1.337908816026,-8.9,6.));
#1087 = SURFACE_CURVE('',#1088,(#1092,#1098),.PCURVE_S1.);
#1088 = LINE('',#1089,#1090);
#1089 = CARTESIAN_POINT('',(-1.337908816026,-8.9,0.));
#1090 = VECTOR('',#1091,1.);
#1091 = DIRECTION('',(-0.,-0.,-1.));
#1092 = PCURVE('',#31,#1093);
#1093 = DEFINITIONAL_REPRESENTATION('',(#1094),#1097);
#1094 = B_SPLINE_CURVE_WITH_KNOTS('',1,(#1095,#1096),.UNSPECIFIED.,.F.,
  .F.,(2,2),(-8.2,-5.8),.PIECEWISE_BEZIER_KNOTS.);
#1095 = CARTESIAN_POINT('',(-4.56317940678,-8.2));
#1096 = CARTESIAN_POINT('',(-4.56317940678,-5.8));
#1097 = ( GEOMETRIC_REPRESENTATION_CONTEXT(2) 
PARAMETRIC_REPRESENTATION_CONTEXT() REPRESENTATION_CONTEXT('2D SPACE',''
  ) );
#1098 = PCURVE('',#750,#1099);
#1099 = DEFINITIONAL_REPRESENTATION('',(#1100),#1103);
#1100 = B_SPLINE_CURVE_WITH_KNOTS('',1,(#1101,#1102),.UNSPECIFIED.,.F.,
  .F.,(2,2),(-8.2,-5.8),.PIECEWISE_BEZIER_KNOTS.);
#1101 = CARTESIAN_POINT('',(7.662091183974,2.2));
#1102 = CARTESIAN_POINT('',(7.662091183974,-0.2));
#1103 = ( GEOMETRIC_REPRESENTATION_CONTEXT(2) 
PARAMETRIC_REPRESENTATION_CONTEXT() REPRESENTATION_CONTEXT('2D SPACE',''
  ) );
#1104 = ORIENTED_EDGE('',*,*,#1105,.F.);
#1105 = EDGE_CURVE('',#1106,#1083,#1108,.T.);
#1106 = VERTEX_POINT('',#1107);
#1107 = CARTESIAN_POINT('',(-8.894380248224,-1.374772708487,8.));
#1108 = SURFACE_CURVE('',#1109,(#1114,#1121),.PCURVE_S1.);
#1109 = CIRCLE('',#1110,9.);
#1110 = AXIS2_PLACEMENT_3D('',#1111,#1112,#1113);
#1111 = CARTESIAN_POINT('',(0.,0.,8.));
#1112 = DIRECTION('',(0.,0.,1.));
#1113 = DIRECTION('',(-0.823947139621,0.566666666667,0.));
#1114 = PCURVE('',#31,#1115);
#1115 = DEFINITIONAL_REPRESENTATION('',(#1116),#1120);
#1116 = LINE('',#1117,#1118);
#1117 = CARTESIAN_POINT('',(-2.539138020205,-8.));
#1118 = VECTOR('',#1119,1.);
#1119 = DIRECTION('',(-1.,-0.));
#1120 = ( GEOMETRIC_REPRESENTATION_CONTEXT(2) 
PARAMETRIC_REPRESENTATION_CONTEXT() REPRESENTATION_CONTEXT('2D SPACE',''
  ) );
#1121 = PCURVE('',#719,#1122);
#1122 = DEFINITIONAL_REPRESENTATION('',(#1123),#1127);
#1123 = CIRCLE('',#1124,9.);
#1124 = AXIS2_PLACEMENT_2D('',#1125,#1126);
#1125 = CARTESIAN_POINT('',(5.1,9.));
#1126 = DIRECTION('',(-0.566666666667,-0.823947139621));
#1127 = ( GEOMETRIC_REPRESENTATION_CONTEXT(2) 
PARAMETRIC_REPRESENTATION_CONTEXT() REPRESENTATION_CONTEXT('2D SPACE',''
  ) );
#1128 = ORIENTED_EDGE('',*,*,#1129,.F.);
#1129 = EDGE_CURVE('',#1130,#1106,#1132,.T.);
#1130 = VERTEX_POINT('',#1131);
#1131 = CARTESIAN_POINT('',(-8.894380248224,1.374772708487,8.));
#1132 = SURFACE_CURVE('',#1133,(#1192,#1254),.PCURVE_S1.);
#1133 = B_SPLINE_CURVE_WITH_KNOTS('',8,(#1134,#1135,#1136,#1137,#1138,
    #1139,#1140,#1141,#1142,#1143,#1144,#1145,#1146,#1147,#1148,#1149,
    #1150,#1151,#1152,#1153,#1154,#1155,#1156,#1157,#1158,#1159,#1160,
    #1161,#1162,#1163,#1164,#1165,#1166,#1167,#1168,#1169,#1170,#1171,
    #1172,#1173,#1174,#1175,#1176,#1177,#1178,#1179,#1180,#1181,#1182,
    #1183,#1184,#1185,#1186,#1187,#1188,#1189,#1190,#1191),
  .UNSPECIFIED.,.T.,.F.,(9,7,7,7,7,7,7,7,9),(0.,0.125303937165,
    0.214708037443,0.300899966649,0.43136216107,0.592907977113,
    0.71386747865,0.832922720155,1.),.UNSPECIFIED.);
#1134 = CARTESIAN_POINT('',(-8.837986195961,1.7,7.));
#1135 = CARTESIAN_POINT('',(-8.837986195961,1.7,7.148654897577));
#1136 = CARTESIAN_POINT('',(-8.840843709595,1.685144233556,
    7.297224506193));
#1137 = CARTESIAN_POINT('',(-8.846553345686,1.655461207644,
    7.444747109499));
#1138 = CARTESIAN_POINT('',(-8.854999768144,1.610795446906,
    7.590202401645));
#1139 = CARTESIAN_POINT('',(-8.865951549424,1.550850952426,
    7.732434352758));
#1140 = CARTESIAN_POINT('',(-8.879035139656,1.475230503018,
    7.870066168949));
#1141 = CARTESIAN_POINT('',(-8.893702099009,1.383485220243,
    8.001392015402));
#1142 = CARTESIAN_POINT('',(-8.920262416771,1.197919559386,
    8.211874941311));
#1143 = CARTESIAN_POINT('',(-8.931803522217,1.111825917173,
    8.295650390743));
#1144 = CARTESIAN_POINT('',(-8.943512694055,1.016942908775,
    8.374298529644));
#1145 = CARTESIAN_POINT('',(-8.955009202508,0.913460934538,
    8.446563102841));
#1146 = CARTESIAN_POINT('',(-8.96586205716,0.801722792057,8.511188565779
    ));
#1147 = CARTESIAN_POINT('',(-8.975614633693,0.682226055322,
    8.566916466656));
#1148 = CARTESIAN_POINT('',(-8.983816821366,0.555630819044,
    8.612479234604));
#1149 = CARTESIAN_POINT('',(-8.996088083411,0.294688209924,
    8.679477909186));
#1150 = CARTESIAN_POINT('',(-9.000260117788,0.161527162563,
    8.701530347078));
#1151 = CARTESIAN_POINT('',(-9.002201817903,2.529574637571E-02,
    8.711519951193));
#1152 = CARTESIAN_POINT('',(-9.001692683027,-0.111826262548,
    8.708841850988));
#1153 = CARTESIAN_POINT('',(-8.998730420976,-0.247597508179,
    8.693500350353));
#1154 = CARTESIAN_POINT('',(-8.993540194228,-0.379826738293,
    8.666103252064));
#1155 = CARTESIAN_POINT('',(-8.986533379366,-0.506484056071,
    8.62786519813));
#1156 = CARTESIAN_POINT('',(-8.965626210274,-0.806429015302,
    8.509108587673));
#1157 = CARTESIAN_POINT('',(-8.950027707435,-0.97034592616,
    8.416924743736));
#1158 = CARTESIAN_POINT('',(-8.932819890636,-1.116536224456,
    8.308363186522));
#1159 = CARTESIAN_POINT('',(-8.915315625897,-1.244659533803,
    8.18695567276));
#1160 = CARTESIAN_POINT('',(-8.89859328608,-1.354775232014,
    8.055666301784));
#1161 = CARTESIAN_POINT('',(-8.883468117201,-1.447176940133,
    7.917009838386));
#1162 = CARTESIAN_POINT('',(-8.870520038297,-1.522295712904,
    7.773122138955));
#1163 = CARTESIAN_POINT('',(-8.847231199592,-1.652840555472,
    7.443403504083));
#1164 = CARTESIAN_POINT('',(-8.838198469257,-1.699582451882,
    7.255059345514));
#1165 = CARTESIAN_POINT('',(-8.833717377377,-1.721698453791,
    7.063464266267));
#1166 = CARTESIAN_POINT('',(-8.834118810991,-1.719560478426,
    6.870782366302));
#1167 = CARTESIAN_POINT('',(-8.839433892183,-1.693152951907,
    6.679095305767));
#1168 = CARTESIAN_POINT('',(-8.849390820217,-1.642116555962,
    6.490628637824));
#1169 = CARTESIAN_POINT('',(-8.86335784773,-1.565785502318,
    6.307988305112));
#1170 = CARTESIAN_POINT('',(-8.892900763732,-1.38649524383,
    6.004825034427));
#1171 = CARTESIAN_POINT('',(-8.907291160922,-1.294434552274,
    5.879193346932));
#1172 = CARTESIAN_POINT('',(-8.922947094741,-1.186698732616,
    5.760015850728));
#1173 = CARTESIAN_POINT('',(-8.939174284212,-1.063215072862,
    5.649742019493));
#1174 = CARTESIAN_POINT('',(-8.955076504493,-0.9242326955,5.550994482051
    ));
#1175 = CARTESIAN_POINT('',(-8.969596627521,-0.770358613088,
    5.466590192127));
#1176 = CARTESIAN_POINT('',(-8.981605806576,-0.602647007426,
    5.399592470804));
#1177 = CARTESIAN_POINT('',(-8.998390408058,-0.245730360423,
    5.307951851564));
#1178 = CARTESIAN_POINT('',(-9.003109715741,-6.044317039212E-02,
    5.283567559652));
#1179 = CARTESIAN_POINT('',(-9.003370812155,0.128403926878,
    5.282676647118));
#1180 = CARTESIAN_POINT('',(-8.998828557136,0.315683639813,
    5.305908300103));
#1181 = CARTESIAN_POINT('',(-8.989909900408,0.496261755146,
    5.352199397829));
#1182 = CARTESIAN_POINT('',(-8.977711138358,0.665444391527,
    5.418834781876));
#1183 = CARTESIAN_POINT('',(-8.963666890053,0.819402825361,
    5.501443111287));
#1184 = CARTESIAN_POINT('',(-8.928731161337,1.146593556984,
    5.723801702884));
#1185 = CARTESIAN_POINT('',(-8.906749713116,1.308306077773,
    5.877072318094));
#1186 = CARTESIAN_POINT('',(-8.885650792816,1.440936393479,
    6.046661397443));
#1187 = CARTESIAN_POINT('',(-8.867275942862,1.545480654218,
    6.227574799636));
#1188 = CARTESIAN_POINT('',(-8.852800382302,1.622981148333,
    6.416042645973));
#1189 = CARTESIAN_POINT('',(-8.842927504729,1.67431159448,6.609145116378
    ));
#1190 = CARTESIAN_POINT('',(-8.837986195961,1.7,6.804522659479));
#1191 = CARTESIAN_POINT('',(-8.837986195961,1.7,7.));
#1192 = PCURVE('',#31,#1193);
#1193 = DEFINITIONAL_REPRESENTATION('',(#1194),#1253);
#1194 = B_SPLINE_CURVE_WITH_KNOTS('',8,(#1195,#1196,#1197,#1198,#1199,
    #1200,#1201,#1202,#1203,#1204,#1205,#1206,#1207,#1208,#1209,#1210,
    #1211,#1212,#1213,#1214,#1215,#1216,#1217,#1218,#1219,#1220,#1221,
    #1222,#1223,#1224,#1225,#1226,#1227,#1228,#1229,#1230,#1231,#1232,
    #1233,#1234,#1235,#1236,#1237,#1238,#1239,#1240,#1241,#1242,#1243,
    #1244,#1245,#1246,#1247,#1248,#1249,#1250,#1251,#1252),
  .UNSPECIFIED.,.F.,.F.,(9,7,7,7,7,7,7,7,9),(0.,0.125303937165,
    0.214708037443,0.300899966649,0.43136216107,0.592907977113,
    0.71386747865,0.832922720155,1.),.UNSPECIFIED.);
#1195 = CARTESIAN_POINT('',(-2.951562109933,-7.));
#1196 = CARTESIAN_POINT('',(-2.951562109933,-7.148654897577));
#1197 = CARTESIAN_POINT('',(-2.953243008784,-7.297224506193));
#1198 = CARTESIAN_POINT('',(-2.956601585117,-7.444747109499));
#1199 = CARTESIAN_POINT('',(-2.96165237479,-7.590202401645));
#1200 = CARTESIAN_POINT('',(-2.9684228349,-7.732434352758));
#1201 = CARTESIAN_POINT('',(-2.976949052911,-7.870066168949));
#1202 = CARTESIAN_POINT('',(-2.987271034048,-8.001392015402));
#1203 = CARTESIAN_POINT('',(-3.008099571264,-8.211874941311));
#1204 = CARTESIAN_POINT('',(-3.017750706249,-8.295650390743));
#1205 = CARTESIAN_POINT('',(-3.028372263088,-8.374298529644));
#1206 = CARTESIAN_POINT('',(-3.039939160573,-8.446563102841));
#1207 = CARTESIAN_POINT('',(-3.052410272004,-8.511188565779));
#1208 = CARTESIAN_POINT('',(-3.065728879477,-8.566916466656));
#1209 = CARTESIAN_POINT('',(-3.079822288649,-8.612479234604));
#1210 = CARTESIAN_POINT('',(-3.10884795399,-8.679477909186));
#1211 = CARTESIAN_POINT('',(-3.123649111152,-8.701530347078));
#1212 = CARTESIAN_POINT('',(-3.13878364669,-8.711519951193));
#1213 = CARTESIAN_POINT('',(-3.154014689919,-8.708841850988));
#1214 = CARTESIAN_POINT('',(-3.16909935952,-8.693500350353));
#1215 = CARTESIAN_POINT('',(-3.183799488993,-8.666103252064));
#1216 = CARTESIAN_POINT('',(-3.197892646299,-8.62786519813));
#1217 = CARTESIAN_POINT('',(-3.231300726989,-8.509108587673));
#1218 = CARTESIAN_POINT('',(-3.249590136826,-8.416924743736));
#1219 = CARTESIAN_POINT('',(-3.265939592983,-8.308363186522));
#1220 = CARTESIAN_POINT('',(-3.280303943805,-8.18695567276));
#1221 = CARTESIAN_POINT('',(-3.292677598633,-8.055666301784));
#1222 = CARTESIAN_POINT('',(-3.303080417636,-7.917009838386));
#1223 = CARTESIAN_POINT('',(-3.311549898082,-7.773122138955));
#1224 = CARTESIAN_POINT('',(-3.326283887479,-7.443403504083));
#1225 = CARTESIAN_POINT('',(-3.331572981933,-7.255059345514));
#1226 = CARTESIAN_POINT('',(-3.33408035019,-7.063464266267));
#1227 = CARTESIAN_POINT('',(-3.333838776078,-6.870782366302));
#1228 = CARTESIAN_POINT('',(-3.330845522716,-6.679095305767));
#1229 = CARTESIAN_POINT('',(-3.325068081701,-6.490628637824));
#1230 = CARTESIAN_POINT('',(-3.316447377406,-6.307988305112));
#1231 = CARTESIAN_POINT('',(-3.2962576047,-6.004825034427));
#1232 = CARTESIAN_POINT('',(-3.285904770975,-5.879193346932));
#1233 = CARTESIAN_POINT('',(-3.273809617051,-5.760015850728));
#1234 = CARTESIAN_POINT('',(-3.25997398876,-5.649742019493));
#1235 = CARTESIAN_POINT('',(-3.244435802209,-5.550994482051));
#1236 = CARTESIAN_POINT('',(-3.227269539716,-5.466590192127));
#1237 = CARTESIAN_POINT('',(-3.208592812753,-5.399592470804));
#1238 = CARTESIAN_POINT('',(-3.168891580419,-5.307951851564));
#1239 = CARTESIAN_POINT('',(-3.148302176338,-5.283567559652));
#1240 = CARTESIAN_POINT('',(-3.127329461796,-5.282676647117));
#1241 = CARTESIAN_POINT('',(-3.106527722823,-5.305908300103));
#1242 = CARTESIAN_POINT('',(-3.086450088378,-5.352199397829));
#1243 = CARTESIAN_POINT('',(-3.067608839229,-5.418834781876));
#1244 = CARTESIAN_POINT('',(-3.050433393401,-5.501443111287));
#1245 = CARTESIAN_POINT('',(-3.013872218555,-5.723801702884));
#1246 = CARTESIAN_POINT('',(-2.995746412284,-5.877072318093));
#1247 = CARTESIAN_POINT('',(-2.980829249163,-6.046661397444));
#1248 = CARTESIAN_POINT('',(-2.969036531439,-6.227574799634));
#1249 = CARTESIAN_POINT('',(-2.960276645529,-6.416042645974));
#1250 = CARTESIAN_POINT('',(-2.954468697975,-6.609145116378));
#1251 = CARTESIAN_POINT('',(-2.951562109933,-6.804522659479));
#1252 = CARTESIAN_POINT('',(-2.951562109933,-7.));
#1253 = ( GEOMETRIC_REPRESENTATION_CONTEXT(2) 
PARAMETRIC_REPRESENTATION_CONTEXT() REPRESENTATION_CONTEXT('2D SPACE',''
  ) );
#1254 = PCURVE('',#1255,#1260);
#1255 = CYLINDRICAL_SURFACE('',#1256,1.7);
#1256 = AXIS2_PLACEMENT_3D('',#1257,#1258,#1259);
#1257 = CARTESIAN_POINT('',(0.,0.,7.));
#1258 = DIRECTION('',(1.,0.,0.));
#1259 = DIRECTION('',(0.,1.,0.));
#1260 = DEFINITIONAL_REPRESENTATION('',(#1261),#1320);
#1261 = B_SPLINE_CURVE_WITH_KNOTS('',8,(#1262,#1263,#1264,#1265,#1266,
    #1267,#1268,#1269,#1270,#1271,#1272,#1273,#1274,#1275,#1276,#1277,
    #1278,#1279,#1280,#1281,#1282,#1283,#1284,#1285,#1286,#1287,#1288,
    #1289,#1290,#1291,#1292,#1293,#1294,#1295,#1296,#1297,#1298,#1299,
    #1300,#1301,#1302,#1303,#1304,#1305,#1306,#1307,#1308,#1309,#1310,
    #1311,#1312,#1313,#1314,#1315,#1316,#1317,#1318,#1319),
  .UNSPECIFIED.,.F.,.F.,(9,7,7,7,7,7,7,7,9),(0.,0.125303937165,
    0.214708037443,0.300899966649,0.43136216107,0.592907977113,
    0.71386747865,0.832922720155,1.),.UNSPECIFIED.);
#1262 = CARTESIAN_POINT('',(0.,-8.837986195961));
#1263 = CARTESIAN_POINT('',(8.744405739823E-02,-8.837986195961));
#1264 = CARTESIAN_POINT('',(0.174837851362,-8.840843709595));
#1265 = CARTESIAN_POINT('',(0.262635052623,-8.846553345686));
#1266 = CARTESIAN_POINT('',(0.351248396197,-8.854999768144));
#1267 = CARTESIAN_POINT('',(0.44109333445,-8.865951549424));
#1268 = CARTESIAN_POINT('',(0.532600844615,-8.879035139656));
#1269 = CARTESIAN_POINT('',(0.626236924529,-8.893702099009));
#1270 = CARTESIAN_POINT('',(0.791297128067,-8.920262416771));
#1271 = CARTESIAN_POINT('',(0.861753572258,-8.931803522217));
#1272 = CARTESIAN_POINT('',(0.933860895362,-8.943512694055));
#1273 = CARTESIAN_POINT('',(1.007590946549,-8.955009202508));
#1274 = CARTESIAN_POINT('',(1.082952408573,-8.96586205716));
#1275 = CARTESIAN_POINT('',(1.159988511404,-8.975614633693));
#1276 = CARTESIAN_POINT('',(1.238782222613,-8.983816821366));
#1277 = CARTESIAN_POINT('',(1.397256640282,-8.996088083411));
#1278 = CARTESIAN_POINT('',(1.476351435669,-9.000260117788));
#1279 = CARTESIAN_POINT('',(1.556149562658,-9.002201817903));
#1280 = CARTESIAN_POINT('',(1.636135989106,-9.001692683027));
#1281 = CARTESIAN_POINT('',(1.715831990935,-8.998730420976));
#1282 = CARTESIAN_POINT('',(1.79474107469,-8.993540194228));
#1283 = CARTESIAN_POINT('',(1.872293220473,-8.986533379366));
#1284 = CARTESIAN_POINT('',(2.062057334741,-8.965626210274));
#1285 = CARTESIAN_POINT('',(2.171670206929,-8.950027707435));
#1286 = CARTESIAN_POINT('',(2.277405827039,-8.932819890636));
#1287 = CARTESIAN_POINT('',(2.3798170695,-8.915315625897));
#1288 = CARTESIAN_POINT('',(2.479362420757,-8.89859328608));
#1289 = CARTESIAN_POINT('',(2.576441440684,-8.883468117201));
#1290 = CARTESIAN_POINT('',(2.67140367801,-8.870520038297));
#1291 = CARTESIAN_POINT('',(2.880004498856,-8.847231199592));
#1292 = CARTESIAN_POINT('',(2.993136871123,-8.838198469257));
#1293 = CARTESIAN_POINT('',(3.105055718342,-8.833717377377));
#1294 = CARTESIAN_POINT('',(3.216617137505,-8.834118810991));
#1295 = CARTESIAN_POINT('',(3.328619050546,-8.839433892183));
#1296 = CARTESIAN_POINT('',(3.441858565148,-8.849390820217));
#1297 = CARTESIAN_POINT('',(3.557189216528,-8.86335784773));
#1298 = CARTESIAN_POINT('',(3.764372472488,-8.892900763732));
#1299 = CARTESIAN_POINT('',(3.855548214746,-8.907291160922));
#1300 = CARTESIAN_POINT('',(3.949214692641,-8.922947094741));
#1301 = CARTESIAN_POINT('',(4.045462216372,-8.939174284212));
#1302 = CARTESIAN_POINT('',(4.144462362109,-8.955076504493));
#1303 = CARTESIAN_POINT('',(4.246465519644,-8.969596627521));
#1304 = CARTESIAN_POINT('',(4.351821229484,-8.981605806576));
#1305 = CARTESIAN_POINT('',(4.568582140938,-8.998390408058));
#1306 = CARTESIAN_POINT('',(4.677717169157,-9.003109715741));
#1307 = CARTESIAN_POINT('',(4.787339590284,-9.003370812155));
#1308 = CARTESIAN_POINT('',(4.896563771122,-8.998828557136));
#1309 = CARTESIAN_POINT('',(5.004526323451,-8.989909900408));
#1310 = CARTESIAN_POINT('',(5.110249521241,-8.977711138358));
#1311 = CARTESIAN_POINT('',(5.212467020714,-8.963666890053));
#1312 = CARTESIAN_POINT('',(5.445171236283,-8.928731161337));
#1313 = CARTESIAN_POINT('',(5.574524548018,-8.906749713116));
#1314 = CARTESIAN_POINT('',(5.698945109368,-8.885650792816));
#1315 = CARTESIAN_POINT('',(5.819557529132,-8.867275942862));
#1316 = CARTESIAN_POINT('',(5.93736554379,-8.852800382302));
#1317 = CARTESIAN_POINT('',(6.053270389592,-8.842927504729));
#1318 = CARTESIAN_POINT('',(6.168198636285,-8.837986195961));
#1319 = CARTESIAN_POINT('',(6.28318530718,-8.837986195961));
#1320 = ( GEOMETRIC_REPRESENTATION_CONTEXT(2) 
PARAMETRIC_REPRESENTATION_CONTEXT() REPRESENTATION_CONTEXT('2D SPACE',''
  ) );
#1321 = ORIENTED_EDGE('',*,*,#1322,.F.);
#1322 = EDGE_CURVE('',#1323,#1130,#1325,.T.);
#1323 = VERTEX_POINT('',#1324);
#1324 = CARTESIAN_POINT('',(-7.415524256585,5.1,8.));
#1325 = SURFACE_CURVE('',#1326,(#1331,#1338),.PCURVE_S1.);
#1326 = CIRCLE('',#1327,9.);
#1327 = AXIS2_PLACEMENT_3D('',#1328,#1329,#1330);
#1328 = CARTESIAN_POINT('',(0.,0.,8.));
#1329 = DIRECTION('',(0.,0.,1.));
#1330 = DIRECTION('',(-0.823947139621,0.566666666667,0.));
#1331 = PCURVE('',#31,#1332);
#1332 = DEFINITIONAL_REPRESENTATION('',(#1333),#1337);
#1333 = LINE('',#1334,#1335);
#1334 = CARTESIAN_POINT('',(-2.539138020205,-8.));
#1335 = VECTOR('',#1336,1.);
#1336 = DIRECTION('',(-1.,-0.));
#1337 = ( GEOMETRIC_REPRESENTATION_CONTEXT(2) 
PARAMETRIC_REPRESENTATION_CONTEXT() REPRESENTATION_CONTEXT('2D SPACE',''
  ) );
#1338 = PCURVE('',#215,#1339);
#1339 = DEFINITIONAL_REPRESENTATION('',(#1340),#1344);
#1340 = CIRCLE('',#1341,9.);
#1341 = AXIS2_PLACEMENT_2D('',#1342,#1343);
#1342 = CARTESIAN_POINT('',(5.1,9.));
#1343 = DIRECTION('',(-0.566666666667,-0.823947139621));
#1344 = ( GEOMETRIC_REPRESENTATION_CONTEXT(2) 
PARAMETRIC_REPRESENTATION_CONTEXT() REPRESENTATION_CONTEXT('2D SPACE',''
  ) );
#1345 = ORIENTED_EDGE('',*,*,#1346,.T.);
#1346 = EDGE_CURVE('',#1323,#1347,#1349,.T.);
#1347 = VERTEX_POINT('',#1348);
#1348 = CARTESIAN_POINT('',(-7.415524256585,5.1,6.));
#1349 = SURFACE_CURVE('',#1350,(#1354,#1360),.PCURVE_S1.);
#1350 = LINE('',#1351,#1352);
#1351 = CARTESIAN_POINT('',(-7.415524256585,5.1,0.));
#1352 = VECTOR('',#1353,1.);
#1353 = DIRECTION('',(-0.,-0.,-1.));
#1354 = PCURVE('',#31,#1355);
#1355 = DEFINITIONAL_REPRESENTATION('',(#1356),#1359);
#1356 = B_SPLINE_CURVE_WITH_KNOTS('',1,(#1357,#1358),.UNSPECIFIED.,.F.,
  .F.,(2,2),(-8.2,-5.8),.PIECEWISE_BEZIER_KNOTS.);
#1357 = CARTESIAN_POINT('',(-2.539138020205,-8.2));
#1358 = CARTESIAN_POINT('',(-2.539138020205,-5.8));
#1359 = ( GEOMETRIC_REPRESENTATION_CONTEXT(2) 
PARAMETRIC_REPRESENTATION_CONTEXT() REPRESENTATION_CONTEXT('2D SPACE',''
  ) );
#1360 = PCURVE('',#187,#1361);
#1361 = DEFINITIONAL_REPRESENTATION('',(#1362),#1365);
#1362 = B_SPLINE_CURVE_WITH_KNOTS('',1,(#1363,#1364),.UNSPECIFIED.,.F.,
  .F.,(2,2),(-8.2,-5.8),.PIECEWISE_BEZIER_KNOTS.);
#1363 = CARTESIAN_POINT('',(1.584475743415,2.2));
#1364 = CARTESIAN_POINT('',(1.584475743415,-0.2));
#1365 = ( GEOMETRIC_REPRESENTATION_CONTEXT(2) 
PARAMETRIC_REPRESENTATION_CONTEXT() REPRESENTATION_CONTEXT('2D SPACE',''
  ) );
#1366 = ORIENTED_EDGE('',*,*,#1367,.F.);
#1367 = EDGE_CURVE('',#1368,#1347,#1370,.T.);
#1368 = VERTEX_POINT('',#1369);
#1369 = CARTESIAN_POINT('',(-8.894380248224,1.374772708487,6.));
#1370 = SURFACE_CURVE('',#1371,(#1376,#1383),.PCURVE_S1.);
#1371 = CIRCLE('',#1372,9.);
#1372 = AXIS2_PLACEMENT_3D('',#1373,#1374,#1375);
#1373 = CARTESIAN_POINT('',(0.,0.,6.));
#1374 = DIRECTION('',(0.,0.,-1.));
#1375 = DIRECTION('',(-0.148656535114,-0.988888888889,-0.));
#1376 = PCURVE('',#31,#1377);
#1377 = DEFINITIONAL_REPRESENTATION('',(#1378),#1382);
#1378 = LINE('',#1379,#1380);
#1379 = CARTESIAN_POINT('',(-4.56317940678,-6.));
#1380 = VECTOR('',#1381,1.);
#1381 = DIRECTION('',(1.,-0.));
#1382 = ( GEOMETRIC_REPRESENTATION_CONTEXT(2) 
PARAMETRIC_REPRESENTATION_CONTEXT() REPRESENTATION_CONTEXT('2D SPACE',''
  ) );
#1383 = PCURVE('',#156,#1384);
#1384 = DEFINITIONAL_REPRESENTATION('',(#1385),#1393);
#1385 = ( BOUNDED_CURVE() B_SPLINE_CURVE(2,(#1386,#1387,#1388,#1389,
#1390,#1391,#1392),.UNSPECIFIED.,.T.,.F.) B_SPLINE_CURVE_WITH_KNOTS((1,2
    ,2,2,2,1),(-2.094395102393,0.,2.094395102393,4.188790204786,
6.28318530718,8.377580409573),.UNSPECIFIED.) CURVE() 
GEOMETRIC_REPRESENTATION_ITEM() RATIONAL_B_SPLINE_CURVE((1.,0.5,1.,0.5,
1.,0.5,1.)) REPRESENTATION_ITEM('') );
#1386 = CARTESIAN_POINT('',(14.,7.662091183974));
#1387 = CARTESIAN_POINT('',(11.682673954749,-7.753161003389));
#1388 = CARTESIAN_POINT('',(-0.508663022626,1.961328314331));
#1389 = CARTESIAN_POINT('',(-12.7,11.675817632052));
#1390 = CARTESIAN_POINT('',(1.808663022626,17.376580501694));
#1391 = CARTESIAN_POINT('',(16.317326045251,23.077343371337));
#1392 = CARTESIAN_POINT('',(14.,7.662091183974));
#1393 = ( GEOMETRIC_REPRESENTATION_CONTEXT(2) 
PARAMETRIC_REPRESENTATION_CONTEXT() REPRESENTATION_CONTEXT('2D SPACE',''
  ) );
#1394 = ORIENTED_EDGE('',*,*,#1395,.F.);
#1395 = EDGE_CURVE('',#1396,#1368,#1398,.T.);
#1396 = VERTEX_POINT('',#1397);
#1397 = CARTESIAN_POINT('',(-8.894380248224,-1.374772708487,6.));
#1398 = SURFACE_CURVE('',#1399,(#1458,#1520),.PCURVE_S1.);
#1399 = B_SPLINE_CURVE_WITH_KNOTS('',8,(#1400,#1401,#1402,#1403,#1404,
    #1405,#1406,#1407,#1408,#1409,#1410,#1411,#1412,#1413,#1414,#1415,
    #1416,#1417,#1418,#1419,#1420,#1421,#1422,#1423,#1424,#1425,#1426,
    #1427,#1428,#1429,#1430,#1431,#1432,#1433,#1434,#1435,#1436,#1437,
    #1438,#1439,#1440,#1441,#1442,#1443,#1444,#1445,#1446,#1447,#1448,
    #1449,#1450,#1451,#1452,#1453,#1454,#1455,#1456,#1457),
  .UNSPECIFIED.,.T.,.F.,(9,7,7,7,7,7,7,7,9),(0.,0.125303937165,
    0.214708037443,0.300899966649,0.43136216107,0.592907977113,
    0.71386747865,0.832922720155,1.),.UNSPECIFIED.);
#1400 = CARTESIAN_POINT('',(-8.837986195961,1.7,7.));
#1401 = CARTESIAN_POINT('',(-8.837986195961,1.7,7.148654897577));
#1402 = CARTESIAN_POINT('',(-8.840843709595,1.685144233556,
    7.297224506193));
#1403 = CARTESIAN_POINT('',(-8.846553345686,1.655461207644,
    7.444747109499));
#1404 = CARTESIAN_POINT('',(-8.854999768144,1.610795446906,
    7.590202401645));
#1405 = CARTESIAN_POINT('',(-8.865951549424,1.550850952426,
    7.732434352758));
#1406 = CARTESIAN_POINT('',(-8.879035139656,1.475230503018,
    7.870066168949));
#1407 = CARTESIAN_POINT('',(-8.893702099009,1.383485220243,
    8.001392015402));
#1408 = CARTESIAN_POINT('',(-8.920262416771,1.197919559386,
    8.211874941311));
#1409 = CARTESIAN_POINT('',(-8.931803522217,1.111825917173,
    8.295650390743));
#1410 = CARTESIAN_POINT('',(-8.943512694055,1.016942908775,
    8.374298529644));
#1411 = CARTESIAN_POINT('',(-8.955009202508,0.913460934538,
    8.446563102841));
#1412 = CARTESIAN_POINT('',(-8.96586205716,0.801722792057,8.511188565779
    ));
#1413 = CARTESIAN_POINT('',(-8.975614633693,0.682226055322,
    8.566916466656));
#1414 = CARTESIAN_POINT('',(-8.983816821366,0.555630819044,
    8.612479234604));
#1415 = CARTESIAN_POINT('',(-8.996088083411,0.294688209924,
    8.679477909186));
#1416 = CARTESIAN_POINT('',(-9.000260117788,0.161527162563,
    8.701530347078));
#1417 = CARTESIAN_POINT('',(-9.002201817903,2.529574637571E-02,
    8.711519951193));
#1418 = CARTESIAN_POINT('',(-9.001692683027,-0.111826262548,
    8.708841850988));
#1419 = CARTESIAN_POINT('',(-8.998730420976,-0.247597508179,
    8.693500350353));
#1420 = CARTESIAN_POINT('',(-8.993540194228,-0.379826738293,
    8.666103252064));
#1421 = CARTESIAN_POINT('',(-8.986533379366,-0.506484056071,
    8.62786519813));
#1422 = CARTESIAN_POINT('',(-8.965626210274,-0.806429015302,
    8.509108587673));
#1423 = CARTESIAN_POINT('',(-8.950027707435,-0.97034592616,
    8.416924743736));
#1424 = CARTESIAN_POINT('',(-8.932819890636,-1.116536224456,
    8.308363186522));
#1425 = CARTESIAN_POINT('',(-8.915315625897,-1.244659533803,
    8.18695567276));
#1426 = CARTESIAN_POINT('',(-8.89859328608,-1.354775232014,
    8.055666301784));
#1427 = CARTESIAN_POINT('',(-8.883468117201,-1.447176940133,
    7.917009838386));
#1428 = CARTESIAN_POINT('',(-8.870520038297,-1.522295712904,
    7.773122138955));
#1429 = CARTESIAN_POINT('',(-8.847231199592,-1.652840555472,
    7.443403504083));
#1430 = CARTESIAN_POINT('',(-8.838198469257,-1.699582451882,
    7.255059345514));
#1431 = CARTESIAN_POINT('',(-8.833717377377,-1.721698453791,
    7.063464266267));
#1432 = CARTESIAN_POINT('',(-8.834118810991,-1.719560478426,
    6.870782366302));
#1433 = CARTESIAN_POINT('',(-8.839433892183,-1.693152951907,
    6.679095305767));
#1434 = CARTESIAN_POINT('',(-8.849390820217,-1.642116555962,
    6.490628637824));
#1435 = CARTESIAN_POINT('',(-8.86335784773,-1.565785502318,
    6.307988305112));
#1436 = CARTESIAN_POINT('',(-8.892900763732,-1.38649524383,
    6.004825034427));
#1437 = CARTESIAN_POINT('',(-8.907291160922,-1.294434552274,
    5.879193346932));
#1438 = CARTESIAN_POINT('',(-8.922947094741,-1.186698732616,
    5.760015850728));
#1439 = CARTESIAN_POINT('',(-8.939174284212,-1.063215072862,
    5.649742019493));
#1440 = CARTESIAN_POINT('',(-8.955076504493,-0.9242326955,5.550994482051
    ));
#1441 = CARTESIAN_POINT('',(-8.969596627521,-0.770358613088,
    5.466590192127));
#1442 = CARTESIAN_POINT('',(-8.981605806576,-0.602647007426,
    5.399592470804));
#1443 = CARTESIAN_POINT('',(-8.998390408058,-0.245730360423,
    5.307951851564));
#1444 = CARTESIAN_POINT('',(-9.003109715741,-6.044317039212E-02,
    5.283567559652));
#1445 = CARTESIAN_POINT('',(-9.003370812155,0.128403926878,
    5.282676647118));
#1446 = CARTESIAN_POINT('',(-8.998828557136,0.315683639813,
    5.305908300103));
#1447 = CARTESIAN_POINT('',(-8.989909900408,0.496261755146,
    5.352199397829));
#1448 = CARTESIAN_POINT('',(-8.977711138358,0.665444391527,
    5.418834781876));
#1449 = CARTESIAN_POINT('',(-8.963666890053,0.819402825361,
    5.501443111287));
#1450 = CARTESIAN_POINT('',(-8.928731161337,1.146593556984,
    5.723801702884));
#1451 = CARTESIAN_POINT('',(-8.906749713116,1.308306077773,
    5.877072318094));
#1452 = CARTESIAN_POINT('',(-8.885650792816,1.440936393479,
    6.046661397443));
#1453 = CARTESIAN_POINT('',(-8.867275942862,1.545480654218,
    6.227574799636));
#1454 = CARTESIAN_POINT('',(-8.852800382302,1.622981148333,
    6.416042645973));
#1455 = CARTESIAN_POINT('',(-8.842927504729,1.67431159448,6.609145116378
    ));
#1456 = CARTESIAN_POINT('',(-8.837986195961,1.7,6.804522659479));
#1457 = CARTESIAN_POINT('',(-8.837986195961,1.7,7.));
#1458 = PCURVE('',#31,#1459);
#1459 = DEFINITIONAL_REPRESENTATION('',(#1460),#1519);
#1460 = B_SPLINE_CURVE_WITH_KNOTS('',8,(#1461,#1462,#1463,#1464,#1465,
    #1466,#1467,#1468,#1469,#1470,#1471,#1472,#1473,#1474,#1475,#1476,
    #1477,#1478,#1479,#1480,#1481,#1482,#1483,#1484,#1485,#1486,#1487,
    #1488,#1489,#1490,#1491,#1492,#1493,#1494,#1495,#1496,#1497,#1498,
    #1499,#1500,#1501,#1502,#1503,#1504,#1505,#1506,#1507,#1508,#1509,
    #1510,#1511,#1512,#1513,#1514,#1515,#1516,#1517,#1518),
  .UNSPECIFIED.,.F.,.F.,(9,7,7,7,7,7,7,7,9),(0.,0.125303937165,
    0.214708037443,0.300899966649,0.43136216107,0.592907977113,
    0.71386747865,0.832922720155,1.),.UNSPECIFIED.);
#1461 = CARTESIAN_POINT('',(-2.951562109933,-7.));
#1462 = CARTESIAN_POINT('',(-2.951562109933,-7.148654897577));
#1463 = CARTESIAN_POINT('',(-2.953243008784,-7.297224506193));
#1464 = CARTESIAN_POINT('',(-2.956601585117,-7.444747109499));
#1465 = CARTESIAN_POINT('',(-2.96165237479,-7.590202401645));
#1466 = CARTESIAN_POINT('',(-2.9684228349,-7.732434352758));
#1467 = CARTESIAN_POINT('',(-2.976949052911,-7.870066168949));
#1468 = CARTESIAN_POINT('',(-2.987271034048,-8.001392015402));
#1469 = CARTESIAN_POINT('',(-3.008099571264,-8.211874941311));
#1470 = CARTESIAN_POINT('',(-3.017750706249,-8.295650390743));
#1471 = CARTESIAN_POINT('',(-3.028372263088,-8.374298529644));
#1472 = CARTESIAN_POINT('',(-3.039939160573,-8.446563102841));
#1473 = CARTESIAN_POINT('',(-3.052410272004,-8.511188565779));
#1474 = CARTESIAN_POINT('',(-3.065728879477,-8.566916466656));
#1475 = CARTESIAN_POINT('',(-3.079822288649,-8.612479234604));
#1476 = CARTESIAN_POINT('',(-3.10884795399,-8.679477909186));
#1477 = CARTESIAN_POINT('',(-3.123649111152,-8.701530347078));
#1478 = CARTESIAN_POINT('',(-3.13878364669,-8.711519951193));
#1479 = CARTESIAN_POINT('',(-3.154014689919,-8.708841850988));
#1480 = CARTESIAN_POINT('',(-3.16909935952,-8.693500350353));
#1481 = CARTESIAN_POINT('',(-3.183799488993,-8.666103252064));
#1482 = CARTESIAN_POINT('',(-3.197892646299,-8.62786519813));
#1483 = CARTESIAN_POINT('',(-3.231300726989,-8.509108587673));
#1484 = CARTESIAN_POINT('',(-3.249590136826,-8.416924743736));
#1485 = CARTESIAN_POINT('',(-3.265939592983,-8.308363186522));
#1486 = CARTESIAN_POINT('',(-3.280303943805,-8.18695567276));
#1487 = CARTESIAN_POINT('',(-3.292677598633,-8.055666301784));
#1488 = CARTESIAN_POINT('',(-3.303080417636,-7.917009838386));
#1489 = CARTESIAN_POINT('',(-3.311549898082,-7.773122138955));
#1490 = CARTESIAN_POINT('',(-3.326283887479,-7.443403504083));
#1491 = CARTESIAN_POINT('',(-3.331572981933,-7.255059345514));
#1492 = CARTESIAN_POINT('',(-3.33408035019,-7.063464266267));
#1493 = CARTESIAN_POINT('',(-3.333838776078,-6.870782366302));
#1494 = CARTESIAN_POINT('',(-3.330845522716,-6.679095305767));
#1495 = CARTESIAN_POINT('',(-3.325068081701,-6.490628637824));
#1496 = CARTESIAN_POINT('',(-3.316447377406,-6.307988305112));
#1497 = CARTESIAN_POINT('',(-3.2962576047,-6.004825034427));
#1498 = CARTESIAN_POINT('',(-3.285904770975,-5.879193346932));
#1499 = CARTESIAN_POINT('',(-3.273809617051,-5.760015850728));
#1500 = CARTESIAN_POINT('',(-3.25997398876,-5.649742019493));
#1501 = CARTESIAN_POINT('',(-3.244435802209,-5.550994482051));
#1502 = CARTESIAN_POINT('',(-3.227269539716,-5.466590192127));
#1503 = CARTESIAN_POINT('',(-3.208592812753,-5.399592470804));
#1504 = CARTESIAN_POINT('',(-3.168891580419,-5.307951851564));
#1505 = CARTESIAN_POINT('',(-3.148302176338,-5.283567559652));
#1506 = CARTESIAN_POINT('',(-3.127329461796,-5.282676647117));
#1507 = CARTESIAN_POINT('',(-3.106527722823,-5.305908300103));
#1508 = CARTESIAN_POINT('',(-3.086450088378,-5.352199397829));
#1509 = CARTESIAN_POINT('',(-3.067608839229,-5.418834781876));
#1510 = CARTESIAN_POINT('',(-3.050433393401,-5.501443111287));
#1511 = CARTESIAN_POINT('',(-3.013872218555,-5.723801702884));
#1512 = CARTESIAN_POINT('',(-2.995746412284,-5.877072318093));
#1513 = CARTESIAN_POINT('',(-2.980829249163,-6.046661397444));
#1514 = CARTESIAN_POINT('',(-2.969036531439,-6.227574799634));
#1515 = CARTESIAN_POINT('',(-2.960276645529,-6.416042645974));
#1516 = CARTESIAN_POINT('',(-2.954468697975,-6.609145116378));
#1517 = CARTESIAN_POINT('',(-2.951562109933,-6.804522659479));
#1518 = CARTESIAN_POINT('',(-2.951562109933,-7.));
#1519 = ( GEOMETRIC_REPRESENTATION_CONTEXT(2) 
PARAMETRIC_REPRESENTATION_CONTEXT() REPRESENTATION_CONTEXT('2D SPACE',''
  ) );
#1520 = PCURVE('',#1521,#1526);
#1521 = CYLINDRICAL_SURFACE('',#1522,1.7);
#1522 = AXIS2_PLACEMENT_3D('',#1523,#1524,#1525);
#1523 = CARTESIAN_POINT('',(0.,0.,7.));
#1524 = DIRECTION('',(1.,0.,0.));
#1525 = DIRECTION('',(0.,1.,0.));
#1526 = DEFINITIONAL_REPRESENTATION('',(#1527),#1586);
#1527 = B_SPLINE_CURVE_WITH_KNOTS('',8,(#1528,#1529,#1530,#1531,#1532,
    #1533,#1534,#1535,#1536,#1537,#1538,#1539,#1540,#1541,#1542,#1543,
    #1544,#1545,#1546,#1547,#1548,#1549,#1550,#1551,#1552,#1553,#1554,
    #1555,#1556,#1557,#1558,#1559,#1560,#1561,#1562,#1563,#1564,#1565,
    #1566,#1567,#1568,#1569,#1570,#1571,#1572,#1573,#1574,#1575,#1576,
    #1577,#1578,#1579,#1580,#1581,#1582,#1583,#1584,#1585),
  .UNSPECIFIED.,.F.,.F.,(9,7,7,7,7,7,7,7,9),(0.,0.125303937165,
    0.214708037443,0.300899966649,0.43136216107,0.592907977113,
    0.71386747865,0.832922720155,1.),.UNSPECIFIED.);
#1528 = CARTESIAN_POINT('',(0.,-8.837986195961));
#1529 = CARTESIAN_POINT('',(8.744405739823E-02,-8.837986195961));
#1530 = CARTESIAN_POINT('',(0.174837851362,-8.840843709595));
#1531 = CARTESIAN_POINT('',(0.262635052623,-8.846553345686));
#1532 = CARTESIAN_POINT('',(0.351248396197,-8.854999768144));
#1533 = CARTESIAN_POINT('',(0.44109333445,-8.865951549424));
#1534 = CARTESIAN_POINT('',(0.532600844615,-8.879035139656));
#1535 = CARTESIAN_POINT('',(0.626236924529,-8.893702099009));
#1536 = CARTESIAN_POINT('',(0.791297128067,-8.920262416771));
#1537 = CARTESIAN_POINT('',(0.861753572258,-8.931803522217));
#1538 = CARTESIAN_POINT('',(0.933860895362,-8.943512694055));
#1539 = CARTESIAN_POINT('',(1.007590946549,-8.955009202508));
#1540 = CARTESIAN_POINT('',(1.082952408573,-8.96586205716));
#1541 = CARTESIAN_POINT('',(1.159988511404,-8.975614633693));
#1542 = CARTESIAN_POINT('',(1.238782222613,-8.983816821366));
#1543 = CARTESIAN_POINT('',(1.397256640282,-8.996088083411));
#1544 = CARTESIAN_POINT('',(1.476351435669,-9.000260117788));
#1545 = CARTESIAN_POINT('',(1.556149562658,-9.002201817903));
#1546 = CARTESIAN_POINT('',(1.636135989106,-9.001692683027));
#1547 = CARTESIAN_POINT('',(1.715831990935,-8.998730420976));
#1548 = CARTESIAN_POINT('',(1.79474107469,-8.993540194228));
#1549 = CARTESIAN_POINT('',(1.872293220473,-8.986533379366));
#1550 = CARTESIAN_POINT('',(2.062057334741,-8.965626210274));
#1551 = CARTESIAN_POINT('',(2.171670206929,-8.950027707435));
#1552 = CARTESIAN_POINT('',(2.277405827039,-8.932819890636));
#1553 = CARTESIAN_POINT('',(2.3798170695,-8.915315625897));
#1554 = CARTESIAN_POINT('',(2.479362420757,-8.89859328608));
#1555 = CARTESIAN_POINT('',(2.576441440684,-8.883468117201));
#1556 = CARTESIAN_POINT('',(2.67140367801,-8.870520038297));
#1557 = CARTESIAN_POINT('',(2.880004498856,-8.847231199592));
#1558 = CARTESIAN_POINT('',(2.993136871123,-8.838198469257));
#1559 = CARTESIAN_POINT('',(3.105055718342,-8.833717377377));
#1560 = CARTESIAN_POINT('',(3.216617137505,-8.834118810991));
#1561 = CARTESIAN_POINT('',(3.328619050546,-8.839433892183));
#1562 = CARTESIAN_POINT('',(3.441858565148,-8.849390820217));
#1563 = CARTESIAN_POINT('',(3.557189216528,-8.86335784773));
#1564 = CARTESIAN_POINT('',(3.764372472488,-8.892900763732));
#1565 = CARTESIAN_POINT('',(3.855548214746,-8.907291160922));
#1566 = CARTESIAN_POINT('',(3.949214692641,-8.922947094741));
#1567 = CARTESIAN_POINT('',(4.045462216372,-8.939174284212));
#1568 = CARTESIAN_POINT('',(4.144462362109,-8.955076504493));
#1569 = CARTESIAN_POINT('',(4.246465519644,-8.969596627521));
#1570 = CARTESIAN_POINT('',(4.351821229484,-8.981605806576));
#1571 = CARTESIAN_POINT('',(4.568582140938,-8.998390408058));
#1572 = CARTESIAN_POINT('',(4.677717169157,-9.003109715741));
#1573 = CARTESIAN_POINT('',(4.787339590284,-9.003370812155));
#1574 = CARTESIAN_POINT('',(4.896563771122,-8.998828557136));
#1575 = CARTESIAN_POINT('',(5.004526323451,-8.989909900408));
#1576 = CARTESIAN_POINT('',(5.110249521241,-8.977711138358));
#1577 = CARTESIAN_POINT('',(5.212467020714,-8.963666890053));
#1578 = CARTESIAN_POINT('',(5.445171236283,-8.928731161337));
#1579 = CARTESIAN_POINT('',(5.574524548018,-8.906749713116));
#1580 = CARTESIAN_POINT('',(5.698945109368,-8.885650792816));
#1581 = CARTESIAN_POINT('',(5.819557529132,-8.867275942862));
#1582 = CARTESIAN_POINT('',(5.93736554379,-8.852800382302));
#1583 = CARTESIAN_POINT('',(6.053270389592,-8.842927504729));
#1584 = CARTESIAN_POINT('',(6.168198636285,-8.837986195961));
#1585 = CARTESIAN_POINT('',(6.28318530718,-8.837986195961));
#1586 = ( GEOMETRIC_REPRESENTATION_CONTEXT(2) 
PARAMETRIC_REPRESENTATION_CONTEXT() REPRESENTATION_CONTEXT('2D SPACE',''
  ) );
#1587 = ORIENTED_EDGE('',*,*,#1588,.F.);
#1588 = EDGE_CURVE('',#1085,#1396,#1589,.T.);
#1589 = SURFACE_CURVE('',#1590,(#1595,#1602),.PCURVE_S1.);
#1590 = CIRCLE('',#1591,9.);
#1591 = AXIS2_PLACEMENT_3D('',#1592,#1593,#1594);
#1592 = CARTESIAN_POINT('',(0.,0.,6.));
#1593 = DIRECTION('',(0.,0.,-1.));
#1594 = DIRECTION('',(-0.148656535114,-0.988888888889,-0.));
#1595 = PCURVE('',#31,#1596);
#1596 = DEFINITIONAL_REPRESENTATION('',(#1597),#1601);
#1597 = LINE('',#1598,#1599);
#1598 = CARTESIAN_POINT('',(-4.56317940678,-6.));
#1599 = VECTOR('',#1600,1.);
#1600 = DIRECTION('',(1.,-0.));
#1601 = ( GEOMETRIC_REPRESENTATION_CONTEXT(2) 
PARAMETRIC_REPRESENTATION_CONTEXT() REPRESENTATION_CONTEXT('2D SPACE',''
  ) );
#1602 = PCURVE('',#778,#1603);
#1603 = DEFINITIONAL_REPRESENTATION('',(#1604),#1612);
#1604 = ( BOUNDED_CURVE() B_SPLINE_CURVE(2,(#1605,#1606,#1607,#1608,
#1609,#1610,#1611),.UNSPECIFIED.,.T.,.F.) B_SPLINE_CURVE_WITH_KNOTS((1,2
    ,2,2,2,1),(-2.094395102393,0.,2.094395102393,4.188790204786,
6.28318530718,8.377580409573),.UNSPECIFIED.) CURVE() 
GEOMETRIC_REPRESENTATION_ITEM() RATIONAL_B_SPLINE_CURVE((1.,0.5,1.,0.5,
1.,0.5,1.)) REPRESENTATION_ITEM('') );
#1605 = CARTESIAN_POINT('',(14.,7.662091183974));
#1606 = CARTESIAN_POINT('',(11.682673954749,-7.753161003389));
#1607 = CARTESIAN_POINT('',(-0.508663022626,1.961328314331));
#1608 = CARTESIAN_POINT('',(-12.7,11.675817632052));
#1609 = CARTESIAN_POINT('',(1.808663022626,17.376580501694));
#1610 = CARTESIAN_POINT('',(16.317326045251,23.077343371337));
#1611 = CARTESIAN_POINT('',(14.,7.662091183974));
#1612 = ( GEOMETRIC_REPRESENTATION_CONTEXT(2) 
PARAMETRIC_REPRESENTATION_CONTEXT() REPRESENTATION_CONTEXT('2D SPACE',''
  ) );
#1613 = ADVANCED_FACE('',(#1614,#1617),#43,.F.);
#1614 = FACE_BOUND('',#1615,.F.);
#1615 = EDGE_LOOP('',(#1616));
#1616 = ORIENTED_EDGE('',*,*,#21,.T.);
#1617 = FACE_BOUND('',#1618,.F.);
#1618 = EDGE_LOOP('',(#1619));
#1619 = ORIENTED_EDGE('',*,*,#1620,.F.);
#1620 = EDGE_CURVE('',#1621,#1621,#1623,.T.);
#1621 = VERTEX_POINT('',#1622);
#1622 = CARTESIAN_POINT('',(-2.575,6.306931015609E-16,0.));
#1623 = SURFACE_CURVE('',#1624,(#1629,#1636),.PCURVE_S1.);
#1624 = CIRCLE('',#1625,2.575);
#1625 = AXIS2_PLACEMENT_3D('',#1626,#1627,#1628);
#1626 = CARTESIAN_POINT('',(0.,0.,0.));
#1627 = DIRECTION('',(0.,0.,1.));
#1628 = DIRECTION('',(-1.,0.,0.));
#1629 = PCURVE('',#43,#1630);
#1630 = DEFINITIONAL_REPRESENTATION('',(#1631),#1635);
#1631 = CIRCLE('',#1632,2.575);
#1632 = AXIS2_PLACEMENT_2D('',#1633,#1634);
#1633 = CARTESIAN_POINT('',(3.038755850088E-16,-2.403571302733E-16));
#1634 = DIRECTION('',(-1.,0.));
#1635 = ( GEOMETRIC_REPRESENTATION_CONTEXT(2) 
PARAMETRIC_REPRESENTATION_CONTEXT() REPRESENTATION_CONTEXT('2D SPACE',''
  ) );
#1636 = PCURVE('',#1637,#1642);
#1637 = CYLINDRICAL_SURFACE('',#1638,2.575);
#1638 = AXIS2_PLACEMENT_3D('',#1639,#1640,#1641);
#1639 = CARTESIAN_POINT('',(0.,0.,0.));
#1640 = DIRECTION('',(0.,0.,1.));
#1641 = DIRECTION('',(-1.,0.,0.));
#1642 = DEFINITIONAL_REPRESENTATION('',(#1643),#1647);
#1643 = LINE('',#1644,#1645);
#1644 = CARTESIAN_POINT('',(0.,0.));
#1645 = VECTOR('',#1646,1.);
#1646 = DIRECTION('',(1.,0.));
#1647 = ( GEOMETRIC_REPRESENTATION_CONTEXT(2) 
PARAMETRIC_REPRESENTATION_CONTEXT() REPRESENTATION_CONTEXT('2D SPACE',''
  ) );
#1648 = ADVANCED_FACE('',(#1649),#116,.F.);
#1649 = FACE_BOUND('',#1650,.T.);
#1650 = EDGE_LOOP('',(#1651,#1672,#1673,#1674,#1695));
#1651 = ORIENTED_EDGE('',*,*,#1652,.F.);
#1652 = EDGE_CURVE('',#762,#1653,#1655,.T.);
#1653 = VERTEX_POINT('',#1654);
#1654 = CARTESIAN_POINT('',(2.17729763698,-1.374772708487,6.));
#1655 = SURFACE_CURVE('',#1656,(#1660,#1666),.PCURVE_S1.);
#1656 = LINE('',#1657,#1658);
#1657 = CARTESIAN_POINT('',(0.,-1.374772708487,6.));
#1658 = VECTOR('',#1659,1.);
#1659 = DIRECTION('',(-1.,-0.,-0.));
#1660 = PCURVE('',#116,#1661);
#1661 = DEFINITIONAL_REPRESENTATION('',(#1662),#1665);
#1662 = B_SPLINE_CURVE_WITH_KNOTS('',1,(#1663,#1664),.UNSPECIFIED.,.F.,
  .F.,(2,2),(-10.8,6.E-07),.PIECEWISE_BEZIER_KNOTS.);
#1663 = CARTESIAN_POINT('',(-3.770467579085,-10.8));
#1664 = CARTESIAN_POINT('',(-3.770467579085,6.E-07));
#1665 = ( GEOMETRIC_REPRESENTATION_CONTEXT(2) 
PARAMETRIC_REPRESENTATION_CONTEXT() REPRESENTATION_CONTEXT('2D SPACE',''
  ) );
#1666 = PCURVE('',#778,#1667);
#1667 = DEFINITIONAL_REPRESENTATION('',(#1668),#1671);
#1668 = B_SPLINE_CURVE_WITH_KNOTS('',1,(#1669,#1670),.UNSPECIFIED.,.F.,
  .F.,(2,2),(-10.8,6.E-07),.PIECEWISE_BEZIER_KNOTS.);
#1669 = CARTESIAN_POINT('',(6.474772708487,19.8));
#1670 = CARTESIAN_POINT('',(6.474772708487,8.9999994));
#1671 = ( GEOMETRIC_REPRESENTATION_CONTEXT(2) 
PARAMETRIC_REPRESENTATION_CONTEXT() REPRESENTATION_CONTEXT('2D SPACE',''
  ) );
#1672 = ORIENTED_EDGE('',*,*,#794,.T.);
#1673 = ORIENTED_EDGE('',*,*,#78,.T.);
#1674 = ORIENTED_EDGE('',*,*,#1675,.T.);
#1675 = EDGE_CURVE('',#79,#1676,#1678,.T.);
#1676 = VERTEX_POINT('',#1677);
#1677 = CARTESIAN_POINT('',(2.17729763698,1.374772708487,6.));
#1678 = SURFACE_CURVE('',#1679,(#1683,#1689),.PCURVE_S1.);
#1679 = LINE('',#1680,#1681);
#1680 = CARTESIAN_POINT('',(0.,1.374772708487,6.));
#1681 = VECTOR('',#1682,1.);
#1682 = DIRECTION('',(-1.,-0.,-0.));
#1683 = PCURVE('',#116,#1684);
#1684 = DEFINITIONAL_REPRESENTATION('',(#1685),#1688);
#1685 = B_SPLINE_CURVE_WITH_KNOTS('',1,(#1686,#1687),.UNSPECIFIED.,.F.,
  .F.,(2,2),(-10.8,6.E-07),.PIECEWISE_BEZIER_KNOTS.);
#1686 = CARTESIAN_POINT('',(-5.654310381685,-10.8));
#1687 = CARTESIAN_POINT('',(-5.654310381685,6.E-07));
#1688 = ( GEOMETRIC_REPRESENTATION_CONTEXT(2) 
PARAMETRIC_REPRESENTATION_CONTEXT() REPRESENTATION_CONTEXT('2D SPACE',''
  ) );
#1689 = PCURVE('',#156,#1690);
#1690 = DEFINITIONAL_REPRESENTATION('',(#1691),#1694);
#1691 = B_SPLINE_CURVE_WITH_KNOTS('',1,(#1692,#1693),.UNSPECIFIED.,.F.,
  .F.,(2,2),(-10.8,6.E-07),.PIECEWISE_BEZIER_KNOTS.);
#1692 = CARTESIAN_POINT('',(3.725227291513,19.8));
#1693 = CARTESIAN_POINT('',(3.725227291513,8.9999994));
#1694 = ( GEOMETRIC_REPRESENTATION_CONTEXT(2) 
PARAMETRIC_REPRESENTATION_CONTEXT() REPRESENTATION_CONTEXT('2D SPACE',''
  ) );
#1695 = ORIENTED_EDGE('',*,*,#1696,.F.);
#1696 = EDGE_CURVE('',#1653,#1676,#1697,.T.);
#1697 = SURFACE_CURVE('',#1698,(#1741,#1787),.PCURVE_S1.);
#1698 = B_SPLINE_CURVE_WITH_KNOTS('',6,(#1699,#1700,#1701,#1702,#1703,
    #1704,#1705,#1706,#1707,#1708,#1709,#1710,#1711,#1712,#1713,#1714,
    #1715,#1716,#1717,#1718,#1719,#1720,#1721,#1722,#1723,#1724,#1725,
    #1726,#1727,#1728,#1729,#1730,#1731,#1732,#1733,#1734,#1735,#1736,
    #1737,#1738,#1739,#1740),.UNSPECIFIED.,.F.,.F.,(7,5,5,5,5,5,5,5,7),(
    0.,0.292117261231,0.368027369291,0.411688344285,0.499994277332,
    0.589865638886,0.632580129211,0.7080909067,1.),.UNSPECIFIED.);
#1699 = CARTESIAN_POINT('',(2.177297361409,-1.374773144922,6.0000006));
#1700 = CARTESIAN_POINT('',(2.228759702624,-1.293269647308,
    5.887951713033));
#1701 = CARTESIAN_POINT('',(2.28268175389,-1.199761328054,5.782436059787
    ));
#1702 = CARTESIAN_POINT('',(2.336958323018,-1.093959823307,
    5.684167661512));
#1703 = CARTESIAN_POINT('',(2.389447754962,-0.975334639659,5.5944665377)
  );
#1704 = CARTESIAN_POINT('',(2.437642334676,-0.843393973227,
    5.515384661726));
#1705 = CARTESIAN_POINT('',(2.489202521397,-0.660329217554,
    5.432938968775));
#1706 = CARTESIAN_POINT('',(2.499339662977,-0.621692299321,
    5.416866029187));
#1707 = CARTESIAN_POINT('',(2.508918580395,-0.582211887431,
    5.401790902165));
#1708 = CARTESIAN_POINT('',(2.517881623636,-0.54192508418,5.387776157305
    ));
#1709 = CARTESIAN_POINT('',(2.526173944628,-0.50087199551,5.374881605652
    ));
#1710 = CARTESIAN_POINT('',(2.538097252687,-0.435067410059,
    5.356424894172));
#1711 = CARTESIAN_POINT('',(2.542211103389,-0.410804741602,
    5.350076265928));
#1712 = CARTESIAN_POINT('',(2.546074590127,-0.386319619292,
    5.344130192259));
#1713 = CARTESIAN_POINT('',(2.5496778908,-0.361625805961,5.33859780987)
  );
#1714 = CARTESIAN_POINT('',(2.553011820417,-0.336738933621,
    5.333489614888));
#1715 = CARTESIAN_POINT('',(2.562248725479,-0.260986813639,
    5.319361817891));
#1716 = CARTESIAN_POINT('',(2.567295929548,-0.209554854826,
    5.311678931871));
#1717 = CARTESIAN_POINT('',(2.571133848092,-0.157557847734,
    5.305855993566));
#1718 = CARTESIAN_POINT('',(2.573710836026,-0.105177081871,
    5.301952755849));
#1719 = CARTESIAN_POINT('',(2.575,-5.259628623081E-02,5.3));
#1720 = CARTESIAN_POINT('',(2.575,5.352867800755E-02,5.3));
#1721 = CARTESIAN_POINT('',(2.573664726566,0.10703892253,5.302022605065)
  );
#1722 = CARTESIAN_POINT('',(2.570995807255,0.160337505099,5.306065078303
    ));
#1723 = CARTESIAN_POINT('',(2.567022084668,0.213232018222,5.312094422154
    ));
#1724 = CARTESIAN_POINT('',(2.561798727206,0.265532709317,5.320046871321
    ));
#1725 = CARTESIAN_POINT('',(2.552368135379,0.341541749506,5.334475915323
    ));
#1726 = CARTESIAN_POINT('',(2.549065105779,0.365858780431,5.339538514854
    ));
#1727 = CARTESIAN_POINT('',(2.54550533841,0.389989207467,5.34500586665)
  );
#1728 = CARTESIAN_POINT('',(2.541697491374,0.413918545445,5.350868082807
    ));
#1729 = CARTESIAN_POINT('',(2.537650793482,0.437634023978,5.357114705151
    ));
#1730 = CARTESIAN_POINT('',(2.525816364603,0.502651261402,5.375437557124
    ));
#1731 = CARTESIAN_POINT('',(2.517544258798,0.543460588715,5.388303316562
    ));
#1732 = CARTESIAN_POINT('',(2.508610023813,0.583510402661,5.40227577219)
  );
#1733 = CARTESIAN_POINT('',(2.499067669766,0.622761475377,5.417296050338
    ));
#1734 = CARTESIAN_POINT('',(2.488973919918,0.661177517872,5.433302615026
    ));
#1735 = CARTESIAN_POINT('',(2.437466041797,0.843876698526,5.515673949055
    ));
#1736 = CARTESIAN_POINT('',(2.389294093092,0.975681719051,5.59472913375)
  );
#1737 = CARTESIAN_POINT('',(2.336839317508,1.094191790545,5.684383199173
    ));
#1738 = CARTESIAN_POINT('',(2.282602891214,1.199898141019,5.782590306848
    ));
#1739 = CARTESIAN_POINT('',(2.228721884432,1.29332954188,5.888034054532)
  );
#1740 = CARTESIAN_POINT('',(2.177297361409,1.374773144922,6.0000006));
#1741 = PCURVE('',#116,#1742);
#1742 = DEFINITIONAL_REPRESENTATION('',(#1743),#1786);
#1743 = B_SPLINE_CURVE_WITH_KNOTS('',6,(#1744,#1745,#1746,#1747,#1748,
    #1749,#1750,#1751,#1752,#1753,#1754,#1755,#1756,#1757,#1758,#1759,
    #1760,#1761,#1762,#1763,#1764,#1765,#1766,#1767,#1768,#1769,#1770,
    #1771,#1772,#1773,#1774,#1775,#1776,#1777,#1778,#1779,#1780,#1781,
    #1782,#1783,#1784,#1785),.UNSPECIFIED.,.F.,.F.,(7,5,5,5,5,5,5,5,7),(
    0.,0.292117261231,0.368027369291,0.411688344285,0.499994277332,
    0.589865638886,0.632580129211,0.7080909067,1.),.UNSPECIFIED.);
#1744 = CARTESIAN_POINT('',(-3.770467142649,-2.177297361409));
#1745 = CARTESIAN_POINT('',(-3.851970689166,-2.228759702624));
#1746 = CARTESIAN_POINT('',(-3.934520752964,-2.28268175389));
#1747 = CARTESIAN_POINT('',(-4.018848827665,-2.336958323018));
#1748 = CARTESIAN_POINT('',(-4.105621071172,-2.389447754962));
#1749 = CARTESIAN_POINT('',(-4.195490692745,-2.437642334676));
#1750 = CARTESIAN_POINT('',(-4.313592749743,-2.489202521397));
#1751 = CARTESIAN_POINT('',(-4.338198152581,-2.499339662977));
#1752 = CARTESIAN_POINT('',(-4.363041027575,-2.508918580395));
#1753 = CARTESIAN_POINT('',(-4.388114923566,-2.517881623636));
#1754 = CARTESIAN_POINT('',(-4.413414887411,-2.526173944628));
#1755 = CARTESIAN_POINT('',(-4.453617203037,-2.538097252687));
#1756 = CARTESIAN_POINT('',(-4.468367582588,-2.542211103389));
#1757 = CARTESIAN_POINT('',(-4.483185722816,-2.546074590127));
#1758 = CARTESIAN_POINT('',(-4.498068010158,-2.5496778908));
#1759 = CARTESIAN_POINT('',(-4.513010097311,-2.553011820417));
#1760 = CARTESIAN_POINT('',(-4.558338496598,-2.562248725479));
#1761 = CARTESIAN_POINT('',(-4.588908346941,-2.567295929548));
#1762 = CARTESIAN_POINT('',(-4.619654588627,-2.571133848092));
#1763 = CARTESIAN_POINT('',(-4.650520106354,-2.573710836026));
#1764 = CARTESIAN_POINT('',(-4.681449988484,-2.575));
#1765 = CARTESIAN_POINT('',(-4.743876438036,-2.575));
#1766 = CARTESIAN_POINT('',(-4.775353055171,-2.573664726566));
#1767 = CARTESIAN_POINT('',(-4.806761350006,-2.570995807255));
#1768 = CARTESIAN_POINT('',(-4.838044156833,-2.567022084668));
#1769 = CARTESIAN_POINT('',(-4.869141920856,-2.561798727206));
#1770 = CARTESIAN_POINT('',(-4.914651612212,-2.552368135379));
#1771 = CARTESIAN_POINT('',(-4.929260170278,-2.549065105779));
#1772 = CARTESIAN_POINT('',(-4.943810983248,-2.54550533841));
#1773 = CARTESIAN_POINT('',(-4.958300040479,-2.541697491374));
#1774 = CARTESIAN_POINT('',(-4.972724004654,-2.537650793482));
#1775 = CARTESIAN_POINT('',(-5.012459148846,-2.525816364603));
#1776 = CARTESIAN_POINT('',(-5.037617456663,-2.517544258798));
#1777 = CARTESIAN_POINT('',(-5.062551809273,-2.508610023813));
#1778 = CARTESIAN_POINT('',(-5.087257418903,-2.499067669766));
#1779 = CARTESIAN_POINT('',(-5.111728035966,-2.488973919918));
#1780 = CARTESIAN_POINT('',(-5.229616064597,-2.437466041797));
#1781 = CARTESIAN_POINT('',(-5.319410812212,-2.389294093092));
#1782 = CARTESIAN_POINT('',(-5.406114067272,-2.336839317508));
#1783 = CARTESIAN_POINT('',(-5.490377925143,-2.282602891214));
#1784 = CARTESIAN_POINT('',(-5.572867166212,-2.228721884432));
#1785 = CARTESIAN_POINT('',(-5.65431081812,-2.177297361409));
#1786 = ( GEOMETRIC_REPRESENTATION_CONTEXT(2) 
PARAMETRIC_REPRESENTATION_CONTEXT() REPRESENTATION_CONTEXT('2D SPACE',''
  ) );
#1787 = PCURVE('',#1637,#1788);
#1788 = DEFINITIONAL_REPRESENTATION('',(#1789),#1832);
#1789 = B_SPLINE_CURVE_WITH_KNOTS('',6,(#1790,#1791,#1792,#1793,#1794,
    #1795,#1796,#1797,#1798,#1799,#1800,#1801,#1802,#1803,#1804,#1805,
    #1806,#1807,#1808,#1809,#1810,#1811,#1812,#1813,#1814,#1815,#1816,
    #1817,#1818,#1819,#1820,#1821,#1822,#1823,#1824,#1825,#1826,#1827,
    #1828,#1829,#1830,#1831),.UNSPECIFIED.,.F.,.F.,(7,5,5,5,5,5,5,5,7),(
    0.,0.292117261231,0.368027369291,0.411688344285,0.499994277332,
    0.589865638886,0.632580129211,0.7080909067,1.),.UNSPECIFIED.);
#1790 = CARTESIAN_POINT('',(2.578395263144,6.0000006));
#1791 = CARTESIAN_POINT('',(2.615828596349,5.887951713033));
#1792 = CARTESIAN_POINT('',(2.657713936833,5.782436059787));
#1793 = CARTESIAN_POINT('',(2.70380390449,5.684167661512));
#1794 = CARTESIAN_POINT('',(2.754035529496,5.5944665377));
#1795 = CARTESIAN_POINT('',(2.808429811629,5.515384661726));
#1796 = CARTESIAN_POINT('',(2.882288904725,5.432938968775));
#1797 = CARTESIAN_POINT('',(2.897798863655,5.416866029187));
#1798 = CARTESIAN_POINT('',(2.913571751649,5.401790902165));
#1799 = CARTESIAN_POINT('',(2.929595118825,5.387776157305));
#1800 = CARTESIAN_POINT('',(2.945856761631,5.374881605652));
#1801 = CARTESIAN_POINT('',(2.971828050959,5.356424894172));
#1802 = CARTESIAN_POINT('',(2.981384314378,5.350076265928));
#1803 = CARTESIAN_POINT('',(2.991009792611,5.344130192259));
#1804 = CARTESIAN_POINT('',(3.000700192436,5.33859780987));
#1805 = CARTESIAN_POINT('',(3.010450647897,5.333489614888));
#1806 = CARTESIAN_POINT('',(3.04008684106,5.319361817891));
#1807 = CARTESIAN_POINT('',(3.06015081516,5.311678931871));
#1808 = CARTESIAN_POINT('',(3.080389795522,5.305855993566));
#1809 = CARTESIAN_POINT('',(3.100747188246,5.301952755849));
#1810 = CARTESIAN_POINT('',(3.121166911364,5.3));
#1811 = CARTESIAN_POINT('',(3.162380489709,5.3));
#1812 = CARTESIAN_POINT('',(3.183161163303,5.302022605065));
#1813 = CARTESIAN_POINT('',(3.203875821033,5.306065078303));
#1814 = CARTESIAN_POINT('',(3.224465827404,5.312094422154));
#1815 = CARTESIAN_POINT('',(3.244871992134,5.320046871321));
#1816 = CARTESIAN_POINT('',(3.274616396773,5.334475915323));
#1817 = CARTESIAN_POINT('',(3.284145982659,5.339538514854));
#1818 = CARTESIAN_POINT('',(3.293617520398,5.34500586665));
#1819 = CARTESIAN_POINT('',(3.303026500562,5.350868082807));
#1820 = CARTESIAN_POINT('',(3.312368939085,5.357114705151));
#1821 = CARTESIAN_POINT('',(3.33803321551,5.375437557124));
#1822 = CARTESIAN_POINT('',(3.35420057488,5.388303316562));
#1823 = CARTESIAN_POINT('',(3.370131754447,5.40227577219));
#1824 = CARTESIAN_POINT('',(3.385814813083,5.417296050338));
#1825 = CARTESIAN_POINT('',(3.401237569459,5.433302615026));
#1826 = CARTESIAN_POINT('',(3.474954503662,5.515673949055));
#1827 = CARTESIAN_POINT('',(3.529296757662,5.59472913375));
#1828 = CARTESIAN_POINT('',(3.579482458268,5.684383199173));
#1829 = CARTESIAN_POINT('',(3.625532646127,5.782590306848));
#1830 = CARTESIAN_POINT('',(3.667384219509,5.888034054532));
#1831 = CARTESIAN_POINT('',(3.704790044036,6.0000006));
#1832 = ( GEOMETRIC_REPRESENTATION_CONTEXT(2) 
PARAMETRIC_REPRESENTATION_CONTEXT() REPRESENTATION_CONTEXT('2D SPACE',''
  ) );
#1833 = ADVANCED_FACE('',(#1834),#778,.T.);
#1834 = FACE_BOUND('',#1835,.T.);
#1835 = EDGE_LOOP('',(#1836,#1857,#1858,#1879,#1880,#1881));
#1836 = ORIENTED_EDGE('',*,*,#1837,.F.);
#1837 = EDGE_CURVE('',#1396,#1838,#1840,.T.);
#1838 = VERTEX_POINT('',#1839);
#1839 = CARTESIAN_POINT('',(-2.17729763698,-1.374772708487,6.));
#1840 = SURFACE_CURVE('',#1841,(#1845,#1851),.PCURVE_S1.);
#1841 = LINE('',#1842,#1843);
#1842 = CARTESIAN_POINT('',(0.,-1.374772708487,6.));
#1843 = VECTOR('',#1844,1.);
#1844 = DIRECTION('',(1.,0.,0.));
#1845 = PCURVE('',#778,#1846);
#1846 = DEFINITIONAL_REPRESENTATION('',(#1847),#1850);
#1847 = B_SPLINE_CURVE_WITH_KNOTS('',1,(#1848,#1849),.UNSPECIFIED.,.F.,
  .F.,(2,2),(-10.8,6.E-07),.PIECEWISE_BEZIER_KNOTS.);
#1848 = CARTESIAN_POINT('',(6.474772708487,-1.8));
#1849 = CARTESIAN_POINT('',(6.474772708487,9.0000006));
#1850 = ( GEOMETRIC_REPRESENTATION_CONTEXT(2) 
PARAMETRIC_REPRESENTATION_CONTEXT() REPRESENTATION_CONTEXT('2D SPACE',''
  ) );
#1851 = PCURVE('',#1521,#1852);
#1852 = DEFINITIONAL_REPRESENTATION('',(#1853),#1856);
#1853 = B_SPLINE_CURVE_WITH_KNOTS('',1,(#1854,#1855),.UNSPECIFIED.,.F.,
  .F.,(2,2),(-10.8,6.E-07),.PIECEWISE_BEZIER_KNOTS.);
#1854 = CARTESIAN_POINT('',(3.770467579085,-10.8));
#1855 = CARTESIAN_POINT('',(3.770467579085,6.E-07));
#1856 = ( GEOMETRIC_REPRESENTATION_CONTEXT(2) 
PARAMETRIC_REPRESENTATION_CONTEXT() REPRESENTATION_CONTEXT('2D SPACE',''
  ) );
#1857 = ORIENTED_EDGE('',*,*,#1588,.F.);
#1858 = ORIENTED_EDGE('',*,*,#1859,.T.);
#1859 = EDGE_CURVE('',#1085,#736,#1860,.T.);
#1860 = SURFACE_CURVE('',#1861,(#1865,#1872),.PCURVE_S1.);
#1861 = LINE('',#1862,#1863);
#1862 = CARTESIAN_POINT('',(-9.,-8.9,6.));
#1863 = VECTOR('',#1864,1.);
#1864 = DIRECTION('',(1.,0.,0.));
#1865 = PCURVE('',#778,#1866);
#1866 = DEFINITIONAL_REPRESENTATION('',(#1867),#1871);
#1867 = LINE('',#1868,#1869);
#1868 = CARTESIAN_POINT('',(14.,0.));
#1869 = VECTOR('',#1870,1.);
#1870 = DIRECTION('',(0.,1.));
#1871 = ( GEOMETRIC_REPRESENTATION_CONTEXT(2) 
PARAMETRIC_REPRESENTATION_CONTEXT() REPRESENTATION_CONTEXT('2D SPACE',''
  ) );
#1872 = PCURVE('',#750,#1873);
#1873 = DEFINITIONAL_REPRESENTATION('',(#1874),#1878);
#1874 = LINE('',#1875,#1876);
#1875 = CARTESIAN_POINT('',(0.,0.));
#1876 = VECTOR('',#1877,1.);
#1877 = DIRECTION('',(1.,0.));
#1878 = ( GEOMETRIC_REPRESENTATION_CONTEXT(2) 
PARAMETRIC_REPRESENTATION_CONTEXT() REPRESENTATION_CONTEXT('2D SPACE',''
  ) );
#1879 = ORIENTED_EDGE('',*,*,#761,.F.);
#1880 = ORIENTED_EDGE('',*,*,#1652,.T.);
#1881 = ORIENTED_EDGE('',*,*,#1882,.F.);
#1882 = EDGE_CURVE('',#1838,#1653,#1883,.T.);
#1883 = SURFACE_CURVE('',#1884,(#1889,#1896),.PCURVE_S1.);
#1884 = CIRCLE('',#1885,2.575);
#1885 = AXIS2_PLACEMENT_3D('',#1886,#1887,#1888);
#1886 = CARTESIAN_POINT('',(0.,0.,6.));
#1887 = DIRECTION('',(0.,0.,1.));
#1888 = DIRECTION('',(-1.,0.,0.));
#1889 = PCURVE('',#778,#1890);
#1890 = DEFINITIONAL_REPRESENTATION('',(#1891),#1895);
#1891 = CIRCLE('',#1892,2.575);
#1892 = AXIS2_PLACEMENT_2D('',#1893,#1894);
#1893 = CARTESIAN_POINT('',(5.1,9.));
#1894 = DIRECTION('',(0.,-1.));
#1895 = ( GEOMETRIC_REPRESENTATION_CONTEXT(2) 
PARAMETRIC_REPRESENTATION_CONTEXT() REPRESENTATION_CONTEXT('2D SPACE',''
  ) );
#1896 = PCURVE('',#1637,#1897);
#1897 = DEFINITIONAL_REPRESENTATION('',(#1898),#1902);
#1898 = LINE('',#1899,#1900);
#1899 = CARTESIAN_POINT('',(0.,6.));
#1900 = VECTOR('',#1901,1.);
#1901 = DIRECTION('',(1.,0.));
#1902 = ( GEOMETRIC_REPRESENTATION_CONTEXT(2) 
PARAMETRIC_REPRESENTATION_CONTEXT() REPRESENTATION_CONTEXT('2D SPACE',''
  ) );
#1903 = ADVANCED_FACE('',(#1904),#750,.F.);
#1904 = FACE_BOUND('',#1905,.F.);
#1905 = EDGE_LOOP('',(#1906,#1927,#1928,#1929));
#1906 = ORIENTED_EDGE('',*,*,#1907,.F.);
#1907 = EDGE_CURVE('',#1083,#703,#1908,.T.);
#1908 = SURFACE_CURVE('',#1909,(#1913,#1920),.PCURVE_S1.);
#1909 = LINE('',#1910,#1911);
#1910 = CARTESIAN_POINT('',(-9.,-8.9,8.));
#1911 = VECTOR('',#1912,1.);
#1912 = DIRECTION('',(1.,0.,0.));
#1913 = PCURVE('',#750,#1914);
#1914 = DEFINITIONAL_REPRESENTATION('',(#1915),#1919);
#1915 = LINE('',#1916,#1917);
#1916 = CARTESIAN_POINT('',(0.,2.));
#1917 = VECTOR('',#1918,1.);
#1918 = DIRECTION('',(1.,0.));
#1919 = ( GEOMETRIC_REPRESENTATION_CONTEXT(2) 
PARAMETRIC_REPRESENTATION_CONTEXT() REPRESENTATION_CONTEXT('2D SPACE',''
  ) );
#1920 = PCURVE('',#719,#1921);
#1921 = DEFINITIONAL_REPRESENTATION('',(#1922),#1926);
#1922 = LINE('',#1923,#1924);
#1923 = CARTESIAN_POINT('',(14.,0.));
#1924 = VECTOR('',#1925,1.);
#1925 = DIRECTION('',(0.,1.));
#1926 = ( GEOMETRIC_REPRESENTATION_CONTEXT(2) 
PARAMETRIC_REPRESENTATION_CONTEXT() REPRESENTATION_CONTEXT('2D SPACE',''
  ) );
#1927 = ORIENTED_EDGE('',*,*,#1082,.T.);
#1928 = ORIENTED_EDGE('',*,*,#1859,.T.);
#1929 = ORIENTED_EDGE('',*,*,#735,.F.);
#1930 = ADVANCED_FACE('',(#1931),#719,.F.);
#1931 = FACE_BOUND('',#1932,.F.);
#1932 = EDGE_LOOP('',(#1933,#1954,#1955,#1956,#1957,#1978));
#1933 = ORIENTED_EDGE('',*,*,#1934,.F.);
#1934 = EDGE_CURVE('',#1106,#1935,#1937,.T.);
#1935 = VERTEX_POINT('',#1936);
#1936 = CARTESIAN_POINT('',(-2.17729763698,-1.374772708487,8.));
#1937 = SURFACE_CURVE('',#1938,(#1942,#1948),.PCURVE_S1.);
#1938 = LINE('',#1939,#1940);
#1939 = CARTESIAN_POINT('',(0.,-1.374772708487,8.));
#1940 = VECTOR('',#1941,1.);
#1941 = DIRECTION('',(1.,0.,0.));
#1942 = PCURVE('',#719,#1943);
#1943 = DEFINITIONAL_REPRESENTATION('',(#1944),#1947);
#1944 = B_SPLINE_CURVE_WITH_KNOTS('',1,(#1945,#1946),.UNSPECIFIED.,.F.,
  .F.,(2,2),(-10.8,6.E-07),.PIECEWISE_BEZIER_KNOTS.);
#1945 = CARTESIAN_POINT('',(6.474772708487,-1.8));
#1946 = CARTESIAN_POINT('',(6.474772708487,9.0000006));
#1947 = ( GEOMETRIC_REPRESENTATION_CONTEXT(2) 
PARAMETRIC_REPRESENTATION_CONTEXT() REPRESENTATION_CONTEXT('2D SPACE',''
  ) );
#1948 = PCURVE('',#1255,#1949);
#1949 = DEFINITIONAL_REPRESENTATION('',(#1950),#1953);
#1950 = B_SPLINE_CURVE_WITH_KNOTS('',1,(#1951,#1952),.UNSPECIFIED.,.F.,
  .F.,(2,2),(-10.8,6.E-07),.PIECEWISE_BEZIER_KNOTS.);
#1951 = CARTESIAN_POINT('',(2.512717728095,-10.8));
#1952 = CARTESIAN_POINT('',(2.512717728095,6.E-07));
#1953 = ( GEOMETRIC_REPRESENTATION_CONTEXT(2) 
PARAMETRIC_REPRESENTATION_CONTEXT() REPRESENTATION_CONTEXT('2D SPACE',''
  ) );
#1954 = ORIENTED_EDGE('',*,*,#1105,.T.);
#1955 = ORIENTED_EDGE('',*,*,#1907,.T.);
#1956 = ORIENTED_EDGE('',*,*,#702,.F.);
#1957 = ORIENTED_EDGE('',*,*,#1958,.T.);
#1958 = EDGE_CURVE('',#611,#1959,#1961,.T.);
#1959 = VERTEX_POINT('',#1960);
#1960 = CARTESIAN_POINT('',(2.17729763698,-1.374772708487,8.));
#1961 = SURFACE_CURVE('',#1962,(#1966,#1972),.PCURVE_S1.);
#1962 = LINE('',#1963,#1964);
#1963 = CARTESIAN_POINT('',(0.,-1.374772708487,8.));
#1964 = VECTOR('',#1965,1.);
#1965 = DIRECTION('',(-1.,-0.,-0.));
#1966 = PCURVE('',#719,#1967);
#1967 = DEFINITIONAL_REPRESENTATION('',(#1968),#1971);
#1968 = B_SPLINE_CURVE_WITH_KNOTS('',1,(#1969,#1970),.UNSPECIFIED.,.F.,
  .F.,(2,2),(-10.8,6.E-07),.PIECEWISE_BEZIER_KNOTS.);
#1969 = CARTESIAN_POINT('',(6.474772708487,19.8));
#1970 = CARTESIAN_POINT('',(6.474772708487,8.9999994));
#1971 = ( GEOMETRIC_REPRESENTATION_CONTEXT(2) 
PARAMETRIC_REPRESENTATION_CONTEXT() REPRESENTATION_CONTEXT('2D SPACE',''
  ) );
#1972 = PCURVE('',#281,#1973);
#1973 = DEFINITIONAL_REPRESENTATION('',(#1974),#1977);
#1974 = B_SPLINE_CURVE_WITH_KNOTS('',1,(#1975,#1976),.UNSPECIFIED.,.F.,
  .F.,(2,2),(-10.8,6.E-07),.PIECEWISE_BEZIER_KNOTS.);
#1975 = CARTESIAN_POINT('',(-2.512717728095,-10.8));
#1976 = CARTESIAN_POINT('',(-2.512717728095,6.E-07));
#1977 = ( GEOMETRIC_REPRESENTATION_CONTEXT(2) 
PARAMETRIC_REPRESENTATION_CONTEXT() REPRESENTATION_CONTEXT('2D SPACE',''
  ) );
#1978 = ORIENTED_EDGE('',*,*,#1979,.F.);
#1979 = EDGE_CURVE('',#1935,#1959,#1980,.T.);
#1980 = SURFACE_CURVE('',#1981,(#1986,#1993),.PCURVE_S1.);
#1981 = CIRCLE('',#1982,2.575);
#1982 = AXIS2_PLACEMENT_3D('',#1983,#1984,#1985);
#1983 = CARTESIAN_POINT('',(0.,0.,8.));
#1984 = DIRECTION('',(0.,0.,1.));
#1985 = DIRECTION('',(-1.,0.,0.));
#1986 = PCURVE('',#719,#1987);
#1987 = DEFINITIONAL_REPRESENTATION('',(#1988),#1992);
#1988 = CIRCLE('',#1989,2.575);
#1989 = AXIS2_PLACEMENT_2D('',#1990,#1991);
#1990 = CARTESIAN_POINT('',(5.1,9.));
#1991 = DIRECTION('',(0.,-1.));
#1992 = ( GEOMETRIC_REPRESENTATION_CONTEXT(2) 
PARAMETRIC_REPRESENTATION_CONTEXT() REPRESENTATION_CONTEXT('2D SPACE',''
  ) );
#1993 = PCURVE('',#1994,#1999);
#1994 = CYLINDRICAL_SURFACE('',#1995,2.575);
#1995 = AXIS2_PLACEMENT_3D('',#1996,#1997,#1998);
#1996 = CARTESIAN_POINT('',(0.,0.,0.));
#1997 = DIRECTION('',(0.,0.,1.));
#1998 = DIRECTION('',(-1.,0.,0.));
#1999 = DEFINITIONAL_REPRESENTATION('',(#2000),#2004);
#2000 = LINE('',#2001,#2002);
#2001 = CARTESIAN_POINT('',(0.,8.));
#2002 = VECTOR('',#2003,1.);
#2003 = DIRECTION('',(1.,0.));
#2004 = ( GEOMETRIC_REPRESENTATION_CONTEXT(2) 
PARAMETRIC_REPRESENTATION_CONTEXT() REPRESENTATION_CONTEXT('2D SPACE',''
  ) );
#2005 = ADVANCED_FACE('',(#2006),#281,.F.);
#2006 = FACE_BOUND('',#2007,.T.);
#2007 = EDGE_LOOP('',(#2008,#2009,#2010,#2011,#2151));
#2008 = ORIENTED_EDGE('',*,*,#231,.T.);
#2009 = ORIENTED_EDGE('',*,*,#610,.T.);
#2010 = ORIENTED_EDGE('',*,*,#1958,.T.);
#2011 = ORIENTED_EDGE('',*,*,#2012,.F.);
#2012 = EDGE_CURVE('',#2013,#1959,#2015,.T.);
#2013 = VERTEX_POINT('',#2014);
#2014 = CARTESIAN_POINT('',(2.17729763698,1.374772708487,8.));
#2015 = SURFACE_CURVE('',#2016,(#2059,#2105),.PCURVE_S1.);
#2016 = B_SPLINE_CURVE_WITH_KNOTS('',6,(#2017,#2018,#2019,#2020,#2021,
    #2022,#2023,#2024,#2025,#2026,#2027,#2028,#2029,#2030,#2031,#2032,
    #2033,#2034,#2035,#2036,#2037,#2038,#2039,#2040,#2041,#2042,#2043,
    #2044,#2045,#2046,#2047,#2048,#2049,#2050,#2051,#2052,#2053,#2054,
    #2055,#2056,#2057,#2058),.UNSPECIFIED.,.F.,.F.,(7,5,5,5,5,5,5,5,7),(
    0.,0.292117261129,0.368027369163,0.411688344141,0.499994277158,
    0.589865638719,0.632580129061,0.708090906581,1.),.UNSPECIFIED.);
#2017 = CARTESIAN_POINT('',(2.177297361409,1.374773144922,7.9999994));
#2018 = CARTESIAN_POINT('',(2.228759702624,1.293269647308,8.112048286967
    ));
#2019 = CARTESIAN_POINT('',(2.28268175389,1.199761328054,8.217563940213)
  );
#2020 = CARTESIAN_POINT('',(2.336958323018,1.093959823308,8.315832338487
    ));
#2021 = CARTESIAN_POINT('',(2.389447754962,0.975334639659,8.4055334623)
  );
#2022 = CARTESIAN_POINT('',(2.437642334676,0.843393973227,8.484615338274
    ));
#2023 = CARTESIAN_POINT('',(2.489202521397,0.660329217554,8.567061031225
    ));
#2024 = CARTESIAN_POINT('',(2.499339662977,0.621692299322,8.583133970813
    ));
#2025 = CARTESIAN_POINT('',(2.508918580395,0.582211887431,8.598209097835
    ));
#2026 = CARTESIAN_POINT('',(2.517881623636,0.54192508418,8.612223842695)
  );
#2027 = CARTESIAN_POINT('',(2.526173944628,0.500871995511,8.625118394348
    ));
#2028 = CARTESIAN_POINT('',(2.538097252687,0.43506741006,8.643575105828)
  );
#2029 = CARTESIAN_POINT('',(2.542211103389,0.410804741603,8.649923734072
    ));
#2030 = CARTESIAN_POINT('',(2.546074590127,0.386319619293,8.655869807741
    ));
#2031 = CARTESIAN_POINT('',(2.5496778908,0.361625805962,8.661402190129)
  );
#2032 = CARTESIAN_POINT('',(2.553011820417,0.336738933621,8.666510385112
    ));
#2033 = CARTESIAN_POINT('',(2.562248725478,0.260986813639,8.680638182109
    ));
#2034 = CARTESIAN_POINT('',(2.567295929548,0.209554854826,8.688321068129
    ));
#2035 = CARTESIAN_POINT('',(2.571133848092,0.157557847735,8.694144006434
    ));
#2036 = CARTESIAN_POINT('',(2.573710836026,0.105177081871,8.698047244151
    ));
#2037 = CARTESIAN_POINT('',(2.575,5.259628623095E-02,8.7));
#2038 = CARTESIAN_POINT('',(2.575,-5.352867803042E-02,8.7));
#2039 = CARTESIAN_POINT('',(2.573664726565,-0.107038922526,
    8.697977394933));
#2040 = CARTESIAN_POINT('',(2.570995807256,-0.160337505079,
    8.693934921699));
#2041 = CARTESIAN_POINT('',(2.56702208467,-0.213232018215,8.687905577849
    ));
#2042 = CARTESIAN_POINT('',(2.561798727204,-0.265532709334,
    8.679953128676));
#2043 = CARTESIAN_POINT('',(2.552368135379,-0.341541749506,
    8.665524084677));
#2044 = CARTESIAN_POINT('',(2.549065105779,-0.365858780431,
    8.660461485146));
#2045 = CARTESIAN_POINT('',(2.54550533841,-0.389989207467,8.65499413335)
  );
#2046 = CARTESIAN_POINT('',(2.541697491374,-0.413918545445,
    8.649131917193));
#2047 = CARTESIAN_POINT('',(2.537650793482,-0.437634023977,
    8.642885294849));
#2048 = CARTESIAN_POINT('',(2.525816364603,-0.502651261401,
    8.624562442876));
#2049 = CARTESIAN_POINT('',(2.517544258798,-0.543460588714,
    8.611696683438));
#2050 = CARTESIAN_POINT('',(2.508610023813,-0.583510402661,8.59772422781
    ));
#2051 = CARTESIAN_POINT('',(2.499067669766,-0.622761475377,
    8.582703949662));
#2052 = CARTESIAN_POINT('',(2.488973919918,-0.661177517872,
    8.566697384974));
#2053 = CARTESIAN_POINT('',(2.437466041797,-0.843876698526,
    8.484326050945));
#2054 = CARTESIAN_POINT('',(2.389294093092,-0.975681719051,8.40527086625
    ));
#2055 = CARTESIAN_POINT('',(2.336839317508,-1.094191790545,
    8.315616800827));
#2056 = CARTESIAN_POINT('',(2.282602891214,-1.199898141019,
    8.217409693152));
#2057 = CARTESIAN_POINT('',(2.228721884432,-1.29332954188,8.111965945468
    ));
#2058 = CARTESIAN_POINT('',(2.177297361409,-1.374773144922,7.9999994));
#2059 = PCURVE('',#281,#2060);
#2060 = DEFINITIONAL_REPRESENTATION('',(#2061),#2104);
#2061 = B_SPLINE_CURVE_WITH_KNOTS('',6,(#2062,#2063,#2064,#2065,#2066,
    #2067,#2068,#2069,#2070,#2071,#2072,#2073,#2074,#2075,#2076,#2077,
    #2078,#2079,#2080,#2081,#2082,#2083,#2084,#2085,#2086,#2087,#2088,
    #2089,#2090,#2091,#2092,#2093,#2094,#2095,#2096,#2097,#2098,#2099,
    #2100,#2101,#2102,#2103),.UNSPECIFIED.,.F.,.F.,(7,5,5,5,5,5,5,5,7),(
    0.,0.292117261129,0.368027369163,0.411688344141,0.499994277158,
    0.589865638719,0.632580129061,0.708090906581,1.),.UNSPECIFIED.);
#2062 = CARTESIAN_POINT('',(-0.628874489059,-2.177297361409));
#2063 = CARTESIAN_POINT('',(-0.710378035576,-2.228759702624));
#2064 = CARTESIAN_POINT('',(-0.792928099374,-2.28268175389));
#2065 = CARTESIAN_POINT('',(-0.877256174075,-2.336958323018));
#2066 = CARTESIAN_POINT('',(-0.964028417583,-2.389447754962));
#2067 = CARTESIAN_POINT('',(-1.053898039155,-2.437642334676));
#2068 = CARTESIAN_POINT('',(-1.172000096153,-2.489202521397));
#2069 = CARTESIAN_POINT('',(-1.196605498991,-2.499339662977));
#2070 = CARTESIAN_POINT('',(-1.221448373985,-2.508918580395));
#2071 = CARTESIAN_POINT('',(-1.246522269976,-2.517881623636));
#2072 = CARTESIAN_POINT('',(-1.271822233821,-2.526173944628));
#2073 = CARTESIAN_POINT('',(-1.312024549447,-2.538097252687));
#2074 = CARTESIAN_POINT('',(-1.326774928998,-2.542211103389));
#2075 = CARTESIAN_POINT('',(-1.341593069226,-2.546074590127));
#2076 = CARTESIAN_POINT('',(-1.356475356568,-2.5496778908));
#2077 = CARTESIAN_POINT('',(-1.371417443721,-2.553011820417));
#2078 = CARTESIAN_POINT('',(-1.416745843008,-2.562248725478));
#2079 = CARTESIAN_POINT('',(-1.447315693351,-2.567295929548));
#2080 = CARTESIAN_POINT('',(-1.478061935037,-2.571133848092));
#2081 = CARTESIAN_POINT('',(-1.508927452764,-2.573710836026));
#2082 = CARTESIAN_POINT('',(-1.539857334894,-2.575));
#2083 = CARTESIAN_POINT('',(-1.60228378446,-2.575));
#2084 = CARTESIAN_POINT('',(-1.633760401579,-2.573664726565));
#2085 = CARTESIAN_POINT('',(-1.665168696404,-2.570995807256));
#2086 = CARTESIAN_POINT('',(-1.696451503239,-2.56702208467));
#2087 = CARTESIAN_POINT('',(-1.727549267276,-2.561798727204));
#2088 = CARTESIAN_POINT('',(-1.773058958622,-2.552368135379));
#2089 = CARTESIAN_POINT('',(-1.787667516689,-2.549065105779));
#2090 = CARTESIAN_POINT('',(-1.802218329658,-2.54550533841));
#2091 = CARTESIAN_POINT('',(-1.816707386889,-2.541697491374));
#2092 = CARTESIAN_POINT('',(-1.831131351064,-2.537650793482));
#2093 = CARTESIAN_POINT('',(-1.870866495256,-2.525816364603));
#2094 = CARTESIAN_POINT('',(-1.896024803073,-2.517544258798));
#2095 = CARTESIAN_POINT('',(-1.920959155683,-2.508610023813));
#2096 = CARTESIAN_POINT('',(-1.945664765313,-2.499067669766));
#2097 = CARTESIAN_POINT('',(-1.970135382376,-2.488973919918));
#2098 = CARTESIAN_POINT('',(-2.088023411007,-2.437466041797));
#2099 = CARTESIAN_POINT('',(-2.177818158622,-2.389294093092));
#2100 = CARTESIAN_POINT('',(-2.264521413682,-2.336839317508));
#2101 = CARTESIAN_POINT('',(-2.348785271553,-2.282602891214));
#2102 = CARTESIAN_POINT('',(-2.431274512622,-2.228721884432));
#2103 = CARTESIAN_POINT('',(-2.51271816453,-2.177297361409));
#2104 = ( GEOMETRIC_REPRESENTATION_CONTEXT(2) 
PARAMETRIC_REPRESENTATION_CONTEXT() REPRESENTATION_CONTEXT('2D SPACE',''
  ) );
#2105 = PCURVE('',#1994,#2106);
#2106 = DEFINITIONAL_REPRESENTATION('',(#2107),#2150);
#2107 = B_SPLINE_CURVE_WITH_KNOTS('',6,(#2108,#2109,#2110,#2111,#2112,
    #2113,#2114,#2115,#2116,#2117,#2118,#2119,#2120,#2121,#2122,#2123,
    #2124,#2125,#2126,#2127,#2128,#2129,#2130,#2131,#2132,#2133,#2134,
    #2135,#2136,#2137,#2138,#2139,#2140,#2141,#2142,#2143,#2144,#2145,
    #2146,#2147,#2148,#2149),.UNSPECIFIED.,.F.,.F.,(7,5,5,5,5,5,5,5,7),(
    0.,0.292117261129,0.368027369163,0.411688344141,0.499994277158,
    0.589865638719,0.632580129061,0.708090906581,1.),.UNSPECIFIED.);
#2108 = CARTESIAN_POINT('',(3.704790044036,7.9999994));
#2109 = CARTESIAN_POINT('',(3.667356710831,8.112048286967));
#2110 = CARTESIAN_POINT('',(3.625471370347,8.217563940213));
#2111 = CARTESIAN_POINT('',(3.579381402689,8.315832338487));
#2112 = CARTESIAN_POINT('',(3.529149777683,8.4055334623));
#2113 = CARTESIAN_POINT('',(3.47475549555,8.484615338274));
#2114 = CARTESIAN_POINT('',(3.400896402455,8.567061031225));
#2115 = CARTESIAN_POINT('',(3.385386443525,8.583133970813));
#2116 = CARTESIAN_POINT('',(3.369613555531,8.598209097835));
#2117 = CARTESIAN_POINT('',(3.353590188355,8.612223842695));
#2118 = CARTESIAN_POINT('',(3.337328545549,8.625118394348));
#2119 = CARTESIAN_POINT('',(3.311357256221,8.643575105828));
#2120 = CARTESIAN_POINT('',(3.301800992802,8.649923734072));
#2121 = CARTESIAN_POINT('',(3.292175514569,8.655869807741));
#2122 = CARTESIAN_POINT('',(3.282485114744,8.661402190129));
#2123 = CARTESIAN_POINT('',(3.272734659283,8.666510385112));
#2124 = CARTESIAN_POINT('',(3.243098466119,8.680638182109));
#2125 = CARTESIAN_POINT('',(3.22303449202,8.688321068129));
#2126 = CARTESIAN_POINT('',(3.202795511658,8.694144006434));
#2127 = CARTESIAN_POINT('',(3.182438118934,8.698047244151));
#2128 = CARTESIAN_POINT('',(3.162018395815,8.7));
#2129 = CARTESIAN_POINT('',(3.120804817461,8.7));
#2130 = CARTESIAN_POINT('',(3.100024143878,8.697977394933));
#2131 = CARTESIAN_POINT('',(3.079309486154,8.693934921699));
#2132 = CARTESIAN_POINT('',(3.058719479778,8.687905577849));
#2133 = CARTESIAN_POINT('',(3.038313315039,8.679953128676));
#2134 = CARTESIAN_POINT('',(3.008568910407,8.665524084677));
#2135 = CARTESIAN_POINT('',(2.99903932452,8.660461485146));
#2136 = CARTESIAN_POINT('',(2.989567786782,8.65499413335));
#2137 = CARTESIAN_POINT('',(2.980158806618,8.649131917193));
#2138 = CARTESIAN_POINT('',(2.970816368094,8.642885294849));
#2139 = CARTESIAN_POINT('',(2.945152091669,8.624562442876));
#2140 = CARTESIAN_POINT('',(2.9289847323,8.611696683438));
#2141 = CARTESIAN_POINT('',(2.913053552733,8.59772422781));
#2142 = CARTESIAN_POINT('',(2.897370494097,8.582703949662));
#2143 = CARTESIAN_POINT('',(2.88194773772,8.566697384974));
#2144 = CARTESIAN_POINT('',(2.808230803518,8.484326050945));
#2145 = CARTESIAN_POINT('',(2.753888549518,8.40527086625));
#2146 = CARTESIAN_POINT('',(2.703702848911,8.315616800827));
#2147 = CARTESIAN_POINT('',(2.657652661053,8.217409693152));
#2148 = CARTESIAN_POINT('',(2.61580108767,8.111965945468));
#2149 = CARTESIAN_POINT('',(2.578395263144,7.9999994));
#2150 = ( GEOMETRIC_REPRESENTATION_CONTEXT(2) 
PARAMETRIC_REPRESENTATION_CONTEXT() REPRESENTATION_CONTEXT('2D SPACE',''
  ) );
#2151 = ORIENTED_EDGE('',*,*,#2152,.F.);
#2152 = EDGE_CURVE('',#199,#2013,#2153,.T.);
#2153 = SURFACE_CURVE('',#2154,(#2158,#2164),.PCURVE_S1.);
#2154 = LINE('',#2155,#2156);
#2155 = CARTESIAN_POINT('',(0.,1.374772708487,8.));
#2156 = VECTOR('',#2157,1.);
#2157 = DIRECTION('',(-1.,-0.,-0.));
#2158 = PCURVE('',#281,#2159);
#2159 = DEFINITIONAL_REPRESENTATION('',(#2160),#2163);
#2160 = B_SPLINE_CURVE_WITH_KNOTS('',1,(#2161,#2162),.UNSPECIFIED.,.F.,
  .F.,(2,2),(-10.8,6.E-07),.PIECEWISE_BEZIER_KNOTS.);
#2161 = CARTESIAN_POINT('',(-0.628874925495,-10.8));
#2162 = CARTESIAN_POINT('',(-0.628874925495,6.E-07));
#2163 = ( GEOMETRIC_REPRESENTATION_CONTEXT(2) 
PARAMETRIC_REPRESENTATION_CONTEXT() REPRESENTATION_CONTEXT('2D SPACE',''
  ) );
#2164 = PCURVE('',#215,#2165);
#2165 = DEFINITIONAL_REPRESENTATION('',(#2166),#2169);
#2166 = B_SPLINE_CURVE_WITH_KNOTS('',1,(#2167,#2168),.UNSPECIFIED.,.F.,
  .F.,(2,2),(-10.8,6.E-07),.PIECEWISE_BEZIER_KNOTS.);
#2167 = CARTESIAN_POINT('',(3.725227291513,19.8));
#2168 = CARTESIAN_POINT('',(3.725227291513,8.9999994));
#2169 = ( GEOMETRIC_REPRESENTATION_CONTEXT(2) 
PARAMETRIC_REPRESENTATION_CONTEXT() REPRESENTATION_CONTEXT('2D SPACE',''
  ) );
#2170 = ADVANCED_FACE('',(#2171),#371,.F.);
#2171 = FACE_BOUND('',#2172,.T.);
#2172 = EDGE_LOOP('',(#2173,#2498,#2519,#2520,#2521,#2522));
#2173 = ORIENTED_EDGE('',*,*,#2174,.F.);
#2174 = EDGE_CURVE('',#2175,#2175,#2177,.T.);
#2175 = VERTEX_POINT('',#2176);
#2176 = CARTESIAN_POINT('',(2.562347556441,1.7,25.));
#2177 = SURFACE_CURVE('',#2178,(#2281,#2387),.PCURVE_S1.);
#2178 = B_SPLINE_CURVE_WITH_KNOTS('',6,(#2179,#2180,#2181,#2182,#2183,
    #2184,#2185,#2186,#2187,#2188,#2189,#2190,#2191,#2192,#2193,#2194,
    #2195,#2196,#2197,#2198,#2199,#2200,#2201,#2202,#2203,#2204,#2205,
    #2206,#2207,#2208,#2209,#2210,#2211,#2212,#2213,#2214,#2215,#2216,
    #2217,#2218,#2219,#2220,#2221,#2222,#2223,#2224,#2225,#2226,#2227,
    #2228,#2229,#2230,#2231,#2232,#2233,#2234,#2235,#2236,#2237,#2238,
    #2239,#2240,#2241,#2242,#2243,#2244,#2245,#2246,#2247,#2248,#2249,
    #2250,#2251,#2252,#2253,#2254,#2255,#2256,#2257,#2258,#2259,#2260,
    #2261,#2262,#2263,#2264,#2265,#2266,#2267,#2268,#2269,#2270,#2271,
    #2272,#2273,#2274,#2275,#2276,#2277,#2278,#2279,#2280),
  .UNSPECIFIED.,.T.,.F.,(7,5,5,5,5,5,5,5,5,5,5,5,5,5,5,5,5,5,5,5,7),(0.,
    4.908658471999E-02,9.621027921682E-02,0.143960757196,0.188207911851,
    0.249751849637,0.311299520071,0.35497001218,0.403315755993,
    0.450657511756,0.499498038673,0.548582351933,0.595703865802,
    0.661180142468,0.710140567225,0.749353017729,0.811122680439,
    0.854950684797,0.903470803719,0.950983313373,1.),.UNSPECIFIED.);
#2179 = CARTESIAN_POINT('',(2.562347556441,1.7,25.));
#2180 = CARTESIAN_POINT('',(2.562347556441,1.7,25.080356626857));
#2181 = CARTESIAN_POINT('',(2.565371149066,1.695441901486,
    25.160669304798));
#2182 = CARTESIAN_POINT('',(2.571414276788,1.68633542748,25.240657046419
    ));
#2183 = CARTESIAN_POINT('',(2.580369162297,1.672703919483,
    25.320025383461));
#2184 = CARTESIAN_POINT('',(2.592034007957,1.654596414217,
    25.398466267103));
#2185 = CARTESIAN_POINT('',(2.619647999582,1.610502631599,25.54976290268
    ));
#2186 = CARTESIAN_POINT('',(2.635407857736,1.584860008248,
    25.622718359004));
#2187 = CARTESIAN_POINT('',(2.653174752434,1.555210786462,
    25.694368996505));
#2188 = CARTESIAN_POINT('',(2.672680490027,1.521580251663,
    25.764538471981));
#2189 = CARTESIAN_POINT('',(2.693624588014,1.483988788792,
    25.833028030717));
#2190 = CARTESIAN_POINT('',(2.738034127397,1.400380118001,
    25.967087826394));
#2191 = CARTESIAN_POINT('',(2.761536083232,1.354245102557,
    26.032627506451));
#2192 = CARTESIAN_POINT('',(2.785878367454,1.304025915739,
    26.096077788182));
#2193 = CARTESIAN_POINT('',(2.810728792744,1.249676782309,
    26.157231068873));
#2194 = CARTESIAN_POINT('',(2.835730376432,1.191139922051,
    26.215826025877));
#2195 = CARTESIAN_POINT('',(2.883449588026,1.070166129422,
    26.323176312674));
#2196 = CARTESIAN_POINT('',(2.906214781196,1.008293224688,
    26.372370956325));
#2197 = CARTESIAN_POINT('',(2.92847112022,0.942710697914,26.41883160137)
  );
#2198 = CARTESIAN_POINT('',(2.9498696189,0.873417789219,26.462220086504)
  );
#2199 = CARTESIAN_POINT('',(2.970040012047,0.800438153171,
    26.502154479684));
#2200 = CARTESIAN_POINT('',(3.014404408411,0.6172622891,26.588350498496)
  );
#2201 = CARTESIAN_POINT('',(3.037272346846,0.50291346478,26.631338596738
    ));
#2202 = CARTESIAN_POINT('',(3.055713653685,0.38222094156,26.665113479068
    ));
#2203 = CARTESIAN_POINT('',(3.068520381916,0.256906787511,
    26.688279755176));
#2204 = CARTESIAN_POINT('',(3.075,0.128855141907,26.7));
#2205 = CARTESIAN_POINT('',(3.075,-0.128862956987,26.7));
#2206 = CARTESIAN_POINT('',(3.068519592098,-0.256911758226,26.6882783347
    ));
#2207 = CARTESIAN_POINT('',(3.05571332253,-0.382217835802,
    26.665112860809));
#2208 = CARTESIAN_POINT('',(3.037273860953,-0.502902987594,
    26.63134124917));
#2209 = CARTESIAN_POINT('',(3.014407118699,-0.617251098608,
    26.588355764342));
#2210 = CARTESIAN_POINT('',(2.970281027999,-0.799443023993,
    26.50262275193));
#2211 = CARTESIAN_POINT('',(2.950392851462,-0.871523298953,
    26.463255898169));
#2212 = CARTESIAN_POINT('',(2.929303010942,-0.940013163983,
    26.420517945449));
#2213 = CARTESIAN_POINT('',(2.907368144358,-1.004888248237,
    26.374777366746));
#2214 = CARTESIAN_POINT('',(2.88492487355,-1.066147703222,
    26.326361497668));
#2215 = CARTESIAN_POINT('',(2.837221901425,-1.18764471575,
    26.219318651079));
#2216 = CARTESIAN_POINT('',(2.811900268069,-1.247116003116,
    26.160113812754));
#2217 = CARTESIAN_POINT('',(2.786720647857,-1.302291872438,
    26.098276861763));
#2218 = CARTESIAN_POINT('',(2.76205419101,-1.353232620234,26.0340804028)
  );
#2219 = CARTESIAN_POINT('',(2.738245888544,-1.399986075248,
    25.967740344615));
#2220 = CARTESIAN_POINT('',(2.693459137213,-1.484295727301,
    25.832515548054));
#2221 = CARTESIAN_POINT('',(2.672425597098,-1.522034965545,
    25.763692140064));
#2222 = CARTESIAN_POINT('',(2.652846003579,-1.555776008976,
    25.693174275544));
#2223 = CARTESIAN_POINT('',(2.635025034804,-1.585498019464,
    25.621163690562));
#2224 = CARTESIAN_POINT('',(2.619234362179,-1.611175246365,
    25.547839326757));
#2225 = CARTESIAN_POINT('',(2.591745359337,-1.655044432825,
    25.39652026285));
#2226 = CARTESIAN_POINT('',(2.580191914181,-1.672973703046,
    25.318450533079));
#2227 = CARTESIAN_POINT('',(2.571324538078,-1.686470650429,
    25.239466600086));
#2228 = CARTESIAN_POINT('',(2.565341196739,-1.695487067899,
    25.15987212929));
#2229 = CARTESIAN_POINT('',(2.562347556441,-1.7,25.079957520769));
#2230 = CARTESIAN_POINT('',(2.562347556441,-1.7,24.919643373143));
#2231 = CARTESIAN_POINT('',(2.565371149066,-1.695441901486,
    24.839330695202));
#2232 = CARTESIAN_POINT('',(2.571414276788,-1.68633542748,
    24.759342953581));
#2233 = CARTESIAN_POINT('',(2.580369162297,-1.672703919483,
    24.679974616539));
#2234 = CARTESIAN_POINT('',(2.592034007957,-1.654596414217,
    24.601533732897));
#2235 = CARTESIAN_POINT('',(2.619647999582,-1.610502631599,
    24.45023709732));
#2236 = CARTESIAN_POINT('',(2.635407857736,-1.584860008248,
    24.377281640996));
#2237 = CARTESIAN_POINT('',(2.653174752434,-1.555210786462,
    24.305631003495));
#2238 = CARTESIAN_POINT('',(2.672680490027,-1.521580251663,
    24.235461528019));
#2239 = CARTESIAN_POINT('',(2.693624588014,-1.483988788792,
    24.166971969283));
#2240 = CARTESIAN_POINT('',(2.746332793898,-1.384756437028,
    24.007860854656));
#2241 = CARTESIAN_POINT('',(2.779144938801,-1.319430021901,
    23.918976202127));
#2242 = CARTESIAN_POINT('',(2.813316416568,-1.246414682185,23.8341382662
    ));
#2243 = CARTESIAN_POINT('',(2.847979561309,-1.165553151506,
    23.753908134636));
#2244 = CARTESIAN_POINT('',(2.882167500912,-1.07666834076,
    23.679060164966));
#2245 = CARTESIAN_POINT('',(2.939166152823,-0.907075907312,
    23.559480858755));
#2246 = CARTESIAN_POINT('',(2.962717056518,-0.829825858331,
    23.511819825484));
#2247 = CARTESIAN_POINT('',(2.98489548885,-0.74801106157,23.468270697588
    ));
#2248 = CARTESIAN_POINT('',(3.005147689087,-0.661819227344,
    23.42944047224));
#2249 = CARTESIAN_POINT('',(3.022927225376,-0.571501768199,
    23.395941513691));
#2250 = CARTESIAN_POINT('',(3.049565613149,-0.401992244652,
    23.346345996753));
#2251 = CARTESIAN_POINT('',(3.059493048924,-0.324184019147,23.3281183479
    ));
#2252 = CARTESIAN_POINT('',(3.067177596209,-0.244496250565,
    23.314148095803));
#2253 = CARTESIAN_POINT('',(3.072388729543,-0.163504525066,
    23.304724029682));
#2254 = CARTESIAN_POINT('',(3.075,-8.180443442501E-02,23.3));
#2255 = CARTESIAN_POINT('',(3.075,0.128862956987,23.3));
#2256 = CARTESIAN_POINT('',(3.068519592098,0.256911758226,23.3117216653)
  );
#2257 = CARTESIAN_POINT('',(3.05571332253,0.382217835801,23.334887139191
    ));
#2258 = CARTESIAN_POINT('',(3.037273860953,0.502902987594,23.36865875083
    ));
#2259 = CARTESIAN_POINT('',(3.014407118699,0.617251098608,
    23.411644235658));
#2260 = CARTESIAN_POINT('',(2.970281027999,0.799443023994,23.49737724807
    ));
#2261 = CARTESIAN_POINT('',(2.950392851462,0.871523298953,
    23.536744101831));
#2262 = CARTESIAN_POINT('',(2.929303010942,0.940013163983,
    23.579482054551));
#2263 = CARTESIAN_POINT('',(2.907368144358,1.004888248237,
    23.625222633254));
#2264 = CARTESIAN_POINT('',(2.88492487355,1.066147703222,23.673638502332
    ));
#2265 = CARTESIAN_POINT('',(2.837221901425,1.18764471575,23.780681348921
    ));
#2266 = CARTESIAN_POINT('',(2.811900268069,1.247116003116,
    23.839886187246));
#2267 = CARTESIAN_POINT('',(2.786720647857,1.302291872438,
    23.901723138237));
#2268 = CARTESIAN_POINT('',(2.76205419101,1.353232620234,23.9659195972)
  );
#2269 = CARTESIAN_POINT('',(2.738245888544,1.399986075248,
    24.032259655385));
#2270 = CARTESIAN_POINT('',(2.693459137213,1.484295727301,
    24.167484451946));
#2271 = CARTESIAN_POINT('',(2.672425597098,1.522034965545,
    24.236307859936));
#2272 = CARTESIAN_POINT('',(2.652846003579,1.555776008976,
    24.306825724456));
#2273 = CARTESIAN_POINT('',(2.635025034804,1.585498019464,
    24.378836309438));
#2274 = CARTESIAN_POINT('',(2.619234362179,1.611175246365,
    24.452160673243));
#2275 = CARTESIAN_POINT('',(2.591745359337,1.655044432825,24.60347973715
    ));
#2276 = CARTESIAN_POINT('',(2.580191914181,1.672973703046,
    24.681549466921));
#2277 = CARTESIAN_POINT('',(2.571324538078,1.686470650429,
    24.760533399914));
#2278 = CARTESIAN_POINT('',(2.565341196739,1.695487067899,24.84012787071
    ));
#2279 = CARTESIAN_POINT('',(2.562347556441,1.7,24.920042479231));
#2280 = CARTESIAN_POINT('',(2.562347556441,1.7,25.));
#2281 = PCURVE('',#371,#2282);
#2282 = DEFINITIONAL_REPRESENTATION('',(#2283),#2386);
#2283 = B_SPLINE_CURVE_WITH_KNOTS('',6,(#2284,#2285,#2286,#2287,#2288,
    #2289,#2290,#2291,#2292,#2293,#2294,#2295,#2296,#2297,#2298,#2299,
    #2300,#2301,#2302,#2303,#2304,#2305,#2306,#2307,#2308,#2309,#2310,
    #2311,#2312,#2313,#2314,#2315,#2316,#2317,#2318,#2319,#2320,#2321,
    #2322,#2323,#2324,#2325,#2326,#2327,#2328,#2329,#2330,#2331,#2332,
    #2333,#2334,#2335,#2336,#2337,#2338,#2339,#2340,#2341,#2342,#2343,
    #2344,#2345,#2346,#2347,#2348,#2349,#2350,#2351,#2352,#2353,#2354,
    #2355,#2356,#2357,#2358,#2359,#2360,#2361,#2362,#2363,#2364,#2365,
    #2366,#2367,#2368,#2369,#2370,#2371,#2372,#2373,#2374,#2375,#2376,
    #2377,#2378,#2379,#2380,#2381,#2382,#2383,#2384,#2385),
  .UNSPECIFIED.,.F.,.F.,(7,5,5,5,5,5,5,5,5,5,5,5,5,5,5,5,5,5,5,5,7),(0.,
    4.908658471999E-02,9.621027921682E-02,0.143960757196,0.188207911851,
    0.249751849637,0.311299520071,0.35497001218,0.403315755993,
    0.450657511756,0.499498038673,0.548582351933,0.595703865802,
    0.661180142468,0.710140567225,0.749353017729,0.811122680439,
    0.854950684797,0.903470803719,0.950983313373,1.),.UNSPECIFIED.);
#2284 = CARTESIAN_POINT('',(0.,-2.562347556441));
#2285 = CARTESIAN_POINT('',(-4.726860403329E-02,-2.562347556441));
#2286 = CARTESIAN_POINT('',(-9.45114499017E-02,-2.565371149066));
#2287 = CARTESIAN_POINT('',(-0.141752909584,-2.571414276788));
#2288 = CARTESIAN_POINT('',(-0.189009671646,-2.580369162297));
#2289 = CARTESIAN_POINT('',(-0.236288590779,-2.592034007957));
#2290 = CARTESIAN_POINT('',(-0.328989198278,-2.619647999582));
#2291 = CARTESIAN_POINT('',(-0.374410586538,-2.635407857736));
#2292 = CARTESIAN_POINT('',(-0.419922858087,-2.653174752434));
#2293 = CARTESIAN_POINT('',(-0.465591805973,-2.672680490027));
#2294 = CARTESIAN_POINT('',(-0.511478042316,-2.693624588014));
#2295 = CARTESIAN_POINT('',(-0.60441631228,-2.738034127397));
#2296 = CARTESIAN_POINT('',(-0.6514896565,-2.761536083232));
#2297 = CARTESIAN_POINT('',(-0.698975930978,-2.785878367454));
#2298 = CARTESIAN_POINT('',(-0.746981303198,-2.810728792744));
#2299 = CARTESIAN_POINT('',(-0.79561383246,-2.835730376432));
#2300 = CARTESIAN_POINT('',(-0.890753035843,-2.883449588026));
#2301 = CARTESIAN_POINT('',(-0.937183032042,-2.906214781196));
#2302 = CARTESIAN_POINT('',(-0.98435053531,-2.92847112022));
#2303 = CARTESIAN_POINT('',(-1.032320904723,-2.9498696189));
#2304 = CARTESIAN_POINT('',(-1.081166399625,-2.970040012047));
#2305 = CARTESIAN_POINT('',(-1.200250491976,-3.014404408411));
#2306 = CARTESIAN_POINT('',(-1.271879434843,-3.037272346846));
#2307 = CARTESIAN_POINT('',(-1.345176236183,-3.055713653685));
#2308 = CARTESIAN_POINT('',(-1.419674781724,-3.068520381916));
#2309 = CARTESIAN_POINT('',(-1.494999184497,-3.075));
#2310 = CARTESIAN_POINT('',(-1.646598066199,-3.075));
#2311 = CARTESIAN_POINT('',(-1.721920793431,-3.068519592098));
#2312 = CARTESIAN_POINT('',(-1.796414737808,-3.05571332253));
#2313 = CARTESIAN_POINT('',(-1.869706972755,-3.037273860953));
#2314 = CARTESIAN_POINT('',(-1.941334886586,-3.014407118699));
#2315 = CARTESIAN_POINT('',(-2.059779312538,-2.970281027999));
#2316 = CARTESIAN_POINT('',(-2.108003969392,-2.950392851462));
#2317 = CARTESIAN_POINT('',(-2.155375455354,-2.929303010942));
#2318 = CARTESIAN_POINT('',(-2.201962626102,-2.907368144358));
#2319 = CARTESIAN_POINT('',(-2.247827692264,-2.88492487355));
#2320 = CARTESIAN_POINT('',(-2.343077673072,-2.837221901425));
#2321 = CARTESIAN_POINT('',(-2.392349054536,-2.811900268069));
#2322 = CARTESIAN_POINT('',(-2.440973442183,-2.786720647857));
#2323 = CARTESIAN_POINT('',(-2.489063026177,-2.76205419101));
#2324 = CARTESIAN_POINT('',(-2.536727995316,-2.738245888544));
#2325 = CARTESIAN_POINT('',(-2.630465948238,-2.693459137213));
#2326 = CARTESIAN_POINT('',(-2.676565166864,-2.672425597098));
#2327 = CARTESIAN_POINT('',(-2.722445589056,-2.652846003579));
#2328 = CARTESIAN_POINT('',(-2.768168485162,-2.635025034804));
#2329 = CARTESIAN_POINT('',(-2.81380043555,-2.619234362179));
#2330 = CARTESIAN_POINT('',(-2.906476835427,-2.591745359337));
#2331 = CARTESIAN_POINT('',(-2.953520606278,-2.580191914181));
#2332 = CARTESIAN_POINT('',(-3.000542819812,-2.571324538078));
#2333 = CARTESIAN_POINT('',(-3.04755013352,-2.565341196739));
#2334 = CARTESIAN_POINT('',(-3.094558817843,-2.562347556441));
#2335 = CARTESIAN_POINT('',(-3.188861257623,-2.562347556441));
#2336 = CARTESIAN_POINT('',(-3.236104103492,-2.565371149066));
#2337 = CARTESIAN_POINT('',(-3.283345563173,-2.571414276788));
#2338 = CARTESIAN_POINT('',(-3.330602325236,-2.580369162297));
#2339 = CARTESIAN_POINT('',(-3.377881244369,-2.592034007957));
#2340 = CARTESIAN_POINT('',(-3.470581851867,-2.619647999582));
#2341 = CARTESIAN_POINT('',(-3.516003240128,-2.635407857736));
#2342 = CARTESIAN_POINT('',(-3.561515511677,-2.653174752434));
#2343 = CARTESIAN_POINT('',(-3.607184459563,-2.672680490027));
#2344 = CARTESIAN_POINT('',(-3.653070695906,-2.693624588014));
#2345 = CARTESIAN_POINT('',(-3.763376038762,-2.746332793898));
#2346 = CARTESIAN_POINT('',(-3.82807504066,-2.779144938801));
#2347 = CARTESIAN_POINT('',(-3.893624096918,-2.813316416568));
#2348 = CARTESIAN_POINT('',(-3.96030544213,-2.847979561309));
#2349 = CARTESIAN_POINT('',(-4.028408591916,-2.882167500912));
#2350 = CARTESIAN_POINT('',(-4.15047387021,-2.939166152823));
#2351 = CARTESIAN_POINT('',(-4.20376722962,-2.962717056518));
#2352 = CARTESIAN_POINT('',(-4.258118397081,-2.98489548885));
#2353 = CARTESIAN_POINT('',(-4.313538390584,-3.005147689087));
#2354 = CARTESIAN_POINT('',(-4.370062308595,-3.022927225376));
#2355 = CARTESIAN_POINT('',(-4.473954044021,-3.049565613149));
#2356 = CARTESIAN_POINT('',(-4.520892842013,-3.059493048924));
#2357 = CARTESIAN_POINT('',(-4.568367153607,-3.067177596209));
#2358 = CARTESIAN_POINT('',(-4.616209800669,-3.072388729543));
#2359 = CARTESIAN_POINT('',(-4.664268724841,-3.075));
#2360 = CARTESIAN_POINT('',(-4.788190719789,-3.075));
#2361 = CARTESIAN_POINT('',(-4.863513447021,-3.068519592098));
#2362 = CARTESIAN_POINT('',(-4.938007391397,-3.05571332253));
#2363 = CARTESIAN_POINT('',(-5.011299626345,-3.037273860953));
#2364 = CARTESIAN_POINT('',(-5.082927540176,-3.014407118699));
#2365 = CARTESIAN_POINT('',(-5.201371966127,-2.970281027999));
#2366 = CARTESIAN_POINT('',(-5.249596622982,-2.950392851462));
#2367 = CARTESIAN_POINT('',(-5.296968108943,-2.929303010942));
#2368 = CARTESIAN_POINT('',(-5.343555279692,-2.907368144358));
#2369 = CARTESIAN_POINT('',(-5.389420345854,-2.88492487355));
#2370 = CARTESIAN_POINT('',(-5.484670326662,-2.837221901425));
#2371 = CARTESIAN_POINT('',(-5.533941708126,-2.811900268069));
#2372 = CARTESIAN_POINT('',(-5.582566095773,-2.786720647857));
#2373 = CARTESIAN_POINT('',(-5.630655679767,-2.76205419101));
#2374 = CARTESIAN_POINT('',(-5.678320648906,-2.738245888544));
#2375 = CARTESIAN_POINT('',(-5.772058601828,-2.693459137213));
#2376 = CARTESIAN_POINT('',(-5.818157820454,-2.672425597098));
#2377 = CARTESIAN_POINT('',(-5.864038242645,-2.652846003579));
#2378 = CARTESIAN_POINT('',(-5.909761138752,-2.635025034804));
#2379 = CARTESIAN_POINT('',(-5.95539308914,-2.619234362179));
#2380 = CARTESIAN_POINT('',(-6.048069489017,-2.591745359337));
#2381 = CARTESIAN_POINT('',(-6.095113259867,-2.580191914181));
#2382 = CARTESIAN_POINT('',(-6.142135473402,-2.571324538078));
#2383 = CARTESIAN_POINT('',(-6.18914278711,-2.565341196739));
#2384 = CARTESIAN_POINT('',(-6.236151471433,-2.562347556441));
#2385 = CARTESIAN_POINT('',(-6.28318530718,-2.562347556441));
#2386 = ( GEOMETRIC_REPRESENTATION_CONTEXT(2) 
PARAMETRIC_REPRESENTATION_CONTEXT() REPRESENTATION_CONTEXT('2D SPACE',''
  ) );
#2387 = PCURVE('',#2388,#2393);
#2388 = CYLINDRICAL_SURFACE('',#2389,3.075);
#2389 = AXIS2_PLACEMENT_3D('',#2390,#2391,#2392);
#2390 = CARTESIAN_POINT('',(0.,0.,32.));
#2391 = DIRECTION('',(0.,0.,-1.));
#2392 = DIRECTION('',(-1.,0.,0.));
#2393 = DEFINITIONAL_REPRESENTATION('',(#2394),#2497);
#2394 = B_SPLINE_CURVE_WITH_KNOTS('',6,(#2395,#2396,#2397,#2398,#2399,
    #2400,#2401,#2402,#2403,#2404,#2405,#2406,#2407,#2408,#2409,#2410,
    #2411,#2412,#2413,#2414,#2415,#2416,#2417,#2418,#2419,#2420,#2421,
    #2422,#2423,#2424,#2425,#2426,#2427,#2428,#2429,#2430,#2431,#2432,
    #2433,#2434,#2435,#2436,#2437,#2438,#2439,#2440,#2441,#2442,#2443,
    #2444,#2445,#2446,#2447,#2448,#2449,#2450,#2451,#2452,#2453,#2454,
    #2455,#2456,#2457,#2458,#2459,#2460,#2461,#2462,#2463,#2464,#2465,
    #2466,#2467,#2468,#2469,#2470,#2471,#2472,#2473,#2474,#2475,#2476,
    #2477,#2478,#2479,#2480,#2481,#2482,#2483,#2484,#2485,#2486,#2487,
    #2488,#2489,#2490,#2491,#2492,#2493,#2494,#2495,#2496),
  .UNSPECIFIED.,.T.,.F.,(7,5,5,5,5,5,5,5,5,5,5,5,5,5,5,5,5,5,5,5,7),(0.,
    4.908658471999E-02,9.621027921682E-02,0.143960757196,0.188207911851,
    0.249751849637,0.311299520071,0.35497001218,0.403315755993,
    0.450657511756,0.499498038673,0.548582351933,0.595703865802,
    0.661180142468,0.710140567225,0.749353017729,0.811122680439,
    0.854950684797,0.903470803719,0.950983313373,1.),.UNSPECIFIED.);
#2395 = CARTESIAN_POINT('',(2.55581743139,7.));
#2396 = CARTESIAN_POINT('',(2.55581743139,6.919643373143));
#2397 = CARTESIAN_POINT('',(2.557596182174,6.839330695202));
#2398 = CARTESIAN_POINT('',(2.561150497274,6.759342953581));
#2399 = CARTESIAN_POINT('',(2.566454301711,6.679974616539));
#2400 = CARTESIAN_POINT('',(2.573458480494,6.601533732897));
#2401 = CARTESIAN_POINT('',(2.590377784676,6.45023709732));
#2402 = CARTESIAN_POINT('',(2.600165553132,6.377281640996));
#2403 = CARTESIAN_POINT('',(2.611405064703,6.305631003495));
#2404 = CARTESIAN_POINT('',(2.624045904204,6.235461528019));
#2405 = CARTESIAN_POINT('',(2.63803731237,6.166971969283));
#2406 = CARTESIAN_POINT('',(2.668824661697,6.032912173606));
#2407 = CARTESIAN_POINT('',(2.685659991314,5.967372493549));
#2408 = CARTESIAN_POINT('',(2.703803251843,5.903922211818));
#2409 = CARTESIAN_POINT('',(2.723229275723,5.842768931127));
#2410 = CARTESIAN_POINT('',(2.743921220364,5.784173974123));
#2411 = CARTESIAN_POINT('',(2.786212376844,5.676823687326));
#2412 = CARTESIAN_POINT('',(2.807646654292,5.627629043675));
#2413 = CARTESIAN_POINT('',(2.830157570593,5.58116839863));
#2414 = CARTESIAN_POINT('',(2.85372704175,5.537779913496));
#2415 = CARTESIAN_POINT('',(2.878337408196,5.497845520316));
#2416 = CARTESIAN_POINT('',(2.939629031016,5.411649501504));
#2417 = CARTESIAN_POINT('',(2.977521333734,5.368661403262));
#2418 = CARTESIAN_POINT('',(3.017161003911,5.334886520932));
#2419 = CARTESIAN_POINT('',(3.058045656683,5.311720244824));
#2420 = CARTESIAN_POINT('',(3.099688542401,5.3));
#2421 = CARTESIAN_POINT('',(3.183499306268,5.3));
#2422 = CARTESIAN_POINT('',(3.225141268705,5.3117216653));
#2423 = CARTESIAN_POINT('',(3.266023314413,5.334887139191));
#2424 = CARTESIAN_POINT('',(3.305660550095,5.36865875083));
#2425 = CARTESIAN_POINT('',(3.343552531765,5.411644235658));
#2426 = CARTESIAN_POINT('',(3.404514923444,5.49737724807));
#2427 = CARTESIAN_POINT('',(3.428819429365,5.536744101831));
#2428 = CARTESIAN_POINT('',(3.452110292354,5.579482054551));
#2429 = CARTESIAN_POINT('',(3.474370127833,5.625222633254));
#2430 = CARTESIAN_POINT('',(3.495581209918,5.673638502332));
#2431 = CARTESIAN_POINT('',(3.538028765492,5.780681348921));
#2432 = CARTESIAN_POINT('',(3.559040663912,5.839886187246));
#2433 = CARTESIAN_POINT('',(3.578755334842,5.901723138237));
#2434 = CARTESIAN_POINT('',(3.597155504955,5.9659195972));
#2435 = CARTESIAN_POINT('',(3.614215170981,6.032259655385));
#2436 = CARTESIAN_POINT('',(3.645261388054,6.167484451946));
#2437 = CARTESIAN_POINT('',(3.659308894938,6.236307859936));
#2438 = CARTESIAN_POINT('',(3.671992847841,6.306825724456));
#2439 = CARTESIAN_POINT('',(3.683261698449,6.378836309438));
#2440 = CARTESIAN_POINT('',(3.693064302097,6.452160673243));
#2441 = CARTESIAN_POINT('',(3.70990013067,6.60347973715));
#2442 = CARTESIAN_POINT('',(3.716835978477,6.681549466921));
#2443 = CARTESIAN_POINT('',(3.722087589306,6.760533399914));
#2444 = CARTESIAN_POINT('',(3.725606748576,6.84012787071));
#2445 = CARTESIAN_POINT('',(3.72736787579,6.920042479231));
#2446 = CARTESIAN_POINT('',(3.72736787579,7.080356626857));
#2447 = CARTESIAN_POINT('',(3.725589125006,7.160669304798));
#2448 = CARTESIAN_POINT('',(3.722034809906,7.240657046419));
#2449 = CARTESIAN_POINT('',(3.716731005469,7.320025383461));
#2450 = CARTESIAN_POINT('',(3.709726826686,7.398466267103));
#2451 = CARTESIAN_POINT('',(3.692807522504,7.54976290268));
#2452 = CARTESIAN_POINT('',(3.683019754047,7.622718359004));
#2453 = CARTESIAN_POINT('',(3.671780242477,7.694368996505));
#2454 = CARTESIAN_POINT('',(3.659139402975,7.764538471981));
#2455 = CARTESIAN_POINT('',(3.64514799481,7.833028030717));
#2456 = CARTESIAN_POINT('',(3.608607513429,7.992139145344));
#2457 = CARTESIAN_POINT('',(3.584840165387,8.081023797873));
#2458 = CARTESIAN_POINT('',(3.558639536976,8.1658617338));
#2459 = CARTESIAN_POINT('',(3.530055960312,8.246091865364));
#2460 = CARTESIAN_POINT('',(3.499114331603,8.320939835034));
#2461 = CARTESIAN_POINT('',(3.440930716658,8.440519141245));
#2462 = CARTESIAN_POINT('',(3.414677693555,8.488180174516));
#2463 = CARTESIAN_POINT('',(3.387132213119,8.531729302412));
#2464 = CARTESIAN_POINT('',(3.35836597522,8.57055952776));
#2465 = CARTESIAN_POINT('',(3.328453001053,8.604058486309));
#2466 = CARTESIAN_POINT('',(3.27265141846,8.653654003247));
#2467 = CARTESIAN_POINT('',(3.247153471641,8.6718816521));
#2468 = CARTESIAN_POINT('',(3.221137586617,8.685851904197));
#2469 = CARTESIAN_POINT('',(3.194764814284,8.695275970318));
#2470 = CARTESIAN_POINT('',(3.168195721695,8.7));
#2471 = CARTESIAN_POINT('',(3.099686000911,8.7));
#2472 = CARTESIAN_POINT('',(3.058044038474,8.6882783347));
#2473 = CARTESIAN_POINT('',(3.017161992767,8.665112860809));
#2474 = CARTESIAN_POINT('',(2.977524757084,8.63134124917));
#2475 = CARTESIAN_POINT('',(2.939632775414,8.588355764342));
#2476 = CARTESIAN_POINT('',(2.878670383736,8.50262275193));
#2477 = CARTESIAN_POINT('',(2.854365877815,8.463255898169));
#2478 = CARTESIAN_POINT('',(2.831075014826,8.420517945449));
#2479 = CARTESIAN_POINT('',(2.808815179347,8.374777366746));
#2480 = CARTESIAN_POINT('',(2.787604097261,8.326361497668));
#2481 = CARTESIAN_POINT('',(2.745156541687,8.219318651079));
#2482 = CARTESIAN_POINT('',(2.724144643268,8.160113812754));
#2483 = CARTESIAN_POINT('',(2.704429972337,8.098276861763));
#2484 = CARTESIAN_POINT('',(2.686029802225,8.0340804028));
#2485 = CARTESIAN_POINT('',(2.668970136199,7.967740344615));
#2486 = CARTESIAN_POINT('',(2.637923919125,7.832515548054));
#2487 = CARTESIAN_POINT('',(2.623876412241,7.763692140064));
#2488 = CARTESIAN_POINT('',(2.611192459339,7.693174275544));
#2489 = CARTESIAN_POINT('',(2.59992360873,7.621163690562));
#2490 = CARTESIAN_POINT('',(2.590121005082,7.547839326757));
#2491 = CARTESIAN_POINT('',(2.57328517651,7.39652026285));
#2492 = CARTESIAN_POINT('',(2.566349328702,7.318450533079));
#2493 = CARTESIAN_POINT('',(2.561097717874,7.239466600086));
#2494 = CARTESIAN_POINT('',(2.557578558604,7.15987212929));
#2495 = CARTESIAN_POINT('',(2.55581743139,7.079957520769));
#2496 = CARTESIAN_POINT('',(2.55581743139,7.));
#2497 = ( GEOMETRIC_REPRESENTATION_CONTEXT(2) 
PARAMETRIC_REPRESENTATION_CONTEXT() REPRESENTATION_CONTEXT('2D SPACE',''
  ) );
#2498 = ORIENTED_EDGE('',*,*,#2499,.T.);
#2499 = EDGE_CURVE('',#2175,#334,#2500,.T.);
#2500 = SEAM_CURVE('',#2501,(#2505,#2512),.PCURVE_S1.);
#2501 = LINE('',#2502,#2503);
#2502 = CARTESIAN_POINT('',(0.,1.7,25.));
#2503 = VECTOR('',#2504,1.);
#2504 = DIRECTION('',(1.,0.,0.));
#2505 = PCURVE('',#371,#2506);
#2506 = DEFINITIONAL_REPRESENTATION('',(#2507),#2511);
#2507 = LINE('',#2508,#2509);
#2508 = CARTESIAN_POINT('',(-6.28318530718,0.));
#2509 = VECTOR('',#2510,1.);
#2510 = DIRECTION('',(-0.,-1.));
#2511 = ( GEOMETRIC_REPRESENTATION_CONTEXT(2) 
PARAMETRIC_REPRESENTATION_CONTEXT() REPRESENTATION_CONTEXT('2D SPACE',''
  ) );
#2512 = PCURVE('',#371,#2513);
#2513 = DEFINITIONAL_REPRESENTATION('',(#2514),#2518);
#2514 = LINE('',#2515,#2516);
#2515 = CARTESIAN_POINT('',(-0.,0.));
#2516 = VECTOR('',#2517,1.);
#2517 = DIRECTION('',(-0.,-1.));
#2518 = ( GEOMETRIC_REPRESENTATION_CONTEXT(2) 
PARAMETRIC_REPRESENTATION_CONTEXT() REPRESENTATION_CONTEXT('2D SPACE',''
  ) );
#2519 = ORIENTED_EDGE('',*,*,#394,.T.);
#2520 = ORIENTED_EDGE('',*,*,#519,.T.);
#2521 = ORIENTED_EDGE('',*,*,#333,.T.);
#2522 = ORIENTED_EDGE('',*,*,#2499,.F.);
#2523 = ADVANCED_FACE('',(#2524,#2527),#506,.T.);
#2524 = FACE_BOUND('',#2525,.T.);
#2525 = EDGE_LOOP('',(#2526));
#2526 = ORIENTED_EDGE('',*,*,#491,.T.);
#2527 = FACE_BOUND('',#2528,.T.);
#2528 = EDGE_LOOP('',(#2529));
#2529 = ORIENTED_EDGE('',*,*,#2530,.T.);
#2530 = EDGE_CURVE('',#2531,#2531,#2533,.T.);
#2531 = VERTEX_POINT('',#2532);
#2532 = CARTESIAN_POINT('',(-3.075,-7.531577814756E-16,32.));
#2533 = SURFACE_CURVE('',#2534,(#2539,#2550),.PCURVE_S1.);
#2534 = CIRCLE('',#2535,3.075);
#2535 = AXIS2_PLACEMENT_3D('',#2536,#2537,#2538);
#2536 = CARTESIAN_POINT('',(0.,0.,32.));
#2537 = DIRECTION('',(0.,0.,-1.));
#2538 = DIRECTION('',(-1.,0.,0.));
#2539 = PCURVE('',#506,#2540);
#2540 = DEFINITIONAL_REPRESENTATION('',(#2541),#2549);
#2541 = ( BOUNDED_CURVE() B_SPLINE_CURVE(2,(#2542,#2543,#2544,#2545,
#2546,#2547,#2548),.UNSPECIFIED.,.T.,.F.) B_SPLINE_CURVE_WITH_KNOTS((1,2
    ,2,2,2,1),(-2.094395102393,0.,2.094395102393,4.188790204786,
6.28318530718,8.377580409573),.UNSPECIFIED.) CURVE() 
GEOMETRIC_REPRESENTATION_ITEM() RATIONAL_B_SPLINE_CURVE((1.,0.5,1.,0.5,
1.,0.5,1.)) REPRESENTATION_ITEM('') );
#2542 = CARTESIAN_POINT('',(-3.075,-2.403571302733E-16));
#2543 = CARTESIAN_POINT('',(-3.075,5.326056233274));
#2544 = CARTESIAN_POINT('',(1.5375,2.663028116637));
#2545 = CARTESIAN_POINT('',(6.15,5.128006512023E-16));
#2546 = CARTESIAN_POINT('',(1.5375,-2.663028116637));
#2547 = CARTESIAN_POINT('',(-3.075,-5.326056233274));
#2548 = CARTESIAN_POINT('',(-3.075,-2.403571302733E-16));
#2549 = ( GEOMETRIC_REPRESENTATION_CONTEXT(2) 
PARAMETRIC_REPRESENTATION_CONTEXT() REPRESENTATION_CONTEXT('2D SPACE',''
  ) );
#2550 = PCURVE('',#2388,#2551);
#2551 = DEFINITIONAL_REPRESENTATION('',(#2552),#2556);
#2552 = LINE('',#2553,#2554);
#2553 = CARTESIAN_POINT('',(0.,0.));
#2554 = VECTOR('',#2555,1.);
#2555 = DIRECTION('',(1.,0.));
#2556 = ( GEOMETRIC_REPRESENTATION_CONTEXT(2) 
PARAMETRIC_REPRESENTATION_CONTEXT() REPRESENTATION_CONTEXT('2D SPACE',''
  ) );
#2557 = ADVANCED_FACE('',(#2558),#215,.F.);
#2558 = FACE_BOUND('',#2559,.F.);
#2559 = EDGE_LOOP('',(#2560,#2581,#2582,#2603,#2625,#2626));
#2560 = ORIENTED_EDGE('',*,*,#2561,.F.);
#2561 = EDGE_CURVE('',#1323,#173,#2562,.T.);
#2562 = SURFACE_CURVE('',#2563,(#2567,#2574),.PCURVE_S1.);
#2563 = LINE('',#2564,#2565);
#2564 = CARTESIAN_POINT('',(-9.,5.1,8.));
#2565 = VECTOR('',#2566,1.);
#2566 = DIRECTION('',(1.,0.,0.));
#2567 = PCURVE('',#215,#2568);
#2568 = DEFINITIONAL_REPRESENTATION('',(#2569),#2573);
#2569 = LINE('',#2570,#2571);
#2570 = CARTESIAN_POINT('',(0.,0.));
#2571 = VECTOR('',#2572,1.);
#2572 = DIRECTION('',(0.,1.));
#2573 = ( GEOMETRIC_REPRESENTATION_CONTEXT(2) 
PARAMETRIC_REPRESENTATION_CONTEXT() REPRESENTATION_CONTEXT('2D SPACE',''
  ) );
#2574 = PCURVE('',#187,#2575);
#2575 = DEFINITIONAL_REPRESENTATION('',(#2576),#2580);
#2576 = LINE('',#2577,#2578);
#2577 = CARTESIAN_POINT('',(0.,2.));
#2578 = VECTOR('',#2579,1.);
#2579 = DIRECTION('',(1.,0.));
#2580 = ( GEOMETRIC_REPRESENTATION_CONTEXT(2) 
PARAMETRIC_REPRESENTATION_CONTEXT() REPRESENTATION_CONTEXT('2D SPACE',''
  ) );
#2581 = ORIENTED_EDGE('',*,*,#1322,.T.);
#2582 = ORIENTED_EDGE('',*,*,#2583,.T.);
#2583 = EDGE_CURVE('',#1130,#2584,#2586,.T.);
#2584 = VERTEX_POINT('',#2585);
#2585 = CARTESIAN_POINT('',(-2.17729763698,1.374772708487,8.));
#2586 = SURFACE_CURVE('',#2587,(#2591,#2597),.PCURVE_S1.);
#2587 = LINE('',#2588,#2589);
#2588 = CARTESIAN_POINT('',(0.,1.374772708487,8.));
#2589 = VECTOR('',#2590,1.);
#2590 = DIRECTION('',(1.,0.,0.));
#2591 = PCURVE('',#215,#2592);
#2592 = DEFINITIONAL_REPRESENTATION('',(#2593),#2596);
#2593 = B_SPLINE_CURVE_WITH_KNOTS('',1,(#2594,#2595),.UNSPECIFIED.,.F.,
  .F.,(2,2),(-10.8,6.E-07),.PIECEWISE_BEZIER_KNOTS.);
#2594 = CARTESIAN_POINT('',(3.725227291513,-1.8));
#2595 = CARTESIAN_POINT('',(3.725227291513,9.0000006));
#2596 = ( GEOMETRIC_REPRESENTATION_CONTEXT(2) 
PARAMETRIC_REPRESENTATION_CONTEXT() REPRESENTATION_CONTEXT('2D SPACE',''
  ) );
#2597 = PCURVE('',#1255,#2598);
#2598 = DEFINITIONAL_REPRESENTATION('',(#2599),#2602);
#2599 = B_SPLINE_CURVE_WITH_KNOTS('',1,(#2600,#2601),.UNSPECIFIED.,.F.,
  .F.,(2,2),(-10.8,6.E-07),.PIECEWISE_BEZIER_KNOTS.);
#2600 = CARTESIAN_POINT('',(0.628874925495,-10.8));
#2601 = CARTESIAN_POINT('',(0.628874925495,6.E-07));
#2602 = ( GEOMETRIC_REPRESENTATION_CONTEXT(2) 
PARAMETRIC_REPRESENTATION_CONTEXT() REPRESENTATION_CONTEXT('2D SPACE',''
  ) );
#2603 = ORIENTED_EDGE('',*,*,#2604,.F.);
#2604 = EDGE_CURVE('',#2013,#2584,#2605,.T.);
#2605 = SURFACE_CURVE('',#2606,(#2611,#2618),.PCURVE_S1.);
#2606 = CIRCLE('',#2607,2.575);
#2607 = AXIS2_PLACEMENT_3D('',#2608,#2609,#2610);
#2608 = CARTESIAN_POINT('',(0.,0.,8.));
#2609 = DIRECTION('',(0.,0.,1.));
#2610 = DIRECTION('',(-1.,0.,0.));
#2611 = PCURVE('',#215,#2612);
#2612 = DEFINITIONAL_REPRESENTATION('',(#2613),#2617);
#2613 = CIRCLE('',#2614,2.575);
#2614 = AXIS2_PLACEMENT_2D('',#2615,#2616);
#2615 = CARTESIAN_POINT('',(5.1,9.));
#2616 = DIRECTION('',(0.,-1.));
#2617 = ( GEOMETRIC_REPRESENTATION_CONTEXT(2) 
PARAMETRIC_REPRESENTATION_CONTEXT() REPRESENTATION_CONTEXT('2D SPACE',''
  ) );
#2618 = PCURVE('',#1994,#2619);
#2619 = DEFINITIONAL_REPRESENTATION('',(#2620),#2624);
#2620 = LINE('',#2621,#2622);
#2621 = CARTESIAN_POINT('',(0.,8.));
#2622 = VECTOR('',#2623,1.);
#2623 = DIRECTION('',(1.,0.));
#2624 = ( GEOMETRIC_REPRESENTATION_CONTEXT(2) 
PARAMETRIC_REPRESENTATION_CONTEXT() REPRESENTATION_CONTEXT('2D SPACE',''
  ) );
#2625 = ORIENTED_EDGE('',*,*,#2152,.F.);
#2626 = ORIENTED_EDGE('',*,*,#198,.F.);
#2627 = ADVANCED_FACE('',(#2628),#187,.T.);
#2628 = FACE_BOUND('',#2629,.T.);
#2629 = EDGE_LOOP('',(#2630,#2631,#2632,#2653));
#2630 = ORIENTED_EDGE('',*,*,#2561,.F.);
#2631 = ORIENTED_EDGE('',*,*,#1346,.T.);
#2632 = ORIENTED_EDGE('',*,*,#2633,.T.);
#2633 = EDGE_CURVE('',#1347,#140,#2634,.T.);
#2634 = SURFACE_CURVE('',#2635,(#2639,#2646),.PCURVE_S1.);
#2635 = LINE('',#2636,#2637);
#2636 = CARTESIAN_POINT('',(-9.,5.1,6.));
#2637 = VECTOR('',#2638,1.);
#2638 = DIRECTION('',(1.,0.,0.));
#2639 = PCURVE('',#187,#2640);
#2640 = DEFINITIONAL_REPRESENTATION('',(#2641),#2645);
#2641 = LINE('',#2642,#2643);
#2642 = CARTESIAN_POINT('',(0.,0.));
#2643 = VECTOR('',#2644,1.);
#2644 = DIRECTION('',(1.,0.));
#2645 = ( GEOMETRIC_REPRESENTATION_CONTEXT(2) 
PARAMETRIC_REPRESENTATION_CONTEXT() REPRESENTATION_CONTEXT('2D SPACE',''
  ) );
#2646 = PCURVE('',#156,#2647);
#2647 = DEFINITIONAL_REPRESENTATION('',(#2648),#2652);
#2648 = LINE('',#2649,#2650);
#2649 = CARTESIAN_POINT('',(0.,0.));
#2650 = VECTOR('',#2651,1.);
#2651 = DIRECTION('',(0.,1.));
#2652 = ( GEOMETRIC_REPRESENTATION_CONTEXT(2) 
PARAMETRIC_REPRESENTATION_CONTEXT() REPRESENTATION_CONTEXT('2D SPACE',''
  ) );
#2653 = ORIENTED_EDGE('',*,*,#172,.F.);
#2654 = ADVANCED_FACE('',(#2655),#156,.T.);
#2655 = FACE_BOUND('',#2656,.T.);
#2656 = EDGE_LOOP('',(#2657,#2658,#2659,#2680,#2702,#2703));
#2657 = ORIENTED_EDGE('',*,*,#2633,.F.);
#2658 = ORIENTED_EDGE('',*,*,#1367,.F.);
#2659 = ORIENTED_EDGE('',*,*,#2660,.T.);
#2660 = EDGE_CURVE('',#1368,#2661,#2663,.T.);
#2661 = VERTEX_POINT('',#2662);
#2662 = CARTESIAN_POINT('',(-2.17729763698,1.374772708487,6.));
#2663 = SURFACE_CURVE('',#2664,(#2668,#2674),.PCURVE_S1.);
#2664 = LINE('',#2665,#2666);
#2665 = CARTESIAN_POINT('',(0.,1.374772708487,6.));
#2666 = VECTOR('',#2667,1.);
#2667 = DIRECTION('',(1.,0.,0.));
#2668 = PCURVE('',#156,#2669);
#2669 = DEFINITIONAL_REPRESENTATION('',(#2670),#2673);
#2670 = B_SPLINE_CURVE_WITH_KNOTS('',1,(#2671,#2672),.UNSPECIFIED.,.F.,
  .F.,(2,2),(-10.8,6.E-07),.PIECEWISE_BEZIER_KNOTS.);
#2671 = CARTESIAN_POINT('',(3.725227291513,-1.8));
#2672 = CARTESIAN_POINT('',(3.725227291513,9.0000006));
#2673 = ( GEOMETRIC_REPRESENTATION_CONTEXT(2) 
PARAMETRIC_REPRESENTATION_CONTEXT() REPRESENTATION_CONTEXT('2D SPACE',''
  ) );
#2674 = PCURVE('',#1521,#2675);
#2675 = DEFINITIONAL_REPRESENTATION('',(#2676),#2679);
#2676 = B_SPLINE_CURVE_WITH_KNOTS('',1,(#2677,#2678),.UNSPECIFIED.,.F.,
  .F.,(2,2),(-10.8,6.E-07),.PIECEWISE_BEZIER_KNOTS.);
#2677 = CARTESIAN_POINT('',(5.654310381685,-10.8));
#2678 = CARTESIAN_POINT('',(5.654310381685,6.E-07));
#2679 = ( GEOMETRIC_REPRESENTATION_CONTEXT(2) 
PARAMETRIC_REPRESENTATION_CONTEXT() REPRESENTATION_CONTEXT('2D SPACE',''
  ) );
#2680 = ORIENTED_EDGE('',*,*,#2681,.F.);
#2681 = EDGE_CURVE('',#1676,#2661,#2682,.T.);
#2682 = SURFACE_CURVE('',#2683,(#2688,#2695),.PCURVE_S1.);
#2683 = CIRCLE('',#2684,2.575);
#2684 = AXIS2_PLACEMENT_3D('',#2685,#2686,#2687);
#2685 = CARTESIAN_POINT('',(0.,0.,6.));
#2686 = DIRECTION('',(0.,0.,1.));
#2687 = DIRECTION('',(-1.,0.,0.));
#2688 = PCURVE('',#156,#2689);
#2689 = DEFINITIONAL_REPRESENTATION('',(#2690),#2694);
#2690 = CIRCLE('',#2691,2.575);
#2691 = AXIS2_PLACEMENT_2D('',#2692,#2693);
#2692 = CARTESIAN_POINT('',(5.1,9.));
#2693 = DIRECTION('',(0.,-1.));
#2694 = ( GEOMETRIC_REPRESENTATION_CONTEXT(2) 
PARAMETRIC_REPRESENTATION_CONTEXT() REPRESENTATION_CONTEXT('2D SPACE',''
  ) );
#2695 = PCURVE('',#1637,#2696);
#2696 = DEFINITIONAL_REPRESENTATION('',(#2697),#2701);
#2697 = LINE('',#2698,#2699);
#2698 = CARTESIAN_POINT('',(0.,6.));
#2699 = VECTOR('',#2700,1.);
#2700 = DIRECTION('',(1.,0.));
#2701 = ( GEOMETRIC_REPRESENTATION_CONTEXT(2) 
PARAMETRIC_REPRESENTATION_CONTEXT() REPRESENTATION_CONTEXT('2D SPACE',''
  ) );
#2702 = ORIENTED_EDGE('',*,*,#1675,.F.);
#2703 = ORIENTED_EDGE('',*,*,#139,.F.);
#2704 = ADVANCED_FACE('',(#2705),#1013,.F.);
#2705 = FACE_BOUND('',#2706,.F.);
#2706 = EDGE_LOOP('',(#2707,#2804,#2825,#2826,#2827,#2922));
#2707 = ORIENTED_EDGE('',*,*,#2708,.F.);
#2708 = EDGE_CURVE('',#2709,#2711,#2713,.T.);
#2709 = VERTEX_POINT('',#2710);
#2710 = CARTESIAN_POINT('',(-2.562347556441,1.7,25.));
#2711 = VERTEX_POINT('',#2712);
#2712 = CARTESIAN_POINT('',(-3.075,-7.531577814756E-16,26.7));
#2713 = SURFACE_CURVE('',#2714,(#2742,#2773),.PCURVE_S1.);
#2714 = B_SPLINE_CURVE_WITH_KNOTS('',6,(#2715,#2716,#2717,#2718,#2719,
    #2720,#2721,#2722,#2723,#2724,#2725,#2726,#2727,#2728,#2729,#2730,
    #2731,#2732,#2733,#2734,#2735,#2736,#2737,#2738,#2739,#2740,#2741),
  .UNSPECIFIED.,.F.,.F.,(7,5,5,5,5,7),(0.,0.196541426088,0.385223490074,
    0.576415179047,0.75357965119,1.),.UNSPECIFIED.);
#2715 = CARTESIAN_POINT('',(-2.562347556441,1.7,25.));
#2716 = CARTESIAN_POINT('',(-2.562347556441,1.7,25.080356626857));
#2717 = CARTESIAN_POINT('',(-2.565371149066,1.695441901486,
    25.160669304798));
#2718 = CARTESIAN_POINT('',(-2.571414276788,1.68633542748,
    25.240657046419));
#2719 = CARTESIAN_POINT('',(-2.580369162297,1.672703919483,
    25.320025383461));
#2720 = CARTESIAN_POINT('',(-2.592034007957,1.654596414217,
    25.398466267103));
#2721 = CARTESIAN_POINT('',(-2.619647999582,1.610502631599,
    25.54976290268));
#2722 = CARTESIAN_POINT('',(-2.635407857736,1.584860008248,
    25.622718359004));
#2723 = CARTESIAN_POINT('',(-2.653174752434,1.555210786462,
    25.694368996505));
#2724 = CARTESIAN_POINT('',(-2.672680490027,1.521580251663,
    25.764538471981));
#2725 = CARTESIAN_POINT('',(-2.693624588014,1.483988788792,
    25.833028030717));
#2726 = CARTESIAN_POINT('',(-2.738034127397,1.400380118001,
    25.967087826394));
#2727 = CARTESIAN_POINT('',(-2.761536083232,1.354245102557,
    26.032627506451));
#2728 = CARTESIAN_POINT('',(-2.785878367454,1.304025915739,
    26.096077788182));
#2729 = CARTESIAN_POINT('',(-2.810728792744,1.249676782309,
    26.157231068873));
#2730 = CARTESIAN_POINT('',(-2.835730376432,1.191139922051,
    26.215826025877));
#2731 = CARTESIAN_POINT('',(-2.883449588013,1.070166129455,
    26.323176312644));
#2732 = CARTESIAN_POINT('',(-2.906214781202,1.00829322468,
    26.372370956339));
#2733 = CARTESIAN_POINT('',(-2.928471120233,0.942710697871,
    26.418831601398));
#2734 = CARTESIAN_POINT('',(-2.949869618901,0.873417789204,
    26.462220086505));
#2735 = CARTESIAN_POINT('',(-2.970040012035,0.800438153221,
    26.502154479661));
#2736 = CARTESIAN_POINT('',(-3.014404408504,0.617262288714,
    26.588350498678));
#2737 = CARTESIAN_POINT('',(-3.037272346786,0.50291346488,
    26.631338596613));
#2738 = CARTESIAN_POINT('',(-3.055713653632,0.382220941961,
    26.66511347898));
#2739 = CARTESIAN_POINT('',(-3.068520381958,0.256906787614,
    26.688279755249));
#2740 = CARTESIAN_POINT('',(-3.075,0.1288551415,26.7));
#2741 = CARTESIAN_POINT('',(-3.075,2.602374448188E-16,26.7));
#2742 = PCURVE('',#1013,#2743);
#2743 = DEFINITIONAL_REPRESENTATION('',(#2744),#2772);
#2744 = B_SPLINE_CURVE_WITH_KNOTS('',6,(#2745,#2746,#2747,#2748,#2749,
    #2750,#2751,#2752,#2753,#2754,#2755,#2756,#2757,#2758,#2759,#2760,
    #2761,#2762,#2763,#2764,#2765,#2766,#2767,#2768,#2769,#2770,#2771),
  .UNSPECIFIED.,.F.,.F.,(7,5,5,5,5,7),(0.,0.196541426088,0.385223490074,
    0.576415179047,0.75357965119,1.),.UNSPECIFIED.);
#2745 = CARTESIAN_POINT('',(0.,-2.562347556441));
#2746 = CARTESIAN_POINT('',(4.726860403328E-02,-2.562347556441));
#2747 = CARTESIAN_POINT('',(9.451144990171E-02,-2.565371149066));
#2748 = CARTESIAN_POINT('',(0.141752909584,-2.571414276788));
#2749 = CARTESIAN_POINT('',(0.189009671646,-2.580369162297));
#2750 = CARTESIAN_POINT('',(0.236288590779,-2.592034007957));
#2751 = CARTESIAN_POINT('',(0.328989198278,-2.619647999582));
#2752 = CARTESIAN_POINT('',(0.374410586538,-2.635407857736));
#2753 = CARTESIAN_POINT('',(0.419922858087,-2.653174752434));
#2754 = CARTESIAN_POINT('',(0.465591805973,-2.672680490027));
#2755 = CARTESIAN_POINT('',(0.511478042316,-2.693624588014));
#2756 = CARTESIAN_POINT('',(0.60441631228,-2.738034127397));
#2757 = CARTESIAN_POINT('',(0.6514896565,-2.761536083232));
#2758 = CARTESIAN_POINT('',(0.698975930978,-2.785878367454));
#2759 = CARTESIAN_POINT('',(0.746981303198,-2.810728792744));
#2760 = CARTESIAN_POINT('',(0.79561383246,-2.835730376432));
#2761 = CARTESIAN_POINT('',(0.890753035817,-2.883449588013));
#2762 = CARTESIAN_POINT('',(0.937183032051,-2.906214781202));
#2763 = CARTESIAN_POINT('',(0.98435053534,-2.928471120233));
#2764 = CARTESIAN_POINT('',(1.032320904731,-2.949869618901));
#2765 = CARTESIAN_POINT('',(1.081166399593,-2.970040012035));
#2766 = CARTESIAN_POINT('',(1.200250492227,-3.014404408504));
#2767 = CARTESIAN_POINT('',(1.271879434759,-3.037272346786));
#2768 = CARTESIAN_POINT('',(1.345176235955,-3.055713653632));
#2769 = CARTESIAN_POINT('',(1.419674781664,-3.068520381958));
#2770 = CARTESIAN_POINT('',(1.494999184736,-3.075));
#2771 = CARTESIAN_POINT('',(1.570796326795,-3.075));
#2772 = ( GEOMETRIC_REPRESENTATION_CONTEXT(2) 
PARAMETRIC_REPRESENTATION_CONTEXT() REPRESENTATION_CONTEXT('2D SPACE',''
  ) );
#2773 = PCURVE('',#2388,#2774);
#2774 = DEFINITIONAL_REPRESENTATION('',(#2775),#2803);
#2775 = B_SPLINE_CURVE_WITH_KNOTS('',6,(#2776,#2777,#2778,#2779,#2780,
    #2781,#2782,#2783,#2784,#2785,#2786,#2787,#2788,#2789,#2790,#2791,
    #2792,#2793,#2794,#2795,#2796,#2797,#2798,#2799,#2800,#2801,#2802),
  .UNSPECIFIED.,.F.,.F.,(7,5,5,5,5,7),(0.,0.196541426088,0.385223490074,
    0.576415179047,0.75357965119,1.),.UNSPECIFIED.);
#2776 = CARTESIAN_POINT('',(0.5857752222,7.));
#2777 = CARTESIAN_POINT('',(0.5857752222,6.919643373143));
#2778 = CARTESIAN_POINT('',(0.583996471416,6.839330695202));
#2779 = CARTESIAN_POINT('',(0.580442156316,6.759342953581));
#2780 = CARTESIAN_POINT('',(0.575138351879,6.679974616539));
#2781 = CARTESIAN_POINT('',(0.568134173096,6.601533732897));
#2782 = CARTESIAN_POINT('',(0.551214868914,6.45023709732));
#2783 = CARTESIAN_POINT('',(0.541427100458,6.377281640996));
#2784 = CARTESIAN_POINT('',(0.530187588887,6.305631003495));
#2785 = CARTESIAN_POINT('',(0.517546749385,6.235461528019));
#2786 = CARTESIAN_POINT('',(0.50355534122,6.166971969283));
#2787 = CARTESIAN_POINT('',(0.472767991893,6.032912173606));
#2788 = CARTESIAN_POINT('',(0.455932662276,5.967372493549));
#2789 = CARTESIAN_POINT('',(0.437789401746,5.903922211818));
#2790 = CARTESIAN_POINT('',(0.418363377867,5.842768931127));
#2791 = CARTESIAN_POINT('',(0.397671433225,5.784173974123));
#2792 = CARTESIAN_POINT('',(0.355380276757,5.676823687356));
#2793 = CARTESIAN_POINT('',(0.333945999295,5.627629043661));
#2794 = CARTESIAN_POINT('',(0.311435082982,5.581168398602));
#2795 = CARTESIAN_POINT('',(0.287865611835,5.537779913495));
#2796 = CARTESIAN_POINT('',(0.26325524541,5.497845520339));
#2797 = CARTESIAN_POINT('',(0.201963622445,5.411649501322));
#2798 = CARTESIAN_POINT('',(0.164071319892,5.368661403387));
#2799 = CARTESIAN_POINT('',(0.124431649808,5.33488652102));
#2800 = CARTESIAN_POINT('',(8.354699693938E-02,5.311720244751));
#2801 = CARTESIAN_POINT('',(4.190411105695E-02,5.3));
#2802 = CARTESIAN_POINT('',(0.,5.3));
#2803 = ( GEOMETRIC_REPRESENTATION_CONTEXT(2) 
PARAMETRIC_REPRESENTATION_CONTEXT() REPRESENTATION_CONTEXT('2D SPACE',''
  ) );
#2804 = ORIENTED_EDGE('',*,*,#2805,.T.);
#2805 = EDGE_CURVE('',#2709,#888,#2806,.T.);
#2806 = SEAM_CURVE('',#2807,(#2811,#2818),.PCURVE_S1.);
#2807 = LINE('',#2808,#2809);
#2808 = CARTESIAN_POINT('',(0.,1.7,25.));
#2809 = VECTOR('',#2810,1.);
#2810 = DIRECTION('',(-1.,-0.,-0.));
#2811 = PCURVE('',#1013,#2812);
#2812 = DEFINITIONAL_REPRESENTATION('',(#2813),#2817);
#2813 = LINE('',#2814,#2815);
#2814 = CARTESIAN_POINT('',(6.28318530718,0.));
#2815 = VECTOR('',#2816,1.);
#2816 = DIRECTION('',(0.,-1.));
#2817 = ( GEOMETRIC_REPRESENTATION_CONTEXT(2) 
PARAMETRIC_REPRESENTATION_CONTEXT() REPRESENTATION_CONTEXT('2D SPACE',''
  ) );
#2818 = PCURVE('',#1013,#2819);
#2819 = DEFINITIONAL_REPRESENTATION('',(#2820),#2824);
#2820 = LINE('',#2821,#2822);
#2821 = CARTESIAN_POINT('',(0.,0.));
#2822 = VECTOR('',#2823,1.);
#2823 = DIRECTION('',(0.,-1.));
#2824 = ( GEOMETRIC_REPRESENTATION_CONTEXT(2) 
PARAMETRIC_REPRESENTATION_CONTEXT() REPRESENTATION_CONTEXT('2D SPACE',''
  ) );
#2825 = ORIENTED_EDGE('',*,*,#887,.T.);
#2826 = ORIENTED_EDGE('',*,*,#2805,.F.);
#2827 = ORIENTED_EDGE('',*,*,#2828,.F.);
#2828 = EDGE_CURVE('',#2829,#2709,#2831,.T.);
#2829 = VERTEX_POINT('',#2830);
#2830 = CARTESIAN_POINT('',(-3.075,-7.531577814756E-16,23.3));
#2831 = SURFACE_CURVE('',#2832,(#2860,#2891),.PCURVE_S1.);
#2832 = B_SPLINE_CURVE_WITH_KNOTS('',6,(#2833,#2834,#2835,#2836,#2837,
    #2838,#2839,#2840,#2841,#2842,#2843,#2844,#2845,#2846,#2847,#2848,
    #2849,#2850,#2851,#2852,#2853,#2854,#2855,#2856,#2857,#2858,#2859),
  .UNSPECIFIED.,.F.,.F.,(7,5,5,5,5,7),(0.,0.246440878874,0.421300372263,
    0.614879878093,0.804439350407,1.),.UNSPECIFIED.);
#2833 = CARTESIAN_POINT('',(-3.075,-1.561424668913E-16,23.3));
#2834 = CARTESIAN_POINT('',(-3.075,0.128862956987,23.3));
#2835 = CARTESIAN_POINT('',(-3.068519592098,0.256911758226,23.3117216653
    ));
#2836 = CARTESIAN_POINT('',(-3.05571332253,0.382217835801,
    23.334887139191));
#2837 = CARTESIAN_POINT('',(-3.037273860953,0.502902987594,
    23.36865875083));
#2838 = CARTESIAN_POINT('',(-3.014407118699,0.617251098608,
    23.411644235658));
#2839 = CARTESIAN_POINT('',(-2.970281027974,0.799443024099,
    23.497377248119));
#2840 = CARTESIAN_POINT('',(-2.950392851465,0.871523298921,
    23.536744101829));
#2841 = CARTESIAN_POINT('',(-2.929303010969,0.940013163896,
    23.579482054494));
#2842 = CARTESIAN_POINT('',(-2.907368144368,1.004888248226,
    23.625222633228));
#2843 = CARTESIAN_POINT('',(-2.88492487352,1.066147703298,
    23.673638502399));
#2844 = CARTESIAN_POINT('',(-2.837221901425,1.18764471575,
    23.780681348921));
#2845 = CARTESIAN_POINT('',(-2.811900268069,1.247116003116,
    23.839886187246));
#2846 = CARTESIAN_POINT('',(-2.786720647857,1.302291872438,
    23.901723138237));
#2847 = CARTESIAN_POINT('',(-2.76205419101,1.353232620234,23.9659195972)
  );
#2848 = CARTESIAN_POINT('',(-2.738245888544,1.399986075248,
    24.032259655385));
#2849 = CARTESIAN_POINT('',(-2.693459137213,1.484295727301,
    24.167484451946));
#2850 = CARTESIAN_POINT('',(-2.672425597098,1.522034965545,
    24.236307859936));
#2851 = CARTESIAN_POINT('',(-2.652846003579,1.555776008976,
    24.306825724456));
#2852 = CARTESIAN_POINT('',(-2.635025034804,1.585498019464,
    24.378836309438));
#2853 = CARTESIAN_POINT('',(-2.619234362179,1.611175246365,
    24.452160673243));
#2854 = CARTESIAN_POINT('',(-2.591745359337,1.655044432825,
    24.60347973715));
#2855 = CARTESIAN_POINT('',(-2.580191914181,1.672973703046,
    24.681549466921));
#2856 = CARTESIAN_POINT('',(-2.571324538078,1.686470650429,
    24.760533399914));
#2857 = CARTESIAN_POINT('',(-2.565341196739,1.695487067899,
    24.84012787071));
#2858 = CARTESIAN_POINT('',(-2.562347556441,1.7,24.92004247923));
#2859 = CARTESIAN_POINT('',(-2.562347556441,1.7,25.));
#2860 = PCURVE('',#1013,#2861);
#2861 = DEFINITIONAL_REPRESENTATION('',(#2862),#2890);
#2862 = B_SPLINE_CURVE_WITH_KNOTS('',6,(#2863,#2864,#2865,#2866,#2867,
    #2868,#2869,#2870,#2871,#2872,#2873,#2874,#2875,#2876,#2877,#2878,
    #2879,#2880,#2881,#2882,#2883,#2884,#2885,#2886,#2887,#2888,#2889),
  .UNSPECIFIED.,.F.,.F.,(7,5,5,5,5,7),(0.,0.246440878874,0.421300372263,
    0.614879878093,0.804439350407,1.),.UNSPECIFIED.);
#2863 = CARTESIAN_POINT('',(4.712388980385,-3.075));
#2864 = CARTESIAN_POINT('',(4.788190719789,-3.075));
#2865 = CARTESIAN_POINT('',(4.863513447021,-3.068519592098));
#2866 = CARTESIAN_POINT('',(4.938007391398,-3.05571332253));
#2867 = CARTESIAN_POINT('',(5.011299626345,-3.037273860953));
#2868 = CARTESIAN_POINT('',(5.082927540176,-3.014407118699));
#2869 = CARTESIAN_POINT('',(5.201371966196,-2.970281027974));
#2870 = CARTESIAN_POINT('',(5.249596622965,-2.950392851465));
#2871 = CARTESIAN_POINT('',(5.296968108882,-2.929303010969));
#2872 = CARTESIAN_POINT('',(5.343555279678,-2.907368144368));
#2873 = CARTESIAN_POINT('',(5.389420345914,-2.88492487352));
#2874 = CARTESIAN_POINT('',(5.484670326662,-2.837221901425));
#2875 = CARTESIAN_POINT('',(5.533941708126,-2.811900268069));
#2876 = CARTESIAN_POINT('',(5.582566095773,-2.786720647857));
#2877 = CARTESIAN_POINT('',(5.630655679767,-2.76205419101));
#2878 = CARTESIAN_POINT('',(5.678320648906,-2.738245888544));
#2879 = CARTESIAN_POINT('',(5.772058601828,-2.693459137213));
#2880 = CARTESIAN_POINT('',(5.818157820454,-2.672425597098));
#2881 = CARTESIAN_POINT('',(5.864038242645,-2.652846003579));
#2882 = CARTESIAN_POINT('',(5.909761138752,-2.635025034804));
#2883 = CARTESIAN_POINT('',(5.95539308914,-2.619234362179));
#2884 = CARTESIAN_POINT('',(6.048069489017,-2.591745359337));
#2885 = CARTESIAN_POINT('',(6.095113259867,-2.580191914181));
#2886 = CARTESIAN_POINT('',(6.142135473402,-2.571324538078));
#2887 = CARTESIAN_POINT('',(6.18914278711,-2.565341196739));
#2888 = CARTESIAN_POINT('',(6.236151471433,-2.562347556441));
#2889 = CARTESIAN_POINT('',(6.28318530718,-2.562347556441));
#2890 = ( GEOMETRIC_REPRESENTATION_CONTEXT(2) 
PARAMETRIC_REPRESENTATION_CONTEXT() REPRESENTATION_CONTEXT('2D SPACE',''
  ) );
#2891 = PCURVE('',#2388,#2892);
#2892 = DEFINITIONAL_REPRESENTATION('',(#2893),#2921);
#2893 = B_SPLINE_CURVE_WITH_KNOTS('',6,(#2894,#2895,#2896,#2897,#2898,
    #2899,#2900,#2901,#2902,#2903,#2904,#2905,#2906,#2907,#2908,#2909,
    #2910,#2911,#2912,#2913,#2914,#2915,#2916,#2917,#2918,#2919,#2920),
  .UNSPECIFIED.,.F.,.F.,(7,5,5,5,5,7),(0.,0.246440878874,0.421300372263,
    0.614879878093,0.804439350407,1.),.UNSPECIFIED.);
#2894 = CARTESIAN_POINT('',(0.,8.7));
#2895 = CARTESIAN_POINT('',(4.190665267859E-02,8.7));
#2896 = CARTESIAN_POINT('',(8.354861511568E-02,8.6882783347));
#2897 = CARTESIAN_POINT('',(0.124430660823,8.665112860809));
#2898 = CARTESIAN_POINT('',(0.164067896505,8.63134124917));
#2899 = CARTESIAN_POINT('',(0.201959878176,8.588355764342));
#2900 = CARTESIAN_POINT('',(0.262922269889,8.502622751881));
#2901 = CARTESIAN_POINT('',(0.287226775765,8.463255898171));
#2902 = CARTESIAN_POINT('',(0.310517638734,8.420517945506));
#2903 = CARTESIAN_POINT('',(0.332777474238,8.374777366772));
#2904 = CARTESIAN_POINT('',(0.353988556355,8.326361497601));
#2905 = CARTESIAN_POINT('',(0.396436111902,8.219318651079));
#2906 = CARTESIAN_POINT('',(0.417448010322,8.160113812754));
#2907 = CARTESIAN_POINT('',(0.437162681253,8.098276861763));
#2908 = CARTESIAN_POINT('',(0.455562851365,8.0340804028));
#2909 = CARTESIAN_POINT('',(0.472622517391,7.967740344615));
#2910 = CARTESIAN_POINT('',(0.503668734465,7.832515548054));
#2911 = CARTESIAN_POINT('',(0.517716241348,7.763692140064));
#2912 = CARTESIAN_POINT('',(0.530400194251,7.693174275544));
#2913 = CARTESIAN_POINT('',(0.54166904486,7.621163690562));
#2914 = CARTESIAN_POINT('',(0.551471648508,7.547839326757));
#2915 = CARTESIAN_POINT('',(0.56830747708,7.39652026285));
#2916 = CARTESIAN_POINT('',(0.575243324887,7.318450533079));
#2917 = CARTESIAN_POINT('',(0.580494935716,7.239466600086));
#2918 = CARTESIAN_POINT('',(0.584014094986,7.15987212929));
#2919 = CARTESIAN_POINT('',(0.5857752222,7.07995752077));
#2920 = CARTESIAN_POINT('',(0.5857752222,7.));
#2921 = ( GEOMETRIC_REPRESENTATION_CONTEXT(2) 
PARAMETRIC_REPRESENTATION_CONTEXT() REPRESENTATION_CONTEXT('2D SPACE',''
  ) );
#2922 = ORIENTED_EDGE('',*,*,#2923,.F.);
#2923 = EDGE_CURVE('',#2711,#2829,#2924,.T.);
#2924 = SURFACE_CURVE('',#2925,(#2978,#3034),.PCURVE_S1.);
#2925 = B_SPLINE_CURVE_WITH_KNOTS('',6,(#2926,#2927,#2928,#2929,#2930,
    #2931,#2932,#2933,#2934,#2935,#2936,#2937,#2938,#2939,#2940,#2941,
    #2942,#2943,#2944,#2945,#2946,#2947,#2948,#2949,#2950,#2951,#2952,
    #2953,#2954,#2955,#2956,#2957,#2958,#2959,#2960,#2961,#2962,#2963,
    #2964,#2965,#2966,#2967,#2968,#2969,#2970,#2971,#2972,#2973,#2974,
    #2975,#2976,#2977),.UNSPECIFIED.,.F.,.F.,(7,5,5,5,5,5,5,5,5,5,7),(0.
    ,0.123212825288,0.210637169438,0.307420941418,0.402194820846,
    0.499969103497,0.598231424184,0.692564399415,0.823641936572,
    0.876746935223,1.),.UNSPECIFIED.);
#2926 = CARTESIAN_POINT('',(-3.075,-2.22044604925E-16,26.7));
#2927 = CARTESIAN_POINT('',(-3.075,-0.128862956987,26.7));
#2928 = CARTESIAN_POINT('',(-3.068519592098,-0.256911758226,
    26.6882783347));
#2929 = CARTESIAN_POINT('',(-3.05571332253,-0.382217835801,
    26.665112860809));
#2930 = CARTESIAN_POINT('',(-3.037273860953,-0.502902987594,
    26.63134124917));
#2931 = CARTESIAN_POINT('',(-3.014407118699,-0.617251098608,
    26.588355764342));
#2932 = CARTESIAN_POINT('',(-2.970281027975,-0.799443024093,
    26.502622751883));
#2933 = CARTESIAN_POINT('',(-2.950392851465,-0.871523298923,
    26.463255898171));
#2934 = CARTESIAN_POINT('',(-2.929303010967,-0.940013163901,
    26.420517945503));
#2935 = CARTESIAN_POINT('',(-2.907368144368,-1.004888248227,
    26.374777366771));
#2936 = CARTESIAN_POINT('',(-2.884924873522,-1.066147703294,
    26.326361497604));
#2937 = CARTESIAN_POINT('',(-2.837221901425,-1.18764471575,
    26.219318651079));
#2938 = CARTESIAN_POINT('',(-2.811900268069,-1.247116003116,
    26.160113812754));
#2939 = CARTESIAN_POINT('',(-2.786720647857,-1.302291872438,
    26.098276861763));
#2940 = CARTESIAN_POINT('',(-2.76205419101,-1.353232620234,26.0340804028
    ));
#2941 = CARTESIAN_POINT('',(-2.738245888544,-1.399986075248,
    25.967740344615));
#2942 = CARTESIAN_POINT('',(-2.693459137213,-1.484295727301,
    25.832515548054));
#2943 = CARTESIAN_POINT('',(-2.672425597098,-1.522034965545,
    25.763692140064));
#2944 = CARTESIAN_POINT('',(-2.652846003579,-1.555776008976,
    25.693174275544));
#2945 = CARTESIAN_POINT('',(-2.635025034804,-1.585498019464,
    25.621163690562));
#2946 = CARTESIAN_POINT('',(-2.619234362179,-1.611175246365,
    25.547839326757));
#2947 = CARTESIAN_POINT('',(-2.591745359337,-1.655044432825,
    25.39652026285));
#2948 = CARTESIAN_POINT('',(-2.580191914181,-1.672973703046,
    25.318450533079));
#2949 = CARTESIAN_POINT('',(-2.571324538078,-1.686470650429,
    25.239466600086));
#2950 = CARTESIAN_POINT('',(-2.565341196739,-1.695487067899,
    25.15987212929));
#2951 = CARTESIAN_POINT('',(-2.562347556441,-1.7,25.079957520769));
#2952 = CARTESIAN_POINT('',(-2.562347556441,-1.7,24.919643373143));
#2953 = CARTESIAN_POINT('',(-2.565371149066,-1.695441901486,
    24.839330695202));
#2954 = CARTESIAN_POINT('',(-2.571414276788,-1.68633542748,
    24.759342953581));
#2955 = CARTESIAN_POINT('',(-2.580369162297,-1.672703919483,
    24.679974616539));
#2956 = CARTESIAN_POINT('',(-2.592034007957,-1.654596414217,
    24.601533732897));
#2957 = CARTESIAN_POINT('',(-2.619647999582,-1.610502631599,
    24.45023709732));
#2958 = CARTESIAN_POINT('',(-2.635407857736,-1.584860008248,
    24.377281640996));
#2959 = CARTESIAN_POINT('',(-2.653174752434,-1.555210786462,
    24.305631003495));
#2960 = CARTESIAN_POINT('',(-2.672680490027,-1.521580251663,
    24.235461528019));
#2961 = CARTESIAN_POINT('',(-2.693624588014,-1.483988788792,
    24.166971969283));
#2962 = CARTESIAN_POINT('',(-2.746332793898,-1.384756437028,
    24.007860854656));
#2963 = CARTESIAN_POINT('',(-2.779144938801,-1.319430021901,
    23.918976202127));
#2964 = CARTESIAN_POINT('',(-2.813316416568,-1.246414682185,
    23.8341382662));
#2965 = CARTESIAN_POINT('',(-2.847979561309,-1.165553151506,
    23.753908134636));
#2966 = CARTESIAN_POINT('',(-2.882167500912,-1.07666834076,
    23.679060164966));
#2967 = CARTESIAN_POINT('',(-2.927992599035,-0.940321433542,
    23.582922216842));
#2968 = CARTESIAN_POINT('',(-2.940948316897,-0.899666774487,
    23.55625518923));
#2969 = CARTESIAN_POINT('',(-2.953568182129,-0.857676750064,
    23.530721489759));
#2970 = CARTESIAN_POINT('',(-2.965771410327,-0.814362264489,
    23.506406390089));
#2971 = CARTESIAN_POINT('',(-2.977475340188,-0.769738475762,
    23.483399348682));
#2972 = CARTESIAN_POINT('',(-3.014404408504,-0.617262288714,
    23.411649501322));
#2973 = CARTESIAN_POINT('',(-3.037272346786,-0.50291346488,
    23.368661403387));
#2974 = CARTESIAN_POINT('',(-3.055713653632,-0.382220941961,
    23.33488652102));
#2975 = CARTESIAN_POINT('',(-3.068520381958,-0.256906787614,
    23.311720244751));
#2976 = CARTESIAN_POINT('',(-3.075,-0.1288551415,23.3));
#2977 = CARTESIAN_POINT('',(-3.075,-4.440892098501E-16,23.3));
#2978 = PCURVE('',#1013,#2979);
#2979 = DEFINITIONAL_REPRESENTATION('',(#2980),#3033);
#2980 = B_SPLINE_CURVE_WITH_KNOTS('',6,(#2981,#2982,#2983,#2984,#2985,
    #2986,#2987,#2988,#2989,#2990,#2991,#2992,#2993,#2994,#2995,#2996,
    #2997,#2998,#2999,#3000,#3001,#3002,#3003,#3004,#3005,#3006,#3007,
    #3008,#3009,#3010,#3011,#3012,#3013,#3014,#3015,#3016,#3017,#3018,
    #3019,#3020,#3021,#3022,#3023,#3024,#3025,#3026,#3027,#3028,#3029,
    #3030,#3031,#3032),.UNSPECIFIED.,.F.,.F.,(7,5,5,5,5,5,5,5,5,5,7),(0.
    ,0.123212825288,0.210637169438,0.307420941418,0.402194820846,
    0.499969103497,0.598231424184,0.692564399415,0.823641936572,
    0.876746935223,1.),.UNSPECIFIED.);
#2981 = CARTESIAN_POINT('',(1.570796326795,-3.075));
#2982 = CARTESIAN_POINT('',(1.646598066199,-3.075));
#2983 = CARTESIAN_POINT('',(1.721920793431,-3.068519592098));
#2984 = CARTESIAN_POINT('',(1.796414737808,-3.05571332253));
#2985 = CARTESIAN_POINT('',(1.869706972755,-3.037273860953));
#2986 = CARTESIAN_POINT('',(1.941334886586,-3.014407118699));
#2987 = CARTESIAN_POINT('',(2.059779312602,-2.970281027975));
#2988 = CARTESIAN_POINT('',(2.108003969376,-2.950392851465));
#2989 = CARTESIAN_POINT('',(2.155375455295,-2.929303010967));
#2990 = CARTESIAN_POINT('',(2.201962626089,-2.907368144368));
#2991 = CARTESIAN_POINT('',(2.24782769232,-2.884924873522));
#2992 = CARTESIAN_POINT('',(2.343077673072,-2.837221901425));
#2993 = CARTESIAN_POINT('',(2.392349054536,-2.811900268069));
#2994 = CARTESIAN_POINT('',(2.440973442183,-2.786720647857));
#2995 = CARTESIAN_POINT('',(2.489063026177,-2.76205419101));
#2996 = CARTESIAN_POINT('',(2.536727995316,-2.738245888544));
#2997 = CARTESIAN_POINT('',(2.630465948238,-2.693459137213));
#2998 = CARTESIAN_POINT('',(2.676565166864,-2.672425597098));
#2999 = CARTESIAN_POINT('',(2.722445589056,-2.652846003579));
#3000 = CARTESIAN_POINT('',(2.768168485162,-2.635025034804));
#3001 = CARTESIAN_POINT('',(2.81380043555,-2.619234362179));
#3002 = CARTESIAN_POINT('',(2.906476835427,-2.591745359337));
#3003 = CARTESIAN_POINT('',(2.953520606278,-2.580191914181));
#3004 = CARTESIAN_POINT('',(3.000542819812,-2.571324538078));
#3005 = CARTESIAN_POINT('',(3.04755013352,-2.565341196739));
#3006 = CARTESIAN_POINT('',(3.094558817843,-2.562347556441));
#3007 = CARTESIAN_POINT('',(3.188861257623,-2.562347556441));
#3008 = CARTESIAN_POINT('',(3.236104103491,-2.565371149066));
#3009 = CARTESIAN_POINT('',(3.283345563173,-2.571414276788));
#3010 = CARTESIAN_POINT('',(3.330602325236,-2.580369162297));
#3011 = CARTESIAN_POINT('',(3.377881244369,-2.592034007957));
#3012 = CARTESIAN_POINT('',(3.470581851867,-2.619647999582));
#3013 = CARTESIAN_POINT('',(3.516003240128,-2.635407857736));
#3014 = CARTESIAN_POINT('',(3.561515511677,-2.653174752434));
#3015 = CARTESIAN_POINT('',(3.607184459563,-2.672680490027));
#3016 = CARTESIAN_POINT('',(3.653070695906,-2.693624588014));
#3017 = CARTESIAN_POINT('',(3.763376038762,-2.746332793898));
#3018 = CARTESIAN_POINT('',(3.82807504066,-2.779144938801));
#3019 = CARTESIAN_POINT('',(3.893624096918,-2.813316416568));
#3020 = CARTESIAN_POINT('',(3.96030544213,-2.847979561309));
#3021 = CARTESIAN_POINT('',(4.028408591916,-2.882167500912));
#3022 = CARTESIAN_POINT('',(4.126545182303,-2.927992599035));
#3023 = CARTESIAN_POINT('',(4.155129337303,-2.940948316897));
#3024 = CARTESIAN_POINT('',(4.184011817946,-2.953568182129));
#3025 = CARTESIAN_POINT('',(4.213203645993,-2.965771410327));
#3026 = CARTESIAN_POINT('',(4.242717158713,-2.977475340188));
#3027 = CARTESIAN_POINT('',(4.341843145817,-3.014404408504));
#3028 = CARTESIAN_POINT('',(4.413472088348,-3.037272346786));
#3029 = CARTESIAN_POINT('',(4.486768889545,-3.055713653632));
#3030 = CARTESIAN_POINT('',(4.561267435254,-3.068520381958));
#3031 = CARTESIAN_POINT('',(4.636591838326,-3.075));
#3032 = CARTESIAN_POINT('',(4.712388980385,-3.075));
#3033 = ( GEOMETRIC_REPRESENTATION_CONTEXT(2) 
PARAMETRIC_REPRESENTATION_CONTEXT() REPRESENTATION_CONTEXT('2D SPACE',''
  ) );
#3034 = PCURVE('',#2388,#3035);
#3035 = DEFINITIONAL_REPRESENTATION('',(#3036),#3089);
#3036 = B_SPLINE_CURVE_WITH_KNOTS('',6,(#3037,#3038,#3039,#3040,#3041,
    #3042,#3043,#3044,#3045,#3046,#3047,#3048,#3049,#3050,#3051,#3052,
    #3053,#3054,#3055,#3056,#3057,#3058,#3059,#3060,#3061,#3062,#3063,
    #3064,#3065,#3066,#3067,#3068,#3069,#3070,#3071,#3072,#3073,#3074,
    #3075,#3076,#3077,#3078,#3079,#3080,#3081,#3082,#3083,#3084,#3085,
    #3086,#3087,#3088),.UNSPECIFIED.,.F.,.F.,(7,5,5,5,5,5,5,5,5,5,7),(0.
    ,0.123212825288,0.210637169438,0.307420941418,0.402194820846,
    0.499969103497,0.598231424184,0.692564399415,0.823641936572,
    0.876746935223,1.),.UNSPECIFIED.);
#3037 = CARTESIAN_POINT('',(6.28318530718,5.3));
#3038 = CARTESIAN_POINT('',(6.241278654501,5.3));
#3039 = CARTESIAN_POINT('',(6.199636692064,5.3117216653));
#3040 = CARTESIAN_POINT('',(6.158754646357,5.334887139191));
#3041 = CARTESIAN_POINT('',(6.119117410674,5.36865875083));
#3042 = CARTESIAN_POINT('',(6.081225429004,5.411644235658));
#3043 = CARTESIAN_POINT('',(6.020263037292,5.497377248117));
#3044 = CARTESIAN_POINT('',(5.995958531414,5.536744101829));
#3045 = CARTESIAN_POINT('',(5.972667668444,5.579482054497));
#3046 = CARTESIAN_POINT('',(5.950407832941,5.625222633229));
#3047 = CARTESIAN_POINT('',(5.929196750826,5.673638502396));
#3048 = CARTESIAN_POINT('',(5.886749195277,5.780681348921));
#3049 = CARTESIAN_POINT('',(5.865737296857,5.839886187246));
#3050 = CARTESIAN_POINT('',(5.846022625927,5.901723138237));
#3051 = CARTESIAN_POINT('',(5.827622455815,5.9659195972));
#3052 = CARTESIAN_POINT('',(5.810562789789,6.032259655385));
#3053 = CARTESIAN_POINT('',(5.779516572715,6.167484451946));
#3054 = CARTESIAN_POINT('',(5.765469065831,6.236307859936));
#3055 = CARTESIAN_POINT('',(5.752785112929,6.306825724456));
#3056 = CARTESIAN_POINT('',(5.74151626232,6.378836309438));
#3057 = CARTESIAN_POINT('',(5.731713658672,6.452160673243));
#3058 = CARTESIAN_POINT('',(5.7148778301,6.60347973715));
#3059 = CARTESIAN_POINT('',(5.707941982292,6.681549466921));
#3060 = CARTESIAN_POINT('',(5.702690371463,6.760533399914));
#3061 = CARTESIAN_POINT('',(5.699171212194,6.84012787071));
#3062 = CARTESIAN_POINT('',(5.69741008498,6.920042479231));
#3063 = CARTESIAN_POINT('',(5.69741008498,7.080356626857));
#3064 = CARTESIAN_POINT('',(5.699188835764,7.160669304798));
#3065 = CARTESIAN_POINT('',(5.702743150864,7.240657046419));
#3066 = CARTESIAN_POINT('',(5.7080469553,7.320025383461));
#3067 = CARTESIAN_POINT('',(5.715051134083,7.398466267103));
#3068 = CARTESIAN_POINT('',(5.731970438266,7.54976290268));
#3069 = CARTESIAN_POINT('',(5.741758206722,7.622718359004));
#3070 = CARTESIAN_POINT('',(5.752997718293,7.694368996505));
#3071 = CARTESIAN_POINT('',(5.765638557794,7.764538471981));
#3072 = CARTESIAN_POINT('',(5.77962996596,7.833028030717));
#3073 = CARTESIAN_POINT('',(5.81617044734,7.992139145344));
#3074 = CARTESIAN_POINT('',(5.839937795383,8.081023797873));
#3075 = CARTESIAN_POINT('',(5.866138423794,8.1658617338));
#3076 = CARTESIAN_POINT('',(5.894722000458,8.246091865364));
#3077 = CARTESIAN_POINT('',(5.925663629166,8.320939835034));
#3078 = CARTESIAN_POINT('',(5.972441399773,8.417077783158));
#3079 = CARTESIAN_POINT('',(5.98631584077,8.44374481077));
#3080 = CARTESIAN_POINT('',(6.000571483576,8.469278510241));
#3081 = CARTESIAN_POINT('',(6.01520234205,8.493593609911));
#3082 = CARTESIAN_POINT('',(6.030202337874,8.516600651318));
#3083 = CARTESIAN_POINT('',(6.081221684735,8.588350498678));
#3084 = CARTESIAN_POINT('',(6.119113987287,8.631338596613));
#3085 = CARTESIAN_POINT('',(6.158753657371,8.66511347898));
#3086 = CARTESIAN_POINT('',(6.19963831024,8.688279755249));
#3087 = CARTESIAN_POINT('',(6.241281196123,8.7));
#3088 = CARTESIAN_POINT('',(6.28318530718,8.7));
#3089 = ( GEOMETRIC_REPRESENTATION_CONTEXT(2) 
PARAMETRIC_REPRESENTATION_CONTEXT() REPRESENTATION_CONTEXT('2D SPACE',''
  ) );
#3090 = ADVANCED_FACE('',(#3091),#1255,.F.);
#3091 = FACE_BOUND('',#3092,.F.);
#3092 = EDGE_LOOP('',(#3093,#3094,#3095,#3096,#3146));
#3093 = ORIENTED_EDGE('',*,*,#2583,.F.);
#3094 = ORIENTED_EDGE('',*,*,#1129,.T.);
#3095 = ORIENTED_EDGE('',*,*,#1934,.T.);
#3096 = ORIENTED_EDGE('',*,*,#3097,.F.);
#3097 = EDGE_CURVE('',#3098,#1935,#3100,.T.);
#3098 = VERTEX_POINT('',#3099);
#3099 = CARTESIAN_POINT('',(-2.575,6.306931015609E-16,8.7));
#3100 = SURFACE_CURVE('',#3101,(#3114,#3130),.PCURVE_S1.);
#3101 = B_SPLINE_CURVE_WITH_KNOTS('',6,(#3102,#3103,#3104,#3105,#3106,
    #3107,#3108,#3109,#3110,#3111,#3112,#3113),.UNSPECIFIED.,.F.,.F.,(7,
    5,7),(0.,0.415560507179,1.),.UNSPECIFIED.);
#3102 = CARTESIAN_POINT('',(-2.575,2.22044604925E-16,8.7));
#3103 = CARTESIAN_POINT('',(-2.575,-0.124412740983,8.7));
#3104 = CARTESIAN_POINT('',(-2.567786443491,-0.247880221479,
    8.689073955791));
#3105 = CARTESIAN_POINT('',(-2.553566473775,-0.368658671984,
    8.667533301286));
#3106 = CARTESIAN_POINT('',(-2.533060486521,-0.485054511267,
    8.636179286052));
#3107 = CARTESIAN_POINT('',(-2.507485555155,-0.595516482831,
    8.596301168804));
#3108 = CARTESIAN_POINT('',(-2.437466041797,-0.843876698526,
    8.484326050945));
#3109 = CARTESIAN_POINT('',(-2.389294093092,-0.975681719051,
    8.40527086625));
#3110 = CARTESIAN_POINT('',(-2.336839317508,-1.094191790545,
    8.315616800827));
#3111 = CARTESIAN_POINT('',(-2.282602891214,-1.199898141019,
    8.217409693152));
#3112 = CARTESIAN_POINT('',(-2.228721884432,-1.29332954188,
    8.111965945468));
#3113 = CARTESIAN_POINT('',(-2.177297361409,-1.374773144922,7.9999994));
#3114 = PCURVE('',#1255,#3115);
#3115 = DEFINITIONAL_REPRESENTATION('',(#3116),#3129);
#3116 = B_SPLINE_CURVE_WITH_KNOTS('',6,(#3117,#3118,#3119,#3120,#3121,
    #3122,#3123,#3124,#3125,#3126,#3127,#3128),.UNSPECIFIED.,.F.,.F.,(7,
    5,7),(0.,0.415560507179,1.),.UNSPECIFIED.);
#3117 = CARTESIAN_POINT('',(1.570796326795,-2.575));
#3118 = CARTESIAN_POINT('',(1.643980292079,-2.575));
#3119 = CARTESIAN_POINT('',(1.716608129675,-2.567786443491));
#3120 = CARTESIAN_POINT('',(1.788360242969,-2.553566473775));
#3121 = CARTESIAN_POINT('',(1.858890212499,-2.533060486521));
#3122 = CARTESIAN_POINT('',(1.927767102719,-2.507485555155));
#3123 = CARTESIAN_POINT('',(2.088023411007,-2.437466041797));
#3124 = CARTESIAN_POINT('',(2.177818158622,-2.389294093092));
#3125 = CARTESIAN_POINT('',(2.264521413682,-2.336839317508));
#3126 = CARTESIAN_POINT('',(2.348785271554,-2.282602891214));
#3127 = CARTESIAN_POINT('',(2.431274512622,-2.228721884432));
#3128 = CARTESIAN_POINT('',(2.51271816453,-2.177297361409));
#3129 = ( GEOMETRIC_REPRESENTATION_CONTEXT(2) 
PARAMETRIC_REPRESENTATION_CONTEXT() REPRESENTATION_CONTEXT('2D SPACE',''
  ) );
#3130 = PCURVE('',#1994,#3131);
#3131 = DEFINITIONAL_REPRESENTATION('',(#3132),#3145);
#3132 = B_SPLINE_CURVE_WITH_KNOTS('',6,(#3133,#3134,#3135,#3136,#3137,
    #3138,#3139,#3140,#3141,#3142,#3143,#3144),.UNSPECIFIED.,.F.,.F.,(7,
    5,7),(0.,0.415560507179,1.),.UNSPECIFIED.);
#3133 = CARTESIAN_POINT('',(0.,8.7));
#3134 = CARTESIAN_POINT('',(4.831562756632E-02,8.7));
#3135 = CARTESIAN_POINT('',(9.626426538503E-02,8.689073955791));
#3136 = CARTESIAN_POINT('',(0.143371103916,8.667533301286));
#3137 = CARTESIAN_POINT('',(0.189168010332,8.636179286052));
#3138 = CARTESIAN_POINT('',(0.233151473576,8.596301168804));
#3139 = CARTESIAN_POINT('',(0.333361850072,8.484326050945));
#3140 = CARTESIAN_POINT('',(0.387704104072,8.40527086625));
#3141 = CARTESIAN_POINT('',(0.437889804679,8.315616800827));
#3142 = CARTESIAN_POINT('',(0.483939992537,8.217409693152));
#3143 = CARTESIAN_POINT('',(0.52579156592,8.111965945468));
#3144 = CARTESIAN_POINT('',(0.563197390446,7.9999994));
#3145 = ( GEOMETRIC_REPRESENTATION_CONTEXT(2) 
PARAMETRIC_REPRESENTATION_CONTEXT() REPRESENTATION_CONTEXT('2D SPACE',''
  ) );
#3146 = ORIENTED_EDGE('',*,*,#3147,.F.);
#3147 = EDGE_CURVE('',#2584,#3098,#3148,.T.);
#3148 = SURFACE_CURVE('',#3149,(#3162,#3178),.PCURVE_S1.);
#3149 = B_SPLINE_CURVE_WITH_KNOTS('',6,(#3150,#3151,#3152,#3153,#3154,
    #3155,#3156,#3157,#3158,#3159,#3160,#3161),.UNSPECIFIED.,.F.,.F.,(7,
    5,7),(0.,0.584848476139,1.),.UNSPECIFIED.);
#3150 = CARTESIAN_POINT('',(-2.177297361409,1.374773144922,7.9999994));
#3151 = CARTESIAN_POINT('',(-2.228759702624,1.293269647308,
    8.112048286967));
#3152 = CARTESIAN_POINT('',(-2.28268175389,1.199761328055,8.217563940213
    ));
#3153 = CARTESIAN_POINT('',(-2.336958323018,1.093959823307,
    8.315832338488));
#3154 = CARTESIAN_POINT('',(-2.389447754962,0.975334639659,8.4055334623)
  );
#3155 = CARTESIAN_POINT('',(-2.437642334676,0.843393973227,
    8.484615338274));
#3156 = CARTESIAN_POINT('',(-2.507618190985,0.594944270989,
    8.596508027772));
#3157 = CARTESIAN_POINT('',(-2.533144066767,0.48457666287,8.636306948806
    ));
#3158 = CARTESIAN_POINT('',(-2.553607979755,0.36829622864,8.667596156231
    ));
#3159 = CARTESIAN_POINT('',(-2.567799420094,0.247643602976,
    8.689093629778));
#3160 = CARTESIAN_POINT('',(-2.575,0.124300665924,8.7));
#3161 = CARTESIAN_POINT('',(-2.575,5.755839955993E-16,8.7));
#3162 = PCURVE('',#1255,#3163);
#3163 = DEFINITIONAL_REPRESENTATION('',(#3164),#3177);
#3164 = B_SPLINE_CURVE_WITH_KNOTS('',6,(#3165,#3166,#3167,#3168,#3169,
    #3170,#3171,#3172,#3173,#3174,#3175,#3176),.UNSPECIFIED.,.F.,.F.,(7,
    5,7),(0.,0.584848476139,1.),.UNSPECIFIED.);
#3165 = CARTESIAN_POINT('',(0.628874489059,-2.177297361409));
#3166 = CARTESIAN_POINT('',(0.710378035576,-2.228759702624));
#3167 = CARTESIAN_POINT('',(0.792928099374,-2.28268175389));
#3168 = CARTESIAN_POINT('',(0.877256174075,-2.336958323018));
#3169 = CARTESIAN_POINT('',(0.964028417583,-2.389447754962));
#3170 = CARTESIAN_POINT('',(1.053898039155,-2.437642334676));
#3171 = CARTESIAN_POINT('',(1.214182419329,-2.507618190985));
#3172 = CARTESIAN_POINT('',(1.282991749953,-2.533144066767));
#3173 = CARTESIAN_POINT('',(1.353447516398,-2.553607979755));
#3174 = CARTESIAN_POINT('',(1.425123714804,-2.567799420094));
#3175 = CARTESIAN_POINT('',(1.497678288016,-2.575));
#3176 = CARTESIAN_POINT('',(1.570796326795,-2.575));
#3177 = ( GEOMETRIC_REPRESENTATION_CONTEXT(2) 
PARAMETRIC_REPRESENTATION_CONTEXT() REPRESENTATION_CONTEXT('2D SPACE',''
  ) );
#3178 = PCURVE('',#1994,#3179);
#3179 = DEFINITIONAL_REPRESENTATION('',(#3180),#3193);
#3180 = B_SPLINE_CURVE_WITH_KNOTS('',6,(#3181,#3182,#3183,#3184,#3185,
    #3186,#3187,#3188,#3189,#3190,#3191,#3192),.UNSPECIFIED.,.F.,.F.,(7,
    5,7),(0.,0.584848476139,1.),.UNSPECIFIED.);
#3181 = CARTESIAN_POINT('',(5.719987916734,7.9999994));
#3182 = CARTESIAN_POINT('',(5.757421249938,8.112048286967));
#3183 = CARTESIAN_POINT('',(5.799306590422,8.217563940213));
#3184 = CARTESIAN_POINT('',(5.84539655808,8.315832338488));
#3185 = CARTESIAN_POINT('',(5.895628183086,8.4055334623));
#3186 = CARTESIAN_POINT('',(5.950022465219,8.484615338274));
#3187 = CARTESIAN_POINT('',(6.050261692697,8.596508027772));
#3188 = CARTESIAN_POINT('',(6.094205248072,8.636306948806));
#3189 = CARTESIAN_POINT('',(6.139955506083,8.667596156231));
#3190 = CARTESIAN_POINT('',(6.187012928655,8.689093629778));
#3191 = CARTESIAN_POINT('',(6.234913203908,8.7));
#3192 = CARTESIAN_POINT('',(6.28318530718,8.7));
#3193 = ( GEOMETRIC_REPRESENTATION_CONTEXT(2) 
PARAMETRIC_REPRESENTATION_CONTEXT() REPRESENTATION_CONTEXT('2D SPACE',''
  ) );
#3194 = ADVANCED_FACE('',(#3195),#1521,.F.);
#3195 = FACE_BOUND('',#3196,.F.);
#3196 = EDGE_LOOP('',(#3197,#3198,#3199,#3200,#3250));
#3197 = ORIENTED_EDGE('',*,*,#1837,.F.);
#3198 = ORIENTED_EDGE('',*,*,#1395,.T.);
#3199 = ORIENTED_EDGE('',*,*,#2660,.T.);
#3200 = ORIENTED_EDGE('',*,*,#3201,.F.);
#3201 = EDGE_CURVE('',#3202,#2661,#3204,.T.);
#3202 = VERTEX_POINT('',#3203);
#3203 = CARTESIAN_POINT('',(-2.575,6.306931015609E-16,5.3));
#3204 = SURFACE_CURVE('',#3205,(#3218,#3234),.PCURVE_S1.);
#3205 = B_SPLINE_CURVE_WITH_KNOTS('',6,(#3206,#3207,#3208,#3209,#3210,
    #3211,#3212,#3213,#3214,#3215,#3216,#3217),.UNSPECIFIED.,.F.,.F.,(7,
    5,7),(0.,0.415560507179,1.),.UNSPECIFIED.);
#3206 = CARTESIAN_POINT('',(-2.575,1.592040838892E-16,5.3));
#3207 = CARTESIAN_POINT('',(-2.575,0.124412740983,5.3));
#3208 = CARTESIAN_POINT('',(-2.567786443491,0.247880221479,
    5.310926044209));
#3209 = CARTESIAN_POINT('',(-2.553566473775,0.368658671984,
    5.332466698714));
#3210 = CARTESIAN_POINT('',(-2.53306048652,0.485054511267,5.363820713948
    ));
#3211 = CARTESIAN_POINT('',(-2.507485555155,0.595516482831,
    5.403698831196));
#3212 = CARTESIAN_POINT('',(-2.437466041797,0.843876698526,
    5.515673949055));
#3213 = CARTESIAN_POINT('',(-2.389294093092,0.975681719051,5.59472913375
    ));
#3214 = CARTESIAN_POINT('',(-2.336839317508,1.094191790545,
    5.684383199173));
#3215 = CARTESIAN_POINT('',(-2.282602891214,1.199898141019,
    5.782590306848));
#3216 = CARTESIAN_POINT('',(-2.228721884432,1.29332954188,5.888034054532
    ));
#3217 = CARTESIAN_POINT('',(-2.177297361409,1.374773144922,6.0000006));
#3218 = PCURVE('',#1521,#3219);
#3219 = DEFINITIONAL_REPRESENTATION('',(#3220),#3233);
#3220 = B_SPLINE_CURVE_WITH_KNOTS('',6,(#3221,#3222,#3223,#3224,#3225,
    #3226,#3227,#3228,#3229,#3230,#3231,#3232),.UNSPECIFIED.,.F.,.F.,(7,
    5,7),(0.,0.415560507179,1.),.UNSPECIFIED.);
#3221 = CARTESIAN_POINT('',(4.712388980385,-2.575));
#3222 = CARTESIAN_POINT('',(4.785572945669,-2.575));
#3223 = CARTESIAN_POINT('',(4.858200783265,-2.567786443491));
#3224 = CARTESIAN_POINT('',(4.929952896558,-2.553566473775));
#3225 = CARTESIAN_POINT('',(5.000482866089,-2.53306048652));
#3226 = CARTESIAN_POINT('',(5.069359756309,-2.507485555155));
#3227 = CARTESIAN_POINT('',(5.229616064597,-2.437466041797));
#3228 = CARTESIAN_POINT('',(5.319410812212,-2.389294093092));
#3229 = CARTESIAN_POINT('',(5.406114067272,-2.336839317508));
#3230 = CARTESIAN_POINT('',(5.490377925143,-2.282602891214));
#3231 = CARTESIAN_POINT('',(5.572867166212,-2.228721884432));
#3232 = CARTESIAN_POINT('',(5.65431081812,-2.177297361409));
#3233 = ( GEOMETRIC_REPRESENTATION_CONTEXT(2) 
PARAMETRIC_REPRESENTATION_CONTEXT() REPRESENTATION_CONTEXT('2D SPACE',''
  ) );
#3234 = PCURVE('',#1637,#3235);
#3235 = DEFINITIONAL_REPRESENTATION('',(#3236),#3249);
#3236 = B_SPLINE_CURVE_WITH_KNOTS('',6,(#3237,#3238,#3239,#3240,#3241,
    #3242,#3243,#3244,#3245,#3246,#3247,#3248),.UNSPECIFIED.,.F.,.F.,(7,
    5,7),(0.,0.415560507179,1.),.UNSPECIFIED.);
#3237 = CARTESIAN_POINT('',(6.28318530718,5.3));
#3238 = CARTESIAN_POINT('',(6.234869679613,5.3));
#3239 = CARTESIAN_POINT('',(6.186921041794,5.310926044209));
#3240 = CARTESIAN_POINT('',(6.139814203263,5.332466698714));
#3241 = CARTESIAN_POINT('',(6.094017296847,5.363820713948));
#3242 = CARTESIAN_POINT('',(6.050033833604,5.403698831196));
#3243 = CARTESIAN_POINT('',(5.949823457108,5.515673949055));
#3244 = CARTESIAN_POINT('',(5.895481203108,5.59472913375));
#3245 = CARTESIAN_POINT('',(5.845295502501,5.684383199173));
#3246 = CARTESIAN_POINT('',(5.799245314642,5.782590306848));
#3247 = CARTESIAN_POINT('',(5.75739374126,5.888034054532));
#3248 = CARTESIAN_POINT('',(5.719987916734,6.0000006));
#3249 = ( GEOMETRIC_REPRESENTATION_CONTEXT(2) 
PARAMETRIC_REPRESENTATION_CONTEXT() REPRESENTATION_CONTEXT('2D SPACE',''
  ) );
#3250 = ORIENTED_EDGE('',*,*,#3251,.F.);
#3251 = EDGE_CURVE('',#1838,#3202,#3252,.T.);
#3252 = SURFACE_CURVE('',#3253,(#3266,#3282),.PCURVE_S1.);
#3253 = B_SPLINE_CURVE_WITH_KNOTS('',6,(#3254,#3255,#3256,#3257,#3258,
    #3259,#3260,#3261,#3262,#3263,#3264,#3265),.UNSPECIFIED.,.F.,.F.,(7,
    5,7),(0.,0.584848476139,1.),.UNSPECIFIED.);
#3254 = CARTESIAN_POINT('',(-2.177297361409,-1.374773144922,6.0000006));
#3255 = CARTESIAN_POINT('',(-2.228759702624,-1.293269647308,
    5.887951713033));
#3256 = CARTESIAN_POINT('',(-2.28268175389,-1.199761328055,
    5.782436059787));
#3257 = CARTESIAN_POINT('',(-2.336958323018,-1.093959823307,
    5.684167661512));
#3258 = CARTESIAN_POINT('',(-2.389447754962,-0.975334639659,5.5944665377
    ));
#3259 = CARTESIAN_POINT('',(-2.437642334676,-0.843393973227,
    5.515384661726));
#3260 = CARTESIAN_POINT('',(-2.507618190985,-0.594944270989,
    5.403491972228));
#3261 = CARTESIAN_POINT('',(-2.533144066767,-0.48457666287,
    5.363693051194));
#3262 = CARTESIAN_POINT('',(-2.553607979755,-0.36829622864,
    5.332403843769));
#3263 = CARTESIAN_POINT('',(-2.567799420094,-0.247643602976,
    5.310906370222));
#3264 = CARTESIAN_POINT('',(-2.575,-0.124300665924,5.3));
#3265 = CARTESIAN_POINT('',(-2.575,-2.22044604925E-16,5.3));
#3266 = PCURVE('',#1521,#3267);
#3267 = DEFINITIONAL_REPRESENTATION('',(#3268),#3281);
#3268 = B_SPLINE_CURVE_WITH_KNOTS('',6,(#3269,#3270,#3271,#3272,#3273,
    #3274,#3275,#3276,#3277,#3278,#3279,#3280),.UNSPECIFIED.,.F.,.F.,(7,
    5,7),(0.,0.584848476139,1.),.UNSPECIFIED.);
#3269 = CARTESIAN_POINT('',(3.770467142649,-2.177297361409));
#3270 = CARTESIAN_POINT('',(3.851970689166,-2.228759702624));
#3271 = CARTESIAN_POINT('',(3.934520752964,-2.28268175389));
#3272 = CARTESIAN_POINT('',(4.018848827665,-2.336958323018));
#3273 = CARTESIAN_POINT('',(4.105621071172,-2.389447754962));
#3274 = CARTESIAN_POINT('',(4.195490692745,-2.437642334676));
#3275 = CARTESIAN_POINT('',(4.355775072919,-2.507618190985));
#3276 = CARTESIAN_POINT('',(4.424584403543,-2.533144066767));
#3277 = CARTESIAN_POINT('',(4.495040169988,-2.553607979755));
#3278 = CARTESIAN_POINT('',(4.566716368394,-2.567799420094));
#3279 = CARTESIAN_POINT('',(4.639270941606,-2.575));
#3280 = CARTESIAN_POINT('',(4.712388980385,-2.575));
#3281 = ( GEOMETRIC_REPRESENTATION_CONTEXT(2) 
PARAMETRIC_REPRESENTATION_CONTEXT() REPRESENTATION_CONTEXT('2D SPACE',''
  ) );
#3282 = PCURVE('',#1637,#3283);
#3283 = DEFINITIONAL_REPRESENTATION('',(#3284),#3297);
#3284 = B_SPLINE_CURVE_WITH_KNOTS('',6,(#3285,#3286,#3287,#3288,#3289,
    #3290,#3291,#3292,#3293,#3294,#3295,#3296),.UNSPECIFIED.,.F.,.F.,(7,
    5,7),(0.,0.584848476139,1.),.UNSPECIFIED.);
#3285 = CARTESIAN_POINT('',(0.563197390446,6.0000006));
#3286 = CARTESIAN_POINT('',(0.525764057241,5.887951713033));
#3287 = CARTESIAN_POINT('',(0.483878716757,5.782436059787));
#3288 = CARTESIAN_POINT('',(0.437788749099,5.684167661512));
#3289 = CARTESIAN_POINT('',(0.387557124093,5.5944665377));
#3290 = CARTESIAN_POINT('',(0.333162841961,5.515384661726));
#3291 = CARTESIAN_POINT('',(0.232923614483,5.403491972228));
#3292 = CARTESIAN_POINT('',(0.188980059107,5.363693051194));
#3293 = CARTESIAN_POINT('',(0.143229801096,5.332403843769));
#3294 = CARTESIAN_POINT('',(9.617237852497E-02,5.310906370222));
#3295 = CARTESIAN_POINT('',(4.827210327139E-02,5.3));
#3296 = CARTESIAN_POINT('',(0.,5.3));
#3297 = ( GEOMETRIC_REPRESENTATION_CONTEXT(2) 
PARAMETRIC_REPRESENTATION_CONTEXT() REPRESENTATION_CONTEXT('2D SPACE',''
  ) );
#3298 = ADVANCED_FACE('',(#3299),#1637,.F.);
#3299 = FACE_BOUND('',#3300,.F.);
#3300 = EDGE_LOOP('',(#3301,#3302,#3303,#3324,#3325,#3326,#3327,#3328));
#3301 = ORIENTED_EDGE('',*,*,#1882,.F.);
#3302 = ORIENTED_EDGE('',*,*,#3251,.T.);
#3303 = ORIENTED_EDGE('',*,*,#3304,.F.);
#3304 = EDGE_CURVE('',#1621,#3202,#3305,.T.);
#3305 = SEAM_CURVE('',#3306,(#3310,#3317),.PCURVE_S1.);
#3306 = LINE('',#3307,#3308);
#3307 = CARTESIAN_POINT('',(-2.575,6.306931015609E-16,0.));
#3308 = VECTOR('',#3309,1.);
#3309 = DIRECTION('',(0.,0.,1.));
#3310 = PCURVE('',#1637,#3311);
#3311 = DEFINITIONAL_REPRESENTATION('',(#3312),#3316);
#3312 = LINE('',#3313,#3314);
#3313 = CARTESIAN_POINT('',(6.28318530718,-0.));
#3314 = VECTOR('',#3315,1.);
#3315 = DIRECTION('',(0.,1.));
#3316 = ( GEOMETRIC_REPRESENTATION_CONTEXT(2) 
PARAMETRIC_REPRESENTATION_CONTEXT() REPRESENTATION_CONTEXT('2D SPACE',''
  ) );
#3317 = PCURVE('',#1637,#3318);
#3318 = DEFINITIONAL_REPRESENTATION('',(#3319),#3323);
#3319 = LINE('',#3320,#3321);
#3320 = CARTESIAN_POINT('',(0.,-0.));
#3321 = VECTOR('',#3322,1.);
#3322 = DIRECTION('',(0.,1.));
#3323 = ( GEOMETRIC_REPRESENTATION_CONTEXT(2) 
PARAMETRIC_REPRESENTATION_CONTEXT() REPRESENTATION_CONTEXT('2D SPACE',''
  ) );
#3324 = ORIENTED_EDGE('',*,*,#1620,.T.);
#3325 = ORIENTED_EDGE('',*,*,#3304,.T.);
#3326 = ORIENTED_EDGE('',*,*,#3201,.T.);
#3327 = ORIENTED_EDGE('',*,*,#2681,.F.);
#3328 = ORIENTED_EDGE('',*,*,#1696,.F.);
#3329 = ADVANCED_FACE('',(#3330),#1994,.F.);
#3330 = FACE_BOUND('',#3331,.F.);
#3331 = EDGE_LOOP('',(#3332,#3333,#3356,#3387,#3388,#3389,#3390,#3391));
#3332 = ORIENTED_EDGE('',*,*,#3147,.T.);
#3333 = ORIENTED_EDGE('',*,*,#3334,.T.);
#3334 = EDGE_CURVE('',#3098,#3335,#3337,.T.);
#3335 = VERTEX_POINT('',#3336);
#3336 = CARTESIAN_POINT('',(-2.575,6.306931015609E-16,15.5));
#3337 = SEAM_CURVE('',#3338,(#3342,#3349),.PCURVE_S1.);
#3338 = LINE('',#3339,#3340);
#3339 = CARTESIAN_POINT('',(-2.575,6.306931015609E-16,0.));
#3340 = VECTOR('',#3341,1.);
#3341 = DIRECTION('',(0.,0.,1.));
#3342 = PCURVE('',#1994,#3343);
#3343 = DEFINITIONAL_REPRESENTATION('',(#3344),#3348);
#3344 = LINE('',#3345,#3346);
#3345 = CARTESIAN_POINT('',(0.,-0.));
#3346 = VECTOR('',#3347,1.);
#3347 = DIRECTION('',(0.,1.));
#3348 = ( GEOMETRIC_REPRESENTATION_CONTEXT(2) 
PARAMETRIC_REPRESENTATION_CONTEXT() REPRESENTATION_CONTEXT('2D SPACE',''
  ) );
#3349 = PCURVE('',#1994,#3350);
#3350 = DEFINITIONAL_REPRESENTATION('',(#3351),#3355);
#3351 = LINE('',#3352,#3353);
#3352 = CARTESIAN_POINT('',(6.28318530718,-0.));
#3353 = VECTOR('',#3354,1.);
#3354 = DIRECTION('',(0.,1.));
#3355 = ( GEOMETRIC_REPRESENTATION_CONTEXT(2) 
PARAMETRIC_REPRESENTATION_CONTEXT() REPRESENTATION_CONTEXT('2D SPACE',''
  ) );
#3356 = ORIENTED_EDGE('',*,*,#3357,.F.);
#3357 = EDGE_CURVE('',#3335,#3335,#3358,.T.);
#3358 = SURFACE_CURVE('',#3359,(#3364,#3371),.PCURVE_S1.);
#3359 = CIRCLE('',#3360,2.575);
#3360 = AXIS2_PLACEMENT_3D('',#3361,#3362,#3363);
#3361 = CARTESIAN_POINT('',(0.,0.,15.5));
#3362 = DIRECTION('',(0.,0.,1.));
#3363 = DIRECTION('',(-1.,0.,0.));
#3364 = PCURVE('',#1994,#3365);
#3365 = DEFINITIONAL_REPRESENTATION('',(#3366),#3370);
#3366 = LINE('',#3367,#3368);
#3367 = CARTESIAN_POINT('',(0.,15.5));
#3368 = VECTOR('',#3369,1.);
#3369 = DIRECTION('',(1.,0.));
#3370 = ( GEOMETRIC_REPRESENTATION_CONTEXT(2) 
PARAMETRIC_REPRESENTATION_CONTEXT() REPRESENTATION_CONTEXT('2D SPACE',''
  ) );
#3371 = PCURVE('',#3372,#3377);
#3372 = PLANE('',#3373);
#3373 = AXIS2_PLACEMENT_3D('',#3374,#3375,#3376);
#3374 = CARTESIAN_POINT('',(0.,0.,15.5));
#3375 = DIRECTION('',(0.,0.,-1.));
#3376 = DIRECTION('',(-1.,0.,0.));
#3377 = DEFINITIONAL_REPRESENTATION('',(#3378),#3386);
#3378 = ( BOUNDED_CURVE() B_SPLINE_CURVE(2,(#3379,#3380,#3381,#3382,
#3383,#3384,#3385),.UNSPECIFIED.,.T.,.F.) B_SPLINE_CURVE_WITH_KNOTS((1,2
    ,2,2,2,1),(-2.094395102393,0.,2.094395102393,4.188790204786,
6.28318530718,8.377580409573),.UNSPECIFIED.) CURVE() 
GEOMETRIC_REPRESENTATION_ITEM() RATIONAL_B_SPLINE_CURVE((1.,0.5,1.,0.5,
1.,0.5,1.)) REPRESENTATION_ITEM('') );
#3379 = CARTESIAN_POINT('',(2.575,0.));
#3380 = CARTESIAN_POINT('',(2.575,-4.46003082949));
#3381 = CARTESIAN_POINT('',(-1.2875,-2.230015414745));
#3382 = CARTESIAN_POINT('',(-5.15,-6.306931015609E-16));
#3383 = CARTESIAN_POINT('',(-1.2875,2.230015414745));
#3384 = CARTESIAN_POINT('',(2.575,4.46003082949));
#3385 = CARTESIAN_POINT('',(2.575,0.));
#3386 = ( GEOMETRIC_REPRESENTATION_CONTEXT(2) 
PARAMETRIC_REPRESENTATION_CONTEXT() REPRESENTATION_CONTEXT('2D SPACE',''
  ) );
#3387 = ORIENTED_EDGE('',*,*,#3334,.F.);
#3388 = ORIENTED_EDGE('',*,*,#3097,.T.);
#3389 = ORIENTED_EDGE('',*,*,#1979,.T.);
#3390 = ORIENTED_EDGE('',*,*,#2012,.F.);
#3391 = ORIENTED_EDGE('',*,*,#2604,.T.);
#3392 = ADVANCED_FACE('',(#3393,#3467),#2388,.F.);
#3393 = FACE_BOUND('',#3394,.F.);
#3394 = EDGE_LOOP('',(#3395,#3418,#3440,#3441,#3442,#3443,#3464,#3465,
    #3466));
#3395 = ORIENTED_EDGE('',*,*,#3396,.T.);
#3396 = EDGE_CURVE('',#2829,#3397,#3399,.T.);
#3397 = VERTEX_POINT('',#3398);
#3398 = CARTESIAN_POINT('',(-3.075,-7.531577814756E-16,15.5));
#3399 = SEAM_CURVE('',#3400,(#3404,#3411),.PCURVE_S1.);
#3400 = LINE('',#3401,#3402);
#3401 = CARTESIAN_POINT('',(-3.075,-7.531577814756E-16,32.));
#3402 = VECTOR('',#3403,1.);
#3403 = DIRECTION('',(0.,0.,-1.));
#3404 = PCURVE('',#2388,#3405);
#3405 = DEFINITIONAL_REPRESENTATION('',(#3406),#3410);
#3406 = LINE('',#3407,#3408);
#3407 = CARTESIAN_POINT('',(6.28318530718,-0.));
#3408 = VECTOR('',#3409,1.);
#3409 = DIRECTION('',(0.,1.));
#3410 = ( GEOMETRIC_REPRESENTATION_CONTEXT(2) 
PARAMETRIC_REPRESENTATION_CONTEXT() REPRESENTATION_CONTEXT('2D SPACE',''
  ) );
#3411 = PCURVE('',#2388,#3412);
#3412 = DEFINITIONAL_REPRESENTATION('',(#3413),#3417);
#3413 = LINE('',#3414,#3415);
#3414 = CARTESIAN_POINT('',(0.,-0.));
#3415 = VECTOR('',#3416,1.);
#3416 = DIRECTION('',(0.,1.));
#3417 = ( GEOMETRIC_REPRESENTATION_CONTEXT(2) 
PARAMETRIC_REPRESENTATION_CONTEXT() REPRESENTATION_CONTEXT('2D SPACE',''
  ) );
#3418 = ORIENTED_EDGE('',*,*,#3419,.F.);
#3419 = EDGE_CURVE('',#3397,#3397,#3420,.T.);
#3420 = SURFACE_CURVE('',#3421,(#3426,#3433),.PCURVE_S1.);
#3421 = CIRCLE('',#3422,3.075);
#3422 = AXIS2_PLACEMENT_3D('',#3423,#3424,#3425);
#3423 = CARTESIAN_POINT('',(0.,0.,15.5));
#3424 = DIRECTION('',(0.,0.,-1.));
#3425 = DIRECTION('',(-1.,0.,0.));
#3426 = PCURVE('',#2388,#3427);
#3427 = DEFINITIONAL_REPRESENTATION('',(#3428),#3432);
#3428 = LINE('',#3429,#3430);
#3429 = CARTESIAN_POINT('',(0.,16.5));
#3430 = VECTOR('',#3431,1.);
#3431 = DIRECTION('',(1.,0.));
#3432 = ( GEOMETRIC_REPRESENTATION_CONTEXT(2) 
PARAMETRIC_REPRESENTATION_CONTEXT() REPRESENTATION_CONTEXT('2D SPACE',''
  ) );
#3433 = PCURVE('',#3372,#3434);
#3434 = DEFINITIONAL_REPRESENTATION('',(#3435),#3439);
#3435 = CIRCLE('',#3436,3.075);
#3436 = AXIS2_PLACEMENT_2D('',#3437,#3438);
#3437 = CARTESIAN_POINT('',(0.,0.));
#3438 = DIRECTION('',(1.,0.));
#3439 = ( GEOMETRIC_REPRESENTATION_CONTEXT(2) 
PARAMETRIC_REPRESENTATION_CONTEXT() REPRESENTATION_CONTEXT('2D SPACE',''
  ) );
#3440 = ORIENTED_EDGE('',*,*,#3396,.F.);
#3441 = ORIENTED_EDGE('',*,*,#2828,.T.);
#3442 = ORIENTED_EDGE('',*,*,#2708,.T.);
#3443 = ORIENTED_EDGE('',*,*,#3444,.F.);
#3444 = EDGE_CURVE('',#2531,#2711,#3445,.T.);
#3445 = SEAM_CURVE('',#3446,(#3450,#3457),.PCURVE_S1.);
#3446 = LINE('',#3447,#3448);
#3447 = CARTESIAN_POINT('',(-3.075,-7.531577814756E-16,32.));
#3448 = VECTOR('',#3449,1.);
#3449 = DIRECTION('',(0.,0.,-1.));
#3450 = PCURVE('',#2388,#3451);
#3451 = DEFINITIONAL_REPRESENTATION('',(#3452),#3456);
#3452 = LINE('',#3453,#3454);
#3453 = CARTESIAN_POINT('',(6.28318530718,-0.));
#3454 = VECTOR('',#3455,1.);
#3455 = DIRECTION('',(0.,1.));
#3456 = ( GEOMETRIC_REPRESENTATION_CONTEXT(2) 
PARAMETRIC_REPRESENTATION_CONTEXT() REPRESENTATION_CONTEXT('2D SPACE',''
  ) );
#3457 = PCURVE('',#2388,#3458);
#3458 = DEFINITIONAL_REPRESENTATION('',(#3459),#3463);
#3459 = LINE('',#3460,#3461);
#3460 = CARTESIAN_POINT('',(0.,-0.));
#3461 = VECTOR('',#3462,1.);
#3462 = DIRECTION('',(0.,1.));
#3463 = ( GEOMETRIC_REPRESENTATION_CONTEXT(2) 
PARAMETRIC_REPRESENTATION_CONTEXT() REPRESENTATION_CONTEXT('2D SPACE',''
  ) );
#3464 = ORIENTED_EDGE('',*,*,#2530,.T.);
#3465 = ORIENTED_EDGE('',*,*,#3444,.T.);
#3466 = ORIENTED_EDGE('',*,*,#2923,.T.);
#3467 = FACE_BOUND('',#3468,.F.);
#3468 = EDGE_LOOP('',(#3469));
#3469 = ORIENTED_EDGE('',*,*,#2174,.F.);
#3470 = ADVANCED_FACE('',(#3471,#3474),#3372,.F.);
#3471 = FACE_BOUND('',#3472,.F.);
#3472 = EDGE_LOOP('',(#3473));
#3473 = ORIENTED_EDGE('',*,*,#3419,.T.);
#3474 = FACE_BOUND('',#3475,.F.);
#3475 = EDGE_LOOP('',(#3476));
#3476 = ORIENTED_EDGE('',*,*,#3357,.T.);
#3477 = ( GEOMETRIC_REPRESENTATION_CONTEXT(3) 
GLOBAL_UNCERTAINTY_ASSIGNED_CONTEXT((#3481)) 
GLOBAL_UNIT_ASSIGNED_CONTEXT((#3478,#3479,#3480)) REPRESENTATION_CONTEXT
('Context #1','3D Context with UNIT and UNCERTAINTY') );
#3478 = ( LENGTH_UNIT() NAMED_UNIT(*) SI_UNIT(.MILLI.,.METRE.) );
#3479 = ( NAMED_UNIT(*) PLANE_ANGLE_UNIT() SI_UNIT($,.RADIAN.) );
#3480 = ( NAMED_UNIT(*) SI_UNIT($,.STERADIAN.) SOLID_ANGLE_UNIT() );
#3481 = UNCERTAINTY_MEASURE_WITH_UNIT(LENGTH_MEASURE(1.E-07),#3478,
  'distance_accuracy_value','confusion accuracy');
#3482 = PRODUCT_RELATED_PRODUCT_CATEGORY('part',$,(#7));
ENDSEC;
END-ISO-10303-21;
