solid OpenSCAD_Model
  facet normal 0.991445 -0.130522 0
    outer loop
      vertex 8.7 11 3
      vertex 8.77837 11.5953 0
      vertex 8.77837 11.5953 3
    endloop
  endfacet
  facet normal 0.991445 -0.130522 0
    outer loop
      vertex 8.77837 11.5953 0
      vertex 8.7 11 3
      vertex 8.7 11 0
    endloop
  endfacet
  facet normal -0.923917 -0.382592 0
    outer loop
      vertex 13.2216 11.5953 0
      vertex 12.9919 12.15 3
      vertex 12.9919 12.15 0
    endloop
  endfacet
  facet normal -0.923917 -0.382592 0
    outer loop
      vertex 12.9919 12.15 3
      vertex 13.2216 11.5953 0
      vertex 13.2216 11.5953 3
    endloop
  endfacet
  facet normal -0.991439 -0.130571 0
    outer loop
      vertex 13.3 11 0
      vertex 13.2216 11.5953 3
      vertex 13.2216 11.5953 0
    endloop
  endfacet
  facet normal -0.991439 -0.130571 0
    outer loop
      vertex 13.2216 11.5953 3
      vertex 13.3 11 0
      vertex 13.3 11 3
    endloop
  endfacet
  facet normal -0.991439 0.130571 0
    outer loop
      vertex 13.2216 10.4047 0
      vertex 13.3 11 3
      vertex 13.3 11 0
    endloop
  endfacet
  facet normal -0.991439 0.130571 0
    outer loop
      vertex 13.3 11 3
      vertex 13.2216 10.4047 0
      vertex 13.2216 10.4047 3
    endloop
  endfacet
  facet normal 0.991445 0.130522 0
    outer loop
      vertex 8.77837 10.4047 3
      vertex 8.7 11 0
      vertex 8.7 11 3
    endloop
  endfacet
  facet normal 0.991445 0.130522 0
    outer loop
      vertex 8.7 11 0
      vertex 8.77837 10.4047 3
      vertex 8.77837 10.4047 0
    endloop
  endfacet
  facet normal -0.608795 0.793327 0
    outer loop
      vertex 12.6263 9.37365 0
      vertex 12.15 9.00814 3
      vertex 12.6263 9.37365 3
    endloop
  endfacet
  facet normal -0.608795 0.793327 0
    outer loop
      vertex 12.15 9.00814 3
      vertex 12.6263 9.37365 0
      vertex 12.15 9.00814 0
    endloop
  endfacet
  facet normal 0.793358 0.608755 0
    outer loop
      vertex 9.37365 9.37365 3
      vertex 9.00814 9.85 0
      vertex 9.00814 9.85 3
    endloop
  endfacet
  facet normal 0.793358 0.608755 0
    outer loop
      vertex 9.00814 9.85 0
      vertex 9.37365 9.37365 3
      vertex 9.37365 9.37365 0
    endloop
  endfacet
  facet normal 0.382692 0.923876 -0
    outer loop
      vertex 10.4047 8.77837 0
      vertex 9.85 9.00814 3
      vertex 10.4047 8.77837 3
    endloop
  endfacet
  facet normal 0.382692 0.923876 0
    outer loop
      vertex 9.85 9.00814 3
      vertex 10.4047 8.77837 0
      vertex 9.85 9.00814 0
    endloop
  endfacet
  facet normal -0.793286 0.608849 0
    outer loop
      vertex 12.6263 9.37365 0
      vertex 12.9919 9.85 3
      vertex 12.9919 9.85 0
    endloop
  endfacet
  facet normal -0.793286 0.608849 0
    outer loop
      vertex 12.9919 9.85 3
      vertex 12.6263 9.37365 0
      vertex 12.6263 9.37365 3
    endloop
  endfacet
  facet normal -0.923917 0.382592 0
    outer loop
      vertex 12.9919 9.85 0
      vertex 13.2216 10.4047 3
      vertex 13.2216 10.4047 0
    endloop
  endfacet
  facet normal -0.923917 0.382592 0
    outer loop
      vertex 13.2216 10.4047 3
      vertex 12.9919 9.85 0
      vertex 12.9919 9.85 3
    endloop
  endfacet
  facet normal -0.382592 -0.923917 0
    outer loop
      vertex 11.5953 13.2216 0
      vertex 12.15 12.9919 3
      vertex 11.5953 13.2216 3
    endloop
  endfacet
  facet normal -0.382592 -0.923917 -0
    outer loop
      vertex 12.15 12.9919 3
      vertex 11.5953 13.2216 0
      vertex 12.15 12.9919 0
    endloop
  endfacet
  facet normal 0.608849 -0.793286 0
    outer loop
      vertex 9.37365 12.6263 0
      vertex 9.85 12.9919 3
      vertex 9.37365 12.6263 3
    endloop
  endfacet
  facet normal 0.608849 -0.793286 0
    outer loop
      vertex 9.85 12.9919 3
      vertex 9.37365 12.6263 0
      vertex 9.85 12.9919 0
    endloop
  endfacet
  facet normal -0.382692 0.923876 0
    outer loop
      vertex 12.15 9.00814 0
      vertex 11.5953 8.77837 3
      vertex 12.15 9.00814 3
    endloop
  endfacet
  facet normal -0.382692 0.923876 0
    outer loop
      vertex 11.5953 8.77837 3
      vertex 12.15 9.00814 0
      vertex 11.5953 8.77837 0
    endloop
  endfacet
  facet normal -0.130571 -0.991439 0
    outer loop
      vertex 11 13.3 0
      vertex 11.5953 13.2216 3
      vertex 11 13.3 3
    endloop
  endfacet
  facet normal -0.130571 -0.991439 -0
    outer loop
      vertex 11.5953 13.2216 3
      vertex 11 13.3 0
      vertex 11.5953 13.2216 0
    endloop
  endfacet
  facet normal 0.793327 -0.608795 0
    outer loop
      vertex 9.00814 12.15 3
      vertex 9.37365 12.6263 0
      vertex 9.37365 12.6263 3
    endloop
  endfacet
  facet normal 0.793327 -0.608795 0
    outer loop
      vertex 9.37365 12.6263 0
      vertex 9.00814 12.15 3
      vertex 9.00814 12.15 0
    endloop
  endfacet
  facet normal 0.382592 -0.923917 0
    outer loop
      vertex 9.85 12.9919 0
      vertex 10.4047 13.2216 3
      vertex 9.85 12.9919 3
    endloop
  endfacet
  facet normal 0.382592 -0.923917 0
    outer loop
      vertex 10.4047 13.2216 3
      vertex 9.85 12.9919 0
      vertex 10.4047 13.2216 0
    endloop
  endfacet
  facet normal 0.130522 0.991445 -0
    outer loop
      vertex 11 8.7 0
      vertex 10.4047 8.77837 3
      vertex 11 8.7 3
    endloop
  endfacet
  facet normal 0.130522 0.991445 0
    outer loop
      vertex 10.4047 8.77837 3
      vertex 11 8.7 0
      vertex 10.4047 8.77837 0
    endloop
  endfacet
  facet normal 0.923876 0.382692 0
    outer loop
      vertex 9.00814 9.85 3
      vertex 8.77837 10.4047 0
      vertex 8.77837 10.4047 3
    endloop
  endfacet
  facet normal 0.923876 0.382692 0
    outer loop
      vertex 8.77837 10.4047 0
      vertex 9.00814 9.85 3
      vertex 9.00814 9.85 0
    endloop
  endfacet
  facet normal -0.608889 -0.793255 0
    outer loop
      vertex 12.15 12.9919 0
      vertex 12.6263 12.6263 3
      vertex 12.15 12.9919 3
    endloop
  endfacet
  facet normal -0.608889 -0.793255 -0
    outer loop
      vertex 12.6263 12.6263 3
      vertex 12.15 12.9919 0
      vertex 12.6263 12.6263 0
    endloop
  endfacet
  facet normal 0.923876 -0.382692 0
    outer loop
      vertex 8.77837 11.5953 3
      vertex 9.00814 12.15 0
      vertex 9.00814 12.15 3
    endloop
  endfacet
  facet normal 0.923876 -0.382692 0
    outer loop
      vertex 9.00814 12.15 0
      vertex 8.77837 11.5953 3
      vertex 8.77837 11.5953 0
    endloop
  endfacet
  facet normal 0.130571 -0.991439 0
    outer loop
      vertex 10.4047 13.2216 0
      vertex 11 13.3 3
      vertex 10.4047 13.2216 3
    endloop
  endfacet
  facet normal 0.130571 -0.991439 0
    outer loop
      vertex 11 13.3 3
      vertex 10.4047 13.2216 0
      vertex 11 13.3 0
    endloop
  endfacet
  facet normal -0.793255 -0.608889 0
    outer loop
      vertex 12.9919 12.15 0
      vertex 12.6263 12.6263 3
      vertex 12.6263 12.6263 0
    endloop
  endfacet
  facet normal -0.793255 -0.608889 0
    outer loop
      vertex 12.6263 12.6263 3
      vertex 12.9919 12.15 0
      vertex 12.9919 12.15 3
    endloop
  endfacet
  facet normal 0.608755 0.793358 -0
    outer loop
      vertex 9.85 9.00814 0
      vertex 9.37365 9.37365 3
      vertex 9.85 9.00814 3
    endloop
  endfacet
  facet normal 0.608755 0.793358 0
    outer loop
      vertex 9.37365 9.37365 3
      vertex 9.85 9.00814 0
      vertex 9.37365 9.37365 0
    endloop
  endfacet
  facet normal -0.130522 0.991445 0
    outer loop
      vertex 11.5953 8.77837 0
      vertex 11 8.7 3
      vertex 11.5953 8.77837 3
    endloop
  endfacet
  facet normal -0.130522 0.991445 0
    outer loop
      vertex 11 8.7 3
      vertex 11.5953 8.77837 0
      vertex 11 8.7 0
    endloop
  endfacet
  facet normal 0.991437 -0.130586 0
    outer loop
      vertex 8.7 104 3
      vertex 8.77837 104.595 0
      vertex 8.77837 104.595 3
    endloop
  endfacet
  facet normal 0.991437 -0.130586 0
    outer loop
      vertex 8.77837 104.595 0
      vertex 8.7 104 3
      vertex 8.7 104 0
    endloop
  endfacet
  facet normal -0.92399 -0.382416 0
    outer loop
      vertex 13.2216 104.595 0
      vertex 12.9919 105.15 3
      vertex 12.9919 105.15 0
    endloop
  endfacet
  facet normal -0.92399 -0.382416 0
    outer loop
      vertex 12.9919 105.15 3
      vertex 13.2216 104.595 0
      vertex 13.2216 104.595 3
    endloop
  endfacet
  facet normal -0.99143 -0.130636 0
    outer loop
      vertex 13.3 104 0
      vertex 13.2216 104.595 3
      vertex 13.2216 104.595 0
    endloop
  endfacet
  facet normal -0.99143 -0.130636 0
    outer loop
      vertex 13.2216 104.595 3
      vertex 13.3 104 0
      vertex 13.3 104 3
    endloop
  endfacet
  facet normal -0.99143 0.130636 0
    outer loop
      vertex 13.2216 103.405 0
      vertex 13.3 104 3
      vertex 13.3 104 0
    endloop
  endfacet
  facet normal -0.99143 0.130636 0
    outer loop
      vertex 13.3 104 3
      vertex 13.2216 103.405 0
      vertex 13.2216 103.405 3
    endloop
  endfacet
  facet normal 0.991437 0.130586 0
    outer loop
      vertex 8.77837 103.405 3
      vertex 8.7 104 0
      vertex 8.7 104 3
    endloop
  endfacet
  facet normal 0.991437 0.130586 0
    outer loop
      vertex 8.7 104 0
      vertex 8.77837 103.405 3
      vertex 8.77837 103.405 0
    endloop
  endfacet
  facet normal -0.609308 0.792933 0
    outer loop
      vertex 12.6263 102.374 0
      vertex 12.15 102.008 3
      vertex 12.6263 102.374 3
    endloop
  endfacet
  facet normal -0.609308 0.792933 0
    outer loop
      vertex 12.15 102.008 3
      vertex 12.6263 102.374 0
      vertex 12.15 102.008 0
    endloop
  endfacet
  facet normal 0.793142 0.609037 0
    outer loop
      vertex 9.37365 102.374 3
      vertex 9.00814 102.85 0
      vertex 9.00814 102.85 3
    endloop
  endfacet
  facet normal 0.793142 0.609037 0
    outer loop
      vertex 9.00814 102.85 0
      vertex 9.37365 102.374 3
      vertex 9.37365 102.374 0
    endloop
  endfacet
  facet normal 0.383018 0.923741 -0
    outer loop
      vertex 10.4047 101.778 0
      vertex 9.85 102.008 3
      vertex 10.4047 101.778 3
    endloop
  endfacet
  facet normal 0.383018 0.923741 0
    outer loop
      vertex 9.85 102.008 3
      vertex 10.4047 101.778 0
      vertex 9.85 102.008 0
    endloop
  endfacet
  facet normal -0.79307 0.609131 0
    outer loop
      vertex 12.6263 102.374 0
      vertex 12.9919 102.85 3
      vertex 12.9919 102.85 0
    endloop
  endfacet
  facet normal -0.79307 0.609131 0
    outer loop
      vertex 12.9919 102.85 3
      vertex 12.6263 102.374 0
      vertex 12.6263 102.374 3
    endloop
  endfacet
  facet normal -0.92399 0.382416 0
    outer loop
      vertex 12.9919 102.85 0
      vertex 13.2216 103.405 3
      vertex 13.2216 103.405 0
    endloop
  endfacet
  facet normal -0.92399 0.382416 0
    outer loop
      vertex 13.2216 103.405 3
      vertex 12.9919 102.85 0
      vertex 12.9919 102.85 3
    endloop
  endfacet
  facet normal -0.383018 -0.923741 0
    outer loop
      vertex 11.5953 106.222 0
      vertex 12.15 105.992 3
      vertex 11.5953 106.222 3
    endloop
  endfacet
  facet normal -0.383018 -0.923741 -0
    outer loop
      vertex 12.15 105.992 3
      vertex 11.5953 106.222 0
      vertex 12.15 105.992 0
    endloop
  endfacet
  facet normal 0.609268 -0.792964 0
    outer loop
      vertex 9.37365 105.626 0
      vertex 9.85 105.992 3
      vertex 9.37365 105.626 3
    endloop
  endfacet
  facet normal 0.609268 -0.792964 0
    outer loop
      vertex 9.85 105.992 3
      vertex 9.37365 105.626 0
      vertex 9.85 105.992 0
    endloop
  endfacet
  facet normal -0.383018 0.923741 0
    outer loop
      vertex 12.15 102.008 0
      vertex 11.5953 101.778 3
      vertex 12.15 102.008 3
    endloop
  endfacet
  facet normal -0.383018 0.923741 0
    outer loop
      vertex 11.5953 101.778 3
      vertex 12.15 102.008 0
      vertex 11.5953 101.778 0
    endloop
  endfacet
  facet normal -0.129916 -0.991525 0
    outer loop
      vertex 11 106.3 0
      vertex 11.5953 106.222 3
      vertex 11 106.3 3
    endloop
  endfacet
  facet normal -0.129916 -0.991525 -0
    outer loop
      vertex 11.5953 106.222 3
      vertex 11 106.3 0
      vertex 11.5953 106.222 0
    endloop
  endfacet
  facet normal 0.793142 -0.609037 0
    outer loop
      vertex 9.00814 105.15 3
      vertex 9.37365 105.626 0
      vertex 9.37365 105.626 3
    endloop
  endfacet
  facet normal 0.793142 -0.609037 0
    outer loop
      vertex 9.37365 105.626 0
      vertex 9.00814 105.15 3
      vertex 9.00814 105.15 0
    endloop
  endfacet
  facet normal 0.383018 -0.923741 0
    outer loop
      vertex 9.85 105.992 0
      vertex 10.4047 106.222 3
      vertex 9.85 105.992 3
    endloop
  endfacet
  facet normal 0.383018 -0.923741 0
    outer loop
      vertex 10.4047 106.222 3
      vertex 9.85 105.992 0
      vertex 10.4047 106.222 0
    endloop
  endfacet
  facet normal 0.129916 0.991525 -0
    outer loop
      vertex 11 101.7 0
      vertex 10.4047 101.778 3
      vertex 11 101.7 3
    endloop
  endfacet
  facet normal 0.129916 0.991525 0
    outer loop
      vertex 10.4047 101.778 3
      vertex 11 101.7 0
      vertex 10.4047 101.778 0
    endloop
  endfacet
  facet normal 0.923949 0.382515 0
    outer loop
      vertex 9.00814 102.85 3
      vertex 8.77837 103.405 0
      vertex 8.77837 103.405 3
    endloop
  endfacet
  facet normal 0.923949 0.382515 0
    outer loop
      vertex 8.77837 103.405 0
      vertex 9.00814 102.85 3
      vertex 9.00814 102.85 0
    endloop
  endfacet
  facet normal -0.609308 -0.792933 0
    outer loop
      vertex 12.15 105.992 0
      vertex 12.6263 105.626 3
      vertex 12.15 105.992 3
    endloop
  endfacet
  facet normal -0.609308 -0.792933 -0
    outer loop
      vertex 12.6263 105.626 3
      vertex 12.15 105.992 0
      vertex 12.6263 105.626 0
    endloop
  endfacet
  facet normal 0.923949 -0.382515 0
    outer loop
      vertex 8.77837 104.595 3
      vertex 9.00814 105.15 0
      vertex 9.00814 105.15 3
    endloop
  endfacet
  facet normal 0.923949 -0.382515 0
    outer loop
      vertex 9.00814 105.15 0
      vertex 8.77837 104.595 3
      vertex 8.77837 104.595 0
    endloop
  endfacet
  facet normal 0.129916 -0.991525 0
    outer loop
      vertex 10.4047 106.222 0
      vertex 11 106.3 3
      vertex 10.4047 106.222 3
    endloop
  endfacet
  facet normal 0.129916 -0.991525 0
    outer loop
      vertex 11 106.3 3
      vertex 10.4047 106.222 0
      vertex 11 106.3 0
    endloop
  endfacet
  facet normal -0.79307 -0.609131 0
    outer loop
      vertex 12.9919 105.15 0
      vertex 12.6263 105.626 3
      vertex 12.6263 105.626 0
    endloop
  endfacet
  facet normal -0.79307 -0.609131 0
    outer loop
      vertex 12.6263 105.626 3
      vertex 12.9919 105.15 0
      vertex 12.9919 105.15 3
    endloop
  endfacet
  facet normal 0.609268 0.792964 -0
    outer loop
      vertex 9.85 102.008 0
      vertex 9.37365 102.374 3
      vertex 9.85 102.008 3
    endloop
  endfacet
  facet normal 0.609268 0.792964 0
    outer loop
      vertex 9.37365 102.374 3
      vertex 9.85 102.008 0
      vertex 9.37365 102.374 0
    endloop
  endfacet
  facet normal -0.129916 0.991525 0
    outer loop
      vertex 11.5953 101.778 0
      vertex 11 101.7 3
      vertex 11.5953 101.778 3
    endloop
  endfacet
  facet normal -0.129916 0.991525 0
    outer loop
      vertex 11 101.7 3
      vertex 11.5953 101.778 0
      vertex 11 101.7 0
    endloop
  endfacet
  facet normal -0.923741 -0.383018 0
    outer loop
      vertex 161.222 11.5953 0
      vertex 160.992 12.15 3
      vertex 160.992 12.15 0
    endloop
  endfacet
  facet normal -0.923741 -0.383018 0
    outer loop
      vertex 160.992 12.15 3
      vertex 161.222 11.5953 0
      vertex 161.222 11.5953 3
    endloop
  endfacet
  facet normal -0.991525 -0.129916 0
    outer loop
      vertex 161.3 11 0
      vertex 161.222 11.5953 3
      vertex 161.222 11.5953 0
    endloop
  endfacet
  facet normal -0.991525 -0.129916 0
    outer loop
      vertex 161.222 11.5953 3
      vertex 161.3 11 0
      vertex 161.3 11 3
    endloop
  endfacet
  facet normal -0.991525 0.129916 0
    outer loop
      vertex 161.222 10.4047 0
      vertex 161.3 11 3
      vertex 161.3 11 0
    endloop
  endfacet
  facet normal -0.991525 0.129916 0
    outer loop
      vertex 161.3 11 3
      vertex 161.222 10.4047 0
      vertex 161.222 10.4047 3
    endloop
  endfacet
  facet normal 0.130586 0.991437 -0
    outer loop
      vertex 159 8.7 0
      vertex 158.405 8.77837 3
      vertex 159 8.7 3
    endloop
  endfacet
  facet normal 0.130586 0.991437 0
    outer loop
      vertex 158.405 8.77837 3
      vertex 159 8.7 0
      vertex 158.405 8.77837 0
    endloop
  endfacet
  facet normal -0.609037 0.793142 0
    outer loop
      vertex 160.626 9.37365 0
      vertex 160.15 9.00814 3
      vertex 160.626 9.37365 3
    endloop
  endfacet
  facet normal -0.609037 0.793142 0
    outer loop
      vertex 160.15 9.00814 3
      vertex 160.626 9.37365 0
      vertex 160.15 9.00814 0
    endloop
  endfacet
  facet normal 0.792964 0.609268 0
    outer loop
      vertex 157.374 9.37365 3
      vertex 157.008 9.85 0
      vertex 157.008 9.85 3
    endloop
  endfacet
  facet normal 0.792964 0.609268 0
    outer loop
      vertex 157.008 9.85 0
      vertex 157.374 9.37365 3
      vertex 157.374 9.37365 0
    endloop
  endfacet
  facet normal -0.130586 0.991437 0
    outer loop
      vertex 159.595 8.77837 0
      vertex 159 8.7 3
      vertex 159.595 8.77837 3
    endloop
  endfacet
  facet normal -0.130586 0.991437 0
    outer loop
      vertex 159 8.7 3
      vertex 159.595 8.77837 0
      vertex 159 8.7 0
    endloop
  endfacet
  facet normal 0.382515 0.923949 -0
    outer loop
      vertex 158.405 8.77837 0
      vertex 157.85 9.00814 3
      vertex 158.405 8.77837 3
    endloop
  endfacet
  facet normal 0.382515 0.923949 0
    outer loop
      vertex 157.85 9.00814 3
      vertex 158.405 8.77837 0
      vertex 157.85 9.00814 0
    endloop
  endfacet
  facet normal -0.792964 0.609268 0
    outer loop
      vertex 160.626 9.37365 0
      vertex 160.992 9.85 3
      vertex 160.992 9.85 0
    endloop
  endfacet
  facet normal -0.792964 0.609268 0
    outer loop
      vertex 160.992 9.85 3
      vertex 160.626 9.37365 0
      vertex 160.626 9.37365 3
    endloop
  endfacet
  facet normal -0.923741 0.383018 0
    outer loop
      vertex 160.992 9.85 0
      vertex 161.222 10.4047 3
      vertex 161.222 10.4047 0
    endloop
  endfacet
  facet normal -0.923741 0.383018 0
    outer loop
      vertex 161.222 10.4047 3
      vertex 160.992 9.85 0
      vertex 160.992 9.85 3
    endloop
  endfacet
  facet normal -0.382416 -0.92399 0
    outer loop
      vertex 159.595 13.2216 0
      vertex 160.15 12.9919 3
      vertex 159.595 13.2216 3
    endloop
  endfacet
  facet normal -0.382416 -0.92399 -0
    outer loop
      vertex 160.15 12.9919 3
      vertex 159.595 13.2216 0
      vertex 160.15 12.9919 0
    endloop
  endfacet
  facet normal 0.609131 -0.79307 0
    outer loop
      vertex 157.374 12.6263 0
      vertex 157.85 12.9919 3
      vertex 157.374 12.6263 3
    endloop
  endfacet
  facet normal 0.609131 -0.79307 0
    outer loop
      vertex 157.85 12.9919 3
      vertex 157.374 12.6263 0
      vertex 157.85 12.9919 0
    endloop
  endfacet
  facet normal -0.382515 0.923949 0
    outer loop
      vertex 160.15 9.00814 0
      vertex 159.595 8.77837 3
      vertex 160.15 9.00814 3
    endloop
  endfacet
  facet normal -0.382515 0.923949 0
    outer loop
      vertex 159.595 8.77837 3
      vertex 160.15 9.00814 0
      vertex 159.595 8.77837 0
    endloop
  endfacet
  facet normal -0.130636 -0.99143 0
    outer loop
      vertex 159 13.3 0
      vertex 159.595 13.2216 3
      vertex 159 13.3 3
    endloop
  endfacet
  facet normal -0.130636 -0.99143 -0
    outer loop
      vertex 159.595 13.2216 3
      vertex 159 13.3 0
      vertex 159.595 13.2216 0
    endloop
  endfacet
  facet normal 0.792933 -0.609308 0
    outer loop
      vertex 157.008 12.15 3
      vertex 157.374 12.6263 0
      vertex 157.374 12.6263 3
    endloop
  endfacet
  facet normal 0.792933 -0.609308 0
    outer loop
      vertex 157.374 12.6263 0
      vertex 157.008 12.15 3
      vertex 157.008 12.15 0
    endloop
  endfacet
  facet normal 0.382416 -0.92399 0
    outer loop
      vertex 157.85 12.9919 0
      vertex 158.405 13.2216 3
      vertex 157.85 12.9919 3
    endloop
  endfacet
  facet normal 0.382416 -0.92399 0
    outer loop
      vertex 158.405 13.2216 3
      vertex 157.85 12.9919 0
      vertex 158.405 13.2216 0
    endloop
  endfacet
  facet normal 0.991525 -0.129916 0
    outer loop
      vertex 156.7 11 3
      vertex 156.778 11.5953 0
      vertex 156.778 11.5953 3
    endloop
  endfacet
  facet normal 0.991525 -0.129916 0
    outer loop
      vertex 156.778 11.5953 0
      vertex 156.7 11 3
      vertex 156.7 11 0
    endloop
  endfacet
  facet normal -0.792933 -0.609308 0
    outer loop
      vertex 160.992 12.15 0
      vertex 160.626 12.6263 3
      vertex 160.626 12.6263 0
    endloop
  endfacet
  facet normal -0.792933 -0.609308 0
    outer loop
      vertex 160.626 12.6263 3
      vertex 160.992 12.15 0
      vertex 160.992 12.15 3
    endloop
  endfacet
  facet normal 0.923741 0.383018 0
    outer loop
      vertex 157.008 9.85 3
      vertex 156.778 10.4047 0
      vertex 156.778 10.4047 3
    endloop
  endfacet
  facet normal 0.923741 0.383018 0
    outer loop
      vertex 156.778 10.4047 0
      vertex 157.008 9.85 3
      vertex 157.008 9.85 0
    endloop
  endfacet
  facet normal -0.609131 -0.79307 0
    outer loop
      vertex 160.15 12.9919 0
      vertex 160.626 12.6263 3
      vertex 160.15 12.9919 3
    endloop
  endfacet
  facet normal -0.609131 -0.79307 -0
    outer loop
      vertex 160.626 12.6263 3
      vertex 160.15 12.9919 0
      vertex 160.626 12.6263 0
    endloop
  endfacet
  facet normal 0.923741 -0.383018 0
    outer loop
      vertex 156.778 11.5953 3
      vertex 157.008 12.15 0
      vertex 157.008 12.15 3
    endloop
  endfacet
  facet normal 0.923741 -0.383018 0
    outer loop
      vertex 157.008 12.15 0
      vertex 156.778 11.5953 3
      vertex 156.778 11.5953 0
    endloop
  endfacet
  facet normal 0.991525 0.129916 0
    outer loop
      vertex 156.778 10.4047 3
      vertex 156.7 11 0
      vertex 156.7 11 3
    endloop
  endfacet
  facet normal 0.991525 0.129916 0
    outer loop
      vertex 156.7 11 0
      vertex 156.778 10.4047 3
      vertex 156.778 10.4047 0
    endloop
  endfacet
  facet normal 0.130636 -0.99143 0
    outer loop
      vertex 158.405 13.2216 0
      vertex 159 13.3 3
      vertex 158.405 13.2216 3
    endloop
  endfacet
  facet normal 0.130636 -0.99143 0
    outer loop
      vertex 159 13.3 3
      vertex 158.405 13.2216 0
      vertex 159 13.3 0
    endloop
  endfacet
  facet normal 0.609037 0.793142 -0
    outer loop
      vertex 157.85 9.00814 0
      vertex 157.374 9.37365 3
      vertex 157.85 9.00814 3
    endloop
  endfacet
  facet normal 0.609037 0.793142 0
    outer loop
      vertex 157.374 9.37365 3
      vertex 157.85 9.00814 0
      vertex 157.374 9.37365 0
    endloop
  endfacet
  facet normal 0.991517 -0.12998 0
    outer loop
      vertex 156.7 104 2.6
      vertex 156.778 104.595 0
      vertex 156.778 104.595 2.6
    endloop
  endfacet
  facet normal 0.991517 -0.12998 0
    outer loop
      vertex 156.778 104.595 0
      vertex 156.7 104 2.6
      vertex 156.7 104 0
    endloop
  endfacet
  facet normal -0.923814 -0.382842 0
    outer loop
      vertex 161.222 104.595 0
      vertex 160.992 105.15 2.6
      vertex 160.992 105.15 0
    endloop
  endfacet
  facet normal -0.923814 -0.382842 0
    outer loop
      vertex 160.992 105.15 2.6
      vertex 161.222 104.595 0
      vertex 161.222 104.595 2.6
    endloop
  endfacet
  facet normal -0.991517 -0.12998 0
    outer loop
      vertex 161.3 104 0
      vertex 161.222 104.595 2.6
      vertex 161.222 104.595 0
    endloop
  endfacet
  facet normal -0.991517 -0.12998 0
    outer loop
      vertex 161.222 104.595 2.6
      vertex 161.3 104 0
      vertex 161.3 104 2.6
    endloop
  endfacet
  facet normal -0.991517 0.12998 0
    outer loop
      vertex 161.222 103.405 0
      vertex 161.3 104 2.6
      vertex 161.3 104 0
    endloop
  endfacet
  facet normal -0.991517 0.12998 0
    outer loop
      vertex 161.3 104 2.6
      vertex 161.222 103.405 0
      vertex 161.222 103.405 2.6
    endloop
  endfacet
  facet normal 0.991517 0.12998 0
    outer loop
      vertex 156.778 103.405 2.6
      vertex 156.7 104 0
      vertex 156.7 104 2.6
    endloop
  endfacet
  facet normal 0.991517 0.12998 0
    outer loop
      vertex 156.7 104 0
      vertex 156.778 103.405 2.6
      vertex 156.778 103.405 0
    endloop
  endfacet
  facet normal -0.60955 0.792748 0
    outer loop
      vertex 160.626 102.374 0
      vertex 160.15 102.008 2.6
      vertex 160.626 102.374 2.6
    endloop
  endfacet
  facet normal -0.60955 0.792748 0
    outer loop
      vertex 160.15 102.008 2.6
      vertex 160.626 102.374 0
      vertex 160.15 102.008 0
    endloop
  endfacet
  facet normal 0.792748 0.60955 0
    outer loop
      vertex 157.374 102.374 2.6
      vertex 157.008 102.85 0
      vertex 157.008 102.85 2.6
    endloop
  endfacet
  facet normal 0.792748 0.60955 0
    outer loop
      vertex 157.008 102.85 0
      vertex 157.374 102.374 2.6
      vertex 157.374 102.374 0
    endloop
  endfacet
  facet normal 0.382842 0.923814 -0
    outer loop
      vertex 158.405 101.778 0
      vertex 157.85 102.008 2.6
      vertex 158.405 101.778 2.6
    endloop
  endfacet
  facet normal 0.382842 0.923814 0
    outer loop
      vertex 157.85 102.008 2.6
      vertex 158.405 101.778 0
      vertex 157.85 102.008 0
    endloop
  endfacet
  facet normal -0.792748 0.60955 0
    outer loop
      vertex 160.626 102.374 0
      vertex 160.992 102.85 2.6
      vertex 160.992 102.85 0
    endloop
  endfacet
  facet normal -0.792748 0.60955 0
    outer loop
      vertex 160.992 102.85 2.6
      vertex 160.626 102.374 0
      vertex 160.626 102.374 2.6
    endloop
  endfacet
  facet normal -0.923814 0.382842 0
    outer loop
      vertex 160.992 102.85 0
      vertex 161.222 103.405 2.6
      vertex 161.222 103.405 0
    endloop
  endfacet
  facet normal -0.923814 0.382842 0
    outer loop
      vertex 161.222 103.405 2.6
      vertex 160.992 102.85 0
      vertex 160.992 102.85 2.6
    endloop
  endfacet
  facet normal -0.382842 -0.923814 0
    outer loop
      vertex 159.595 106.222 0
      vertex 160.15 105.992 2.6
      vertex 159.595 106.222 2.6
    endloop
  endfacet
  facet normal -0.382842 -0.923814 -0
    outer loop
      vertex 160.15 105.992 2.6
      vertex 159.595 106.222 0
      vertex 160.15 105.992 0
    endloop
  endfacet
  facet normal 0.60955 -0.792748 0
    outer loop
      vertex 157.374 105.626 0
      vertex 157.85 105.992 2.6
      vertex 157.374 105.626 2.6
    endloop
  endfacet
  facet normal 0.60955 -0.792748 0
    outer loop
      vertex 157.85 105.992 2.6
      vertex 157.374 105.626 0
      vertex 157.85 105.992 0
    endloop
  endfacet
  facet normal -0.382842 0.923814 0
    outer loop
      vertex 160.15 102.008 0
      vertex 159.595 101.778 2.6
      vertex 160.15 102.008 2.6
    endloop
  endfacet
  facet normal -0.382842 0.923814 0
    outer loop
      vertex 159.595 101.778 2.6
      vertex 160.15 102.008 0
      vertex 159.595 101.778 0
    endloop
  endfacet
  facet normal -0.12998 -0.991517 0
    outer loop
      vertex 159 106.3 0
      vertex 159.595 106.222 2.6
      vertex 159 106.3 2.6
    endloop
  endfacet
  facet normal -0.12998 -0.991517 -0
    outer loop
      vertex 159.595 106.222 2.6
      vertex 159 106.3 0
      vertex 159.595 106.222 0
    endloop
  endfacet
  facet normal 0.792748 -0.60955 0
    outer loop
      vertex 157.008 105.15 2.6
      vertex 157.374 105.626 0
      vertex 157.374 105.626 2.6
    endloop
  endfacet
  facet normal 0.792748 -0.60955 0
    outer loop
      vertex 157.374 105.626 0
      vertex 157.008 105.15 2.6
      vertex 157.008 105.15 0
    endloop
  endfacet
  facet normal 0.382842 -0.923814 0
    outer loop
      vertex 157.85 105.992 0
      vertex 158.405 106.222 2.6
      vertex 157.85 105.992 2.6
    endloop
  endfacet
  facet normal 0.382842 -0.923814 0
    outer loop
      vertex 158.405 106.222 2.6
      vertex 157.85 105.992 0
      vertex 158.405 106.222 0
    endloop
  endfacet
  facet normal 0.12998 0.991517 -0
    outer loop
      vertex 159 101.7 0
      vertex 158.405 101.778 2.6
      vertex 159 101.7 2.6
    endloop
  endfacet
  facet normal 0.12998 0.991517 0
    outer loop
      vertex 158.405 101.778 2.6
      vertex 159 101.7 0
      vertex 158.405 101.778 0
    endloop
  endfacet
  facet normal 0.923814 0.382842 0
    outer loop
      vertex 157.008 102.85 2.6
      vertex 156.778 103.405 0
      vertex 156.778 103.405 2.6
    endloop
  endfacet
  facet normal 0.923814 0.382842 0
    outer loop
      vertex 156.778 103.405 0
      vertex 157.008 102.85 2.6
      vertex 157.008 102.85 0
    endloop
  endfacet
  facet normal -0.60955 -0.792748 0
    outer loop
      vertex 160.15 105.992 0
      vertex 160.626 105.626 2.6
      vertex 160.15 105.992 2.6
    endloop
  endfacet
  facet normal -0.60955 -0.792748 -0
    outer loop
      vertex 160.626 105.626 2.6
      vertex 160.15 105.992 0
      vertex 160.626 105.626 0
    endloop
  endfacet
  facet normal 0.923814 -0.382842 0
    outer loop
      vertex 156.778 104.595 2.6
      vertex 157.008 105.15 0
      vertex 157.008 105.15 2.6
    endloop
  endfacet
  facet normal 0.923814 -0.382842 0
    outer loop
      vertex 157.008 105.15 0
      vertex 156.778 104.595 2.6
      vertex 156.778 104.595 0
    endloop
  endfacet
  facet normal 0.12998 -0.991517 0
    outer loop
      vertex 158.405 106.222 0
      vertex 159 106.3 2.6
      vertex 158.405 106.222 2.6
    endloop
  endfacet
  facet normal 0.12998 -0.991517 0
    outer loop
      vertex 159 106.3 2.6
      vertex 158.405 106.222 0
      vertex 159 106.3 0
    endloop
  endfacet
  facet normal -0.792748 -0.60955 0
    outer loop
      vertex 160.992 105.15 0
      vertex 160.626 105.626 2.6
      vertex 160.626 105.626 0
    endloop
  endfacet
  facet normal -0.792748 -0.60955 0
    outer loop
      vertex 160.626 105.626 2.6
      vertex 160.992 105.15 0
      vertex 160.992 105.15 2.6
    endloop
  endfacet
  facet normal 0.60955 0.792748 -0
    outer loop
      vertex 157.85 102.008 0
      vertex 157.374 102.374 2.6
      vertex 157.85 102.008 2.6
    endloop
  endfacet
  facet normal 0.60955 0.792748 0
    outer loop
      vertex 157.374 102.374 2.6
      vertex 157.85 102.008 0
      vertex 157.374 102.374 0
    endloop
  endfacet
  facet normal -0.12998 0.991517 0
    outer loop
      vertex 159.595 101.778 0
      vertex 159 101.7 2.6
      vertex 159.595 101.778 2.6
    endloop
  endfacet
  facet normal -0.12998 0.991517 0
    outer loop
      vertex 159 101.7 2.6
      vertex 159.595 101.778 0
      vertex 159 101.7 0
    endloop
  endfacet
  facet normal -1 0 0
    outer loop
      vertex 44 112 4
      vertex 44 115 7
      vertex 44 115 4
    endloop
  endfacet
  facet normal -1 -0 0
    outer loop
      vertex 44 115 7
      vertex 44 112 4
      vertex 44 112 7
    endloop
  endfacet
  facet normal 0 0 -1
    outer loop
      vertex 34 112 7
      vertex 44 115 7
      vertex 44 112 7
    endloop
  endfacet
  facet normal -0 0 -1
    outer loop
      vertex 44 115 7
      vertex 34 112 7
      vertex 34 115 7
    endloop
  endfacet
  facet normal -0 0 1
    outer loop
      vertex 34 115 4
      vertex 44 112 4
      vertex 44 115 4
    endloop
  endfacet
  facet normal 0 0 1
    outer loop
      vertex 44 112 4
      vertex 34 115 4
      vertex 34 112 4
    endloop
  endfacet
  facet normal 1 -0 0
    outer loop
      vertex 34 112 7
      vertex 34 115 4
      vertex 34 115 7
    endloop
  endfacet
  facet normal 1 0 0
    outer loop
      vertex 34 115 4
      vertex 34 112 7
      vertex 34 112 4
    endloop
  endfacet
  facet normal 0 -1 0
    outer loop
      vertex 104 112 4
      vertex 114 112 7
      vertex 104 112 7
    endloop
  endfacet
  facet normal 0 -1 -0
    outer loop
      vertex 114 112 7
      vertex 104 112 4
      vertex 114 112 4
    endloop
  endfacet
  facet normal 0 -1 0
    outer loop
      vertex 84 112 4
      vertex 94 112 7
      vertex 84 112 7
    endloop
  endfacet
  facet normal 0 -1 -0
    outer loop
      vertex 94 112 7
      vertex 84 112 4
      vertex 94 112 4
    endloop
  endfacet
  facet normal 0 -1 0
    outer loop
      vertex 64 112 4
      vertex 74 112 7
      vertex 64 112 7
    endloop
  endfacet
  facet normal 0 -1 -0
    outer loop
      vertex 74 112 7
      vertex 64 112 4
      vertex 74 112 4
    endloop
  endfacet
  facet normal 0 -1 0
    outer loop
      vertex 44 112 4
      vertex 54 112 7
      vertex 44 112 7
    endloop
  endfacet
  facet normal 0 -1 -0
    outer loop
      vertex 54 112 7
      vertex 44 112 4
      vertex 54 112 4
    endloop
  endfacet
  facet normal 0 -1 0
    outer loop
      vertex 44 112 7
      vertex 7 112 44
      vertex 34 112 7
    endloop
  endfacet
  facet normal 0 -1 0
    outer loop
      vertex 7 112 3
      vertex 34 112 7
      vertex 7 112 44
    endloop
  endfacet
  facet normal 0 -1 0
    outer loop
      vertex 7 112 3
      vertex 44 112 4
      vertex 34 112 4
    endloop
  endfacet
  facet normal 0 -1 -0
    outer loop
      vertex 44 112 4
      vertex 7 112 3
      vertex 54 112 4
    endloop
  endfacet
  facet normal 0 -1 -0
    outer loop
      vertex 54 112 4
      vertex 7 112 3
      vertex 64 112 4
    endloop
  endfacet
  facet normal 0 -1 -0
    outer loop
      vertex 64 112 4
      vertex 7 112 3
      vertex 74 112 4
    endloop
  endfacet
  facet normal 0 -1 -0
    outer loop
      vertex 74 112 4
      vertex 7 112 3
      vertex 84 112 4
    endloop
  endfacet
  facet normal 0 -1 -0
    outer loop
      vertex 84 112 4
      vertex 7 112 3
      vertex 94 112 4
    endloop
  endfacet
  facet normal 0 -1 -0
    outer loop
      vertex 94 112 4
      vertex 7 112 3
      vertex 104 112 4
    endloop
  endfacet
  facet normal 0 -1 0
    outer loop
      vertex 163 112 3
      vertex 104 112 4
      vertex 7 112 3
    endloop
  endfacet
  facet normal 0 -1 0
    outer loop
      vertex 104 112 4
      vertex 163 112 3
      vertex 114 112 4
    endloop
  endfacet
  facet normal 0 -1 -0
    outer loop
      vertex 34 112 7
      vertex 7 112 3
      vertex 34 112 4
    endloop
  endfacet
  facet normal 0 -1 0
    outer loop
      vertex 54 112 7
      vertex 7 112 44
      vertex 44 112 7
    endloop
  endfacet
  facet normal 0 -1 0
    outer loop
      vertex 64 112 7
      vertex 7 112 44
      vertex 54 112 7
    endloop
  endfacet
  facet normal 0 -1 0
    outer loop
      vertex 74 112 7
      vertex 7 112 44
      vertex 64 112 7
    endloop
  endfacet
  facet normal 0 -1 0
    outer loop
      vertex 84 112 7
      vertex 7 112 44
      vertex 74 112 7
    endloop
  endfacet
  facet normal 0 -1 0
    outer loop
      vertex 7 112 44
      vertex 84 112 7
      vertex 163 112 44
    endloop
  endfacet
  facet normal 0 -1 0
    outer loop
      vertex 94 112 7
      vertex 163 112 44
      vertex 84 112 7
    endloop
  endfacet
  facet normal 0 -1 0
    outer loop
      vertex 104 112 7
      vertex 163 112 44
      vertex 94 112 7
    endloop
  endfacet
  facet normal 0 -1 0
    outer loop
      vertex 114 112 7
      vertex 163 112 44
      vertex 104 112 7
    endloop
  endfacet
  facet normal 0 -1 0
    outer loop
      vertex 124 112 7
      vertex 163 112 44
      vertex 114 112 7
    endloop
  endfacet
  facet normal 0 -1 0
    outer loop
      vertex 163 112 3
      vertex 124 112 7
      vertex 124 112 4
    endloop
  endfacet
  facet normal 0 -1 0
    outer loop
      vertex 124 112 7
      vertex 163 112 3
      vertex 163 112 44
    endloop
  endfacet
  facet normal 0 -1 0
    outer loop
      vertex 114 112 4
      vertex 163 112 3
      vertex 124 112 4
    endloop
  endfacet
  facet normal -1 0 0
    outer loop
      vertex 64 112 4
      vertex 64 115 7
      vertex 64 115 4
    endloop
  endfacet
  facet normal -1 -0 0
    outer loop
      vertex 64 115 7
      vertex 64 112 4
      vertex 64 112 7
    endloop
  endfacet
  facet normal 0 0 -1
    outer loop
      vertex 54 112 7
      vertex 64 115 7
      vertex 64 112 7
    endloop
  endfacet
  facet normal -0 0 -1
    outer loop
      vertex 64 115 7
      vertex 54 112 7
      vertex 54 115 7
    endloop
  endfacet
  facet normal -0 0 1
    outer loop
      vertex 54 115 4
      vertex 64 112 4
      vertex 64 115 4
    endloop
  endfacet
  facet normal 0 0 1
    outer loop
      vertex 64 112 4
      vertex 54 115 4
      vertex 54 112 4
    endloop
  endfacet
  facet normal 1 -0 0
    outer loop
      vertex 54 112 7
      vertex 54 115 4
      vertex 54 115 7
    endloop
  endfacet
  facet normal 1 0 0
    outer loop
      vertex 54 115 4
      vertex 54 112 7
      vertex 54 112 4
    endloop
  endfacet
  facet normal -1 0 0
    outer loop
      vertex 84 112 4
      vertex 84 115 7
      vertex 84 115 4
    endloop
  endfacet
  facet normal -1 -0 0
    outer loop
      vertex 84 115 7
      vertex 84 112 4
      vertex 84 112 7
    endloop
  endfacet
  facet normal 0 0 -1
    outer loop
      vertex 74 112 7
      vertex 84 115 7
      vertex 84 112 7
    endloop
  endfacet
  facet normal -0 0 -1
    outer loop
      vertex 84 115 7
      vertex 74 112 7
      vertex 74 115 7
    endloop
  endfacet
  facet normal -0 0 1
    outer loop
      vertex 74 115 4
      vertex 84 112 4
      vertex 84 115 4
    endloop
  endfacet
  facet normal 0 0 1
    outer loop
      vertex 84 112 4
      vertex 74 115 4
      vertex 74 112 4
    endloop
  endfacet
  facet normal 1 -0 0
    outer loop
      vertex 74 112 7
      vertex 74 115 4
      vertex 74 115 7
    endloop
  endfacet
  facet normal 1 0 0
    outer loop
      vertex 74 115 4
      vertex 74 112 7
      vertex 74 112 4
    endloop
  endfacet
  facet normal -1 0 0
    outer loop
      vertex 104 112 4
      vertex 104 115 7
      vertex 104 115 4
    endloop
  endfacet
  facet normal -1 -0 0
    outer loop
      vertex 104 115 7
      vertex 104 112 4
      vertex 104 112 7
    endloop
  endfacet
  facet normal 0 0 -1
    outer loop
      vertex 94 112 7
      vertex 104 115 7
      vertex 104 112 7
    endloop
  endfacet
  facet normal -0 0 -1
    outer loop
      vertex 104 115 7
      vertex 94 112 7
      vertex 94 115 7
    endloop
  endfacet
  facet normal -0 0 1
    outer loop
      vertex 94 115 4
      vertex 104 112 4
      vertex 104 115 4
    endloop
  endfacet
  facet normal 0 0 1
    outer loop
      vertex 104 112 4
      vertex 94 115 4
      vertex 94 112 4
    endloop
  endfacet
  facet normal 1 -0 0
    outer loop
      vertex 94 112 7
      vertex 94 115 4
      vertex 94 115 7
    endloop
  endfacet
  facet normal 1 0 0
    outer loop
      vertex 94 115 4
      vertex 94 112 7
      vertex 94 112 4
    endloop
  endfacet
  facet normal -1 0 0
    outer loop
      vertex 124 112 4
      vertex 124 115 7
      vertex 124 115 4
    endloop
  endfacet
  facet normal -1 -0 0
    outer loop
      vertex 124 115 7
      vertex 124 112 4
      vertex 124 112 7
    endloop
  endfacet
  facet normal 0 0 -1
    outer loop
      vertex 114 112 7
      vertex 124 115 7
      vertex 124 112 7
    endloop
  endfacet
  facet normal -0 0 -1
    outer loop
      vertex 124 115 7
      vertex 114 112 7
      vertex 114 115 7
    endloop
  endfacet
  facet normal -0 0 1
    outer loop
      vertex 114 115 4
      vertex 124 112 4
      vertex 124 115 4
    endloop
  endfacet
  facet normal 0 0 1
    outer loop
      vertex 124 112 4
      vertex 114 115 4
      vertex 114 112 4
    endloop
  endfacet
  facet normal 1 -0 0
    outer loop
      vertex 114 112 7
      vertex 114 115 4
      vertex 114 115 7
    endloop
  endfacet
  facet normal 1 0 0
    outer loop
      vertex 114 115 4
      vertex 114 112 7
      vertex 114 112 4
    endloop
  endfacet
  facet normal 0.608303 0.793705 -0
    outer loop
      vertex 168.536 113.536 0
      vertex 167.5 114.33 46
      vertex 168.536 113.536 46
    endloop
  endfacet
  facet normal 0.608303 0.793705 0
    outer loop
      vertex 167.5 114.33 46
      vertex 168.536 113.536 0
      vertex 167.5 114.33 0
    endloop
  endfacet
  facet normal -0.92389 0.382658 0
    outer loop
      vertex 0.17037 111.294 0
      vertex 0.669872 112.5 46
      vertex 0.669872 112.5 0
    endloop
  endfacet
  facet normal -0.92389 0.382658 0
    outer loop
      vertex 0.669872 112.5 46
      vertex 0.17037 111.294 0
      vertex 0.17037 111.294 46
    endloop
  endfacet
  facet normal 0 0 -1
    outer loop
      vertex 157.008 12.15 0
      vertex 12.9919 12.15 0
      vertex 157.008 102.85 0
    endloop
  endfacet
  facet normal 0 0 -1
    outer loop
      vertex 157.008 102.85 0
      vertex 13.2216 103.405 0
      vertex 13.3 104 0
    endloop
  endfacet
  facet normal 0 0 -1
    outer loop
      vertex 12.9919 102.85 0
      vertex 157.008 102.85 0
      vertex 12.9919 12.15 0
    endloop
  endfacet
  facet normal 0 0 -1
    outer loop
      vertex 157.008 102.85 0
      vertex 12.9919 102.85 0
      vertex 13.2216 103.405 0
    endloop
  endfacet
  facet normal 0 0 -1
    outer loop
      vertex 12.6263 12.6263 0
      vertex 12.9919 102.85 0
      vertex 12.9919 12.15 0
    endloop
  endfacet
  facet normal 0 0 -1
    outer loop
      vertex 12.6263 12.6263 0
      vertex 12.6263 102.374 0
      vertex 12.9919 102.85 0
    endloop
  endfacet
  facet normal 0 0 -1
    outer loop
      vertex 12.15 12.9919 0
      vertex 12.6263 102.374 0
      vertex 12.6263 12.6263 0
    endloop
  endfacet
  facet normal 0 0 -1
    outer loop
      vertex 12.15 12.9919 0
      vertex 12.15 102.008 0
      vertex 12.6263 102.374 0
    endloop
  endfacet
  facet normal 0 0 -1
    outer loop
      vertex 11.5953 13.2216 0
      vertex 12.15 102.008 0
      vertex 12.15 12.9919 0
    endloop
  endfacet
  facet normal 0 0 -1
    outer loop
      vertex 11.5953 13.2216 0
      vertex 11.5953 101.778 0
      vertex 12.15 102.008 0
    endloop
  endfacet
  facet normal 0 0 -1
    outer loop
      vertex 11 13.3 0
      vertex 11.5953 101.778 0
      vertex 11.5953 13.2216 0
    endloop
  endfacet
  facet normal 0 0 -1
    outer loop
      vertex 11 13.3 0
      vertex 11 101.7 0
      vertex 11.5953 101.778 0
    endloop
  endfacet
  facet normal 0 0 -1
    outer loop
      vertex 10.4047 13.2216 0
      vertex 11 101.7 0
      vertex 11 13.3 0
    endloop
  endfacet
  facet normal 0 0 -1
    outer loop
      vertex 10.4047 13.2216 0
      vertex 10.4047 101.778 0
      vertex 11 101.7 0
    endloop
  endfacet
  facet normal 0 0 -1
    outer loop
      vertex 9.85 12.9919 0
      vertex 10.4047 101.778 0
      vertex 10.4047 13.2216 0
    endloop
  endfacet
  facet normal 0 0 -1
    outer loop
      vertex 9.85 12.9919 0
      vertex 9.85 102.008 0
      vertex 10.4047 101.778 0
    endloop
  endfacet
  facet normal 0 0 -1
    outer loop
      vertex 9.37365 12.6263 0
      vertex 9.85 102.008 0
      vertex 9.85 12.9919 0
    endloop
  endfacet
  facet normal 0 0 -1
    outer loop
      vertex 9.37365 12.6263 0
      vertex 9.37365 102.374 0
      vertex 9.85 102.008 0
    endloop
  endfacet
  facet normal 0 0 -1
    outer loop
      vertex 0 5 0
      vertex 9.37365 12.6263 0
      vertex 9.00814 12.15 0
    endloop
  endfacet
  facet normal -0 0 -1
    outer loop
      vertex 9.37365 12.6263 0
      vertex 0 5 0
      vertex 9.37365 102.374 0
    endloop
  endfacet
  facet normal 0 0 -1
    outer loop
      vertex 0 5 0
      vertex 9.00814 12.15 0
      vertex 8.77837 11.5953 0
    endloop
  endfacet
  facet normal 0 0 -1
    outer loop
      vertex 0 110 0
      vertex 9.37365 102.374 0
      vertex 0 5 0
    endloop
  endfacet
  facet normal 0 0 -1
    outer loop
      vertex 0 5 0
      vertex 8.77837 11.5953 0
      vertex 8.7 11 0
    endloop
  endfacet
  facet normal 0 0 -1
    outer loop
      vertex 9.37365 102.374 0
      vertex 0 110 0
      vertex 9.00814 102.85 0
    endloop
  endfacet
  facet normal 0 0 -1
    outer loop
      vertex 160.626 12.6263 0
      vertex 170 5 0
      vertex 160.992 12.15 0
    endloop
  endfacet
  facet normal 0 0 -1
    outer loop
      vertex 170 110 0
      vertex 161.222 103.405 0
      vertex 161.3 104 0
    endloop
  endfacet
  facet normal 0 0 -1
    outer loop
      vertex 170 5 0
      vertex 160.626 12.6263 0
      vertex 170 110 0
    endloop
  endfacet
  facet normal 0 0 -1
    outer loop
      vertex 170 110 0
      vertex 160.992 102.85 0
      vertex 161.222 103.405 0
    endloop
  endfacet
  facet normal 0 0 -1
    outer loop
      vertex 160.626 102.374 0
      vertex 170 110 0
      vertex 160.626 12.6263 0
    endloop
  endfacet
  facet normal 0 0 -1
    outer loop
      vertex 170 110 0
      vertex 160.626 102.374 0
      vertex 160.992 102.85 0
    endloop
  endfacet
  facet normal 0 0 -1
    outer loop
      vertex 160.15 12.9919 0
      vertex 160.626 102.374 0
      vertex 160.626 12.6263 0
    endloop
  endfacet
  facet normal 0 0 -1
    outer loop
      vertex 160.15 12.9919 0
      vertex 160.15 102.008 0
      vertex 160.626 102.374 0
    endloop
  endfacet
  facet normal 0 0 -1
    outer loop
      vertex 159.595 13.2216 0
      vertex 160.15 102.008 0
      vertex 160.15 12.9919 0
    endloop
  endfacet
  facet normal 0 0 -1
    outer loop
      vertex 159.595 13.2216 0
      vertex 159.595 101.778 0
      vertex 160.15 102.008 0
    endloop
  endfacet
  facet normal 0 0 -1
    outer loop
      vertex 159 13.3 0
      vertex 159.595 101.778 0
      vertex 159.595 13.2216 0
    endloop
  endfacet
  facet normal 0 0 -1
    outer loop
      vertex 159 13.3 0
      vertex 159 101.7 0
      vertex 159.595 101.778 0
    endloop
  endfacet
  facet normal 0 0 -1
    outer loop
      vertex 158.405 13.2216 0
      vertex 159 101.7 0
      vertex 159 13.3 0
    endloop
  endfacet
  facet normal 0 0 -1
    outer loop
      vertex 158.405 13.2216 0
      vertex 158.405 101.778 0
      vertex 159 101.7 0
    endloop
  endfacet
  facet normal 0 0 -1
    outer loop
      vertex 157.85 12.9919 0
      vertex 158.405 101.778 0
      vertex 158.405 13.2216 0
    endloop
  endfacet
  facet normal 0 0 -1
    outer loop
      vertex 157.85 12.9919 0
      vertex 157.85 102.008 0
      vertex 158.405 101.778 0
    endloop
  endfacet
  facet normal 0 0 -1
    outer loop
      vertex 157.374 12.6263 0
      vertex 157.85 102.008 0
      vertex 157.85 12.9919 0
    endloop
  endfacet
  facet normal 0 0 -1
    outer loop
      vertex 157.374 12.6263 0
      vertex 157.374 102.374 0
      vertex 157.85 102.008 0
    endloop
  endfacet
  facet normal 0 0 -1
    outer loop
      vertex 157.008 12.15 0
      vertex 157.374 102.374 0
      vertex 157.374 12.6263 0
    endloop
  endfacet
  facet normal 0 0 -1
    outer loop
      vertex 157.008 12.15 0
      vertex 157.008 102.85 0
      vertex 157.374 102.374 0
    endloop
  endfacet
  facet normal 0 0 -1
    outer loop
      vertex 13.2216 11.5953 0
      vertex 156.778 11.5953 0
      vertex 13.3 11 0
    endloop
  endfacet
  facet normal 0 0 -1
    outer loop
      vertex 156.778 11.5953 0
      vertex 13.2216 11.5953 0
      vertex 157.008 12.15 0
    endloop
  endfacet
  facet normal 0 0 -1
    outer loop
      vertex 13.3 11 0
      vertex 156.778 11.5953 0
      vertex 156.7 11 0
    endloop
  endfacet
  facet normal 0 0 -1
    outer loop
      vertex 12.9919 12.15 0
      vertex 157.008 12.15 0
      vertex 13.2216 11.5953 0
    endloop
  endfacet
  facet normal 0 0 -1
    outer loop
      vertex 165 0 0
      vertex 170 5 0
      vertex 169.83 3.7059 0
    endloop
  endfacet
  facet normal 0 0 -1
    outer loop
      vertex 161.222 11.5953 0
      vertex 170 5 0
      vertex 161.3 11 0
    endloop
  endfacet
  facet normal 0 0 -1
    outer loop
      vertex 165 0 0
      vertex 169.83 3.7059 0
      vertex 169.33 2.5 0
    endloop
  endfacet
  facet normal 0 0 -1
    outer loop
      vertex 160.992 12.15 0
      vertex 170 5 0
      vertex 161.222 11.5953 0
    endloop
  endfacet
  facet normal 0 0 -1
    outer loop
      vertex 165 0 0
      vertex 169.33 2.5 0
      vertex 168.536 1.46447 0
    endloop
  endfacet
  facet normal 0 0 -1
    outer loop
      vertex 161.222 104.595 0
      vertex 170 110 0
      vertex 161.3 104 0
    endloop
  endfacet
  facet normal 0 0 -1
    outer loop
      vertex 165 0 0
      vertex 168.536 1.46447 0
      vertex 167.5 0.669872 0
    endloop
  endfacet
  facet normal 0 0 -1
    outer loop
      vertex 160.992 105.15 0
      vertex 170 110 0
      vertex 161.222 104.595 0
    endloop
  endfacet
  facet normal 0 0 -1
    outer loop
      vertex 165 0 0
      vertex 167.5 0.669872 0
      vertex 166.294 0.17037 0
    endloop
  endfacet
  facet normal 0 0 -1
    outer loop
      vertex 160.626 105.626 0
      vertex 170 110 0
      vertex 160.992 105.15 0
    endloop
  endfacet
  facet normal -0 0 -1
    outer loop
      vertex 170 5 0
      vertex 165 0 0
      vertex 160.626 9.37365 0
    endloop
  endfacet
  facet normal 0 -0 -1
    outer loop
      vertex 165 115 0
      vertex 170 110 0
      vertex 160.626 105.626 0
    endloop
  endfacet
  facet normal 0 0 -1
    outer loop
      vertex 170 110 0
      vertex 165 115 0
      vertex 169.83 111.294 0
    endloop
  endfacet
  facet normal 0 0 -1
    outer loop
      vertex 170 5 0
      vertex 161.222 10.4047 0
      vertex 161.3 11 0
    endloop
  endfacet
  facet normal 0 0 -1
    outer loop
      vertex 170 5 0
      vertex 160.992 9.85 0
      vertex 161.222 10.4047 0
    endloop
  endfacet
  facet normal 0 0 -1
    outer loop
      vertex 170 5 0
      vertex 160.626 9.37365 0
      vertex 160.992 9.85 0
    endloop
  endfacet
  facet normal 0 0 -1
    outer loop
      vertex 165 0 0
      vertex 160.15 9.00814 0
      vertex 160.626 9.37365 0
    endloop
  endfacet
  facet normal 0 0 -1
    outer loop
      vertex 165 0 0
      vertex 159.595 8.77837 0
      vertex 160.15 9.00814 0
    endloop
  endfacet
  facet normal 0 0 -1
    outer loop
      vertex 165 0 0
      vertex 159 8.7 0
      vertex 159.595 8.77837 0
    endloop
  endfacet
  facet normal 0 0 -1
    outer loop
      vertex 165 0 0
      vertex 158.405 8.77837 0
      vertex 159 8.7 0
    endloop
  endfacet
  facet normal 0 0 -1
    outer loop
      vertex 165 0 0
      vertex 157.85 9.00814 0
      vertex 158.405 8.77837 0
    endloop
  endfacet
  facet normal 0 0 -1
    outer loop
      vertex 165 0 0
      vertex 157.374 9.37365 0
      vertex 157.85 9.00814 0
    endloop
  endfacet
  facet normal 0 0 -1
    outer loop
      vertex 157.008 102.85 0
      vertex 13.3 104 0
      vertex 156.778 103.405 0
    endloop
  endfacet
  facet normal 0 0 -1
    outer loop
      vertex 156.778 10.4047 0
      vertex 13.3 11 0
      vertex 156.7 11 0
    endloop
  endfacet
  facet normal 0 0 -1
    outer loop
      vertex 13.2216 10.4047 0
      vertex 156.778 10.4047 0
      vertex 157.008 9.85 0
    endloop
  endfacet
  facet normal 0 0 -1
    outer loop
      vertex 12.9919 9.85 0
      vertex 157.008 9.85 0
      vertex 157.374 9.37365 0
    endloop
  endfacet
  facet normal 0 0 -1
    outer loop
      vertex 12.6263 9.37365 0
      vertex 157.374 9.37365 0
      vertex 165 0 0
    endloop
  endfacet
  facet normal 0 0 -1
    outer loop
      vertex 156.778 10.4047 0
      vertex 13.2216 10.4047 0
      vertex 13.3 11 0
    endloop
  endfacet
  facet normal 0 0 -1
    outer loop
      vertex 157.008 9.85 0
      vertex 12.9919 9.85 0
      vertex 13.2216 10.4047 0
    endloop
  endfacet
  facet normal 0 0 -1
    outer loop
      vertex 157.374 9.37365 0
      vertex 12.6263 9.37365 0
      vertex 12.9919 9.85 0
    endloop
  endfacet
  facet normal 0 0 -1
    outer loop
      vertex 5 0 0
      vertex 12.6263 9.37365 0
      vertex 165 0 0
    endloop
  endfacet
  facet normal 0 0 -1
    outer loop
      vertex 12.6263 9.37365 0
      vertex 5 0 0
      vertex 12.15 9.00814 0
    endloop
  endfacet
  facet normal 0 0 -1
    outer loop
      vertex 12.15 9.00814 0
      vertex 5 0 0
      vertex 11.5953 8.77837 0
    endloop
  endfacet
  facet normal -0 0 -1
    outer loop
      vertex 8.77837 10.4047 0
      vertex 0 5 0
      vertex 8.7 11 0
    endloop
  endfacet
  facet normal -0 0 -1
    outer loop
      vertex 9.00814 9.85 0
      vertex 0 5 0
      vertex 8.77837 10.4047 0
    endloop
  endfacet
  facet normal -0 0 -1
    outer loop
      vertex 9.37365 9.37365 0
      vertex 0 5 0
      vertex 9.00814 9.85 0
    endloop
  endfacet
  facet normal 0 0 -1
    outer loop
      vertex 0 5 0
      vertex 9.37365 9.37365 0
      vertex 5 0 0
    endloop
  endfacet
  facet normal -0 0 -1
    outer loop
      vertex 9.85 9.00814 0
      vertex 5 0 0
      vertex 9.37365 9.37365 0
    endloop
  endfacet
  facet normal -0 0 -1
    outer loop
      vertex 10.4047 8.77837 0
      vertex 5 0 0
      vertex 9.85 9.00814 0
    endloop
  endfacet
  facet normal -0 0 -1
    outer loop
      vertex 11 8.7 0
      vertex 5 0 0
      vertex 10.4047 8.77837 0
    endloop
  endfacet
  facet normal 0 0 -1
    outer loop
      vertex 11.5953 8.77837 0
      vertex 5 0 0
      vertex 11 8.7 0
    endloop
  endfacet
  facet normal 0 0 -1
    outer loop
      vertex 169.83 111.294 0
      vertex 165 115 0
      vertex 169.33 112.5 0
    endloop
  endfacet
  facet normal 0 0 -1
    outer loop
      vertex 169.33 112.5 0
      vertex 165 115 0
      vertex 168.536 113.536 0
    endloop
  endfacet
  facet normal 0 0 -1
    outer loop
      vertex 168.536 113.536 0
      vertex 165 115 0
      vertex 167.5 114.33 0
    endloop
  endfacet
  facet normal 0 0 -1
    outer loop
      vertex 167.5 114.33 0
      vertex 165 115 0
      vertex 166.294 114.83 0
    endloop
  endfacet
  facet normal 0 0 -1
    outer loop
      vertex 160.15 105.992 0
      vertex 165 115 0
      vertex 160.626 105.626 0
    endloop
  endfacet
  facet normal 0 0 -1
    outer loop
      vertex 159.595 106.222 0
      vertex 165 115 0
      vertex 160.15 105.992 0
    endloop
  endfacet
  facet normal 0 0 -1
    outer loop
      vertex 159 106.3 0
      vertex 165 115 0
      vertex 159.595 106.222 0
    endloop
  endfacet
  facet normal 0 0 -1
    outer loop
      vertex 158.405 106.222 0
      vertex 165 115 0
      vertex 159 106.3 0
    endloop
  endfacet
  facet normal 0 0 -1
    outer loop
      vertex 157.85 105.992 0
      vertex 165 115 0
      vertex 158.405 106.222 0
    endloop
  endfacet
  facet normal 0 0 -1
    outer loop
      vertex 157.374 105.626 0
      vertex 165 115 0
      vertex 157.85 105.992 0
    endloop
  endfacet
  facet normal 0 0 -1
    outer loop
      vertex 156.778 103.405 0
      vertex 13.3 104 0
      vertex 156.7 104 0
    endloop
  endfacet
  facet normal 0 0 -1
    outer loop
      vertex 156.7 104 0
      vertex 13.3 104 0
      vertex 156.778 104.595 0
    endloop
  endfacet
  facet normal 0 0 -1
    outer loop
      vertex 13.2216 104.595 0
      vertex 156.778 104.595 0
      vertex 13.3 104 0
    endloop
  endfacet
  facet normal 0 0 -1
    outer loop
      vertex 156.778 104.595 0
      vertex 13.2216 104.595 0
      vertex 157.008 105.15 0
    endloop
  endfacet
  facet normal 0 0 -1
    outer loop
      vertex 12.9919 105.15 0
      vertex 157.008 105.15 0
      vertex 13.2216 104.595 0
    endloop
  endfacet
  facet normal 0 0 -1
    outer loop
      vertex 157.008 105.15 0
      vertex 12.9919 105.15 0
      vertex 157.374 105.626 0
    endloop
  endfacet
  facet normal 0 0 -1
    outer loop
      vertex 12.6263 105.626 0
      vertex 157.374 105.626 0
      vertex 12.9919 105.15 0
    endloop
  endfacet
  facet normal 0 0 -1
    outer loop
      vertex 157.374 105.626 0
      vertex 12.6263 105.626 0
      vertex 165 115 0
    endloop
  endfacet
  facet normal 0 0 -1
    outer loop
      vertex 5 115 0
      vertex 12.6263 105.626 0
      vertex 12.15 105.992 0
    endloop
  endfacet
  facet normal 0 0 -1
    outer loop
      vertex 5 115 0
      vertex 12.15 105.992 0
      vertex 11.5953 106.222 0
    endloop
  endfacet
  facet normal 0 0 -1
    outer loop
      vertex 5 115 0
      vertex 11.5953 106.222 0
      vertex 11 106.3 0
    endloop
  endfacet
  facet normal 0 0 -1
    outer loop
      vertex 12.6263 105.626 0
      vertex 5 115 0
      vertex 165 115 0
    endloop
  endfacet
  facet normal 0 0 -1
    outer loop
      vertex 10.4047 106.222 0
      vertex 5 115 0
      vertex 11 106.3 0
    endloop
  endfacet
  facet normal 0 0 -1
    outer loop
      vertex 9.85 105.992 0
      vertex 5 115 0
      vertex 10.4047 106.222 0
    endloop
  endfacet
  facet normal 0 0 -1
    outer loop
      vertex 9.37365 105.626 0
      vertex 5 115 0
      vertex 9.85 105.992 0
    endloop
  endfacet
  facet normal 0 0 -1
    outer loop
      vertex 0 110 0
      vertex 9.37365 105.626 0
      vertex 9.00814 105.15 0
    endloop
  endfacet
  facet normal 0 0 -1
    outer loop
      vertex 0 110 0
      vertex 9.00814 105.15 0
      vertex 8.77837 104.595 0
    endloop
  endfacet
  facet normal 0 0 -1
    outer loop
      vertex 0 110 0
      vertex 8.77837 104.595 0
      vertex 8.7 104 0
    endloop
  endfacet
  facet normal 0 0 -1
    outer loop
      vertex 9.00814 102.85 0
      vertex 0 110 0
      vertex 8.77837 103.405 0
    endloop
  endfacet
  facet normal 0 0 -1
    outer loop
      vertex 0 5 0
      vertex 5 0 0
      vertex 3.7059 0.17037 0
    endloop
  endfacet
  facet normal 0 0 -1
    outer loop
      vertex 8.77837 103.405 0
      vertex 0 110 0
      vertex 8.7 104 0
    endloop
  endfacet
  facet normal 0 0 -1
    outer loop
      vertex 0 5 0
      vertex 3.7059 0.17037 0
      vertex 2.5 0.669872 0
    endloop
  endfacet
  facet normal 0 0 -1
    outer loop
      vertex 9.37365 105.626 0
      vertex 0 110 0
      vertex 5 115 0
    endloop
  endfacet
  facet normal 0 0 -1
    outer loop
      vertex 0 5 0
      vertex 2.5 0.669872 0
      vertex 1.46447 1.46447 0
    endloop
  endfacet
  facet normal 0 0 -1
    outer loop
      vertex 5 115 0
      vertex 0 110 0
      vertex 3.7059 114.83 0
    endloop
  endfacet
  facet normal 0 0 -1
    outer loop
      vertex 0 5 0
      vertex 1.46447 1.46447 0
      vertex 0.669872 2.5 0
    endloop
  endfacet
  facet normal 0 0 -1
    outer loop
      vertex 3.7059 114.83 0
      vertex 0 110 0
      vertex 2.5 114.33 0
    endloop
  endfacet
  facet normal 0 0 -1
    outer loop
      vertex 0 5 0
      vertex 0.669872 2.5 0
      vertex 0.17037 3.7059 0
    endloop
  endfacet
  facet normal 0 0 -1
    outer loop
      vertex 2.5 114.33 0
      vertex 0 110 0
      vertex 1.46447 113.536 0
    endloop
  endfacet
  facet normal 0 0 -1
    outer loop
      vertex 1.46447 113.536 0
      vertex 0 110 0
      vertex 0.669872 112.5 0
    endloop
  endfacet
  facet normal 0 0 -1
    outer loop
      vertex 0.669872 112.5 0
      vertex 0 110 0
      vertex 0.17037 111.294 0
    endloop
  endfacet
  facet normal -1 0 0
    outer loop
      vertex 0 5 0
      vertex 0 110 46
      vertex 0 110 0
    endloop
  endfacet
  facet normal -1 -0 0
    outer loop
      vertex 0 110 46
      vertex 0 5 0
      vertex 0 5 46
    endloop
  endfacet
  facet normal 0.130535 -0.991444 0
    outer loop
      vertex 165 0 0
      vertex 166.294 0.17037 46
      vertex 165 0 46
    endloop
  endfacet
  facet normal 0.130535 -0.991444 0
    outer loop
      vertex 166.294 0.17037 46
      vertex 165 0 0
      vertex 166.294 0.17037 0
    endloop
  endfacet
  facet normal -0.38301 0.923744 0
    outer loop
      vertex 3.7059 114.83 0
      vertex 2.5 114.33 46
      vertex 3.7059 114.83 46
    endloop
  endfacet
  facet normal -0.38301 0.923744 0
    outer loop
      vertex 2.5 114.33 46
      vertex 3.7059 114.83 0
      vertex 2.5 114.33 0
    endloop
  endfacet
  facet normal 0.130256 0.99148 -0
    outer loop
      vertex 166.294 114.83 0
      vertex 165 115 46
      vertex 166.294 114.83 46
    endloop
  endfacet
  facet normal 0.130256 0.99148 0
    outer loop
      vertex 165 115 46
      vertex 166.294 114.83 0
      vertex 165 115 0
    endloop
  endfacet
  facet normal 0.991482 -0.130246 0
    outer loop
      vertex 169.83 3.7059 46
      vertex 170 5 0
      vertex 170 5 46
    endloop
  endfacet
  facet normal 0.991482 -0.130246 0
    outer loop
      vertex 170 5 0
      vertex 169.83 3.7059 46
      vertex 169.83 3.7059 0
    endloop
  endfacet
  facet normal -0.382685 -0.923879 0
    outer loop
      vertex 2.5 0.669872 0
      vertex 3.7059 0.17037 46
      vertex 2.5 0.669872 46
    endloop
  endfacet
  facet normal -0.382685 -0.923879 -0
    outer loop
      vertex 3.7059 0.17037 46
      vertex 2.5 0.669872 0
      vertex 3.7059 0.17037 0
    endloop
  endfacet
  facet normal -0.991445 -0.130525 0
    outer loop
      vertex 0.17037 3.7059 0
      vertex 0 5 46
      vertex 0 5 0
    endloop
  endfacet
  facet normal -0.991445 -0.130525 0
    outer loop
      vertex 0 5 46
      vertex 0.17037 3.7059 0
      vertex 0.17037 3.7059 46
    endloop
  endfacet
  facet normal 0 1 -0
    outer loop
      vertex 54 115 4
      vertex 44 115 7
      vertex 54 115 7
    endloop
  endfacet
  facet normal 0 1 0
    outer loop
      vertex 44 115 7
      vertex 54 115 4
      vertex 44 115 4
    endloop
  endfacet
  facet normal 0 1 -0
    outer loop
      vertex 74 115 4
      vertex 64 115 7
      vertex 74 115 7
    endloop
  endfacet
  facet normal 0 1 0
    outer loop
      vertex 64 115 7
      vertex 74 115 4
      vertex 64 115 4
    endloop
  endfacet
  facet normal 0 1 -0
    outer loop
      vertex 94 115 4
      vertex 84 115 7
      vertex 94 115 7
    endloop
  endfacet
  facet normal 0 1 0
    outer loop
      vertex 84 115 7
      vertex 94 115 4
      vertex 84 115 4
    endloop
  endfacet
  facet normal 0 1 -0
    outer loop
      vertex 114 115 4
      vertex 104 115 7
      vertex 114 115 7
    endloop
  endfacet
  facet normal 0 1 0
    outer loop
      vertex 104 115 7
      vertex 114 115 4
      vertex 104 115 4
    endloop
  endfacet
  facet normal 0 1 0
    outer loop
      vertex 114 115 7
      vertex 165 115 46
      vertex 124 115 7
    endloop
  endfacet
  facet normal 0 1 -0
    outer loop
      vertex 165 115 0
      vertex 124 115 7
      vertex 165 115 46
    endloop
  endfacet
  facet normal 0 1 0
    outer loop
      vertex 165 115 0
      vertex 114 115 4
      vertex 124 115 4
    endloop
  endfacet
  facet normal 0 1 0
    outer loop
      vertex 114 115 4
      vertex 165 115 0
      vertex 104 115 4
    endloop
  endfacet
  facet normal 0 1 0
    outer loop
      vertex 104 115 4
      vertex 165 115 0
      vertex 94 115 4
    endloop
  endfacet
  facet normal 0 1 0
    outer loop
      vertex 94 115 4
      vertex 165 115 0
      vertex 84 115 4
    endloop
  endfacet
  facet normal 0 1 0
    outer loop
      vertex 84 115 4
      vertex 165 115 0
      vertex 74 115 4
    endloop
  endfacet
  facet normal 0 1 0
    outer loop
      vertex 5 115 0
      vertex 74 115 4
      vertex 165 115 0
    endloop
  endfacet
  facet normal 0 1 0
    outer loop
      vertex 74 115 4
      vertex 5 115 0
      vertex 64 115 4
    endloop
  endfacet
  facet normal 0 1 0
    outer loop
      vertex 54 115 4
      vertex 5 115 0
      vertex 44 115 4
    endloop
  endfacet
  facet normal 0 1 0
    outer loop
      vertex 64 115 4
      vertex 5 115 0
      vertex 54 115 4
    endloop
  endfacet
  facet normal 0 1 0
    outer loop
      vertex 124 115 7
      vertex 165 115 0
      vertex 124 115 4
    endloop
  endfacet
  facet normal 0 1 0
    outer loop
      vertex 104 115 7
      vertex 165 115 46
      vertex 114 115 7
    endloop
  endfacet
  facet normal 0 1 0
    outer loop
      vertex 94 115 7
      vertex 165 115 46
      vertex 104 115 7
    endloop
  endfacet
  facet normal 0 1 0
    outer loop
      vertex 84 115 7
      vertex 165 115 46
      vertex 94 115 7
    endloop
  endfacet
  facet normal 0 1 0
    outer loop
      vertex 165 115 46
      vertex 84 115 7
      vertex 5 115 46
    endloop
  endfacet
  facet normal 0 1 -0
    outer loop
      vertex 74 115 7
      vertex 5 115 46
      vertex 84 115 7
    endloop
  endfacet
  facet normal 0 1 -0
    outer loop
      vertex 64 115 7
      vertex 5 115 46
      vertex 74 115 7
    endloop
  endfacet
  facet normal 0 1 -0
    outer loop
      vertex 54 115 7
      vertex 5 115 46
      vertex 64 115 7
    endloop
  endfacet
  facet normal 0 1 -0
    outer loop
      vertex 44 115 7
      vertex 5 115 46
      vertex 54 115 7
    endloop
  endfacet
  facet normal 0 1 -0
    outer loop
      vertex 34 115 7
      vertex 5 115 46
      vertex 44 115 7
    endloop
  endfacet
  facet normal 0 1 0
    outer loop
      vertex 5 115 0
      vertex 34 115 7
      vertex 34 115 4
    endloop
  endfacet
  facet normal 0 1 0
    outer loop
      vertex 34 115 7
      vertex 5 115 0
      vertex 5 115 46
    endloop
  endfacet
  facet normal 0 1 0
    outer loop
      vertex 44 115 4
      vertex 5 115 0
      vertex 34 115 4
    endloop
  endfacet
  facet normal 0.923744 -0.38301 0
    outer loop
      vertex 169.33 2.5 46
      vertex 169.83 3.7059 0
      vertex 169.83 3.7059 46
    endloop
  endfacet
  facet normal 0.923744 -0.38301 0
    outer loop
      vertex 169.83 3.7059 0
      vertex 169.33 2.5 46
      vertex 169.33 2.5 0
    endloop
  endfacet
  facet normal -0.608765 -0.79335 0
    outer loop
      vertex 1.46447 1.46447 0
      vertex 2.5 0.669872 46
      vertex 1.46447 1.46447 46
    endloop
  endfacet
  facet normal -0.608765 -0.79335 -0
    outer loop
      vertex 2.5 0.669872 46
      vertex 1.46447 1.46447 0
      vertex 2.5 0.669872 0
    endloop
  endfacet
  facet normal 1 -0 0
    outer loop
      vertex 170 5 46
      vertex 170 110 0
      vertex 170 110 46
    endloop
  endfacet
  facet normal 1 0 0
    outer loop
      vertex 170 110 0
      vertex 170 5 46
      vertex 170 5 0
    endloop
  endfacet
  facet normal 0 -1 0
    outer loop
      vertex 5 0 0
      vertex 165 0 46
      vertex 5 0 46
    endloop
  endfacet
  facet normal 0 -1 -0
    outer loop
      vertex 165 0 46
      vertex 5 0 0
      vertex 165 0 0
    endloop
  endfacet
  facet normal -0.130246 0.991482 0
    outer loop
      vertex 5 115 0
      vertex 3.7059 114.83 46
      vertex 5 115 46
    endloop
  endfacet
  facet normal -0.130246 0.991482 0
    outer loop
      vertex 3.7059 114.83 46
      vertex 5 115 0
      vertex 3.7059 114.83 0
    endloop
  endfacet
  facet normal 0.382983 0.923755 -0
    outer loop
      vertex 167.5 114.33 0
      vertex 166.294 114.83 46
      vertex 167.5 114.33 46
    endloop
  endfacet
  facet normal 0.382983 0.923755 0
    outer loop
      vertex 166.294 114.83 46
      vertex 167.5 114.33 0
      vertex 166.294 114.83 0
    endloop
  endfacet
  facet normal -0.923879 -0.382685 0
    outer loop
      vertex 0.669872 2.5 0
      vertex 0.17037 3.7059 46
      vertex 0.17037 3.7059 0
    endloop
  endfacet
  facet normal -0.923879 -0.382685 0
    outer loop
      vertex 0.17037 3.7059 46
      vertex 0.669872 2.5 0
      vertex 0.669872 2.5 46
    endloop
  endfacet
  facet normal -0.991444 0.130535 0
    outer loop
      vertex 0 110 0
      vertex 0.17037 111.294 46
      vertex 0.17037 111.294 0
    endloop
  endfacet
  facet normal -0.991444 0.130535 0
    outer loop
      vertex 0.17037 111.294 46
      vertex 0 110 0
      vertex 0 110 46
    endloop
  endfacet
  facet normal -0.793484 0.608591 0
    outer loop
      vertex 0.669872 112.5 0
      vertex 1.46447 113.536 46
      vertex 1.46447 113.536 0
    endloop
  endfacet
  facet normal -0.793484 0.608591 0
    outer loop
      vertex 1.46447 113.536 46
      vertex 0.669872 112.5 0
      vertex 0.669872 112.5 46
    endloop
  endfacet
  facet normal 0.608591 -0.793484 0
    outer loop
      vertex 167.5 0.669872 0
      vertex 168.536 1.46447 46
      vertex 167.5 0.669872 46
    endloop
  endfacet
  facet normal 0.608591 -0.793484 0
    outer loop
      vertex 168.536 1.46447 46
      vertex 167.5 0.669872 0
      vertex 168.536 1.46447 0
    endloop
  endfacet
  facet normal 0.382658 -0.92389 0
    outer loop
      vertex 166.294 0.17037 0
      vertex 167.5 0.669872 46
      vertex 166.294 0.17037 46
    endloop
  endfacet
  facet normal 0.382658 -0.92389 0
    outer loop
      vertex 167.5 0.669872 46
      vertex 166.294 0.17037 0
      vertex 167.5 0.669872 0
    endloop
  endfacet
  facet normal -0.130525 -0.991445 0
    outer loop
      vertex 3.7059 0.17037 0
      vertex 5 0 46
      vertex 3.7059 0.17037 46
    endloop
  endfacet
  facet normal -0.130525 -0.991445 -0
    outer loop
      vertex 5 0 46
      vertex 3.7059 0.17037 0
      vertex 5 0 0
    endloop
  endfacet
  facet normal 0.793705 0.608303 0
    outer loop
      vertex 169.33 112.5 46
      vertex 168.536 113.536 0
      vertex 168.536 113.536 46
    endloop
  endfacet
  facet normal 0.793705 0.608303 0
    outer loop
      vertex 168.536 113.536 0
      vertex 169.33 112.5 46
      vertex 169.33 112.5 0
    endloop
  endfacet
  facet normal -0.79335 -0.608765 0
    outer loop
      vertex 1.46447 1.46447 0
      vertex 0.669872 2.5 46
      vertex 0.669872 2.5 0
    endloop
  endfacet
  facet normal -0.79335 -0.608765 0
    outer loop
      vertex 0.669872 2.5 46
      vertex 1.46447 1.46447 0
      vertex 1.46447 1.46447 46
    endloop
  endfacet
  facet normal -0.608477 0.793572 0
    outer loop
      vertex 2.5 114.33 0
      vertex 1.46447 113.536 46
      vertex 2.5 114.33 46
    endloop
  endfacet
  facet normal -0.608477 0.793572 0
    outer loop
      vertex 1.46447 113.536 46
      vertex 2.5 114.33 0
      vertex 1.46447 113.536 0
    endloop
  endfacet
  facet normal 0.793572 -0.608477 0
    outer loop
      vertex 168.536 1.46447 46
      vertex 169.33 2.5 0
      vertex 169.33 2.5 46
    endloop
  endfacet
  facet normal 0.793572 -0.608477 0
    outer loop
      vertex 169.33 2.5 0
      vertex 168.536 1.46447 46
      vertex 168.536 1.46447 0
    endloop
  endfacet
  facet normal 0.923755 0.382983 0
    outer loop
      vertex 169.83 111.294 46
      vertex 169.33 112.5 0
      vertex 169.33 112.5 46
    endloop
  endfacet
  facet normal 0.923755 0.382983 0
    outer loop
      vertex 169.33 112.5 0
      vertex 169.83 111.294 46
      vertex 169.83 111.294 0
    endloop
  endfacet
  facet normal 0.99148 0.130256 0
    outer loop
      vertex 170 110 46
      vertex 169.83 111.294 0
      vertex 169.83 111.294 46
    endloop
  endfacet
  facet normal 0.99148 0.130256 0
    outer loop
      vertex 169.83 111.294 0
      vertex 170 110 46
      vertex 170 110 0
    endloop
  endfacet
  facet normal 0 0 1
    outer loop
      vertex 165 115 46
      vertex 170 110 46
      vertex 169.83 111.294 46
    endloop
  endfacet
  facet normal 0 0 1
    outer loop
      vertex 170 110 46
      vertex 165 115 46
      vertex 170 5 46
    endloop
  endfacet
  facet normal 0 0 1
    outer loop
      vertex 165 115 46
      vertex 169.83 111.294 46
      vertex 169.33 112.5 46
    endloop
  endfacet
  facet normal 0 0 1
    outer loop
      vertex 165 0 46
      vertex 170 5 46
      vertex 165 115 46
    endloop
  endfacet
  facet normal 0 0 1
    outer loop
      vertex 165 115 46
      vertex 169.33 112.5 46
      vertex 168.536 113.536 46
    endloop
  endfacet
  facet normal 0 0 1
    outer loop
      vertex 170 5 46
      vertex 165 0 46
      vertex 169.83 3.7059 46
    endloop
  endfacet
  facet normal 0 0 1
    outer loop
      vertex 165 115 46
      vertex 168.536 113.536 46
      vertex 167.5 114.33 46
    endloop
  endfacet
  facet normal 0 0 1
    outer loop
      vertex 169.83 3.7059 46
      vertex 165 0 46
      vertex 169.33 2.5 46
    endloop
  endfacet
  facet normal 0 0 1
    outer loop
      vertex 165 115 46
      vertex 167.5 114.33 46
      vertex 166.294 114.83 46
    endloop
  endfacet
  facet normal 0 0 1
    outer loop
      vertex 169.33 2.5 46
      vertex 165 0 46
      vertex 168.536 1.46447 46
    endloop
  endfacet
  facet normal 0 0 1
    outer loop
      vertex 168.536 1.46447 46
      vertex 165 0 46
      vertex 167.5 0.669872 46
    endloop
  endfacet
  facet normal 0 0 1
    outer loop
      vertex 167.5 0.669872 46
      vertex 165 0 46
      vertex 166.294 0.17037 46
    endloop
  endfacet
  facet normal -0 0 1
    outer loop
      vertex 5 115 46
      vertex 165 0 46
      vertex 165 115 46
    endloop
  endfacet
  facet normal 0 0 1
    outer loop
      vertex 5 115 46
      vertex 5 0 46
      vertex 165 0 46
    endloop
  endfacet
  facet normal 0 0 1
    outer loop
      vertex 0 110 46
      vertex 5 115 46
      vertex 3.7059 114.83 46
    endloop
  endfacet
  facet normal 0 0 1
    outer loop
      vertex 5 115 46
      vertex 0 110 46
      vertex 5 0 46
    endloop
  endfacet
  facet normal 0 0 1
    outer loop
      vertex 0 110 46
      vertex 3.7059 114.83 46
      vertex 2.5 114.33 46
    endloop
  endfacet
  facet normal -0 0 1
    outer loop
      vertex 0 5 46
      vertex 5 0 46
      vertex 0 110 46
    endloop
  endfacet
  facet normal 0 0 1
    outer loop
      vertex 0 110 46
      vertex 2.5 114.33 46
      vertex 1.46447 113.536 46
    endloop
  endfacet
  facet normal 0 0 1
    outer loop
      vertex 5 0 46
      vertex 0 5 46
      vertex 3.7059 0.17037 46
    endloop
  endfacet
  facet normal 0 0 1
    outer loop
      vertex 0 110 46
      vertex 1.46447 113.536 46
      vertex 0.669872 112.5 46
    endloop
  endfacet
  facet normal 0 0 1
    outer loop
      vertex 3.7059 0.17037 46
      vertex 0 5 46
      vertex 2.5 0.669872 46
    endloop
  endfacet
  facet normal 0 0 1
    outer loop
      vertex 0 110 46
      vertex 0.669872 112.5 46
      vertex 0.17037 111.294 46
    endloop
  endfacet
  facet normal 0 0 1
    outer loop
      vertex 2.5 0.669872 46
      vertex 0 5 46
      vertex 1.46447 1.46447 46
    endloop
  endfacet
  facet normal 0 0 1
    outer loop
      vertex 1.46447 1.46447 46
      vertex 0 5 46
      vertex 0.669872 2.5 46
    endloop
  endfacet
  facet normal 0 0 1
    outer loop
      vertex 0.669872 2.5 46
      vertex 0 5 46
      vertex 0.17037 3.7059 46
    endloop
  endfacet
  facet normal 0.382683 0.92388 -0
    outer loop
      vertex 5.96472 3.1363 3
      vertex 5 3.5359 44
      vertex 5.96472 3.1363 44
    endloop
  endfacet
  facet normal 0.382683 0.92388 0
    outer loop
      vertex 5 3.5359 44
      vertex 5.96472 3.1363 3
      vertex 5 3.5359 3
    endloop
  endfacet
  facet normal 0.793204 -0.608956 0
    outer loop
      vertex 3.5359 110 44
      vertex 4.17157 110.828 3
      vertex 4.17157 110.828 44
    endloop
  endfacet
  facet normal 0.793204 -0.608956 0
    outer loop
      vertex 4.17157 110.828 3
      vertex 3.5359 110 44
      vertex 3.5359 110 3
    endloop
  endfacet
  facet normal 0 1 -0
    outer loop
      vertex 163 3 3
      vertex 7 3 44
      vertex 163 3 44
    endloop
  endfacet
  facet normal 0 1 0
    outer loop
      vertex 7 3 44
      vertex 163 3 3
      vertex 7 3 3
    endloop
  endfacet
  facet normal 0.923919 -0.382589 0
    outer loop
      vertex 3.1363 109.035 44
      vertex 3.5359 110 3
      vertex 3.5359 110 44
    endloop
  endfacet
  facet normal 0.923919 -0.382589 0
    outer loop
      vertex 3.5359 110 3
      vertex 3.1363 109.035 44
      vertex 3.1363 109.035 3
    endloop
  endfacet
  facet normal -0.382915 -0.923783 0
    outer loop
      vertex 164.035 111.864 3
      vertex 165 111.464 44
      vertex 164.035 111.864 44
    endloop
  endfacet
  facet normal -0.382915 -0.923783 -0
    outer loop
      vertex 165 111.464 44
      vertex 164.035 111.864 3
      vertex 165 111.464 3
    endloop
  endfacet
  facet normal 1 0 0
    outer loop
      vertex 3 108 44
      vertex 3 48.7048 10.6
      vertex 3 108 3
    endloop
  endfacet
  facet normal 1 -0 0
    outer loop
      vertex 3 7 44
      vertex 3 48.7048 10.6
      vertex 3 108 44
    endloop
  endfacet
  facet normal 1 0 0
    outer loop
      vertex 3 46.7233 10.6
      vertex 3 43.2767 10.6
      vertex 3 46.7233 4.11
    endloop
  endfacet
  facet normal 1 0 0
    outer loop
      vertex 3 48.7048 10.6
      vertex 3 7 44
      vertex 3 46.7233 10.6
    endloop
  endfacet
  facet normal 1 0 0
    outer loop
      vertex 3 46.7233 10.6
      vertex 3 7 44
      vertex 3 43.2767 10.6
    endloop
  endfacet
  facet normal 1 0 0
    outer loop
      vertex 3 41.2952 10.6
      vertex 3 20.7048 10.6
      vertex 3 41.2952 3
    endloop
  endfacet
  facet normal 1 0 0
    outer loop
      vertex 3 43.2767 10.6
      vertex 3 7 44
      vertex 3 41.2952 10.6
    endloop
  endfacet
  facet normal 1 0 0
    outer loop
      vertex 3 41.2952 10.6
      vertex 3 7 44
      vertex 3 20.7048 10.6
    endloop
  endfacet
  facet normal 1 0 0
    outer loop
      vertex 3 18.7233 10.6
      vertex 3 15.2767 10.6
      vertex 3 18.7233 4.11
    endloop
  endfacet
  facet normal 1 0 0
    outer loop
      vertex 3 20.7048 10.6
      vertex 3 7 44
      vertex 3 18.7233 10.6
    endloop
  endfacet
  facet normal 1 0 0
    outer loop
      vertex 3 18.7233 10.6
      vertex 3 7 44
      vertex 3 15.2767 10.6
    endloop
  endfacet
  facet normal 1 0 0
    outer loop
      vertex 3 15.2767 10.6
      vertex 3 7 44
      vertex 3 13.2952 10.6
    endloop
  endfacet
  facet normal 1 0 0
    outer loop
      vertex 3 7 3
      vertex 3 13.2952 10.6
      vertex 3 7 44
    endloop
  endfacet
  facet normal 1 0 0
    outer loop
      vertex 3 13.2952 10.6
      vertex 3 7 3
      vertex 3 13.2952 3
    endloop
  endfacet
  facet normal 1 0 0
    outer loop
      vertex 3 108 3
      vertex 3 48.7048 10.6
      vertex 3 48.7048 3
    endloop
  endfacet
  facet normal 1 0 0
    outer loop
      vertex 3 46.7233 4.11
      vertex 3 43.2767 10.6
      vertex 3 43.2767 4.11
    endloop
  endfacet
  facet normal 1 0 0
    outer loop
      vertex 3 41.2952 3
      vertex 3 20.7048 10.6
      vertex 3 20.7048 3
    endloop
  endfacet
  facet normal 1 0 0
    outer loop
      vertex 3 18.7233 4.11
      vertex 3 15.2767 10.6
      vertex 3 15.2767 4.11
    endloop
  endfacet
  facet normal 0.92388 0.382683 0
    outer loop
      vertex 3.5359 5 44
      vertex 3.1363 5.96472 3
      vertex 3.1363 5.96472 44
    endloop
  endfacet
  facet normal 0.92388 0.382683 0
    outer loop
      vertex 3.1363 5.96472 3
      vertex 3.5359 5 44
      vertex 3.5359 5 3
    endloop
  endfacet
  facet normal -1 0 0
    outer loop
      vertex 167 7 3
      vertex 167 108 44
      vertex 167 108 3
    endloop
  endfacet
  facet normal -1 -0 0
    outer loop
      vertex 167 108 44
      vertex 167 7 3
      vertex 167 7 44
    endloop
  endfacet
  facet normal 0.991445 0.130529 0
    outer loop
      vertex 3.1363 5.96472 44
      vertex 3 7 3
      vertex 3 7 44
    endloop
  endfacet
  facet normal 0.991445 0.130529 0
    outer loop
      vertex 3 7 3
      vertex 3.1363 5.96472 44
      vertex 3.1363 5.96472 3
    endloop
  endfacet
  facet normal -0.793204 0.608956 0
    outer loop
      vertex 165.828 4.17157 3
      vertex 166.464 5 44
      vertex 166.464 5 3
    endloop
  endfacet
  facet normal -0.793204 0.608956 0
    outer loop
      vertex 166.464 5 44
      vertex 165.828 4.17157 3
      vertex 165.828 4.17157 44
    endloop
  endfacet
  facet normal 0.608956 -0.793204 0
    outer loop
      vertex 4.17157 110.828 3
      vertex 5 111.464 44
      vertex 4.17157 110.828 44
    endloop
  endfacet
  facet normal 0.608956 -0.793204 0
    outer loop
      vertex 5 111.464 44
      vertex 4.17157 110.828 3
      vertex 5 111.464 3
    endloop
  endfacet
  facet normal -0.130281 -0.991477 0
    outer loop
      vertex 163 112 3
      vertex 164.035 111.864 44
      vertex 163 112 44
    endloop
  endfacet
  facet normal -0.130281 -0.991477 -0
    outer loop
      vertex 164.035 111.864 44
      vertex 163 112 3
      vertex 164.035 111.864 3
    endloop
  endfacet
  facet normal -0.608956 0.793204 0
    outer loop
      vertex 165.828 4.17157 3
      vertex 165 3.5359 44
      vertex 165.828 4.17157 44
    endloop
  endfacet
  facet normal -0.608956 0.793204 0
    outer loop
      vertex 165 3.5359 44
      vertex 165.828 4.17157 3
      vertex 165 3.5359 3
    endloop
  endfacet
  facet normal 0.608757 0.793356 -0
    outer loop
      vertex 5 3.5359 3
      vertex 4.17157 4.17157 44
      vertex 5 3.5359 44
    endloop
  endfacet
  facet normal 0.608757 0.793356 0
    outer loop
      vertex 4.17157 4.17157 44
      vertex 5 3.5359 3
      vertex 4.17157 4.17157 3
    endloop
  endfacet
  facet normal 0.99144 -0.130564 0
    outer loop
      vertex 3 108 44
      vertex 3.1363 109.035 3
      vertex 3.1363 109.035 44
    endloop
  endfacet
  facet normal 0.99144 -0.130564 0
    outer loop
      vertex 3.1363 109.035 3
      vertex 3 108 44
      vertex 3 108 3
    endloop
  endfacet
  facet normal -0.130564 0.99144 0
    outer loop
      vertex 164.035 3.1363 3
      vertex 163 3 44
      vertex 164.035 3.1363 44
    endloop
  endfacet
  facet normal -0.130564 0.99144 0
    outer loop
      vertex 163 3 44
      vertex 164.035 3.1363 3
      vertex 163 3 3
    endloop
  endfacet
  facet normal 0.130246 -0.991482 0
    outer loop
      vertex 5.96472 111.864 3
      vertex 7 112 44
      vertex 5.96472 111.864 44
    endloop
  endfacet
  facet normal 0.130246 -0.991482 0
    outer loop
      vertex 7 112 44
      vertex 5.96472 111.864 3
      vertex 7 112 3
    endloop
  endfacet
  facet normal 0.130529 0.991445 -0
    outer loop
      vertex 7 3 3
      vertex 5.96472 3.1363 44
      vertex 7 3 44
    endloop
  endfacet
  facet normal 0.130529 0.991445 0
    outer loop
      vertex 5.96472 3.1363 44
      vertex 7 3 3
      vertex 5.96472 3.1363 3
    endloop
  endfacet
  facet normal -0.991482 0.130246 0
    outer loop
      vertex 166.864 5.96472 3
      vertex 167 7 44
      vertex 167 7 3
    endloop
  endfacet
  facet normal -0.991482 0.130246 0
    outer loop
      vertex 167 7 44
      vertex 166.864 5.96472 3
      vertex 166.864 5.96472 44
    endloop
  endfacet
  facet normal 0.793356 0.608757 0
    outer loop
      vertex 4.17157 4.17157 44
      vertex 3.5359 5 3
      vertex 3.5359 5 44
    endloop
  endfacet
  facet normal 0.793356 0.608757 0
    outer loop
      vertex 3.5359 5 3
      vertex 4.17157 4.17157 44
      vertex 4.17157 4.17157 3
    endloop
  endfacet
  facet normal 0.38301 -0.923744 0
    outer loop
      vertex 5 111.464 3
      vertex 5.96472 111.864 44
      vertex 5 111.464 44
    endloop
  endfacet
  facet normal 0.38301 -0.923744 0
    outer loop
      vertex 5.96472 111.864 44
      vertex 5 111.464 3
      vertex 5.96472 111.864 3
    endloop
  endfacet
  facet normal -0.609155 -0.793051 0
    outer loop
      vertex 165 111.464 3
      vertex 165.828 110.828 44
      vertex 165 111.464 44
    endloop
  endfacet
  facet normal -0.609155 -0.793051 -0
    outer loop
      vertex 165.828 110.828 44
      vertex 165 111.464 3
      vertex 165.828 110.828 3
    endloop
  endfacet
  facet normal -0.382589 0.923919 0
    outer loop
      vertex 165 3.5359 3
      vertex 164.035 3.1363 44
      vertex 165 3.5359 44
    endloop
  endfacet
  facet normal -0.382589 0.923919 0
    outer loop
      vertex 164.035 3.1363 44
      vertex 165 3.5359 3
      vertex 164.035 3.1363 3
    endloop
  endfacet
  facet normal -0.991477 -0.130281 0
    outer loop
      vertex 167 108 3
      vertex 166.864 109.035 44
      vertex 166.864 109.035 3
    endloop
  endfacet
  facet normal -0.991477 -0.130281 0
    outer loop
      vertex 166.864 109.035 44
      vertex 167 108 3
      vertex 167 108 44
    endloop
  endfacet
  facet normal -0.923744 0.38301 0
    outer loop
      vertex 166.464 5 3
      vertex 166.864 5.96472 44
      vertex 166.864 5.96472 3
    endloop
  endfacet
  facet normal -0.923744 0.38301 0
    outer loop
      vertex 166.864 5.96472 44
      vertex 166.464 5 3
      vertex 166.464 5 44
    endloop
  endfacet
  facet normal -0.793051 -0.609155 0
    outer loop
      vertex 166.464 110 3
      vertex 165.828 110.828 44
      vertex 165.828 110.828 3
    endloop
  endfacet
  facet normal -0.793051 -0.609155 0
    outer loop
      vertex 165.828 110.828 44
      vertex 166.464 110 3
      vertex 166.464 110 44
    endloop
  endfacet
  facet normal -0.923783 -0.382915 0
    outer loop
      vertex 166.864 109.035 3
      vertex 166.464 110 44
      vertex 166.464 110 3
    endloop
  endfacet
  facet normal -0.923783 -0.382915 0
    outer loop
      vertex 166.464 110 44
      vertex 166.864 109.035 3
      vertex 166.864 109.035 44
    endloop
  endfacet
  facet normal 0 0 -1
    outer loop
      vertex 163 3 44
      vertex 167 7 44
      vertex 166.864 5.96472 44
    endloop
  endfacet
  facet normal -0 0 -1
    outer loop
      vertex 167 7 44
      vertex 163 3 44
      vertex 167 108 44
    endloop
  endfacet
  facet normal 0 0 -1
    outer loop
      vertex 163 3 44
      vertex 166.864 5.96472 44
      vertex 166.464 5 44
    endloop
  endfacet
  facet normal 0 0 -1
    outer loop
      vertex 163 112 44
      vertex 167 108 44
      vertex 163 3 44
    endloop
  endfacet
  facet normal 0 0 -1
    outer loop
      vertex 163 3 44
      vertex 166.464 5 44
      vertex 165.828 4.17157 44
    endloop
  endfacet
  facet normal 0 0 -1
    outer loop
      vertex 167 108 44
      vertex 163 112 44
      vertex 166.864 109.035 44
    endloop
  endfacet
  facet normal 0 0 -1
    outer loop
      vertex 163 3 44
      vertex 165.828 4.17157 44
      vertex 165 3.5359 44
    endloop
  endfacet
  facet normal 0 0 -1
    outer loop
      vertex 166.864 109.035 44
      vertex 163 112 44
      vertex 166.464 110 44
    endloop
  endfacet
  facet normal 0 0 -1
    outer loop
      vertex 163 3 44
      vertex 165 3.5359 44
      vertex 164.035 3.1363 44
    endloop
  endfacet
  facet normal 0 0 -1
    outer loop
      vertex 166.464 110 44
      vertex 163 112 44
      vertex 165.828 110.828 44
    endloop
  endfacet
  facet normal 0 0 -1
    outer loop
      vertex 165.828 110.828 44
      vertex 163 112 44
      vertex 165 111.464 44
    endloop
  endfacet
  facet normal 0 0 -1
    outer loop
      vertex 165 111.464 44
      vertex 163 112 44
      vertex 164.035 111.864 44
    endloop
  endfacet
  facet normal 0 0 -1
    outer loop
      vertex 7 3 44
      vertex 163 112 44
      vertex 163 3 44
    endloop
  endfacet
  facet normal 0 0 -1
    outer loop
      vertex 7 3 44
      vertex 7 112 44
      vertex 163 112 44
    endloop
  endfacet
  facet normal 0 0 -1
    outer loop
      vertex 3 7 44
      vertex 7 3 44
      vertex 5.96472 3.1363 44
    endloop
  endfacet
  facet normal 0 0 -1
    outer loop
      vertex 7 3 44
      vertex 3 7 44
      vertex 7 112 44
    endloop
  endfacet
  facet normal 0 0 -1
    outer loop
      vertex 3 7 44
      vertex 5.96472 3.1363 44
      vertex 5 3.5359 44
    endloop
  endfacet
  facet normal 0 0 -1
    outer loop
      vertex 3 108 44
      vertex 7 112 44
      vertex 3 7 44
    endloop
  endfacet
  facet normal 0 0 -1
    outer loop
      vertex 3 7 44
      vertex 5 3.5359 44
      vertex 4.17157 4.17157 44
    endloop
  endfacet
  facet normal 0 0 -1
    outer loop
      vertex 7 112 44
      vertex 3 108 44
      vertex 5.96472 111.864 44
    endloop
  endfacet
  facet normal 0 0 -1
    outer loop
      vertex 3 7 44
      vertex 4.17157 4.17157 44
      vertex 3.5359 5 44
    endloop
  endfacet
  facet normal 0 0 -1
    outer loop
      vertex 5.96472 111.864 44
      vertex 3 108 44
      vertex 5 111.464 44
    endloop
  endfacet
  facet normal 0 0 -1
    outer loop
      vertex 3 7 44
      vertex 3.5359 5 44
      vertex 3.1363 5.96472 44
    endloop
  endfacet
  facet normal 0 0 -1
    outer loop
      vertex 5 111.464 44
      vertex 3 108 44
      vertex 4.17157 110.828 44
    endloop
  endfacet
  facet normal 0 0 -1
    outer loop
      vertex 4.17157 110.828 44
      vertex 3 108 44
      vertex 3.5359 110 44
    endloop
  endfacet
  facet normal 0 0 -1
    outer loop
      vertex 3.5359 110 44
      vertex 3 108 44
      vertex 3.1363 109.035 44
    endloop
  endfacet
  facet normal 0 0 1
    outer loop
      vertex 8.19552 43.4693 3
      vertex 10 46.5 3
      vertex 8.42314 44.2196 3
    endloop
  endfacet
  facet normal 0 0 1
    outer loop
      vertex 10 46.5 3
      vertex 8.42314 17.7804 3
      vertex 8.5 17 3
    endloop
  endfacet
  facet normal 0 0 1
    outer loop
      vertex 8.19552 18.5307 3
      vertex 10 46.5 3
      vertex 8.19552 43.4693 3
    endloop
  endfacet
  facet normal 0 0 1
    outer loop
      vertex 10 46.5 3
      vertex 8.19552 18.5307 3
      vertex 8.42314 17.7804 3
    endloop
  endfacet
  facet normal -0 0 1
    outer loop
      vertex 7.82588 42.7777 3
      vertex 8.19552 18.5307 3
      vertex 8.19552 43.4693 3
    endloop
  endfacet
  facet normal 0 0 1
    outer loop
      vertex 7.82588 42.7777 3
      vertex 7.82588 19.2223 3
      vertex 8.19552 18.5307 3
    endloop
  endfacet
  facet normal -0 0 1
    outer loop
      vertex 7.32843 42.1716 3
      vertex 7.82588 19.2223 3
      vertex 7.82588 42.7777 3
    endloop
  endfacet
  facet normal 0 0 1
    outer loop
      vertex 7.32843 42.1716 3
      vertex 7.32843 19.8284 3
      vertex 7.82588 19.2223 3
    endloop
  endfacet
  facet normal -0 0 1
    outer loop
      vertex 6.72228 41.6741 3
      vertex 7.32843 19.8284 3
      vertex 7.32843 42.1716 3
    endloop
  endfacet
  facet normal 0 0 1
    outer loop
      vertex 6.72228 41.6741 3
      vertex 6.72228 20.3259 3
      vertex 7.32843 19.8284 3
    endloop
  endfacet
  facet normal -0 0 1
    outer loop
      vertex 6.03073 41.3045 3
      vertex 6.72228 20.3259 3
      vertex 6.72228 41.6741 3
    endloop
  endfacet
  facet normal 0 0 1
    outer loop
      vertex 6.03073 41.3045 3
      vertex 6.03073 20.6955 3
      vertex 6.72228 20.3259 3
    endloop
  endfacet
  facet normal -0 0 1
    outer loop
      vertex 5.28036 41.0769 3
      vertex 6.03073 20.6955 3
      vertex 6.03073 41.3045 3
    endloop
  endfacet
  facet normal 0 0 1
    outer loop
      vertex 5.28036 41.0769 3
      vertex 5.28036 20.9231 3
      vertex 6.03073 20.6955 3
    endloop
  endfacet
  facet normal -0 0 1
    outer loop
      vertex 4.5 41 3
      vertex 5.28036 20.9231 3
      vertex 5.28036 41.0769 3
    endloop
  endfacet
  facet normal 0 0 1
    outer loop
      vertex 4.5 41 3
      vertex 4.5 21 3
      vertex 5.28036 20.9231 3
    endloop
  endfacet
  facet normal 0 0 1
    outer loop
      vertex 3.71964 41.0769 3
      vertex 4.5 21 3
      vertex 4.5 41 3
    endloop
  endfacet
  facet normal 0 0 1
    outer loop
      vertex 3.71964 41.0769 3
      vertex 3.71964 20.9231 3
      vertex 4.5 21 3
    endloop
  endfacet
  facet normal 0 0 1
    outer loop
      vertex 3 41.2952 3
      vertex 3.71964 20.9231 3
      vertex 3.71964 41.0769 3
    endloop
  endfacet
  facet normal 0 0 1
    outer loop
      vertex 3.71964 20.9231 3
      vertex 3 41.2952 3
      vertex 3 20.7048 3
    endloop
  endfacet
  facet normal 0 0 1
    outer loop
      vertex 69.5 14 3
      vertex 13.2216 11.5953 3
      vertex 13.3 11 3
    endloop
  endfacet
  facet normal 0 0 1
    outer loop
      vertex 69.5 14 3
      vertex 12.9919 12.15 3
      vertex 13.2216 11.5953 3
    endloop
  endfacet
  facet normal 0 0 1
    outer loop
      vertex 69.5 14 3
      vertex 12.6263 12.6263 3
      vertex 12.9919 12.15 3
    endloop
  endfacet
  facet normal -0 0 1
    outer loop
      vertex 11.5 14 3
      vertex 12.6263 12.6263 3
      vertex 69.5 14 3
    endloop
  endfacet
  facet normal 0 0 1
    outer loop
      vertex 12.6263 12.6263 3
      vertex 11.5 14 3
      vertex 12.15 12.9919 3
    endloop
  endfacet
  facet normal 0 0 1
    outer loop
      vertex 12.15 12.9919 3
      vertex 11.5 14 3
      vertex 11.5953 13.2216 3
    endloop
  endfacet
  facet normal 0 0 1
    outer loop
      vertex 11 13.3 3
      vertex 11.5 14 3
      vertex 11.1118 14.0511 3
    endloop
  endfacet
  facet normal 0 0 1
    outer loop
      vertex 11.5 14 3
      vertex 11 13.3 3
      vertex 11.5953 13.2216 3
    endloop
  endfacet
  facet normal 0 0 1
    outer loop
      vertex 10.75 14.201 3
      vertex 11 13.3 3
      vertex 11.1118 14.0511 3
    endloop
  endfacet
  facet normal 0 0 1
    outer loop
      vertex 10.4047 13.2216 3
      vertex 10.75 14.201 3
      vertex 10.4393 14.4393 3
    endloop
  endfacet
  facet normal 0 0 1
    outer loop
      vertex 10.75 14.201 3
      vertex 10.4047 13.2216 3
      vertex 11 13.3 3
    endloop
  endfacet
  facet normal 0 0 1
    outer loop
      vertex 9.85 12.9919 3
      vertex 10.4393 14.4393 3
      vertex 10.201 14.75 3
    endloop
  endfacet
  facet normal 0 0 1
    outer loop
      vertex 9.85 12.9919 3
      vertex 10.201 14.75 3
      vertex 10.0511 15.1118 3
    endloop
  endfacet
  facet normal 0 0 1
    outer loop
      vertex 10.4393 14.4393 3
      vertex 9.85 12.9919 3
      vertex 10.4047 13.2216 3
    endloop
  endfacet
  facet normal 0 0 1
    outer loop
      vertex 10 15.5 3
      vertex 9.85 12.9919 3
      vertex 10.0511 15.1118 3
    endloop
  endfacet
  facet normal 0 0 1
    outer loop
      vertex 10 46.5 3
      vertex 9.85 12.9919 3
      vertex 10 15.5 3
    endloop
  endfacet
  facet normal 0 0 1
    outer loop
      vertex 3 48.7048 3
      vertex 9.85 102.008 3
      vertex 9.37365 102.374 3
    endloop
  endfacet
  facet normal 0 0 1
    outer loop
      vertex 8.42314 44.2196 3
      vertex 10 46.5 3
      vertex 8.5 45 3
    endloop
  endfacet
  facet normal 0 0 1
    outer loop
      vertex 3 108 3
      vertex 9.37365 102.374 3
      vertex 9.00814 102.85 3
    endloop
  endfacet
  facet normal 0 0 1
    outer loop
      vertex 10 46.5 3
      vertex 8.5 17 3
      vertex 9.85 12.9919 3
    endloop
  endfacet
  facet normal 0 0 1
    outer loop
      vertex 3 108 3
      vertex 9.00814 102.85 3
      vertex 8.77837 103.405 3
    endloop
  endfacet
  facet normal -0 0 1
    outer loop
      vertex 8.42314 16.2196 3
      vertex 9.85 12.9919 3
      vertex 8.5 17 3
    endloop
  endfacet
  facet normal 0 0 1
    outer loop
      vertex 3 108 3
      vertex 8.77837 103.405 3
      vertex 8.7 104 3
    endloop
  endfacet
  facet normal -0 0 1
    outer loop
      vertex 8.19552 15.4693 3
      vertex 9.85 12.9919 3
      vertex 8.42314 16.2196 3
    endloop
  endfacet
  facet normal 0 0 1
    outer loop
      vertex 72.8045 46.5307 3
      vertex 70.9489 46.8882 3
      vertex 71 46.5 3
    endloop
  endfacet
  facet normal 0 0 1
    outer loop
      vertex 72 83.5 3
      vertex 70.799 47.25 3
      vertex 70.9489 46.8882 3
    endloop
  endfacet
  facet normal 0 0 1
    outer loop
      vertex 65.732 81 3
      vertex 72 83.5 3
      vertex 65.9319 81.4824 3
    endloop
  endfacet
  facet normal 0 0 1
    outer loop
      vertex 70.4231 94.7196 3
      vertex 71.5 96 3
      vertex 70.5 95.5 3
    endloop
  endfacet
  facet normal 0 -0 1
    outer loop
      vertex 70.5 95.5 3
      vertex 71.5 96 3
      vertex 70.4508 96 3
    endloop
  endfacet
  facet normal 0 0 1
    outer loop
      vertex 70.1955 93.9693 3
      vertex 71.5 96 3
      vertex 70.4231 94.7196 3
    endloop
  endfacet
  facet normal 0 0 1
    outer loop
      vertex 72 83.5 3
      vertex 70.1955 93.9693 3
      vertex 69.8259 93.2777 3
    endloop
  endfacet
  facet normal 0 0 1
    outer loop
      vertex 72 83.5 3
      vertex 70.5607 47.5607 3
      vertex 70.799 47.25 3
    endloop
  endfacet
  facet normal 0 0 1
    outer loop
      vertex 65.4142 80.5858 3
      vertex 72 83.5 3
      vertex 65.732 81 3
    endloop
  endfacet
  facet normal -0 0 1
    outer loop
      vertex 69.3284 92.6716 3
      vertex 72 83.5 3
      vertex 69.8259 93.2777 3
    endloop
  endfacet
  facet normal 0 0 1
    outer loop
      vertex 72 83.5 3
      vertex 70.25 47.799 3
      vertex 70.5607 47.5607 3
    endloop
  endfacet
  facet normal -0 0 1
    outer loop
      vertex 68.7223 92.1741 3
      vertex 72 83.5 3
      vertex 69.3284 92.6716 3
    endloop
  endfacet
  facet normal -0 0 1
    outer loop
      vertex 68.0307 91.8045 3
      vertex 72 83.5 3
      vertex 68.7223 92.1741 3
    endloop
  endfacet
  facet normal -0 0 1
    outer loop
      vertex 67.2804 91.5769 3
      vertex 72 83.5 3
      vertex 68.0307 91.8045 3
    endloop
  endfacet
  facet normal 0 0 1
    outer loop
      vertex 72 83.5 3
      vertex 67.2804 91.5769 3
      vertex 66 82 3
    endloop
  endfacet
  facet normal 0 0 1
    outer loop
      vertex 66 82 3
      vertex 67.2804 91.5769 3
      vertex 66.5 91.5 3
    endloop
  endfacet
  facet normal 0 0 1
    outer loop
      vertex 66 82 3
      vertex 66.5 91.5 3
      vertex 66 91.5492 3
    endloop
  endfacet
  facet normal 0 0 1
    outer loop
      vertex 72 83.5 3
      vertex 66 82 3
      vertex 65.9319 81.4824 3
    endloop
  endfacet
  facet normal 0 0 1
    outer loop
      vertex 65 80.268 3
      vertex 72 83.5 3
      vertex 65.4142 80.5858 3
    endloop
  endfacet
  facet normal 0 0 1
    outer loop
      vertex 72 83.5 3
      vertex 69.8882 47.9489 3
      vertex 70.25 47.799 3
    endloop
  endfacet
  facet normal 0 0 1
    outer loop
      vertex 72 83.5 3
      vertex 65 80.268 3
      vertex 69.8882 47.9489 3
    endloop
  endfacet
  facet normal 0 0 1
    outer loop
      vertex 69.8882 47.9489 3
      vertex 65 80.268 3
      vertex 69.5 48 3
    endloop
  endfacet
  facet normal -0 0 1
    outer loop
      vertex 64.5176 80.0681 3
      vertex 69.5 48 3
      vertex 65 80.268 3
    endloop
  endfacet
  facet normal -0 0 1
    outer loop
      vertex 64 80 3
      vertex 69.5 48 3
      vertex 64.5176 80.0681 3
    endloop
  endfacet
  facet normal 0 0 1
    outer loop
      vertex 11.5 48 3
      vertex 64 80 3
      vertex 15 80 3
    endloop
  endfacet
  facet normal 0 0 1
    outer loop
      vertex 11.5 48 3
      vertex 15 80 3
      vertex 14.4824 80.0681 3
    endloop
  endfacet
  facet normal 0 0 1
    outer loop
      vertex 6.72228 48.3259 3
      vertex 14.4824 80.0681 3
      vertex 14 80.268 3
    endloop
  endfacet
  facet normal 0 0 1
    outer loop
      vertex 13.0681 101.518 3
      vertex 12.15 102.008 3
      vertex 13 101 3
    endloop
  endfacet
  facet normal -0 0 1
    outer loop
      vertex 11.5953 101.778 3
      vertex 13 101 3
      vertex 12.15 102.008 3
    endloop
  endfacet
  facet normal -0 0 1
    outer loop
      vertex 11 101.7 3
      vertex 13 101 3
      vertex 11.5953 101.778 3
    endloop
  endfacet
  facet normal 0 0 1
    outer loop
      vertex 64 80 3
      vertex 11.5 48 3
      vertex 69.5 48 3
    endloop
  endfacet
  facet normal 0 0 1
    outer loop
      vertex 6.72228 48.3259 3
      vertex 14 80.268 3
      vertex 13.5858 80.5858 3
    endloop
  endfacet
  facet normal 0 0 1
    outer loop
      vertex 6.72228 48.3259 3
      vertex 13.5858 80.5858 3
      vertex 13.2679 81 3
    endloop
  endfacet
  facet normal 0 0 1
    outer loop
      vertex 6.72228 48.3259 3
      vertex 13.2679 81 3
      vertex 13.0681 81.4824 3
    endloop
  endfacet
  facet normal 0 0 1
    outer loop
      vertex 6.72228 48.3259 3
      vertex 13.0681 81.4824 3
      vertex 13 82 3
    endloop
  endfacet
  facet normal 0 0 1
    outer loop
      vertex 10.4047 101.778 3
      vertex 13 101 3
      vertex 11 101.7 3
    endloop
  endfacet
  facet normal 0 0 1
    outer loop
      vertex 13 101 3
      vertex 10.4047 101.778 3
      vertex 13 82 3
    endloop
  endfacet
  facet normal -0 0 1
    outer loop
      vertex 6.72228 48.3259 3
      vertex 11.5 48 3
      vertex 14.4824 80.0681 3
    endloop
  endfacet
  facet normal 0 0 1
    outer loop
      vertex 9.85 102.008 3
      vertex 13 82 3
      vertex 10.4047 101.778 3
    endloop
  endfacet
  facet normal 0 0 1
    outer loop
      vertex 11.5 48 3
      vertex 6.72228 48.3259 3
      vertex 11.1118 47.9489 3
    endloop
  endfacet
  facet normal 0 0 1
    outer loop
      vertex 6.72228 48.3259 3
      vertex 13 82 3
      vertex 9.85 102.008 3
    endloop
  endfacet
  facet normal 0 0 1
    outer loop
      vertex 11.1118 47.9489 3
      vertex 6.72228 48.3259 3
      vertex 10.75 47.799 3
    endloop
  endfacet
  facet normal -0 -0 1
    outer loop
      vertex 7.32843 47.8284 3
      vertex 10.75 47.799 3
      vertex 6.72228 48.3259 3
    endloop
  endfacet
  facet normal 0 0 1
    outer loop
      vertex 10.75 47.799 3
      vertex 7.32843 47.8284 3
      vertex 10.4393 47.5607 3
    endloop
  endfacet
  facet normal 0 0 1
    outer loop
      vertex 10.4393 47.5607 3
      vertex 7.82588 47.2223 3
      vertex 10.201 47.25 3
    endloop
  endfacet
  facet normal 0 -0 1
    outer loop
      vertex 7.82588 47.2223 3
      vertex 10.4393 47.5607 3
      vertex 7.32843 47.8284 3
    endloop
  endfacet
  facet normal -0 0 1
    outer loop
      vertex 12.9919 102.85 3
      vertex 14 102.732 3
      vertex 13.2216 103.405 3
    endloop
  endfacet
  facet normal 0 0 1
    outer loop
      vertex 14 102.732 3
      vertex 12.9919 102.85 3
      vertex 13.5858 102.414 3
    endloop
  endfacet
  facet normal 0 0 1
    outer loop
      vertex 13.5858 102.414 3
      vertex 12.9919 102.85 3
      vertex 13.2679 102 3
    endloop
  endfacet
  facet normal -0 0 1
    outer loop
      vertex 12.6263 102.374 3
      vertex 13.2679 102 3
      vertex 12.9919 102.85 3
    endloop
  endfacet
  facet normal -0 0 1
    outer loop
      vertex 12.15 102.008 3
      vertex 13.0681 101.518 3
      vertex 12.6263 102.374 3
    endloop
  endfacet
  facet normal 0 0 1
    outer loop
      vertex 13.2679 102 3
      vertex 12.6263 102.374 3
      vertex 13.0681 101.518 3
    endloop
  endfacet
  facet normal 0 0 1
    outer loop
      vertex 70.1955 93.9693 3
      vertex 72 96.0974 3
      vertex 71.8882 96.0511 3
    endloop
  endfacet
  facet normal -0 0 1
    outer loop
      vertex 78.0307 41.3045 3
      vertex 86.2777 29.8259 3
      vertex 78.7223 41.6741 3
    endloop
  endfacet
  facet normal 0 0 1
    outer loop
      vertex 84.5769 27.2804 3
      vertex 80.4231 17.7804 3
      vertex 80.5 17 3
    endloop
  endfacet
  facet normal 0 0 1
    outer loop
      vertex 86.2777 29.8259 3
      vertex 78.0307 41.3045 3
      vertex 85.6716 29.3284 3
    endloop
  endfacet
  facet normal 0 0 1
    outer loop
      vertex 84.5769 27.2804 3
      vertex 80.1955 18.5307 3
      vertex 80.4231 17.7804 3
    endloop
  endfacet
  facet normal -0 0 1
    outer loop
      vertex 77.2804 41.0769 3
      vertex 85.6716 29.3284 3
      vertex 78.0307 41.3045 3
    endloop
  endfacet
  facet normal 0 0 1
    outer loop
      vertex 84.5769 27.2804 3
      vertex 79.8259 19.2223 3
      vertex 80.1955 18.5307 3
    endloop
  endfacet
  facet normal 0 0 1
    outer loop
      vertex 85.6716 29.3284 3
      vertex 77.2804 41.0769 3
      vertex 85.1741 28.7223 3
    endloop
  endfacet
  facet normal 0 0 1
    outer loop
      vertex 84.5769 27.2804 3
      vertex 79.3284 19.8284 3
      vertex 79.8259 19.2223 3
    endloop
  endfacet
  facet normal -0 0 1
    outer loop
      vertex 76.5 41 3
      vertex 85.1741 28.7223 3
      vertex 77.2804 41.0769 3
    endloop
  endfacet
  facet normal 0 0 1
    outer loop
      vertex 84.5769 27.2804 3
      vertex 78.7223 20.3259 3
      vertex 79.3284 19.8284 3
    endloop
  endfacet
  facet normal 0 0 1
    outer loop
      vertex 85.1741 28.7223 3
      vertex 76.5 41 3
      vertex 84.8045 28.0307 3
    endloop
  endfacet
  facet normal 0 0 1
    outer loop
      vertex 84.5769 27.2804 3
      vertex 78.0307 20.6955 3
      vertex 78.7223 20.3259 3
    endloop
  endfacet
  facet normal 0 0 1
    outer loop
      vertex 76.5 21 3
      vertex 84.8045 28.0307 3
      vertex 76.5 41 3
    endloop
  endfacet
  facet normal 0 0 1
    outer loop
      vertex 84.5769 27.2804 3
      vertex 77.2804 20.9231 3
      vertex 78.0307 20.6955 3
    endloop
  endfacet
  facet normal 0 0 1
    outer loop
      vertex 84.8045 28.0307 3
      vertex 76.5 21 3
      vertex 84.5769 27.2804 3
    endloop
  endfacet
  facet normal 0 0 1
    outer loop
      vertex 84.5769 27.2804 3
      vertex 76.5 21 3
      vertex 77.2804 20.9231 3
    endloop
  endfacet
  facet normal 0 0 1
    outer loop
      vertex 75.7196 41.0769 3
      vertex 76.5 21 3
      vertex 76.5 41 3
    endloop
  endfacet
  facet normal 0 0 1
    outer loop
      vertex 75.7196 41.0769 3
      vertex 75.7196 20.9231 3
      vertex 76.5 21 3
    endloop
  endfacet
  facet normal 0 0 1
    outer loop
      vertex 74.9693 41.3045 3
      vertex 75.7196 20.9231 3
      vertex 75.7196 41.0769 3
    endloop
  endfacet
  facet normal 0 0 1
    outer loop
      vertex 74.9693 41.3045 3
      vertex 74.9693 20.6955 3
      vertex 75.7196 20.9231 3
    endloop
  endfacet
  facet normal 0 0 1
    outer loop
      vertex 74.2777 41.6741 3
      vertex 74.9693 20.6955 3
      vertex 74.9693 41.3045 3
    endloop
  endfacet
  facet normal 0 0 1
    outer loop
      vertex 74.2777 41.6741 3
      vertex 74.2777 20.3259 3
      vertex 74.9693 20.6955 3
    endloop
  endfacet
  facet normal 0 0 1
    outer loop
      vertex 73.6716 42.1716 3
      vertex 74.2777 20.3259 3
      vertex 74.2777 41.6741 3
    endloop
  endfacet
  facet normal 0 0 1
    outer loop
      vertex 73.6716 42.1716 3
      vertex 73.6716 19.8284 3
      vertex 74.2777 20.3259 3
    endloop
  endfacet
  facet normal 0 0 1
    outer loop
      vertex 73.1741 42.7777 3
      vertex 73.6716 19.8284 3
      vertex 73.6716 42.1716 3
    endloop
  endfacet
  facet normal 0 0 1
    outer loop
      vertex 73.1741 42.7777 3
      vertex 73.1741 19.2223 3
      vertex 73.6716 19.8284 3
    endloop
  endfacet
  facet normal 0 0 1
    outer loop
      vertex 72.8045 43.4693 3
      vertex 73.1741 19.2223 3
      vertex 73.1741 42.7777 3
    endloop
  endfacet
  facet normal 0 0 1
    outer loop
      vertex 72.8045 43.4693 3
      vertex 72.8045 18.5307 3
      vertex 73.1741 19.2223 3
    endloop
  endfacet
  facet normal 0 0 1
    outer loop
      vertex 71 46.5 3
      vertex 72.8045 43.4693 3
      vertex 72.5769 44.2196 3
    endloop
  endfacet
  facet normal 0 0 1
    outer loop
      vertex 72.8045 43.4693 3
      vertex 71 46.5 3
      vertex 72.8045 18.5307 3
    endloop
  endfacet
  facet normal 0 0 1
    outer loop
      vertex 71 46.5 3
      vertex 72.5769 44.2196 3
      vertex 72.5 45 3
    endloop
  endfacet
  facet normal 0 0 1
    outer loop
      vertex 71 15.5 3
      vertex 72.8045 18.5307 3
      vertex 71 46.5 3
    endloop
  endfacet
  facet normal -0 0 1
    outer loop
      vertex 92.1955 60.9693 3
      vertex 94 49.5 3
      vertex 92.4231 61.7196 3
    endloop
  endfacet
  facet normal 0 0 1
    outer loop
      vertex 94 49.5 3
      vertex 92.4231 27.2804 3
      vertex 92.5 26.5 3
    endloop
  endfacet
  facet normal -0 0 1
    outer loop
      vertex 91.8259 60.2777 3
      vertex 94 49.5 3
      vertex 92.1955 60.9693 3
    endloop
  endfacet
  facet normal 0 0 1
    outer loop
      vertex 94 49.5 3
      vertex 92.1955 28.0307 3
      vertex 92.4231 27.2804 3
    endloop
  endfacet
  facet normal -0 0 1
    outer loop
      vertex 91.3284 59.6716 3
      vertex 94 49.5 3
      vertex 91.8259 60.2777 3
    endloop
  endfacet
  facet normal 0 0 1
    outer loop
      vertex 94 49.5 3
      vertex 91.8259 28.7223 3
      vertex 92.1955 28.0307 3
    endloop
  endfacet
  facet normal -0 0 1
    outer loop
      vertex 90.7223 59.1741 3
      vertex 94 49.5 3
      vertex 91.3284 59.6716 3
    endloop
  endfacet
  facet normal 0 0 1
    outer loop
      vertex 94 49.5 3
      vertex 91.3284 29.3284 3
      vertex 91.8259 28.7223 3
    endloop
  endfacet
  facet normal -0 0 1
    outer loop
      vertex 90.0307 58.8045 3
      vertex 94 49.5 3
      vertex 90.7223 59.1741 3
    endloop
  endfacet
  facet normal 0 0 1
    outer loop
      vertex 94 49.5 3
      vertex 90.7223 29.8259 3
      vertex 91.3284 29.3284 3
    endloop
  endfacet
  facet normal -0 0 1
    outer loop
      vertex 89.2804 58.5769 3
      vertex 94 49.5 3
      vertex 90.0307 58.8045 3
    endloop
  endfacet
  facet normal 0 0 1
    outer loop
      vertex 94 49.5 3
      vertex 90.0307 30.1955 3
      vertex 90.7223 29.8259 3
    endloop
  endfacet
  facet normal -0 0 1
    outer loop
      vertex 88.5 58.5 3
      vertex 94 49.5 3
      vertex 89.2804 58.5769 3
    endloop
  endfacet
  facet normal 0 0 1
    outer loop
      vertex 80.4231 44.2196 3
      vertex 94 49.5 3
      vertex 80.5 45 3
    endloop
  endfacet
  facet normal 0 0 1
    outer loop
      vertex 87.7196 58.5769 3
      vertex 94 49.5 3
      vertex 88.5 58.5 3
    endloop
  endfacet
  facet normal 0 0 1
    outer loop
      vertex 94 49.5 3
      vertex 89.2804 30.4231 3
      vertex 90.0307 30.1955 3
    endloop
  endfacet
  facet normal 0 0 1
    outer loop
      vertex 79.8259 47.2223 3
      vertex 94 49.5 3
      vertex 87.7196 58.5769 3
    endloop
  endfacet
  facet normal 0 0 1
    outer loop
      vertex 94 49.5 3
      vertex 88.5 30.5 3
      vertex 89.2804 30.4231 3
    endloop
  endfacet
  facet normal 0 0 1
    outer loop
      vertex 79.8259 47.2223 3
      vertex 87.7196 58.5769 3
      vertex 86.9693 58.8045 3
    endloop
  endfacet
  facet normal 0 0 1
    outer loop
      vertex 80.1955 43.4693 3
      vertex 94 49.5 3
      vertex 80.4231 44.2196 3
    endloop
  endfacet
  facet normal 0 0 1
    outer loop
      vertex 79.3284 47.8284 3
      vertex 86.9693 58.8045 3
      vertex 86.2777 59.1741 3
    endloop
  endfacet
  facet normal 0 0 1
    outer loop
      vertex 94 49.5 3
      vertex 80.1955 43.4693 3
      vertex 88.5 30.5 3
    endloop
  endfacet
  facet normal 0 0 1
    outer loop
      vertex 78.7223 48.3259 3
      vertex 86.2777 59.1741 3
      vertex 85.6716 59.6716 3
    endloop
  endfacet
  facet normal -0 0 1
    outer loop
      vertex 79.8259 42.7777 3
      vertex 88.5 30.5 3
      vertex 80.1955 43.4693 3
    endloop
  endfacet
  facet normal 0 0 1
    outer loop
      vertex 78.0307 48.6955 3
      vertex 85.6716 59.6716 3
      vertex 85.1741 60.2777 3
    endloop
  endfacet
  facet normal 0 0 1
    outer loop
      vertex 88.5 30.5 3
      vertex 79.8259 42.7777 3
      vertex 87.7196 30.4231 3
    endloop
  endfacet
  facet normal 0 0 1
    outer loop
      vertex 77.2804 48.9231 3
      vertex 85.1741 60.2777 3
      vertex 84.8045 60.9693 3
    endloop
  endfacet
  facet normal -0 0 1
    outer loop
      vertex 79.3284 42.1716 3
      vertex 87.7196 30.4231 3
      vertex 79.8259 42.7777 3
    endloop
  endfacet
  facet normal 0 0 1
    outer loop
      vertex 76.5 49 3
      vertex 84.8045 60.9693 3
      vertex 84.5769 61.7196 3
    endloop
  endfacet
  facet normal 0 0 1
    outer loop
      vertex 87.7196 30.4231 3
      vertex 79.3284 42.1716 3
      vertex 86.9693 30.1955 3
    endloop
  endfacet
  facet normal 0 0 1
    outer loop
      vertex 75.7196 48.9231 3
      vertex 84.5769 61.7196 3
      vertex 84.5 62.5 3
    endloop
  endfacet
  facet normal -0 0 1
    outer loop
      vertex 78.7223 41.6741 3
      vertex 86.9693 30.1955 3
      vertex 79.3284 42.1716 3
    endloop
  endfacet
  facet normal 0 0 1
    outer loop
      vertex 133.439 73.5607 3
      vertex 127.949 75.8882 3
      vertex 128 75.5 3
    endloop
  endfacet
  facet normal 0 0 1
    outer loop
      vertex 127.799 76.25 3
      vertex 128.196 93.9693 3
      vertex 127.826 93.2777 3
    endloop
  endfacet
  facet normal 0 0 1
    outer loop
      vertex 128.196 93.9693 3
      vertex 127.799 76.25 3
      vertex 127.949 75.8882 3
    endloop
  endfacet
  facet normal 0 0 1
    outer loop
      vertex 127.826 93.2777 3
      vertex 127.561 76.5607 3
      vertex 127.799 76.25 3
    endloop
  endfacet
  facet normal -0 0 1
    outer loop
      vertex 127.328 92.6716 3
      vertex 127.561 76.5607 3
      vertex 127.826 93.2777 3
    endloop
  endfacet
  facet normal 0 0 1
    outer loop
      vertex 127.328 92.6716 3
      vertex 127.25 76.799 3
      vertex 127.561 76.5607 3
    endloop
  endfacet
  facet normal -0 0 1
    outer loop
      vertex 126.722 92.1741 3
      vertex 127.25 76.799 3
      vertex 127.328 92.6716 3
    endloop
  endfacet
  facet normal 0 0 1
    outer loop
      vertex 127.25 76.799 3
      vertex 126.722 92.1741 3
      vertex 126.888 76.9489 3
    endloop
  endfacet
  facet normal -0 0 1
    outer loop
      vertex 126.031 91.8045 3
      vertex 126.888 76.9489 3
      vertex 126.722 92.1741 3
    endloop
  endfacet
  facet normal -0 0 1
    outer loop
      vertex 125.28 91.5769 3
      vertex 126.888 76.9489 3
      vertex 126.031 91.8045 3
    endloop
  endfacet
  facet normal 0 0 1
    outer loop
      vertex 126.888 76.9489 3
      vertex 125.28 91.5769 3
      vertex 126.5 77 3
    endloop
  endfacet
  facet normal 0 0 1
    outer loop
      vertex 119 83.5 3
      vertex 125.28 91.5769 3
      vertex 124.5 91.5 3
    endloop
  endfacet
  facet normal 0 0 1
    outer loop
      vertex 119 83.5 3
      vertex 124.5 91.5 3
      vertex 123.72 91.5769 3
    endloop
  endfacet
  facet normal 0 0 1
    outer loop
      vertex 119 83.5 3
      vertex 123.72 91.5769 3
      vertex 122.969 91.8045 3
    endloop
  endfacet
  facet normal 0 0 1
    outer loop
      vertex 119 83.5 3
      vertex 122.969 91.8045 3
      vertex 122.278 92.1741 3
    endloop
  endfacet
  facet normal 0 0 1
    outer loop
      vertex 119 83.5 3
      vertex 122.278 92.1741 3
      vertex 121.672 92.6716 3
    endloop
  endfacet
  facet normal 0 0 1
    outer loop
      vertex 119 83.5 3
      vertex 121.672 92.6716 3
      vertex 121.174 93.2777 3
    endloop
  endfacet
  facet normal 0 0 1
    outer loop
      vertex 119 83.5 3
      vertex 121.174 93.2777 3
      vertex 120.804 93.9693 3
    endloop
  endfacet
  facet normal 0 0 1
    outer loop
      vertex 119 83.5 3
      vertex 120.5 95.5 3
      vertex 119 107.5 3
    endloop
  endfacet
  facet normal 0 0 1
    outer loop
      vertex 120.5 95.5 3
      vertex 119 83.5 3
      vertex 120.577 94.7196 3
    endloop
  endfacet
  facet normal 0 0 1
    outer loop
      vertex 119 83.5 3
      vertex 120.804 93.9693 3
      vertex 120.577 94.7196 3
    endloop
  endfacet
  facet normal 0 0 1
    outer loop
      vertex 125.28 91.5769 3
      vertex 119 83.5 3
      vertex 126.5 77 3
    endloop
  endfacet
  facet normal -0 0 1
    outer loop
      vertex 118.949 83.1118 3
      vertex 126.5 77 3
      vertex 119 83.5 3
    endloop
  endfacet
  facet normal -0 0 1
    outer loop
      vertex 118.799 82.75 3
      vertex 126.5 77 3
      vertex 118.949 83.1118 3
    endloop
  endfacet
  facet normal -0 0 1
    outer loop
      vertex 118.561 82.4393 3
      vertex 126.5 77 3
      vertex 118.799 82.75 3
    endloop
  endfacet
  facet normal -0 0 1
    outer loop
      vertex 118.25 82.201 3
      vertex 126.5 77 3
      vertex 118.561 82.4393 3
    endloop
  endfacet
  facet normal -0 0 1
    outer loop
      vertex 117.888 82.0511 3
      vertex 126.5 77 3
      vertex 118.25 82.201 3
    endloop
  endfacet
  facet normal -0 0 1
    outer loop
      vertex 117.5 82 3
      vertex 126.5 77 3
      vertex 117.888 82.0511 3
    endloop
  endfacet
  facet normal 0 0 1
    outer loop
      vertex 117.5 82 3
      vertex 95.5 77 3
      vertex 126.5 77 3
    endloop
  endfacet
  facet normal -0 0 1
    outer loop
      vertex 73.5 82 3
      vertex 95.5 77 3
      vertex 117.5 82 3
    endloop
  endfacet
  facet normal -0 0 1
    outer loop
      vertex 92.5 62.5 3
      vertex 94 49.5 3
      vertex 94 75.5 3
    endloop
  endfacet
  facet normal -0 0 1
    outer loop
      vertex 92.4231 61.7196 3
      vertex 94 49.5 3
      vertex 92.5 62.5 3
    endloop
  endfacet
  facet normal 0 0 1
    outer loop
      vertex 94 49.5 3
      vertex 92.5 26.5 3
      vertex 94 37.5 3
    endloop
  endfacet
  facet normal 0 0 1
    outer loop
      vertex 94 75.5 3
      vertex 92.4231 63.2804 3
      vertex 92.5 62.5 3
    endloop
  endfacet
  facet normal 0 0 1
    outer loop
      vertex 94 75.5 3
      vertex 92.1955 64.0307 3
      vertex 92.4231 63.2804 3
    endloop
  endfacet
  facet normal 0 0 1
    outer loop
      vertex 73.5 82 3
      vertex 94 75.5 3
      vertex 94.0511 75.8882 3
    endloop
  endfacet
  facet normal 0 0 1
    outer loop
      vertex 94 75.5 3
      vertex 91.8259 64.7223 3
      vertex 92.1955 64.0307 3
    endloop
  endfacet
  facet normal 0 0 1
    outer loop
      vertex 94 75.5 3
      vertex 91.3284 65.3284 3
      vertex 91.8259 64.7223 3
    endloop
  endfacet
  facet normal 0 0 1
    outer loop
      vertex 94 75.5 3
      vertex 90.7223 65.8259 3
      vertex 91.3284 65.3284 3
    endloop
  endfacet
  facet normal 0 0 1
    outer loop
      vertex 94 75.5 3
      vertex 90.0307 66.1955 3
      vertex 90.7223 65.8259 3
    endloop
  endfacet
  facet normal 0 0 1
    outer loop
      vertex 73.5 82 3
      vertex 94.0511 75.8882 3
      vertex 94.201 76.25 3
    endloop
  endfacet
  facet normal 0 0 1
    outer loop
      vertex 94 75.5 3
      vertex 89.2804 66.4231 3
      vertex 90.0307 66.1955 3
    endloop
  endfacet
  facet normal 0 0 1
    outer loop
      vertex 94 75.5 3
      vertex 88.5 66.5 3
      vertex 89.2804 66.4231 3
    endloop
  endfacet
  facet normal 0 0 1
    outer loop
      vertex 94 75.5 3
      vertex 87.7196 66.4231 3
      vertex 88.5 66.5 3
    endloop
  endfacet
  facet normal 0 0 1
    outer loop
      vertex 94 75.5 3
      vertex 86.9693 66.1955 3
      vertex 87.7196 66.4231 3
    endloop
  endfacet
  facet normal 0 0 1
    outer loop
      vertex 94 75.5 3
      vertex 73.5 82 3
      vertex 86.9693 66.1955 3
    endloop
  endfacet
  facet normal 0 0 1
    outer loop
      vertex 86.9693 66.1955 3
      vertex 73.5 82 3
      vertex 86.2777 65.8259 3
    endloop
  endfacet
  facet normal 0 0 1
    outer loop
      vertex 73.5 82 3
      vertex 94.201 76.25 3
      vertex 94.4393 76.5607 3
    endloop
  endfacet
  facet normal 0 0 1
    outer loop
      vertex 86.2777 65.8259 3
      vertex 73.5 82 3
      vertex 85.6716 65.3284 3
    endloop
  endfacet
  facet normal 0 0 1
    outer loop
      vertex 86.9693 30.1955 3
      vertex 78.7223 41.6741 3
      vertex 86.2777 29.8259 3
    endloop
  endfacet
  facet normal 0 0 1
    outer loop
      vertex 74.9693 48.6955 3
      vertex 84.5 62.5 3
      vertex 84.5769 63.2804 3
    endloop
  endfacet
  facet normal 0 0 1
    outer loop
      vertex 94 49.5 3
      vertex 80.4231 45.7804 3
      vertex 80.5 45 3
    endloop
  endfacet
  facet normal 0 0 1
    outer loop
      vertex 94 49.5 3
      vertex 80.1955 46.5307 3
      vertex 80.4231 45.7804 3
    endloop
  endfacet
  facet normal 0 0 1
    outer loop
      vertex 94 49.5 3
      vertex 79.8259 47.2223 3
      vertex 80.1955 46.5307 3
    endloop
  endfacet
  facet normal 0 0 1
    outer loop
      vertex 86.9693 58.8045 3
      vertex 79.3284 47.8284 3
      vertex 79.8259 47.2223 3
    endloop
  endfacet
  facet normal 0 0 1
    outer loop
      vertex 73.1118 82.0511 3
      vertex 84.5769 63.2804 3
      vertex 84.8045 64.0307 3
    endloop
  endfacet
  facet normal 0 0 1
    outer loop
      vertex 86.2777 59.1741 3
      vertex 78.7223 48.3259 3
      vertex 79.3284 47.8284 3
    endloop
  endfacet
  facet normal 0 0 1
    outer loop
      vertex 85.6716 59.6716 3
      vertex 78.0307 48.6955 3
      vertex 78.7223 48.3259 3
    endloop
  endfacet
  facet normal 0 0 1
    outer loop
      vertex 85.1741 60.2777 3
      vertex 77.2804 48.9231 3
      vertex 78.0307 48.6955 3
    endloop
  endfacet
  facet normal 0 0 1
    outer loop
      vertex 84.8045 60.9693 3
      vertex 76.5 49 3
      vertex 77.2804 48.9231 3
    endloop
  endfacet
  facet normal 0 0 1
    outer loop
      vertex 73.5 82 3
      vertex 84.8045 64.0307 3
      vertex 85.1741 64.7223 3
    endloop
  endfacet
  facet normal 0 0 1
    outer loop
      vertex 84.5769 61.7196 3
      vertex 75.7196 48.9231 3
      vertex 76.5 49 3
    endloop
  endfacet
  facet normal 0 0 1
    outer loop
      vertex 84.5 62.5 3
      vertex 74.9693 48.6955 3
      vertex 75.7196 48.9231 3
    endloop
  endfacet
  facet normal 0 0 1
    outer loop
      vertex 84.5769 63.2804 3
      vertex 73.1118 82.0511 3
      vertex 74.9693 48.6955 3
    endloop
  endfacet
  facet normal 0 0 1
    outer loop
      vertex 74.9693 48.6955 3
      vertex 73.1118 82.0511 3
      vertex 74.2777 48.3259 3
    endloop
  endfacet
  facet normal 0 0 1
    outer loop
      vertex 95.5 77 3
      vertex 73.5 82 3
      vertex 95.1118 76.9489 3
    endloop
  endfacet
  facet normal 0 0 1
    outer loop
      vertex 73.5 82 3
      vertex 94.75 76.799 3
      vertex 95.1118 76.9489 3
    endloop
  endfacet
  facet normal 0 0 1
    outer loop
      vertex 73.5 82 3
      vertex 94.4393 76.5607 3
      vertex 94.75 76.799 3
    endloop
  endfacet
  facet normal 0 0 1
    outer loop
      vertex 85.6716 65.3284 3
      vertex 73.5 82 3
      vertex 85.1741 64.7223 3
    endloop
  endfacet
  facet normal 0 0 1
    outer loop
      vertex 84.8045 64.0307 3
      vertex 73.5 82 3
      vertex 73.1118 82.0511 3
    endloop
  endfacet
  facet normal 0 0 1
    outer loop
      vertex 72.75 82.201 3
      vertex 74.2777 48.3259 3
      vertex 73.1118 82.0511 3
    endloop
  endfacet
  facet normal 0 0 1
    outer loop
      vertex 70.9489 46.8882 3
      vertex 74.2777 48.3259 3
      vertex 72.75 82.201 3
    endloop
  endfacet
  facet normal 0 0 1
    outer loop
      vertex 70.9489 46.8882 3
      vertex 73.1741 47.2223 3
      vertex 73.6716 47.8284 3
    endloop
  endfacet
  facet normal 0 0 1
    outer loop
      vertex 70.9489 46.8882 3
      vertex 73.6716 47.8284 3
      vertex 74.2777 48.3259 3
    endloop
  endfacet
  facet normal -0 0 1
    outer loop
      vertex 70.9489 46.8882 3
      vertex 72.8045 46.5307 3
      vertex 73.1741 47.2223 3
    endloop
  endfacet
  facet normal 0 0 1
    outer loop
      vertex 72.8045 46.5307 3
      vertex 71 46.5 3
      vertex 72.5769 45.7804 3
    endloop
  endfacet
  facet normal 0 0 1
    outer loop
      vertex 72.5769 45.7804 3
      vertex 71 46.5 3
      vertex 72.5 45 3
    endloop
  endfacet
  facet normal 0 0 1
    outer loop
      vertex 70.9489 46.8882 3
      vertex 72.75 82.201 3
      vertex 72.4393 82.4393 3
    endloop
  endfacet
  facet normal 0 0 1
    outer loop
      vertex 133 58.5492 3
      vertex 132.72 58.5769 3
      vertex 133 50.5 3
    endloop
  endfacet
  facet normal 0 0 1
    outer loop
      vertex 160.15 12.9919 3
      vertex 150.423 27.2804 3
      vertex 150.5 26.5 3
    endloop
  endfacet
  facet normal 0 0 1
    outer loop
      vertex 149.826 28.7223 3
      vertex 150.826 41.2777 3
      vertex 150.328 40.6716 3
    endloop
  endfacet
  facet normal 0 0 1
    outer loop
      vertex 160.888 49.0511 3
      vertex 150.196 28.0307 3
      vertex 150.423 27.2804 3
    endloop
  endfacet
  facet normal 0 0 1
    outer loop
      vertex 150.826 41.2777 3
      vertex 149.826 28.7223 3
      vertex 150.196 28.0307 3
    endloop
  endfacet
  facet normal 0 0 1
    outer loop
      vertex 149.328 29.3284 3
      vertex 150.328 40.6716 3
      vertex 149.722 40.1741 3
    endloop
  endfacet
  facet normal 0 0 1
    outer loop
      vertex 150.328 40.6716 3
      vertex 149.328 29.3284 3
      vertex 149.826 28.7223 3
    endloop
  endfacet
  facet normal 0 0 1
    outer loop
      vertex 148.722 29.8259 3
      vertex 149.722 40.1741 3
      vertex 149.031 39.8045 3
    endloop
  endfacet
  facet normal 0 0 1
    outer loop
      vertex 149.722 40.1741 3
      vertex 148.722 29.8259 3
      vertex 149.328 29.3284 3
    endloop
  endfacet
  facet normal 0 0 1
    outer loop
      vertex 148.031 30.1955 3
      vertex 149.031 39.8045 3
      vertex 148.28 39.5769 3
    endloop
  endfacet
  facet normal 0 0 1
    outer loop
      vertex 149.031 39.8045 3
      vertex 148.031 30.1955 3
      vertex 148.722 29.8259 3
    endloop
  endfacet
  facet normal 0 0 1
    outer loop
      vertex 147.28 30.4231 3
      vertex 148.28 39.5769 3
      vertex 147.5 39.5 3
    endloop
  endfacet
  facet normal 0 0 1
    outer loop
      vertex 148.28 39.5769 3
      vertex 147.28 30.4231 3
      vertex 148.031 30.1955 3
    endloop
  endfacet
  facet normal 0 0 1
    outer loop
      vertex 146.5 30.5 3
      vertex 147.5 39.5 3
      vertex 146.72 39.5769 3
    endloop
  endfacet
  facet normal 0 0 1
    outer loop
      vertex 147.5 39.5 3
      vertex 146.5 30.5 3
      vertex 147.28 30.4231 3
    endloop
  endfacet
  facet normal 0 0 1
    outer loop
      vertex 141 37.5 3
      vertex 146.72 39.5769 3
      vertex 145.969 39.8045 3
    endloop
  endfacet
  facet normal 0 0 1
    outer loop
      vertex 146.72 39.5769 3
      vertex 145.72 30.4231 3
      vertex 146.5 30.5 3
    endloop
  endfacet
  facet normal 0 0 1
    outer loop
      vertex 141 37.5 3
      vertex 145.969 39.8045 3
      vertex 145.278 40.1741 3
    endloop
  endfacet
  facet normal 0 0 1
    outer loop
      vertex 146.72 39.5769 3
      vertex 141 37.5 3
      vertex 145.72 30.4231 3
    endloop
  endfacet
  facet normal 0 0 1
    outer loop
      vertex 140.949 37.8882 3
      vertex 145.278 40.1741 3
      vertex 144.672 40.6716 3
    endloop
  endfacet
  facet normal 0 0 1
    outer loop
      vertex 145.72 30.4231 3
      vertex 141 37.5 3
      vertex 144.969 30.1955 3
    endloop
  endfacet
  facet normal 0 0 1
    outer loop
      vertex 140.799 38.25 3
      vertex 144.672 40.6716 3
      vertex 144.174 41.2777 3
    endloop
  endfacet
  facet normal 0 0 1
    outer loop
      vertex 140.561 38.5607 3
      vertex 144.174 41.2777 3
      vertex 143.804 41.9693 3
    endloop
  endfacet
  facet normal 0 0 1
    outer loop
      vertex 144.969 30.1955 3
      vertex 141 37.5 3
      vertex 144.278 29.8259 3
    endloop
  endfacet
  facet normal 0 0 1
    outer loop
      vertex 139.888 38.9489 3
      vertex 143.804 41.9693 3
      vertex 143.577 42.7196 3
    endloop
  endfacet
  facet normal 0 0 1
    outer loop
      vertex 139.5 39 3
      vertex 143.577 42.7196 3
      vertex 143.5 43.5 3
    endloop
  endfacet
  facet normal 0 0 1
    outer loop
      vertex 144.278 29.8259 3
      vertex 141 37.5 3
      vertex 143.672 29.3284 3
    endloop
  endfacet
  facet normal 0 0 1
    outer loop
      vertex 160.626 12.6263 3
      vertex 161.561 49.4393 3
      vertex 161.25 49.201 3
    endloop
  endfacet
  facet normal 0 0 1
    outer loop
      vertex 161.561 49.4393 3
      vertex 161.222 11.5953 3
      vertex 161.3 11 3
    endloop
  endfacet
  facet normal 0 0 1
    outer loop
      vertex 161.561 49.4393 3
      vertex 160.992 12.15 3
      vertex 161.222 11.5953 3
    endloop
  endfacet
  facet normal 0 0 1
    outer loop
      vertex 150.423 27.2804 3
      vertex 161.25 49.201 3
      vertex 160.888 49.0511 3
    endloop
  endfacet
  facet normal 0 0 1
    outer loop
      vertex 161.561 49.4393 3
      vertex 160.626 12.6263 3
      vertex 160.992 12.15 3
    endloop
  endfacet
  facet normal 0 0 1
    outer loop
      vertex 151.196 41.9693 3
      vertex 160.888 49.0511 3
      vertex 160.5 49 3
    endloop
  endfacet
  facet normal 0 0 1
    outer loop
      vertex 161.25 49.201 3
      vertex 160.15 12.9919 3
      vertex 160.626 12.6263 3
    endloop
  endfacet
  facet normal -0 0 1
    outer loop
      vertex 150.423 27.2804 3
      vertex 160.15 12.9919 3
      vertex 161.25 49.201 3
    endloop
  endfacet
  facet normal 0 0 1
    outer loop
      vertex 160.15 12.9919 3
      vertex 150.5 26.5 3
      vertex 159.595 13.2216 3
    endloop
  endfacet
  facet normal -0 0 1
    outer loop
      vertex 150.423 25.7196 3
      vertex 159.595 13.2216 3
      vertex 150.5 26.5 3
    endloop
  endfacet
  facet normal 0 0 1
    outer loop
      vertex 159.595 13.2216 3
      vertex 150.423 25.7196 3
      vertex 159 13.3 3
    endloop
  endfacet
  facet normal -0 0 1
    outer loop
      vertex 150.196 24.9693 3
      vertex 159 13.3 3
      vertex 150.423 25.7196 3
    endloop
  endfacet
  facet normal 0 0 1
    outer loop
      vertex 159 13.3 3
      vertex 150.196 24.9693 3
      vertex 158.405 13.2216 3
    endloop
  endfacet
  facet normal -0 0 1
    outer loop
      vertex 149.826 24.2777 3
      vertex 158.405 13.2216 3
      vertex 150.196 24.9693 3
    endloop
  endfacet
  facet normal 0 0 1
    outer loop
      vertex 158.405 13.2216 3
      vertex 149.826 24.2777 3
      vertex 157.85 12.9919 3
    endloop
  endfacet
  facet normal 0 0 1
    outer loop
      vertex 151.423 42.7196 3
      vertex 160.5 49 3
      vertex 151.5 43.5 3
    endloop
  endfacet
  facet normal 0 0 1
    outer loop
      vertex 160.5 49 3
      vertex 151.423 44.2804 3
      vertex 151.5 43.5 3
    endloop
  endfacet
  facet normal 0 0 1
    outer loop
      vertex 160.5 49 3
      vertex 151.196 45.0307 3
      vertex 151.423 44.2804 3
    endloop
  endfacet
  facet normal 0 0 1
    outer loop
      vertex 160.5 49 3
      vertex 150.826 45.7223 3
      vertex 151.196 45.0307 3
    endloop
  endfacet
  facet normal 0 0 1
    outer loop
      vertex 160.5 49 3
      vertex 150.328 46.3284 3
      vertex 150.826 45.7223 3
    endloop
  endfacet
  facet normal 0 0 1
    outer loop
      vertex 160.5 49 3
      vertex 149.722 46.8259 3
      vertex 150.328 46.3284 3
    endloop
  endfacet
  facet normal 0 0 1
    outer loop
      vertex 160.5 49 3
      vertex 149.031 47.1955 3
      vertex 149.722 46.8259 3
    endloop
  endfacet
  facet normal 0 0 1
    outer loop
      vertex 160.5 49 3
      vertex 148.28 47.4231 3
      vertex 149.031 47.1955 3
    endloop
  endfacet
  facet normal 0 0 1
    outer loop
      vertex 160.5 49 3
      vertex 147.5 47.5 3
      vertex 148.28 47.4231 3
    endloop
  endfacet
  facet normal -0 0 1
    outer loop
      vertex 134.5 49 3
      vertex 147.5 47.5 3
      vertex 160.5 49 3
    endloop
  endfacet
  facet normal 0 0 1
    outer loop
      vertex 143.672 29.3284 3
      vertex 141 37.5 3
      vertex 143.174 28.7223 3
    endloop
  endfacet
  facet normal 0 0 1
    outer loop
      vertex 143.174 28.7223 3
      vertex 141 37.5 3
      vertex 142.804 28.0307 3
    endloop
  endfacet
  facet normal 0 0 1
    outer loop
      vertex 142.804 28.0307 3
      vertex 141 37.5 3
      vertex 142.577 27.2804 3
    endloop
  endfacet
  facet normal 0 0 1
    outer loop
      vertex 142.577 27.2804 3
      vertex 141 37.5 3
      vertex 142.5 26.5 3
    endloop
  endfacet
  facet normal 0 0 1
    outer loop
      vertex 139.5 39 3
      vertex 143.5 43.5 3
      vertex 143.577 44.2804 3
    endloop
  endfacet
  facet normal 0 0 1
    outer loop
      vertex 134.5 49 3
      vertex 143.577 44.2804 3
      vertex 143.804 45.0307 3
    endloop
  endfacet
  facet normal 0 0 1
    outer loop
      vertex 145.278 40.1741 3
      vertex 140.949 37.8882 3
      vertex 141 37.5 3
    endloop
  endfacet
  facet normal 0 0 1
    outer loop
      vertex 144.672 40.6716 3
      vertex 140.799 38.25 3
      vertex 140.949 37.8882 3
    endloop
  endfacet
  facet normal 0 0 1
    outer loop
      vertex 144.174 41.2777 3
      vertex 140.561 38.5607 3
      vertex 140.799 38.25 3
    endloop
  endfacet
  facet normal 0 0 1
    outer loop
      vertex 143.804 41.9693 3
      vertex 140.25 38.799 3
      vertex 140.561 38.5607 3
    endloop
  endfacet
  facet normal 0 0 1
    outer loop
      vertex 134.5 49 3
      vertex 143.804 45.0307 3
      vertex 144.174 45.7223 3
    endloop
  endfacet
  facet normal 0 0 1
    outer loop
      vertex 143.804 41.9693 3
      vertex 139.888 38.9489 3
      vertex 140.25 38.799 3
    endloop
  endfacet
  facet normal 0 0 1
    outer loop
      vertex 143.577 42.7196 3
      vertex 139.5 39 3
      vertex 139.888 38.9489 3
    endloop
  endfacet
  facet normal 0 0 1
    outer loop
      vertex 147.5 47.5 3
      vertex 134.5 49 3
      vertex 146.72 47.4231 3
    endloop
  endfacet
  facet normal 0 0 1
    outer loop
      vertex 134.5 49 3
      vertex 145.969 47.1955 3
      vertex 146.72 47.4231 3
    endloop
  endfacet
  facet normal 0 0 1
    outer loop
      vertex 134.5 49 3
      vertex 145.278 46.8259 3
      vertex 145.969 47.1955 3
    endloop
  endfacet
  facet normal 0 0 1
    outer loop
      vertex 134.5 49 3
      vertex 144.672 46.3284 3
      vertex 145.278 46.8259 3
    endloop
  endfacet
  facet normal 0 0 1
    outer loop
      vertex 134.5 49 3
      vertex 144.174 45.7223 3
      vertex 144.672 46.3284 3
    endloop
  endfacet
  facet normal 0 0 1
    outer loop
      vertex 143.577 44.2804 3
      vertex 134.5 49 3
      vertex 139.5 39 3
    endloop
  endfacet
  facet normal 0 0 1
    outer loop
      vertex 134.112 49.0511 3
      vertex 139.5 39 3
      vertex 134.5 49 3
    endloop
  endfacet
  facet normal 0 0 1
    outer loop
      vertex 127.25 48.201 3
      vertex 134.112 49.0511 3
      vertex 133.75 49.201 3
    endloop
  endfacet
  facet normal 0 0 1
    outer loop
      vertex 127.561 48.4393 3
      vertex 133.75 49.201 3
      vertex 133.439 49.4393 3
    endloop
  endfacet
  facet normal 0 0 1
    outer loop
      vertex 127.799 48.75 3
      vertex 133.439 49.4393 3
      vertex 133.201 49.75 3
    endloop
  endfacet
  facet normal 0 0 1
    outer loop
      vertex 131.969 58.8045 3
      vertex 133 50.5 3
      vertex 132.72 58.5769 3
    endloop
  endfacet
  facet normal 0 0 1
    outer loop
      vertex 128 49.5 3
      vertex 131.969 58.8045 3
      vertex 131.278 59.1741 3
    endloop
  endfacet
  facet normal 0 0 1
    outer loop
      vertex 131.969 58.8045 3
      vertex 128 49.5 3
      vertex 133 50.5 3
    endloop
  endfacet
  facet normal 0 0 1
    outer loop
      vertex 128 49.5 3
      vertex 131.278 59.1741 3
      vertex 130.672 59.6716 3
    endloop
  endfacet
  facet normal 0 0 1
    outer loop
      vertex 128 49.5 3
      vertex 130.672 59.6716 3
      vertex 130.174 60.2777 3
    endloop
  endfacet
  facet normal 0 0 1
    outer loop
      vertex 128 49.5 3
      vertex 130.174 60.2777 3
      vertex 129.804 60.9693 3
    endloop
  endfacet
  facet normal 0 0 1
    outer loop
      vertex 128 49.5 3
      vertex 129.804 60.9693 3
      vertex 129.577 61.7196 3
    endloop
  endfacet
  facet normal 0 0 1
    outer loop
      vertex 129.804 64.0307 3
      vertex 128 75.5 3
      vertex 129.577 63.2804 3
    endloop
  endfacet
  facet normal 0 0 1
    outer loop
      vertex 127.949 75.8882 3
      vertex 128.423 94.7196 3
      vertex 128.196 93.9693 3
    endloop
  endfacet
  facet normal 0 0 1
    outer loop
      vertex 129.577 63.2804 3
      vertex 128 75.5 3
      vertex 129.5 62.5 3
    endloop
  endfacet
  facet normal 0 0 1
    outer loop
      vertex 128 49.5 3
      vertex 129.5 62.5 3
      vertex 128 75.5 3
    endloop
  endfacet
  facet normal 0 0 1
    outer loop
      vertex 129.5 62.5 3
      vertex 128 49.5 3
      vertex 129.577 61.7196 3
    endloop
  endfacet
  facet normal 0 0 1
    outer loop
      vertex 133 50.5 3
      vertex 128 49.5 3
      vertex 133.051 50.1118 3
    endloop
  endfacet
  facet normal 0 0 1
    outer loop
      vertex 127.949 49.1118 3
      vertex 133.051 50.1118 3
      vertex 128 49.5 3
    endloop
  endfacet
  facet normal 0 0 1
    outer loop
      vertex 133.051 50.1118 3
      vertex 127.949 49.1118 3
      vertex 133.201 49.75 3
    endloop
  endfacet
  facet normal 0 0 1
    outer loop
      vertex 127.799 48.75 3
      vertex 133.201 49.75 3
      vertex 127.949 49.1118 3
    endloop
  endfacet
  facet normal 0 0 1
    outer loop
      vertex 133.439 49.4393 3
      vertex 127.799 48.75 3
      vertex 127.561 48.4393 3
    endloop
  endfacet
  facet normal 0 0 1
    outer loop
      vertex 133.75 49.201 3
      vertex 127.561 48.4393 3
      vertex 127.25 48.201 3
    endloop
  endfacet
  facet normal 0 0 1
    outer loop
      vertex 134.112 49.0511 3
      vertex 127.25 48.201 3
      vertex 139.5 39 3
    endloop
  endfacet
  facet normal -0 0 1
    outer loop
      vertex 126.888 48.0511 3
      vertex 139.5 39 3
      vertex 127.25 48.201 3
    endloop
  endfacet
  facet normal -0 0 1
    outer loop
      vertex 126.5 48 3
      vertex 139.5 39 3
      vertex 126.888 48.0511 3
    endloop
  endfacet
  facet normal 0 0 1
    outer loop
      vertex 95.5 39 3
      vertex 126.5 48 3
      vertex 95.5 48 3
    endloop
  endfacet
  facet normal 0 0 1
    outer loop
      vertex 126.5 48 3
      vertex 95.5 39 3
      vertex 139.5 39 3
    endloop
  endfacet
  facet normal 0 0 1
    outer loop
      vertex 95.1118 48.0511 3
      vertex 95.5 39 3
      vertex 95.5 48 3
    endloop
  endfacet
  facet normal 0 0 1
    outer loop
      vertex 95.1118 48.0511 3
      vertex 95.1118 38.9489 3
      vertex 95.5 39 3
    endloop
  endfacet
  facet normal 0 0 1
    outer loop
      vertex 94.75 48.201 3
      vertex 95.1118 38.9489 3
      vertex 95.1118 48.0511 3
    endloop
  endfacet
  facet normal 0 0 1
    outer loop
      vertex 94.75 48.201 3
      vertex 94.75 38.799 3
      vertex 95.1118 38.9489 3
    endloop
  endfacet
  facet normal 0 0 1
    outer loop
      vertex 94.4393 48.4393 3
      vertex 94.75 38.799 3
      vertex 94.75 48.201 3
    endloop
  endfacet
  facet normal 0 0 1
    outer loop
      vertex 94.4393 48.4393 3
      vertex 94.4393 38.5607 3
      vertex 94.75 38.799 3
    endloop
  endfacet
  facet normal 0 0 1
    outer loop
      vertex 94.201 48.75 3
      vertex 94.4393 38.5607 3
      vertex 94.4393 48.4393 3
    endloop
  endfacet
  facet normal 0 0 1
    outer loop
      vertex 94.201 48.75 3
      vertex 94.201 38.25 3
      vertex 94.4393 38.5607 3
    endloop
  endfacet
  facet normal 0 0 1
    outer loop
      vertex 94.0511 49.1118 3
      vertex 94.201 38.25 3
      vertex 94.201 48.75 3
    endloop
  endfacet
  facet normal 0 0 1
    outer loop
      vertex 94.0511 49.1118 3
      vertex 94.0511 37.8882 3
      vertex 94.201 38.25 3
    endloop
  endfacet
  facet normal 0 0 1
    outer loop
      vertex 94 49.5 3
      vertex 94.0511 37.8882 3
      vertex 94.0511 49.1118 3
    endloop
  endfacet
  facet normal 0 0 1
    outer loop
      vertex 94.0511 37.8882 3
      vertex 94 49.5 3
      vertex 94 37.5 3
    endloop
  endfacet
  facet normal 0 0 1
    outer loop
      vertex 167 108 3
      vertex 161.949 72.8882 3
      vertex 162 72.5 3
    endloop
  endfacet
  facet normal 0 0 1
    outer loop
      vertex 161.25 73.799 3
      vertex 162.25 96.201 3
      vertex 161.888 96.0511 3
    endloop
  endfacet
  facet normal 0 0 1
    outer loop
      vertex 162.561 96.4393 3
      vertex 161.799 73.25 3
      vertex 161.949 72.8882 3
    endloop
  endfacet
  facet normal 0 0 1
    outer loop
      vertex 162.561 96.4393 3
      vertex 161.561 73.5607 3
      vertex 161.799 73.25 3
    endloop
  endfacet
  facet normal 0 0 1
    outer loop
      vertex 160.888 73.9489 3
      vertex 161.888 96.0511 3
      vertex 161.5 96 3
    endloop
  endfacet
  facet normal 0 0 1
    outer loop
      vertex 162.25 96.201 3
      vertex 161.25 73.799 3
      vertex 161.561 73.5607 3
    endloop
  endfacet
  facet normal 0 0 1
    outer loop
      vertex 161.888 96.0511 3
      vertex 160.888 73.9489 3
      vertex 161.25 73.799 3
    endloop
  endfacet
  facet normal 0 0 1
    outer loop
      vertex 161.5 96 3
      vertex 160.5 74 3
      vertex 160.888 73.9489 3
    endloop
  endfacet
  facet normal 0 0 1
    outer loop
      vertex 150.826 81.7223 3
      vertex 161.5 96 3
      vertex 155.5 96 3
    endloop
  endfacet
  facet normal 0 0 1
    outer loop
      vertex 149.722 82.8259 3
      vertex 155.5 96 3
      vertex 155.112 96.0511 3
    endloop
  endfacet
  facet normal 0 0 1
    outer loop
      vertex 149.031 83.1955 3
      vertex 155.112 96.0511 3
      vertex 154.75 96.201 3
    endloop
  endfacet
  facet normal 0 0 1
    outer loop
      vertex 148.28 83.4231 3
      vertex 154.75 96.201 3
      vertex 154.439 96.4393 3
    endloop
  endfacet
  facet normal 0 0 1
    outer loop
      vertex 147.5 83.5 3
      vertex 154.439 96.4393 3
      vertex 154.201 96.75 3
    endloop
  endfacet
  facet normal 0 0 1
    outer loop
      vertex 146.72 83.4231 3
      vertex 154.201 96.75 3
      vertex 154.051 97.1118 3
    endloop
  endfacet
  facet normal 0 0 1
    outer loop
      vertex 134.949 97.1118 3
      vertex 154.051 97.1118 3
      vertex 154 97.5 3
    endloop
  endfacet
  facet normal 0 0 1
    outer loop
      vertex 161.5 96 3
      vertex 151.423 80.2804 3
      vertex 160.5 74 3
    endloop
  endfacet
  facet normal -0 0 1
    outer loop
      vertex 151.423 78.7196 3
      vertex 160.5 74 3
      vertex 151.5 79.5 3
    endloop
  endfacet
  facet normal -0 0 1
    outer loop
      vertex 151.196 77.9693 3
      vertex 160.5 74 3
      vertex 151.423 78.7196 3
    endloop
  endfacet
  facet normal -0 0 1
    outer loop
      vertex 150.826 77.2777 3
      vertex 160.5 74 3
      vertex 151.196 77.9693 3
    endloop
  endfacet
  facet normal -0 0 1
    outer loop
      vertex 150.328 76.6716 3
      vertex 160.5 74 3
      vertex 150.826 77.2777 3
    endloop
  endfacet
  facet normal -0 0 1
    outer loop
      vertex 149.722 76.1741 3
      vertex 160.5 74 3
      vertex 150.328 76.6716 3
    endloop
  endfacet
  facet normal -0 0 1
    outer loop
      vertex 149.031 75.8045 3
      vertex 160.5 74 3
      vertex 149.722 76.1741 3
    endloop
  endfacet
  facet normal -0 0 1
    outer loop
      vertex 148.28 75.5769 3
      vertex 160.5 74 3
      vertex 149.031 75.8045 3
    endloop
  endfacet
  facet normal -0 0 1
    outer loop
      vertex 147.5 75.5 3
      vertex 160.5 74 3
      vertex 148.28 75.5769 3
    endloop
  endfacet
  facet normal 0 0 1
    outer loop
      vertex 134.5 74 3
      vertex 147.5 75.5 3
      vertex 146.72 75.5769 3
    endloop
  endfacet
  facet normal 0 0 1
    outer loop
      vertex 145.278 82.8259 3
      vertex 134.25 96.201 3
      vertex 144.672 82.3284 3
    endloop
  endfacet
  facet normal 0 0 1
    outer loop
      vertex 144.672 82.3284 3
      vertex 134.25 96.201 3
      vertex 144.174 81.7223 3
    endloop
  endfacet
  facet normal -0 0 1
    outer loop
      vertex 133.888 96.0511 3
      vertex 144.174 81.7223 3
      vertex 134.25 96.201 3
    endloop
  endfacet
  facet normal 0 0 1
    outer loop
      vertex 144.174 81.7223 3
      vertex 133.888 96.0511 3
      vertex 143.804 81.0307 3
    endloop
  endfacet
  facet normal -0 0 1
    outer loop
      vertex 133.5 96 3
      vertex 143.804 81.0307 3
      vertex 133.888 96.0511 3
    endloop
  endfacet
  facet normal 0 0 1
    outer loop
      vertex 127.949 75.8882 3
      vertex 143.804 81.0307 3
      vertex 133.5 96 3
    endloop
  endfacet
  facet normal 0 0 1
    outer loop
      vertex 147.5 75.5 3
      vertex 134.5 74 3
      vertex 160.5 74 3
    endloop
  endfacet
  facet normal 0 0 1
    outer loop
      vertex 145.969 75.8045 3
      vertex 134.5 74 3
      vertex 146.72 75.5769 3
    endloop
  endfacet
  facet normal 0 0 1
    outer loop
      vertex 145.278 76.1741 3
      vertex 134.5 74 3
      vertex 145.969 75.8045 3
    endloop
  endfacet
  facet normal 0 0 1
    outer loop
      vertex 144.672 76.6716 3
      vertex 134.5 74 3
      vertex 145.278 76.1741 3
    endloop
  endfacet
  facet normal 0 0 1
    outer loop
      vertex 144.174 77.2777 3
      vertex 134.5 74 3
      vertex 144.672 76.6716 3
    endloop
  endfacet
  facet normal 0 0 1
    outer loop
      vertex 143.804 77.9693 3
      vertex 134.5 74 3
      vertex 144.174 77.2777 3
    endloop
  endfacet
  facet normal 0 0 1
    outer loop
      vertex 143.804 81.0307 3
      vertex 134.5 74 3
      vertex 143.577 80.2804 3
    endloop
  endfacet
  facet normal 0 0 1
    outer loop
      vertex 143.577 80.2804 3
      vertex 134.5 74 3
      vertex 143.5 79.5 3
    endloop
  endfacet
  facet normal 0 0 1
    outer loop
      vertex 143.577 78.7196 3
      vertex 134.5 74 3
      vertex 143.804 77.9693 3
    endloop
  endfacet
  facet normal 0 0 1
    outer loop
      vertex 143.5 79.5 3
      vertex 134.5 74 3
      vertex 143.577 78.7196 3
    endloop
  endfacet
  facet normal 0 0 1
    outer loop
      vertex 127.949 75.8882 3
      vertex 133.5 96 3
      vertex 128.423 94.7196 3
    endloop
  endfacet
  facet normal 0 0 1
    outer loop
      vertex 128.423 94.7196 3
      vertex 133.5 96 3
      vertex 128.5 95.5 3
    endloop
  endfacet
  facet normal 0 0 1
    outer loop
      vertex 143.804 81.0307 3
      vertex 127.949 75.8882 3
      vertex 134.5 74 3
    endloop
  endfacet
  facet normal 0 0 1
    outer loop
      vertex 127.949 75.8882 3
      vertex 134.112 73.9489 3
      vertex 134.5 74 3
    endloop
  endfacet
  facet normal 0 0 1
    outer loop
      vertex 127.949 75.8882 3
      vertex 133.75 73.799 3
      vertex 134.112 73.9489 3
    endloop
  endfacet
  facet normal 0 0 1
    outer loop
      vertex 127.949 75.8882 3
      vertex 133.439 73.5607 3
      vertex 133.75 73.799 3
    endloop
  endfacet
  facet normal 0 0 1
    outer loop
      vertex 133 72.5 3
      vertex 132.72 66.4231 3
      vertex 133 66.4508 3
    endloop
  endfacet
  facet normal 0 0 1
    outer loop
      vertex 133.439 73.5607 3
      vertex 128 75.5 3
      vertex 133.201 73.25 3
    endloop
  endfacet
  facet normal 0 0 1
    outer loop
      vertex 128 75.5 3
      vertex 133 72.5 3
      vertex 133.051 72.8882 3
    endloop
  endfacet
  facet normal 0 0 1
    outer loop
      vertex 133 72.5 3
      vertex 131.969 66.1955 3
      vertex 132.72 66.4231 3
    endloop
  endfacet
  facet normal 0 0 1
    outer loop
      vertex 133 72.5 3
      vertex 131.278 65.8259 3
      vertex 131.969 66.1955 3
    endloop
  endfacet
  facet normal 0 0 1
    outer loop
      vertex 128 75.5 3
      vertex 131.278 65.8259 3
      vertex 133 72.5 3
    endloop
  endfacet
  facet normal 0 0 1
    outer loop
      vertex 131.278 65.8259 3
      vertex 128 75.5 3
      vertex 130.672 65.3284 3
    endloop
  endfacet
  facet normal 0 0 1
    outer loop
      vertex 133.201 73.25 3
      vertex 128 75.5 3
      vertex 133.051 72.8882 3
    endloop
  endfacet
  facet normal 0 0 1
    outer loop
      vertex 130.174 64.7223 3
      vertex 128 75.5 3
      vertex 129.804 64.0307 3
    endloop
  endfacet
  facet normal 0 0 1
    outer loop
      vertex 130.672 65.3284 3
      vertex 128 75.5 3
      vertex 130.174 64.7223 3
    endloop
  endfacet
  facet normal 0 -0 1
    outer loop
      vertex 128.5 95.5 3
      vertex 133.5 96 3
      vertex 128.451 96 3
    endloop
  endfacet
  facet normal 0 0 1
    outer loop
      vertex 167 108 3
      vertex 162.949 106.888 3
      vertex 163 106.5 3
    endloop
  endfacet
  facet normal 0 0 1
    outer loop
      vertex 164.035 111.864 3
      vertex 162.799 107.25 3
      vertex 162.949 106.888 3
    endloop
  endfacet
  facet normal 0 0 1
    outer loop
      vertex 164.035 111.864 3
      vertex 162.561 107.561 3
      vertex 162.799 107.25 3
    endloop
  endfacet
  facet normal 0 0 1
    outer loop
      vertex 164.035 111.864 3
      vertex 162.25 107.799 3
      vertex 162.561 107.561 3
    endloop
  endfacet
  facet normal 0 0 1
    outer loop
      vertex 163 112 3
      vertex 161.888 107.949 3
      vertex 162.25 107.799 3
    endloop
  endfacet
  facet normal 0 0 1
    outer loop
      vertex 163 112 3
      vertex 161.5 108 3
      vertex 161.888 107.949 3
    endloop
  endfacet
  facet normal 0 0 1
    outer loop
      vertex 163 112 3
      vertex 155.5 108 3
      vertex 161.5 108 3
    endloop
  endfacet
  facet normal 0 0 1
    outer loop
      vertex 163 112 3
      vertex 155.112 107.949 3
      vertex 155.5 108 3
    endloop
  endfacet
  facet normal 0 0 1
    outer loop
      vertex 133.888 107.949 3
      vertex 155.112 107.949 3
      vertex 163 112 3
    endloop
  endfacet
  facet normal -0 0 1
    outer loop
      vertex 135 106.5 3
      vertex 154 97.5 3
      vertex 154 106.5 3
    endloop
  endfacet
  facet normal 0 0 1
    outer loop
      vertex 160.5 74 3
      vertex 151.423 80.2804 3
      vertex 151.5 79.5 3
    endloop
  endfacet
  facet normal 0 0 1
    outer loop
      vertex 161.5 96 3
      vertex 151.196 81.0307 3
      vertex 151.423 80.2804 3
    endloop
  endfacet
  facet normal 0 0 1
    outer loop
      vertex 161.5 96 3
      vertex 150.826 81.7223 3
      vertex 151.196 81.0307 3
    endloop
  endfacet
  facet normal 0 0 1
    outer loop
      vertex 155.5 96 3
      vertex 150.328 82.3284 3
      vertex 150.826 81.7223 3
    endloop
  endfacet
  facet normal 0 0 1
    outer loop
      vertex 135 106.5 3
      vertex 154 106.5 3
      vertex 154.051 106.888 3
    endloop
  endfacet
  facet normal 0 0 1
    outer loop
      vertex 155.5 96 3
      vertex 149.722 82.8259 3
      vertex 150.328 82.3284 3
    endloop
  endfacet
  facet normal 0 0 1
    outer loop
      vertex 155.112 96.0511 3
      vertex 149.031 83.1955 3
      vertex 149.722 82.8259 3
    endloop
  endfacet
  facet normal 0 0 1
    outer loop
      vertex 154.75 96.201 3
      vertex 148.28 83.4231 3
      vertex 149.031 83.1955 3
    endloop
  endfacet
  facet normal 0 0 1
    outer loop
      vertex 154.439 96.4393 3
      vertex 147.5 83.5 3
      vertex 148.28 83.4231 3
    endloop
  endfacet
  facet normal 0 0 1
    outer loop
      vertex 154.201 96.75 3
      vertex 146.72 83.4231 3
      vertex 147.5 83.5 3
    endloop
  endfacet
  facet normal 0 0 1
    outer loop
      vertex 135 97.5 3
      vertex 154 97.5 3
      vertex 135 106.5 3
    endloop
  endfacet
  facet normal 0 0 1
    outer loop
      vertex 134.949 97.1118 3
      vertex 154 97.5 3
      vertex 135 97.5 3
    endloop
  endfacet
  facet normal 0 0 1
    outer loop
      vertex 154.051 97.1118 3
      vertex 134.949 97.1118 3
      vertex 146.72 83.4231 3
    endloop
  endfacet
  facet normal -0 0 1
    outer loop
      vertex 134.799 96.75 3
      vertex 146.72 83.4231 3
      vertex 134.949 97.1118 3
    endloop
  endfacet
  facet normal 0 0 1
    outer loop
      vertex 146.72 83.4231 3
      vertex 134.799 96.75 3
      vertex 145.969 83.1955 3
    endloop
  endfacet
  facet normal -0 0 1
    outer loop
      vertex 134.25 96.201 3
      vertex 145.278 82.8259 3
      vertex 134.561 96.4393 3
    endloop
  endfacet
  facet normal 0 0 1
    outer loop
      vertex 145.969 83.1955 3
      vertex 134.561 96.4393 3
      vertex 145.278 82.8259 3
    endloop
  endfacet
  facet normal -0 0 1
    outer loop
      vertex 134.561 96.4393 3
      vertex 145.969 83.1955 3
      vertex 134.799 96.75 3
    endloop
  endfacet
  facet normal 0 0 1
    outer loop
      vertex 134.949 106.888 3
      vertex 154.051 106.888 3
      vertex 154.201 107.25 3
    endloop
  endfacet
  facet normal 0 0 1
    outer loop
      vertex 134.799 107.25 3
      vertex 154.201 107.25 3
      vertex 154.439 107.561 3
    endloop
  endfacet
  facet normal 0 0 1
    outer loop
      vertex 134.561 107.561 3
      vertex 154.439 107.561 3
      vertex 154.75 107.799 3
    endloop
  endfacet
  facet normal 0 0 1
    outer loop
      vertex 155.112 107.949 3
      vertex 133.888 107.949 3
      vertex 154.75 107.799 3
    endloop
  endfacet
  facet normal 0 0 1
    outer loop
      vertex 154.051 106.888 3
      vertex 134.949 106.888 3
      vertex 135 106.5 3
    endloop
  endfacet
  facet normal 0 0 1
    outer loop
      vertex 154.201 107.25 3
      vertex 134.799 107.25 3
      vertex 134.949 106.888 3
    endloop
  endfacet
  facet normal 0 0 1
    outer loop
      vertex 154.439 107.561 3
      vertex 134.561 107.561 3
      vertex 134.799 107.25 3
    endloop
  endfacet
  facet normal 0 0 1
    outer loop
      vertex 154.75 107.799 3
      vertex 134.25 107.799 3
      vertex 134.561 107.561 3
    endloop
  endfacet
  facet normal 0 0 1
    outer loop
      vertex 154.75 107.799 3
      vertex 133.888 107.949 3
      vertex 134.25 107.799 3
    endloop
  endfacet
  facet normal 0 0 1
    outer loop
      vertex 163 112 3
      vertex 133.5 108 3
      vertex 133.888 107.949 3
    endloop
  endfacet
  facet normal -0 0 1
    outer loop
      vertex 117.888 108.949 3
      vertex 133.5 108 3
      vertex 163 112 3
    endloop
  endfacet
  facet normal 0 0 1
    outer loop
      vertex 126 106.5 3
      vertex 125.28 99.4231 3
      vertex 126 99.2048 3
    endloop
  endfacet
  facet normal 0 0 1
    outer loop
      vertex 126 106.5 3
      vertex 124.5 99.5 3
      vertex 125.28 99.4231 3
    endloop
  endfacet
  facet normal 0 0 1
    outer loop
      vertex 119 107.5 3
      vertex 126 106.5 3
      vertex 126.051 106.888 3
    endloop
  endfacet
  facet normal 0 0 1
    outer loop
      vertex 126 106.5 3
      vertex 123.72 99.4231 3
      vertex 124.5 99.5 3
    endloop
  endfacet
  facet normal 0 0 1
    outer loop
      vertex 126 106.5 3
      vertex 119 107.5 3
      vertex 123.72 99.4231 3
    endloop
  endfacet
  facet normal 0 0 1
    outer loop
      vertex 123.72 99.4231 3
      vertex 119 107.5 3
      vertex 122.969 99.1955 3
    endloop
  endfacet
  facet normal 0 0 1
    outer loop
      vertex 118.949 107.888 3
      vertex 126.051 106.888 3
      vertex 126.201 107.25 3
    endloop
  endfacet
  facet normal 0 0 1
    outer loop
      vertex 122.969 99.1955 3
      vertex 119 107.5 3
      vertex 122.278 98.8259 3
    endloop
  endfacet
  facet normal 0 0 1
    outer loop
      vertex 122.278 98.8259 3
      vertex 119 107.5 3
      vertex 121.672 98.3284 3
    endloop
  endfacet
  facet normal 0 0 1
    outer loop
      vertex 121.672 98.3284 3
      vertex 119 107.5 3
      vertex 121.174 97.7223 3
    endloop
  endfacet
  facet normal 0 0 1
    outer loop
      vertex 120.577 96.2804 3
      vertex 119 107.5 3
      vertex 120.5 95.5 3
    endloop
  endfacet
  facet normal 0 0 1
    outer loop
      vertex 120.804 97.0307 3
      vertex 119 107.5 3
      vertex 120.577 96.2804 3
    endloop
  endfacet
  facet normal 0 0 1
    outer loop
      vertex 121.174 97.7223 3
      vertex 119 107.5 3
      vertex 120.804 97.0307 3
    endloop
  endfacet
  facet normal 0 0 1
    outer loop
      vertex 118.799 108.25 3
      vertex 126.201 107.25 3
      vertex 126.439 107.561 3
    endloop
  endfacet
  facet normal 0 0 1
    outer loop
      vertex 118.561 108.561 3
      vertex 126.439 107.561 3
      vertex 126.75 107.799 3
    endloop
  endfacet
  facet normal 0 0 1
    outer loop
      vertex 118.25 108.799 3
      vertex 126.75 107.799 3
      vertex 127.112 107.949 3
    endloop
  endfacet
  facet normal 0 0 1
    outer loop
      vertex 117.888 108.949 3
      vertex 127.112 107.949 3
      vertex 127.5 108 3
    endloop
  endfacet
  facet normal 0 0 1
    outer loop
      vertex 133.5 108 3
      vertex 117.888 108.949 3
      vertex 127.5 108 3
    endloop
  endfacet
  facet normal 0 0 1
    outer loop
      vertex 126.051 106.888 3
      vertex 118.949 107.888 3
      vertex 119 107.5 3
    endloop
  endfacet
  facet normal 0 0 1
    outer loop
      vertex 126.201 107.25 3
      vertex 118.799 108.25 3
      vertex 118.949 107.888 3
    endloop
  endfacet
  facet normal 0 0 1
    outer loop
      vertex 126.439 107.561 3
      vertex 118.561 108.561 3
      vertex 118.799 108.25 3
    endloop
  endfacet
  facet normal 0 0 1
    outer loop
      vertex 126.75 107.799 3
      vertex 118.25 108.799 3
      vertex 118.561 108.561 3
    endloop
  endfacet
  facet normal 0 0 1
    outer loop
      vertex 127.112 107.949 3
      vertex 117.888 108.949 3
      vertex 118.25 108.799 3
    endloop
  endfacet
  facet normal 0 0 1
    outer loop
      vertex 163 112 3
      vertex 117.5 109 3
      vertex 117.888 108.949 3
    endloop
  endfacet
  facet normal 0 0 1
    outer loop
      vertex 163 112 3
      vertex 73.5 109 3
      vertex 117.5 109 3
    endloop
  endfacet
  facet normal 0 0 1
    outer loop
      vertex 72.0511 107.888 3
      vertex 71.8882 107.949 3
      vertex 72.0503 107.882 3
    endloop
  endfacet
  facet normal 0 0 1
    outer loop
      vertex 72.201 108.25 3
      vertex 71.8882 107.949 3
      vertex 72.0511 107.888 3
    endloop
  endfacet
  facet normal 0 0 1
    outer loop
      vertex 71.5 108 3
      vertex 72.201 108.25 3
      vertex 72.4393 108.561 3
    endloop
  endfacet
  facet normal 0 0 1
    outer loop
      vertex 72.201 108.25 3
      vertex 71.5 108 3
      vertex 71.8882 107.949 3
    endloop
  endfacet
  facet normal 0 0 1
    outer loop
      vertex 72.75 108.799 3
      vertex 71.5 108 3
      vertex 72.4393 108.561 3
    endloop
  endfacet
  facet normal 0 0 1
    outer loop
      vertex 72.75 108.799 3
      vertex 65.5 108 3
      vertex 71.5 108 3
    endloop
  endfacet
  facet normal 0 0 1
    outer loop
      vertex 73.1118 108.949 3
      vertex 65.5 108 3
      vertex 72.75 108.799 3
    endloop
  endfacet
  facet normal 0 0 1
    outer loop
      vertex 7 112 3
      vertex 73.1118 108.949 3
      vertex 73.5 109 3
    endloop
  endfacet
  facet normal 0 0 1
    outer loop
      vertex 64 106.5 3
      vertex 15 103 3
      vertex 64 103 3
    endloop
  endfacet
  facet normal 0 0 1
    outer loop
      vertex 64.0511 106.888 3
      vertex 15 103 3
      vertex 64 106.5 3
    endloop
  endfacet
  facet normal 0 0 1
    outer loop
      vertex 64.201 107.25 3
      vertex 15 103 3
      vertex 64.0511 106.888 3
    endloop
  endfacet
  facet normal 0 0 1
    outer loop
      vertex 12.6263 105.626 3
      vertex 64.201 107.25 3
      vertex 64.4393 107.561 3
    endloop
  endfacet
  facet normal 0 0 1
    outer loop
      vertex 7 112 3
      vertex 64.4393 107.561 3
      vertex 64.75 107.799 3
    endloop
  endfacet
  facet normal 0 0 1
    outer loop
      vertex 7 112 3
      vertex 64.75 107.799 3
      vertex 65.1118 107.949 3
    endloop
  endfacet
  facet normal 0 0 1
    outer loop
      vertex 7 112 3
      vertex 65.1118 107.949 3
      vertex 65.5 108 3
    endloop
  endfacet
  facet normal 0 0 1
    outer loop
      vertex 73.1118 108.949 3
      vertex 7 112 3
      vertex 65.5 108 3
    endloop
  endfacet
  facet normal 0 0 1
    outer loop
      vertex 14.4824 102.932 3
      vertex 13.2216 103.405 3
      vertex 14 102.732 3
    endloop
  endfacet
  facet normal -0 0 1
    outer loop
      vertex 13.2216 103.405 3
      vertex 14.4824 102.932 3
      vertex 13.3 104 3
    endloop
  endfacet
  facet normal 0 0 1
    outer loop
      vertex 15 103 3
      vertex 13.3 104 3
      vertex 14.4824 102.932 3
    endloop
  endfacet
  facet normal 0 0 1
    outer loop
      vertex 64.201 107.25 3
      vertex 12.6263 105.626 3
      vertex 15 103 3
    endloop
  endfacet
  facet normal 0 0 1
    outer loop
      vertex 15 103 3
      vertex 13.2216 104.595 3
      vertex 13.3 104 3
    endloop
  endfacet
  facet normal 0 0 1
    outer loop
      vertex 15 103 3
      vertex 12.9919 105.15 3
      vertex 13.2216 104.595 3
    endloop
  endfacet
  facet normal 0 0 1
    outer loop
      vertex 15 103 3
      vertex 12.6263 105.626 3
      vertex 12.9919 105.15 3
    endloop
  endfacet
  facet normal 0 0 1
    outer loop
      vertex 64.4393 107.561 3
      vertex 7 112 3
      vertex 12.6263 105.626 3
    endloop
  endfacet
  facet normal 0 0 1
    outer loop
      vertex 12.6263 105.626 3
      vertex 7 112 3
      vertex 12.15 105.992 3
    endloop
  endfacet
  facet normal 0 0 1
    outer loop
      vertex 12.15 105.992 3
      vertex 7 112 3
      vertex 11.5953 106.222 3
    endloop
  endfacet
  facet normal -0 0 1
    outer loop
      vertex 7.82588 14.7777 3
      vertex 9.85 12.9919 3
      vertex 8.19552 15.4693 3
    endloop
  endfacet
  facet normal 0 0 1
    outer loop
      vertex 10 46.5 3
      vertex 8.42314 45.7804 3
      vertex 8.5 45 3
    endloop
  endfacet
  facet normal 0 0 1
    outer loop
      vertex 10 46.5 3
      vertex 8.19552 46.5307 3
      vertex 8.42314 45.7804 3
    endloop
  endfacet
  facet normal 0 0 1
    outer loop
      vertex 10.0511 46.8882 3
      vertex 8.19552 46.5307 3
      vertex 10 46.5 3
    endloop
  endfacet
  facet normal 0 -0 1
    outer loop
      vertex 8.19552 46.5307 3
      vertex 10.0511 46.8882 3
      vertex 7.82588 47.2223 3
    endloop
  endfacet
  facet normal -0 0 1
    outer loop
      vertex 7 112 3
      vertex 73.5 109 3
      vertex 163 112 3
    endloop
  endfacet
  facet normal 0 0 1
    outer loop
      vertex 11.5953 106.222 3
      vertex 7 112 3
      vertex 11 106.3 3
    endloop
  endfacet
  facet normal 0 0 1
    outer loop
      vertex 7 112 3
      vertex 10.4047 106.222 3
      vertex 11 106.3 3
    endloop
  endfacet
  facet normal 0 0 1
    outer loop
      vertex 7 112 3
      vertex 9.85 105.992 3
      vertex 10.4047 106.222 3
    endloop
  endfacet
  facet normal 0 0 1
    outer loop
      vertex 7 112 3
      vertex 9.37365 105.626 3
      vertex 9.85 105.992 3
    endloop
  endfacet
  facet normal -0 0 1
    outer loop
      vertex 5.96472 111.864 3
      vertex 9.37365 105.626 3
      vertex 7 112 3
    endloop
  endfacet
  facet normal -0 0 1
    outer loop
      vertex 5 111.464 3
      vertex 9.37365 105.626 3
      vertex 5.96472 111.864 3
    endloop
  endfacet
  facet normal -0 0 1
    outer loop
      vertex 4.17157 110.828 3
      vertex 9.37365 105.626 3
      vertex 5 111.464 3
    endloop
  endfacet
  facet normal 0 0 1
    outer loop
      vertex 8.77837 104.595 3
      vertex 3 108 3
      vertex 8.7 104 3
    endloop
  endfacet
  facet normal 0 0 1
    outer loop
      vertex 9.37365 102.374 3
      vertex 3 108 3
      vertex 3 48.7048 3
    endloop
  endfacet
  facet normal 0 0 1
    outer loop
      vertex 10.201 47.25 3
      vertex 7.82588 47.2223 3
      vertex 10.0511 46.8882 3
    endloop
  endfacet
  facet normal -0 0 1
    outer loop
      vertex 3.5359 110 3
      vertex 9.37365 105.626 3
      vertex 4.17157 110.828 3
    endloop
  endfacet
  facet normal 0 0 1
    outer loop
      vertex 9.85 102.008 3
      vertex 6.03073 48.6955 3
      vertex 6.72228 48.3259 3
    endloop
  endfacet
  facet normal -0 0 1
    outer loop
      vertex 3.1363 109.035 3
      vertex 9.37365 105.626 3
      vertex 3.5359 110 3
    endloop
  endfacet
  facet normal 0 0 1
    outer loop
      vertex 9.85 102.008 3
      vertex 5.28036 48.9231 3
      vertex 6.03073 48.6955 3
    endloop
  endfacet
  facet normal 0 0 1
    outer loop
      vertex 9.00814 105.15 3
      vertex 3 108 3
      vertex 8.77837 104.595 3
    endloop
  endfacet
  facet normal 0 0 1
    outer loop
      vertex 9.85 102.008 3
      vertex 4.5 49 3
      vertex 5.28036 48.9231 3
    endloop
  endfacet
  facet normal -0 0 1
    outer loop
      vertex 3 108 3
      vertex 9.37365 105.626 3
      vertex 3.1363 109.035 3
    endloop
  endfacet
  facet normal 0 0 1
    outer loop
      vertex 9.37365 105.626 3
      vertex 3 108 3
      vertex 9.00814 105.15 3
    endloop
  endfacet
  facet normal 0 0 1
    outer loop
      vertex 9.85 102.008 3
      vertex 3.71964 48.9231 3
      vertex 4.5 49 3
    endloop
  endfacet
  facet normal 0 0 1
    outer loop
      vertex 9.85 102.008 3
      vertex 3 48.7048 3
      vertex 3.71964 48.9231 3
    endloop
  endfacet
  facet normal 0 0 1
    outer loop
      vertex 162.949 106.888 3
      vertex 167 108 3
      vertex 166.864 109.035 3
    endloop
  endfacet
  facet normal 0 0 1
    outer loop
      vertex 167 108 3
      vertex 162 50.5 3
      vertex 167 7 3
    endloop
  endfacet
  facet normal 0 0 1
    outer loop
      vertex 162.949 106.888 3
      vertex 166.864 109.035 3
      vertex 166.464 110 3
    endloop
  endfacet
  facet normal -0 0 1
    outer loop
      vertex 161.949 50.1118 3
      vertex 167 7 3
      vertex 162 50.5 3
    endloop
  endfacet
  facet normal 0 0 1
    outer loop
      vertex 162.949 106.888 3
      vertex 166.464 110 3
      vertex 165.828 110.828 3
    endloop
  endfacet
  facet normal -0 0 1
    outer loop
      vertex 161.799 49.75 3
      vertex 167 7 3
      vertex 161.949 50.1118 3
    endloop
  endfacet
  facet normal 0 0 1
    outer loop
      vertex 162.949 106.888 3
      vertex 165.828 110.828 3
      vertex 165 111.464 3
    endloop
  endfacet
  facet normal -0 0 1
    outer loop
      vertex 161.561 49.4393 3
      vertex 167 7 3
      vertex 161.799 49.75 3
    endloop
  endfacet
  facet normal 0 0 1
    outer loop
      vertex 162.949 106.888 3
      vertex 165 111.464 3
      vertex 164.035 111.864 3
    endloop
  endfacet
  facet normal 0 0 1
    outer loop
      vertex 167 108 3
      vertex 163 97.5 3
      vertex 162.949 97.1118 3
    endloop
  endfacet
  facet normal 0 0 1
    outer loop
      vertex 162.25 107.799 3
      vertex 164.035 111.864 3
      vertex 163 112 3
    endloop
  endfacet
  facet normal 0 0 1
    outer loop
      vertex 167 108 3
      vertex 163 106.5 3
      vertex 163 97.5 3
    endloop
  endfacet
  facet normal -0 0 1
    outer loop
      vertex 161.3 11 3
      vertex 167 7 3
      vertex 161.561 49.4393 3
    endloop
  endfacet
  facet normal -0 0 1
    outer loop
      vertex 160.992 9.85 3
      vertex 167 7 3
      vertex 161.222 10.4047 3
    endloop
  endfacet
  facet normal 0 0 1
    outer loop
      vertex 161.949 72.8882 3
      vertex 167 108 3
      vertex 162.949 97.1118 3
    endloop
  endfacet
  facet normal 0 0 1
    outer loop
      vertex 161.949 72.8882 3
      vertex 162.949 97.1118 3
      vertex 162.799 96.75 3
    endloop
  endfacet
  facet normal 0 0 1
    outer loop
      vertex 161.949 72.8882 3
      vertex 162.799 96.75 3
      vertex 162.561 96.4393 3
    endloop
  endfacet
  facet normal 0 0 1
    outer loop
      vertex 161.561 73.5607 3
      vertex 162.561 96.4393 3
      vertex 162.25 96.201 3
    endloop
  endfacet
  facet normal 0 0 1
    outer loop
      vertex 167 108 3
      vertex 162 72.5 3
      vertex 162 50.5 3
    endloop
  endfacet
  facet normal -0 0 1
    outer loop
      vertex 160.626 9.37365 3
      vertex 167 7 3
      vertex 160.992 9.85 3
    endloop
  endfacet
  facet normal 0 0 1
    outer loop
      vertex 166.864 5.96472 3
      vertex 160.626 9.37365 3
      vertex 166.464 5 3
    endloop
  endfacet
  facet normal 0 0 1
    outer loop
      vertex 167 7 3
      vertex 160.626 9.37365 3
      vertex 166.864 5.96472 3
    endloop
  endfacet
  facet normal -0 0 1
    outer loop
      vertex 161.222 10.4047 3
      vertex 167 7 3
      vertex 161.3 11 3
    endloop
  endfacet
  facet normal 0 0 1
    outer loop
      vertex 166.464 5 3
      vertex 160.626 9.37365 3
      vertex 165.828 4.17157 3
    endloop
  endfacet
  facet normal 0 0 1
    outer loop
      vertex 165.828 4.17157 3
      vertex 160.626 9.37365 3
      vertex 165 3.5359 3
    endloop
  endfacet
  facet normal 0 0 1
    outer loop
      vertex 165 3.5359 3
      vertex 160.626 9.37365 3
      vertex 164.035 3.1363 3
    endloop
  endfacet
  facet normal 0 0 1
    outer loop
      vertex 164.035 3.1363 3
      vertex 160.626 9.37365 3
      vertex 163 3 3
    endloop
  endfacet
  facet normal -0 0 1
    outer loop
      vertex 160.15 9.00814 3
      vertex 163 3 3
      vertex 160.626 9.37365 3
    endloop
  endfacet
  facet normal -0 0 1
    outer loop
      vertex 159.595 8.77837 3
      vertex 163 3 3
      vertex 160.15 9.00814 3
    endloop
  endfacet
  facet normal -0 0 1
    outer loop
      vertex 159 8.7 3
      vertex 163 3 3
      vertex 159.595 8.77837 3
    endloop
  endfacet
  facet normal 0 0 1
    outer loop
      vertex 158.405 8.77837 3
      vertex 163 3 3
      vertex 159 8.7 3
    endloop
  endfacet
  facet normal 0 0 1
    outer loop
      vertex 157.85 9.00814 3
      vertex 163 3 3
      vertex 158.405 8.77837 3
    endloop
  endfacet
  facet normal 0 0 1
    outer loop
      vertex 157.374 9.37365 3
      vertex 163 3 3
      vertex 157.85 9.00814 3
    endloop
  endfacet
  facet normal 0 0 1
    outer loop
      vertex 151.196 41.9693 3
      vertex 160.5 49 3
      vertex 151.423 42.7196 3
    endloop
  endfacet
  facet normal -0 0 1
    outer loop
      vertex 149.328 23.6716 3
      vertex 157.85 12.9919 3
      vertex 149.826 24.2777 3
    endloop
  endfacet
  facet normal 0 0 1
    outer loop
      vertex 160.888 49.0511 3
      vertex 151.196 41.9693 3
      vertex 150.826 41.2777 3
    endloop
  endfacet
  facet normal 0 0 1
    outer loop
      vertex 150.196 28.0307 3
      vertex 160.888 49.0511 3
      vertex 150.826 41.2777 3
    endloop
  endfacet
  facet normal 0 0 1
    outer loop
      vertex 157.85 12.9919 3
      vertex 149.328 23.6716 3
      vertex 157.374 12.6263 3
    endloop
  endfacet
  facet normal -0 0 1
    outer loop
      vertex 148.722 23.1741 3
      vertex 157.374 12.6263 3
      vertex 149.328 23.6716 3
    endloop
  endfacet
  facet normal -0 0 1
    outer loop
      vertex 148.031 22.8045 3
      vertex 157.374 12.6263 3
      vertex 148.722 23.1741 3
    endloop
  endfacet
  facet normal 0 0 1
    outer loop
      vertex 157.374 12.6263 3
      vertex 148.031 22.8045 3
      vertex 157.008 12.15 3
    endloop
  endfacet
  facet normal -0 0 1
    outer loop
      vertex 147.28 22.5769 3
      vertex 157.008 12.15 3
      vertex 148.031 22.8045 3
    endloop
  endfacet
  facet normal 0 0 1
    outer loop
      vertex 157.008 12.15 3
      vertex 147.28 22.5769 3
      vertex 156.778 11.5953 3
    endloop
  endfacet
  facet normal -0 0 1
    outer loop
      vertex 141 15.5 3
      vertex 156.778 11.5953 3
      vertex 147.28 22.5769 3
    endloop
  endfacet
  facet normal -0 0 1
    outer loop
      vertex 140.949 15.1118 3
      vertex 156.778 11.5953 3
      vertex 141 15.5 3
    endloop
  endfacet
  facet normal 0 0 1
    outer loop
      vertex 156.778 11.5953 3
      vertex 140.949 15.1118 3
      vertex 156.7 11 3
    endloop
  endfacet
  facet normal 0 0 1
    outer loop
      vertex 141 15.5 3
      vertex 147.28 22.5769 3
      vertex 146.5 22.5 3
    endloop
  endfacet
  facet normal -0 0 1
    outer loop
      vertex 140.799 14.75 3
      vertex 156.7 11 3
      vertex 140.949 15.1118 3
    endloop
  endfacet
  facet normal 0 0 1
    outer loop
      vertex 141 15.5 3
      vertex 146.5 22.5 3
      vertex 145.72 22.5769 3
    endloop
  endfacet
  facet normal 0 0 1
    outer loop
      vertex 141 15.5 3
      vertex 145.72 22.5769 3
      vertex 144.969 22.8045 3
    endloop
  endfacet
  facet normal 0 0 1
    outer loop
      vertex 156.7 11 3
      vertex 140.799 14.75 3
      vertex 156.778 10.4047 3
    endloop
  endfacet
  facet normal 0 0 1
    outer loop
      vertex 141 15.5 3
      vertex 144.969 22.8045 3
      vertex 144.278 23.1741 3
    endloop
  endfacet
  facet normal 0 0 1
    outer loop
      vertex 141 15.5 3
      vertex 144.278 23.1741 3
      vertex 143.672 23.6716 3
    endloop
  endfacet
  facet normal 0 0 1
    outer loop
      vertex 141 15.5 3
      vertex 142.5 26.5 3
      vertex 141 37.5 3
    endloop
  endfacet
  facet normal 0 0 1
    outer loop
      vertex 142.5 26.5 3
      vertex 141 15.5 3
      vertex 142.577 25.7196 3
    endloop
  endfacet
  facet normal 0 0 1
    outer loop
      vertex 141 15.5 3
      vertex 142.804 24.9693 3
      vertex 142.577 25.7196 3
    endloop
  endfacet
  facet normal 0 0 1
    outer loop
      vertex 141 15.5 3
      vertex 143.174 24.2777 3
      vertex 142.804 24.9693 3
    endloop
  endfacet
  facet normal 0 0 1
    outer loop
      vertex 141 15.5 3
      vertex 143.672 23.6716 3
      vertex 143.174 24.2777 3
    endloop
  endfacet
  facet normal -0 0 1
    outer loop
      vertex 140.561 14.4393 3
      vertex 156.778 10.4047 3
      vertex 140.799 14.75 3
    endloop
  endfacet
  facet normal 0 0 1
    outer loop
      vertex 156.778 10.4047 3
      vertex 140.561 14.4393 3
      vertex 157.008 9.85 3
    endloop
  endfacet
  facet normal -0 0 1
    outer loop
      vertex 140.25 14.201 3
      vertex 157.008 9.85 3
      vertex 140.561 14.4393 3
    endloop
  endfacet
  facet normal 0 0 1
    outer loop
      vertex 157.008 9.85 3
      vertex 140.25 14.201 3
      vertex 157.374 9.37365 3
    endloop
  endfacet
  facet normal -0 0 1
    outer loop
      vertex 139.888 14.0511 3
      vertex 157.374 9.37365 3
      vertex 140.25 14.201 3
    endloop
  endfacet
  facet normal 0 0 1
    outer loop
      vertex 157.374 9.37365 3
      vertex 139.888 14.0511 3
      vertex 163 3 3
    endloop
  endfacet
  facet normal -0 0 1
    outer loop
      vertex 139.5 14 3
      vertex 163 3 3
      vertex 139.888 14.0511 3
    endloop
  endfacet
  facet normal -0 0 1
    outer loop
      vertex 95.5 14 3
      vertex 163 3 3
      vertex 139.5 14 3
    endloop
  endfacet
  facet normal 0 0 1
    outer loop
      vertex 77.2804 13.0769 3
      vertex 95.5 14 3
      vertex 95.1118 14.0511 3
    endloop
  endfacet
  facet normal 0 0 1
    outer loop
      vertex 94 37.5 3
      vertex 92.5 26.5 3
      vertex 94 15.5 3
    endloop
  endfacet
  facet normal -0 0 1
    outer loop
      vertex 92.4231 25.7196 3
      vertex 94 15.5 3
      vertex 92.5 26.5 3
    endloop
  endfacet
  facet normal -0 0 1
    outer loop
      vertex 92.1955 24.9693 3
      vertex 94 15.5 3
      vertex 92.4231 25.7196 3
    endloop
  endfacet
  facet normal -0 0 1
    outer loop
      vertex 91.8259 24.2777 3
      vertex 94 15.5 3
      vertex 92.1955 24.9693 3
    endloop
  endfacet
  facet normal -0 0 1
    outer loop
      vertex 91.3284 23.6716 3
      vertex 94 15.5 3
      vertex 91.8259 24.2777 3
    endloop
  endfacet
  facet normal -0 0 1
    outer loop
      vertex 90.7223 23.1741 3
      vertex 94 15.5 3
      vertex 91.3284 23.6716 3
    endloop
  endfacet
  facet normal -0 0 1
    outer loop
      vertex 90.0307 22.8045 3
      vertex 94 15.5 3
      vertex 90.7223 23.1741 3
    endloop
  endfacet
  facet normal -0 0 1
    outer loop
      vertex 89.2804 22.5769 3
      vertex 94 15.5 3
      vertex 90.0307 22.8045 3
    endloop
  endfacet
  facet normal -0 0 1
    outer loop
      vertex 88.5 22.5 3
      vertex 94 15.5 3
      vertex 89.2804 22.5769 3
    endloop
  endfacet
  facet normal 0 0 1
    outer loop
      vertex 87.7196 22.5769 3
      vertex 94 15.5 3
      vertex 88.5 22.5 3
    endloop
  endfacet
  facet normal -0 0 1
    outer loop
      vertex 80.4231 16.2196 3
      vertex 94 15.5 3
      vertex 87.7196 22.5769 3
    endloop
  endfacet
  facet normal 0 0 1
    outer loop
      vertex 94 15.5 3
      vertex 80.4231 16.2196 3
      vertex 94.0511 15.1118 3
    endloop
  endfacet
  facet normal -0 0 1
    outer loop
      vertex 80.1955 15.4693 3
      vertex 94.0511 15.1118 3
      vertex 80.4231 16.2196 3
    endloop
  endfacet
  facet normal 0 0 1
    outer loop
      vertex 80.5 17 3
      vertex 87.7196 22.5769 3
      vertex 86.9693 22.8045 3
    endloop
  endfacet
  facet normal 0 0 1
    outer loop
      vertex 80.5 17 3
      vertex 86.9693 22.8045 3
      vertex 86.2777 23.1741 3
    endloop
  endfacet
  facet normal 0 0 1
    outer loop
      vertex 80.5 17 3
      vertex 86.2777 23.1741 3
      vertex 85.6716 23.6716 3
    endloop
  endfacet
  facet normal 0 0 1
    outer loop
      vertex 84.5769 27.2804 3
      vertex 80.5 17 3
      vertex 84.5 26.5 3
    endloop
  endfacet
  facet normal 0 0 1
    outer loop
      vertex 84.5 26.5 3
      vertex 80.5 17 3
      vertex 84.5769 25.7196 3
    endloop
  endfacet
  facet normal 0 0 1
    outer loop
      vertex 80.5 17 3
      vertex 84.8045 24.9693 3
      vertex 84.5769 25.7196 3
    endloop
  endfacet
  facet normal 0 0 1
    outer loop
      vertex 80.5 17 3
      vertex 85.1741 24.2777 3
      vertex 84.8045 24.9693 3
    endloop
  endfacet
  facet normal 0 0 1
    outer loop
      vertex 80.5 17 3
      vertex 85.6716 23.6716 3
      vertex 85.1741 24.2777 3
    endloop
  endfacet
  facet normal 0 0 1
    outer loop
      vertex 87.7196 22.5769 3
      vertex 80.5 17 3
      vertex 80.4231 16.2196 3
    endloop
  endfacet
  facet normal 0 0 1
    outer loop
      vertex 94.0511 15.1118 3
      vertex 80.1955 15.4693 3
      vertex 94.201 14.75 3
    endloop
  endfacet
  facet normal -0 0 1
    outer loop
      vertex 79.8259 14.7777 3
      vertex 94.201 14.75 3
      vertex 80.1955 15.4693 3
    endloop
  endfacet
  facet normal 0 0 1
    outer loop
      vertex 94.201 14.75 3
      vertex 79.8259 14.7777 3
      vertex 94.4393 14.4393 3
    endloop
  endfacet
  facet normal 0 0 1
    outer loop
      vertex 79.3284 14.1716 3
      vertex 94.4393 14.4393 3
      vertex 79.8259 14.7777 3
    endloop
  endfacet
  facet normal 0 0 1
    outer loop
      vertex 94.4393 14.4393 3
      vertex 79.3284 14.1716 3
      vertex 94.75 14.201 3
    endloop
  endfacet
  facet normal 0 0 1
    outer loop
      vertex 78.7223 13.6741 3
      vertex 94.75 14.201 3
      vertex 79.3284 14.1716 3
    endloop
  endfacet
  facet normal 0 0 1
    outer loop
      vertex 78.0307 13.3045 3
      vertex 94.75 14.201 3
      vertex 78.7223 13.6741 3
    endloop
  endfacet
  facet normal 0 0 1
    outer loop
      vertex 94.75 14.201 3
      vertex 78.0307 13.3045 3
      vertex 95.1118 14.0511 3
    endloop
  endfacet
  facet normal 0 0 1
    outer loop
      vertex 77.2804 13.0769 3
      vertex 95.1118 14.0511 3
      vertex 78.0307 13.3045 3
    endloop
  endfacet
  facet normal 0 0 1
    outer loop
      vertex 95.5 14 3
      vertex 77.2804 13.0769 3
      vertex 163 3 3
    endloop
  endfacet
  facet normal -0 0 1
    outer loop
      vertex 76.5 13 3
      vertex 163 3 3
      vertex 77.2804 13.0769 3
    endloop
  endfacet
  facet normal 0 0 1
    outer loop
      vertex 7 3 3
      vertex 76.5 13 3
      vertex 75.7196 13.0769 3
    endloop
  endfacet
  facet normal 0 0 1
    outer loop
      vertex 70.9489 46.8882 3
      vertex 72.4393 82.4393 3
      vertex 72.201 82.75 3
    endloop
  endfacet
  facet normal 0 0 1
    outer loop
      vertex 70.9489 46.8882 3
      vertex 72.201 82.75 3
      vertex 72.0511 83.1118 3
    endloop
  endfacet
  facet normal 0 0 1
    outer loop
      vertex 70.9489 46.8882 3
      vertex 72.0511 83.1118 3
      vertex 72 83.5 3
    endloop
  endfacet
  facet normal 0 0 1
    outer loop
      vertex 70.1955 93.9693 3
      vertex 71.8882 96.0511 3
      vertex 71.5 96 3
    endloop
  endfacet
  facet normal 0 0 1
    outer loop
      vertex 72 96.0974 3
      vertex 70.1955 93.9693 3
      vertex 72 83.5 3
    endloop
  endfacet
  facet normal 0 0 1
    outer loop
      vertex 72.8045 18.5307 3
      vertex 71 15.5 3
      vertex 72.5769 17.7804 3
    endloop
  endfacet
  facet normal 0 0 1
    outer loop
      vertex 72.5769 17.7804 3
      vertex 71 15.5 3
      vertex 72.5 17 3
    endloop
  endfacet
  facet normal 0 0 1
    outer loop
      vertex 71 15.5 3
      vertex 72.5769 16.2196 3
      vertex 72.5 17 3
    endloop
  endfacet
  facet normal -0 0 1
    outer loop
      vertex 71 15.5 3
      vertex 72.8045 15.4693 3
      vertex 72.5769 16.2196 3
    endloop
  endfacet
  facet normal 0 0 1
    outer loop
      vertex 70.9489 15.1118 3
      vertex 72.8045 15.4693 3
      vertex 71 15.5 3
    endloop
  endfacet
  facet normal 0 0 1
    outer loop
      vertex 72.8045 15.4693 3
      vertex 70.9489 15.1118 3
      vertex 73.1741 14.7777 3
    endloop
  endfacet
  facet normal 0 0 1
    outer loop
      vertex 70.799 14.75 3
      vertex 73.1741 14.7777 3
      vertex 70.9489 15.1118 3
    endloop
  endfacet
  facet normal 0 0 1
    outer loop
      vertex 70.5607 14.4393 3
      vertex 73.1741 14.7777 3
      vertex 70.799 14.75 3
    endloop
  endfacet
  facet normal 0 0 1
    outer loop
      vertex 73.1741 14.7777 3
      vertex 70.5607 14.4393 3
      vertex 73.6716 14.1716 3
    endloop
  endfacet
  facet normal -0 0 1
    outer loop
      vertex 70.25 14.201 3
      vertex 73.6716 14.1716 3
      vertex 70.5607 14.4393 3
    endloop
  endfacet
  facet normal 0 0 1
    outer loop
      vertex 73.6716 14.1716 3
      vertex 70.25 14.201 3
      vertex 74.2777 13.6741 3
    endloop
  endfacet
  facet normal -0 0 1
    outer loop
      vertex 69.8882 14.0511 3
      vertex 74.2777 13.6741 3
      vertex 70.25 14.201 3
    endloop
  endfacet
  facet normal 0 0 1
    outer loop
      vertex 74.2777 13.6741 3
      vertex 69.8882 14.0511 3
      vertex 74.9693 13.3045 3
    endloop
  endfacet
  facet normal -0 0 1
    outer loop
      vertex 69.5 14 3
      vertex 74.9693 13.3045 3
      vertex 69.8882 14.0511 3
    endloop
  endfacet
  facet normal 0 0 1
    outer loop
      vertex 74.9693 13.3045 3
      vertex 69.5 14 3
      vertex 75.7196 13.0769 3
    endloop
  endfacet
  facet normal 0 0 1
    outer loop
      vertex 13.2216 10.4047 3
      vertex 69.5 14 3
      vertex 13.3 11 3
    endloop
  endfacet
  facet normal 0 0 1
    outer loop
      vertex 12.9919 9.85 3
      vertex 69.5 14 3
      vertex 13.2216 10.4047 3
    endloop
  endfacet
  facet normal 0 0 1
    outer loop
      vertex 12.6263 9.37365 3
      vertex 69.5 14 3
      vertex 12.9919 9.85 3
    endloop
  endfacet
  facet normal 0 0 1
    outer loop
      vertex 7 3 3
      vertex 69.5 14 3
      vertex 12.6263 9.37365 3
    endloop
  endfacet
  facet normal 0 0 1
    outer loop
      vertex 69.5 14 3
      vertex 7 3 3
      vertex 75.7196 13.0769 3
    endloop
  endfacet
  facet normal 0 0 1
    outer loop
      vertex 7 3 3
      vertex 12.6263 9.37365 3
      vertex 12.15 9.00814 3
    endloop
  endfacet
  facet normal 0 0 1
    outer loop
      vertex 7 3 3
      vertex 12.15 9.00814 3
      vertex 11.5953 8.77837 3
    endloop
  endfacet
  facet normal 0 0 1
    outer loop
      vertex 7 3 3
      vertex 11.5953 8.77837 3
      vertex 11 8.7 3
    endloop
  endfacet
  facet normal 0 0 1
    outer loop
      vertex 9.85 12.9919 3
      vertex 7.82588 14.7777 3
      vertex 9.37365 12.6263 3
    endloop
  endfacet
  facet normal -0 0 1
    outer loop
      vertex 7.32843 14.1716 3
      vertex 9.37365 12.6263 3
      vertex 7.82588 14.7777 3
    endloop
  endfacet
  facet normal 0 0 1
    outer loop
      vertex 9.37365 12.6263 3
      vertex 7.32843 14.1716 3
      vertex 9.00814 12.15 3
    endloop
  endfacet
  facet normal -0 0 1
    outer loop
      vertex 6.72228 13.6741 3
      vertex 9.00814 12.15 3
      vertex 7.32843 14.1716 3
    endloop
  endfacet
  facet normal 0 0 1
    outer loop
      vertex 9.00814 12.15 3
      vertex 6.72228 13.6741 3
      vertex 8.77837 11.5953 3
    endloop
  endfacet
  facet normal -0 0 1
    outer loop
      vertex 6.03073 13.3045 3
      vertex 8.77837 11.5953 3
      vertex 6.72228 13.6741 3
    endloop
  endfacet
  facet normal 0 0 1
    outer loop
      vertex 76.5 13 3
      vertex 7 3 3
      vertex 163 3 3
    endloop
  endfacet
  facet normal 0 0 1
    outer loop
      vertex 10.4047 8.77837 3
      vertex 7 3 3
      vertex 11 8.7 3
    endloop
  endfacet
  facet normal 0 0 1
    outer loop
      vertex 9.85 9.00814 3
      vertex 7 3 3
      vertex 10.4047 8.77837 3
    endloop
  endfacet
  facet normal 0 0 1
    outer loop
      vertex 9.37365 9.37365 3
      vertex 7 3 3
      vertex 9.85 9.00814 3
    endloop
  endfacet
  facet normal 0 0 1
    outer loop
      vertex 3 7 3
      vertex 9.37365 9.37365 3
      vertex 9.00814 9.85 3
    endloop
  endfacet
  facet normal 0 0 1
    outer loop
      vertex 3 7 3
      vertex 9.00814 9.85 3
      vertex 8.77837 10.4047 3
    endloop
  endfacet
  facet normal 0 0 1
    outer loop
      vertex 8.77837 11.5953 3
      vertex 6.03073 13.3045 3
      vertex 8.7 11 3
    endloop
  endfacet
  facet normal -0 0 1
    outer loop
      vertex 5.28036 13.0769 3
      vertex 8.7 11 3
      vertex 6.03073 13.3045 3
    endloop
  endfacet
  facet normal 0 0 1
    outer loop
      vertex 8.7 11 3
      vertex 5.28036 13.0769 3
      vertex 8.77837 10.4047 3
    endloop
  endfacet
  facet normal 0 0 1
    outer loop
      vertex 9.37365 9.37365 3
      vertex 3 7 3
      vertex 3.1363 5.96472 3
    endloop
  endfacet
  facet normal 0 0 1
    outer loop
      vertex 8.77837 10.4047 3
      vertex 5.28036 13.0769 3
      vertex 3 7 3
    endloop
  endfacet
  facet normal 0 0 1
    outer loop
      vertex 9.37365 9.37365 3
      vertex 5.96472 3.1363 3
      vertex 7 3 3
    endloop
  endfacet
  facet normal 0 0 1
    outer loop
      vertex 3 7 3
      vertex 5.28036 13.0769 3
      vertex 4.5 13 3
    endloop
  endfacet
  facet normal 0 0 1
    outer loop
      vertex 9.37365 9.37365 3
      vertex 5 3.5359 3
      vertex 5.96472 3.1363 3
    endloop
  endfacet
  facet normal 0 0 1
    outer loop
      vertex 3 7 3
      vertex 4.5 13 3
      vertex 3.71964 13.0769 3
    endloop
  endfacet
  facet normal 0 0 1
    outer loop
      vertex 9.37365 9.37365 3
      vertex 4.17157 4.17157 3
      vertex 5 3.5359 3
    endloop
  endfacet
  facet normal 0 0 1
    outer loop
      vertex 9.37365 9.37365 3
      vertex 3.5359 5 3
      vertex 4.17157 4.17157 3
    endloop
  endfacet
  facet normal 0 0 1
    outer loop
      vertex 3 7 3
      vertex 3.71964 13.0769 3
      vertex 3 13.2952 3
    endloop
  endfacet
  facet normal 0 0 1
    outer loop
      vertex 9.37365 9.37365 3
      vertex 3.1363 5.96472 3
      vertex 3.5359 5 3
    endloop
  endfacet
  facet normal 0 1 -0
    outer loop
      vertex 69.5 48 3
      vertex 12.414 48 4
      vertex 69.5 48 4
    endloop
  endfacet
  facet normal 0 1 0
    outer loop
      vertex 11.5 48 3
      vertex 12.414 48 4
      vertex 69.5 48 3
    endloop
  endfacet
  facet normal 0 1 0
    outer loop
      vertex 12.414 48 4
      vertex 11.5 48 3
      vertex 11.5 48 4
    endloop
  endfacet
  facet normal 0.608587 -0.793487 0
    outer loop
      vertex 70.25 14.201 3
      vertex 70.5607 14.4393 4
      vertex 70.25 14.201 4
    endloop
  endfacet
  facet normal 0.608587 -0.793487 0
    outer loop
      vertex 70.5607 14.4393 4
      vertex 70.25 14.201 3
      vertex 70.5607 14.4393 3
    endloop
  endfacet
  facet normal -0.130507 0.991447 0
    outer loop
      vertex 11.5 48 3
      vertex 11.1118 47.9489 4
      vertex 11.5 48 4
    endloop
  endfacet
  facet normal -0.130507 0.991447 0
    outer loop
      vertex 11.1118 47.9489 4
      vertex 11.5 48 3
      vertex 11.1118 47.9489 3
    endloop
  endfacet
  facet normal 0 -1 0
    outer loop
      vertex 11.5 14 3
      vertex 12.414 14 4
      vertex 11.5 14 4
    endloop
  endfacet
  facet normal 0 -1 0
    outer loop
      vertex 69.5 14 3
      vertex 12.414 14 4
      vertex 11.5 14 3
    endloop
  endfacet
  facet normal 0 -1 0
    outer loop
      vertex 12.414 14 4
      vertex 69.5 14 3
      vertex 69.5 14 4
    endloop
  endfacet
  facet normal 1 -0 0
    outer loop
      vertex 71 15.5 4
      vertex 71 46.5 3
      vertex 71 46.5 4
    endloop
  endfacet
  facet normal 1 0 0
    outer loop
      vertex 71 46.5 3
      vertex 71 15.5 4
      vertex 71 15.5 3
    endloop
  endfacet
  facet normal 0.382765 -0.923846 0
    outer loop
      vertex 69.8882 14.0511 3
      vertex 70.25 14.201 4
      vertex 69.8882 14.0511 4
    endloop
  endfacet
  facet normal 0.382765 -0.923846 0
    outer loop
      vertex 70.25 14.201 4
      vertex 69.8882 14.0511 3
      vertex 70.25 14.201 3
    endloop
  endfacet
  facet normal 0.131014 -0.991381 0
    outer loop
      vertex 69.5 14 3
      vertex 69.5734 14.0097 4
      vertex 69.5 14 4
    endloop
  endfacet
  facet normal 0.130507 -0.991447 3.77986e-05
    outer loop
      vertex 69.8882 14.0511 3
      vertex 69.5734 14.0097 4
      vertex 69.5 14 3
    endloop
  endfacet
  facet normal 0.130389 -0.991463 0
    outer loop
      vertex 69.5734 14.0097 4
      vertex 69.8882 14.0511 3
      vertex 69.8882 14.0511 4
    endloop
  endfacet
  facet normal 0.382765 0.923846 -0
    outer loop
      vertex 70.25 47.799 3
      vertex 69.8882 47.9489 4
      vertex 70.25 47.799 4
    endloop
  endfacet
  facet normal 0.382765 0.923846 0
    outer loop
      vertex 69.8882 47.9489 4
      vertex 70.25 47.799 3
      vertex 69.8882 47.9489 3
    endloop
  endfacet
  facet normal 0.991447 -0.130507 0
    outer loop
      vertex 70.9489 15.1118 4
      vertex 71 15.5 3
      vertex 71 15.5 4
    endloop
  endfacet
  facet normal 0.991447 -0.130507 0
    outer loop
      vertex 71 15.5 3
      vertex 70.9489 15.1118 4
      vertex 70.9489 15.1118 3
    endloop
  endfacet
  facet normal 0.923846 0.382765 0
    outer loop
      vertex 70.9489 46.8882 4
      vertex 70.799 47.25 3
      vertex 70.799 47.25 4
    endloop
  endfacet
  facet normal 0.923846 0.382765 0
    outer loop
      vertex 70.799 47.25 3
      vertex 70.9489 46.8882 4
      vertex 70.9489 46.8882 3
    endloop
  endfacet
  facet normal 0 0 -1
    outer loop
      vertex 69.5 48 4
      vertex 70 48.8 4
      vertex 69.9659 48.5412 4
    endloop
  endfacet
  facet normal 0 0 -1
    outer loop
      vertex 69 50.8 4
      vertex 70 48.8 4
      vertex 69.5 48 4
    endloop
  endfacet
  facet normal 0 0 -1
    outer loop
      vertex 69.5 48 4
      vertex 69.9659 48.5412 4
      vertex 69.866 48.3 4
    endloop
  endfacet
  facet normal 0 0 -1
    outer loop
      vertex 70 48.8 4
      vertex 69 50.8 4
      vertex 70 49.8 4
    endloop
  endfacet
  facet normal 0 0 -1
    outer loop
      vertex 69.5 48 4
      vertex 69.866 48.3 4
      vertex 69.7071 48.0929 4
    endloop
  endfacet
  facet normal 0 0 -1
    outer loop
      vertex 70 49.8 4
      vertex 69 50.8 4
      vertex 69.9659 50.0588 4
    endloop
  endfacet
  facet normal 0 0 -1
    outer loop
      vertex 69.5 48 4
      vertex 69.7071 48.0929 4
      vertex 69.5734 47.9903 4
    endloop
  endfacet
  facet normal 0 0 -1
    outer loop
      vertex 69.9659 50.0588 4
      vertex 69 50.8 4
      vertex 69.866 50.3 4
    endloop
  endfacet
  facet normal 0 0 -1
    outer loop
      vertex 69.866 50.3 4
      vertex 69 50.8 4
      vertex 69.7071 50.5071 4
    endloop
  endfacet
  facet normal 0 0 -1
    outer loop
      vertex 69.7071 50.5071 4
      vertex 69 50.8 4
      vertex 69.5 50.666 4
    endloop
  endfacet
  facet normal 0 0 -1
    outer loop
      vertex 69.5 50.666 4
      vertex 69 50.8 4
      vertex 69.2588 50.7659 4
    endloop
  endfacet
  facet normal 0 0 -1
    outer loop
      vertex 69.5 48 4
      vertex 13 50.8 4
      vertex 69 50.8 4
    endloop
  endfacet
  facet normal 0 0 -1
    outer loop
      vertex 12.414 48 4
      vertex 13 50.8 4
      vertex 69.5 48 4
    endloop
  endfacet
  facet normal 0 0 -1
    outer loop
      vertex 12 48.8 4
      vertex 13 50.8 4
      vertex 12.414 48 4
    endloop
  endfacet
  facet normal 0 0 -1
    outer loop
      vertex 12 49.8 4
      vertex 13 50.8 4
      vertex 12 48.8 4
    endloop
  endfacet
  facet normal 0 0 -1
    outer loop
      vertex 12.134 48.3 4
      vertex 12.414 48 4
      vertex 12.2929 48.0929 4
    endloop
  endfacet
  facet normal 0 0 -1
    outer loop
      vertex 13 50.8 4
      vertex 12 49.8 4
      vertex 12.7412 50.7659 4
    endloop
  endfacet
  facet normal 0 0 -1
    outer loop
      vertex 12.0341 48.5412 4
      vertex 12.414 48 4
      vertex 12.134 48.3 4
    endloop
  endfacet
  facet normal 0 0 -1
    outer loop
      vertex 12.7412 50.7659 4
      vertex 12 49.8 4
      vertex 12.5 50.666 4
    endloop
  endfacet
  facet normal 0 0 -1
    outer loop
      vertex 12.414 48 4
      vertex 12.0341 48.5412 4
      vertex 12 48.8 4
    endloop
  endfacet
  facet normal 0 0 -1
    outer loop
      vertex 12.5 50.666 4
      vertex 12 49.8 4
      vertex 12.2929 50.5071 4
    endloop
  endfacet
  facet normal 0 0 -1
    outer loop
      vertex 12.2929 50.5071 4
      vertex 12 49.8 4
      vertex 12.134 50.3 4
    endloop
  endfacet
  facet normal 0 0 -1
    outer loop
      vertex 12.134 50.3 4
      vertex 12 49.8 4
      vertex 12.0341 50.0588 4
    endloop
  endfacet
  facet normal 0 0 1
    outer loop
      vertex 71 46.5 4
      vertex 69.4659 45.7588 4
      vertex 69.5 45.5 4
    endloop
  endfacet
  facet normal 0 0 1
    outer loop
      vertex 70.25 47.799 4
      vertex 69.366 46 4
      vertex 69.4659 45.7588 4
    endloop
  endfacet
  facet normal 0 0 1
    outer loop
      vertex 70.25 47.799 4
      vertex 69.2588 47.8341 4
      vertex 69.2071 46.2071 4
    endloop
  endfacet
  facet normal 0 0 1
    outer loop
      vertex 70.25 47.799 4
      vertex 69.2071 46.2071 4
      vertex 69.366 46 4
    endloop
  endfacet
  facet normal 0 0 1
    outer loop
      vertex 69 46.366 4
      vertex 69.2588 47.8341 4
      vertex 69 47.8 4
    endloop
  endfacet
  facet normal 0 0 1
    outer loop
      vertex 69.2588 47.8341 4
      vertex 69 46.366 4
      vertex 69.2071 46.2071 4
    endloop
  endfacet
  facet normal 0 0 1
    outer loop
      vertex 69 47.8 4
      vertex 68.7588 46.4659 4
      vertex 69 46.366 4
    endloop
  endfacet
  facet normal 0 0 1
    outer loop
      vertex 69 47.8 4
      vertex 68.5 46.5 4
      vertex 68.7588 46.4659 4
    endloop
  endfacet
  facet normal -0 0 1
    outer loop
      vertex 13 47.8 4
      vertex 68.5 46.5 4
      vertex 69 47.8 4
    endloop
  endfacet
  facet normal 0 0 1
    outer loop
      vertex 13 47.8 4
      vertex 12.5 46.5 4
      vertex 68.5 46.5 4
    endloop
  endfacet
  facet normal 0 0 1
    outer loop
      vertex 12.7412 47.8341 4
      vertex 12.5 46.5 4
      vertex 13 47.8 4
    endloop
  endfacet
  facet normal 0 0 1
    outer loop
      vertex 12.5 47.934 4
      vertex 12.5 46.5 4
      vertex 12.7412 47.8341 4
    endloop
  endfacet
  facet normal -0 0 1
    outer loop
      vertex 11.5 48 4
      vertex 12.5 47.934 4
      vertex 12.414 48 4
    endloop
  endfacet
  facet normal 0 0 1
    outer loop
      vertex 12.5 47.934 4
      vertex 12.2412 46.4659 4
      vertex 12.5 46.5 4
    endloop
  endfacet
  facet normal 0 0 1
    outer loop
      vertex 12.5 47.934 4
      vertex 11.5 48 4
      vertex 12.2412 46.4659 4
    endloop
  endfacet
  facet normal 0 0 1
    outer loop
      vertex 12.2412 46.4659 4
      vertex 11.5 48 4
      vertex 12 46.366 4
    endloop
  endfacet
  facet normal -0 0 1
    outer loop
      vertex 11.1118 47.9489 4
      vertex 12 46.366 4
      vertex 11.5 48 4
    endloop
  endfacet
  facet normal 0 0 1
    outer loop
      vertex 12 46.366 4
      vertex 11.1118 47.9489 4
      vertex 11.7929 46.2071 4
    endloop
  endfacet
  facet normal -0 0 1
    outer loop
      vertex 10.75 47.799 4
      vertex 11.7929 46.2071 4
      vertex 11.1118 47.9489 4
    endloop
  endfacet
  facet normal -0 0 1
    outer loop
      vertex 10.4393 47.5607 4
      vertex 11.7929 46.2071 4
      vertex 10.75 47.799 4
    endloop
  endfacet
  facet normal -0 0 1
    outer loop
      vertex 10.201 47.25 4
      vertex 11.7929 46.2071 4
      vertex 10.4393 47.5607 4
    endloop
  endfacet
  facet normal 0 0 1
    outer loop
      vertex 11.5 45.5 4
      vertex 10 46.5 4
      vertex 11.5 16.5 4
    endloop
  endfacet
  facet normal -0 0 1
    outer loop
      vertex 10.0511 46.8882 4
      vertex 11.7929 46.2071 4
      vertex 10.201 47.25 4
    endloop
  endfacet
  facet normal 0 0 1
    outer loop
      vertex 10 15.5 4
      vertex 11.5 16.5 4
      vertex 10 46.5 4
    endloop
  endfacet
  facet normal 0 0 1
    outer loop
      vertex 11.7929 46.2071 4
      vertex 10.0511 46.8882 4
      vertex 11.634 46 4
    endloop
  endfacet
  facet normal 0 -0 1
    outer loop
      vertex 10.0511 15.1118 4
      vertex 11.5 16.5 4
      vertex 10 15.5 4
    endloop
  endfacet
  facet normal -0 0 1
    outer loop
      vertex 10 46.5 4
      vertex 11.634 46 4
      vertex 10.0511 46.8882 4
    endloop
  endfacet
  facet normal 0 0 1
    outer loop
      vertex 11.5 16.5 4
      vertex 11.1118 14.0511 4
      vertex 11.5 14 4
    endloop
  endfacet
  facet normal 0 0 1
    outer loop
      vertex 11.634 46 4
      vertex 10 46.5 4
      vertex 11.5341 45.7588 4
    endloop
  endfacet
  facet normal 0 0 1
    outer loop
      vertex 11.5 16.5 4
      vertex 10.75 14.201 4
      vertex 11.1118 14.0511 4
    endloop
  endfacet
  facet normal 0 0 1
    outer loop
      vertex 11.5341 45.7588 4
      vertex 10 46.5 4
      vertex 11.5 45.5 4
    endloop
  endfacet
  facet normal 0 0 1
    outer loop
      vertex 11.5 16.5 4
      vertex 10.4393 14.4393 4
      vertex 10.75 14.201 4
    endloop
  endfacet
  facet normal 0 0 1
    outer loop
      vertex 11.5 16.5 4
      vertex 10.201 14.75 4
      vertex 10.4393 14.4393 4
    endloop
  endfacet
  facet normal 0 0 1
    outer loop
      vertex 11.5 16.5 4
      vertex 10.0511 15.1118 4
      vertex 10.201 14.75 4
    endloop
  endfacet
  facet normal 0 0 1
    outer loop
      vertex 69.4659 45.7588 4
      vertex 71 46.5 4
      vertex 70.9489 46.8882 4
    endloop
  endfacet
  facet normal 0 0 1
    outer loop
      vertex 71 46.5 4
      vertex 69.5 45.5 4
      vertex 71 15.5 4
    endloop
  endfacet
  facet normal 0 0 1
    outer loop
      vertex 69.4659 45.7588 4
      vertex 70.9489 46.8882 4
      vertex 70.799 47.25 4
    endloop
  endfacet
  facet normal -0 0 1
    outer loop
      vertex 69.5 16.5 4
      vertex 71 15.5 4
      vertex 69.5 45.5 4
    endloop
  endfacet
  facet normal 0 0 1
    outer loop
      vertex 69.4659 45.7588 4
      vertex 70.799 47.25 4
      vertex 70.5607 47.5607 4
    endloop
  endfacet
  facet normal -0 0 1
    outer loop
      vertex 69.4659 16.2412 4
      vertex 71 15.5 4
      vertex 69.5 16.5 4
    endloop
  endfacet
  facet normal 0 0 1
    outer loop
      vertex 69.4659 45.7588 4
      vertex 70.5607 47.5607 4
      vertex 70.25 47.799 4
    endloop
  endfacet
  facet normal -0 0 1
    outer loop
      vertex 69.366 16 4
      vertex 71 15.5 4
      vertex 69.4659 16.2412 4
    endloop
  endfacet
  facet normal -0 0 1
    outer loop
      vertex 69.5 47.934 4
      vertex 70.25 47.799 4
      vertex 69.8882 47.9489 4
    endloop
  endfacet
  facet normal 0 0 1
    outer loop
      vertex 71 15.5 4
      vertex 69.366 16 4
      vertex 70.9489 15.1118 4
    endloop
  endfacet
  facet normal 0 0 1
    outer loop
      vertex 69.5 47.934 4
      vertex 69.8882 47.9489 4
      vertex 69.5734 47.9903 4
    endloop
  endfacet
  facet normal -0 0 1
    outer loop
      vertex 69.2071 15.7929 4
      vertex 70.9489 15.1118 4
      vertex 69.366 16 4
    endloop
  endfacet
  facet normal -0 0 1
    outer loop
      vertex 69.2588 47.8341 4
      vertex 70.25 47.799 4
      vertex 69.5 47.934 4
    endloop
  endfacet
  facet normal 0 0 1
    outer loop
      vertex 70.9489 15.1118 4
      vertex 69.2071 15.7929 4
      vertex 70.799 14.75 4
    endloop
  endfacet
  facet normal 0 0 1
    outer loop
      vertex 70.799 14.75 4
      vertex 69.2071 15.7929 4
      vertex 70.5607 14.4393 4
    endloop
  endfacet
  facet normal 0 0 1
    outer loop
      vertex 70.5607 14.4393 4
      vertex 69.2071 15.7929 4
      vertex 70.25 14.201 4
    endloop
  endfacet
  facet normal 0 -0 1
    outer loop
      vertex 69.2588 14.1659 4
      vertex 70.25 14.201 4
      vertex 69.2071 15.7929 4
    endloop
  endfacet
  facet normal 0 0 1
    outer loop
      vertex 69.8882 14.0511 4
      vertex 69.5 14.066 4
      vertex 69.5734 14.0097 4
    endloop
  endfacet
  facet normal 0 0 1
    outer loop
      vertex 70.25 14.201 4
      vertex 69.2588 14.1659 4
      vertex 69.8882 14.0511 4
    endloop
  endfacet
  facet normal 0 0 1
    outer loop
      vertex 69.8882 14.0511 4
      vertex 69.2588 14.1659 4
      vertex 69.5 14.066 4
    endloop
  endfacet
  facet normal -0 0 1
    outer loop
      vertex 69 15.634 4
      vertex 69.2588 14.1659 4
      vertex 69.2071 15.7929 4
    endloop
  endfacet
  facet normal 0 0 1
    outer loop
      vertex 69 15.634 4
      vertex 69 14.2 4
      vertex 69.2588 14.1659 4
    endloop
  endfacet
  facet normal -0 0 1
    outer loop
      vertex 68.7588 15.5341 4
      vertex 69 14.2 4
      vertex 69 15.634 4
    endloop
  endfacet
  facet normal -0 0 1
    outer loop
      vertex 68.5 15.5 4
      vertex 69 14.2 4
      vertex 68.7588 15.5341 4
    endloop
  endfacet
  facet normal 0 0 1
    outer loop
      vertex 68.5 15.5 4
      vertex 13 14.2 4
      vertex 69 14.2 4
    endloop
  endfacet
  facet normal -0 0 1
    outer loop
      vertex 12.5 15.5 4
      vertex 13 14.2 4
      vertex 68.5 15.5 4
    endloop
  endfacet
  facet normal 0 0 1
    outer loop
      vertex 12.5 15.5 4
      vertex 12.7412 14.1659 4
      vertex 13 14.2 4
    endloop
  endfacet
  facet normal 0 0 1
    outer loop
      vertex 12.5 15.5 4
      vertex 12.5 14.066 4
      vertex 12.7412 14.1659 4
    endloop
  endfacet
  facet normal 0 0 1
    outer loop
      vertex 12.2412 15.5341 4
      vertex 12.5 14.066 4
      vertex 12.5 15.5 4
    endloop
  endfacet
  facet normal 0 0 1
    outer loop
      vertex 11.5 14 4
      vertex 12.5 14.066 4
      vertex 12.2412 15.5341 4
    endloop
  endfacet
  facet normal 0 0 1
    outer loop
      vertex 11.5 14 4
      vertex 12.2412 15.5341 4
      vertex 12 15.634 4
    endloop
  endfacet
  facet normal 0 0 1
    outer loop
      vertex 11.5 14 4
      vertex 12 15.634 4
      vertex 11.7929 15.7929 4
    endloop
  endfacet
  facet normal 0 0 1
    outer loop
      vertex 11.5 14 4
      vertex 11.7929 15.7929 4
      vertex 11.634 16 4
    endloop
  endfacet
  facet normal 0 0 1
    outer loop
      vertex 11.5 14 4
      vertex 11.634 16 4
      vertex 11.5341 16.2412 4
    endloop
  endfacet
  facet normal 0 0 1
    outer loop
      vertex 12.5 14.066 4
      vertex 11.5 14 4
      vertex 12.414 14 4
    endloop
  endfacet
  facet normal 0 0 1
    outer loop
      vertex 11.5 14 4
      vertex 11.5341 16.2412 4
      vertex 11.5 16.5 4
    endloop
  endfacet
  facet normal 0 0 -1
    outer loop
      vertex 69 11.2 4
      vertex 70 12.2 4
      vertex 69.9659 11.9412 4
    endloop
  endfacet
  facet normal -0 0 -1
    outer loop
      vertex 70 12.2 4
      vertex 69 11.2 4
      vertex 70 13.2 4
    endloop
  endfacet
  facet normal 0 0 -1
    outer loop
      vertex 69 11.2 4
      vertex 69.9659 11.9412 4
      vertex 69.866 11.7 4
    endloop
  endfacet
  facet normal 0 -0 -1
    outer loop
      vertex 69.5 14 4
      vertex 70 13.2 4
      vertex 69 11.2 4
    endloop
  endfacet
  facet normal 0 0 -1
    outer loop
      vertex 69 11.2 4
      vertex 69.866 11.7 4
      vertex 69.7071 11.4929 4
    endloop
  endfacet
  facet normal 0 0 -1
    outer loop
      vertex 70 13.2 4
      vertex 69.5 14 4
      vertex 69.9659 13.4588 4
    endloop
  endfacet
  facet normal 0 0 -1
    outer loop
      vertex 69.866 13.7 4
      vertex 69.5 14 4
      vertex 69.7071 13.9071 4
    endloop
  endfacet
  facet normal 0 0 -1
    outer loop
      vertex 69 11.2 4
      vertex 69.7071 11.4929 4
      vertex 69.5 11.334 4
    endloop
  endfacet
  facet normal 0 0 -1
    outer loop
      vertex 69.7071 13.9071 4
      vertex 69.5 14 4
      vertex 69.5734 14.0097 4
    endloop
  endfacet
  facet normal 0 0 -1
    outer loop
      vertex 69 11.2 4
      vertex 69.5 11.334 4
      vertex 69.2588 11.2341 4
    endloop
  endfacet
  facet normal 0 0 -1
    outer loop
      vertex 69.9659 13.4588 4
      vertex 69.5 14 4
      vertex 69.866 13.7 4
    endloop
  endfacet
  facet normal 0 0 -1
    outer loop
      vertex 13 11.2 4
      vertex 69.5 14 4
      vertex 69 11.2 4
    endloop
  endfacet
  facet normal 0 0 -1
    outer loop
      vertex 12 12.2 4
      vertex 13 11.2 4
      vertex 12.7412 11.2341 4
    endloop
  endfacet
  facet normal 0 0 -1
    outer loop
      vertex 12 12.2 4
      vertex 12.7412 11.2341 4
      vertex 12.5 11.334 4
    endloop
  endfacet
  facet normal 0 0 -1
    outer loop
      vertex 13 11.2 4
      vertex 12.414 14 4
      vertex 69.5 14 4
    endloop
  endfacet
  facet normal 0 0 -1
    outer loop
      vertex 12 12.2 4
      vertex 12.5 11.334 4
      vertex 12.2929 11.4929 4
    endloop
  endfacet
  facet normal 0 0 -1
    outer loop
      vertex 13 11.2 4
      vertex 12 12.2 4
      vertex 12 13.2 4
    endloop
  endfacet
  facet normal 0 0 -1
    outer loop
      vertex 12 12.2 4
      vertex 12.2929 11.4929 4
      vertex 12.134 11.7 4
    endloop
  endfacet
  facet normal 0 0 -1
    outer loop
      vertex 13 11.2 4
      vertex 12 13.2 4
      vertex 12.414 14 4
    endloop
  endfacet
  facet normal 0 0 -1
    outer loop
      vertex 12 12.2 4
      vertex 12.134 11.7 4
      vertex 12.0341 11.9412 4
    endloop
  endfacet
  facet normal 0 -0 -1
    outer loop
      vertex 12.0341 13.4588 4
      vertex 12.414 14 4
      vertex 12 13.2 4
    endloop
  endfacet
  facet normal 0 0 -1
    outer loop
      vertex 12.414 14 4
      vertex 12.134 13.7 4
      vertex 12.2929 13.9071 4
    endloop
  endfacet
  facet normal 0 0 -1
    outer loop
      vertex 12.414 14 4
      vertex 12.0341 13.4588 4
      vertex 12.134 13.7 4
    endloop
  endfacet
  facet normal -0.130507 -0.991447 0
    outer loop
      vertex 11.1118 14.0511 3
      vertex 11.5 14 4
      vertex 11.1118 14.0511 4
    endloop
  endfacet
  facet normal -0.130507 -0.991447 -0
    outer loop
      vertex 11.5 14 4
      vertex 11.1118 14.0511 3
      vertex 11.5 14 3
    endloop
  endfacet
  facet normal 0.923846 -0.382765 0
    outer loop
      vertex 70.799 14.75 4
      vertex 70.9489 15.1118 3
      vertex 70.9489 15.1118 4
    endloop
  endfacet
  facet normal 0.923846 -0.382765 0
    outer loop
      vertex 70.9489 15.1118 3
      vertex 70.799 14.75 4
      vertex 70.799 14.75 3
    endloop
  endfacet
  facet normal 0.130389 0.991463 -0
    outer loop
      vertex 69.8882 47.9489 3
      vertex 69.5734 47.9903 4
      vertex 69.8882 47.9489 4
    endloop
  endfacet
  facet normal 0.130507 0.991447 3.77986e-05
    outer loop
      vertex 69.5 48 3
      vertex 69.5734 47.9903 4
      vertex 69.8882 47.9489 3
    endloop
  endfacet
  facet normal 0.131014 0.991381 0
    outer loop
      vertex 69.5734 47.9903 4
      vertex 69.5 48 3
      vertex 69.5 48 4
    endloop
  endfacet
  facet normal -0.382765 -0.923846 0
    outer loop
      vertex 10.75 14.201 3
      vertex 11.1118 14.0511 4
      vertex 10.75 14.201 4
    endloop
  endfacet
  facet normal -0.382765 -0.923846 -0
    outer loop
      vertex 11.1118 14.0511 4
      vertex 10.75 14.201 3
      vertex 11.1118 14.0511 3
    endloop
  endfacet
  facet normal -1 0 0
    outer loop
      vertex 10 15.5 3
      vertex 10 46.5 4
      vertex 10 46.5 3
    endloop
  endfacet
  facet normal -1 -0 0
    outer loop
      vertex 10 46.5 4
      vertex 10 15.5 3
      vertex 10 15.5 4
    endloop
  endfacet
  facet normal -0.793487 0.608587 0
    outer loop
      vertex 10.201 47.25 3
      vertex 10.4393 47.5607 4
      vertex 10.4393 47.5607 3
    endloop
  endfacet
  facet normal -0.793487 0.608587 0
    outer loop
      vertex 10.4393 47.5607 4
      vertex 10.201 47.25 3
      vertex 10.201 47.25 4
    endloop
  endfacet
  facet normal -0.793487 -0.608587 0
    outer loop
      vertex 10.4393 14.4393 3
      vertex 10.201 14.75 4
      vertex 10.201 14.75 3
    endloop
  endfacet
  facet normal -0.793487 -0.608587 0
    outer loop
      vertex 10.201 14.75 4
      vertex 10.4393 14.4393 3
      vertex 10.4393 14.4393 4
    endloop
  endfacet
  facet normal 0.793487 0.608587 0
    outer loop
      vertex 70.799 47.25 4
      vertex 70.5607 47.5607 3
      vertex 70.5607 47.5607 4
    endloop
  endfacet
  facet normal 0.793487 0.608587 0
    outer loop
      vertex 70.5607 47.5607 3
      vertex 70.799 47.25 4
      vertex 70.799 47.25 3
    endloop
  endfacet
  facet normal 0.991447 0.130507 0
    outer loop
      vertex 71 46.5 4
      vertex 70.9489 46.8882 3
      vertex 70.9489 46.8882 4
    endloop
  endfacet
  facet normal 0.991447 0.130507 0
    outer loop
      vertex 70.9489 46.8882 3
      vertex 71 46.5 4
      vertex 71 46.5 3
    endloop
  endfacet
  facet normal -0.991447 -0.130507 0
    outer loop
      vertex 10.0511 15.1118 3
      vertex 10 15.5 4
      vertex 10 15.5 3
    endloop
  endfacet
  facet normal -0.991447 -0.130507 0
    outer loop
      vertex 10 15.5 4
      vertex 10.0511 15.1118 3
      vertex 10.0511 15.1118 4
    endloop
  endfacet
  facet normal -0.923846 -0.382765 0
    outer loop
      vertex 10.201 14.75 3
      vertex 10.0511 15.1118 4
      vertex 10.0511 15.1118 3
    endloop
  endfacet
  facet normal -0.923846 -0.382765 0
    outer loop
      vertex 10.0511 15.1118 4
      vertex 10.201 14.75 3
      vertex 10.201 14.75 4
    endloop
  endfacet
  facet normal -0.608587 0.793487 0
    outer loop
      vertex 10.75 47.799 3
      vertex 10.4393 47.5607 4
      vertex 10.75 47.799 4
    endloop
  endfacet
  facet normal -0.608587 0.793487 0
    outer loop
      vertex 10.4393 47.5607 4
      vertex 10.75 47.799 3
      vertex 10.4393 47.5607 3
    endloop
  endfacet
  facet normal 0.793487 -0.608587 0
    outer loop
      vertex 70.5607 14.4393 4
      vertex 70.799 14.75 3
      vertex 70.799 14.75 4
    endloop
  endfacet
  facet normal 0.793487 -0.608587 0
    outer loop
      vertex 70.799 14.75 3
      vertex 70.5607 14.4393 4
      vertex 70.5607 14.4393 3
    endloop
  endfacet
  facet normal -0.608587 -0.793487 0
    outer loop
      vertex 10.4393 14.4393 3
      vertex 10.75 14.201 4
      vertex 10.4393 14.4393 4
    endloop
  endfacet
  facet normal -0.608587 -0.793487 -0
    outer loop
      vertex 10.75 14.201 4
      vertex 10.4393 14.4393 3
      vertex 10.75 14.201 3
    endloop
  endfacet
  facet normal -0.382765 0.923846 0
    outer loop
      vertex 11.1118 47.9489 3
      vertex 10.75 47.799 4
      vertex 11.1118 47.9489 4
    endloop
  endfacet
  facet normal -0.382765 0.923846 0
    outer loop
      vertex 10.75 47.799 4
      vertex 11.1118 47.9489 3
      vertex 10.75 47.799 3
    endloop
  endfacet
  facet normal 0.608587 0.793487 -0
    outer loop
      vertex 70.5607 47.5607 3
      vertex 70.25 47.799 4
      vertex 70.5607 47.5607 4
    endloop
  endfacet
  facet normal 0.608587 0.793487 0
    outer loop
      vertex 70.25 47.799 4
      vertex 70.5607 47.5607 3
      vertex 70.25 47.799 3
    endloop
  endfacet
  facet normal -0.923846 0.382765 0
    outer loop
      vertex 10.0511 46.8882 3
      vertex 10.201 47.25 4
      vertex 10.201 47.25 3
    endloop
  endfacet
  facet normal -0.923846 0.382765 0
    outer loop
      vertex 10.201 47.25 4
      vertex 10.0511 46.8882 3
      vertex 10.0511 46.8882 4
    endloop
  endfacet
  facet normal -0.991447 0.130507 0
    outer loop
      vertex 10 46.5 3
      vertex 10.0511 46.8882 4
      vertex 10.0511 46.8882 3
    endloop
  endfacet
  facet normal -0.991447 0.130507 0
    outer loop
      vertex 10.0511 46.8882 4
      vertex 10 46.5 3
      vertex 10 46.5 4
    endloop
  endfacet
  facet normal -0.608729 -0.793378 0
    outer loop
      vertex 11.7929 15.7929 4
      vertex 12 15.634 5.2
      vertex 11.7929 15.7929 5.2
    endloop
  endfacet
  facet normal -0.608729 -0.793378 -0
    outer loop
      vertex 12 15.634 5.2
      vertex 11.7929 15.7929 4
      vertex 12 15.634 4
    endloop
  endfacet
  facet normal -0.793378 0.608729 0
    outer loop
      vertex 11.634 46 4
      vertex 11.7929 46.2071 5.2
      vertex 11.7929 46.2071 4
    endloop
  endfacet
  facet normal -0.793378 0.608729 0
    outer loop
      vertex 11.7929 46.2071 5.2
      vertex 11.634 46 4
      vertex 11.634 46 5.2
    endloop
  endfacet
  facet normal 0.923891 0.382656 0
    outer loop
      vertex 69.4659 45.7588 5.2
      vertex 69.366 46 4
      vertex 69.366 46 5.2
    endloop
  endfacet
  facet normal 0.923891 0.382656 0
    outer loop
      vertex 69.366 46 4
      vertex 69.4659 45.7588 5.2
      vertex 69.4659 45.7588 4
    endloop
  endfacet
  facet normal 0 -1 0
    outer loop
      vertex 12.5 15.5 4
      vertex 68.5 15.5 5.2
      vertex 12.5 15.5 5.2
    endloop
  endfacet
  facet normal 0 -1 -0
    outer loop
      vertex 68.5 15.5 5.2
      vertex 12.5 15.5 4
      vertex 68.5 15.5 4
    endloop
  endfacet
  facet normal -0.923891 0.382656 0
    outer loop
      vertex 11.5341 45.7588 4
      vertex 11.634 46 5.2
      vertex 11.634 46 4
    endloop
  endfacet
  facet normal -0.923891 0.382656 0
    outer loop
      vertex 11.634 46 5.2
      vertex 11.5341 45.7588 4
      vertex 11.5341 45.7588 5.2
    endloop
  endfacet
  facet normal -1 0 0
    outer loop
      vertex 11.5 16.5 4
      vertex 11.5 45.5 5.2
      vertex 11.5 45.5 4
    endloop
  endfacet
  facet normal -1 -0 0
    outer loop
      vertex 11.5 45.5 5.2
      vertex 11.5 16.5 4
      vertex 11.5 16.5 5.2
    endloop
  endfacet
  facet normal 0.608729 0.793378 -0
    outer loop
      vertex 69.2071 46.2071 4
      vertex 69 46.366 5.2
      vertex 69.2071 46.2071 5.2
    endloop
  endfacet
  facet normal 0.608729 0.793378 0
    outer loop
      vertex 69 46.366 5.2
      vertex 69.2071 46.2071 4
      vertex 69 46.366 4
    endloop
  endfacet
  facet normal -0.382656 0.923891 0
    outer loop
      vertex 12.2412 46.4659 4
      vertex 12 46.366 5.2
      vertex 12.2412 46.4659 5.2
    endloop
  endfacet
  facet normal -0.382656 0.923891 0
    outer loop
      vertex 12 46.366 5.2
      vertex 12.2412 46.4659 4
      vertex 12 46.366 4
    endloop
  endfacet
  facet normal -0.608729 0.793378 0
    outer loop
      vertex 12 46.366 4
      vertex 11.7929 46.2071 5.2
      vertex 12 46.366 5.2
    endloop
  endfacet
  facet normal -0.608729 0.793378 0
    outer loop
      vertex 11.7929 46.2071 5.2
      vertex 12 46.366 4
      vertex 11.7929 46.2071 4
    endloop
  endfacet
  facet normal 0.382656 -0.923891 0
    outer loop
      vertex 68.7588 15.5341 4
      vertex 69 15.634 5.2
      vertex 68.7588 15.5341 5.2
    endloop
  endfacet
  facet normal 0.382656 -0.923891 0
    outer loop
      vertex 69 15.634 5.2
      vertex 68.7588 15.5341 4
      vertex 69 15.634 4
    endloop
  endfacet
  facet normal -0.991431 -0.130633 0
    outer loop
      vertex 11.5341 16.2412 4
      vertex 11.5 16.5 5.2
      vertex 11.5 16.5 4
    endloop
  endfacet
  facet normal -0.991431 -0.130633 0
    outer loop
      vertex 11.5 16.5 5.2
      vertex 11.5341 16.2412 4
      vertex 11.5341 16.2412 5.2
    endloop
  endfacet
  facet normal -0.793378 -0.608729 0
    outer loop
      vertex 11.7929 15.7929 4
      vertex 11.634 16 5.2
      vertex 11.634 16 4
    endloop
  endfacet
  facet normal -0.793378 -0.608729 0
    outer loop
      vertex 11.634 16 5.2
      vertex 11.7929 15.7929 4
      vertex 11.7929 15.7929 5.2
    endloop
  endfacet
  facet normal 0.793378 0.608729 0
    outer loop
      vertex 69.366 46 5.2
      vertex 69.2071 46.2071 4
      vertex 69.2071 46.2071 5.2
    endloop
  endfacet
  facet normal 0.793378 0.608729 0
    outer loop
      vertex 69.2071 46.2071 4
      vertex 69.366 46 5.2
      vertex 69.366 46 4
    endloop
  endfacet
  facet normal 0 1 -0
    outer loop
      vertex 68.5 46.5 4
      vertex 12.5 46.5 5.2
      vertex 68.5 46.5 5.2
    endloop
  endfacet
  facet normal 0 1 0
    outer loop
      vertex 12.5 46.5 5.2
      vertex 68.5 46.5 4
      vertex 12.5 46.5 4
    endloop
  endfacet
  facet normal -0.130633 -0.991431 0
    outer loop
      vertex 12.2412 15.5341 4
      vertex 12.5 15.5 5.2
      vertex 12.2412 15.5341 5.2
    endloop
  endfacet
  facet normal -0.130633 -0.991431 -0
    outer loop
      vertex 12.5 15.5 5.2
      vertex 12.2412 15.5341 4
      vertex 12.5 15.5 4
    endloop
  endfacet
  facet normal 0.130633 -0.991431 0
    outer loop
      vertex 68.5 15.5 4
      vertex 68.7588 15.5341 5.2
      vertex 68.5 15.5 5.2
    endloop
  endfacet
  facet normal 0.130633 -0.991431 0
    outer loop
      vertex 68.7588 15.5341 5.2
      vertex 68.5 15.5 4
      vertex 68.7588 15.5341 4
    endloop
  endfacet
  facet normal 0.130633 0.991431 -0
    outer loop
      vertex 68.7588 46.4659 4
      vertex 68.5 46.5 5.2
      vertex 68.7588 46.4659 5.2
    endloop
  endfacet
  facet normal 0.130633 0.991431 0
    outer loop
      vertex 68.5 46.5 5.2
      vertex 68.7588 46.4659 4
      vertex 68.5 46.5 4
    endloop
  endfacet
  facet normal -0.991431 0.130633 0
    outer loop
      vertex 11.5 45.5 4
      vertex 11.5341 45.7588 5.2
      vertex 11.5341 45.7588 4
    endloop
  endfacet
  facet normal -0.991431 0.130633 0
    outer loop
      vertex 11.5341 45.7588 5.2
      vertex 11.5 45.5 4
      vertex 11.5 45.5 5.2
    endloop
  endfacet
  facet normal 0.991431 -0.130633 0
    outer loop
      vertex 69.4659 16.2412 5.2
      vertex 69.5 16.5 4
      vertex 69.5 16.5 5.2
    endloop
  endfacet
  facet normal 0.991431 -0.130633 0
    outer loop
      vertex 69.5 16.5 4
      vertex 69.4659 16.2412 5.2
      vertex 69.4659 16.2412 4
    endloop
  endfacet
  facet normal -0.130633 0.991431 0
    outer loop
      vertex 12.5 46.5 4
      vertex 12.2412 46.4659 5.2
      vertex 12.5 46.5 5.2
    endloop
  endfacet
  facet normal -0.130633 0.991431 0
    outer loop
      vertex 12.2412 46.4659 5.2
      vertex 12.5 46.5 4
      vertex 12.2412 46.4659 4
    endloop
  endfacet
  facet normal -0.382656 -0.923891 0
    outer loop
      vertex 12 15.634 4
      vertex 12.2412 15.5341 5.2
      vertex 12 15.634 5.2
    endloop
  endfacet
  facet normal -0.382656 -0.923891 -0
    outer loop
      vertex 12.2412 15.5341 5.2
      vertex 12 15.634 4
      vertex 12.2412 15.5341 4
    endloop
  endfacet
  facet normal 1 -0 0
    outer loop
      vertex 69.5 16.5 5.2
      vertex 69.5 45.5 4
      vertex 69.5 45.5 5.2
    endloop
  endfacet
  facet normal 1 0 0
    outer loop
      vertex 69.5 45.5 4
      vertex 69.5 16.5 5.2
      vertex 69.5 16.5 4
    endloop
  endfacet
  facet normal 0.382656 0.923891 -0
    outer loop
      vertex 69 46.366 4
      vertex 68.7588 46.4659 5.2
      vertex 69 46.366 5.2
    endloop
  endfacet
  facet normal 0.382656 0.923891 0
    outer loop
      vertex 68.7588 46.4659 5.2
      vertex 69 46.366 4
      vertex 68.7588 46.4659 4
    endloop
  endfacet
  facet normal 0.923891 -0.382656 0
    outer loop
      vertex 69.366 16 5.2
      vertex 69.4659 16.2412 4
      vertex 69.4659 16.2412 5.2
    endloop
  endfacet
  facet normal 0.923891 -0.382656 0
    outer loop
      vertex 69.4659 16.2412 4
      vertex 69.366 16 5.2
      vertex 69.366 16 4
    endloop
  endfacet
  facet normal 0.991431 0.130633 0
    outer loop
      vertex 69.5 45.5 5.2
      vertex 69.4659 45.7588 4
      vertex 69.4659 45.7588 5.2
    endloop
  endfacet
  facet normal 0.991431 0.130633 0
    outer loop
      vertex 69.4659 45.7588 4
      vertex 69.5 45.5 5.2
      vertex 69.5 45.5 4
    endloop
  endfacet
  facet normal -0.923891 -0.382656 0
    outer loop
      vertex 11.634 16 4
      vertex 11.5341 16.2412 5.2
      vertex 11.5341 16.2412 4
    endloop
  endfacet
  facet normal -0.923891 -0.382656 0
    outer loop
      vertex 11.5341 16.2412 5.2
      vertex 11.634 16 4
      vertex 11.634 16 5.2
    endloop
  endfacet
  facet normal 0.793378 -0.608729 0
    outer loop
      vertex 69.2071 15.7929 5.2
      vertex 69.366 16 4
      vertex 69.366 16 5.2
    endloop
  endfacet
  facet normal 0.793378 -0.608729 0
    outer loop
      vertex 69.366 16 4
      vertex 69.2071 15.7929 5.2
      vertex 69.2071 15.7929 4
    endloop
  endfacet
  facet normal 0 0 1
    outer loop
      vertex 68.5 46.5 5.2
      vertex 69.5 45.5 5.2
      vertex 69.4659 45.7588 5.2
    endloop
  endfacet
  facet normal 0 0 1
    outer loop
      vertex 69.5 45.5 5.2
      vertex 68.5 46.5 5.2
      vertex 69.5 16.5 5.2
    endloop
  endfacet
  facet normal 0 0 1
    outer loop
      vertex 68.5 46.5 5.2
      vertex 69.4659 45.7588 5.2
      vertex 69.366 46 5.2
    endloop
  endfacet
  facet normal 0 0 1
    outer loop
      vertex 68.5 15.5 5.2
      vertex 69.5 16.5 5.2
      vertex 68.5 46.5 5.2
    endloop
  endfacet
  facet normal 0 0 1
    outer loop
      vertex 68.5 46.5 5.2
      vertex 69.366 46 5.2
      vertex 69.2071 46.2071 5.2
    endloop
  endfacet
  facet normal 0 0 1
    outer loop
      vertex 69.5 16.5 5.2
      vertex 68.5 15.5 5.2
      vertex 69.4659 16.2412 5.2
    endloop
  endfacet
  facet normal 0 0 1
    outer loop
      vertex 68.5 46.5 5.2
      vertex 69.2071 46.2071 5.2
      vertex 69 46.366 5.2
    endloop
  endfacet
  facet normal 0 0 1
    outer loop
      vertex 69.4659 16.2412 5.2
      vertex 68.5 15.5 5.2
      vertex 69.366 16 5.2
    endloop
  endfacet
  facet normal 0 0 1
    outer loop
      vertex 68.5 46.5 5.2
      vertex 69 46.366 5.2
      vertex 68.7588 46.4659 5.2
    endloop
  endfacet
  facet normal 0 0 1
    outer loop
      vertex 69.366 16 5.2
      vertex 68.5 15.5 5.2
      vertex 69.2071 15.7929 5.2
    endloop
  endfacet
  facet normal 0 0 1
    outer loop
      vertex 69.2071 15.7929 5.2
      vertex 68.5 15.5 5.2
      vertex 69 15.634 5.2
    endloop
  endfacet
  facet normal 0 0 1
    outer loop
      vertex 69 15.634 5.2
      vertex 68.5 15.5 5.2
      vertex 68.7588 15.5341 5.2
    endloop
  endfacet
  facet normal -0 0 1
    outer loop
      vertex 12.5 46.5 5.2
      vertex 68.5 15.5 5.2
      vertex 68.5 46.5 5.2
    endloop
  endfacet
  facet normal 0 0 1
    outer loop
      vertex 12.5 46.5 5.2
      vertex 12.5 15.5 5.2
      vertex 68.5 15.5 5.2
    endloop
  endfacet
  facet normal 0 0 1
    outer loop
      vertex 11.5 45.5 5.2
      vertex 12.5 46.5 5.2
      vertex 12.2412 46.4659 5.2
    endloop
  endfacet
  facet normal 0 0 1
    outer loop
      vertex 12.5 46.5 5.2
      vertex 11.5 45.5 5.2
      vertex 12.5 15.5 5.2
    endloop
  endfacet
  facet normal 0 0 1
    outer loop
      vertex 11.5 45.5 5.2
      vertex 12.2412 46.4659 5.2
      vertex 12 46.366 5.2
    endloop
  endfacet
  facet normal -0 0 1
    outer loop
      vertex 11.5 16.5 5.2
      vertex 12.5 15.5 5.2
      vertex 11.5 45.5 5.2
    endloop
  endfacet
  facet normal 0 0 1
    outer loop
      vertex 11.5 45.5 5.2
      vertex 12 46.366 5.2
      vertex 11.7929 46.2071 5.2
    endloop
  endfacet
  facet normal 0 0 1
    outer loop
      vertex 12.5 15.5 5.2
      vertex 11.5 16.5 5.2
      vertex 12.2412 15.5341 5.2
    endloop
  endfacet
  facet normal 0 0 1
    outer loop
      vertex 11.5 45.5 5.2
      vertex 11.7929 46.2071 5.2
      vertex 11.634 46 5.2
    endloop
  endfacet
  facet normal 0 0 1
    outer loop
      vertex 12.2412 15.5341 5.2
      vertex 11.5 16.5 5.2
      vertex 12 15.634 5.2
    endloop
  endfacet
  facet normal 0 0 1
    outer loop
      vertex 11.5 45.5 5.2
      vertex 11.634 46 5.2
      vertex 11.5341 45.7588 5.2
    endloop
  endfacet
  facet normal 0 0 1
    outer loop
      vertex 12 15.634 5.2
      vertex 11.5 16.5 5.2
      vertex 11.7929 15.7929 5.2
    endloop
  endfacet
  facet normal 0 0 1
    outer loop
      vertex 11.7929 15.7929 5.2
      vertex 11.5 16.5 5.2
      vertex 11.634 16 5.2
    endloop
  endfacet
  facet normal 0 0 1
    outer loop
      vertex 11.634 16 5.2
      vertex 11.5 16.5 5.2
      vertex 11.5341 16.2412 5.2
    endloop
  endfacet
  facet normal 0.608729 -0.793378 0
    outer loop
      vertex 69 15.634 4
      vertex 69.2071 15.7929 5.2
      vertex 69 15.634 5.2
    endloop
  endfacet
  facet normal 0.608729 -0.793378 0
    outer loop
      vertex 69.2071 15.7929 5.2
      vertex 69 15.634 4
      vertex 69.2071 15.7929 4
    endloop
  endfacet
  facet normal 0.608729 -0.793378 0
    outer loop
      vertex 69.5 11.334 4
      vertex 69.7071 11.4929 9
      vertex 69.5 11.334 9
    endloop
  endfacet
  facet normal 0.608729 -0.793378 0
    outer loop
      vertex 69.7071 11.4929 9
      vertex 69.5 11.334 4
      vertex 69.7071 11.4929 4
    endloop
  endfacet
  facet normal 0 -1 0
    outer loop
      vertex 13 11.2 4
      vertex 69 11.2 9
      vertex 13 11.2 9
    endloop
  endfacet
  facet normal 0 -1 -0
    outer loop
      vertex 69 11.2 9
      vertex 13 11.2 4
      vertex 69 11.2 4
    endloop
  endfacet
  facet normal 0 1 -0
    outer loop
      vertex 69 14.2 4
      vertex 13 14.2 9
      vertex 69 14.2 9
    endloop
  endfacet
  facet normal 0 1 0
    outer loop
      vertex 13 14.2 9
      vertex 69 14.2 4
      vertex 13 14.2 4
    endloop
  endfacet
  facet normal 0.130633 -0.991431 0
    outer loop
      vertex 69 11.2 4
      vertex 69.2588 11.2341 9
      vertex 69 11.2 9
    endloop
  endfacet
  facet normal 0.130633 -0.991431 0
    outer loop
      vertex 69.2588 11.2341 9
      vertex 69 11.2 4
      vertex 69.2588 11.2341 4
    endloop
  endfacet
  facet normal -0.130633 0.991431 0
    outer loop
      vertex 13 14.2 4
      vertex 12.7412 14.1659 9
      vertex 13 14.2 9
    endloop
  endfacet
  facet normal -0.130633 0.991431 0
    outer loop
      vertex 12.7412 14.1659 9
      vertex 13 14.2 4
      vertex 12.7412 14.1659 4
    endloop
  endfacet
  facet normal -0.382656 0.923891 0
    outer loop
      vertex 12.7412 14.1659 4
      vertex 12.5 14.066 9
      vertex 12.7412 14.1659 9
    endloop
  endfacet
  facet normal -0.382656 0.923891 0
    outer loop
      vertex 12.5 14.066 9
      vertex 12.7412 14.1659 4
      vertex 12.5 14.066 4
    endloop
  endfacet
  facet normal 0.382656 0.923891 -0
    outer loop
      vertex 69.5 14.066 4
      vertex 69.2588 14.1659 9
      vertex 69.5 14.066 9
    endloop
  endfacet
  facet normal 0.382656 0.923891 0
    outer loop
      vertex 69.2588 14.1659 9
      vertex 69.5 14.066 4
      vertex 69.2588 14.1659 4
    endloop
  endfacet
  facet normal 0.793378 0.608729 0
    outer loop
      vertex 69.866 13.7 9
      vertex 69.7071 13.9071 4
      vertex 69.7071 13.9071 9
    endloop
  endfacet
  facet normal 0.793378 0.608729 0
    outer loop
      vertex 69.7071 13.9071 4
      vertex 69.866 13.7 9
      vertex 69.866 13.7 4
    endloop
  endfacet
  facet normal 0.991431 0.130633 0
    outer loop
      vertex 70 13.2 9
      vertex 69.9659 13.4588 4
      vertex 69.9659 13.4588 9
    endloop
  endfacet
  facet normal 0.991431 0.130633 0
    outer loop
      vertex 69.9659 13.4588 4
      vertex 70 13.2 9
      vertex 70 13.2 4
    endloop
  endfacet
  facet normal 0.991431 -0.130633 0
    outer loop
      vertex 69.9659 11.9412 9
      vertex 70 12.2 4
      vertex 70 12.2 9
    endloop
  endfacet
  facet normal 0.991431 -0.130633 0
    outer loop
      vertex 70 12.2 4
      vertex 69.9659 11.9412 9
      vertex 69.9659 11.9412 4
    endloop
  endfacet
  facet normal 0.923891 -0.382656 0
    outer loop
      vertex 69.866 11.7 9
      vertex 69.9659 11.9412 4
      vertex 69.9659 11.9412 9
    endloop
  endfacet
  facet normal 0.923891 -0.382656 0
    outer loop
      vertex 69.9659 11.9412 4
      vertex 69.866 11.7 9
      vertex 69.866 11.7 4
    endloop
  endfacet
  facet normal 0.793378 -0.608729 0
    outer loop
      vertex 69.7071 11.4929 9
      vertex 69.866 11.7 4
      vertex 69.866 11.7 9
    endloop
  endfacet
  facet normal 0.793378 -0.608729 0
    outer loop
      vertex 69.866 11.7 4
      vertex 69.7071 11.4929 9
      vertex 69.7071 11.4929 4
    endloop
  endfacet
  facet normal -0.923891 -0.382656 0
    outer loop
      vertex 12.134 11.7 4
      vertex 12.0341 11.9412 9
      vertex 12.0341 11.9412 4
    endloop
  endfacet
  facet normal -0.923891 -0.382656 0
    outer loop
      vertex 12.0341 11.9412 9
      vertex 12.134 11.7 4
      vertex 12.134 11.7 9
    endloop
  endfacet
  facet normal 0.608793 0.793329 0
    outer loop
      vertex 69.5734 14.0097 4
      vertex 69.7071 13.9071 9
      vertex 69.7071 13.9071 4
    endloop
  endfacet
  facet normal 0.608729 0.793378 2.70461e-06
    outer loop
      vertex 69.7071 13.9071 9
      vertex 69.5734 14.0097 4
      vertex 69.5 14.066 9
    endloop
  endfacet
  facet normal 0.608613 0.793467 0
    outer loop
      vertex 69.5 14.066 9
      vertex 69.5734 14.0097 4
      vertex 69.5 14.066 4
    endloop
  endfacet
  facet normal -0.793378 0.608729 0
    outer loop
      vertex 12.134 13.7 4
      vertex 12.2929 13.9071 9
      vertex 12.2929 13.9071 4
    endloop
  endfacet
  facet normal -0.793378 0.608729 0
    outer loop
      vertex 12.2929 13.9071 9
      vertex 12.134 13.7 4
      vertex 12.134 13.7 9
    endloop
  endfacet
  facet normal 0.130633 0.991431 -0
    outer loop
      vertex 69.2588 14.1659 4
      vertex 69 14.2 9
      vertex 69.2588 14.1659 9
    endloop
  endfacet
  facet normal 0.130633 0.991431 0
    outer loop
      vertex 69 14.2 9
      vertex 69.2588 14.1659 4
      vertex 69 14.2 4
    endloop
  endfacet
  facet normal 0.382656 -0.923891 0
    outer loop
      vertex 69.2588 11.2341 4
      vertex 69.5 11.334 9
      vertex 69.2588 11.2341 9
    endloop
  endfacet
  facet normal 0.382656 -0.923891 0
    outer loop
      vertex 69.5 11.334 9
      vertex 69.2588 11.2341 4
      vertex 69.5 11.334 4
    endloop
  endfacet
  facet normal -0.991431 -0.130633 0
    outer loop
      vertex 12.0341 11.9412 4
      vertex 12 12.2 9
      vertex 12 12.2 4
    endloop
  endfacet
  facet normal -0.991431 -0.130633 0
    outer loop
      vertex 12 12.2 9
      vertex 12.0341 11.9412 4
      vertex 12.0341 11.9412 9
    endloop
  endfacet
  facet normal -1 0 0
    outer loop
      vertex 12 12.2 4
      vertex 12 13.2 9
      vertex 12 13.2 4
    endloop
  endfacet
  facet normal -1 -0 0
    outer loop
      vertex 12 13.2 9
      vertex 12 12.2 4
      vertex 12 12.2 9
    endloop
  endfacet
  facet normal 1 -0 0
    outer loop
      vertex 70 12.2 9
      vertex 70 13.2 4
      vertex 70 13.2 9
    endloop
  endfacet
  facet normal 1 0 0
    outer loop
      vertex 70 13.2 4
      vertex 70 12.2 9
      vertex 70 12.2 4
    endloop
  endfacet
  facet normal -0.130633 -0.991431 0
    outer loop
      vertex 12.7412 11.2341 4
      vertex 13 11.2 9
      vertex 12.7412 11.2341 9
    endloop
  endfacet
  facet normal -0.130633 -0.991431 -0
    outer loop
      vertex 13 11.2 9
      vertex 12.7412 11.2341 4
      vertex 13 11.2 4
    endloop
  endfacet
  facet normal -0.608819 0.793309 0
    outer loop
      vertex 12.414 14 4
      vertex 12.5 14.066 9
      vertex 12.5 14.066 4
    endloop
  endfacet
  facet normal -0.608729 0.793378 -2.45177e-06
    outer loop
      vertex 12.5 14.066 9
      vertex 12.414 14 4
      vertex 12.2929 13.9071 9
    endloop
  endfacet
  facet normal -0.608665 0.793427 0
    outer loop
      vertex 12.2929 13.9071 9
      vertex 12.414 14 4
      vertex 12.2929 13.9071 4
    endloop
  endfacet
  facet normal -0.991431 0.130633 0
    outer loop
      vertex 12 13.2 4
      vertex 12.0341 13.4588 9
      vertex 12.0341 13.4588 4
    endloop
  endfacet
  facet normal -0.991431 0.130633 0
    outer loop
      vertex 12.0341 13.4588 9
      vertex 12 13.2 4
      vertex 12 13.2 9
    endloop
  endfacet
  facet normal -0.382656 -0.923891 0
    outer loop
      vertex 12.5 11.334 4
      vertex 12.7412 11.2341 9
      vertex 12.5 11.334 9
    endloop
  endfacet
  facet normal -0.382656 -0.923891 -0
    outer loop
      vertex 12.7412 11.2341 9
      vertex 12.5 11.334 4
      vertex 12.7412 11.2341 4
    endloop
  endfacet
  facet normal -0.793378 -0.608729 0
    outer loop
      vertex 12.2929 11.4929 4
      vertex 12.134 11.7 9
      vertex 12.134 11.7 4
    endloop
  endfacet
  facet normal -0.793378 -0.608729 0
    outer loop
      vertex 12.134 11.7 9
      vertex 12.2929 11.4929 4
      vertex 12.2929 11.4929 9
    endloop
  endfacet
  facet normal 0 0 1
    outer loop
      vertex 69 14.2 9
      vertex 70 13.2 9
      vertex 69.9659 13.4588 9
    endloop
  endfacet
  facet normal 0 0 1
    outer loop
      vertex 70 13.2 9
      vertex 69 14.2 9
      vertex 70 12.2 9
    endloop
  endfacet
  facet normal 0 0 1
    outer loop
      vertex 69 14.2 9
      vertex 69.9659 13.4588 9
      vertex 69.866 13.7 9
    endloop
  endfacet
  facet normal 0 0 1
    outer loop
      vertex 69 11.2 9
      vertex 70 12.2 9
      vertex 69 14.2 9
    endloop
  endfacet
  facet normal 0 0 1
    outer loop
      vertex 69 14.2 9
      vertex 69.866 13.7 9
      vertex 69.7071 13.9071 9
    endloop
  endfacet
  facet normal 0 0 1
    outer loop
      vertex 70 12.2 9
      vertex 69 11.2 9
      vertex 69.9659 11.9412 9
    endloop
  endfacet
  facet normal 0 0 1
    outer loop
      vertex 69 14.2 9
      vertex 69.7071 13.9071 9
      vertex 69.5 14.066 9
    endloop
  endfacet
  facet normal 0 0 1
    outer loop
      vertex 69.9659 11.9412 9
      vertex 69 11.2 9
      vertex 69.866 11.7 9
    endloop
  endfacet
  facet normal 0 0 1
    outer loop
      vertex 69 14.2 9
      vertex 69.5 14.066 9
      vertex 69.2588 14.1659 9
    endloop
  endfacet
  facet normal 0 0 1
    outer loop
      vertex 69.866 11.7 9
      vertex 69 11.2 9
      vertex 69.7071 11.4929 9
    endloop
  endfacet
  facet normal 0 0 1
    outer loop
      vertex 69.7071 11.4929 9
      vertex 69 11.2 9
      vertex 69.5 11.334 9
    endloop
  endfacet
  facet normal 0 0 1
    outer loop
      vertex 69.5 11.334 9
      vertex 69 11.2 9
      vertex 69.2588 11.2341 9
    endloop
  endfacet
  facet normal -0 0 1
    outer loop
      vertex 13 14.2 9
      vertex 69 11.2 9
      vertex 69 14.2 9
    endloop
  endfacet
  facet normal 0 0 1
    outer loop
      vertex 13 14.2 9
      vertex 13 11.2 9
      vertex 69 11.2 9
    endloop
  endfacet
  facet normal 0 0 1
    outer loop
      vertex 12 13.2 9
      vertex 13 14.2 9
      vertex 12.7412 14.1659 9
    endloop
  endfacet
  facet normal 0 0 1
    outer loop
      vertex 13 14.2 9
      vertex 12 13.2 9
      vertex 13 11.2 9
    endloop
  endfacet
  facet normal 0 0 1
    outer loop
      vertex 12 13.2 9
      vertex 12.7412 14.1659 9
      vertex 12.5 14.066 9
    endloop
  endfacet
  facet normal -0 0 1
    outer loop
      vertex 12 12.2 9
      vertex 13 11.2 9
      vertex 12 13.2 9
    endloop
  endfacet
  facet normal 0 0 1
    outer loop
      vertex 12 13.2 9
      vertex 12.5 14.066 9
      vertex 12.2929 13.9071 9
    endloop
  endfacet
  facet normal 0 0 1
    outer loop
      vertex 13 11.2 9
      vertex 12 12.2 9
      vertex 12.7412 11.2341 9
    endloop
  endfacet
  facet normal 0 0 1
    outer loop
      vertex 12 13.2 9
      vertex 12.2929 13.9071 9
      vertex 12.134 13.7 9
    endloop
  endfacet
  facet normal 0 0 1
    outer loop
      vertex 12.7412 11.2341 9
      vertex 12 12.2 9
      vertex 12.5 11.334 9
    endloop
  endfacet
  facet normal 0 0 1
    outer loop
      vertex 12 13.2 9
      vertex 12.134 13.7 9
      vertex 12.0341 13.4588 9
    endloop
  endfacet
  facet normal 0 0 1
    outer loop
      vertex 12.5 11.334 9
      vertex 12 12.2 9
      vertex 12.2929 11.4929 9
    endloop
  endfacet
  facet normal 0 0 1
    outer loop
      vertex 12.2929 11.4929 9
      vertex 12 12.2 9
      vertex 12.134 11.7 9
    endloop
  endfacet
  facet normal 0 0 1
    outer loop
      vertex 12.134 11.7 9
      vertex 12 12.2 9
      vertex 12.0341 11.9412 9
    endloop
  endfacet
  facet normal 0.923891 0.382656 0
    outer loop
      vertex 69.9659 13.4588 9
      vertex 69.866 13.7 4
      vertex 69.866 13.7 9
    endloop
  endfacet
  facet normal 0.923891 0.382656 0
    outer loop
      vertex 69.866 13.7 4
      vertex 69.9659 13.4588 9
      vertex 69.9659 13.4588 4
    endloop
  endfacet
  facet normal -0.923891 0.382656 0
    outer loop
      vertex 12.0341 13.4588 4
      vertex 12.134 13.7 9
      vertex 12.134 13.7 4
    endloop
  endfacet
  facet normal -0.923891 0.382656 0
    outer loop
      vertex 12.134 13.7 9
      vertex 12.0341 13.4588 4
      vertex 12.0341 13.4588 9
    endloop
  endfacet
  facet normal -0.608729 -0.793378 0
    outer loop
      vertex 12.2929 11.4929 4
      vertex 12.5 11.334 9
      vertex 12.2929 11.4929 9
    endloop
  endfacet
  facet normal -0.608729 -0.793378 -0
    outer loop
      vertex 12.5 11.334 9
      vertex 12.2929 11.4929 4
      vertex 12.5 11.334 4
    endloop
  endfacet
  facet normal 0 -1 0
    outer loop
      vertex 13 47.8 4
      vertex 69 47.8 9
      vertex 13 47.8 9
    endloop
  endfacet
  facet normal 0 -1 -0
    outer loop
      vertex 69 47.8 9
      vertex 13 47.8 4
      vertex 69 47.8 4
    endloop
  endfacet
  facet normal -0.130633 0.991431 0
    outer loop
      vertex 13 50.8 4
      vertex 12.7412 50.7659 9
      vertex 13 50.8 9
    endloop
  endfacet
  facet normal -0.130633 0.991431 0
    outer loop
      vertex 12.7412 50.7659 9
      vertex 13 50.8 4
      vertex 12.7412 50.7659 4
    endloop
  endfacet
  facet normal -0.793378 0.608729 0
    outer loop
      vertex 12.134 50.3 4
      vertex 12.2929 50.5071 9
      vertex 12.2929 50.5071 4
    endloop
  endfacet
  facet normal -0.793378 0.608729 0
    outer loop
      vertex 12.2929 50.5071 9
      vertex 12.134 50.3 4
      vertex 12.134 50.3 9
    endloop
  endfacet
  facet normal 0 1 -0
    outer loop
      vertex 69 50.8 4
      vertex 13 50.8 9
      vertex 69 50.8 9
    endloop
  endfacet
  facet normal 0 1 0
    outer loop
      vertex 13 50.8 9
      vertex 69 50.8 4
      vertex 13 50.8 4
    endloop
  endfacet
  facet normal -0.608729 0.793378 0
    outer loop
      vertex 12.5 50.666 4
      vertex 12.2929 50.5071 9
      vertex 12.5 50.666 9
    endloop
  endfacet
  facet normal -0.608729 0.793378 0
    outer loop
      vertex 12.2929 50.5071 9
      vertex 12.5 50.666 4
      vertex 12.2929 50.5071 4
    endloop
  endfacet
  facet normal 0.382656 -0.923891 0
    outer loop
      vertex 69.2588 47.8341 4
      vertex 69.5 47.934 9
      vertex 69.2588 47.8341 9
    endloop
  endfacet
  facet normal 0.382656 -0.923891 0
    outer loop
      vertex 69.5 47.934 9
      vertex 69.2588 47.8341 4
      vertex 69.5 47.934 4
    endloop
  endfacet
  facet normal -0.382656 0.923891 0
    outer loop
      vertex 12.7412 50.7659 4
      vertex 12.5 50.666 9
      vertex 12.7412 50.7659 9
    endloop
  endfacet
  facet normal -0.382656 0.923891 0
    outer loop
      vertex 12.5 50.666 9
      vertex 12.7412 50.7659 4
      vertex 12.5 50.666 4
    endloop
  endfacet
  facet normal 0.793378 0.608729 0
    outer loop
      vertex 69.866 50.3 9
      vertex 69.7071 50.5071 4
      vertex 69.7071 50.5071 9
    endloop
  endfacet
  facet normal 0.793378 0.608729 0
    outer loop
      vertex 69.7071 50.5071 4
      vertex 69.866 50.3 9
      vertex 69.866 50.3 4
    endloop
  endfacet
  facet normal 0.991431 0.130633 0
    outer loop
      vertex 70 49.8 9
      vertex 69.9659 50.0588 4
      vertex 69.9659 50.0588 9
    endloop
  endfacet
  facet normal 0.991431 0.130633 0
    outer loop
      vertex 69.9659 50.0588 4
      vertex 70 49.8 9
      vertex 70 49.8 4
    endloop
  endfacet
  facet normal -0.923891 -0.382656 0
    outer loop
      vertex 12.134 48.3 4
      vertex 12.0341 48.5412 9
      vertex 12.0341 48.5412 4
    endloop
  endfacet
  facet normal -0.923891 -0.382656 0
    outer loop
      vertex 12.0341 48.5412 9
      vertex 12.134 48.3 4
      vertex 12.134 48.3 9
    endloop
  endfacet
  facet normal -0.923891 0.382656 0
    outer loop
      vertex 12.0341 50.0588 4
      vertex 12.134 50.3 9
      vertex 12.134 50.3 4
    endloop
  endfacet
  facet normal -0.923891 0.382656 0
    outer loop
      vertex 12.134 50.3 9
      vertex 12.0341 50.0588 4
      vertex 12.0341 50.0588 9
    endloop
  endfacet
  facet normal 0.923891 -0.382656 0
    outer loop
      vertex 69.866 48.3 9
      vertex 69.9659 48.5412 4
      vertex 69.9659 48.5412 9
    endloop
  endfacet
  facet normal 0.923891 -0.382656 0
    outer loop
      vertex 69.9659 48.5412 4
      vertex 69.866 48.3 9
      vertex 69.866 48.3 4
    endloop
  endfacet
  facet normal -0.991431 -0.130633 0
    outer loop
      vertex 12.0341 48.5412 4
      vertex 12 48.8 9
      vertex 12 48.8 4
    endloop
  endfacet
  facet normal -0.991431 -0.130633 0
    outer loop
      vertex 12 48.8 9
      vertex 12.0341 48.5412 4
      vertex 12.0341 48.5412 9
    endloop
  endfacet
  facet normal 0.382656 0.923891 -0
    outer loop
      vertex 69.5 50.666 4
      vertex 69.2588 50.7659 9
      vertex 69.5 50.666 9
    endloop
  endfacet
  facet normal 0.382656 0.923891 0
    outer loop
      vertex 69.2588 50.7659 9
      vertex 69.5 50.666 4
      vertex 69.2588 50.7659 4
    endloop
  endfacet
  facet normal 0.130633 0.991431 -0
    outer loop
      vertex 69.2588 50.7659 4
      vertex 69 50.8 9
      vertex 69.2588 50.7659 9
    endloop
  endfacet
  facet normal 0.130633 0.991431 0
    outer loop
      vertex 69 50.8 9
      vertex 69.2588 50.7659 4
      vertex 69 50.8 4
    endloop
  endfacet
  facet normal 0.793378 -0.608729 0
    outer loop
      vertex 69.7071 48.0929 9
      vertex 69.866 48.3 4
      vertex 69.866 48.3 9
    endloop
  endfacet
  facet normal 0.793378 -0.608729 0
    outer loop
      vertex 69.866 48.3 4
      vertex 69.7071 48.0929 9
      vertex 69.7071 48.0929 4
    endloop
  endfacet
  facet normal 0.991431 -0.130633 0
    outer loop
      vertex 69.9659 48.5412 9
      vertex 70 48.8 4
      vertex 70 48.8 9
    endloop
  endfacet
  facet normal 0.991431 -0.130633 0
    outer loop
      vertex 70 48.8 4
      vertex 69.9659 48.5412 9
      vertex 69.9659 48.5412 4
    endloop
  endfacet
  facet normal -0.793378 -0.608729 0
    outer loop
      vertex 12.2929 48.0929 4
      vertex 12.134 48.3 9
      vertex 12.134 48.3 4
    endloop
  endfacet
  facet normal -0.793378 -0.608729 0
    outer loop
      vertex 12.134 48.3 9
      vertex 12.2929 48.0929 4
      vertex 12.2929 48.0929 9
    endloop
  endfacet
  facet normal 0.608729 0.793378 -0
    outer loop
      vertex 69.7071 50.5071 4
      vertex 69.5 50.666 9
      vertex 69.7071 50.5071 9
    endloop
  endfacet
  facet normal 0.608729 0.793378 0
    outer loop
      vertex 69.5 50.666 9
      vertex 69.7071 50.5071 4
      vertex 69.5 50.666 4
    endloop
  endfacet
  facet normal -0.991431 0.130633 0
    outer loop
      vertex 12 49.8 4
      vertex 12.0341 50.0588 9
      vertex 12.0341 50.0588 4
    endloop
  endfacet
  facet normal -0.991431 0.130633 0
    outer loop
      vertex 12.0341 50.0588 9
      vertex 12 49.8 4
      vertex 12 49.8 9
    endloop
  endfacet
  facet normal 0.130633 -0.991431 0
    outer loop
      vertex 69 47.8 4
      vertex 69.2588 47.8341 9
      vertex 69 47.8 9
    endloop
  endfacet
  facet normal 0.130633 -0.991431 0
    outer loop
      vertex 69.2588 47.8341 9
      vertex 69 47.8 4
      vertex 69.2588 47.8341 4
    endloop
  endfacet
  facet normal -1 0 0
    outer loop
      vertex 12 48.8 4
      vertex 12 49.8 9
      vertex 12 49.8 4
    endloop
  endfacet
  facet normal -1 -0 0
    outer loop
      vertex 12 49.8 9
      vertex 12 48.8 4
      vertex 12 48.8 9
    endloop
  endfacet
  facet normal 0.608613 -0.793467 0
    outer loop
      vertex 69.5734 47.9903 4
      vertex 69.5 47.934 9
      vertex 69.5 47.934 4
    endloop
  endfacet
  facet normal 0.608729 -0.793378 2.70461e-06
    outer loop
      vertex 69.5 47.934 9
      vertex 69.5734 47.9903 4
      vertex 69.7071 48.0929 9
    endloop
  endfacet
  facet normal 0.608793 -0.793329 0
    outer loop
      vertex 69.7071 48.0929 9
      vertex 69.5734 47.9903 4
      vertex 69.7071 48.0929 4
    endloop
  endfacet
  facet normal 1 -0 0
    outer loop
      vertex 70 48.8 9
      vertex 70 49.8 4
      vertex 70 49.8 9
    endloop
  endfacet
  facet normal 1 0 0
    outer loop
      vertex 70 49.8 4
      vertex 70 48.8 9
      vertex 70 48.8 4
    endloop
  endfacet
  facet normal 0.923891 0.382656 0
    outer loop
      vertex 69.9659 50.0588 9
      vertex 69.866 50.3 4
      vertex 69.866 50.3 9
    endloop
  endfacet
  facet normal 0.923891 0.382656 0
    outer loop
      vertex 69.866 50.3 4
      vertex 69.9659 50.0588 9
      vertex 69.9659 50.0588 4
    endloop
  endfacet
  facet normal 0 0 1
    outer loop
      vertex 69 50.8 9
      vertex 70 49.8 9
      vertex 69.9659 50.0588 9
    endloop
  endfacet
  facet normal 0 0 1
    outer loop
      vertex 70 49.8 9
      vertex 69 50.8 9
      vertex 70 48.8 9
    endloop
  endfacet
  facet normal 0 0 1
    outer loop
      vertex 69 50.8 9
      vertex 69.9659 50.0588 9
      vertex 69.866 50.3 9
    endloop
  endfacet
  facet normal 0 0 1
    outer loop
      vertex 69 47.8 9
      vertex 70 48.8 9
      vertex 69 50.8 9
    endloop
  endfacet
  facet normal 0 0 1
    outer loop
      vertex 69 50.8 9
      vertex 69.866 50.3 9
      vertex 69.7071 50.5071 9
    endloop
  endfacet
  facet normal 0 0 1
    outer loop
      vertex 70 48.8 9
      vertex 69 47.8 9
      vertex 69.9659 48.5412 9
    endloop
  endfacet
  facet normal 0 0 1
    outer loop
      vertex 69 50.8 9
      vertex 69.7071 50.5071 9
      vertex 69.5 50.666 9
    endloop
  endfacet
  facet normal 0 0 1
    outer loop
      vertex 69.9659 48.5412 9
      vertex 69 47.8 9
      vertex 69.866 48.3 9
    endloop
  endfacet
  facet normal 0 0 1
    outer loop
      vertex 69 50.8 9
      vertex 69.5 50.666 9
      vertex 69.2588 50.7659 9
    endloop
  endfacet
  facet normal 0 0 1
    outer loop
      vertex 69.866 48.3 9
      vertex 69 47.8 9
      vertex 69.7071 48.0929 9
    endloop
  endfacet
  facet normal 0 0 1
    outer loop
      vertex 69.7071 48.0929 9
      vertex 69 47.8 9
      vertex 69.5 47.934 9
    endloop
  endfacet
  facet normal 0 0 1
    outer loop
      vertex 69.5 47.934 9
      vertex 69 47.8 9
      vertex 69.2588 47.8341 9
    endloop
  endfacet
  facet normal -0 0 1
    outer loop
      vertex 13 50.8 9
      vertex 69 47.8 9
      vertex 69 50.8 9
    endloop
  endfacet
  facet normal 0 0 1
    outer loop
      vertex 13 50.8 9
      vertex 13 47.8 9
      vertex 69 47.8 9
    endloop
  endfacet
  facet normal 0 0 1
    outer loop
      vertex 12 49.8 9
      vertex 13 50.8 9
      vertex 12.7412 50.7659 9
    endloop
  endfacet
  facet normal 0 0 1
    outer loop
      vertex 13 50.8 9
      vertex 12 49.8 9
      vertex 13 47.8 9
    endloop
  endfacet
  facet normal 0 0 1
    outer loop
      vertex 12 49.8 9
      vertex 12.7412 50.7659 9
      vertex 12.5 50.666 9
    endloop
  endfacet
  facet normal -0 0 1
    outer loop
      vertex 12 48.8 9
      vertex 13 47.8 9
      vertex 12 49.8 9
    endloop
  endfacet
  facet normal 0 0 1
    outer loop
      vertex 12 49.8 9
      vertex 12.5 50.666 9
      vertex 12.2929 50.5071 9
    endloop
  endfacet
  facet normal 0 0 1
    outer loop
      vertex 13 47.8 9
      vertex 12 48.8 9
      vertex 12.7412 47.8341 9
    endloop
  endfacet
  facet normal 0 0 1
    outer loop
      vertex 12 49.8 9
      vertex 12.2929 50.5071 9
      vertex 12.134 50.3 9
    endloop
  endfacet
  facet normal 0 0 1
    outer loop
      vertex 12.7412 47.8341 9
      vertex 12 48.8 9
      vertex 12.5 47.934 9
    endloop
  endfacet
  facet normal 0 0 1
    outer loop
      vertex 12 49.8 9
      vertex 12.134 50.3 9
      vertex 12.0341 50.0588 9
    endloop
  endfacet
  facet normal 0 0 1
    outer loop
      vertex 12.5 47.934 9
      vertex 12 48.8 9
      vertex 12.2929 48.0929 9
    endloop
  endfacet
  facet normal 0 0 1
    outer loop
      vertex 12.2929 48.0929 9
      vertex 12 48.8 9
      vertex 12.134 48.3 9
    endloop
  endfacet
  facet normal 0 0 1
    outer loop
      vertex 12.134 48.3 9
      vertex 12 48.8 9
      vertex 12.0341 48.5412 9
    endloop
  endfacet
  facet normal -0.608665 -0.793427 0
    outer loop
      vertex 12.414 48 4
      vertex 12.2929 48.0929 9
      vertex 12.2929 48.0929 4
    endloop
  endfacet
  facet normal -0.608729 -0.793378 -2.45177e-06
    outer loop
      vertex 12.2929 48.0929 9
      vertex 12.414 48 4
      vertex 12.5 47.934 9
    endloop
  endfacet
  facet normal -0.608819 -0.793309 -0
    outer loop
      vertex 12.5 47.934 9
      vertex 12.414 48 4
      vertex 12.5 47.934 4
    endloop
  endfacet
  facet normal -0.382656 -0.923891 0
    outer loop
      vertex 12.5 47.934 4
      vertex 12.7412 47.8341 9
      vertex 12.5 47.934 9
    endloop
  endfacet
  facet normal -0.382656 -0.923891 -0
    outer loop
      vertex 12.7412 47.8341 9
      vertex 12.5 47.934 4
      vertex 12.7412 47.8341 4
    endloop
  endfacet
  facet normal -0.130633 -0.991431 0
    outer loop
      vertex 12.7412 47.8341 4
      vertex 13 47.8 9
      vertex 12.7412 47.8341 9
    endloop
  endfacet
  facet normal -0.130633 -0.991431 -0
    outer loop
      vertex 13 47.8 9
      vertex 12.7412 47.8341 4
      vertex 13 47.8 4
    endloop
  endfacet
  facet normal 0.471356 0.881943 -0
    outer loop
      vertex 6.72228 20.3259 3
      vertex 6.03073 20.6955 10.6
      vertex 6.72228 20.3259 10.6
    endloop
  endfacet
  facet normal 0.471356 0.881943 0
    outer loop
      vertex 6.03073 20.6955 10.6
      vertex 6.72228 20.3259 3
      vertex 6.03073 20.6955 3
    endloop
  endfacet
  facet normal 0.956934 0.290307 0
    outer loop
      vertex 8.42314 17.7804 10.6
      vertex 8.19552 18.5307 3
      vertex 8.19552 18.5307 10.6
    endloop
  endfacet
  facet normal 0.956934 0.290307 0
    outer loop
      vertex 8.19552 18.5307 3
      vertex 8.42314 17.7804 10.6
      vertex 8.42314 17.7804 3
    endloop
  endfacet
  facet normal 0.995185 0.0980137 0
    outer loop
      vertex 8.5 17 10.6
      vertex 8.42314 17.7804 3
      vertex 8.42314 17.7804 10.6
    endloop
  endfacet
  facet normal 0.995185 0.0980137 0
    outer loop
      vertex 8.42314 17.7804 3
      vertex 8.5 17 10.6
      vertex 8.5 17 3
    endloop
  endfacet
  facet normal 0.881936 0.471369 0
    outer loop
      vertex 8.19552 18.5307 10.6
      vertex 7.82588 19.2223 3
      vertex 7.82588 19.2223 10.6
    endloop
  endfacet
  facet normal 0.881936 0.471369 0
    outer loop
      vertex 7.82588 19.2223 3
      vertex 8.19552 18.5307 10.6
      vertex 8.19552 18.5307 3
    endloop
  endfacet
  facet normal 0.0980692 0.99518 -0
    outer loop
      vertex 5.28036 20.9231 3
      vertex 4.5 21 10.6
      vertex 5.28036 20.9231 10.6
    endloop
  endfacet
  facet normal 0.0980692 0.99518 0
    outer loop
      vertex 4.5 21 10.6
      vertex 5.28036 20.9231 3
      vertex 4.5 21 3
    endloop
  endfacet
  facet normal 0.0980692 -0.99518 0
    outer loop
      vertex 4.5 13 3
      vertex 5.28036 13.0769 10.6
      vertex 4.5 13 10.6
    endloop
  endfacet
  facet normal 0.0980692 -0.99518 0
    outer loop
      vertex 5.28036 13.0769 10.6
      vertex 4.5 13 3
      vertex 5.28036 13.0769 3
    endloop
  endfacet
  facet normal 0.290259 0.956948 -0
    outer loop
      vertex 6.03073 20.6955 3
      vertex 5.28036 20.9231 10.6
      vertex 6.03073 20.6955 10.6
    endloop
  endfacet
  facet normal 0.290259 0.956948 0
    outer loop
      vertex 5.28036 20.9231 10.6
      vertex 6.03073 20.6955 3
      vertex 5.28036 20.9231 3
    endloop
  endfacet
  facet normal 0.634428 0.772982 -0
    outer loop
      vertex 7.32843 19.8284 3
      vertex 6.72228 20.3259 10.6
      vertex 7.32843 19.8284 10.6
    endloop
  endfacet
  facet normal 0.634428 0.772982 0
    outer loop
      vertex 6.72228 20.3259 10.6
      vertex 7.32843 19.8284 3
      vertex 6.72228 20.3259 3
    endloop
  endfacet
  facet normal 0.772988 -0.634421 0
    outer loop
      vertex 7.32843 14.1716 10.6
      vertex 7.82588 14.7777 3
      vertex 7.82588 14.7777 10.6
    endloop
  endfacet
  facet normal 0.772988 -0.634421 0
    outer loop
      vertex 7.82588 14.7777 3
      vertex 7.32843 14.1716 10.6
      vertex 7.32843 14.1716 3
    endloop
  endfacet
  facet normal 0.471356 -0.881943 0
    outer loop
      vertex 6.03073 13.3045 3
      vertex 6.72228 13.6741 10.6
      vertex 6.03073 13.3045 10.6
    endloop
  endfacet
  facet normal 0.471356 -0.881943 0
    outer loop
      vertex 6.72228 13.6741 10.6
      vertex 6.03073 13.3045 3
      vertex 6.72228 13.6741 3
    endloop
  endfacet
  facet normal 0.995185 -0.0980137 0
    outer loop
      vertex 8.42314 16.2196 10.6
      vertex 8.5 17 3
      vertex 8.5 17 10.6
    endloop
  endfacet
  facet normal 0.995185 -0.0980137 0
    outer loop
      vertex 8.5 17 3
      vertex 8.42314 16.2196 10.6
      vertex 8.42314 16.2196 3
    endloop
  endfacet
  facet normal -0.290284 0.95694 0
    outer loop
      vertex 3.71964 20.9231 3
      vertex 3 20.7048 10.6
      vertex 3.71964 20.9231 10.6
    endloop
  endfacet
  facet normal -0.290284 0.95694 0
    outer loop
      vertex 3 20.7048 10.6
      vertex 3.71964 20.9231 3
      vertex 3 20.7048 3
    endloop
  endfacet
  facet normal -0.0980692 -0.99518 0
    outer loop
      vertex 3.71964 13.0769 3
      vertex 4.5 13 10.6
      vertex 3.71964 13.0769 10.6
    endloop
  endfacet
  facet normal -0.0980692 -0.99518 -0
    outer loop
      vertex 4.5 13 10.6
      vertex 3.71964 13.0769 3
      vertex 4.5 13 3
    endloop
  endfacet
  facet normal 0.290259 -0.956948 0
    outer loop
      vertex 5.28036 13.0769 3
      vertex 6.03073 13.3045 10.6
      vertex 5.28036 13.0769 10.6
    endloop
  endfacet
  facet normal 0.290259 -0.956948 0
    outer loop
      vertex 6.03073 13.3045 10.6
      vertex 5.28036 13.0769 3
      vertex 6.03073 13.3045 3
    endloop
  endfacet
  facet normal 0 0 1
    outer loop
      vertex 6.8 17 10.6
      vertex 8.5 17 10.6
      vertex 8.42314 17.7804 10.6
    endloop
  endfacet
  facet normal 0 0 1
    outer loop
      vertex 6.72163 17.5953 10.6
      vertex 8.42314 17.7804 10.6
      vertex 8.19552 18.5307 10.6
    endloop
  endfacet
  facet normal 0 0 1
    outer loop
      vertex 8.5 17 10.6
      vertex 6.8 17 10.6
      vertex 8.42314 16.2196 10.6
    endloop
  endfacet
  facet normal 0 0 1
    outer loop
      vertex 6.49186 18.15 10.6
      vertex 8.19552 18.5307 10.6
      vertex 7.82588 19.2223 10.6
    endloop
  endfacet
  facet normal -0 0 1
    outer loop
      vertex 6.72163 16.4047 10.6
      vertex 8.42314 16.2196 10.6
      vertex 6.8 17 10.6
    endloop
  endfacet
  facet normal 0 0 1
    outer loop
      vertex 6.12634 18.6263 10.6
      vertex 7.82588 19.2223 10.6
      vertex 7.32843 19.8284 10.6
    endloop
  endfacet
  facet normal 0 0 1
    outer loop
      vertex 8.42314 16.2196 10.6
      vertex 6.72163 16.4047 10.6
      vertex 8.19552 15.4693 10.6
    endloop
  endfacet
  facet normal -0 0 1
    outer loop
      vertex 6.49186 15.85 10.6
      vertex 8.19552 15.4693 10.6
      vertex 6.72163 16.4047 10.6
    endloop
  endfacet
  facet normal 0 0 1
    outer loop
      vertex 6.12634 18.6263 10.6
      vertex 7.32843 19.8284 10.6
      vertex 6.72228 20.3259 10.6
    endloop
  endfacet
  facet normal 0 0 1
    outer loop
      vertex 8.42314 17.7804 10.6
      vertex 6.72163 17.5953 10.6
      vertex 6.8 17 10.6
    endloop
  endfacet
  facet normal 0 0 1
    outer loop
      vertex 8.19552 18.5307 10.6
      vertex 6.49186 18.15 10.6
      vertex 6.72163 17.5953 10.6
    endloop
  endfacet
  facet normal 0 0 1
    outer loop
      vertex 7.82588 19.2223 10.6
      vertex 6.12634 18.6263 10.6
      vertex 6.49186 18.15 10.6
    endloop
  endfacet
  facet normal 0 0 1
    outer loop
      vertex 5.65 18.9919 10.6
      vertex 6.72228 20.3259 10.6
      vertex 6.03073 20.6955 10.6
    endloop
  endfacet
  facet normal 0 0 1
    outer loop
      vertex 6.72228 20.3259 10.6
      vertex 5.65 18.9919 10.6
      vertex 6.12634 18.6263 10.6
    endloop
  endfacet
  facet normal 0 0 1
    outer loop
      vertex 5.09528 19.2216 10.6
      vertex 6.03073 20.6955 10.6
      vertex 5.28036 20.9231 10.6
    endloop
  endfacet
  facet normal 0 0 1
    outer loop
      vertex 6.03073 20.6955 10.6
      vertex 5.09528 19.2216 10.6
      vertex 5.65 18.9919 10.6
    endloop
  endfacet
  facet normal 0 0 1
    outer loop
      vertex 4.5 19.3 10.6
      vertex 5.28036 20.9231 10.6
      vertex 4.5 21 10.6
    endloop
  endfacet
  facet normal 0 0 1
    outer loop
      vertex 5.28036 20.9231 10.6
      vertex 4.5 19.3 10.6
      vertex 5.09528 19.2216 10.6
    endloop
  endfacet
  facet normal -0 0 1
    outer loop
      vertex 3.71964 20.9231 10.6
      vertex 4.5 19.3 10.6
      vertex 4.5 21 10.6
    endloop
  endfacet
  facet normal 0 0 1
    outer loop
      vertex 4.5 19.3 10.6
      vertex 3.71964 20.9231 10.6
      vertex 3.90472 19.2216 10.6
    endloop
  endfacet
  facet normal -0 0 1
    outer loop
      vertex 3 20.7048 10.6
      vertex 3.90472 19.2216 10.6
      vertex 3.71964 20.9231 10.6
    endloop
  endfacet
  facet normal 0 0 1
    outer loop
      vertex 3.90472 19.2216 10.6
      vertex 3 20.7048 10.6
      vertex 3.35 18.9919 10.6
    endloop
  endfacet
  facet normal 0 0 1
    outer loop
      vertex 3.35 18.9919 10.6
      vertex 3 20.7048 10.6
      vertex 3 18.7233 10.6
    endloop
  endfacet
  facet normal 0 0 1
    outer loop
      vertex 8.19552 15.4693 10.6
      vertex 6.49186 15.85 10.6
      vertex 7.82588 14.7777 10.6
    endloop
  endfacet
  facet normal -0 0 1
    outer loop
      vertex 6.12634 15.3737 10.6
      vertex 7.82588 14.7777 10.6
      vertex 6.49186 15.85 10.6
    endloop
  endfacet
  facet normal 0 0 1
    outer loop
      vertex 7.82588 14.7777 10.6
      vertex 6.12634 15.3737 10.6
      vertex 7.32843 14.1716 10.6
    endloop
  endfacet
  facet normal 0 0 1
    outer loop
      vertex 7.32843 14.1716 10.6
      vertex 6.12634 15.3737 10.6
      vertex 6.72228 13.6741 10.6
    endloop
  endfacet
  facet normal -0 0 1
    outer loop
      vertex 5.65 15.0081 10.6
      vertex 6.72228 13.6741 10.6
      vertex 6.12634 15.3737 10.6
    endloop
  endfacet
  facet normal 0 0 1
    outer loop
      vertex 6.72228 13.6741 10.6
      vertex 5.65 15.0081 10.6
      vertex 6.03073 13.3045 10.6
    endloop
  endfacet
  facet normal -0 0 1
    outer loop
      vertex 5.09528 14.7784 10.6
      vertex 6.03073 13.3045 10.6
      vertex 5.65 15.0081 10.6
    endloop
  endfacet
  facet normal 0 0 1
    outer loop
      vertex 6.03073 13.3045 10.6
      vertex 5.09528 14.7784 10.6
      vertex 5.28036 13.0769 10.6
    endloop
  endfacet
  facet normal -0 0 1
    outer loop
      vertex 4.5 14.7 10.6
      vertex 5.28036 13.0769 10.6
      vertex 5.09528 14.7784 10.6
    endloop
  endfacet
  facet normal 0 0 1
    outer loop
      vertex 4.5 14.7 10.6
      vertex 4.5 13 10.6
      vertex 5.28036 13.0769 10.6
    endloop
  endfacet
  facet normal 0 0 1
    outer loop
      vertex 3.71964 13.0769 10.6
      vertex 4.5 14.7 10.6
      vertex 3.90472 14.7784 10.6
    endloop
  endfacet
  facet normal 0 0 1
    outer loop
      vertex 4.5 14.7 10.6
      vertex 3.71964 13.0769 10.6
      vertex 4.5 13 10.6
    endloop
  endfacet
  facet normal 0 0 1
    outer loop
      vertex 3 13.2952 10.6
      vertex 3.90472 14.7784 10.6
      vertex 3.35 15.0081 10.6
    endloop
  endfacet
  facet normal 0 0 1
    outer loop
      vertex 3 13.2952 10.6
      vertex 3.35 15.0081 10.6
      vertex 3 15.2767 10.6
    endloop
  endfacet
  facet normal 0 0 1
    outer loop
      vertex 3.90472 14.7784 10.6
      vertex 3 13.2952 10.6
      vertex 3.71964 13.0769 10.6
    endloop
  endfacet
  facet normal -0.290284 -0.95694 0
    outer loop
      vertex 3 13.2952 3
      vertex 3.71964 13.0769 10.6
      vertex 3 13.2952 10.6
    endloop
  endfacet
  facet normal -0.290284 -0.95694 -0
    outer loop
      vertex 3.71964 13.0769 10.6
      vertex 3 13.2952 3
      vertex 3.71964 13.0769 3
    endloop
  endfacet
  facet normal 0.956934 -0.290307 0
    outer loop
      vertex 8.19552 15.4693 10.6
      vertex 8.42314 16.2196 3
      vertex 8.42314 16.2196 10.6
    endloop
  endfacet
  facet normal 0.956934 -0.290307 0
    outer loop
      vertex 8.42314 16.2196 3
      vertex 8.19552 15.4693 10.6
      vertex 8.19552 15.4693 3
    endloop
  endfacet
  facet normal 0.772988 0.634421 0
    outer loop
      vertex 7.82588 19.2223 10.6
      vertex 7.32843 19.8284 3
      vertex 7.32843 19.8284 10.6
    endloop
  endfacet
  facet normal 0.772988 0.634421 0
    outer loop
      vertex 7.32843 19.8284 3
      vertex 7.82588 19.2223 10.6
      vertex 7.82588 19.2223 3
    endloop
  endfacet
  facet normal 0.634428 -0.772982 0
    outer loop
      vertex 6.72228 13.6741 3
      vertex 7.32843 14.1716 10.6
      vertex 6.72228 13.6741 10.6
    endloop
  endfacet
  facet normal 0.634428 -0.772982 0
    outer loop
      vertex 7.32843 14.1716 10.6
      vertex 6.72228 13.6741 3
      vertex 7.32843 14.1716 3
    endloop
  endfacet
  facet normal -0.0980692 0.99518 0
    outer loop
      vertex 4.5 21 3
      vertex 3.71964 20.9231 10.6
      vertex 4.5 21 10.6
    endloop
  endfacet
  facet normal -0.0980692 0.99518 0
    outer loop
      vertex 3.71964 20.9231 10.6
      vertex 4.5 21 3
      vertex 3.71964 20.9231 3
    endloop
  endfacet
  facet normal 0.881936 -0.471369 0
    outer loop
      vertex 7.82588 14.7777 10.6
      vertex 8.19552 15.4693 3
      vertex 8.19552 15.4693 10.6
    endloop
  endfacet
  facet normal 0.881936 -0.471369 0
    outer loop
      vertex 8.19552 15.4693 3
      vertex 7.82588 14.7777 10.6
      vertex 7.82588 14.7777 3
    endloop
  endfacet
  facet normal -0.923876 -0.382692 0
    outer loop
      vertex 6.72163 17.5953 4.11
      vertex 6.49186 18.15 10.6
      vertex 6.49186 18.15 4.11
    endloop
  endfacet
  facet normal -0.923876 -0.382692 0
    outer loop
      vertex 6.49186 18.15 10.6
      vertex 6.72163 17.5953 4.11
      vertex 6.72163 17.5953 10.6
    endloop
  endfacet
  facet normal -0.991445 -0.130522 0
    outer loop
      vertex 6.8 17 4.11
      vertex 6.72163 17.5953 10.6
      vertex 6.72163 17.5953 4.11
    endloop
  endfacet
  facet normal -0.991445 -0.130522 0
    outer loop
      vertex 6.72163 17.5953 10.6
      vertex 6.8 17 4.11
      vertex 6.8 17 10.6
    endloop
  endfacet
  facet normal -0.991445 0.130522 0
    outer loop
      vertex 6.72163 16.4047 4.11
      vertex 6.8 17 10.6
      vertex 6.8 17 4.11
    endloop
  endfacet
  facet normal -0.991445 0.130522 0
    outer loop
      vertex 6.8 17 10.6
      vertex 6.72163 16.4047 4.11
      vertex 6.72163 16.4047 10.6
    endloop
  endfacet
  facet normal -0.38258 0.923922 0
    outer loop
      vertex 5.65 15.0081 4.11
      vertex 5.09528 14.7784 10.6
      vertex 5.65 15.0081 10.6
    endloop
  endfacet
  facet normal -0.38258 0.923922 0
    outer loop
      vertex 5.09528 14.7784 10.6
      vertex 5.65 15.0081 4.11
      vertex 5.09528 14.7784 4.11
    endloop
  endfacet
  facet normal 0 0 1
    outer loop
      vertex 6.72163 17.5953 4.11
      vertex 6.72163 16.4047 4.11
      vertex 6.8 17 4.11
    endloop
  endfacet
  facet normal 0 0 1
    outer loop
      vertex 6.49186 18.15 4.11
      vertex 6.72163 16.4047 4.11
      vertex 6.72163 17.5953 4.11
    endloop
  endfacet
  facet normal 0 0 1
    outer loop
      vertex 6.49186 18.15 4.11
      vertex 6.49186 15.85 4.11
      vertex 6.72163 16.4047 4.11
    endloop
  endfacet
  facet normal 0 0 1
    outer loop
      vertex 6.12634 18.6263 4.11
      vertex 6.49186 15.85 4.11
      vertex 6.49186 18.15 4.11
    endloop
  endfacet
  facet normal 0 0 1
    outer loop
      vertex 6.12634 18.6263 4.11
      vertex 6.12634 15.3737 4.11
      vertex 6.49186 15.85 4.11
    endloop
  endfacet
  facet normal 0 0 1
    outer loop
      vertex 5.65 18.9919 4.11
      vertex 6.12634 15.3737 4.11
      vertex 6.12634 18.6263 4.11
    endloop
  endfacet
  facet normal 0 0 1
    outer loop
      vertex 5.65 18.9919 4.11
      vertex 5.65 15.0081 4.11
      vertex 6.12634 15.3737 4.11
    endloop
  endfacet
  facet normal 0 0 1
    outer loop
      vertex 5.09528 19.2216 4.11
      vertex 5.65 15.0081 4.11
      vertex 5.65 18.9919 4.11
    endloop
  endfacet
  facet normal 0 0 1
    outer loop
      vertex 5.09528 19.2216 4.11
      vertex 5.09528 14.7784 4.11
      vertex 5.65 15.0081 4.11
    endloop
  endfacet
  facet normal 0 0 1
    outer loop
      vertex 4.5 19.3 4.11
      vertex 5.09528 14.7784 4.11
      vertex 5.09528 19.2216 4.11
    endloop
  endfacet
  facet normal -0 0 1
    outer loop
      vertex 3 18.7233 4.11
      vertex 5.09528 14.7784 4.11
      vertex 4.5 19.3 4.11
    endloop
  endfacet
  facet normal 0 0 1
    outer loop
      vertex 3 18.7233 4.11
      vertex 4.5 19.3 4.11
      vertex 3.90472 19.2216 4.11
    endloop
  endfacet
  facet normal 0 0 1
    outer loop
      vertex 5.09528 14.7784 4.11
      vertex 3 18.7233 4.11
      vertex 4.5 14.7 4.11
    endloop
  endfacet
  facet normal 0 0 1
    outer loop
      vertex 3 18.7233 4.11
      vertex 3.90472 19.2216 4.11
      vertex 3.35 18.9919 4.11
    endloop
  endfacet
  facet normal -0 0 1
    outer loop
      vertex 3 15.2767 4.11
      vertex 4.5 14.7 4.11
      vertex 3 18.7233 4.11
    endloop
  endfacet
  facet normal 0 0 1
    outer loop
      vertex 4.5 14.7 4.11
      vertex 3 15.2767 4.11
      vertex 3.90472 14.7784 4.11
    endloop
  endfacet
  facet normal 0 0 1
    outer loop
      vertex 3.90472 14.7784 4.11
      vertex 3 15.2767 4.11
      vertex 3.35 15.0081 4.11
    endloop
  endfacet
  facet normal 0.608812 -0.793314 0
    outer loop
      vertex 3 18.7233 4.11
      vertex 3.35 18.9919 10.6
      vertex 3 18.7233 10.6
    endloop
  endfacet
  facet normal 0.608812 -0.793314 0
    outer loop
      vertex 3.35 18.9919 10.6
      vertex 3 18.7233 4.11
      vertex 3.35 18.9919 4.11
    endloop
  endfacet
  facet normal -0.130575 0.991438 0
    outer loop
      vertex 5.09528 14.7784 4.11
      vertex 4.5 14.7 10.6
      vertex 5.09528 14.7784 10.6
    endloop
  endfacet
  facet normal -0.130575 0.991438 0
    outer loop
      vertex 4.5 14.7 10.6
      vertex 5.09528 14.7784 4.11
      vertex 4.5 14.7 4.11
    endloop
  endfacet
  facet normal 0.130575 -0.991438 0
    outer loop
      vertex 3.90472 19.2216 4.11
      vertex 4.5 19.3 10.6
      vertex 3.90472 19.2216 10.6
    endloop
  endfacet
  facet normal 0.130575 -0.991438 0
    outer loop
      vertex 4.5 19.3 10.6
      vertex 3.90472 19.2216 4.11
      vertex 4.5 19.3 4.11
    endloop
  endfacet
  facet normal -0.38258 -0.923922 0
    outer loop
      vertex 5.09528 19.2216 4.11
      vertex 5.65 18.9919 10.6
      vertex 5.09528 19.2216 10.6
    endloop
  endfacet
  facet normal -0.38258 -0.923922 -0
    outer loop
      vertex 5.65 18.9919 10.6
      vertex 5.09528 19.2216 4.11
      vertex 5.65 18.9919 4.11
    endloop
  endfacet
  facet normal -0.793319 0.608806 0
    outer loop
      vertex 6.12634 15.3737 4.11
      vertex 6.49186 15.85 10.6
      vertex 6.49186 15.85 4.11
    endloop
  endfacet
  facet normal -0.793319 0.608806 0
    outer loop
      vertex 6.49186 15.85 10.6
      vertex 6.12634 15.3737 4.11
      vertex 6.12634 15.3737 10.6
    endloop
  endfacet
  facet normal -0.923876 0.382692 0
    outer loop
      vertex 6.49186 15.85 4.11
      vertex 6.72163 16.4047 10.6
      vertex 6.72163 16.4047 4.11
    endloop
  endfacet
  facet normal -0.923876 0.382692 0
    outer loop
      vertex 6.72163 16.4047 10.6
      vertex 6.49186 15.85 4.11
      vertex 6.49186 15.85 10.6
    endloop
  endfacet
  facet normal -0.608857 0.79328 0
    outer loop
      vertex 6.12634 15.3737 4.11
      vertex 5.65 15.0081 10.6
      vertex 6.12634 15.3737 10.6
    endloop
  endfacet
  facet normal -0.608857 0.79328 0
    outer loop
      vertex 5.65 15.0081 10.6
      vertex 6.12634 15.3737 4.11
      vertex 5.65 15.0081 4.11
    endloop
  endfacet
  facet normal 0.38258 -0.923922 0
    outer loop
      vertex 3.35 18.9919 4.11
      vertex 3.90472 19.2216 10.6
      vertex 3.35 18.9919 10.6
    endloop
  endfacet
  facet normal 0.38258 -0.923922 0
    outer loop
      vertex 3.90472 19.2216 10.6
      vertex 3.35 18.9919 4.11
      vertex 3.90472 19.2216 4.11
    endloop
  endfacet
  facet normal 0.130575 0.991438 -0
    outer loop
      vertex 4.5 14.7 4.11
      vertex 3.90472 14.7784 10.6
      vertex 4.5 14.7 10.6
    endloop
  endfacet
  facet normal 0.130575 0.991438 0
    outer loop
      vertex 3.90472 14.7784 10.6
      vertex 4.5 14.7 4.11
      vertex 3.90472 14.7784 4.11
    endloop
  endfacet
  facet normal -0.608857 -0.79328 0
    outer loop
      vertex 5.65 18.9919 4.11
      vertex 6.12634 18.6263 10.6
      vertex 5.65 18.9919 10.6
    endloop
  endfacet
  facet normal -0.608857 -0.79328 -0
    outer loop
      vertex 6.12634 18.6263 10.6
      vertex 5.65 18.9919 4.11
      vertex 6.12634 18.6263 4.11
    endloop
  endfacet
  facet normal -0.793319 -0.608806 0
    outer loop
      vertex 6.49186 18.15 4.11
      vertex 6.12634 18.6263 10.6
      vertex 6.12634 18.6263 4.11
    endloop
  endfacet
  facet normal -0.793319 -0.608806 0
    outer loop
      vertex 6.12634 18.6263 10.6
      vertex 6.49186 18.15 4.11
      vertex 6.49186 18.15 10.6
    endloop
  endfacet
  facet normal -0.130575 -0.991438 0
    outer loop
      vertex 4.5 19.3 4.11
      vertex 5.09528 19.2216 10.6
      vertex 4.5 19.3 10.6
    endloop
  endfacet
  facet normal -0.130575 -0.991438 -0
    outer loop
      vertex 5.09528 19.2216 10.6
      vertex 4.5 19.3 4.11
      vertex 5.09528 19.2216 4.11
    endloop
  endfacet
  facet normal 0.608812 0.793314 -0
    outer loop
      vertex 3.35 15.0081 4.11
      vertex 3 15.2767 10.6
      vertex 3.35 15.0081 10.6
    endloop
  endfacet
  facet normal 0.608812 0.793314 0
    outer loop
      vertex 3 15.2767 10.6
      vertex 3.35 15.0081 4.11
      vertex 3 15.2767 4.11
    endloop
  endfacet
  facet normal 0.38258 0.923922 -0
    outer loop
      vertex 3.90472 14.7784 4.11
      vertex 3.35 15.0081 10.6
      vertex 3.90472 14.7784 10.6
    endloop
  endfacet
  facet normal 0.38258 0.923922 0
    outer loop
      vertex 3.35 15.0081 10.6
      vertex 3.90472 14.7784 4.11
      vertex 3.35 15.0081 4.11
    endloop
  endfacet
  facet normal 0.471356 0.881943 -0
    outer loop
      vertex 6.72228 48.3259 3
      vertex 6.03073 48.6955 10.6
      vertex 6.72228 48.3259 10.6
    endloop
  endfacet
  facet normal 0.471356 0.881943 0
    outer loop
      vertex 6.03073 48.6955 10.6
      vertex 6.72228 48.3259 3
      vertex 6.03073 48.6955 3
    endloop
  endfacet
  facet normal 0.956934 0.290307 0
    outer loop
      vertex 8.42314 45.7804 10.6
      vertex 8.19552 46.5307 3
      vertex 8.19552 46.5307 10.6
    endloop
  endfacet
  facet normal 0.956934 0.290307 0
    outer loop
      vertex 8.19552 46.5307 3
      vertex 8.42314 45.7804 10.6
      vertex 8.42314 45.7804 3
    endloop
  endfacet
  facet normal 0.995185 0.0980137 0
    outer loop
      vertex 8.5 45 10.6
      vertex 8.42314 45.7804 3
      vertex 8.42314 45.7804 10.6
    endloop
  endfacet
  facet normal 0.995185 0.0980137 0
    outer loop
      vertex 8.42314 45.7804 3
      vertex 8.5 45 10.6
      vertex 8.5 45 3
    endloop
  endfacet
  facet normal 0.881936 0.471369 0
    outer loop
      vertex 8.19552 46.5307 10.6
      vertex 7.82588 47.2223 3
      vertex 7.82588 47.2223 10.6
    endloop
  endfacet
  facet normal 0.881936 0.471369 0
    outer loop
      vertex 7.82588 47.2223 3
      vertex 8.19552 46.5307 10.6
      vertex 8.19552 46.5307 3
    endloop
  endfacet
  facet normal 0.0980692 0.99518 -0
    outer loop
      vertex 5.28036 48.9231 3
      vertex 4.5 49 10.6
      vertex 5.28036 48.9231 10.6
    endloop
  endfacet
  facet normal 0.0980692 0.99518 0
    outer loop
      vertex 4.5 49 10.6
      vertex 5.28036 48.9231 3
      vertex 4.5 49 3
    endloop
  endfacet
  facet normal 0.0980692 -0.99518 0
    outer loop
      vertex 4.5 41 3
      vertex 5.28036 41.0769 10.6
      vertex 4.5 41 10.6
    endloop
  endfacet
  facet normal 0.0980692 -0.99518 0
    outer loop
      vertex 5.28036 41.0769 10.6
      vertex 4.5 41 3
      vertex 5.28036 41.0769 3
    endloop
  endfacet
  facet normal 0.290259 0.956948 -0
    outer loop
      vertex 6.03073 48.6955 3
      vertex 5.28036 48.9231 10.6
      vertex 6.03073 48.6955 10.6
    endloop
  endfacet
  facet normal 0.290259 0.956948 0
    outer loop
      vertex 5.28036 48.9231 10.6
      vertex 6.03073 48.6955 3
      vertex 5.28036 48.9231 3
    endloop
  endfacet
  facet normal 0.634428 0.772982 -0
    outer loop
      vertex 7.32843 47.8284 3
      vertex 6.72228 48.3259 10.6
      vertex 7.32843 47.8284 10.6
    endloop
  endfacet
  facet normal 0.634428 0.772982 0
    outer loop
      vertex 6.72228 48.3259 10.6
      vertex 7.32843 47.8284 3
      vertex 6.72228 48.3259 3
    endloop
  endfacet
  facet normal 0.772988 -0.634421 0
    outer loop
      vertex 7.32843 42.1716 10.6
      vertex 7.82588 42.7777 3
      vertex 7.82588 42.7777 10.6
    endloop
  endfacet
  facet normal 0.772988 -0.634421 0
    outer loop
      vertex 7.82588 42.7777 3
      vertex 7.32843 42.1716 10.6
      vertex 7.32843 42.1716 3
    endloop
  endfacet
  facet normal 0.471356 -0.881943 0
    outer loop
      vertex 6.03073 41.3045 3
      vertex 6.72228 41.6741 10.6
      vertex 6.03073 41.3045 10.6
    endloop
  endfacet
  facet normal 0.471356 -0.881943 0
    outer loop
      vertex 6.72228 41.6741 10.6
      vertex 6.03073 41.3045 3
      vertex 6.72228 41.6741 3
    endloop
  endfacet
  facet normal 0.995185 -0.0980137 0
    outer loop
      vertex 8.42314 44.2196 10.6
      vertex 8.5 45 3
      vertex 8.5 45 10.6
    endloop
  endfacet
  facet normal 0.995185 -0.0980137 0
    outer loop
      vertex 8.5 45 3
      vertex 8.42314 44.2196 10.6
      vertex 8.42314 44.2196 3
    endloop
  endfacet
  facet normal -0.290284 0.95694 0
    outer loop
      vertex 3.71964 48.9231 3
      vertex 3 48.7048 10.6
      vertex 3.71964 48.9231 10.6
    endloop
  endfacet
  facet normal -0.290284 0.95694 0
    outer loop
      vertex 3 48.7048 10.6
      vertex 3.71964 48.9231 3
      vertex 3 48.7048 3
    endloop
  endfacet
  facet normal -0.0980692 -0.99518 0
    outer loop
      vertex 3.71964 41.0769 3
      vertex 4.5 41 10.6
      vertex 3.71964 41.0769 10.6
    endloop
  endfacet
  facet normal -0.0980692 -0.99518 -0
    outer loop
      vertex 4.5 41 10.6
      vertex 3.71964 41.0769 3
      vertex 4.5 41 3
    endloop
  endfacet
  facet normal 0.290259 -0.956948 0
    outer loop
      vertex 5.28036 41.0769 3
      vertex 6.03073 41.3045 10.6
      vertex 5.28036 41.0769 10.6
    endloop
  endfacet
  facet normal 0.290259 -0.956948 0
    outer loop
      vertex 6.03073 41.3045 10.6
      vertex 5.28036 41.0769 3
      vertex 6.03073 41.3045 3
    endloop
  endfacet
  facet normal 0 0 1
    outer loop
      vertex 6.8 45 10.6
      vertex 8.5 45 10.6
      vertex 8.42314 45.7804 10.6
    endloop
  endfacet
  facet normal 0 0 1
    outer loop
      vertex 6.72163 45.5953 10.6
      vertex 8.42314 45.7804 10.6
      vertex 8.19552 46.5307 10.6
    endloop
  endfacet
  facet normal 0 0 1
    outer loop
      vertex 8.5 45 10.6
      vertex 6.8 45 10.6
      vertex 8.42314 44.2196 10.6
    endloop
  endfacet
  facet normal 0 0 1
    outer loop
      vertex 6.49186 46.15 10.6
      vertex 8.19552 46.5307 10.6
      vertex 7.82588 47.2223 10.6
    endloop
  endfacet
  facet normal -0 0 1
    outer loop
      vertex 6.72163 44.4047 10.6
      vertex 8.42314 44.2196 10.6
      vertex 6.8 45 10.6
    endloop
  endfacet
  facet normal 0 0 1
    outer loop
      vertex 6.12634 46.6263 10.6
      vertex 7.82588 47.2223 10.6
      vertex 7.32843 47.8284 10.6
    endloop
  endfacet
  facet normal 0 0 1
    outer loop
      vertex 8.42314 44.2196 10.6
      vertex 6.72163 44.4047 10.6
      vertex 8.19552 43.4693 10.6
    endloop
  endfacet
  facet normal -0 0 1
    outer loop
      vertex 6.49186 43.85 10.6
      vertex 8.19552 43.4693 10.6
      vertex 6.72163 44.4047 10.6
    endloop
  endfacet
  facet normal 0 0 1
    outer loop
      vertex 6.12634 46.6263 10.6
      vertex 7.32843 47.8284 10.6
      vertex 6.72228 48.3259 10.6
    endloop
  endfacet
  facet normal 0 0 1
    outer loop
      vertex 8.42314 45.7804 10.6
      vertex 6.72163 45.5953 10.6
      vertex 6.8 45 10.6
    endloop
  endfacet
  facet normal 0 0 1
    outer loop
      vertex 8.19552 46.5307 10.6
      vertex 6.49186 46.15 10.6
      vertex 6.72163 45.5953 10.6
    endloop
  endfacet
  facet normal 0 0 1
    outer loop
      vertex 7.82588 47.2223 10.6
      vertex 6.12634 46.6263 10.6
      vertex 6.49186 46.15 10.6
    endloop
  endfacet
  facet normal 0 0 1
    outer loop
      vertex 5.65 46.9919 10.6
      vertex 6.72228 48.3259 10.6
      vertex 6.03073 48.6955 10.6
    endloop
  endfacet
  facet normal 0 0 1
    outer loop
      vertex 6.72228 48.3259 10.6
      vertex 5.65 46.9919 10.6
      vertex 6.12634 46.6263 10.6
    endloop
  endfacet
  facet normal 0 0 1
    outer loop
      vertex 5.09528 47.2216 10.6
      vertex 6.03073 48.6955 10.6
      vertex 5.28036 48.9231 10.6
    endloop
  endfacet
  facet normal 0 0 1
    outer loop
      vertex 6.03073 48.6955 10.6
      vertex 5.09528 47.2216 10.6
      vertex 5.65 46.9919 10.6
    endloop
  endfacet
  facet normal 0 0 1
    outer loop
      vertex 4.5 47.3 10.6
      vertex 5.28036 48.9231 10.6
      vertex 4.5 49 10.6
    endloop
  endfacet
  facet normal 0 0 1
    outer loop
      vertex 5.28036 48.9231 10.6
      vertex 4.5 47.3 10.6
      vertex 5.09528 47.2216 10.6
    endloop
  endfacet
  facet normal -0 0 1
    outer loop
      vertex 3.71964 48.9231 10.6
      vertex 4.5 47.3 10.6
      vertex 4.5 49 10.6
    endloop
  endfacet
  facet normal 0 0 1
    outer loop
      vertex 4.5 47.3 10.6
      vertex 3.71964 48.9231 10.6
      vertex 3.90472 47.2216 10.6
    endloop
  endfacet
  facet normal -0 0 1
    outer loop
      vertex 3 48.7048 10.6
      vertex 3.90472 47.2216 10.6
      vertex 3.71964 48.9231 10.6
    endloop
  endfacet
  facet normal 0 0 1
    outer loop
      vertex 3.90472 47.2216 10.6
      vertex 3 48.7048 10.6
      vertex 3.35 46.9919 10.6
    endloop
  endfacet
  facet normal 0 0 1
    outer loop
      vertex 3.35 46.9919 10.6
      vertex 3 48.7048 10.6
      vertex 3 46.7233 10.6
    endloop
  endfacet
  facet normal 0 0 1
    outer loop
      vertex 8.19552 43.4693 10.6
      vertex 6.49186 43.85 10.6
      vertex 7.82588 42.7777 10.6
    endloop
  endfacet
  facet normal -0 0 1
    outer loop
      vertex 6.12634 43.3737 10.6
      vertex 7.82588 42.7777 10.6
      vertex 6.49186 43.85 10.6
    endloop
  endfacet
  facet normal 0 0 1
    outer loop
      vertex 7.82588 42.7777 10.6
      vertex 6.12634 43.3737 10.6
      vertex 7.32843 42.1716 10.6
    endloop
  endfacet
  facet normal 0 0 1
    outer loop
      vertex 7.32843 42.1716 10.6
      vertex 6.12634 43.3737 10.6
      vertex 6.72228 41.6741 10.6
    endloop
  endfacet
  facet normal -0 0 1
    outer loop
      vertex 5.65 43.0081 10.6
      vertex 6.72228 41.6741 10.6
      vertex 6.12634 43.3737 10.6
    endloop
  endfacet
  facet normal 0 0 1
    outer loop
      vertex 6.72228 41.6741 10.6
      vertex 5.65 43.0081 10.6
      vertex 6.03073 41.3045 10.6
    endloop
  endfacet
  facet normal -0 0 1
    outer loop
      vertex 5.09528 42.7784 10.6
      vertex 6.03073 41.3045 10.6
      vertex 5.65 43.0081 10.6
    endloop
  endfacet
  facet normal 0 0 1
    outer loop
      vertex 6.03073 41.3045 10.6
      vertex 5.09528 42.7784 10.6
      vertex 5.28036 41.0769 10.6
    endloop
  endfacet
  facet normal -0 0 1
    outer loop
      vertex 4.5 42.7 10.6
      vertex 5.28036 41.0769 10.6
      vertex 5.09528 42.7784 10.6
    endloop
  endfacet
  facet normal 0 0 1
    outer loop
      vertex 4.5 42.7 10.6
      vertex 4.5 41 10.6
      vertex 5.28036 41.0769 10.6
    endloop
  endfacet
  facet normal 0 0 1
    outer loop
      vertex 3.71964 41.0769 10.6
      vertex 4.5 42.7 10.6
      vertex 3.90472 42.7784 10.6
    endloop
  endfacet
  facet normal 0 0 1
    outer loop
      vertex 4.5 42.7 10.6
      vertex 3.71964 41.0769 10.6
      vertex 4.5 41 10.6
    endloop
  endfacet
  facet normal 0 0 1
    outer loop
      vertex 3 41.2952 10.6
      vertex 3.90472 42.7784 10.6
      vertex 3.35 43.0081 10.6
    endloop
  endfacet
  facet normal 0 0 1
    outer loop
      vertex 3 41.2952 10.6
      vertex 3.35 43.0081 10.6
      vertex 3 43.2767 10.6
    endloop
  endfacet
  facet normal 0 0 1
    outer loop
      vertex 3.90472 42.7784 10.6
      vertex 3 41.2952 10.6
      vertex 3.71964 41.0769 10.6
    endloop
  endfacet
  facet normal -0.290284 -0.95694 0
    outer loop
      vertex 3 41.2952 3
      vertex 3.71964 41.0769 10.6
      vertex 3 41.2952 10.6
    endloop
  endfacet
  facet normal -0.290284 -0.95694 -0
    outer loop
      vertex 3.71964 41.0769 10.6
      vertex 3 41.2952 3
      vertex 3.71964 41.0769 3
    endloop
  endfacet
  facet normal 0.956934 -0.290307 0
    outer loop
      vertex 8.19552 43.4693 10.6
      vertex 8.42314 44.2196 3
      vertex 8.42314 44.2196 10.6
    endloop
  endfacet
  facet normal 0.956934 -0.290307 0
    outer loop
      vertex 8.42314 44.2196 3
      vertex 8.19552 43.4693 10.6
      vertex 8.19552 43.4693 3
    endloop
  endfacet
  facet normal 0.772988 0.634421 0
    outer loop
      vertex 7.82588 47.2223 10.6
      vertex 7.32843 47.8284 3
      vertex 7.32843 47.8284 10.6
    endloop
  endfacet
  facet normal 0.772988 0.634421 0
    outer loop
      vertex 7.32843 47.8284 3
      vertex 7.82588 47.2223 10.6
      vertex 7.82588 47.2223 3
    endloop
  endfacet
  facet normal 0.634428 -0.772982 0
    outer loop
      vertex 6.72228 41.6741 3
      vertex 7.32843 42.1716 10.6
      vertex 6.72228 41.6741 10.6
    endloop
  endfacet
  facet normal 0.634428 -0.772982 0
    outer loop
      vertex 7.32843 42.1716 10.6
      vertex 6.72228 41.6741 3
      vertex 7.32843 42.1716 3
    endloop
  endfacet
  facet normal -0.0980692 0.99518 0
    outer loop
      vertex 4.5 49 3
      vertex 3.71964 48.9231 10.6
      vertex 4.5 49 10.6
    endloop
  endfacet
  facet normal -0.0980692 0.99518 0
    outer loop
      vertex 3.71964 48.9231 10.6
      vertex 4.5 49 3
      vertex 3.71964 48.9231 3
    endloop
  endfacet
  facet normal 0.881936 -0.471369 0
    outer loop
      vertex 7.82588 42.7777 10.6
      vertex 8.19552 43.4693 3
      vertex 8.19552 43.4693 10.6
    endloop
  endfacet
  facet normal 0.881936 -0.471369 0
    outer loop
      vertex 8.19552 43.4693 3
      vertex 7.82588 42.7777 10.6
      vertex 7.82588 42.7777 3
    endloop
  endfacet
  facet normal -0.923876 -0.382692 0
    outer loop
      vertex 6.72163 45.5953 4.11
      vertex 6.49186 46.15 10.6
      vertex 6.49186 46.15 4.11
    endloop
  endfacet
  facet normal -0.923876 -0.382692 0
    outer loop
      vertex 6.49186 46.15 10.6
      vertex 6.72163 45.5953 4.11
      vertex 6.72163 45.5953 10.6
    endloop
  endfacet
  facet normal -0.991445 -0.130522 0
    outer loop
      vertex 6.8 45 4.11
      vertex 6.72163 45.5953 10.6
      vertex 6.72163 45.5953 4.11
    endloop
  endfacet
  facet normal -0.991445 -0.130522 0
    outer loop
      vertex 6.72163 45.5953 10.6
      vertex 6.8 45 4.11
      vertex 6.8 45 10.6
    endloop
  endfacet
  facet normal -0.991445 0.130522 0
    outer loop
      vertex 6.72163 44.4047 4.11
      vertex 6.8 45 10.6
      vertex 6.8 45 4.11
    endloop
  endfacet
  facet normal -0.991445 0.130522 0
    outer loop
      vertex 6.8 45 10.6
      vertex 6.72163 44.4047 4.11
      vertex 6.72163 44.4047 10.6
    endloop
  endfacet
  facet normal -0.38258 0.923922 0
    outer loop
      vertex 5.65 43.0081 4.11
      vertex 5.09528 42.7784 10.6
      vertex 5.65 43.0081 10.6
    endloop
  endfacet
  facet normal -0.38258 0.923922 0
    outer loop
      vertex 5.09528 42.7784 10.6
      vertex 5.65 43.0081 4.11
      vertex 5.09528 42.7784 4.11
    endloop
  endfacet
  facet normal 0 0 1
    outer loop
      vertex 6.72163 45.5953 4.11
      vertex 6.72163 44.4047 4.11
      vertex 6.8 45 4.11
    endloop
  endfacet
  facet normal 0 0 1
    outer loop
      vertex 6.49186 46.15 4.11
      vertex 6.72163 44.4047 4.11
      vertex 6.72163 45.5953 4.11
    endloop
  endfacet
  facet normal 0 0 1
    outer loop
      vertex 6.49186 46.15 4.11
      vertex 6.49186 43.85 4.11
      vertex 6.72163 44.4047 4.11
    endloop
  endfacet
  facet normal 0 0 1
    outer loop
      vertex 6.12634 46.6263 4.11
      vertex 6.49186 43.85 4.11
      vertex 6.49186 46.15 4.11
    endloop
  endfacet
  facet normal 0 0 1
    outer loop
      vertex 6.12634 46.6263 4.11
      vertex 6.12634 43.3737 4.11
      vertex 6.49186 43.85 4.11
    endloop
  endfacet
  facet normal 0 0 1
    outer loop
      vertex 5.65 46.9919 4.11
      vertex 6.12634 43.3737 4.11
      vertex 6.12634 46.6263 4.11
    endloop
  endfacet
  facet normal 0 0 1
    outer loop
      vertex 5.65 46.9919 4.11
      vertex 5.65 43.0081 4.11
      vertex 6.12634 43.3737 4.11
    endloop
  endfacet
  facet normal 0 0 1
    outer loop
      vertex 5.09528 47.2216 4.11
      vertex 5.65 43.0081 4.11
      vertex 5.65 46.9919 4.11
    endloop
  endfacet
  facet normal 0 0 1
    outer loop
      vertex 5.09528 47.2216 4.11
      vertex 5.09528 42.7784 4.11
      vertex 5.65 43.0081 4.11
    endloop
  endfacet
  facet normal 0 0 1
    outer loop
      vertex 4.5 47.3 4.11
      vertex 5.09528 42.7784 4.11
      vertex 5.09528 47.2216 4.11
    endloop
  endfacet
  facet normal -0 0 1
    outer loop
      vertex 3 46.7233 4.11
      vertex 5.09528 42.7784 4.11
      vertex 4.5 47.3 4.11
    endloop
  endfacet
  facet normal 0 0 1
    outer loop
      vertex 3 46.7233 4.11
      vertex 4.5 47.3 4.11
      vertex 3.90472 47.2216 4.11
    endloop
  endfacet
  facet normal 0 0 1
    outer loop
      vertex 5.09528 42.7784 4.11
      vertex 3 46.7233 4.11
      vertex 4.5 42.7 4.11
    endloop
  endfacet
  facet normal 0 0 1
    outer loop
      vertex 3 46.7233 4.11
      vertex 3.90472 47.2216 4.11
      vertex 3.35 46.9919 4.11
    endloop
  endfacet
  facet normal -0 0 1
    outer loop
      vertex 3 43.2767 4.11
      vertex 4.5 42.7 4.11
      vertex 3 46.7233 4.11
    endloop
  endfacet
  facet normal 0 0 1
    outer loop
      vertex 4.5 42.7 4.11
      vertex 3 43.2767 4.11
      vertex 3.90472 42.7784 4.11
    endloop
  endfacet
  facet normal 0 0 1
    outer loop
      vertex 3.90472 42.7784 4.11
      vertex 3 43.2767 4.11
      vertex 3.35 43.0081 4.11
    endloop
  endfacet
  facet normal 0.608812 -0.793314 0
    outer loop
      vertex 3 46.7233 4.11
      vertex 3.35 46.9919 10.6
      vertex 3 46.7233 10.6
    endloop
  endfacet
  facet normal 0.608812 -0.793314 0
    outer loop
      vertex 3.35 46.9919 10.6
      vertex 3 46.7233 4.11
      vertex 3.35 46.9919 4.11
    endloop
  endfacet
  facet normal -0.130575 0.991438 0
    outer loop
      vertex 5.09528 42.7784 4.11
      vertex 4.5 42.7 10.6
      vertex 5.09528 42.7784 10.6
    endloop
  endfacet
  facet normal -0.130575 0.991438 0
    outer loop
      vertex 4.5 42.7 10.6
      vertex 5.09528 42.7784 4.11
      vertex 4.5 42.7 4.11
    endloop
  endfacet
  facet normal 0.130575 -0.991438 0
    outer loop
      vertex 3.90472 47.2216 4.11
      vertex 4.5 47.3 10.6
      vertex 3.90472 47.2216 10.6
    endloop
  endfacet
  facet normal 0.130575 -0.991438 0
    outer loop
      vertex 4.5 47.3 10.6
      vertex 3.90472 47.2216 4.11
      vertex 4.5 47.3 4.11
    endloop
  endfacet
  facet normal -0.38258 -0.923922 0
    outer loop
      vertex 5.09528 47.2216 4.11
      vertex 5.65 46.9919 10.6
      vertex 5.09528 47.2216 10.6
    endloop
  endfacet
  facet normal -0.38258 -0.923922 -0
    outer loop
      vertex 5.65 46.9919 10.6
      vertex 5.09528 47.2216 4.11
      vertex 5.65 46.9919 4.11
    endloop
  endfacet
  facet normal -0.793319 0.608806 0
    outer loop
      vertex 6.12634 43.3737 4.11
      vertex 6.49186 43.85 10.6
      vertex 6.49186 43.85 4.11
    endloop
  endfacet
  facet normal -0.793319 0.608806 0
    outer loop
      vertex 6.49186 43.85 10.6
      vertex 6.12634 43.3737 4.11
      vertex 6.12634 43.3737 10.6
    endloop
  endfacet
  facet normal -0.923876 0.382692 0
    outer loop
      vertex 6.49186 43.85 4.11
      vertex 6.72163 44.4047 10.6
      vertex 6.72163 44.4047 4.11
    endloop
  endfacet
  facet normal -0.923876 0.382692 0
    outer loop
      vertex 6.72163 44.4047 10.6
      vertex 6.49186 43.85 4.11
      vertex 6.49186 43.85 10.6
    endloop
  endfacet
  facet normal -0.608857 0.79328 0
    outer loop
      vertex 6.12634 43.3737 4.11
      vertex 5.65 43.0081 10.6
      vertex 6.12634 43.3737 10.6
    endloop
  endfacet
  facet normal -0.608857 0.79328 0
    outer loop
      vertex 5.65 43.0081 10.6
      vertex 6.12634 43.3737 4.11
      vertex 5.65 43.0081 4.11
    endloop
  endfacet
  facet normal 0.38258 -0.923922 0
    outer loop
      vertex 3.35 46.9919 4.11
      vertex 3.90472 47.2216 10.6
      vertex 3.35 46.9919 10.6
    endloop
  endfacet
  facet normal 0.38258 -0.923922 0
    outer loop
      vertex 3.90472 47.2216 10.6
      vertex 3.35 46.9919 4.11
      vertex 3.90472 47.2216 4.11
    endloop
  endfacet
  facet normal 0.130575 0.991438 -0
    outer loop
      vertex 4.5 42.7 4.11
      vertex 3.90472 42.7784 10.6
      vertex 4.5 42.7 10.6
    endloop
  endfacet
  facet normal 0.130575 0.991438 0
    outer loop
      vertex 3.90472 42.7784 10.6
      vertex 4.5 42.7 4.11
      vertex 3.90472 42.7784 4.11
    endloop
  endfacet
  facet normal -0.608857 -0.79328 0
    outer loop
      vertex 5.65 46.9919 4.11
      vertex 6.12634 46.6263 10.6
      vertex 5.65 46.9919 10.6
    endloop
  endfacet
  facet normal -0.608857 -0.79328 -0
    outer loop
      vertex 6.12634 46.6263 10.6
      vertex 5.65 46.9919 4.11
      vertex 6.12634 46.6263 4.11
    endloop
  endfacet
  facet normal -0.793319 -0.608806 0
    outer loop
      vertex 6.49186 46.15 4.11
      vertex 6.12634 46.6263 10.6
      vertex 6.12634 46.6263 4.11
    endloop
  endfacet
  facet normal -0.793319 -0.608806 0
    outer loop
      vertex 6.12634 46.6263 10.6
      vertex 6.49186 46.15 4.11
      vertex 6.49186 46.15 10.6
    endloop
  endfacet
  facet normal -0.130575 -0.991438 0
    outer loop
      vertex 4.5 47.3 4.11
      vertex 5.09528 47.2216 10.6
      vertex 4.5 47.3 10.6
    endloop
  endfacet
  facet normal -0.130575 -0.991438 -0
    outer loop
      vertex 5.09528 47.2216 10.6
      vertex 4.5 47.3 4.11
      vertex 5.09528 47.2216 4.11
    endloop
  endfacet
  facet normal 0.608812 0.793314 -0
    outer loop
      vertex 3.35 43.0081 4.11
      vertex 3 43.2767 10.6
      vertex 3.35 43.0081 10.6
    endloop
  endfacet
  facet normal 0.608812 0.793314 0
    outer loop
      vertex 3 43.2767 10.6
      vertex 3.35 43.0081 4.11
      vertex 3 43.2767 4.11
    endloop
  endfacet
  facet normal 0.38258 0.923922 -0
    outer loop
      vertex 3.90472 42.7784 4.11
      vertex 3.35 43.0081 10.6
      vertex 3.90472 42.7784 10.6
    endloop
  endfacet
  facet normal 0.38258 0.923922 0
    outer loop
      vertex 3.35 43.0081 10.6
      vertex 3.90472 42.7784 4.11
      vertex 3.35 43.0081 4.11
    endloop
  endfacet
  facet normal -0.471329 0.881957 0
    outer loop
      vertex 74.9693 20.6955 3
      vertex 74.2777 20.3259 10.6
      vertex 74.9693 20.6955 10.6
    endloop
  endfacet
  facet normal -0.471329 0.881957 0
    outer loop
      vertex 74.2777 20.3259 10.6
      vertex 74.9693 20.6955 3
      vertex 74.2777 20.3259 3
    endloop
  endfacet
  facet normal 0.471329 0.881957 -0
    outer loop
      vertex 78.7223 20.3259 3
      vertex 78.0307 20.6955 10.6
      vertex 78.7223 20.3259 10.6
    endloop
  endfacet
  facet normal 0.471329 0.881957 0
    outer loop
      vertex 78.0307 20.6955 10.6
      vertex 78.7223 20.3259 3
      vertex 78.0307 20.6955 3
    endloop
  endfacet
  facet normal 0.956941 0.290283 0
    outer loop
      vertex 80.4231 17.7804 10.6
      vertex 80.1955 18.5307 3
      vertex 80.1955 18.5307 10.6
    endloop
  endfacet
  facet normal 0.956941 0.290283 0
    outer loop
      vertex 80.1955 18.5307 3
      vertex 80.4231 17.7804 10.6
      vertex 80.4231 17.7804 3
    endloop
  endfacet
  facet normal 0.99518 0.0980643 0
    outer loop
      vertex 80.5 17 10.6
      vertex 80.4231 17.7804 3
      vertex 80.4231 17.7804 10.6
    endloop
  endfacet
  facet normal 0.99518 0.0980643 0
    outer loop
      vertex 80.4231 17.7804 3
      vertex 80.5 17 10.6
      vertex 80.5 17 3
    endloop
  endfacet
  facet normal 0.881957 0.471329 0
    outer loop
      vertex 80.1955 18.5307 10.6
      vertex 79.8259 19.2223 3
      vertex 79.8259 19.2223 10.6
    endloop
  endfacet
  facet normal 0.881957 0.471329 0
    outer loop
      vertex 79.8259 19.2223 3
      vertex 80.1955 18.5307 10.6
      vertex 80.1955 18.5307 3
    endloop
  endfacet
  facet normal 0.0980643 0.99518 -0
    outer loop
      vertex 77.2804 20.9231 3
      vertex 76.5 21 10.6
      vertex 77.2804 20.9231 10.6
    endloop
  endfacet
  facet normal 0.0980643 0.99518 0
    outer loop
      vertex 76.5 21 10.6
      vertex 77.2804 20.9231 3
      vertex 76.5 21 3
    endloop
  endfacet
  facet normal 0.0980643 -0.99518 0
    outer loop
      vertex 76.5 13 3
      vertex 77.2804 13.0769 10.6
      vertex 76.5 13 10.6
    endloop
  endfacet
  facet normal 0.0980643 -0.99518 0
    outer loop
      vertex 77.2804 13.0769 10.6
      vertex 76.5 13 3
      vertex 77.2804 13.0769 3
    endloop
  endfacet
  facet normal 0.290283 0.956941 -0
    outer loop
      vertex 78.0307 20.6955 3
      vertex 77.2804 20.9231 10.6
      vertex 78.0307 20.6955 10.6
    endloop
  endfacet
  facet normal 0.290283 0.956941 0
    outer loop
      vertex 77.2804 20.9231 10.6
      vertex 78.0307 20.6955 3
      vertex 77.2804 20.9231 3
    endloop
  endfacet
  facet normal 0.634459 0.772956 -0
    outer loop
      vertex 79.3284 19.8284 3
      vertex 78.7223 20.3259 10.6
      vertex 79.3284 19.8284 10.6
    endloop
  endfacet
  facet normal 0.634459 0.772956 0
    outer loop
      vertex 78.7223 20.3259 10.6
      vertex 79.3284 19.8284 3
      vertex 78.7223 20.3259 3
    endloop
  endfacet
  facet normal 0.772956 -0.634459 0
    outer loop
      vertex 79.3284 14.1716 10.6
      vertex 79.8259 14.7777 3
      vertex 79.8259 14.7777 10.6
    endloop
  endfacet
  facet normal 0.772956 -0.634459 0
    outer loop
      vertex 79.8259 14.7777 3
      vertex 79.3284 14.1716 10.6
      vertex 79.3284 14.1716 3
    endloop
  endfacet
  facet normal -0.634459 0.772956 0
    outer loop
      vertex 74.2777 20.3259 3
      vertex 73.6716 19.8284 10.6
      vertex 74.2777 20.3259 10.6
    endloop
  endfacet
  facet normal -0.634459 0.772956 0
    outer loop
      vertex 73.6716 19.8284 10.6
      vertex 74.2777 20.3259 3
      vertex 73.6716 19.8284 3
    endloop
  endfacet
  facet normal 0.471329 -0.881957 0
    outer loop
      vertex 78.0307 13.3045 3
      vertex 78.7223 13.6741 10.6
      vertex 78.0307 13.3045 10.6
    endloop
  endfacet
  facet normal 0.471329 -0.881957 0
    outer loop
      vertex 78.7223 13.6741 10.6
      vertex 78.0307 13.3045 3
      vertex 78.7223 13.6741 3
    endloop
  endfacet
  facet normal -0.881957 -0.471329 0
    outer loop
      vertex 73.1741 14.7777 3
      vertex 72.8045 15.4693 10.6
      vertex 72.8045 15.4693 3
    endloop
  endfacet
  facet normal -0.881957 -0.471329 0
    outer loop
      vertex 72.8045 15.4693 10.6
      vertex 73.1741 14.7777 3
      vertex 73.1741 14.7777 10.6
    endloop
  endfacet
  facet normal 0.99518 -0.0980643 0
    outer loop
      vertex 80.4231 16.2196 10.6
      vertex 80.5 17 3
      vertex 80.5 17 10.6
    endloop
  endfacet
  facet normal 0.99518 -0.0980643 0
    outer loop
      vertex 80.5 17 3
      vertex 80.4231 16.2196 10.6
      vertex 80.4231 16.2196 3
    endloop
  endfacet
  facet normal -0.290283 0.956941 0
    outer loop
      vertex 75.7196 20.9231 3
      vertex 74.9693 20.6955 10.6
      vertex 75.7196 20.9231 10.6
    endloop
  endfacet
  facet normal -0.290283 0.956941 0
    outer loop
      vertex 74.9693 20.6955 10.6
      vertex 75.7196 20.9231 3
      vertex 74.9693 20.6955 3
    endloop
  endfacet
  facet normal -0.0980643 -0.99518 0
    outer loop
      vertex 75.7196 13.0769 3
      vertex 76.5 13 10.6
      vertex 75.7196 13.0769 10.6
    endloop
  endfacet
  facet normal -0.0980643 -0.99518 -0
    outer loop
      vertex 76.5 13 10.6
      vertex 75.7196 13.0769 3
      vertex 76.5 13 3
    endloop
  endfacet
  facet normal -0.881957 0.471329 0
    outer loop
      vertex 72.8045 18.5307 3
      vertex 73.1741 19.2223 10.6
      vertex 73.1741 19.2223 3
    endloop
  endfacet
  facet normal -0.881957 0.471329 0
    outer loop
      vertex 73.1741 19.2223 10.6
      vertex 72.8045 18.5307 3
      vertex 72.8045 18.5307 10.6
    endloop
  endfacet
  facet normal 0.290283 -0.956941 0
    outer loop
      vertex 77.2804 13.0769 3
      vertex 78.0307 13.3045 10.6
      vertex 77.2804 13.0769 10.6
    endloop
  endfacet
  facet normal 0.290283 -0.956941 0
    outer loop
      vertex 78.0307 13.3045 10.6
      vertex 77.2804 13.0769 3
      vertex 78.0307 13.3045 3
    endloop
  endfacet
  facet normal 0 0 1
    outer loop
      vertex 78.8 17 10.6
      vertex 80.5 17 10.6
      vertex 80.4231 17.7804 10.6
    endloop
  endfacet
  facet normal 0 0 1
    outer loop
      vertex 78.7216 17.5953 10.6
      vertex 80.4231 17.7804 10.6
      vertex 80.1955 18.5307 10.6
    endloop
  endfacet
  facet normal 0 0 1
    outer loop
      vertex 80.5 17 10.6
      vertex 78.8 17 10.6
      vertex 80.4231 16.2196 10.6
    endloop
  endfacet
  facet normal 0 0 1
    outer loop
      vertex 78.4919 18.15 10.6
      vertex 80.1955 18.5307 10.6
      vertex 79.8259 19.2223 10.6
    endloop
  endfacet
  facet normal -0 0 1
    outer loop
      vertex 78.7216 16.4047 10.6
      vertex 80.4231 16.2196 10.6
      vertex 78.8 17 10.6
    endloop
  endfacet
  facet normal 0 0 1
    outer loop
      vertex 78.1263 18.6263 10.6
      vertex 79.8259 19.2223 10.6
      vertex 79.3284 19.8284 10.6
    endloop
  endfacet
  facet normal 0 0 1
    outer loop
      vertex 80.4231 16.2196 10.6
      vertex 78.7216 16.4047 10.6
      vertex 80.1955 15.4693 10.6
    endloop
  endfacet
  facet normal -0 0 1
    outer loop
      vertex 78.4919 15.85 10.6
      vertex 80.1955 15.4693 10.6
      vertex 78.7216 16.4047 10.6
    endloop
  endfacet
  facet normal 0 0 1
    outer loop
      vertex 78.1263 18.6263 10.6
      vertex 79.3284 19.8284 10.6
      vertex 78.7223 20.3259 10.6
    endloop
  endfacet
  facet normal 0 0 1
    outer loop
      vertex 80.4231 17.7804 10.6
      vertex 78.7216 17.5953 10.6
      vertex 78.8 17 10.6
    endloop
  endfacet
  facet normal 0 0 1
    outer loop
      vertex 80.1955 18.5307 10.6
      vertex 78.4919 18.15 10.6
      vertex 78.7216 17.5953 10.6
    endloop
  endfacet
  facet normal 0 0 1
    outer loop
      vertex 79.8259 19.2223 10.6
      vertex 78.1263 18.6263 10.6
      vertex 78.4919 18.15 10.6
    endloop
  endfacet
  facet normal 0 0 1
    outer loop
      vertex 77.65 18.9919 10.6
      vertex 78.7223 20.3259 10.6
      vertex 78.0307 20.6955 10.6
    endloop
  endfacet
  facet normal 0 0 1
    outer loop
      vertex 78.7223 20.3259 10.6
      vertex 77.65 18.9919 10.6
      vertex 78.1263 18.6263 10.6
    endloop
  endfacet
  facet normal 0 0 1
    outer loop
      vertex 77.0953 19.2216 10.6
      vertex 78.0307 20.6955 10.6
      vertex 77.2804 20.9231 10.6
    endloop
  endfacet
  facet normal 0 0 1
    outer loop
      vertex 78.0307 20.6955 10.6
      vertex 77.0953 19.2216 10.6
      vertex 77.65 18.9919 10.6
    endloop
  endfacet
  facet normal 0 0 1
    outer loop
      vertex 76.5 19.3 10.6
      vertex 77.2804 20.9231 10.6
      vertex 76.5 21 10.6
    endloop
  endfacet
  facet normal 0 0 1
    outer loop
      vertex 77.2804 20.9231 10.6
      vertex 76.5 19.3 10.6
      vertex 77.0953 19.2216 10.6
    endloop
  endfacet
  facet normal -0 0 1
    outer loop
      vertex 75.7196 20.9231 10.6
      vertex 76.5 19.3 10.6
      vertex 76.5 21 10.6
    endloop
  endfacet
  facet normal 0 0 1
    outer loop
      vertex 76.5 19.3 10.6
      vertex 75.7196 20.9231 10.6
      vertex 75.9047 19.2216 10.6
    endloop
  endfacet
  facet normal -0 0 1
    outer loop
      vertex 74.9693 20.6955 10.6
      vertex 75.9047 19.2216 10.6
      vertex 75.7196 20.9231 10.6
    endloop
  endfacet
  facet normal 0 0 1
    outer loop
      vertex 75.9047 19.2216 10.6
      vertex 74.9693 20.6955 10.6
      vertex 75.35 18.9919 10.6
    endloop
  endfacet
  facet normal -0 0 1
    outer loop
      vertex 74.2777 20.3259 10.6
      vertex 75.35 18.9919 10.6
      vertex 74.9693 20.6955 10.6
    endloop
  endfacet
  facet normal 0 0 1
    outer loop
      vertex 75.35 18.9919 10.6
      vertex 74.2777 20.3259 10.6
      vertex 74.8737 18.6263 10.6
    endloop
  endfacet
  facet normal -0 0 1
    outer loop
      vertex 73.6716 19.8284 10.6
      vertex 74.8737 18.6263 10.6
      vertex 74.2777 20.3259 10.6
    endloop
  endfacet
  facet normal -0 0 1
    outer loop
      vertex 73.1741 19.2223 10.6
      vertex 74.8737 18.6263 10.6
      vertex 73.6716 19.8284 10.6
    endloop
  endfacet
  facet normal 0 0 1
    outer loop
      vertex 74.8737 18.6263 10.6
      vertex 73.1741 19.2223 10.6
      vertex 74.5081 18.15 10.6
    endloop
  endfacet
  facet normal -0 0 1
    outer loop
      vertex 72.8045 18.5307 10.6
      vertex 74.5081 18.15 10.6
      vertex 73.1741 19.2223 10.6
    endloop
  endfacet
  facet normal 0 0 1
    outer loop
      vertex 80.1955 15.4693 10.6
      vertex 78.4919 15.85 10.6
      vertex 79.8259 14.7777 10.6
    endloop
  endfacet
  facet normal -0 0 1
    outer loop
      vertex 78.1263 15.3737 10.6
      vertex 79.8259 14.7777 10.6
      vertex 78.4919 15.85 10.6
    endloop
  endfacet
  facet normal 0 0 1
    outer loop
      vertex 79.8259 14.7777 10.6
      vertex 78.1263 15.3737 10.6
      vertex 79.3284 14.1716 10.6
    endloop
  endfacet
  facet normal 0 0 1
    outer loop
      vertex 79.3284 14.1716 10.6
      vertex 78.1263 15.3737 10.6
      vertex 78.7223 13.6741 10.6
    endloop
  endfacet
  facet normal -0 0 1
    outer loop
      vertex 77.65 15.0081 10.6
      vertex 78.7223 13.6741 10.6
      vertex 78.1263 15.3737 10.6
    endloop
  endfacet
  facet normal 0 0 1
    outer loop
      vertex 78.7223 13.6741 10.6
      vertex 77.65 15.0081 10.6
      vertex 78.0307 13.3045 10.6
    endloop
  endfacet
  facet normal -0 0 1
    outer loop
      vertex 77.0953 14.7784 10.6
      vertex 78.0307 13.3045 10.6
      vertex 77.65 15.0081 10.6
    endloop
  endfacet
  facet normal 0 0 1
    outer loop
      vertex 78.0307 13.3045 10.6
      vertex 77.0953 14.7784 10.6
      vertex 77.2804 13.0769 10.6
    endloop
  endfacet
  facet normal -0 0 1
    outer loop
      vertex 76.5 14.7 10.6
      vertex 77.2804 13.0769 10.6
      vertex 77.0953 14.7784 10.6
    endloop
  endfacet
  facet normal 0 0 1
    outer loop
      vertex 76.5 14.7 10.6
      vertex 76.5 13 10.6
      vertex 77.2804 13.0769 10.6
    endloop
  endfacet
  facet normal 0 0 1
    outer loop
      vertex 75.7196 13.0769 10.6
      vertex 76.5 14.7 10.6
      vertex 75.9047 14.7784 10.6
    endloop
  endfacet
  facet normal 0 0 1
    outer loop
      vertex 76.5 14.7 10.6
      vertex 75.7196 13.0769 10.6
      vertex 76.5 13 10.6
    endloop
  endfacet
  facet normal 0 0 1
    outer loop
      vertex 74.9693 13.3045 10.6
      vertex 75.9047 14.7784 10.6
      vertex 75.35 15.0081 10.6
    endloop
  endfacet
  facet normal 0 0 1
    outer loop
      vertex 75.9047 14.7784 10.6
      vertex 74.9693 13.3045 10.6
      vertex 75.7196 13.0769 10.6
    endloop
  endfacet
  facet normal 0 0 1
    outer loop
      vertex 74.2777 13.6741 10.6
      vertex 75.35 15.0081 10.6
      vertex 74.8737 15.3737 10.6
    endloop
  endfacet
  facet normal 0 0 1
    outer loop
      vertex 73.1741 14.7777 10.6
      vertex 74.8737 15.3737 10.6
      vertex 74.5081 15.85 10.6
    endloop
  endfacet
  facet normal 0 0 1
    outer loop
      vertex 72.8045 15.4693 10.6
      vertex 74.5081 15.85 10.6
      vertex 74.2784 16.4047 10.6
    endloop
  endfacet
  facet normal 0 0 1
    outer loop
      vertex 75.35 15.0081 10.6
      vertex 74.2777 13.6741 10.6
      vertex 74.9693 13.3045 10.6
    endloop
  endfacet
  facet normal 0 0 1
    outer loop
      vertex 72.5769 16.2196 10.6
      vertex 74.2784 16.4047 10.6
      vertex 74.2 17 10.6
    endloop
  endfacet
  facet normal 0 0 1
    outer loop
      vertex 74.5081 18.15 10.6
      vertex 72.8045 18.5307 10.6
      vertex 74.2784 17.5953 10.6
    endloop
  endfacet
  facet normal 0 0 1
    outer loop
      vertex 74.8737 15.3737 10.6
      vertex 73.6716 14.1716 10.6
      vertex 74.2777 13.6741 10.6
    endloop
  endfacet
  facet normal -0 0 1
    outer loop
      vertex 72.5769 17.7804 10.6
      vertex 74.2784 17.5953 10.6
      vertex 72.8045 18.5307 10.6
    endloop
  endfacet
  facet normal 0 0 1
    outer loop
      vertex 74.8737 15.3737 10.6
      vertex 73.1741 14.7777 10.6
      vertex 73.6716 14.1716 10.6
    endloop
  endfacet
  facet normal 0 0 1
    outer loop
      vertex 74.2784 17.5953 10.6
      vertex 72.5769 17.7804 10.6
      vertex 74.2 17 10.6
    endloop
  endfacet
  facet normal 0 0 1
    outer loop
      vertex 74.5081 15.85 10.6
      vertex 72.8045 15.4693 10.6
      vertex 73.1741 14.7777 10.6
    endloop
  endfacet
  facet normal 0 0 1
    outer loop
      vertex 72.5 17 10.6
      vertex 74.2 17 10.6
      vertex 72.5769 17.7804 10.6
    endloop
  endfacet
  facet normal 0 0 1
    outer loop
      vertex 74.2784 16.4047 10.6
      vertex 72.5769 16.2196 10.6
      vertex 72.8045 15.4693 10.6
    endloop
  endfacet
  facet normal 0 0 1
    outer loop
      vertex 74.2 17 10.6
      vertex 72.5 17 10.6
      vertex 72.5769 16.2196 10.6
    endloop
  endfacet
  facet normal -0.290283 -0.956941 0
    outer loop
      vertex 74.9693 13.3045 3
      vertex 75.7196 13.0769 10.6
      vertex 74.9693 13.3045 10.6
    endloop
  endfacet
  facet normal -0.290283 -0.956941 -0
    outer loop
      vertex 75.7196 13.0769 10.6
      vertex 74.9693 13.3045 3
      vertex 75.7196 13.0769 3
    endloop
  endfacet
  facet normal 0.956941 -0.290283 0
    outer loop
      vertex 80.1955 15.4693 10.6
      vertex 80.4231 16.2196 3
      vertex 80.4231 16.2196 10.6
    endloop
  endfacet
  facet normal 0.956941 -0.290283 0
    outer loop
      vertex 80.4231 16.2196 3
      vertex 80.1955 15.4693 10.6
      vertex 80.1955 15.4693 3
    endloop
  endfacet
  facet normal 0.772956 0.634459 0
    outer loop
      vertex 79.8259 19.2223 10.6
      vertex 79.3284 19.8284 3
      vertex 79.3284 19.8284 10.6
    endloop
  endfacet
  facet normal 0.772956 0.634459 0
    outer loop
      vertex 79.3284 19.8284 3
      vertex 79.8259 19.2223 10.6
      vertex 79.8259 19.2223 3
    endloop
  endfacet
  facet normal -0.99518 0.0980643 0
    outer loop
      vertex 72.5 17 3
      vertex 72.5769 17.7804 10.6
      vertex 72.5769 17.7804 3
    endloop
  endfacet
  facet normal -0.99518 0.0980643 0
    outer loop
      vertex 72.5769 17.7804 10.6
      vertex 72.5 17 3
      vertex 72.5 17 10.6
    endloop
  endfacet
  facet normal 0.634459 -0.772956 0
    outer loop
      vertex 78.7223 13.6741 3
      vertex 79.3284 14.1716 10.6
      vertex 78.7223 13.6741 10.6
    endloop
  endfacet
  facet normal 0.634459 -0.772956 0
    outer loop
      vertex 79.3284 14.1716 10.6
      vertex 78.7223 13.6741 3
      vertex 79.3284 14.1716 3
    endloop
  endfacet
  facet normal -0.634459 -0.772956 0
    outer loop
      vertex 73.6716 14.1716 3
      vertex 74.2777 13.6741 10.6
      vertex 73.6716 14.1716 10.6
    endloop
  endfacet
  facet normal -0.634459 -0.772956 -0
    outer loop
      vertex 74.2777 13.6741 10.6
      vertex 73.6716 14.1716 3
      vertex 74.2777 13.6741 3
    endloop
  endfacet
  facet normal -0.0980643 0.99518 0
    outer loop
      vertex 76.5 21 3
      vertex 75.7196 20.9231 10.6
      vertex 76.5 21 10.6
    endloop
  endfacet
  facet normal -0.0980643 0.99518 0
    outer loop
      vertex 75.7196 20.9231 10.6
      vertex 76.5 21 3
      vertex 75.7196 20.9231 3
    endloop
  endfacet
  facet normal 0.881957 -0.471329 0
    outer loop
      vertex 79.8259 14.7777 10.6
      vertex 80.1955 15.4693 3
      vertex 80.1955 15.4693 10.6
    endloop
  endfacet
  facet normal 0.881957 -0.471329 0
    outer loop
      vertex 80.1955 15.4693 3
      vertex 79.8259 14.7777 10.6
      vertex 79.8259 14.7777 3
    endloop
  endfacet
  facet normal -0.956941 -0.290283 0
    outer loop
      vertex 72.8045 15.4693 3
      vertex 72.5769 16.2196 10.6
      vertex 72.5769 16.2196 3
    endloop
  endfacet
  facet normal -0.956941 -0.290283 0
    outer loop
      vertex 72.5769 16.2196 10.6
      vertex 72.8045 15.4693 3
      vertex 72.8045 15.4693 10.6
    endloop
  endfacet
  facet normal -0.99518 -0.0980643 0
    outer loop
      vertex 72.5769 16.2196 3
      vertex 72.5 17 10.6
      vertex 72.5 17 3
    endloop
  endfacet
  facet normal -0.99518 -0.0980643 0
    outer loop
      vertex 72.5 17 10.6
      vertex 72.5769 16.2196 3
      vertex 72.5769 16.2196 10.6
    endloop
  endfacet
  facet normal -0.772956 -0.634459 0
    outer loop
      vertex 73.6716 14.1716 3
      vertex 73.1741 14.7777 10.6
      vertex 73.1741 14.7777 3
    endloop
  endfacet
  facet normal -0.772956 -0.634459 0
    outer loop
      vertex 73.1741 14.7777 10.6
      vertex 73.6716 14.1716 3
      vertex 73.6716 14.1716 10.6
    endloop
  endfacet
  facet normal -0.772956 0.634459 0
    outer loop
      vertex 73.1741 19.2223 3
      vertex 73.6716 19.8284 10.6
      vertex 73.6716 19.8284 3
    endloop
  endfacet
  facet normal -0.772956 0.634459 0
    outer loop
      vertex 73.6716 19.8284 10.6
      vertex 73.1741 19.2223 3
      vertex 73.1741 19.2223 10.6
    endloop
  endfacet
  facet normal -0.956941 0.290283 0
    outer loop
      vertex 72.5769 17.7804 3
      vertex 72.8045 18.5307 10.6
      vertex 72.8045 18.5307 3
    endloop
  endfacet
  facet normal -0.956941 0.290283 0
    outer loop
      vertex 72.8045 18.5307 10.6
      vertex 72.5769 17.7804 3
      vertex 72.5769 17.7804 10.6
    endloop
  endfacet
  facet normal -0.471329 -0.881957 0
    outer loop
      vertex 74.2777 13.6741 3
      vertex 74.9693 13.3045 10.6
      vertex 74.2777 13.6741 10.6
    endloop
  endfacet
  facet normal -0.471329 -0.881957 -0
    outer loop
      vertex 74.9693 13.3045 10.6
      vertex 74.2777 13.6741 3
      vertex 74.9693 13.3045 3
    endloop
  endfacet
  facet normal -0.923917 -0.382592 0
    outer loop
      vertex 78.7216 17.5953 4.11
      vertex 78.4919 18.15 10.6
      vertex 78.4919 18.15 4.11
    endloop
  endfacet
  facet normal -0.923917 -0.382592 0
    outer loop
      vertex 78.4919 18.15 10.6
      vertex 78.7216 17.5953 4.11
      vertex 78.7216 17.5953 10.6
    endloop
  endfacet
  facet normal -0.991439 -0.130571 0
    outer loop
      vertex 78.8 17 4.11
      vertex 78.7216 17.5953 10.6
      vertex 78.7216 17.5953 4.11
    endloop
  endfacet
  facet normal -0.991439 -0.130571 0
    outer loop
      vertex 78.7216 17.5953 10.6
      vertex 78.8 17 4.11
      vertex 78.8 17 10.6
    endloop
  endfacet
  facet normal -0.991439 0.130571 0
    outer loop
      vertex 78.7216 16.4047 4.11
      vertex 78.8 17 10.6
      vertex 78.8 17 4.11
    endloop
  endfacet
  facet normal -0.991439 0.130571 0
    outer loop
      vertex 78.8 17 10.6
      vertex 78.7216 16.4047 4.11
      vertex 78.7216 16.4047 10.6
    endloop
  endfacet
  facet normal -0.382592 0.923917 0
    outer loop
      vertex 77.65 15.0081 4.11
      vertex 77.0953 14.7784 10.6
      vertex 77.65 15.0081 10.6
    endloop
  endfacet
  facet normal -0.382592 0.923917 0
    outer loop
      vertex 77.0953 14.7784 10.6
      vertex 77.65 15.0081 4.11
      vertex 77.0953 14.7784 4.11
    endloop
  endfacet
  facet normal 0 0 1
    outer loop
      vertex 78.7216 17.5953 4.11
      vertex 78.7216 16.4047 4.11
      vertex 78.8 17 4.11
    endloop
  endfacet
  facet normal 0 0 1
    outer loop
      vertex 78.4919 18.15 4.11
      vertex 78.7216 16.4047 4.11
      vertex 78.7216 17.5953 4.11
    endloop
  endfacet
  facet normal 0 0 1
    outer loop
      vertex 78.4919 18.15 4.11
      vertex 78.4919 15.85 4.11
      vertex 78.7216 16.4047 4.11
    endloop
  endfacet
  facet normal 0 0 1
    outer loop
      vertex 78.1263 18.6263 4.11
      vertex 78.4919 15.85 4.11
      vertex 78.4919 18.15 4.11
    endloop
  endfacet
  facet normal 0 0 1
    outer loop
      vertex 78.1263 18.6263 4.11
      vertex 78.1263 15.3737 4.11
      vertex 78.4919 15.85 4.11
    endloop
  endfacet
  facet normal 0 0 1
    outer loop
      vertex 77.65 18.9919 4.11
      vertex 78.1263 15.3737 4.11
      vertex 78.1263 18.6263 4.11
    endloop
  endfacet
  facet normal 0 0 1
    outer loop
      vertex 77.65 18.9919 4.11
      vertex 77.65 15.0081 4.11
      vertex 78.1263 15.3737 4.11
    endloop
  endfacet
  facet normal 0 0 1
    outer loop
      vertex 77.0953 19.2216 4.11
      vertex 77.65 15.0081 4.11
      vertex 77.65 18.9919 4.11
    endloop
  endfacet
  facet normal 0 0 1
    outer loop
      vertex 77.0953 19.2216 4.11
      vertex 77.0953 14.7784 4.11
      vertex 77.65 15.0081 4.11
    endloop
  endfacet
  facet normal 0 0 1
    outer loop
      vertex 76.5 19.3 4.11
      vertex 77.0953 14.7784 4.11
      vertex 77.0953 19.2216 4.11
    endloop
  endfacet
  facet normal 0 0 1
    outer loop
      vertex 76.5 19.3 4.11
      vertex 76.5 14.7 4.11
      vertex 77.0953 14.7784 4.11
    endloop
  endfacet
  facet normal -0 0 1
    outer loop
      vertex 75.9047 19.2216 4.11
      vertex 76.5 14.7 4.11
      vertex 76.5 19.3 4.11
    endloop
  endfacet
  facet normal 0 0 1
    outer loop
      vertex 75.9047 19.2216 4.11
      vertex 75.9047 14.7784 4.11
      vertex 76.5 14.7 4.11
    endloop
  endfacet
  facet normal -0 0 1
    outer loop
      vertex 75.35 18.9919 4.11
      vertex 75.9047 14.7784 4.11
      vertex 75.9047 19.2216 4.11
    endloop
  endfacet
  facet normal 0 0 1
    outer loop
      vertex 75.35 18.9919 4.11
      vertex 75.35 15.0081 4.11
      vertex 75.9047 14.7784 4.11
    endloop
  endfacet
  facet normal -0 0 1
    outer loop
      vertex 74.8737 18.6263 4.11
      vertex 75.35 15.0081 4.11
      vertex 75.35 18.9919 4.11
    endloop
  endfacet
  facet normal 0 0 1
    outer loop
      vertex 74.8737 18.6263 4.11
      vertex 74.8737 15.3737 4.11
      vertex 75.35 15.0081 4.11
    endloop
  endfacet
  facet normal -0 0 1
    outer loop
      vertex 74.5081 18.15 4.11
      vertex 74.8737 15.3737 4.11
      vertex 74.8737 18.6263 4.11
    endloop
  endfacet
  facet normal 0 0 1
    outer loop
      vertex 74.5081 18.15 4.11
      vertex 74.5081 15.85 4.11
      vertex 74.8737 15.3737 4.11
    endloop
  endfacet
  facet normal -0 0 1
    outer loop
      vertex 74.2784 17.5953 4.11
      vertex 74.5081 15.85 4.11
      vertex 74.5081 18.15 4.11
    endloop
  endfacet
  facet normal 0 0 1
    outer loop
      vertex 74.2784 17.5953 4.11
      vertex 74.2784 16.4047 4.11
      vertex 74.5081 15.85 4.11
    endloop
  endfacet
  facet normal 0 -0 1
    outer loop
      vertex 74.2784 16.4047 4.11
      vertex 74.2784 17.5953 4.11
      vertex 74.2 17 4.11
    endloop
  endfacet
  facet normal 0.793255 0.608889 0
    outer loop
      vertex 74.8737 15.3737 10.6
      vertex 74.5081 15.85 4.11
      vertex 74.5081 15.85 10.6
    endloop
  endfacet
  facet normal 0.793255 0.608889 0
    outer loop
      vertex 74.5081 15.85 4.11
      vertex 74.8737 15.3737 10.6
      vertex 74.8737 15.3737 4.11
    endloop
  endfacet
  facet normal 0.793255 -0.608889 0
    outer loop
      vertex 74.5081 18.15 10.6
      vertex 74.8737 18.6263 4.11
      vertex 74.8737 18.6263 10.6
    endloop
  endfacet
  facet normal 0.793255 -0.608889 0
    outer loop
      vertex 74.8737 18.6263 4.11
      vertex 74.5081 18.15 10.6
      vertex 74.5081 18.15 4.11
    endloop
  endfacet
  facet normal 0.608889 -0.793255 0
    outer loop
      vertex 74.8737 18.6263 4.11
      vertex 75.35 18.9919 10.6
      vertex 74.8737 18.6263 10.6
    endloop
  endfacet
  facet normal 0.608889 -0.793255 0
    outer loop
      vertex 75.35 18.9919 10.6
      vertex 74.8737 18.6263 4.11
      vertex 75.35 18.9919 4.11
    endloop
  endfacet
  facet normal -0.130571 0.991439 0
    outer loop
      vertex 77.0953 14.7784 4.11
      vertex 76.5 14.7 10.6
      vertex 77.0953 14.7784 10.6
    endloop
  endfacet
  facet normal -0.130571 0.991439 0
    outer loop
      vertex 76.5 14.7 10.6
      vertex 77.0953 14.7784 4.11
      vertex 76.5 14.7 4.11
    endloop
  endfacet
  facet normal 0.130571 -0.991439 0
    outer loop
      vertex 75.9047 19.2216 4.11
      vertex 76.5 19.3 10.6
      vertex 75.9047 19.2216 10.6
    endloop
  endfacet
  facet normal 0.130571 -0.991439 0
    outer loop
      vertex 76.5 19.3 10.6
      vertex 75.9047 19.2216 4.11
      vertex 76.5 19.3 4.11
    endloop
  endfacet
  facet normal -0.382592 -0.923917 0
    outer loop
      vertex 77.0953 19.2216 4.11
      vertex 77.65 18.9919 10.6
      vertex 77.0953 19.2216 10.6
    endloop
  endfacet
  facet normal -0.382592 -0.923917 -0
    outer loop
      vertex 77.65 18.9919 10.6
      vertex 77.0953 19.2216 4.11
      vertex 77.65 18.9919 4.11
    endloop
  endfacet
  facet normal -0.793255 0.608889 0
    outer loop
      vertex 78.1263 15.3737 4.11
      vertex 78.4919 15.85 10.6
      vertex 78.4919 15.85 4.11
    endloop
  endfacet
  facet normal -0.793255 0.608889 0
    outer loop
      vertex 78.4919 15.85 10.6
      vertex 78.1263 15.3737 4.11
      vertex 78.1263 15.3737 10.6
    endloop
  endfacet
  facet normal -0.923917 0.382592 0
    outer loop
      vertex 78.4919 15.85 4.11
      vertex 78.7216 16.4047 10.6
      vertex 78.7216 16.4047 4.11
    endloop
  endfacet
  facet normal -0.923917 0.382592 0
    outer loop
      vertex 78.7216 16.4047 10.6
      vertex 78.4919 15.85 4.11
      vertex 78.4919 15.85 10.6
    endloop
  endfacet
  facet normal -0.608889 0.793255 0
    outer loop
      vertex 78.1263 15.3737 4.11
      vertex 77.65 15.0081 10.6
      vertex 78.1263 15.3737 10.6
    endloop
  endfacet
  facet normal -0.608889 0.793255 0
    outer loop
      vertex 77.65 15.0081 10.6
      vertex 78.1263 15.3737 4.11
      vertex 77.65 15.0081 4.11
    endloop
  endfacet
  facet normal 0.991439 -0.130571 0
    outer loop
      vertex 74.2 17 10.6
      vertex 74.2784 17.5953 4.11
      vertex 74.2784 17.5953 10.6
    endloop
  endfacet
  facet normal 0.991439 -0.130571 0
    outer loop
      vertex 74.2784 17.5953 4.11
      vertex 74.2 17 10.6
      vertex 74.2 17 4.11
    endloop
  endfacet
  facet normal 0.382592 -0.923917 0
    outer loop
      vertex 75.35 18.9919 4.11
      vertex 75.9047 19.2216 10.6
      vertex 75.35 18.9919 10.6
    endloop
  endfacet
  facet normal 0.382592 -0.923917 0
    outer loop
      vertex 75.9047 19.2216 10.6
      vertex 75.35 18.9919 4.11
      vertex 75.9047 19.2216 4.11
    endloop
  endfacet
  facet normal 0.923917 -0.382592 0
    outer loop
      vertex 74.2784 17.5953 10.6
      vertex 74.5081 18.15 4.11
      vertex 74.5081 18.15 10.6
    endloop
  endfacet
  facet normal 0.923917 -0.382592 0
    outer loop
      vertex 74.5081 18.15 4.11
      vertex 74.2784 17.5953 10.6
      vertex 74.2784 17.5953 4.11
    endloop
  endfacet
  facet normal 0.923917 0.382592 0
    outer loop
      vertex 74.5081 15.85 10.6
      vertex 74.2784 16.4047 4.11
      vertex 74.2784 16.4047 10.6
    endloop
  endfacet
  facet normal 0.923917 0.382592 0
    outer loop
      vertex 74.2784 16.4047 4.11
      vertex 74.5081 15.85 10.6
      vertex 74.5081 15.85 4.11
    endloop
  endfacet
  facet normal 0.130571 0.991439 -0
    outer loop
      vertex 76.5 14.7 4.11
      vertex 75.9047 14.7784 10.6
      vertex 76.5 14.7 10.6
    endloop
  endfacet
  facet normal 0.130571 0.991439 0
    outer loop
      vertex 75.9047 14.7784 10.6
      vertex 76.5 14.7 4.11
      vertex 75.9047 14.7784 4.11
    endloop
  endfacet
  facet normal -0.608889 -0.793255 0
    outer loop
      vertex 77.65 18.9919 4.11
      vertex 78.1263 18.6263 10.6
      vertex 77.65 18.9919 10.6
    endloop
  endfacet
  facet normal -0.608889 -0.793255 -0
    outer loop
      vertex 78.1263 18.6263 10.6
      vertex 77.65 18.9919 4.11
      vertex 78.1263 18.6263 4.11
    endloop
  endfacet
  facet normal -0.793255 -0.608889 0
    outer loop
      vertex 78.4919 18.15 4.11
      vertex 78.1263 18.6263 10.6
      vertex 78.1263 18.6263 4.11
    endloop
  endfacet
  facet normal -0.793255 -0.608889 0
    outer loop
      vertex 78.1263 18.6263 10.6
      vertex 78.4919 18.15 4.11
      vertex 78.4919 18.15 10.6
    endloop
  endfacet
  facet normal -0.130571 -0.991439 0
    outer loop
      vertex 76.5 19.3 4.11
      vertex 77.0953 19.2216 10.6
      vertex 76.5 19.3 10.6
    endloop
  endfacet
  facet normal -0.130571 -0.991439 -0
    outer loop
      vertex 77.0953 19.2216 10.6
      vertex 76.5 19.3 4.11
      vertex 77.0953 19.2216 4.11
    endloop
  endfacet
  facet normal 0.608889 0.793255 -0
    outer loop
      vertex 75.35 15.0081 4.11
      vertex 74.8737 15.3737 10.6
      vertex 75.35 15.0081 10.6
    endloop
  endfacet
  facet normal 0.608889 0.793255 0
    outer loop
      vertex 74.8737 15.3737 10.6
      vertex 75.35 15.0081 4.11
      vertex 74.8737 15.3737 4.11
    endloop
  endfacet
  facet normal 0.991439 0.130571 0
    outer loop
      vertex 74.2784 16.4047 10.6
      vertex 74.2 17 4.11
      vertex 74.2 17 10.6
    endloop
  endfacet
  facet normal 0.991439 0.130571 0
    outer loop
      vertex 74.2 17 4.11
      vertex 74.2784 16.4047 10.6
      vertex 74.2784 16.4047 4.11
    endloop
  endfacet
  facet normal 0.382592 0.923917 -0
    outer loop
      vertex 75.9047 14.7784 4.11
      vertex 75.35 15.0081 10.6
      vertex 75.9047 14.7784 10.6
    endloop
  endfacet
  facet normal 0.382592 0.923917 0
    outer loop
      vertex 75.35 15.0081 10.6
      vertex 75.9047 14.7784 4.11
      vertex 75.35 15.0081 4.11
    endloop
  endfacet
  facet normal -0.471329 0.881957 0
    outer loop
      vertex 74.9693 48.6955 3
      vertex 74.2777 48.3259 10.6
      vertex 74.9693 48.6955 10.6
    endloop
  endfacet
  facet normal -0.471329 0.881957 0
    outer loop
      vertex 74.2777 48.3259 10.6
      vertex 74.9693 48.6955 3
      vertex 74.2777 48.3259 3
    endloop
  endfacet
  facet normal 0.471329 0.881957 -0
    outer loop
      vertex 78.7223 48.3259 3
      vertex 78.0307 48.6955 10.6
      vertex 78.7223 48.3259 10.6
    endloop
  endfacet
  facet normal 0.471329 0.881957 0
    outer loop
      vertex 78.0307 48.6955 10.6
      vertex 78.7223 48.3259 3
      vertex 78.0307 48.6955 3
    endloop
  endfacet
  facet normal 0.956941 0.290283 0
    outer loop
      vertex 80.4231 45.7804 10.6
      vertex 80.1955 46.5307 3
      vertex 80.1955 46.5307 10.6
    endloop
  endfacet
  facet normal 0.956941 0.290283 0
    outer loop
      vertex 80.1955 46.5307 3
      vertex 80.4231 45.7804 10.6
      vertex 80.4231 45.7804 3
    endloop
  endfacet
  facet normal 0.99518 0.0980643 0
    outer loop
      vertex 80.5 45 10.6
      vertex 80.4231 45.7804 3
      vertex 80.4231 45.7804 10.6
    endloop
  endfacet
  facet normal 0.99518 0.0980643 0
    outer loop
      vertex 80.4231 45.7804 3
      vertex 80.5 45 10.6
      vertex 80.5 45 3
    endloop
  endfacet
  facet normal 0.881957 0.471329 0
    outer loop
      vertex 80.1955 46.5307 10.6
      vertex 79.8259 47.2223 3
      vertex 79.8259 47.2223 10.6
    endloop
  endfacet
  facet normal 0.881957 0.471329 0
    outer loop
      vertex 79.8259 47.2223 3
      vertex 80.1955 46.5307 10.6
      vertex 80.1955 46.5307 3
    endloop
  endfacet
  facet normal 0.0980643 0.99518 -0
    outer loop
      vertex 77.2804 48.9231 3
      vertex 76.5 49 10.6
      vertex 77.2804 48.9231 10.6
    endloop
  endfacet
  facet normal 0.0980643 0.99518 0
    outer loop
      vertex 76.5 49 10.6
      vertex 77.2804 48.9231 3
      vertex 76.5 49 3
    endloop
  endfacet
  facet normal 0.0980643 -0.99518 0
    outer loop
      vertex 76.5 41 3
      vertex 77.2804 41.0769 10.6
      vertex 76.5 41 10.6
    endloop
  endfacet
  facet normal 0.0980643 -0.99518 0
    outer loop
      vertex 77.2804 41.0769 10.6
      vertex 76.5 41 3
      vertex 77.2804 41.0769 3
    endloop
  endfacet
  facet normal 0.290283 0.956941 -0
    outer loop
      vertex 78.0307 48.6955 3
      vertex 77.2804 48.9231 10.6
      vertex 78.0307 48.6955 10.6
    endloop
  endfacet
  facet normal 0.290283 0.956941 0
    outer loop
      vertex 77.2804 48.9231 10.6
      vertex 78.0307 48.6955 3
      vertex 77.2804 48.9231 3
    endloop
  endfacet
  facet normal 0.634459 0.772956 -0
    outer loop
      vertex 79.3284 47.8284 3
      vertex 78.7223 48.3259 10.6
      vertex 79.3284 47.8284 10.6
    endloop
  endfacet
  facet normal 0.634459 0.772956 0
    outer loop
      vertex 78.7223 48.3259 10.6
      vertex 79.3284 47.8284 3
      vertex 78.7223 48.3259 3
    endloop
  endfacet
  facet normal 0.772956 -0.634459 0
    outer loop
      vertex 79.3284 42.1716 10.6
      vertex 79.8259 42.7777 3
      vertex 79.8259 42.7777 10.6
    endloop
  endfacet
  facet normal 0.772956 -0.634459 0
    outer loop
      vertex 79.8259 42.7777 3
      vertex 79.3284 42.1716 10.6
      vertex 79.3284 42.1716 3
    endloop
  endfacet
  facet normal -0.634459 0.772956 0
    outer loop
      vertex 74.2777 48.3259 3
      vertex 73.6716 47.8284 10.6
      vertex 74.2777 48.3259 10.6
    endloop
  endfacet
  facet normal -0.634459 0.772956 0
    outer loop
      vertex 73.6716 47.8284 10.6
      vertex 74.2777 48.3259 3
      vertex 73.6716 47.8284 3
    endloop
  endfacet
  facet normal 0.471329 -0.881957 0
    outer loop
      vertex 78.0307 41.3045 3
      vertex 78.7223 41.6741 10.6
      vertex 78.0307 41.3045 10.6
    endloop
  endfacet
  facet normal 0.471329 -0.881957 0
    outer loop
      vertex 78.7223 41.6741 10.6
      vertex 78.0307 41.3045 3
      vertex 78.7223 41.6741 3
    endloop
  endfacet
  facet normal -0.881957 -0.471329 0
    outer loop
      vertex 73.1741 42.7777 3
      vertex 72.8045 43.4693 10.6
      vertex 72.8045 43.4693 3
    endloop
  endfacet
  facet normal -0.881957 -0.471329 0
    outer loop
      vertex 72.8045 43.4693 10.6
      vertex 73.1741 42.7777 3
      vertex 73.1741 42.7777 10.6
    endloop
  endfacet
  facet normal 0.99518 -0.0980643 0
    outer loop
      vertex 80.4231 44.2196 10.6
      vertex 80.5 45 3
      vertex 80.5 45 10.6
    endloop
  endfacet
  facet normal 0.99518 -0.0980643 0
    outer loop
      vertex 80.5 45 3
      vertex 80.4231 44.2196 10.6
      vertex 80.4231 44.2196 3
    endloop
  endfacet
  facet normal -0.290283 0.956941 0
    outer loop
      vertex 75.7196 48.9231 3
      vertex 74.9693 48.6955 10.6
      vertex 75.7196 48.9231 10.6
    endloop
  endfacet
  facet normal -0.290283 0.956941 0
    outer loop
      vertex 74.9693 48.6955 10.6
      vertex 75.7196 48.9231 3
      vertex 74.9693 48.6955 3
    endloop
  endfacet
  facet normal -0.0980643 -0.99518 0
    outer loop
      vertex 75.7196 41.0769 3
      vertex 76.5 41 10.6
      vertex 75.7196 41.0769 10.6
    endloop
  endfacet
  facet normal -0.0980643 -0.99518 -0
    outer loop
      vertex 76.5 41 10.6
      vertex 75.7196 41.0769 3
      vertex 76.5 41 3
    endloop
  endfacet
  facet normal -0.881957 0.471329 0
    outer loop
      vertex 72.8045 46.5307 3
      vertex 73.1741 47.2223 10.6
      vertex 73.1741 47.2223 3
    endloop
  endfacet
  facet normal -0.881957 0.471329 0
    outer loop
      vertex 73.1741 47.2223 10.6
      vertex 72.8045 46.5307 3
      vertex 72.8045 46.5307 10.6
    endloop
  endfacet
  facet normal 0.290283 -0.956941 0
    outer loop
      vertex 77.2804 41.0769 3
      vertex 78.0307 41.3045 10.6
      vertex 77.2804 41.0769 10.6
    endloop
  endfacet
  facet normal 0.290283 -0.956941 0
    outer loop
      vertex 78.0307 41.3045 10.6
      vertex 77.2804 41.0769 3
      vertex 78.0307 41.3045 3
    endloop
  endfacet
  facet normal 0 0 1
    outer loop
      vertex 78.8 45 10.6
      vertex 80.5 45 10.6
      vertex 80.4231 45.7804 10.6
    endloop
  endfacet
  facet normal 0 0 1
    outer loop
      vertex 78.7216 45.5953 10.6
      vertex 80.4231 45.7804 10.6
      vertex 80.1955 46.5307 10.6
    endloop
  endfacet
  facet normal 0 0 1
    outer loop
      vertex 80.5 45 10.6
      vertex 78.8 45 10.6
      vertex 80.4231 44.2196 10.6
    endloop
  endfacet
  facet normal 0 0 1
    outer loop
      vertex 78.4919 46.15 10.6
      vertex 80.1955 46.5307 10.6
      vertex 79.8259 47.2223 10.6
    endloop
  endfacet
  facet normal -0 0 1
    outer loop
      vertex 78.7216 44.4047 10.6
      vertex 80.4231 44.2196 10.6
      vertex 78.8 45 10.6
    endloop
  endfacet
  facet normal 0 0 1
    outer loop
      vertex 78.1263 46.6263 10.6
      vertex 79.8259 47.2223 10.6
      vertex 79.3284 47.8284 10.6
    endloop
  endfacet
  facet normal 0 0 1
    outer loop
      vertex 80.4231 44.2196 10.6
      vertex 78.7216 44.4047 10.6
      vertex 80.1955 43.4693 10.6
    endloop
  endfacet
  facet normal -0 0 1
    outer loop
      vertex 78.4919 43.85 10.6
      vertex 80.1955 43.4693 10.6
      vertex 78.7216 44.4047 10.6
    endloop
  endfacet
  facet normal 0 0 1
    outer loop
      vertex 78.1263 46.6263 10.6
      vertex 79.3284 47.8284 10.6
      vertex 78.7223 48.3259 10.6
    endloop
  endfacet
  facet normal 0 0 1
    outer loop
      vertex 80.4231 45.7804 10.6
      vertex 78.7216 45.5953 10.6
      vertex 78.8 45 10.6
    endloop
  endfacet
  facet normal 0 0 1
    outer loop
      vertex 80.1955 46.5307 10.6
      vertex 78.4919 46.15 10.6
      vertex 78.7216 45.5953 10.6
    endloop
  endfacet
  facet normal 0 0 1
    outer loop
      vertex 79.8259 47.2223 10.6
      vertex 78.1263 46.6263 10.6
      vertex 78.4919 46.15 10.6
    endloop
  endfacet
  facet normal 0 0 1
    outer loop
      vertex 77.65 46.9919 10.6
      vertex 78.7223 48.3259 10.6
      vertex 78.0307 48.6955 10.6
    endloop
  endfacet
  facet normal 0 0 1
    outer loop
      vertex 78.7223 48.3259 10.6
      vertex 77.65 46.9919 10.6
      vertex 78.1263 46.6263 10.6
    endloop
  endfacet
  facet normal 0 0 1
    outer loop
      vertex 77.0953 47.2216 10.6
      vertex 78.0307 48.6955 10.6
      vertex 77.2804 48.9231 10.6
    endloop
  endfacet
  facet normal 0 0 1
    outer loop
      vertex 78.0307 48.6955 10.6
      vertex 77.0953 47.2216 10.6
      vertex 77.65 46.9919 10.6
    endloop
  endfacet
  facet normal 0 0 1
    outer loop
      vertex 76.5 47.3 10.6
      vertex 77.2804 48.9231 10.6
      vertex 76.5 49 10.6
    endloop
  endfacet
  facet normal 0 0 1
    outer loop
      vertex 77.2804 48.9231 10.6
      vertex 76.5 47.3 10.6
      vertex 77.0953 47.2216 10.6
    endloop
  endfacet
  facet normal -0 0 1
    outer loop
      vertex 75.7196 48.9231 10.6
      vertex 76.5 47.3 10.6
      vertex 76.5 49 10.6
    endloop
  endfacet
  facet normal 0 0 1
    outer loop
      vertex 76.5 47.3 10.6
      vertex 75.7196 48.9231 10.6
      vertex 75.9047 47.2216 10.6
    endloop
  endfacet
  facet normal -0 0 1
    outer loop
      vertex 74.9693 48.6955 10.6
      vertex 75.9047 47.2216 10.6
      vertex 75.7196 48.9231 10.6
    endloop
  endfacet
  facet normal 0 0 1
    outer loop
      vertex 75.9047 47.2216 10.6
      vertex 74.9693 48.6955 10.6
      vertex 75.35 46.9919 10.6
    endloop
  endfacet
  facet normal -0 0 1
    outer loop
      vertex 74.2777 48.3259 10.6
      vertex 75.35 46.9919 10.6
      vertex 74.9693 48.6955 10.6
    endloop
  endfacet
  facet normal 0 0 1
    outer loop
      vertex 75.35 46.9919 10.6
      vertex 74.2777 48.3259 10.6
      vertex 74.8737 46.6263 10.6
    endloop
  endfacet
  facet normal -0 0 1
    outer loop
      vertex 73.6716 47.8284 10.6
      vertex 74.8737 46.6263 10.6
      vertex 74.2777 48.3259 10.6
    endloop
  endfacet
  facet normal -0 0 1
    outer loop
      vertex 73.1741 47.2223 10.6
      vertex 74.8737 46.6263 10.6
      vertex 73.6716 47.8284 10.6
    endloop
  endfacet
  facet normal 0 0 1
    outer loop
      vertex 74.8737 46.6263 10.6
      vertex 73.1741 47.2223 10.6
      vertex 74.5081 46.15 10.6
    endloop
  endfacet
  facet normal -0 0 1
    outer loop
      vertex 72.8045 46.5307 10.6
      vertex 74.5081 46.15 10.6
      vertex 73.1741 47.2223 10.6
    endloop
  endfacet
  facet normal 0 0 1
    outer loop
      vertex 80.1955 43.4693 10.6
      vertex 78.4919 43.85 10.6
      vertex 79.8259 42.7777 10.6
    endloop
  endfacet
  facet normal -0 0 1
    outer loop
      vertex 78.1263 43.3737 10.6
      vertex 79.8259 42.7777 10.6
      vertex 78.4919 43.85 10.6
    endloop
  endfacet
  facet normal 0 0 1
    outer loop
      vertex 79.8259 42.7777 10.6
      vertex 78.1263 43.3737 10.6
      vertex 79.3284 42.1716 10.6
    endloop
  endfacet
  facet normal 0 0 1
    outer loop
      vertex 79.3284 42.1716 10.6
      vertex 78.1263 43.3737 10.6
      vertex 78.7223 41.6741 10.6
    endloop
  endfacet
  facet normal -0 0 1
    outer loop
      vertex 77.65 43.0081 10.6
      vertex 78.7223 41.6741 10.6
      vertex 78.1263 43.3737 10.6
    endloop
  endfacet
  facet normal 0 0 1
    outer loop
      vertex 78.7223 41.6741 10.6
      vertex 77.65 43.0081 10.6
      vertex 78.0307 41.3045 10.6
    endloop
  endfacet
  facet normal -0 0 1
    outer loop
      vertex 77.0953 42.7784 10.6
      vertex 78.0307 41.3045 10.6
      vertex 77.65 43.0081 10.6
    endloop
  endfacet
  facet normal 0 0 1
    outer loop
      vertex 78.0307 41.3045 10.6
      vertex 77.0953 42.7784 10.6
      vertex 77.2804 41.0769 10.6
    endloop
  endfacet
  facet normal -0 0 1
    outer loop
      vertex 76.5 42.7 10.6
      vertex 77.2804 41.0769 10.6
      vertex 77.0953 42.7784 10.6
    endloop
  endfacet
  facet normal 0 0 1
    outer loop
      vertex 76.5 42.7 10.6
      vertex 76.5 41 10.6
      vertex 77.2804 41.0769 10.6
    endloop
  endfacet
  facet normal 0 0 1
    outer loop
      vertex 75.7196 41.0769 10.6
      vertex 76.5 42.7 10.6
      vertex 75.9047 42.7784 10.6
    endloop
  endfacet
  facet normal 0 0 1
    outer loop
      vertex 76.5 42.7 10.6
      vertex 75.7196 41.0769 10.6
      vertex 76.5 41 10.6
    endloop
  endfacet
  facet normal 0 0 1
    outer loop
      vertex 74.9693 41.3045 10.6
      vertex 75.9047 42.7784 10.6
      vertex 75.35 43.0081 10.6
    endloop
  endfacet
  facet normal 0 0 1
    outer loop
      vertex 75.9047 42.7784 10.6
      vertex 74.9693 41.3045 10.6
      vertex 75.7196 41.0769 10.6
    endloop
  endfacet
  facet normal 0 0 1
    outer loop
      vertex 74.2777 41.6741 10.6
      vertex 75.35 43.0081 10.6
      vertex 74.8737 43.3737 10.6
    endloop
  endfacet
  facet normal 0 0 1
    outer loop
      vertex 73.1741 42.7777 10.6
      vertex 74.8737 43.3737 10.6
      vertex 74.5081 43.85 10.6
    endloop
  endfacet
  facet normal 0 0 1
    outer loop
      vertex 72.8045 43.4693 10.6
      vertex 74.5081 43.85 10.6
      vertex 74.2784 44.4047 10.6
    endloop
  endfacet
  facet normal 0 0 1
    outer loop
      vertex 75.35 43.0081 10.6
      vertex 74.2777 41.6741 10.6
      vertex 74.9693 41.3045 10.6
    endloop
  endfacet
  facet normal 0 0 1
    outer loop
      vertex 72.5769 44.2196 10.6
      vertex 74.2784 44.4047 10.6
      vertex 74.2 45 10.6
    endloop
  endfacet
  facet normal 0 0 1
    outer loop
      vertex 74.5081 46.15 10.6
      vertex 72.8045 46.5307 10.6
      vertex 74.2784 45.5953 10.6
    endloop
  endfacet
  facet normal 0 0 1
    outer loop
      vertex 74.8737 43.3737 10.6
      vertex 73.6716 42.1716 10.6
      vertex 74.2777 41.6741 10.6
    endloop
  endfacet
  facet normal -0 0 1
    outer loop
      vertex 72.5769 45.7804 10.6
      vertex 74.2784 45.5953 10.6
      vertex 72.8045 46.5307 10.6
    endloop
  endfacet
  facet normal 0 0 1
    outer loop
      vertex 74.8737 43.3737 10.6
      vertex 73.1741 42.7777 10.6
      vertex 73.6716 42.1716 10.6
    endloop
  endfacet
  facet normal 0 0 1
    outer loop
      vertex 74.2784 45.5953 10.6
      vertex 72.5769 45.7804 10.6
      vertex 74.2 45 10.6
    endloop
  endfacet
  facet normal 0 0 1
    outer loop
      vertex 74.5081 43.85 10.6
      vertex 72.8045 43.4693 10.6
      vertex 73.1741 42.7777 10.6
    endloop
  endfacet
  facet normal 0 0 1
    outer loop
      vertex 72.5 45 10.6
      vertex 74.2 45 10.6
      vertex 72.5769 45.7804 10.6
    endloop
  endfacet
  facet normal 0 0 1
    outer loop
      vertex 74.2784 44.4047 10.6
      vertex 72.5769 44.2196 10.6
      vertex 72.8045 43.4693 10.6
    endloop
  endfacet
  facet normal 0 0 1
    outer loop
      vertex 74.2 45 10.6
      vertex 72.5 45 10.6
      vertex 72.5769 44.2196 10.6
    endloop
  endfacet
  facet normal -0.290283 -0.956941 0
    outer loop
      vertex 74.9693 41.3045 3
      vertex 75.7196 41.0769 10.6
      vertex 74.9693 41.3045 10.6
    endloop
  endfacet
  facet normal -0.290283 -0.956941 -0
    outer loop
      vertex 75.7196 41.0769 10.6
      vertex 74.9693 41.3045 3
      vertex 75.7196 41.0769 3
    endloop
  endfacet
  facet normal 0.956941 -0.290283 0
    outer loop
      vertex 80.1955 43.4693 10.6
      vertex 80.4231 44.2196 3
      vertex 80.4231 44.2196 10.6
    endloop
  endfacet
  facet normal 0.956941 -0.290283 0
    outer loop
      vertex 80.4231 44.2196 3
      vertex 80.1955 43.4693 10.6
      vertex 80.1955 43.4693 3
    endloop
  endfacet
  facet normal 0.772956 0.634459 0
    outer loop
      vertex 79.8259 47.2223 10.6
      vertex 79.3284 47.8284 3
      vertex 79.3284 47.8284 10.6
    endloop
  endfacet
  facet normal 0.772956 0.634459 0
    outer loop
      vertex 79.3284 47.8284 3
      vertex 79.8259 47.2223 10.6
      vertex 79.8259 47.2223 3
    endloop
  endfacet
  facet normal -0.99518 0.0980643 0
    outer loop
      vertex 72.5 45 3
      vertex 72.5769 45.7804 10.6
      vertex 72.5769 45.7804 3
    endloop
  endfacet
  facet normal -0.99518 0.0980643 0
    outer loop
      vertex 72.5769 45.7804 10.6
      vertex 72.5 45 3
      vertex 72.5 45 10.6
    endloop
  endfacet
  facet normal 0.634459 -0.772956 0
    outer loop
      vertex 78.7223 41.6741 3
      vertex 79.3284 42.1716 10.6
      vertex 78.7223 41.6741 10.6
    endloop
  endfacet
  facet normal 0.634459 -0.772956 0
    outer loop
      vertex 79.3284 42.1716 10.6
      vertex 78.7223 41.6741 3
      vertex 79.3284 42.1716 3
    endloop
  endfacet
  facet normal -0.634459 -0.772956 0
    outer loop
      vertex 73.6716 42.1716 3
      vertex 74.2777 41.6741 10.6
      vertex 73.6716 42.1716 10.6
    endloop
  endfacet
  facet normal -0.634459 -0.772956 -0
    outer loop
      vertex 74.2777 41.6741 10.6
      vertex 73.6716 42.1716 3
      vertex 74.2777 41.6741 3
    endloop
  endfacet
  facet normal -0.0980643 0.99518 0
    outer loop
      vertex 76.5 49 3
      vertex 75.7196 48.9231 10.6
      vertex 76.5 49 10.6
    endloop
  endfacet
  facet normal -0.0980643 0.99518 0
    outer loop
      vertex 75.7196 48.9231 10.6
      vertex 76.5 49 3
      vertex 75.7196 48.9231 3
    endloop
  endfacet
  facet normal 0.881957 -0.471329 0
    outer loop
      vertex 79.8259 42.7777 10.6
      vertex 80.1955 43.4693 3
      vertex 80.1955 43.4693 10.6
    endloop
  endfacet
  facet normal 0.881957 -0.471329 0
    outer loop
      vertex 80.1955 43.4693 3
      vertex 79.8259 42.7777 10.6
      vertex 79.8259 42.7777 3
    endloop
  endfacet
  facet normal -0.956941 -0.290283 0
    outer loop
      vertex 72.8045 43.4693 3
      vertex 72.5769 44.2196 10.6
      vertex 72.5769 44.2196 3
    endloop
  endfacet
  facet normal -0.956941 -0.290283 0
    outer loop
      vertex 72.5769 44.2196 10.6
      vertex 72.8045 43.4693 3
      vertex 72.8045 43.4693 10.6
    endloop
  endfacet
  facet normal -0.99518 -0.0980643 0
    outer loop
      vertex 72.5769 44.2196 3
      vertex 72.5 45 10.6
      vertex 72.5 45 3
    endloop
  endfacet
  facet normal -0.99518 -0.0980643 0
    outer loop
      vertex 72.5 45 10.6
      vertex 72.5769 44.2196 3
      vertex 72.5769 44.2196 10.6
    endloop
  endfacet
  facet normal -0.772956 -0.634459 0
    outer loop
      vertex 73.6716 42.1716 3
      vertex 73.1741 42.7777 10.6
      vertex 73.1741 42.7777 3
    endloop
  endfacet
  facet normal -0.772956 -0.634459 0
    outer loop
      vertex 73.1741 42.7777 10.6
      vertex 73.6716 42.1716 3
      vertex 73.6716 42.1716 10.6
    endloop
  endfacet
  facet normal -0.772956 0.634459 0
    outer loop
      vertex 73.1741 47.2223 3
      vertex 73.6716 47.8284 10.6
      vertex 73.6716 47.8284 3
    endloop
  endfacet
  facet normal -0.772956 0.634459 0
    outer loop
      vertex 73.6716 47.8284 10.6
      vertex 73.1741 47.2223 3
      vertex 73.1741 47.2223 10.6
    endloop
  endfacet
  facet normal -0.956941 0.290283 0
    outer loop
      vertex 72.5769 45.7804 3
      vertex 72.8045 46.5307 10.6
      vertex 72.8045 46.5307 3
    endloop
  endfacet
  facet normal -0.956941 0.290283 0
    outer loop
      vertex 72.8045 46.5307 10.6
      vertex 72.5769 45.7804 3
      vertex 72.5769 45.7804 10.6
    endloop
  endfacet
  facet normal -0.471329 -0.881957 0
    outer loop
      vertex 74.2777 41.6741 3
      vertex 74.9693 41.3045 10.6
      vertex 74.2777 41.6741 10.6
    endloop
  endfacet
  facet normal -0.471329 -0.881957 -0
    outer loop
      vertex 74.9693 41.3045 10.6
      vertex 74.2777 41.6741 3
      vertex 74.9693 41.3045 3
    endloop
  endfacet
  facet normal -0.923917 -0.382592 0
    outer loop
      vertex 78.7216 45.5953 4.11
      vertex 78.4919 46.15 10.6
      vertex 78.4919 46.15 4.11
    endloop
  endfacet
  facet normal -0.923917 -0.382592 0
    outer loop
      vertex 78.4919 46.15 10.6
      vertex 78.7216 45.5953 4.11
      vertex 78.7216 45.5953 10.6
    endloop
  endfacet
  facet normal -0.991439 -0.130571 0
    outer loop
      vertex 78.8 45 4.11
      vertex 78.7216 45.5953 10.6
      vertex 78.7216 45.5953 4.11
    endloop
  endfacet
  facet normal -0.991439 -0.130571 0
    outer loop
      vertex 78.7216 45.5953 10.6
      vertex 78.8 45 4.11
      vertex 78.8 45 10.6
    endloop
  endfacet
  facet normal -0.991439 0.130571 0
    outer loop
      vertex 78.7216 44.4047 4.11
      vertex 78.8 45 10.6
      vertex 78.8 45 4.11
    endloop
  endfacet
  facet normal -0.991439 0.130571 0
    outer loop
      vertex 78.8 45 10.6
      vertex 78.7216 44.4047 4.11
      vertex 78.7216 44.4047 10.6
    endloop
  endfacet
  facet normal -0.382592 0.923917 0
    outer loop
      vertex 77.65 43.0081 4.11
      vertex 77.0953 42.7784 10.6
      vertex 77.65 43.0081 10.6
    endloop
  endfacet
  facet normal -0.382592 0.923917 0
    outer loop
      vertex 77.0953 42.7784 10.6
      vertex 77.65 43.0081 4.11
      vertex 77.0953 42.7784 4.11
    endloop
  endfacet
  facet normal 0 0 1
    outer loop
      vertex 78.7216 45.5953 4.11
      vertex 78.7216 44.4047 4.11
      vertex 78.8 45 4.11
    endloop
  endfacet
  facet normal 0 0 1
    outer loop
      vertex 78.4919 46.15 4.11
      vertex 78.7216 44.4047 4.11
      vertex 78.7216 45.5953 4.11
    endloop
  endfacet
  facet normal 0 0 1
    outer loop
      vertex 78.4919 46.15 4.11
      vertex 78.4919 43.85 4.11
      vertex 78.7216 44.4047 4.11
    endloop
  endfacet
  facet normal 0 0 1
    outer loop
      vertex 78.1263 46.6263 4.11
      vertex 78.4919 43.85 4.11
      vertex 78.4919 46.15 4.11
    endloop
  endfacet
  facet normal 0 0 1
    outer loop
      vertex 78.1263 46.6263 4.11
      vertex 78.1263 43.3737 4.11
      vertex 78.4919 43.85 4.11
    endloop
  endfacet
  facet normal 0 0 1
    outer loop
      vertex 77.65 46.9919 4.11
      vertex 78.1263 43.3737 4.11
      vertex 78.1263 46.6263 4.11
    endloop
  endfacet
  facet normal 0 0 1
    outer loop
      vertex 77.65 46.9919 4.11
      vertex 77.65 43.0081 4.11
      vertex 78.1263 43.3737 4.11
    endloop
  endfacet
  facet normal 0 0 1
    outer loop
      vertex 77.0953 47.2216 4.11
      vertex 77.65 43.0081 4.11
      vertex 77.65 46.9919 4.11
    endloop
  endfacet
  facet normal 0 0 1
    outer loop
      vertex 77.0953 47.2216 4.11
      vertex 77.0953 42.7784 4.11
      vertex 77.65 43.0081 4.11
    endloop
  endfacet
  facet normal 0 0 1
    outer loop
      vertex 76.5 47.3 4.11
      vertex 77.0953 42.7784 4.11
      vertex 77.0953 47.2216 4.11
    endloop
  endfacet
  facet normal 0 0 1
    outer loop
      vertex 76.5 47.3 4.11
      vertex 76.5 42.7 4.11
      vertex 77.0953 42.7784 4.11
    endloop
  endfacet
  facet normal -0 0 1
    outer loop
      vertex 75.9047 47.2216 4.11
      vertex 76.5 42.7 4.11
      vertex 76.5 47.3 4.11
    endloop
  endfacet
  facet normal 0 0 1
    outer loop
      vertex 75.9047 47.2216 4.11
      vertex 75.9047 42.7784 4.11
      vertex 76.5 42.7 4.11
    endloop
  endfacet
  facet normal -0 0 1
    outer loop
      vertex 75.35 46.9919 4.11
      vertex 75.9047 42.7784 4.11
      vertex 75.9047 47.2216 4.11
    endloop
  endfacet
  facet normal 0 0 1
    outer loop
      vertex 75.35 46.9919 4.11
      vertex 75.35 43.0081 4.11
      vertex 75.9047 42.7784 4.11
    endloop
  endfacet
  facet normal -0 0 1
    outer loop
      vertex 74.8737 46.6263 4.11
      vertex 75.35 43.0081 4.11
      vertex 75.35 46.9919 4.11
    endloop
  endfacet
  facet normal 0 0 1
    outer loop
      vertex 74.8737 46.6263 4.11
      vertex 74.8737 43.3737 4.11
      vertex 75.35 43.0081 4.11
    endloop
  endfacet
  facet normal -0 0 1
    outer loop
      vertex 74.5081 46.15 4.11
      vertex 74.8737 43.3737 4.11
      vertex 74.8737 46.6263 4.11
    endloop
  endfacet
  facet normal 0 0 1
    outer loop
      vertex 74.5081 46.15 4.11
      vertex 74.5081 43.85 4.11
      vertex 74.8737 43.3737 4.11
    endloop
  endfacet
  facet normal -0 0 1
    outer loop
      vertex 74.2784 45.5953 4.11
      vertex 74.5081 43.85 4.11
      vertex 74.5081 46.15 4.11
    endloop
  endfacet
  facet normal 0 0 1
    outer loop
      vertex 74.2784 45.5953 4.11
      vertex 74.2784 44.4047 4.11
      vertex 74.5081 43.85 4.11
    endloop
  endfacet
  facet normal 0 -0 1
    outer loop
      vertex 74.2784 44.4047 4.11
      vertex 74.2784 45.5953 4.11
      vertex 74.2 45 4.11
    endloop
  endfacet
  facet normal 0.793255 0.608889 0
    outer loop
      vertex 74.8737 43.3737 10.6
      vertex 74.5081 43.85 4.11
      vertex 74.5081 43.85 10.6
    endloop
  endfacet
  facet normal 0.793255 0.608889 0
    outer loop
      vertex 74.5081 43.85 4.11
      vertex 74.8737 43.3737 10.6
      vertex 74.8737 43.3737 4.11
    endloop
  endfacet
  facet normal 0.793255 -0.608889 0
    outer loop
      vertex 74.5081 46.15 10.6
      vertex 74.8737 46.6263 4.11
      vertex 74.8737 46.6263 10.6
    endloop
  endfacet
  facet normal 0.793255 -0.608889 0
    outer loop
      vertex 74.8737 46.6263 4.11
      vertex 74.5081 46.15 10.6
      vertex 74.5081 46.15 4.11
    endloop
  endfacet
  facet normal 0.608889 -0.793255 0
    outer loop
      vertex 74.8737 46.6263 4.11
      vertex 75.35 46.9919 10.6
      vertex 74.8737 46.6263 10.6
    endloop
  endfacet
  facet normal 0.608889 -0.793255 0
    outer loop
      vertex 75.35 46.9919 10.6
      vertex 74.8737 46.6263 4.11
      vertex 75.35 46.9919 4.11
    endloop
  endfacet
  facet normal -0.130571 0.991439 0
    outer loop
      vertex 77.0953 42.7784 4.11
      vertex 76.5 42.7 10.6
      vertex 77.0953 42.7784 10.6
    endloop
  endfacet
  facet normal -0.130571 0.991439 0
    outer loop
      vertex 76.5 42.7 10.6
      vertex 77.0953 42.7784 4.11
      vertex 76.5 42.7 4.11
    endloop
  endfacet
  facet normal 0.130571 -0.991439 0
    outer loop
      vertex 75.9047 47.2216 4.11
      vertex 76.5 47.3 10.6
      vertex 75.9047 47.2216 10.6
    endloop
  endfacet
  facet normal 0.130571 -0.991439 0
    outer loop
      vertex 76.5 47.3 10.6
      vertex 75.9047 47.2216 4.11
      vertex 76.5 47.3 4.11
    endloop
  endfacet
  facet normal -0.382592 -0.923917 0
    outer loop
      vertex 77.0953 47.2216 4.11
      vertex 77.65 46.9919 10.6
      vertex 77.0953 47.2216 10.6
    endloop
  endfacet
  facet normal -0.382592 -0.923917 -0
    outer loop
      vertex 77.65 46.9919 10.6
      vertex 77.0953 47.2216 4.11
      vertex 77.65 46.9919 4.11
    endloop
  endfacet
  facet normal -0.793255 0.608889 0
    outer loop
      vertex 78.1263 43.3737 4.11
      vertex 78.4919 43.85 10.6
      vertex 78.4919 43.85 4.11
    endloop
  endfacet
  facet normal -0.793255 0.608889 0
    outer loop
      vertex 78.4919 43.85 10.6
      vertex 78.1263 43.3737 4.11
      vertex 78.1263 43.3737 10.6
    endloop
  endfacet
  facet normal -0.923917 0.382592 0
    outer loop
      vertex 78.4919 43.85 4.11
      vertex 78.7216 44.4047 10.6
      vertex 78.7216 44.4047 4.11
    endloop
  endfacet
  facet normal -0.923917 0.382592 0
    outer loop
      vertex 78.7216 44.4047 10.6
      vertex 78.4919 43.85 4.11
      vertex 78.4919 43.85 10.6
    endloop
  endfacet
  facet normal -0.608889 0.793255 0
    outer loop
      vertex 78.1263 43.3737 4.11
      vertex 77.65 43.0081 10.6
      vertex 78.1263 43.3737 10.6
    endloop
  endfacet
  facet normal -0.608889 0.793255 0
    outer loop
      vertex 77.65 43.0081 10.6
      vertex 78.1263 43.3737 4.11
      vertex 77.65 43.0081 4.11
    endloop
  endfacet
  facet normal 0.991439 -0.130571 0
    outer loop
      vertex 74.2 45 10.6
      vertex 74.2784 45.5953 4.11
      vertex 74.2784 45.5953 10.6
    endloop
  endfacet
  facet normal 0.991439 -0.130571 0
    outer loop
      vertex 74.2784 45.5953 4.11
      vertex 74.2 45 10.6
      vertex 74.2 45 4.11
    endloop
  endfacet
  facet normal 0.382592 -0.923917 0
    outer loop
      vertex 75.35 46.9919 4.11
      vertex 75.9047 47.2216 10.6
      vertex 75.35 46.9919 10.6
    endloop
  endfacet
  facet normal 0.382592 -0.923917 0
    outer loop
      vertex 75.9047 47.2216 10.6
      vertex 75.35 46.9919 4.11
      vertex 75.9047 47.2216 4.11
    endloop
  endfacet
  facet normal 0.923917 -0.382592 0
    outer loop
      vertex 74.2784 45.5953 10.6
      vertex 74.5081 46.15 4.11
      vertex 74.5081 46.15 10.6
    endloop
  endfacet
  facet normal 0.923917 -0.382592 0
    outer loop
      vertex 74.5081 46.15 4.11
      vertex 74.2784 45.5953 10.6
      vertex 74.2784 45.5953 4.11
    endloop
  endfacet
  facet normal 0.923917 0.382592 0
    outer loop
      vertex 74.5081 43.85 10.6
      vertex 74.2784 44.4047 4.11
      vertex 74.2784 44.4047 10.6
    endloop
  endfacet
  facet normal 0.923917 0.382592 0
    outer loop
      vertex 74.2784 44.4047 4.11
      vertex 74.5081 43.85 10.6
      vertex 74.5081 43.85 4.11
    endloop
  endfacet
  facet normal 0.130571 0.991439 -0
    outer loop
      vertex 76.5 42.7 4.11
      vertex 75.9047 42.7784 10.6
      vertex 76.5 42.7 10.6
    endloop
  endfacet
  facet normal 0.130571 0.991439 0
    outer loop
      vertex 75.9047 42.7784 10.6
      vertex 76.5 42.7 4.11
      vertex 75.9047 42.7784 4.11
    endloop
  endfacet
  facet normal -0.608889 -0.793255 0
    outer loop
      vertex 77.65 46.9919 4.11
      vertex 78.1263 46.6263 10.6
      vertex 77.65 46.9919 10.6
    endloop
  endfacet
  facet normal -0.608889 -0.793255 -0
    outer loop
      vertex 78.1263 46.6263 10.6
      vertex 77.65 46.9919 4.11
      vertex 78.1263 46.6263 4.11
    endloop
  endfacet
  facet normal -0.793255 -0.608889 0
    outer loop
      vertex 78.4919 46.15 4.11
      vertex 78.1263 46.6263 10.6
      vertex 78.1263 46.6263 4.11
    endloop
  endfacet
  facet normal -0.793255 -0.608889 0
    outer loop
      vertex 78.1263 46.6263 10.6
      vertex 78.4919 46.15 4.11
      vertex 78.4919 46.15 10.6
    endloop
  endfacet
  facet normal -0.130571 -0.991439 0
    outer loop
      vertex 76.5 47.3 4.11
      vertex 77.0953 47.2216 10.6
      vertex 76.5 47.3 10.6
    endloop
  endfacet
  facet normal -0.130571 -0.991439 -0
    outer loop
      vertex 77.0953 47.2216 10.6
      vertex 76.5 47.3 4.11
      vertex 77.0953 47.2216 4.11
    endloop
  endfacet
  facet normal 0.608889 0.793255 -0
    outer loop
      vertex 75.35 43.0081 4.11
      vertex 74.8737 43.3737 10.6
      vertex 75.35 43.0081 10.6
    endloop
  endfacet
  facet normal 0.608889 0.793255 0
    outer loop
      vertex 74.8737 43.3737 10.6
      vertex 75.35 43.0081 4.11
      vertex 74.8737 43.3737 4.11
    endloop
  endfacet
  facet normal 0.991439 0.130571 0
    outer loop
      vertex 74.2784 44.4047 10.6
      vertex 74.2 45 4.11
      vertex 74.2 45 10.6
    endloop
  endfacet
  facet normal 0.991439 0.130571 0
    outer loop
      vertex 74.2 45 4.11
      vertex 74.2784 44.4047 10.6
      vertex 74.2784 44.4047 4.11
    endloop
  endfacet
  facet normal 0.382592 0.923917 -0
    outer loop
      vertex 75.9047 42.7784 4.11
      vertex 75.35 43.0081 10.6
      vertex 75.9047 42.7784 10.6
    endloop
  endfacet
  facet normal 0.382592 0.923917 0
    outer loop
      vertex 75.35 43.0081 10.6
      vertex 75.9047 42.7784 4.11
      vertex 75.35 43.0081 4.11
    endloop
  endfacet
  facet normal 0.923755 0.382983 0
    outer loop
      vertex 140.949 37.8882 4
      vertex 140.799 38.25 3
      vertex 140.799 38.25 4
    endloop
  endfacet
  facet normal 0.923755 0.382983 0
    outer loop
      vertex 140.799 38.25 3
      vertex 140.949 37.8882 4
      vertex 140.949 37.8882 3
    endloop
  endfacet
  facet normal 1 -0 0
    outer loop
      vertex 141 15.5 4
      vertex 141 37.5 3
      vertex 141 37.5 4
    endloop
  endfacet
  facet normal 1 0 0
    outer loop
      vertex 141 37.5 3
      vertex 141 15.5 4
      vertex 141 15.5 3
    endloop
  endfacet
  facet normal 0 1 -0
    outer loop
      vertex 139.5 39 3
      vertex 96.414 39 4
      vertex 139.5 39 4
    endloop
  endfacet
  facet normal 0 1 0
    outer loop
      vertex 95.5 39 3
      vertex 96.414 39 4
      vertex 139.5 39 3
    endloop
  endfacet
  facet normal 0 1 0
    outer loop
      vertex 96.414 39 4
      vertex 95.5 39 3
      vertex 95.5 39 4
    endloop
  endfacet
  facet normal -0.991447 0.130507 0
    outer loop
      vertex 94 37.5 3
      vertex 94.0511 37.8882 4
      vertex 94.0511 37.8882 3
    endloop
  endfacet
  facet normal -0.991447 0.130507 0
    outer loop
      vertex 94.0511 37.8882 4
      vertex 94 37.5 3
      vertex 94 37.5 4
    endloop
  endfacet
  facet normal 0.130308 0.991474 -0
    outer loop
      vertex 139.888 38.9489 3
      vertex 139.573 38.9903 4
      vertex 139.888 38.9489 4
    endloop
  endfacet
  facet normal 0.130573 0.991439 8.509e-05
    outer loop
      vertex 139.5 39 3
      vertex 139.573 38.9903 4
      vertex 139.888 38.9489 3
    endloop
  endfacet
  facet normal 0.131719 0.991287 0
    outer loop
      vertex 139.573 38.9903 4
      vertex 139.5 39 3
      vertex 139.5 39 4
    endloop
  endfacet
  facet normal 0.99148 -0.130256 0
    outer loop
      vertex 140.949 15.1118 4
      vertex 141 15.5 3
      vertex 141 15.5 4
    endloop
  endfacet
  facet normal 0.99148 -0.130256 0
    outer loop
      vertex 141 15.5 3
      vertex 140.949 15.1118 4
      vertex 140.949 15.1118 3
    endloop
  endfacet
  facet normal -1 0 0
    outer loop
      vertex 94 15.5 3
      vertex 94 37.5 4
      vertex 94 37.5 3
    endloop
  endfacet
  facet normal -1 -0 0
    outer loop
      vertex 94 37.5 4
      vertex 94 15.5 3
      vertex 94 15.5 4
    endloop
  endfacet
  facet normal -0.130507 0.991447 0
    outer loop
      vertex 95.5 39 3
      vertex 95.1118 38.9489 4
      vertex 95.5 39 4
    endloop
  endfacet
  facet normal -0.130507 0.991447 0
    outer loop
      vertex 95.1118 38.9489 4
      vertex 95.5 39 3
      vertex 95.1118 38.9489 3
    endloop
  endfacet
  facet normal -0.130507 -0.991447 0
    outer loop
      vertex 95.1118 14.0511 3
      vertex 95.5 14 4
      vertex 95.1118 14.0511 4
    endloop
  endfacet
  facet normal -0.130507 -0.991447 -0
    outer loop
      vertex 95.5 14 4
      vertex 95.1118 14.0511 3
      vertex 95.5 14 3
    endloop
  endfacet
  facet normal 0.99148 0.130256 0
    outer loop
      vertex 141 37.5 4
      vertex 140.949 37.8882 3
      vertex 140.949 37.8882 4
    endloop
  endfacet
  facet normal 0.99148 0.130256 0
    outer loop
      vertex 140.949 37.8882 3
      vertex 141 37.5 4
      vertex 141 37.5 3
    endloop
  endfacet
  facet normal -0.382765 0.923846 0
    outer loop
      vertex 95.1118 38.9489 3
      vertex 94.75 38.799 4
      vertex 95.1118 38.9489 4
    endloop
  endfacet
  facet normal -0.382765 0.923846 0
    outer loop
      vertex 94.75 38.799 4
      vertex 95.1118 38.9489 3
      vertex 94.75 38.799 3
    endloop
  endfacet
  facet normal 0.923755 -0.382983 0
    outer loop
      vertex 140.799 14.75 4
      vertex 140.949 15.1118 3
      vertex 140.949 15.1118 4
    endloop
  endfacet
  facet normal 0.923755 -0.382983 0
    outer loop
      vertex 140.949 15.1118 3
      vertex 140.799 14.75 4
      vertex 140.799 14.75 3
    endloop
  endfacet
  facet normal -0.793487 -0.608587 0
    outer loop
      vertex 94.4393 14.4393 3
      vertex 94.201 14.75 4
      vertex 94.201 14.75 3
    endloop
  endfacet
  facet normal -0.793487 -0.608587 0
    outer loop
      vertex 94.201 14.75 4
      vertex 94.4393 14.4393 3
      vertex 94.4393 14.4393 4
    endloop
  endfacet
  facet normal -0.608587 0.793487 0
    outer loop
      vertex 94.75 38.799 3
      vertex 94.4393 38.5607 4
      vertex 94.75 38.799 4
    endloop
  endfacet
  facet normal -0.608587 0.793487 0
    outer loop
      vertex 94.4393 38.5607 4
      vertex 94.75 38.799 3
      vertex 94.4393 38.5607 3
    endloop
  endfacet
  facet normal -0.608587 -0.793487 0
    outer loop
      vertex 94.4393 14.4393 3
      vertex 94.75 14.201 4
      vertex 94.4393 14.4393 4
    endloop
  endfacet
  facet normal -0.608587 -0.793487 -0
    outer loop
      vertex 94.75 14.201 4
      vertex 94.4393 14.4393 3
      vertex 94.75 14.201 3
    endloop
  endfacet
  facet normal 0 0 1
    outer loop
      vertex 141 37.5 4
      vertex 139.466 36.7588 4
      vertex 139.5 36.5 4
    endloop
  endfacet
  facet normal 0 0 1
    outer loop
      vertex 140.25 38.799 4
      vertex 139.366 37 4
      vertex 139.466 36.7588 4
    endloop
  endfacet
  facet normal 0 0 1
    outer loop
      vertex 140.25 38.799 4
      vertex 139.259 38.8341 4
      vertex 139.207 37.2071 4
    endloop
  endfacet
  facet normal 0 0 1
    outer loop
      vertex 140.25 38.799 4
      vertex 139.207 37.2071 4
      vertex 139.366 37 4
    endloop
  endfacet
  facet normal 0 0 1
    outer loop
      vertex 139 37.366 4
      vertex 139.259 38.8341 4
      vertex 139 38.8 4
    endloop
  endfacet
  facet normal 0 0 1
    outer loop
      vertex 139.259 38.8341 4
      vertex 139 37.366 4
      vertex 139.207 37.2071 4
    endloop
  endfacet
  facet normal 0 0 1
    outer loop
      vertex 139 38.8 4
      vertex 138.759 37.4659 4
      vertex 139 37.366 4
    endloop
  endfacet
  facet normal 0 0 1
    outer loop
      vertex 139 38.8 4
      vertex 138.5 37.5 4
      vertex 138.759 37.4659 4
    endloop
  endfacet
  facet normal -0 0 1
    outer loop
      vertex 97 38.8 4
      vertex 138.5 37.5 4
      vertex 139 38.8 4
    endloop
  endfacet
  facet normal 0 0 1
    outer loop
      vertex 97 38.8 4
      vertex 96.5 37.5 4
      vertex 138.5 37.5 4
    endloop
  endfacet
  facet normal 0 0 1
    outer loop
      vertex 96.7412 38.8341 4
      vertex 96.5 37.5 4
      vertex 97 38.8 4
    endloop
  endfacet
  facet normal 0 0 1
    outer loop
      vertex 96.5 38.934 4
      vertex 96.5 37.5 4
      vertex 96.7412 38.8341 4
    endloop
  endfacet
  facet normal -0 0 1
    outer loop
      vertex 95.5 39 4
      vertex 96.5 38.934 4
      vertex 96.414 39 4
    endloop
  endfacet
  facet normal 0 0 1
    outer loop
      vertex 96.5 38.934 4
      vertex 96.2412 37.4659 4
      vertex 96.5 37.5 4
    endloop
  endfacet
  facet normal 0 0 1
    outer loop
      vertex 96.5 38.934 4
      vertex 95.5 39 4
      vertex 96.2412 37.4659 4
    endloop
  endfacet
  facet normal 0 0 1
    outer loop
      vertex 96.2412 37.4659 4
      vertex 95.5 39 4
      vertex 96 37.366 4
    endloop
  endfacet
  facet normal -0 0 1
    outer loop
      vertex 95.1118 38.9489 4
      vertex 96 37.366 4
      vertex 95.5 39 4
    endloop
  endfacet
  facet normal 0 0 1
    outer loop
      vertex 96 37.366 4
      vertex 95.1118 38.9489 4
      vertex 95.7929 37.2071 4
    endloop
  endfacet
  facet normal -0 0 1
    outer loop
      vertex 94.75 38.799 4
      vertex 95.7929 37.2071 4
      vertex 95.1118 38.9489 4
    endloop
  endfacet
  facet normal -0 0 1
    outer loop
      vertex 94.4393 38.5607 4
      vertex 95.7929 37.2071 4
      vertex 94.75 38.799 4
    endloop
  endfacet
  facet normal -0 0 1
    outer loop
      vertex 94.201 38.25 4
      vertex 95.7929 37.2071 4
      vertex 94.4393 38.5607 4
    endloop
  endfacet
  facet normal 0 0 1
    outer loop
      vertex 95.5 36.5 4
      vertex 94 37.5 4
      vertex 95.5 16.5 4
    endloop
  endfacet
  facet normal -0 0 1
    outer loop
      vertex 94.0511 37.8882 4
      vertex 95.7929 37.2071 4
      vertex 94.201 38.25 4
    endloop
  endfacet
  facet normal 0 0 1
    outer loop
      vertex 94 15.5 4
      vertex 95.5 16.5 4
      vertex 94 37.5 4
    endloop
  endfacet
  facet normal 0 0 1
    outer loop
      vertex 95.7929 37.2071 4
      vertex 94.0511 37.8882 4
      vertex 95.634 37 4
    endloop
  endfacet
  facet normal 0 -0 1
    outer loop
      vertex 94.0511 15.1118 4
      vertex 95.5 16.5 4
      vertex 94 15.5 4
    endloop
  endfacet
  facet normal -0 0 1
    outer loop
      vertex 94 37.5 4
      vertex 95.634 37 4
      vertex 94.0511 37.8882 4
    endloop
  endfacet
  facet normal 0 0 1
    outer loop
      vertex 95.5 16.5 4
      vertex 95.1118 14.0511 4
      vertex 95.5 14 4
    endloop
  endfacet
  facet normal 0 0 1
    outer loop
      vertex 95.634 37 4
      vertex 94 37.5 4
      vertex 95.5341 36.7588 4
    endloop
  endfacet
  facet normal 0 0 1
    outer loop
      vertex 95.5 16.5 4
      vertex 94.75 14.201 4
      vertex 95.1118 14.0511 4
    endloop
  endfacet
  facet normal 0 0 1
    outer loop
      vertex 95.5341 36.7588 4
      vertex 94 37.5 4
      vertex 95.5 36.5 4
    endloop
  endfacet
  facet normal 0 0 1
    outer loop
      vertex 95.5 16.5 4
      vertex 94.4393 14.4393 4
      vertex 94.75 14.201 4
    endloop
  endfacet
  facet normal 0 0 1
    outer loop
      vertex 95.5 16.5 4
      vertex 94.201 14.75 4
      vertex 94.4393 14.4393 4
    endloop
  endfacet
  facet normal 0 0 1
    outer loop
      vertex 95.5 16.5 4
      vertex 94.0511 15.1118 4
      vertex 94.201 14.75 4
    endloop
  endfacet
  facet normal 0 0 1
    outer loop
      vertex 139.466 36.7588 4
      vertex 141 37.5 4
      vertex 140.949 37.8882 4
    endloop
  endfacet
  facet normal 0 0 1
    outer loop
      vertex 141 37.5 4
      vertex 139.5 36.5 4
      vertex 141 15.5 4
    endloop
  endfacet
  facet normal 0 0 1
    outer loop
      vertex 139.466 36.7588 4
      vertex 140.949 37.8882 4
      vertex 140.799 38.25 4
    endloop
  endfacet
  facet normal -0 0 1
    outer loop
      vertex 139.5 16.5 4
      vertex 141 15.5 4
      vertex 139.5 36.5 4
    endloop
  endfacet
  facet normal 0 0 1
    outer loop
      vertex 139.466 36.7588 4
      vertex 140.799 38.25 4
      vertex 140.561 38.5607 4
    endloop
  endfacet
  facet normal -0 0 1
    outer loop
      vertex 139.466 16.2412 4
      vertex 141 15.5 4
      vertex 139.5 16.5 4
    endloop
  endfacet
  facet normal 0 0 1
    outer loop
      vertex 139.466 36.7588 4
      vertex 140.561 38.5607 4
      vertex 140.25 38.799 4
    endloop
  endfacet
  facet normal -0 0 1
    outer loop
      vertex 139.366 16 4
      vertex 141 15.5 4
      vertex 139.466 16.2412 4
    endloop
  endfacet
  facet normal -0 0 1
    outer loop
      vertex 139.5 38.934 4
      vertex 140.25 38.799 4
      vertex 139.888 38.9489 4
    endloop
  endfacet
  facet normal 0 0 1
    outer loop
      vertex 141 15.5 4
      vertex 139.366 16 4
      vertex 140.949 15.1118 4
    endloop
  endfacet
  facet normal 0 0 1
    outer loop
      vertex 139.5 38.934 4
      vertex 139.888 38.9489 4
      vertex 139.573 38.9903 4
    endloop
  endfacet
  facet normal -0 0 1
    outer loop
      vertex 139.207 15.7929 4
      vertex 140.949 15.1118 4
      vertex 139.366 16 4
    endloop
  endfacet
  facet normal -0 0 1
    outer loop
      vertex 139.259 38.8341 4
      vertex 140.25 38.799 4
      vertex 139.5 38.934 4
    endloop
  endfacet
  facet normal 0 0 1
    outer loop
      vertex 140.949 15.1118 4
      vertex 139.207 15.7929 4
      vertex 140.799 14.75 4
    endloop
  endfacet
  facet normal 0 0 1
    outer loop
      vertex 140.799 14.75 4
      vertex 139.207 15.7929 4
      vertex 140.561 14.4393 4
    endloop
  endfacet
  facet normal 0 0 1
    outer loop
      vertex 140.561 14.4393 4
      vertex 139.207 15.7929 4
      vertex 140.25 14.201 4
    endloop
  endfacet
  facet normal 0 -0 1
    outer loop
      vertex 139.259 14.1659 4
      vertex 140.25 14.201 4
      vertex 139.207 15.7929 4
    endloop
  endfacet
  facet normal 0 0 1
    outer loop
      vertex 139.888 14.0511 4
      vertex 139.5 14.066 4
      vertex 139.573 14.0097 4
    endloop
  endfacet
  facet normal 0 0 1
    outer loop
      vertex 140.25 14.201 4
      vertex 139.259 14.1659 4
      vertex 139.888 14.0511 4
    endloop
  endfacet
  facet normal 0 0 1
    outer loop
      vertex 139.888 14.0511 4
      vertex 139.259 14.1659 4
      vertex 139.5 14.066 4
    endloop
  endfacet
  facet normal -0 0 1
    outer loop
      vertex 139 15.634 4
      vertex 139.259 14.1659 4
      vertex 139.207 15.7929 4
    endloop
  endfacet
  facet normal 0 0 1
    outer loop
      vertex 139 15.634 4
      vertex 139 14.2 4
      vertex 139.259 14.1659 4
    endloop
  endfacet
  facet normal -0 0 1
    outer loop
      vertex 138.759 15.5341 4
      vertex 139 14.2 4
      vertex 139 15.634 4
    endloop
  endfacet
  facet normal -0 0 1
    outer loop
      vertex 138.5 15.5 4
      vertex 139 14.2 4
      vertex 138.759 15.5341 4
    endloop
  endfacet
  facet normal 0 0 1
    outer loop
      vertex 138.5 15.5 4
      vertex 97 14.2 4
      vertex 139 14.2 4
    endloop
  endfacet
  facet normal -0 0 1
    outer loop
      vertex 96.5 15.5 4
      vertex 97 14.2 4
      vertex 138.5 15.5 4
    endloop
  endfacet
  facet normal 0 0 1
    outer loop
      vertex 96.5 15.5 4
      vertex 96.7412 14.1659 4
      vertex 97 14.2 4
    endloop
  endfacet
  facet normal 0 0 1
    outer loop
      vertex 96.5 15.5 4
      vertex 96.5 14.066 4
      vertex 96.7412 14.1659 4
    endloop
  endfacet
  facet normal 0 0 1
    outer loop
      vertex 96.2412 15.5341 4
      vertex 96.5 14.066 4
      vertex 96.5 15.5 4
    endloop
  endfacet
  facet normal 0 0 1
    outer loop
      vertex 95.5 14 4
      vertex 96.5 14.066 4
      vertex 96.2412 15.5341 4
    endloop
  endfacet
  facet normal 0 0 1
    outer loop
      vertex 95.5 14 4
      vertex 96.2412 15.5341 4
      vertex 96 15.634 4
    endloop
  endfacet
  facet normal 0 0 1
    outer loop
      vertex 95.5 14 4
      vertex 96 15.634 4
      vertex 95.7929 15.7929 4
    endloop
  endfacet
  facet normal 0 0 1
    outer loop
      vertex 95.5 14 4
      vertex 95.7929 15.7929 4
      vertex 95.634 16 4
    endloop
  endfacet
  facet normal 0 0 1
    outer loop
      vertex 95.5 14 4
      vertex 95.634 16 4
      vertex 95.5341 16.2412 4
    endloop
  endfacet
  facet normal 0 0 1
    outer loop
      vertex 96.5 14.066 4
      vertex 95.5 14 4
      vertex 96.414 14 4
    endloop
  endfacet
  facet normal 0 0 1
    outer loop
      vertex 95.5 14 4
      vertex 95.5341 16.2412 4
      vertex 95.5 16.5 4
    endloop
  endfacet
  facet normal 0 0 -1
    outer loop
      vertex 139.5 39 4
      vertex 140 39.8 4
      vertex 139.966 39.5412 4
    endloop
  endfacet
  facet normal 0 0 -1
    outer loop
      vertex 139 41.8 4
      vertex 140 39.8 4
      vertex 139.5 39 4
    endloop
  endfacet
  facet normal 0 0 -1
    outer loop
      vertex 139.5 39 4
      vertex 139.966 39.5412 4
      vertex 139.866 39.3 4
    endloop
  endfacet
  facet normal 0 0 -1
    outer loop
      vertex 140 39.8 4
      vertex 139 41.8 4
      vertex 140 40.8 4
    endloop
  endfacet
  facet normal 0 0 -1
    outer loop
      vertex 139.5 39 4
      vertex 139.866 39.3 4
      vertex 139.707 39.0929 4
    endloop
  endfacet
  facet normal 0 0 -1
    outer loop
      vertex 140 40.8 4
      vertex 139 41.8 4
      vertex 139.966 41.0588 4
    endloop
  endfacet
  facet normal 0 0 -1
    outer loop
      vertex 139.5 39 4
      vertex 139.707 39.0929 4
      vertex 139.573 38.9903 4
    endloop
  endfacet
  facet normal 0 0 -1
    outer loop
      vertex 139.966 41.0588 4
      vertex 139 41.8 4
      vertex 139.866 41.3 4
    endloop
  endfacet
  facet normal 0 0 -1
    outer loop
      vertex 139.866 41.3 4
      vertex 139 41.8 4
      vertex 139.707 41.5071 4
    endloop
  endfacet
  facet normal 0 0 -1
    outer loop
      vertex 139.707 41.5071 4
      vertex 139 41.8 4
      vertex 139.5 41.666 4
    endloop
  endfacet
  facet normal 0 0 -1
    outer loop
      vertex 139.5 41.666 4
      vertex 139 41.8 4
      vertex 139.259 41.7659 4
    endloop
  endfacet
  facet normal 0 0 -1
    outer loop
      vertex 139.5 39 4
      vertex 97 41.8 4
      vertex 139 41.8 4
    endloop
  endfacet
  facet normal 0 0 -1
    outer loop
      vertex 96.414 39 4
      vertex 97 41.8 4
      vertex 139.5 39 4
    endloop
  endfacet
  facet normal 0 0 -1
    outer loop
      vertex 96 39.8 4
      vertex 97 41.8 4
      vertex 96.414 39 4
    endloop
  endfacet
  facet normal 0 0 -1
    outer loop
      vertex 96 40.8 4
      vertex 97 41.8 4
      vertex 96 39.8 4
    endloop
  endfacet
  facet normal 0 0 -1
    outer loop
      vertex 96.134 39.3 4
      vertex 96.414 39 4
      vertex 96.2929 39.0929 4
    endloop
  endfacet
  facet normal 0 0 -1
    outer loop
      vertex 97 41.8 4
      vertex 96 40.8 4
      vertex 96.7412 41.7659 4
    endloop
  endfacet
  facet normal 0 0 -1
    outer loop
      vertex 96.0341 39.5412 4
      vertex 96.414 39 4
      vertex 96.134 39.3 4
    endloop
  endfacet
  facet normal 0 0 -1
    outer loop
      vertex 96.7412 41.7659 4
      vertex 96 40.8 4
      vertex 96.5 41.666 4
    endloop
  endfacet
  facet normal 0 0 -1
    outer loop
      vertex 96.414 39 4
      vertex 96.0341 39.5412 4
      vertex 96 39.8 4
    endloop
  endfacet
  facet normal 0 0 -1
    outer loop
      vertex 96.5 41.666 4
      vertex 96 40.8 4
      vertex 96.2929 41.5071 4
    endloop
  endfacet
  facet normal 0 0 -1
    outer loop
      vertex 96.2929 41.5071 4
      vertex 96 40.8 4
      vertex 96.134 41.3 4
    endloop
  endfacet
  facet normal 0 0 -1
    outer loop
      vertex 96.134 41.3 4
      vertex 96 40.8 4
      vertex 96.0341 41.0588 4
    endloop
  endfacet
  facet normal 0 0 -1
    outer loop
      vertex 139 11.2 4
      vertex 140 12.2 4
      vertex 139.966 11.9412 4
    endloop
  endfacet
  facet normal -0 0 -1
    outer loop
      vertex 140 12.2 4
      vertex 139 11.2 4
      vertex 140 13.2 4
    endloop
  endfacet
  facet normal 0 0 -1
    outer loop
      vertex 139 11.2 4
      vertex 139.966 11.9412 4
      vertex 139.866 11.7 4
    endloop
  endfacet
  facet normal 0 -0 -1
    outer loop
      vertex 139.5 14 4
      vertex 140 13.2 4
      vertex 139 11.2 4
    endloop
  endfacet
  facet normal 0 0 -1
    outer loop
      vertex 139 11.2 4
      vertex 139.866 11.7 4
      vertex 139.707 11.4929 4
    endloop
  endfacet
  facet normal 0 0 -1
    outer loop
      vertex 140 13.2 4
      vertex 139.5 14 4
      vertex 139.966 13.4588 4
    endloop
  endfacet
  facet normal 0 0 -1
    outer loop
      vertex 139.866 13.7 4
      vertex 139.5 14 4
      vertex 139.707 13.9071 4
    endloop
  endfacet
  facet normal 0 0 -1
    outer loop
      vertex 139 11.2 4
      vertex 139.707 11.4929 4
      vertex 139.5 11.334 4
    endloop
  endfacet
  facet normal 0 0 -1
    outer loop
      vertex 139.707 13.9071 4
      vertex 139.5 14 4
      vertex 139.573 14.0097 4
    endloop
  endfacet
  facet normal 0 0 -1
    outer loop
      vertex 139 11.2 4
      vertex 139.5 11.334 4
      vertex 139.259 11.2341 4
    endloop
  endfacet
  facet normal 0 0 -1
    outer loop
      vertex 139.966 13.4588 4
      vertex 139.5 14 4
      vertex 139.866 13.7 4
    endloop
  endfacet
  facet normal 0 0 -1
    outer loop
      vertex 97 11.2 4
      vertex 139.5 14 4
      vertex 139 11.2 4
    endloop
  endfacet
  facet normal 0 0 -1
    outer loop
      vertex 96 12.2 4
      vertex 97 11.2 4
      vertex 96.7412 11.2341 4
    endloop
  endfacet
  facet normal 0 0 -1
    outer loop
      vertex 96 12.2 4
      vertex 96.7412 11.2341 4
      vertex 96.5 11.334 4
    endloop
  endfacet
  facet normal 0 0 -1
    outer loop
      vertex 97 11.2 4
      vertex 96.414 14 4
      vertex 139.5 14 4
    endloop
  endfacet
  facet normal 0 0 -1
    outer loop
      vertex 96 12.2 4
      vertex 96.5 11.334 4
      vertex 96.2929 11.4929 4
    endloop
  endfacet
  facet normal 0 0 -1
    outer loop
      vertex 97 11.2 4
      vertex 96 12.2 4
      vertex 96 13.2 4
    endloop
  endfacet
  facet normal 0 0 -1
    outer loop
      vertex 96 12.2 4
      vertex 96.2929 11.4929 4
      vertex 96.134 11.7 4
    endloop
  endfacet
  facet normal 0 0 -1
    outer loop
      vertex 97 11.2 4
      vertex 96 13.2 4
      vertex 96.414 14 4
    endloop
  endfacet
  facet normal 0 0 -1
    outer loop
      vertex 96 12.2 4
      vertex 96.134 11.7 4
      vertex 96.0341 11.9412 4
    endloop
  endfacet
  facet normal 0 -0 -1
    outer loop
      vertex 96.0341 13.4588 4
      vertex 96.414 14 4
      vertex 96 13.2 4
    endloop
  endfacet
  facet normal 0 0 -1
    outer loop
      vertex 96.414 14 4
      vertex 96.134 13.7 4
      vertex 96.2929 13.9071 4
    endloop
  endfacet
  facet normal 0 0 -1
    outer loop
      vertex 96.414 14 4
      vertex 96.0341 13.4588 4
      vertex 96.134 13.7 4
    endloop
  endfacet
  facet normal 0 -1 0
    outer loop
      vertex 95.5 14 3
      vertex 96.414 14 4
      vertex 95.5 14 4
    endloop
  endfacet
  facet normal 0 -1 0
    outer loop
      vertex 139.5 14 3
      vertex 96.414 14 4
      vertex 95.5 14 3
    endloop
  endfacet
  facet normal 0 -1 0
    outer loop
      vertex 96.414 14 4
      vertex 139.5 14 3
      vertex 139.5 14 4
    endloop
  endfacet
  facet normal 0.793857 -0.608104 0
    outer loop
      vertex 140.561 14.4393 4
      vertex 140.799 14.75 3
      vertex 140.799 14.75 4
    endloop
  endfacet
  facet normal 0.793857 -0.608104 0
    outer loop
      vertex 140.799 14.75 3
      vertex 140.561 14.4393 4
      vertex 140.561 14.4393 3
    endloop
  endfacet
  facet normal -0.923846 0.382765 0
    outer loop
      vertex 94.0511 37.8882 3
      vertex 94.201 38.25 4
      vertex 94.201 38.25 3
    endloop
  endfacet
  facet normal -0.923846 0.382765 0
    outer loop
      vertex 94.201 38.25 4
      vertex 94.0511 37.8882 3
      vertex 94.0511 37.8882 4
    endloop
  endfacet
  facet normal 0.608217 -0.793771 0
    outer loop
      vertex 140.25 14.201 3
      vertex 140.561 14.4393 4
      vertex 140.25 14.201 4
    endloop
  endfacet
  facet normal 0.608217 -0.793771 0
    outer loop
      vertex 140.561 14.4393 4
      vertex 140.25 14.201 3
      vertex 140.561 14.4393 3
    endloop
  endfacet
  facet normal 0.608217 0.793771 -0
    outer loop
      vertex 140.561 38.5607 3
      vertex 140.25 38.799 4
      vertex 140.561 38.5607 4
    endloop
  endfacet
  facet normal 0.608217 0.793771 0
    outer loop
      vertex 140.25 38.799 4
      vertex 140.561 38.5607 3
      vertex 140.25 38.799 3
    endloop
  endfacet
  facet normal 0.131719 -0.991287 0
    outer loop
      vertex 139.5 14 3
      vertex 139.573 14.0097 4
      vertex 139.5 14 4
    endloop
  endfacet
  facet normal 0.130573 -0.991439 8.509e-05
    outer loop
      vertex 139.888 14.0511 3
      vertex 139.573 14.0097 4
      vertex 139.5 14 3
    endloop
  endfacet
  facet normal 0.130308 -0.991474 0
    outer loop
      vertex 139.573 14.0097 4
      vertex 139.888 14.0511 3
      vertex 139.888 14.0511 4
    endloop
  endfacet
  facet normal 0.382585 0.92392 -0
    outer loop
      vertex 140.25 38.799 3
      vertex 139.888 38.9489 4
      vertex 140.25 38.799 4
    endloop
  endfacet
  facet normal 0.382585 0.92392 0
    outer loop
      vertex 139.888 38.9489 4
      vertex 140.25 38.799 3
      vertex 139.888 38.9489 3
    endloop
  endfacet
  facet normal -0.923846 -0.382765 0
    outer loop
      vertex 94.201 14.75 3
      vertex 94.0511 15.1118 4
      vertex 94.0511 15.1118 3
    endloop
  endfacet
  facet normal -0.923846 -0.382765 0
    outer loop
      vertex 94.0511 15.1118 4
      vertex 94.201 14.75 3
      vertex 94.201 14.75 4
    endloop
  endfacet
  facet normal -0.793487 0.608587 0
    outer loop
      vertex 94.201 38.25 3
      vertex 94.4393 38.5607 4
      vertex 94.4393 38.5607 3
    endloop
  endfacet
  facet normal -0.793487 0.608587 0
    outer loop
      vertex 94.4393 38.5607 4
      vertex 94.201 38.25 3
      vertex 94.201 38.25 4
    endloop
  endfacet
  facet normal -0.382765 -0.923846 0
    outer loop
      vertex 94.75 14.201 3
      vertex 95.1118 14.0511 4
      vertex 94.75 14.201 4
    endloop
  endfacet
  facet normal -0.382765 -0.923846 -0
    outer loop
      vertex 95.1118 14.0511 4
      vertex 94.75 14.201 3
      vertex 95.1118 14.0511 3
    endloop
  endfacet
  facet normal -0.991447 -0.130507 0
    outer loop
      vertex 94.0511 15.1118 3
      vertex 94 15.5 4
      vertex 94 15.5 3
    endloop
  endfacet
  facet normal -0.991447 -0.130507 0
    outer loop
      vertex 94 15.5 4
      vertex 94.0511 15.1118 3
      vertex 94.0511 15.1118 4
    endloop
  endfacet
  facet normal 0.382585 -0.92392 0
    outer loop
      vertex 139.888 14.0511 3
      vertex 140.25 14.201 4
      vertex 139.888 14.0511 4
    endloop
  endfacet
  facet normal 0.382585 -0.92392 0
    outer loop
      vertex 140.25 14.201 4
      vertex 139.888 14.0511 3
      vertex 140.25 14.201 3
    endloop
  endfacet
  facet normal 0.793857 0.608104 0
    outer loop
      vertex 140.799 38.25 4
      vertex 140.561 38.5607 3
      vertex 140.561 38.5607 4
    endloop
  endfacet
  facet normal 0.793857 0.608104 0
    outer loop
      vertex 140.561 38.5607 3
      vertex 140.799 38.25 4
      vertex 140.799 38.25 3
    endloop
  endfacet
  facet normal -0.608729 -0.793378 0
    outer loop
      vertex 95.7929 15.7929 4
      vertex 96 15.634 5.2
      vertex 95.7929 15.7929 5.2
    endloop
  endfacet
  facet normal -0.608729 -0.793378 -0
    outer loop
      vertex 96 15.634 5.2
      vertex 95.7929 15.7929 4
      vertex 96 15.634 4
    endloop
  endfacet
  facet normal -0.793378 0.608729 0
    outer loop
      vertex 95.634 37 4
      vertex 95.7929 37.2071 5.2
      vertex 95.7929 37.2071 4
    endloop
  endfacet
  facet normal -0.793378 0.608729 0
    outer loop
      vertex 95.7929 37.2071 5.2
      vertex 95.634 37 4
      vertex 95.634 37 5.2
    endloop
  endfacet
  facet normal 0.923755 0.382983 0
    outer loop
      vertex 139.466 36.7588 5.2
      vertex 139.366 37 4
      vertex 139.366 37 5.2
    endloop
  endfacet
  facet normal 0.923755 0.382983 0
    outer loop
      vertex 139.366 37 4
      vertex 139.466 36.7588 5.2
      vertex 139.466 36.7588 4
    endloop
  endfacet
  facet normal 0 -1 0
    outer loop
      vertex 96.5 15.5 4
      vertex 138.5 15.5 5.2
      vertex 96.5 15.5 5.2
    endloop
  endfacet
  facet normal 0 -1 -0
    outer loop
      vertex 138.5 15.5 5.2
      vertex 96.5 15.5 4
      vertex 138.5 15.5 4
    endloop
  endfacet
  facet normal -0.923891 0.382656 0
    outer loop
      vertex 95.5341 36.7588 4
      vertex 95.634 37 5.2
      vertex 95.634 37 4
    endloop
  endfacet
  facet normal -0.923891 0.382656 0
    outer loop
      vertex 95.634 37 5.2
      vertex 95.5341 36.7588 4
      vertex 95.5341 36.7588 5.2
    endloop
  endfacet
  facet normal -1 0 0
    outer loop
      vertex 95.5 16.5 4
      vertex 95.5 36.5 5.2
      vertex 95.5 36.5 4
    endloop
  endfacet
  facet normal -1 -0 0
    outer loop
      vertex 95.5 36.5 5.2
      vertex 95.5 16.5 4
      vertex 95.5 16.5 5.2
    endloop
  endfacet
  facet normal 0.608914 0.793236 -0
    outer loop
      vertex 139.207 37.2071 4
      vertex 139 37.366 5.2
      vertex 139.207 37.2071 5.2
    endloop
  endfacet
  facet normal 0.608914 0.793236 0
    outer loop
      vertex 139 37.366 5.2
      vertex 139.207 37.2071 4
      vertex 139 37.366 4
    endloop
  endfacet
  facet normal -0.382656 0.923891 0
    outer loop
      vertex 96.2412 37.4659 4
      vertex 96 37.366 5.2
      vertex 96.2412 37.4659 5.2
    endloop
  endfacet
  facet normal -0.382656 0.923891 0
    outer loop
      vertex 96 37.366 5.2
      vertex 96.2412 37.4659 4
      vertex 96 37.366 4
    endloop
  endfacet
  facet normal -0.608729 0.793378 0
    outer loop
      vertex 96 37.366 4
      vertex 95.7929 37.2071 5.2
      vertex 96 37.366 5.2
    endloop
  endfacet
  facet normal -0.608729 0.793378 0
    outer loop
      vertex 95.7929 37.2071 5.2
      vertex 96 37.366 4
      vertex 95.7929 37.2071 4
    endloop
  endfacet
  facet normal 0.382927 -0.923778 0
    outer loop
      vertex 138.759 15.5341 4
      vertex 139 15.634 5.2
      vertex 138.759 15.5341 5.2
    endloop
  endfacet
  facet normal 0.382927 -0.923778 0
    outer loop
      vertex 139 15.634 5.2
      vertex 138.759 15.5341 4
      vertex 139 15.634 4
    endloop
  endfacet
  facet normal -0.991431 -0.130633 0
    outer loop
      vertex 95.5341 16.2412 4
      vertex 95.5 16.5 5.2
      vertex 95.5 16.5 4
    endloop
  endfacet
  facet normal -0.991431 -0.130633 0
    outer loop
      vertex 95.5 16.5 5.2
      vertex 95.5341 16.2412 4
      vertex 95.5341 16.2412 5.2
    endloop
  endfacet
  facet normal -0.793378 -0.608729 0
    outer loop
      vertex 95.7929 15.7929 4
      vertex 95.634 16 5.2
      vertex 95.634 16 4
    endloop
  endfacet
  facet normal -0.793378 -0.608729 0
    outer loop
      vertex 95.634 16 5.2
      vertex 95.7929 15.7929 4
      vertex 95.7929 15.7929 5.2
    endloop
  endfacet
  facet normal 0.793193 0.60897 0
    outer loop
      vertex 139.366 37 5.2
      vertex 139.207 37.2071 4
      vertex 139.207 37.2071 5.2
    endloop
  endfacet
  facet normal 0.793193 0.60897 0
    outer loop
      vertex 139.207 37.2071 4
      vertex 139.366 37 5.2
      vertex 139.366 37 4
    endloop
  endfacet
  facet normal 0 1 -0
    outer loop
      vertex 138.5 37.5 4
      vertex 96.5 37.5 5.2
      vertex 138.5 37.5 5.2
    endloop
  endfacet
  facet normal 0 1 0
    outer loop
      vertex 96.5 37.5 5.2
      vertex 138.5 37.5 4
      vertex 96.5 37.5 4
    endloop
  endfacet
  facet normal -0.130633 -0.991431 0
    outer loop
      vertex 96.2412 15.5341 4
      vertex 96.5 15.5 5.2
      vertex 96.2412 15.5341 5.2
    endloop
  endfacet
  facet normal -0.130633 -0.991431 -0
    outer loop
      vertex 96.5 15.5 5.2
      vertex 96.2412 15.5341 4
      vertex 96.5 15.5 4
    endloop
  endfacet
  facet normal 0.130534 -0.991444 0
    outer loop
      vertex 138.5 15.5 4
      vertex 138.759 15.5341 5.2
      vertex 138.5 15.5 5.2
    endloop
  endfacet
  facet normal 0.130534 -0.991444 0
    outer loop
      vertex 138.759 15.5341 5.2
      vertex 138.5 15.5 4
      vertex 138.759 15.5341 4
    endloop
  endfacet
  facet normal 0.130534 0.991444 -0
    outer loop
      vertex 138.759 37.4659 4
      vertex 138.5 37.5 5.2
      vertex 138.759 37.4659 5.2
    endloop
  endfacet
  facet normal 0.130534 0.991444 0
    outer loop
      vertex 138.5 37.5 5.2
      vertex 138.759 37.4659 4
      vertex 138.5 37.5 4
    endloop
  endfacet
  facet normal -0.991431 0.130633 0
    outer loop
      vertex 95.5 36.5 4
      vertex 95.5341 36.7588 5.2
      vertex 95.5341 36.7588 4
    endloop
  endfacet
  facet normal -0.991431 0.130633 0
    outer loop
      vertex 95.5341 36.7588 5.2
      vertex 95.5 36.5 4
      vertex 95.5 36.5 5.2
    endloop
  endfacet
  facet normal 0.99148 -0.130256 0
    outer loop
      vertex 139.466 16.2412 5.2
      vertex 139.5 16.5 4
      vertex 139.5 16.5 5.2
    endloop
  endfacet
  facet normal 0.99148 -0.130256 0
    outer loop
      vertex 139.5 16.5 4
      vertex 139.466 16.2412 5.2
      vertex 139.466 16.2412 4
    endloop
  endfacet
  facet normal -0.130633 0.991431 0
    outer loop
      vertex 96.5 37.5 4
      vertex 96.2412 37.4659 5.2
      vertex 96.5 37.5 5.2
    endloop
  endfacet
  facet normal -0.130633 0.991431 0
    outer loop
      vertex 96.2412 37.4659 5.2
      vertex 96.5 37.5 4
      vertex 96.2412 37.4659 4
    endloop
  endfacet
  facet normal -0.382656 -0.923891 0
    outer loop
      vertex 96 15.634 4
      vertex 96.2412 15.5341 5.2
      vertex 96 15.634 5.2
    endloop
  endfacet
  facet normal -0.382656 -0.923891 -0
    outer loop
      vertex 96.2412 15.5341 5.2
      vertex 96 15.634 4
      vertex 96.2412 15.5341 4
    endloop
  endfacet
  facet normal 1 -0 0
    outer loop
      vertex 139.5 16.5 5.2
      vertex 139.5 36.5 4
      vertex 139.5 36.5 5.2
    endloop
  endfacet
  facet normal 1 0 0
    outer loop
      vertex 139.5 36.5 4
      vertex 139.5 16.5 5.2
      vertex 139.5 16.5 4
    endloop
  endfacet
  facet normal 0.382927 0.923778 -0
    outer loop
      vertex 139 37.366 4
      vertex 138.759 37.4659 5.2
      vertex 139 37.366 5.2
    endloop
  endfacet
  facet normal 0.382927 0.923778 0
    outer loop
      vertex 138.759 37.4659 5.2
      vertex 139 37.366 4
      vertex 138.759 37.4659 4
    endloop
  endfacet
  facet normal 0.923755 -0.382983 0
    outer loop
      vertex 139.366 16 5.2
      vertex 139.466 16.2412 4
      vertex 139.466 16.2412 5.2
    endloop
  endfacet
  facet normal 0.923755 -0.382983 0
    outer loop
      vertex 139.466 16.2412 4
      vertex 139.366 16 5.2
      vertex 139.366 16 4
    endloop
  endfacet
  facet normal 0.99148 0.130256 0
    outer loop
      vertex 139.5 36.5 5.2
      vertex 139.466 36.7588 4
      vertex 139.466 36.7588 5.2
    endloop
  endfacet
  facet normal 0.99148 0.130256 0
    outer loop
      vertex 139.466 36.7588 4
      vertex 139.5 36.5 5.2
      vertex 139.5 36.5 4
    endloop
  endfacet
  facet normal -0.923891 -0.382656 0
    outer loop
      vertex 95.634 16 4
      vertex 95.5341 16.2412 5.2
      vertex 95.5341 16.2412 4
    endloop
  endfacet
  facet normal -0.923891 -0.382656 0
    outer loop
      vertex 95.5341 16.2412 5.2
      vertex 95.634 16 4
      vertex 95.634 16 5.2
    endloop
  endfacet
  facet normal 0.793193 -0.60897 0
    outer loop
      vertex 139.207 15.7929 5.2
      vertex 139.366 16 4
      vertex 139.366 16 5.2
    endloop
  endfacet
  facet normal 0.793193 -0.60897 0
    outer loop
      vertex 139.366 16 4
      vertex 139.207 15.7929 5.2
      vertex 139.207 15.7929 4
    endloop
  endfacet
  facet normal 0 0 1
    outer loop
      vertex 138.5 37.5 5.2
      vertex 139.5 36.5 5.2
      vertex 139.466 36.7588 5.2
    endloop
  endfacet
  facet normal 0 0 1
    outer loop
      vertex 139.5 36.5 5.2
      vertex 138.5 37.5 5.2
      vertex 139.5 16.5 5.2
    endloop
  endfacet
  facet normal 0 0 1
    outer loop
      vertex 138.5 37.5 5.2
      vertex 139.466 36.7588 5.2
      vertex 139.366 37 5.2
    endloop
  endfacet
  facet normal 0 0 1
    outer loop
      vertex 138.5 15.5 5.2
      vertex 139.5 16.5 5.2
      vertex 138.5 37.5 5.2
    endloop
  endfacet
  facet normal 0 0 1
    outer loop
      vertex 138.5 37.5 5.2
      vertex 139.366 37 5.2
      vertex 139.207 37.2071 5.2
    endloop
  endfacet
  facet normal 0 0 1
    outer loop
      vertex 139.5 16.5 5.2
      vertex 138.5 15.5 5.2
      vertex 139.466 16.2412 5.2
    endloop
  endfacet
  facet normal 0 0 1
    outer loop
      vertex 138.5 37.5 5.2
      vertex 139.207 37.2071 5.2
      vertex 139 37.366 5.2
    endloop
  endfacet
  facet normal 0 0 1
    outer loop
      vertex 139.466 16.2412 5.2
      vertex 138.5 15.5 5.2
      vertex 139.366 16 5.2
    endloop
  endfacet
  facet normal 0 0 1
    outer loop
      vertex 138.5 37.5 5.2
      vertex 139 37.366 5.2
      vertex 138.759 37.4659 5.2
    endloop
  endfacet
  facet normal 0 0 1
    outer loop
      vertex 139.366 16 5.2
      vertex 138.5 15.5 5.2
      vertex 139.207 15.7929 5.2
    endloop
  endfacet
  facet normal 0 0 1
    outer loop
      vertex 139.207 15.7929 5.2
      vertex 138.5 15.5 5.2
      vertex 139 15.634 5.2
    endloop
  endfacet
  facet normal 0 0 1
    outer loop
      vertex 139 15.634 5.2
      vertex 138.5 15.5 5.2
      vertex 138.759 15.5341 5.2
    endloop
  endfacet
  facet normal -0 0 1
    outer loop
      vertex 96.5 37.5 5.2
      vertex 138.5 15.5 5.2
      vertex 138.5 37.5 5.2
    endloop
  endfacet
  facet normal 0 0 1
    outer loop
      vertex 96.5 37.5 5.2
      vertex 96.5 15.5 5.2
      vertex 138.5 15.5 5.2
    endloop
  endfacet
  facet normal 0 0 1
    outer loop
      vertex 95.5 36.5 5.2
      vertex 96.5 37.5 5.2
      vertex 96.2412 37.4659 5.2
    endloop
  endfacet
  facet normal 0 0 1
    outer loop
      vertex 96.5 37.5 5.2
      vertex 95.5 36.5 5.2
      vertex 96.5 15.5 5.2
    endloop
  endfacet
  facet normal 0 0 1
    outer loop
      vertex 95.5 36.5 5.2
      vertex 96.2412 37.4659 5.2
      vertex 96 37.366 5.2
    endloop
  endfacet
  facet normal -0 0 1
    outer loop
      vertex 95.5 16.5 5.2
      vertex 96.5 15.5 5.2
      vertex 95.5 36.5 5.2
    endloop
  endfacet
  facet normal 0 0 1
    outer loop
      vertex 95.5 36.5 5.2
      vertex 96 37.366 5.2
      vertex 95.7929 37.2071 5.2
    endloop
  endfacet
  facet normal 0 0 1
    outer loop
      vertex 96.5 15.5 5.2
      vertex 95.5 16.5 5.2
      vertex 96.2412 15.5341 5.2
    endloop
  endfacet
  facet normal 0 0 1
    outer loop
      vertex 95.5 36.5 5.2
      vertex 95.7929 37.2071 5.2
      vertex 95.634 37 5.2
    endloop
  endfacet
  facet normal 0 0 1
    outer loop
      vertex 96.2412 15.5341 5.2
      vertex 95.5 16.5 5.2
      vertex 96 15.634 5.2
    endloop
  endfacet
  facet normal 0 0 1
    outer loop
      vertex 95.5 36.5 5.2
      vertex 95.634 37 5.2
      vertex 95.5341 36.7588 5.2
    endloop
  endfacet
  facet normal 0 0 1
    outer loop
      vertex 96 15.634 5.2
      vertex 95.5 16.5 5.2
      vertex 95.7929 15.7929 5.2
    endloop
  endfacet
  facet normal 0 0 1
    outer loop
      vertex 95.7929 15.7929 5.2
      vertex 95.5 16.5 5.2
      vertex 95.634 16 5.2
    endloop
  endfacet
  facet normal 0 0 1
    outer loop
      vertex 95.634 16 5.2
      vertex 95.5 16.5 5.2
      vertex 95.5341 16.2412 5.2
    endloop
  endfacet
  facet normal 0.608914 -0.793236 0
    outer loop
      vertex 139 15.634 4
      vertex 139.207 15.7929 5.2
      vertex 139 15.634 5.2
    endloop
  endfacet
  facet normal 0.608914 -0.793236 0
    outer loop
      vertex 139.207 15.7929 5.2
      vertex 139 15.634 4
      vertex 139.207 15.7929 4
    endloop
  endfacet
  facet normal 0.608914 -0.793236 0
    outer loop
      vertex 139.5 11.334 4
      vertex 139.707 11.4929 9
      vertex 139.5 11.334 9
    endloop
  endfacet
  facet normal 0.608914 -0.793236 0
    outer loop
      vertex 139.707 11.4929 9
      vertex 139.5 11.334 4
      vertex 139.707 11.4929 4
    endloop
  endfacet
  facet normal 0 -1 0
    outer loop
      vertex 97 11.2 4
      vertex 139 11.2 9
      vertex 97 11.2 9
    endloop
  endfacet
  facet normal 0 -1 -0
    outer loop
      vertex 139 11.2 9
      vertex 97 11.2 4
      vertex 139 11.2 4
    endloop
  endfacet
  facet normal 0 1 -0
    outer loop
      vertex 139 14.2 4
      vertex 97 14.2 9
      vertex 139 14.2 9
    endloop
  endfacet
  facet normal 0 1 0
    outer loop
      vertex 97 14.2 9
      vertex 139 14.2 4
      vertex 97 14.2 4
    endloop
  endfacet
  facet normal 0.130534 -0.991444 0
    outer loop
      vertex 139 11.2 4
      vertex 139.259 11.2341 9
      vertex 139 11.2 9
    endloop
  endfacet
  facet normal 0.130534 -0.991444 0
    outer loop
      vertex 139.259 11.2341 9
      vertex 139 11.2 4
      vertex 139.259 11.2341 4
    endloop
  endfacet
  facet normal -0.130633 0.991431 0
    outer loop
      vertex 97 14.2 4
      vertex 96.7412 14.1659 9
      vertex 97 14.2 9
    endloop
  endfacet
  facet normal -0.130633 0.991431 0
    outer loop
      vertex 96.7412 14.1659 9
      vertex 97 14.2 4
      vertex 96.7412 14.1659 4
    endloop
  endfacet
  facet normal -0.382656 0.923891 0
    outer loop
      vertex 96.7412 14.1659 4
      vertex 96.5 14.066 9
      vertex 96.7412 14.1659 9
    endloop
  endfacet
  facet normal -0.382656 0.923891 0
    outer loop
      vertex 96.5 14.066 9
      vertex 96.7412 14.1659 4
      vertex 96.5 14.066 4
    endloop
  endfacet
  facet normal 0.382927 0.923778 -0
    outer loop
      vertex 139.5 14.066 4
      vertex 139.259 14.1659 9
      vertex 139.5 14.066 9
    endloop
  endfacet
  facet normal 0.382927 0.923778 0
    outer loop
      vertex 139.259 14.1659 9
      vertex 139.5 14.066 4
      vertex 139.259 14.1659 4
    endloop
  endfacet
  facet normal 0.793193 0.60897 0
    outer loop
      vertex 139.866 13.7 9
      vertex 139.707 13.9071 4
      vertex 139.707 13.9071 9
    endloop
  endfacet
  facet normal 0.793193 0.60897 0
    outer loop
      vertex 139.707 13.9071 4
      vertex 139.866 13.7 9
      vertex 139.866 13.7 4
    endloop
  endfacet
  facet normal 0.99148 0.130256 0
    outer loop
      vertex 140 13.2 9
      vertex 139.966 13.4588 4
      vertex 139.966 13.4588 9
    endloop
  endfacet
  facet normal 0.99148 0.130256 0
    outer loop
      vertex 139.966 13.4588 4
      vertex 140 13.2 9
      vertex 140 13.2 4
    endloop
  endfacet
  facet normal 0.99148 -0.130256 0
    outer loop
      vertex 139.966 11.9412 9
      vertex 140 12.2 4
      vertex 140 12.2 9
    endloop
  endfacet
  facet normal 0.99148 -0.130256 0
    outer loop
      vertex 140 12.2 4
      vertex 139.966 11.9412 9
      vertex 139.966 11.9412 4
    endloop
  endfacet
  facet normal 0.923755 -0.382983 0
    outer loop
      vertex 139.866 11.7 9
      vertex 139.966 11.9412 4
      vertex 139.966 11.9412 9
    endloop
  endfacet
  facet normal 0.923755 -0.382983 0
    outer loop
      vertex 139.966 11.9412 4
      vertex 139.866 11.7 9
      vertex 139.866 11.7 4
    endloop
  endfacet
  facet normal 0.793193 -0.60897 0
    outer loop
      vertex 139.707 11.4929 9
      vertex 139.866 11.7 4
      vertex 139.866 11.7 9
    endloop
  endfacet
  facet normal 0.793193 -0.60897 0
    outer loop
      vertex 139.866 11.7 4
      vertex 139.707 11.4929 9
      vertex 139.707 11.4929 4
    endloop
  endfacet
  facet normal -0.923891 -0.382656 0
    outer loop
      vertex 96.134 11.7 4
      vertex 96.0341 11.9412 9
      vertex 96.0341 11.9412 4
    endloop
  endfacet
  facet normal -0.923891 -0.382656 0
    outer loop
      vertex 96.0341 11.9412 9
      vertex 96.134 11.7 4
      vertex 96.134 11.7 9
    endloop
  endfacet
  facet normal 0.607934 0.793988 0
    outer loop
      vertex 139.573 14.0097 4
      vertex 139.707 13.9071 9
      vertex 139.707 13.9071 4
    endloop
  endfacet
  facet normal 0.608914 0.793236 -4.16928e-05
    outer loop
      vertex 139.707 13.9071 9
      vertex 139.573 14.0097 4
      vertex 139.5 14.066 9
    endloop
  endfacet
  facet normal 0.610706 0.791857 0
    outer loop
      vertex 139.5 14.066 9
      vertex 139.573 14.0097 4
      vertex 139.5 14.066 4
    endloop
  endfacet
  facet normal -0.793378 0.608729 0
    outer loop
      vertex 96.134 13.7 4
      vertex 96.2929 13.9071 9
      vertex 96.2929 13.9071 4
    endloop
  endfacet
  facet normal -0.793378 0.608729 0
    outer loop
      vertex 96.2929 13.9071 9
      vertex 96.134 13.7 4
      vertex 96.134 13.7 9
    endloop
  endfacet
  facet normal 0.130534 0.991444 -0
    outer loop
      vertex 139.259 14.1659 4
      vertex 139 14.2 9
      vertex 139.259 14.1659 9
    endloop
  endfacet
  facet normal 0.130534 0.991444 0
    outer loop
      vertex 139 14.2 9
      vertex 139.259 14.1659 4
      vertex 139 14.2 4
    endloop
  endfacet
  facet normal 0.382927 -0.923778 0
    outer loop
      vertex 139.259 11.2341 4
      vertex 139.5 11.334 9
      vertex 139.259 11.2341 9
    endloop
  endfacet
  facet normal 0.382927 -0.923778 0
    outer loop
      vertex 139.5 11.334 9
      vertex 139.259 11.2341 4
      vertex 139.5 11.334 4
    endloop
  endfacet
  facet normal -0.991431 -0.130633 0
    outer loop
      vertex 96.0341 11.9412 4
      vertex 96 12.2 9
      vertex 96 12.2 4
    endloop
  endfacet
  facet normal -0.991431 -0.130633 0
    outer loop
      vertex 96 12.2 9
      vertex 96.0341 11.9412 4
      vertex 96.0341 11.9412 9
    endloop
  endfacet
  facet normal -1 0 0
    outer loop
      vertex 96 12.2 4
      vertex 96 13.2 9
      vertex 96 13.2 4
    endloop
  endfacet
  facet normal -1 -0 0
    outer loop
      vertex 96 13.2 9
      vertex 96 12.2 4
      vertex 96 12.2 9
    endloop
  endfacet
  facet normal 1 -0 0
    outer loop
      vertex 140 12.2 9
      vertex 140 13.2 4
      vertex 140 13.2 9
    endloop
  endfacet
  facet normal 1 0 0
    outer loop
      vertex 140 13.2 4
      vertex 140 12.2 9
      vertex 140 12.2 4
    endloop
  endfacet
  facet normal -0.130633 -0.991431 0
    outer loop
      vertex 96.7412 11.2341 4
      vertex 97 11.2 9
      vertex 96.7412 11.2341 9
    endloop
  endfacet
  facet normal -0.130633 -0.991431 -0
    outer loop
      vertex 97 11.2 9
      vertex 96.7412 11.2341 4
      vertex 97 11.2 4
    endloop
  endfacet
  facet normal -0.608819 0.793309 0
    outer loop
      vertex 96.414 14 4
      vertex 96.5 14.066 9
      vertex 96.5 14.066 4
    endloop
  endfacet
  facet normal -0.608729 0.793378 -2.45177e-06
    outer loop
      vertex 96.5 14.066 9
      vertex 96.414 14 4
      vertex 96.2929 13.9071 9
    endloop
  endfacet
  facet normal -0.608665 0.793427 0
    outer loop
      vertex 96.2929 13.9071 9
      vertex 96.414 14 4
      vertex 96.2929 13.9071 4
    endloop
  endfacet
  facet normal -0.991431 0.130633 0
    outer loop
      vertex 96 13.2 4
      vertex 96.0341 13.4588 9
      vertex 96.0341 13.4588 4
    endloop
  endfacet
  facet normal -0.991431 0.130633 0
    outer loop
      vertex 96.0341 13.4588 9
      vertex 96 13.2 4
      vertex 96 13.2 9
    endloop
  endfacet
  facet normal -0.382656 -0.923891 0
    outer loop
      vertex 96.5 11.334 4
      vertex 96.7412 11.2341 9
      vertex 96.5 11.334 9
    endloop
  endfacet
  facet normal -0.382656 -0.923891 -0
    outer loop
      vertex 96.7412 11.2341 9
      vertex 96.5 11.334 4
      vertex 96.7412 11.2341 4
    endloop
  endfacet
  facet normal -0.793378 -0.608729 0
    outer loop
      vertex 96.2929 11.4929 4
      vertex 96.134 11.7 9
      vertex 96.134 11.7 4
    endloop
  endfacet
  facet normal -0.793378 -0.608729 0
    outer loop
      vertex 96.134 11.7 9
      vertex 96.2929 11.4929 4
      vertex 96.2929 11.4929 9
    endloop
  endfacet
  facet normal 0 0 1
    outer loop
      vertex 139 14.2 9
      vertex 140 13.2 9
      vertex 139.966 13.4588 9
    endloop
  endfacet
  facet normal 0 0 1
    outer loop
      vertex 140 13.2 9
      vertex 139 14.2 9
      vertex 140 12.2 9
    endloop
  endfacet
  facet normal 0 0 1
    outer loop
      vertex 139 14.2 9
      vertex 139.966 13.4588 9
      vertex 139.866 13.7 9
    endloop
  endfacet
  facet normal 0 0 1
    outer loop
      vertex 139 11.2 9
      vertex 140 12.2 9
      vertex 139 14.2 9
    endloop
  endfacet
  facet normal 0 0 1
    outer loop
      vertex 139 14.2 9
      vertex 139.866 13.7 9
      vertex 139.707 13.9071 9
    endloop
  endfacet
  facet normal 0 0 1
    outer loop
      vertex 140 12.2 9
      vertex 139 11.2 9
      vertex 139.966 11.9412 9
    endloop
  endfacet
  facet normal 0 0 1
    outer loop
      vertex 139 14.2 9
      vertex 139.707 13.9071 9
      vertex 139.5 14.066 9
    endloop
  endfacet
  facet normal 0 0 1
    outer loop
      vertex 139.966 11.9412 9
      vertex 139 11.2 9
      vertex 139.866 11.7 9
    endloop
  endfacet
  facet normal 0 0 1
    outer loop
      vertex 139 14.2 9
      vertex 139.5 14.066 9
      vertex 139.259 14.1659 9
    endloop
  endfacet
  facet normal 0 0 1
    outer loop
      vertex 139.866 11.7 9
      vertex 139 11.2 9
      vertex 139.707 11.4929 9
    endloop
  endfacet
  facet normal 0 0 1
    outer loop
      vertex 139.707 11.4929 9
      vertex 139 11.2 9
      vertex 139.5 11.334 9
    endloop
  endfacet
  facet normal 0 0 1
    outer loop
      vertex 139.5 11.334 9
      vertex 139 11.2 9
      vertex 139.259 11.2341 9
    endloop
  endfacet
  facet normal -0 0 1
    outer loop
      vertex 97 14.2 9
      vertex 139 11.2 9
      vertex 139 14.2 9
    endloop
  endfacet
  facet normal 0 0 1
    outer loop
      vertex 97 14.2 9
      vertex 97 11.2 9
      vertex 139 11.2 9
    endloop
  endfacet
  facet normal 0 0 1
    outer loop
      vertex 96 13.2 9
      vertex 97 14.2 9
      vertex 96.7412 14.1659 9
    endloop
  endfacet
  facet normal 0 0 1
    outer loop
      vertex 97 14.2 9
      vertex 96 13.2 9
      vertex 97 11.2 9
    endloop
  endfacet
  facet normal 0 0 1
    outer loop
      vertex 96 13.2 9
      vertex 96.7412 14.1659 9
      vertex 96.5 14.066 9
    endloop
  endfacet
  facet normal -0 0 1
    outer loop
      vertex 96 12.2 9
      vertex 97 11.2 9
      vertex 96 13.2 9
    endloop
  endfacet
  facet normal 0 0 1
    outer loop
      vertex 96 13.2 9
      vertex 96.5 14.066 9
      vertex 96.2929 13.9071 9
    endloop
  endfacet
  facet normal 0 0 1
    outer loop
      vertex 97 11.2 9
      vertex 96 12.2 9
      vertex 96.7412 11.2341 9
    endloop
  endfacet
  facet normal 0 0 1
    outer loop
      vertex 96 13.2 9
      vertex 96.2929 13.9071 9
      vertex 96.134 13.7 9
    endloop
  endfacet
  facet normal 0 0 1
    outer loop
      vertex 96.7412 11.2341 9
      vertex 96 12.2 9
      vertex 96.5 11.334 9
    endloop
  endfacet
  facet normal 0 0 1
    outer loop
      vertex 96 13.2 9
      vertex 96.134 13.7 9
      vertex 96.0341 13.4588 9
    endloop
  endfacet
  facet normal 0 0 1
    outer loop
      vertex 96.5 11.334 9
      vertex 96 12.2 9
      vertex 96.2929 11.4929 9
    endloop
  endfacet
  facet normal 0 0 1
    outer loop
      vertex 96.2929 11.4929 9
      vertex 96 12.2 9
      vertex 96.134 11.7 9
    endloop
  endfacet
  facet normal 0 0 1
    outer loop
      vertex 96.134 11.7 9
      vertex 96 12.2 9
      vertex 96.0341 11.9412 9
    endloop
  endfacet
  facet normal 0.923755 0.382983 0
    outer loop
      vertex 139.966 13.4588 9
      vertex 139.866 13.7 4
      vertex 139.866 13.7 9
    endloop
  endfacet
  facet normal 0.923755 0.382983 0
    outer loop
      vertex 139.866 13.7 4
      vertex 139.966 13.4588 9
      vertex 139.966 13.4588 4
    endloop
  endfacet
  facet normal -0.923891 0.382656 0
    outer loop
      vertex 96.0341 13.4588 4
      vertex 96.134 13.7 9
      vertex 96.134 13.7 4
    endloop
  endfacet
  facet normal -0.923891 0.382656 0
    outer loop
      vertex 96.134 13.7 9
      vertex 96.0341 13.4588 4
      vertex 96.0341 13.4588 9
    endloop
  endfacet
  facet normal -0.608729 -0.793378 0
    outer loop
      vertex 96.2929 11.4929 4
      vertex 96.5 11.334 9
      vertex 96.2929 11.4929 9
    endloop
  endfacet
  facet normal -0.608729 -0.793378 -0
    outer loop
      vertex 96.5 11.334 9
      vertex 96.2929 11.4929 4
      vertex 96.5 11.334 4
    endloop
  endfacet
  facet normal 0.610706 -0.791857 0
    outer loop
      vertex 139.573 38.9903 4
      vertex 139.5 38.934 9
      vertex 139.5 38.934 4
    endloop
  endfacet
  facet normal 0.608914 -0.793236 -4.16928e-05
    outer loop
      vertex 139.5 38.934 9
      vertex 139.573 38.9903 4
      vertex 139.707 39.0929 9
    endloop
  endfacet
  facet normal 0.607934 -0.793988 0
    outer loop
      vertex 139.707 39.0929 9
      vertex 139.573 38.9903 4
      vertex 139.707 39.0929 4
    endloop
  endfacet
  facet normal 0 -1 0
    outer loop
      vertex 97 38.8 4
      vertex 139 38.8 9
      vertex 97 38.8 9
    endloop
  endfacet
  facet normal 0 -1 -0
    outer loop
      vertex 139 38.8 9
      vertex 97 38.8 4
      vertex 139 38.8 4
    endloop
  endfacet
  facet normal -0.130633 0.991431 0
    outer loop
      vertex 97 41.8 4
      vertex 96.7412 41.7659 9
      vertex 97 41.8 9
    endloop
  endfacet
  facet normal -0.130633 0.991431 0
    outer loop
      vertex 96.7412 41.7659 9
      vertex 97 41.8 4
      vertex 96.7412 41.7659 4
    endloop
  endfacet
  facet normal -0.793378 0.608729 0
    outer loop
      vertex 96.134 41.3 4
      vertex 96.2929 41.5071 9
      vertex 96.2929 41.5071 4
    endloop
  endfacet
  facet normal -0.793378 0.608729 0
    outer loop
      vertex 96.2929 41.5071 9
      vertex 96.134 41.3 4
      vertex 96.134 41.3 9
    endloop
  endfacet
  facet normal 0 1 -0
    outer loop
      vertex 139 41.8 4
      vertex 97 41.8 9
      vertex 139 41.8 9
    endloop
  endfacet
  facet normal 0 1 0
    outer loop
      vertex 97 41.8 9
      vertex 139 41.8 4
      vertex 97 41.8 4
    endloop
  endfacet
  facet normal -0.608729 0.793378 0
    outer loop
      vertex 96.5 41.666 4
      vertex 96.2929 41.5071 9
      vertex 96.5 41.666 9
    endloop
  endfacet
  facet normal -0.608729 0.793378 0
    outer loop
      vertex 96.2929 41.5071 9
      vertex 96.5 41.666 4
      vertex 96.2929 41.5071 4
    endloop
  endfacet
  facet normal 0.382927 -0.923778 0
    outer loop
      vertex 139.259 38.8341 4
      vertex 139.5 38.934 9
      vertex 139.259 38.8341 9
    endloop
  endfacet
  facet normal 0.382927 -0.923778 0
    outer loop
      vertex 139.5 38.934 9
      vertex 139.259 38.8341 4
      vertex 139.5 38.934 4
    endloop
  endfacet
  facet normal -0.382656 0.923891 0
    outer loop
      vertex 96.7412 41.7659 4
      vertex 96.5 41.666 9
      vertex 96.7412 41.7659 9
    endloop
  endfacet
  facet normal -0.382656 0.923891 0
    outer loop
      vertex 96.5 41.666 9
      vertex 96.7412 41.7659 4
      vertex 96.5 41.666 4
    endloop
  endfacet
  facet normal 0.793193 0.60897 0
    outer loop
      vertex 139.866 41.3 9
      vertex 139.707 41.5071 4
      vertex 139.707 41.5071 9
    endloop
  endfacet
  facet normal 0.793193 0.60897 0
    outer loop
      vertex 139.707 41.5071 4
      vertex 139.866 41.3 9
      vertex 139.866 41.3 4
    endloop
  endfacet
  facet normal 0.99148 0.130256 0
    outer loop
      vertex 140 40.8 9
      vertex 139.966 41.0588 4
      vertex 139.966 41.0588 9
    endloop
  endfacet
  facet normal 0.99148 0.130256 0
    outer loop
      vertex 139.966 41.0588 4
      vertex 140 40.8 9
      vertex 140 40.8 4
    endloop
  endfacet
  facet normal -0.923891 -0.382656 0
    outer loop
      vertex 96.134 39.3 4
      vertex 96.0341 39.5412 9
      vertex 96.0341 39.5412 4
    endloop
  endfacet
  facet normal -0.923891 -0.382656 0
    outer loop
      vertex 96.0341 39.5412 9
      vertex 96.134 39.3 4
      vertex 96.134 39.3 9
    endloop
  endfacet
  facet normal -0.923891 0.382656 0
    outer loop
      vertex 96.0341 41.0588 4
      vertex 96.134 41.3 9
      vertex 96.134 41.3 4
    endloop
  endfacet
  facet normal -0.923891 0.382656 0
    outer loop
      vertex 96.134 41.3 9
      vertex 96.0341 41.0588 4
      vertex 96.0341 41.0588 9
    endloop
  endfacet
  facet normal 0.923755 -0.382983 0
    outer loop
      vertex 139.866 39.3 9
      vertex 139.966 39.5412 4
      vertex 139.966 39.5412 9
    endloop
  endfacet
  facet normal 0.923755 -0.382983 0
    outer loop
      vertex 139.966 39.5412 4
      vertex 139.866 39.3 9
      vertex 139.866 39.3 4
    endloop
  endfacet
  facet normal -0.991431 -0.130633 0
    outer loop
      vertex 96.0341 39.5412 4
      vertex 96 39.8 9
      vertex 96 39.8 4
    endloop
  endfacet
  facet normal -0.991431 -0.130633 0
    outer loop
      vertex 96 39.8 9
      vertex 96.0341 39.5412 4
      vertex 96.0341 39.5412 9
    endloop
  endfacet
  facet normal 0.382927 0.923778 -0
    outer loop
      vertex 139.5 41.666 4
      vertex 139.259 41.7659 9
      vertex 139.5 41.666 9
    endloop
  endfacet
  facet normal 0.382927 0.923778 0
    outer loop
      vertex 139.259 41.7659 9
      vertex 139.5 41.666 4
      vertex 139.259 41.7659 4
    endloop
  endfacet
  facet normal 0.130534 0.991444 -0
    outer loop
      vertex 139.259 41.7659 4
      vertex 139 41.8 9
      vertex 139.259 41.7659 9
    endloop
  endfacet
  facet normal 0.130534 0.991444 0
    outer loop
      vertex 139 41.8 9
      vertex 139.259 41.7659 4
      vertex 139 41.8 4
    endloop
  endfacet
  facet normal 0.793193 -0.60897 0
    outer loop
      vertex 139.707 39.0929 9
      vertex 139.866 39.3 4
      vertex 139.866 39.3 9
    endloop
  endfacet
  facet normal 0.793193 -0.60897 0
    outer loop
      vertex 139.866 39.3 4
      vertex 139.707 39.0929 9
      vertex 139.707 39.0929 4
    endloop
  endfacet
  facet normal 0.99148 -0.130256 0
    outer loop
      vertex 139.966 39.5412 9
      vertex 140 39.8 4
      vertex 140 39.8 9
    endloop
  endfacet
  facet normal 0.99148 -0.130256 0
    outer loop
      vertex 140 39.8 4
      vertex 139.966 39.5412 9
      vertex 139.966 39.5412 4
    endloop
  endfacet
  facet normal -0.793378 -0.608729 0
    outer loop
      vertex 96.2929 39.0929 4
      vertex 96.134 39.3 9
      vertex 96.134 39.3 4
    endloop
  endfacet
  facet normal -0.793378 -0.608729 0
    outer loop
      vertex 96.134 39.3 9
      vertex 96.2929 39.0929 4
      vertex 96.2929 39.0929 9
    endloop
  endfacet
  facet normal 0.608914 0.793236 -0
    outer loop
      vertex 139.707 41.5071 4
      vertex 139.5 41.666 9
      vertex 139.707 41.5071 9
    endloop
  endfacet
  facet normal 0.608914 0.793236 0
    outer loop
      vertex 139.5 41.666 9
      vertex 139.707 41.5071 4
      vertex 139.5 41.666 4
    endloop
  endfacet
  facet normal -0.991431 0.130633 0
    outer loop
      vertex 96 40.8 4
      vertex 96.0341 41.0588 9
      vertex 96.0341 41.0588 4
    endloop
  endfacet
  facet normal -0.991431 0.130633 0
    outer loop
      vertex 96.0341 41.0588 9
      vertex 96 40.8 4
      vertex 96 40.8 9
    endloop
  endfacet
  facet normal 0.130534 -0.991444 0
    outer loop
      vertex 139 38.8 4
      vertex 139.259 38.8341 9
      vertex 139 38.8 9
    endloop
  endfacet
  facet normal 0.130534 -0.991444 0
    outer loop
      vertex 139.259 38.8341 9
      vertex 139 38.8 4
      vertex 139.259 38.8341 4
    endloop
  endfacet
  facet normal -1 0 0
    outer loop
      vertex 96 39.8 4
      vertex 96 40.8 9
      vertex 96 40.8 4
    endloop
  endfacet
  facet normal -1 -0 0
    outer loop
      vertex 96 40.8 9
      vertex 96 39.8 4
      vertex 96 39.8 9
    endloop
  endfacet
  facet normal 1 -0 0
    outer loop
      vertex 140 39.8 9
      vertex 140 40.8 4
      vertex 140 40.8 9
    endloop
  endfacet
  facet normal 1 0 0
    outer loop
      vertex 140 40.8 4
      vertex 140 39.8 9
      vertex 140 39.8 4
    endloop
  endfacet
  facet normal 0.923755 0.382983 0
    outer loop
      vertex 139.966 41.0588 9
      vertex 139.866 41.3 4
      vertex 139.866 41.3 9
    endloop
  endfacet
  facet normal 0.923755 0.382983 0
    outer loop
      vertex 139.866 41.3 4
      vertex 139.966 41.0588 9
      vertex 139.966 41.0588 4
    endloop
  endfacet
  facet normal 0 0 1
    outer loop
      vertex 139 41.8 9
      vertex 140 40.8 9
      vertex 139.966 41.0588 9
    endloop
  endfacet
  facet normal 0 0 1
    outer loop
      vertex 140 40.8 9
      vertex 139 41.8 9
      vertex 140 39.8 9
    endloop
  endfacet
  facet normal 0 0 1
    outer loop
      vertex 139 41.8 9
      vertex 139.966 41.0588 9
      vertex 139.866 41.3 9
    endloop
  endfacet
  facet normal 0 0 1
    outer loop
      vertex 139 38.8 9
      vertex 140 39.8 9
      vertex 139 41.8 9
    endloop
  endfacet
  facet normal 0 0 1
    outer loop
      vertex 139 41.8 9
      vertex 139.866 41.3 9
      vertex 139.707 41.5071 9
    endloop
  endfacet
  facet normal 0 0 1
    outer loop
      vertex 140 39.8 9
      vertex 139 38.8 9
      vertex 139.966 39.5412 9
    endloop
  endfacet
  facet normal 0 0 1
    outer loop
      vertex 139 41.8 9
      vertex 139.707 41.5071 9
      vertex 139.5 41.666 9
    endloop
  endfacet
  facet normal 0 0 1
    outer loop
      vertex 139.966 39.5412 9
      vertex 139 38.8 9
      vertex 139.866 39.3 9
    endloop
  endfacet
  facet normal 0 0 1
    outer loop
      vertex 139 41.8 9
      vertex 139.5 41.666 9
      vertex 139.259 41.7659 9
    endloop
  endfacet
  facet normal 0 0 1
    outer loop
      vertex 139.866 39.3 9
      vertex 139 38.8 9
      vertex 139.707 39.0929 9
    endloop
  endfacet
  facet normal 0 0 1
    outer loop
      vertex 139.707 39.0929 9
      vertex 139 38.8 9
      vertex 139.5 38.934 9
    endloop
  endfacet
  facet normal 0 0 1
    outer loop
      vertex 139.5 38.934 9
      vertex 139 38.8 9
      vertex 139.259 38.8341 9
    endloop
  endfacet
  facet normal -0 0 1
    outer loop
      vertex 97 41.8 9
      vertex 139 38.8 9
      vertex 139 41.8 9
    endloop
  endfacet
  facet normal 0 0 1
    outer loop
      vertex 97 41.8 9
      vertex 97 38.8 9
      vertex 139 38.8 9
    endloop
  endfacet
  facet normal 0 0 1
    outer loop
      vertex 96 40.8 9
      vertex 97 41.8 9
      vertex 96.7412 41.7659 9
    endloop
  endfacet
  facet normal 0 0 1
    outer loop
      vertex 97 41.8 9
      vertex 96 40.8 9
      vertex 97 38.8 9
    endloop
  endfacet
  facet normal 0 0 1
    outer loop
      vertex 96 40.8 9
      vertex 96.7412 41.7659 9
      vertex 96.5 41.666 9
    endloop
  endfacet
  facet normal -0 0 1
    outer loop
      vertex 96 39.8 9
      vertex 97 38.8 9
      vertex 96 40.8 9
    endloop
  endfacet
  facet normal 0 0 1
    outer loop
      vertex 96 40.8 9
      vertex 96.5 41.666 9
      vertex 96.2929 41.5071 9
    endloop
  endfacet
  facet normal 0 0 1
    outer loop
      vertex 97 38.8 9
      vertex 96 39.8 9
      vertex 96.7412 38.8341 9
    endloop
  endfacet
  facet normal 0 0 1
    outer loop
      vertex 96 40.8 9
      vertex 96.2929 41.5071 9
      vertex 96.134 41.3 9
    endloop
  endfacet
  facet normal 0 0 1
    outer loop
      vertex 96.7412 38.8341 9
      vertex 96 39.8 9
      vertex 96.5 38.934 9
    endloop
  endfacet
  facet normal 0 0 1
    outer loop
      vertex 96 40.8 9
      vertex 96.134 41.3 9
      vertex 96.0341 41.0588 9
    endloop
  endfacet
  facet normal 0 0 1
    outer loop
      vertex 96.5 38.934 9
      vertex 96 39.8 9
      vertex 96.2929 39.0929 9
    endloop
  endfacet
  facet normal 0 0 1
    outer loop
      vertex 96.2929 39.0929 9
      vertex 96 39.8 9
      vertex 96.134 39.3 9
    endloop
  endfacet
  facet normal 0 0 1
    outer loop
      vertex 96.134 39.3 9
      vertex 96 39.8 9
      vertex 96.0341 39.5412 9
    endloop
  endfacet
  facet normal -0.608665 -0.793427 0
    outer loop
      vertex 96.414 39 4
      vertex 96.2929 39.0929 9
      vertex 96.2929 39.0929 4
    endloop
  endfacet
  facet normal -0.608729 -0.793378 -2.45177e-06
    outer loop
      vertex 96.2929 39.0929 9
      vertex 96.414 39 4
      vertex 96.5 38.934 9
    endloop
  endfacet
  facet normal -0.608819 -0.793309 -0
    outer loop
      vertex 96.5 38.934 9
      vertex 96.414 39 4
      vertex 96.5 38.934 4
    endloop
  endfacet
  facet normal -0.382656 -0.923891 0
    outer loop
      vertex 96.5 38.934 4
      vertex 96.7412 38.8341 9
      vertex 96.5 38.934 9
    endloop
  endfacet
  facet normal -0.382656 -0.923891 -0
    outer loop
      vertex 96.7412 38.8341 9
      vertex 96.5 38.934 4
      vertex 96.7412 38.8341 4
    endloop
  endfacet
  facet normal -0.130633 -0.991431 0
    outer loop
      vertex 96.7412 38.8341 4
      vertex 97 38.8 9
      vertex 96.7412 38.8341 9
    endloop
  endfacet
  facet normal -0.130633 -0.991431 -0
    outer loop
      vertex 97 38.8 9
      vertex 96.7412 38.8341 4
      vertex 97 38.8 4
    endloop
  endfacet
  facet normal -0.471329 0.881957 0
    outer loop
      vertex 86.9693 30.1955 3
      vertex 86.2777 29.8259 10.6
      vertex 86.9693 30.1955 10.6
    endloop
  endfacet
  facet normal -0.471329 0.881957 0
    outer loop
      vertex 86.2777 29.8259 10.6
      vertex 86.9693 30.1955 3
      vertex 86.2777 29.8259 3
    endloop
  endfacet
  facet normal 0.471329 0.881957 -0
    outer loop
      vertex 90.7223 29.8259 3
      vertex 90.0307 30.1955 10.6
      vertex 90.7223 29.8259 10.6
    endloop
  endfacet
  facet normal 0.471329 0.881957 0
    outer loop
      vertex 90.0307 30.1955 10.6
      vertex 90.7223 29.8259 3
      vertex 90.0307 30.1955 3
    endloop
  endfacet
  facet normal 0.956941 0.290283 0
    outer loop
      vertex 92.4231 27.2804 10.6
      vertex 92.1955 28.0307 3
      vertex 92.1955 28.0307 10.6
    endloop
  endfacet
  facet normal 0.956941 0.290283 0
    outer loop
      vertex 92.1955 28.0307 3
      vertex 92.4231 27.2804 10.6
      vertex 92.4231 27.2804 3
    endloop
  endfacet
  facet normal 0.99518 0.0980643 0
    outer loop
      vertex 92.5 26.5 10.6
      vertex 92.4231 27.2804 3
      vertex 92.4231 27.2804 10.6
    endloop
  endfacet
  facet normal 0.99518 0.0980643 0
    outer loop
      vertex 92.4231 27.2804 3
      vertex 92.5 26.5 10.6
      vertex 92.5 26.5 3
    endloop
  endfacet
  facet normal 0.881957 0.471329 0
    outer loop
      vertex 92.1955 28.0307 10.6
      vertex 91.8259 28.7223 3
      vertex 91.8259 28.7223 10.6
    endloop
  endfacet
  facet normal 0.881957 0.471329 0
    outer loop
      vertex 91.8259 28.7223 3
      vertex 92.1955 28.0307 10.6
      vertex 92.1955 28.0307 3
    endloop
  endfacet
  facet normal 0.0980643 0.99518 -0
    outer loop
      vertex 89.2804 30.4231 3
      vertex 88.5 30.5 10.6
      vertex 89.2804 30.4231 10.6
    endloop
  endfacet
  facet normal 0.0980643 0.99518 0
    outer loop
      vertex 88.5 30.5 10.6
      vertex 89.2804 30.4231 3
      vertex 88.5 30.5 3
    endloop
  endfacet
  facet normal 0.0980643 -0.99518 0
    outer loop
      vertex 88.5 22.5 3
      vertex 89.2804 22.5769 10.6
      vertex 88.5 22.5 10.6
    endloop
  endfacet
  facet normal 0.0980643 -0.99518 0
    outer loop
      vertex 89.2804 22.5769 10.6
      vertex 88.5 22.5 3
      vertex 89.2804 22.5769 3
    endloop
  endfacet
  facet normal 0.290283 0.956941 -0
    outer loop
      vertex 90.0307 30.1955 3
      vertex 89.2804 30.4231 10.6
      vertex 90.0307 30.1955 10.6
    endloop
  endfacet
  facet normal 0.290283 0.956941 0
    outer loop
      vertex 89.2804 30.4231 10.6
      vertex 90.0307 30.1955 3
      vertex 89.2804 30.4231 3
    endloop
  endfacet
  facet normal 0.634459 0.772956 -0
    outer loop
      vertex 91.3284 29.3284 3
      vertex 90.7223 29.8259 10.6
      vertex 91.3284 29.3284 10.6
    endloop
  endfacet
  facet normal 0.634459 0.772956 0
    outer loop
      vertex 90.7223 29.8259 10.6
      vertex 91.3284 29.3284 3
      vertex 90.7223 29.8259 3
    endloop
  endfacet
  facet normal 0.772956 -0.634459 0
    outer loop
      vertex 91.3284 23.6716 10.6
      vertex 91.8259 24.2777 3
      vertex 91.8259 24.2777 10.6
    endloop
  endfacet
  facet normal 0.772956 -0.634459 0
    outer loop
      vertex 91.8259 24.2777 3
      vertex 91.3284 23.6716 10.6
      vertex 91.3284 23.6716 3
    endloop
  endfacet
  facet normal -0.634459 0.772956 0
    outer loop
      vertex 86.2777 29.8259 3
      vertex 85.6716 29.3284 10.6
      vertex 86.2777 29.8259 10.6
    endloop
  endfacet
  facet normal -0.634459 0.772956 0
    outer loop
      vertex 85.6716 29.3284 10.6
      vertex 86.2777 29.8259 3
      vertex 85.6716 29.3284 3
    endloop
  endfacet
  facet normal 0.471329 -0.881957 0
    outer loop
      vertex 90.0307 22.8045 3
      vertex 90.7223 23.1741 10.6
      vertex 90.0307 22.8045 10.6
    endloop
  endfacet
  facet normal 0.471329 -0.881957 0
    outer loop
      vertex 90.7223 23.1741 10.6
      vertex 90.0307 22.8045 3
      vertex 90.7223 23.1741 3
    endloop
  endfacet
  facet normal -0.881957 -0.471329 0
    outer loop
      vertex 85.1741 24.2777 3
      vertex 84.8045 24.9693 10.6
      vertex 84.8045 24.9693 3
    endloop
  endfacet
  facet normal -0.881957 -0.471329 0
    outer loop
      vertex 84.8045 24.9693 10.6
      vertex 85.1741 24.2777 3
      vertex 85.1741 24.2777 10.6
    endloop
  endfacet
  facet normal 0.99518 -0.0980643 0
    outer loop
      vertex 92.4231 25.7196 10.6
      vertex 92.5 26.5 3
      vertex 92.5 26.5 10.6
    endloop
  endfacet
  facet normal 0.99518 -0.0980643 0
    outer loop
      vertex 92.5 26.5 3
      vertex 92.4231 25.7196 10.6
      vertex 92.4231 25.7196 3
    endloop
  endfacet
  facet normal -0.290283 0.956941 0
    outer loop
      vertex 87.7196 30.4231 3
      vertex 86.9693 30.1955 10.6
      vertex 87.7196 30.4231 10.6
    endloop
  endfacet
  facet normal -0.290283 0.956941 0
    outer loop
      vertex 86.9693 30.1955 10.6
      vertex 87.7196 30.4231 3
      vertex 86.9693 30.1955 3
    endloop
  endfacet
  facet normal -0.0980643 -0.99518 0
    outer loop
      vertex 87.7196 22.5769 3
      vertex 88.5 22.5 10.6
      vertex 87.7196 22.5769 10.6
    endloop
  endfacet
  facet normal -0.0980643 -0.99518 -0
    outer loop
      vertex 88.5 22.5 10.6
      vertex 87.7196 22.5769 3
      vertex 88.5 22.5 3
    endloop
  endfacet
  facet normal -0.881957 0.471329 0
    outer loop
      vertex 84.8045 28.0307 3
      vertex 85.1741 28.7223 10.6
      vertex 85.1741 28.7223 3
    endloop
  endfacet
  facet normal -0.881957 0.471329 0
    outer loop
      vertex 85.1741 28.7223 10.6
      vertex 84.8045 28.0307 3
      vertex 84.8045 28.0307 10.6
    endloop
  endfacet
  facet normal 0.290283 -0.956941 0
    outer loop
      vertex 89.2804 22.5769 3
      vertex 90.0307 22.8045 10.6
      vertex 89.2804 22.5769 10.6
    endloop
  endfacet
  facet normal 0.290283 -0.956941 0
    outer loop
      vertex 90.0307 22.8045 10.6
      vertex 89.2804 22.5769 3
      vertex 90.0307 22.8045 3
    endloop
  endfacet
  facet normal 0 0 1
    outer loop
      vertex 90.8 26.5 10.6
      vertex 92.5 26.5 10.6
      vertex 92.4231 27.2804 10.6
    endloop
  endfacet
  facet normal 0 0 1
    outer loop
      vertex 90.7216 27.0953 10.6
      vertex 92.4231 27.2804 10.6
      vertex 92.1955 28.0307 10.6
    endloop
  endfacet
  facet normal 0 0 1
    outer loop
      vertex 92.5 26.5 10.6
      vertex 90.8 26.5 10.6
      vertex 92.4231 25.7196 10.6
    endloop
  endfacet
  facet normal 0 0 1
    outer loop
      vertex 90.4919 27.65 10.6
      vertex 92.1955 28.0307 10.6
      vertex 91.8259 28.7223 10.6
    endloop
  endfacet
  facet normal -0 0 1
    outer loop
      vertex 90.7216 25.9047 10.6
      vertex 92.4231 25.7196 10.6
      vertex 90.8 26.5 10.6
    endloop
  endfacet
  facet normal 0 0 1
    outer loop
      vertex 90.1263 28.1263 10.6
      vertex 91.8259 28.7223 10.6
      vertex 91.3284 29.3284 10.6
    endloop
  endfacet
  facet normal 0 0 1
    outer loop
      vertex 92.4231 25.7196 10.6
      vertex 90.7216 25.9047 10.6
      vertex 92.1955 24.9693 10.6
    endloop
  endfacet
  facet normal -0 0 1
    outer loop
      vertex 90.4919 25.35 10.6
      vertex 92.1955 24.9693 10.6
      vertex 90.7216 25.9047 10.6
    endloop
  endfacet
  facet normal 0 0 1
    outer loop
      vertex 90.1263 28.1263 10.6
      vertex 91.3284 29.3284 10.6
      vertex 90.7223 29.8259 10.6
    endloop
  endfacet
  facet normal 0 0 1
    outer loop
      vertex 92.4231 27.2804 10.6
      vertex 90.7216 27.0953 10.6
      vertex 90.8 26.5 10.6
    endloop
  endfacet
  facet normal 0 0 1
    outer loop
      vertex 92.1955 28.0307 10.6
      vertex 90.4919 27.65 10.6
      vertex 90.7216 27.0953 10.6
    endloop
  endfacet
  facet normal 0 0 1
    outer loop
      vertex 91.8259 28.7223 10.6
      vertex 90.1263 28.1263 10.6
      vertex 90.4919 27.65 10.6
    endloop
  endfacet
  facet normal 0 0 1
    outer loop
      vertex 89.65 28.4919 10.6
      vertex 90.7223 29.8259 10.6
      vertex 90.0307 30.1955 10.6
    endloop
  endfacet
  facet normal 0 0 1
    outer loop
      vertex 90.7223 29.8259 10.6
      vertex 89.65 28.4919 10.6
      vertex 90.1263 28.1263 10.6
    endloop
  endfacet
  facet normal 0 0 1
    outer loop
      vertex 89.0953 28.7216 10.6
      vertex 90.0307 30.1955 10.6
      vertex 89.2804 30.4231 10.6
    endloop
  endfacet
  facet normal 0 0 1
    outer loop
      vertex 90.0307 30.1955 10.6
      vertex 89.0953 28.7216 10.6
      vertex 89.65 28.4919 10.6
    endloop
  endfacet
  facet normal 0 0 1
    outer loop
      vertex 88.5 28.8 10.6
      vertex 89.2804 30.4231 10.6
      vertex 88.5 30.5 10.6
    endloop
  endfacet
  facet normal 0 0 1
    outer loop
      vertex 89.2804 30.4231 10.6
      vertex 88.5 28.8 10.6
      vertex 89.0953 28.7216 10.6
    endloop
  endfacet
  facet normal -0 0 1
    outer loop
      vertex 87.7196 30.4231 10.6
      vertex 88.5 28.8 10.6
      vertex 88.5 30.5 10.6
    endloop
  endfacet
  facet normal 0 0 1
    outer loop
      vertex 88.5 28.8 10.6
      vertex 87.7196 30.4231 10.6
      vertex 87.9047 28.7216 10.6
    endloop
  endfacet
  facet normal -0 0 1
    outer loop
      vertex 86.9693 30.1955 10.6
      vertex 87.9047 28.7216 10.6
      vertex 87.7196 30.4231 10.6
    endloop
  endfacet
  facet normal 0 0 1
    outer loop
      vertex 87.9047 28.7216 10.6
      vertex 86.9693 30.1955 10.6
      vertex 87.35 28.4919 10.6
    endloop
  endfacet
  facet normal -0 0 1
    outer loop
      vertex 86.2777 29.8259 10.6
      vertex 87.35 28.4919 10.6
      vertex 86.9693 30.1955 10.6
    endloop
  endfacet
  facet normal 0 0 1
    outer loop
      vertex 87.35 28.4919 10.6
      vertex 86.2777 29.8259 10.6
      vertex 86.8737 28.1263 10.6
    endloop
  endfacet
  facet normal -0 0 1
    outer loop
      vertex 85.6716 29.3284 10.6
      vertex 86.8737 28.1263 10.6
      vertex 86.2777 29.8259 10.6
    endloop
  endfacet
  facet normal -0 0 1
    outer loop
      vertex 85.1741 28.7223 10.6
      vertex 86.8737 28.1263 10.6
      vertex 85.6716 29.3284 10.6
    endloop
  endfacet
  facet normal 0 0 1
    outer loop
      vertex 86.8737 28.1263 10.6
      vertex 85.1741 28.7223 10.6
      vertex 86.5081 27.65 10.6
    endloop
  endfacet
  facet normal -0 0 1
    outer loop
      vertex 84.8045 28.0307 10.6
      vertex 86.5081 27.65 10.6
      vertex 85.1741 28.7223 10.6
    endloop
  endfacet
  facet normal 0 0 1
    outer loop
      vertex 92.1955 24.9693 10.6
      vertex 90.4919 25.35 10.6
      vertex 91.8259 24.2777 10.6
    endloop
  endfacet
  facet normal -0 0 1
    outer loop
      vertex 90.1263 24.8737 10.6
      vertex 91.8259 24.2777 10.6
      vertex 90.4919 25.35 10.6
    endloop
  endfacet
  facet normal 0 0 1
    outer loop
      vertex 91.8259 24.2777 10.6
      vertex 90.1263 24.8737 10.6
      vertex 91.3284 23.6716 10.6
    endloop
  endfacet
  facet normal 0 0 1
    outer loop
      vertex 91.3284 23.6716 10.6
      vertex 90.1263 24.8737 10.6
      vertex 90.7223 23.1741 10.6
    endloop
  endfacet
  facet normal -0 0 1
    outer loop
      vertex 89.65 24.5081 10.6
      vertex 90.7223 23.1741 10.6
      vertex 90.1263 24.8737 10.6
    endloop
  endfacet
  facet normal 0 0 1
    outer loop
      vertex 90.7223 23.1741 10.6
      vertex 89.65 24.5081 10.6
      vertex 90.0307 22.8045 10.6
    endloop
  endfacet
  facet normal -0 0 1
    outer loop
      vertex 89.0953 24.2784 10.6
      vertex 90.0307 22.8045 10.6
      vertex 89.65 24.5081 10.6
    endloop
  endfacet
  facet normal 0 0 1
    outer loop
      vertex 90.0307 22.8045 10.6
      vertex 89.0953 24.2784 10.6
      vertex 89.2804 22.5769 10.6
    endloop
  endfacet
  facet normal -0 0 1
    outer loop
      vertex 88.5 24.2 10.6
      vertex 89.2804 22.5769 10.6
      vertex 89.0953 24.2784 10.6
    endloop
  endfacet
  facet normal 0 0 1
    outer loop
      vertex 88.5 24.2 10.6
      vertex 88.5 22.5 10.6
      vertex 89.2804 22.5769 10.6
    endloop
  endfacet
  facet normal 0 0 1
    outer loop
      vertex 87.7196 22.5769 10.6
      vertex 88.5 24.2 10.6
      vertex 87.9047 24.2784 10.6
    endloop
  endfacet
  facet normal 0 0 1
    outer loop
      vertex 88.5 24.2 10.6
      vertex 87.7196 22.5769 10.6
      vertex 88.5 22.5 10.6
    endloop
  endfacet
  facet normal 0 0 1
    outer loop
      vertex 86.9693 22.8045 10.6
      vertex 87.9047 24.2784 10.6
      vertex 87.35 24.5081 10.6
    endloop
  endfacet
  facet normal 0 0 1
    outer loop
      vertex 87.9047 24.2784 10.6
      vertex 86.9693 22.8045 10.6
      vertex 87.7196 22.5769 10.6
    endloop
  endfacet
  facet normal 0 0 1
    outer loop
      vertex 86.2777 23.1741 10.6
      vertex 87.35 24.5081 10.6
      vertex 86.8737 24.8737 10.6
    endloop
  endfacet
  facet normal 0 0 1
    outer loop
      vertex 85.1741 24.2777 10.6
      vertex 86.8737 24.8737 10.6
      vertex 86.5081 25.35 10.6
    endloop
  endfacet
  facet normal 0 0 1
    outer loop
      vertex 84.8045 24.9693 10.6
      vertex 86.5081 25.35 10.6
      vertex 86.2784 25.9047 10.6
    endloop
  endfacet
  facet normal 0 0 1
    outer loop
      vertex 87.35 24.5081 10.6
      vertex 86.2777 23.1741 10.6
      vertex 86.9693 22.8045 10.6
    endloop
  endfacet
  facet normal 0 0 1
    outer loop
      vertex 84.5769 25.7196 10.6
      vertex 86.2784 25.9047 10.6
      vertex 86.2 26.5 10.6
    endloop
  endfacet
  facet normal 0 0 1
    outer loop
      vertex 86.5081 27.65 10.6
      vertex 84.8045 28.0307 10.6
      vertex 86.2784 27.0953 10.6
    endloop
  endfacet
  facet normal 0 0 1
    outer loop
      vertex 86.8737 24.8737 10.6
      vertex 85.6716 23.6716 10.6
      vertex 86.2777 23.1741 10.6
    endloop
  endfacet
  facet normal -0 0 1
    outer loop
      vertex 84.5769 27.2804 10.6
      vertex 86.2784 27.0953 10.6
      vertex 84.8045 28.0307 10.6
    endloop
  endfacet
  facet normal 0 0 1
    outer loop
      vertex 86.8737 24.8737 10.6
      vertex 85.1741 24.2777 10.6
      vertex 85.6716 23.6716 10.6
    endloop
  endfacet
  facet normal 0 0 1
    outer loop
      vertex 86.2784 27.0953 10.6
      vertex 84.5769 27.2804 10.6
      vertex 86.2 26.5 10.6
    endloop
  endfacet
  facet normal 0 0 1
    outer loop
      vertex 86.5081 25.35 10.6
      vertex 84.8045 24.9693 10.6
      vertex 85.1741 24.2777 10.6
    endloop
  endfacet
  facet normal 0 0 1
    outer loop
      vertex 84.5 26.5 10.6
      vertex 86.2 26.5 10.6
      vertex 84.5769 27.2804 10.6
    endloop
  endfacet
  facet normal 0 0 1
    outer loop
      vertex 86.2784 25.9047 10.6
      vertex 84.5769 25.7196 10.6
      vertex 84.8045 24.9693 10.6
    endloop
  endfacet
  facet normal 0 0 1
    outer loop
      vertex 86.2 26.5 10.6
      vertex 84.5 26.5 10.6
      vertex 84.5769 25.7196 10.6
    endloop
  endfacet
  facet normal -0.290283 -0.956941 0
    outer loop
      vertex 86.9693 22.8045 3
      vertex 87.7196 22.5769 10.6
      vertex 86.9693 22.8045 10.6
    endloop
  endfacet
  facet normal -0.290283 -0.956941 -0
    outer loop
      vertex 87.7196 22.5769 10.6
      vertex 86.9693 22.8045 3
      vertex 87.7196 22.5769 3
    endloop
  endfacet
  facet normal 0.956941 -0.290283 0
    outer loop
      vertex 92.1955 24.9693 10.6
      vertex 92.4231 25.7196 3
      vertex 92.4231 25.7196 10.6
    endloop
  endfacet
  facet normal 0.956941 -0.290283 0
    outer loop
      vertex 92.4231 25.7196 3
      vertex 92.1955 24.9693 10.6
      vertex 92.1955 24.9693 3
    endloop
  endfacet
  facet normal 0.772956 0.634459 0
    outer loop
      vertex 91.8259 28.7223 10.6
      vertex 91.3284 29.3284 3
      vertex 91.3284 29.3284 10.6
    endloop
  endfacet
  facet normal 0.772956 0.634459 0
    outer loop
      vertex 91.3284 29.3284 3
      vertex 91.8259 28.7223 10.6
      vertex 91.8259 28.7223 3
    endloop
  endfacet
  facet normal -0.99518 0.0980643 0
    outer loop
      vertex 84.5 26.5 3
      vertex 84.5769 27.2804 10.6
      vertex 84.5769 27.2804 3
    endloop
  endfacet
  facet normal -0.99518 0.0980643 0
    outer loop
      vertex 84.5769 27.2804 10.6
      vertex 84.5 26.5 3
      vertex 84.5 26.5 10.6
    endloop
  endfacet
  facet normal 0.634459 -0.772956 0
    outer loop
      vertex 90.7223 23.1741 3
      vertex 91.3284 23.6716 10.6
      vertex 90.7223 23.1741 10.6
    endloop
  endfacet
  facet normal 0.634459 -0.772956 0
    outer loop
      vertex 91.3284 23.6716 10.6
      vertex 90.7223 23.1741 3
      vertex 91.3284 23.6716 3
    endloop
  endfacet
  facet normal -0.634459 -0.772956 0
    outer loop
      vertex 85.6716 23.6716 3
      vertex 86.2777 23.1741 10.6
      vertex 85.6716 23.6716 10.6
    endloop
  endfacet
  facet normal -0.634459 -0.772956 -0
    outer loop
      vertex 86.2777 23.1741 10.6
      vertex 85.6716 23.6716 3
      vertex 86.2777 23.1741 3
    endloop
  endfacet
  facet normal -0.0980643 0.99518 0
    outer loop
      vertex 88.5 30.5 3
      vertex 87.7196 30.4231 10.6
      vertex 88.5 30.5 10.6
    endloop
  endfacet
  facet normal -0.0980643 0.99518 0
    outer loop
      vertex 87.7196 30.4231 10.6
      vertex 88.5 30.5 3
      vertex 87.7196 30.4231 3
    endloop
  endfacet
  facet normal 0.881957 -0.471329 0
    outer loop
      vertex 91.8259 24.2777 10.6
      vertex 92.1955 24.9693 3
      vertex 92.1955 24.9693 10.6
    endloop
  endfacet
  facet normal 0.881957 -0.471329 0
    outer loop
      vertex 92.1955 24.9693 3
      vertex 91.8259 24.2777 10.6
      vertex 91.8259 24.2777 3
    endloop
  endfacet
  facet normal -0.956941 -0.290283 0
    outer loop
      vertex 84.8045 24.9693 3
      vertex 84.5769 25.7196 10.6
      vertex 84.5769 25.7196 3
    endloop
  endfacet
  facet normal -0.956941 -0.290283 0
    outer loop
      vertex 84.5769 25.7196 10.6
      vertex 84.8045 24.9693 3
      vertex 84.8045 24.9693 10.6
    endloop
  endfacet
  facet normal -0.99518 -0.0980643 0
    outer loop
      vertex 84.5769 25.7196 3
      vertex 84.5 26.5 10.6
      vertex 84.5 26.5 3
    endloop
  endfacet
  facet normal -0.99518 -0.0980643 0
    outer loop
      vertex 84.5 26.5 10.6
      vertex 84.5769 25.7196 3
      vertex 84.5769 25.7196 10.6
    endloop
  endfacet
  facet normal -0.772956 -0.634459 0
    outer loop
      vertex 85.6716 23.6716 3
      vertex 85.1741 24.2777 10.6
      vertex 85.1741 24.2777 3
    endloop
  endfacet
  facet normal -0.772956 -0.634459 0
    outer loop
      vertex 85.1741 24.2777 10.6
      vertex 85.6716 23.6716 3
      vertex 85.6716 23.6716 10.6
    endloop
  endfacet
  facet normal -0.772956 0.634459 0
    outer loop
      vertex 85.1741 28.7223 3
      vertex 85.6716 29.3284 10.6
      vertex 85.6716 29.3284 3
    endloop
  endfacet
  facet normal -0.772956 0.634459 0
    outer loop
      vertex 85.6716 29.3284 10.6
      vertex 85.1741 28.7223 3
      vertex 85.1741 28.7223 10.6
    endloop
  endfacet
  facet normal -0.956941 0.290283 0
    outer loop
      vertex 84.5769 27.2804 3
      vertex 84.8045 28.0307 10.6
      vertex 84.8045 28.0307 3
    endloop
  endfacet
  facet normal -0.956941 0.290283 0
    outer loop
      vertex 84.8045 28.0307 10.6
      vertex 84.5769 27.2804 3
      vertex 84.5769 27.2804 10.6
    endloop
  endfacet
  facet normal -0.471329 -0.881957 0
    outer loop
      vertex 86.2777 23.1741 3
      vertex 86.9693 22.8045 10.6
      vertex 86.2777 23.1741 10.6
    endloop
  endfacet
  facet normal -0.471329 -0.881957 -0
    outer loop
      vertex 86.9693 22.8045 10.6
      vertex 86.2777 23.1741 3
      vertex 86.9693 22.8045 3
    endloop
  endfacet
  facet normal -0.923917 -0.382592 0
    outer loop
      vertex 90.7216 27.0953 4.11
      vertex 90.4919 27.65 10.6
      vertex 90.4919 27.65 4.11
    endloop
  endfacet
  facet normal -0.923917 -0.382592 0
    outer loop
      vertex 90.4919 27.65 10.6
      vertex 90.7216 27.0953 4.11
      vertex 90.7216 27.0953 10.6
    endloop
  endfacet
  facet normal -0.991439 -0.130571 0
    outer loop
      vertex 90.8 26.5 4.11
      vertex 90.7216 27.0953 10.6
      vertex 90.7216 27.0953 4.11
    endloop
  endfacet
  facet normal -0.991439 -0.130571 0
    outer loop
      vertex 90.7216 27.0953 10.6
      vertex 90.8 26.5 4.11
      vertex 90.8 26.5 10.6
    endloop
  endfacet
  facet normal -0.991439 0.130571 0
    outer loop
      vertex 90.7216 25.9047 4.11
      vertex 90.8 26.5 10.6
      vertex 90.8 26.5 4.11
    endloop
  endfacet
  facet normal -0.991439 0.130571 0
    outer loop
      vertex 90.8 26.5 10.6
      vertex 90.7216 25.9047 4.11
      vertex 90.7216 25.9047 10.6
    endloop
  endfacet
  facet normal -0.382592 0.923917 0
    outer loop
      vertex 89.65 24.5081 4.11
      vertex 89.0953 24.2784 10.6
      vertex 89.65 24.5081 10.6
    endloop
  endfacet
  facet normal -0.382592 0.923917 0
    outer loop
      vertex 89.0953 24.2784 10.6
      vertex 89.65 24.5081 4.11
      vertex 89.0953 24.2784 4.11
    endloop
  endfacet
  facet normal 0 0 1
    outer loop
      vertex 90.7216 27.0953 4.11
      vertex 90.7216 25.9047 4.11
      vertex 90.8 26.5 4.11
    endloop
  endfacet
  facet normal 0 0 1
    outer loop
      vertex 90.4919 27.65 4.11
      vertex 90.7216 25.9047 4.11
      vertex 90.7216 27.0953 4.11
    endloop
  endfacet
  facet normal 0 0 1
    outer loop
      vertex 90.4919 27.65 4.11
      vertex 90.4919 25.35 4.11
      vertex 90.7216 25.9047 4.11
    endloop
  endfacet
  facet normal 0 0 1
    outer loop
      vertex 90.1263 28.1263 4.11
      vertex 90.4919 25.35 4.11
      vertex 90.4919 27.65 4.11
    endloop
  endfacet
  facet normal 0 0 1
    outer loop
      vertex 90.1263 28.1263 4.11
      vertex 90.1263 24.8737 4.11
      vertex 90.4919 25.35 4.11
    endloop
  endfacet
  facet normal 0 0 1
    outer loop
      vertex 89.65 28.4919 4.11
      vertex 90.1263 24.8737 4.11
      vertex 90.1263 28.1263 4.11
    endloop
  endfacet
  facet normal 0 0 1
    outer loop
      vertex 89.65 28.4919 4.11
      vertex 89.65 24.5081 4.11
      vertex 90.1263 24.8737 4.11
    endloop
  endfacet
  facet normal 0 0 1
    outer loop
      vertex 89.0953 28.7216 4.11
      vertex 89.65 24.5081 4.11
      vertex 89.65 28.4919 4.11
    endloop
  endfacet
  facet normal 0 0 1
    outer loop
      vertex 89.0953 28.7216 4.11
      vertex 89.0953 24.2784 4.11
      vertex 89.65 24.5081 4.11
    endloop
  endfacet
  facet normal 0 0 1
    outer loop
      vertex 88.5 28.8 4.11
      vertex 89.0953 24.2784 4.11
      vertex 89.0953 28.7216 4.11
    endloop
  endfacet
  facet normal 0 0 1
    outer loop
      vertex 88.5 28.8 4.11
      vertex 88.5 24.2 4.11
      vertex 89.0953 24.2784 4.11
    endloop
  endfacet
  facet normal -0 0 1
    outer loop
      vertex 87.9047 28.7216 4.11
      vertex 88.5 24.2 4.11
      vertex 88.5 28.8 4.11
    endloop
  endfacet
  facet normal 0 0 1
    outer loop
      vertex 87.9047 28.7216 4.11
      vertex 87.9047 24.2784 4.11
      vertex 88.5 24.2 4.11
    endloop
  endfacet
  facet normal -0 0 1
    outer loop
      vertex 87.35 28.4919 4.11
      vertex 87.9047 24.2784 4.11
      vertex 87.9047 28.7216 4.11
    endloop
  endfacet
  facet normal 0 0 1
    outer loop
      vertex 87.35 28.4919 4.11
      vertex 87.35 24.5081 4.11
      vertex 87.9047 24.2784 4.11
    endloop
  endfacet
  facet normal -0 0 1
    outer loop
      vertex 86.8737 28.1263 4.11
      vertex 87.35 24.5081 4.11
      vertex 87.35 28.4919 4.11
    endloop
  endfacet
  facet normal 0 0 1
    outer loop
      vertex 86.8737 28.1263 4.11
      vertex 86.8737 24.8737 4.11
      vertex 87.35 24.5081 4.11
    endloop
  endfacet
  facet normal -0 0 1
    outer loop
      vertex 86.5081 27.65 4.11
      vertex 86.8737 24.8737 4.11
      vertex 86.8737 28.1263 4.11
    endloop
  endfacet
  facet normal 0 0 1
    outer loop
      vertex 86.5081 27.65 4.11
      vertex 86.5081 25.35 4.11
      vertex 86.8737 24.8737 4.11
    endloop
  endfacet
  facet normal -0 0 1
    outer loop
      vertex 86.2784 27.0953 4.11
      vertex 86.5081 25.35 4.11
      vertex 86.5081 27.65 4.11
    endloop
  endfacet
  facet normal 0 0 1
    outer loop
      vertex 86.2784 27.0953 4.11
      vertex 86.2784 25.9047 4.11
      vertex 86.5081 25.35 4.11
    endloop
  endfacet
  facet normal 0 -0 1
    outer loop
      vertex 86.2784 25.9047 4.11
      vertex 86.2784 27.0953 4.11
      vertex 86.2 26.5 4.11
    endloop
  endfacet
  facet normal 0.793255 0.608889 0
    outer loop
      vertex 86.8737 24.8737 10.6
      vertex 86.5081 25.35 4.11
      vertex 86.5081 25.35 10.6
    endloop
  endfacet
  facet normal 0.793255 0.608889 0
    outer loop
      vertex 86.5081 25.35 4.11
      vertex 86.8737 24.8737 10.6
      vertex 86.8737 24.8737 4.11
    endloop
  endfacet
  facet normal 0.793255 -0.608889 0
    outer loop
      vertex 86.5081 27.65 10.6
      vertex 86.8737 28.1263 4.11
      vertex 86.8737 28.1263 10.6
    endloop
  endfacet
  facet normal 0.793255 -0.608889 0
    outer loop
      vertex 86.8737 28.1263 4.11
      vertex 86.5081 27.65 10.6
      vertex 86.5081 27.65 4.11
    endloop
  endfacet
  facet normal 0.608889 -0.793255 0
    outer loop
      vertex 86.8737 28.1263 4.11
      vertex 87.35 28.4919 10.6
      vertex 86.8737 28.1263 10.6
    endloop
  endfacet
  facet normal 0.608889 -0.793255 0
    outer loop
      vertex 87.35 28.4919 10.6
      vertex 86.8737 28.1263 4.11
      vertex 87.35 28.4919 4.11
    endloop
  endfacet
  facet normal -0.130571 0.991439 0
    outer loop
      vertex 89.0953 24.2784 4.11
      vertex 88.5 24.2 10.6
      vertex 89.0953 24.2784 10.6
    endloop
  endfacet
  facet normal -0.130571 0.991439 0
    outer loop
      vertex 88.5 24.2 10.6
      vertex 89.0953 24.2784 4.11
      vertex 88.5 24.2 4.11
    endloop
  endfacet
  facet normal 0.130571 -0.991439 0
    outer loop
      vertex 87.9047 28.7216 4.11
      vertex 88.5 28.8 10.6
      vertex 87.9047 28.7216 10.6
    endloop
  endfacet
  facet normal 0.130571 -0.991439 0
    outer loop
      vertex 88.5 28.8 10.6
      vertex 87.9047 28.7216 4.11
      vertex 88.5 28.8 4.11
    endloop
  endfacet
  facet normal -0.382592 -0.923917 0
    outer loop
      vertex 89.0953 28.7216 4.11
      vertex 89.65 28.4919 10.6
      vertex 89.0953 28.7216 10.6
    endloop
  endfacet
  facet normal -0.382592 -0.923917 -0
    outer loop
      vertex 89.65 28.4919 10.6
      vertex 89.0953 28.7216 4.11
      vertex 89.65 28.4919 4.11
    endloop
  endfacet
  facet normal -0.793255 0.608889 0
    outer loop
      vertex 90.1263 24.8737 4.11
      vertex 90.4919 25.35 10.6
      vertex 90.4919 25.35 4.11
    endloop
  endfacet
  facet normal -0.793255 0.608889 0
    outer loop
      vertex 90.4919 25.35 10.6
      vertex 90.1263 24.8737 4.11
      vertex 90.1263 24.8737 10.6
    endloop
  endfacet
  facet normal -0.923917 0.382592 0
    outer loop
      vertex 90.4919 25.35 4.11
      vertex 90.7216 25.9047 10.6
      vertex 90.7216 25.9047 4.11
    endloop
  endfacet
  facet normal -0.923917 0.382592 0
    outer loop
      vertex 90.7216 25.9047 10.6
      vertex 90.4919 25.35 4.11
      vertex 90.4919 25.35 10.6
    endloop
  endfacet
  facet normal -0.608889 0.793255 0
    outer loop
      vertex 90.1263 24.8737 4.11
      vertex 89.65 24.5081 10.6
      vertex 90.1263 24.8737 10.6
    endloop
  endfacet
  facet normal -0.608889 0.793255 0
    outer loop
      vertex 89.65 24.5081 10.6
      vertex 90.1263 24.8737 4.11
      vertex 89.65 24.5081 4.11
    endloop
  endfacet
  facet normal 0.991439 -0.130571 0
    outer loop
      vertex 86.2 26.5 10.6
      vertex 86.2784 27.0953 4.11
      vertex 86.2784 27.0953 10.6
    endloop
  endfacet
  facet normal 0.991439 -0.130571 0
    outer loop
      vertex 86.2784 27.0953 4.11
      vertex 86.2 26.5 10.6
      vertex 86.2 26.5 4.11
    endloop
  endfacet
  facet normal 0.382592 -0.923917 0
    outer loop
      vertex 87.35 28.4919 4.11
      vertex 87.9047 28.7216 10.6
      vertex 87.35 28.4919 10.6
    endloop
  endfacet
  facet normal 0.382592 -0.923917 0
    outer loop
      vertex 87.9047 28.7216 10.6
      vertex 87.35 28.4919 4.11
      vertex 87.9047 28.7216 4.11
    endloop
  endfacet
  facet normal 0.923917 -0.382592 0
    outer loop
      vertex 86.2784 27.0953 10.6
      vertex 86.5081 27.65 4.11
      vertex 86.5081 27.65 10.6
    endloop
  endfacet
  facet normal 0.923917 -0.382592 0
    outer loop
      vertex 86.5081 27.65 4.11
      vertex 86.2784 27.0953 10.6
      vertex 86.2784 27.0953 4.11
    endloop
  endfacet
  facet normal 0.923917 0.382592 0
    outer loop
      vertex 86.5081 25.35 10.6
      vertex 86.2784 25.9047 4.11
      vertex 86.2784 25.9047 10.6
    endloop
  endfacet
  facet normal 0.923917 0.382592 0
    outer loop
      vertex 86.2784 25.9047 4.11
      vertex 86.5081 25.35 10.6
      vertex 86.5081 25.35 4.11
    endloop
  endfacet
  facet normal 0.130571 0.991439 -0
    outer loop
      vertex 88.5 24.2 4.11
      vertex 87.9047 24.2784 10.6
      vertex 88.5 24.2 10.6
    endloop
  endfacet
  facet normal 0.130571 0.991439 0
    outer loop
      vertex 87.9047 24.2784 10.6
      vertex 88.5 24.2 4.11
      vertex 87.9047 24.2784 4.11
    endloop
  endfacet
  facet normal -0.608889 -0.793255 0
    outer loop
      vertex 89.65 28.4919 4.11
      vertex 90.1263 28.1263 10.6
      vertex 89.65 28.4919 10.6
    endloop
  endfacet
  facet normal -0.608889 -0.793255 -0
    outer loop
      vertex 90.1263 28.1263 10.6
      vertex 89.65 28.4919 4.11
      vertex 90.1263 28.1263 4.11
    endloop
  endfacet
  facet normal -0.793255 -0.608889 0
    outer loop
      vertex 90.4919 27.65 4.11
      vertex 90.1263 28.1263 10.6
      vertex 90.1263 28.1263 4.11
    endloop
  endfacet
  facet normal -0.793255 -0.608889 0
    outer loop
      vertex 90.1263 28.1263 10.6
      vertex 90.4919 27.65 4.11
      vertex 90.4919 27.65 10.6
    endloop
  endfacet
  facet normal -0.130571 -0.991439 0
    outer loop
      vertex 88.5 28.8 4.11
      vertex 89.0953 28.7216 10.6
      vertex 88.5 28.8 10.6
    endloop
  endfacet
  facet normal -0.130571 -0.991439 -0
    outer loop
      vertex 89.0953 28.7216 10.6
      vertex 88.5 28.8 4.11
      vertex 89.0953 28.7216 4.11
    endloop
  endfacet
  facet normal 0.608889 0.793255 -0
    outer loop
      vertex 87.35 24.5081 4.11
      vertex 86.8737 24.8737 10.6
      vertex 87.35 24.5081 10.6
    endloop
  endfacet
  facet normal 0.608889 0.793255 0
    outer loop
      vertex 86.8737 24.8737 10.6
      vertex 87.35 24.5081 4.11
      vertex 86.8737 24.8737 4.11
    endloop
  endfacet
  facet normal 0.991439 0.130571 0
    outer loop
      vertex 86.2784 25.9047 10.6
      vertex 86.2 26.5 4.11
      vertex 86.2 26.5 10.6
    endloop
  endfacet
  facet normal 0.991439 0.130571 0
    outer loop
      vertex 86.2 26.5 4.11
      vertex 86.2784 25.9047 10.6
      vertex 86.2784 25.9047 4.11
    endloop
  endfacet
  facet normal 0.382592 0.923917 -0
    outer loop
      vertex 87.9047 24.2784 4.11
      vertex 87.35 24.5081 10.6
      vertex 87.9047 24.2784 10.6
    endloop
  endfacet
  facet normal 0.382592 0.923917 0
    outer loop
      vertex 87.35 24.5081 10.6
      vertex 87.9047 24.2784 4.11
      vertex 87.35 24.5081 4.11
    endloop
  endfacet
  facet normal -0.471648 0.881787 0
    outer loop
      vertex 144.969 30.1955 3
      vertex 144.278 29.8259 10.6
      vertex 144.969 30.1955 10.6
    endloop
  endfacet
  facet normal -0.471648 0.881787 0
    outer loop
      vertex 144.278 29.8259 10.6
      vertex 144.969 30.1955 3
      vertex 144.278 29.8259 3
    endloop
  endfacet
  facet normal 0.471648 0.881787 -0
    outer loop
      vertex 148.722 29.8259 3
      vertex 148.031 30.1955 10.6
      vertex 148.722 29.8259 10.6
    endloop
  endfacet
  facet normal 0.471648 0.881787 0
    outer loop
      vertex 148.031 30.1955 10.6
      vertex 148.722 29.8259 3
      vertex 148.031 30.1955 3
    endloop
  endfacet
  facet normal 0.957153 0.289582 0
    outer loop
      vertex 150.423 27.2804 10.6
      vertex 150.196 28.0307 3
      vertex 150.196 28.0307 10.6
    endloop
  endfacet
  facet normal 0.957153 0.289582 0
    outer loop
      vertex 150.196 28.0307 3
      vertex 150.423 27.2804 10.6
      vertex 150.423 27.2804 3
    endloop
  endfacet
  facet normal 0.995168 0.0981906 0
    outer loop
      vertex 150.5 26.5 10.6
      vertex 150.423 27.2804 3
      vertex 150.423 27.2804 10.6
    endloop
  endfacet
  facet normal 0.995168 0.0981906 0
    outer loop
      vertex 150.423 27.2804 3
      vertex 150.5 26.5 10.6
      vertex 150.5 26.5 3
    endloop
  endfacet
  facet normal 0.881745 0.471726 0
    outer loop
      vertex 150.196 28.0307 10.6
      vertex 149.826 28.7223 3
      vertex 149.826 28.7223 10.6
    endloop
  endfacet
  facet normal 0.881745 0.471726 0
    outer loop
      vertex 149.826 28.7223 3
      vertex 150.196 28.0307 10.6
      vertex 150.196 28.0307 3
    endloop
  endfacet
  facet normal 0.0981141 0.995175 -0
    outer loop
      vertex 147.28 30.4231 3
      vertex 146.5 30.5 10.6
      vertex 147.28 30.4231 10.6
    endloop
  endfacet
  facet normal 0.0981141 0.995175 0
    outer loop
      vertex 146.5 30.5 10.6
      vertex 147.28 30.4231 3
      vertex 146.5 30.5 3
    endloop
  endfacet
  facet normal 0.0981141 -0.995175 0
    outer loop
      vertex 146.5 22.5 3
      vertex 147.28 22.5769 10.6
      vertex 146.5 22.5 10.6
    endloop
  endfacet
  facet normal 0.0981141 -0.995175 0
    outer loop
      vertex 147.28 22.5769 10.6
      vertex 146.5 22.5 3
      vertex 147.28 22.5769 3
    endloop
  endfacet
  facet normal 0.290036 0.957016 -0
    outer loop
      vertex 148.031 30.1955 3
      vertex 147.28 30.4231 10.6
      vertex 148.031 30.1955 10.6
    endloop
  endfacet
  facet normal 0.290036 0.957016 0
    outer loop
      vertex 147.28 30.4231 10.6
      vertex 148.031 30.1955 3
      vertex 147.28 30.4231 3
    endloop
  endfacet
  facet normal 0.634522 0.772905 -0
    outer loop
      vertex 149.328 29.3284 3
      vertex 148.722 29.8259 10.6
      vertex 149.328 29.3284 10.6
    endloop
  endfacet
  facet normal 0.634522 0.772905 0
    outer loop
      vertex 148.722 29.8259 10.6
      vertex 149.328 29.3284 3
      vertex 148.722 29.8259 3
    endloop
  endfacet
  facet normal 0.772644 -0.63484 0
    outer loop
      vertex 149.328 23.6716 10.6
      vertex 149.826 24.2777 3
      vertex 149.826 24.2777 10.6
    endloop
  endfacet
  facet normal 0.772644 -0.63484 0
    outer loop
      vertex 149.826 24.2777 3
      vertex 149.328 23.6716 10.6
      vertex 149.328 23.6716 3
    endloop
  endfacet
  facet normal -0.634522 0.772905 0
    outer loop
      vertex 144.278 29.8259 3
      vertex 143.672 29.3284 10.6
      vertex 144.278 29.8259 10.6
    endloop
  endfacet
  facet normal -0.634522 0.772905 0
    outer loop
      vertex 143.672 29.3284 10.6
      vertex 144.278 29.8259 3
      vertex 143.672 29.3284 3
    endloop
  endfacet
  facet normal 0.471648 -0.881787 0
    outer loop
      vertex 148.031 22.8045 3
      vertex 148.722 23.1741 10.6
      vertex 148.031 22.8045 10.6
    endloop
  endfacet
  facet normal 0.471648 -0.881787 0
    outer loop
      vertex 148.722 23.1741 10.6
      vertex 148.031 22.8045 3
      vertex 148.722 23.1741 3
    endloop
  endfacet
  facet normal -0.881745 -0.471726 0
    outer loop
      vertex 143.174 24.2777 3
      vertex 142.804 24.9693 10.6
      vertex 142.804 24.9693 3
    endloop
  endfacet
  facet normal -0.881745 -0.471726 0
    outer loop
      vertex 142.804 24.9693 10.6
      vertex 143.174 24.2777 3
      vertex 143.174 24.2777 10.6
    endloop
  endfacet
  facet normal 0.995168 -0.0981906 0
    outer loop
      vertex 150.423 25.7196 10.6
      vertex 150.5 26.5 3
      vertex 150.5 26.5 10.6
    endloop
  endfacet
  facet normal 0.995168 -0.0981906 0
    outer loop
      vertex 150.5 26.5 3
      vertex 150.423 25.7196 10.6
      vertex 150.423 25.7196 3
    endloop
  endfacet
  facet normal -0.290036 0.957016 0
    outer loop
      vertex 145.72 30.4231 3
      vertex 144.969 30.1955 10.6
      vertex 145.72 30.4231 10.6
    endloop
  endfacet
  facet normal -0.290036 0.957016 0
    outer loop
      vertex 144.969 30.1955 10.6
      vertex 145.72 30.4231 3
      vertex 144.969 30.1955 3
    endloop
  endfacet
  facet normal -0.0981141 -0.995175 0
    outer loop
      vertex 145.72 22.5769 3
      vertex 146.5 22.5 10.6
      vertex 145.72 22.5769 10.6
    endloop
  endfacet
  facet normal -0.0981141 -0.995175 -0
    outer loop
      vertex 146.5 22.5 10.6
      vertex 145.72 22.5769 3
      vertex 146.5 22.5 3
    endloop
  endfacet
  facet normal -0.881745 0.471726 0
    outer loop
      vertex 142.804 28.0307 3
      vertex 143.174 28.7223 10.6
      vertex 143.174 28.7223 3
    endloop
  endfacet
  facet normal -0.881745 0.471726 0
    outer loop
      vertex 143.174 28.7223 10.6
      vertex 142.804 28.0307 3
      vertex 142.804 28.0307 10.6
    endloop
  endfacet
  facet normal 0.290036 -0.957016 0
    outer loop
      vertex 147.28 22.5769 3
      vertex 148.031 22.8045 10.6
      vertex 147.28 22.5769 10.6
    endloop
  endfacet
  facet normal 0.290036 -0.957016 0
    outer loop
      vertex 148.031 22.8045 10.6
      vertex 147.28 22.5769 3
      vertex 148.031 22.8045 3
    endloop
  endfacet
  facet normal 0 0 1
    outer loop
      vertex 148.8 26.5 10.6
      vertex 150.5 26.5 10.6
      vertex 150.423 27.2804 10.6
    endloop
  endfacet
  facet normal 0 0 1
    outer loop
      vertex 148.722 27.0953 10.6
      vertex 150.423 27.2804 10.6
      vertex 150.196 28.0307 10.6
    endloop
  endfacet
  facet normal 0 0 1
    outer loop
      vertex 150.5 26.5 10.6
      vertex 148.8 26.5 10.6
      vertex 150.423 25.7196 10.6
    endloop
  endfacet
  facet normal 0 0 1
    outer loop
      vertex 148.492 27.65 10.6
      vertex 150.196 28.0307 10.6
      vertex 149.826 28.7223 10.6
    endloop
  endfacet
  facet normal -0 0 1
    outer loop
      vertex 148.722 25.9047 10.6
      vertex 150.423 25.7196 10.6
      vertex 148.8 26.5 10.6
    endloop
  endfacet
  facet normal 0 0 1
    outer loop
      vertex 148.126 28.1263 10.6
      vertex 149.826 28.7223 10.6
      vertex 149.328 29.3284 10.6
    endloop
  endfacet
  facet normal 0 0 1
    outer loop
      vertex 150.423 25.7196 10.6
      vertex 148.722 25.9047 10.6
      vertex 150.196 24.9693 10.6
    endloop
  endfacet
  facet normal -0 0 1
    outer loop
      vertex 148.492 25.35 10.6
      vertex 150.196 24.9693 10.6
      vertex 148.722 25.9047 10.6
    endloop
  endfacet
  facet normal 0 0 1
    outer loop
      vertex 148.126 28.1263 10.6
      vertex 149.328 29.3284 10.6
      vertex 148.722 29.8259 10.6
    endloop
  endfacet
  facet normal 0 0 1
    outer loop
      vertex 150.423 27.2804 10.6
      vertex 148.722 27.0953 10.6
      vertex 148.8 26.5 10.6
    endloop
  endfacet
  facet normal 0 0 1
    outer loop
      vertex 150.196 28.0307 10.6
      vertex 148.492 27.65 10.6
      vertex 148.722 27.0953 10.6
    endloop
  endfacet
  facet normal 0 0 1
    outer loop
      vertex 149.826 28.7223 10.6
      vertex 148.126 28.1263 10.6
      vertex 148.492 27.65 10.6
    endloop
  endfacet
  facet normal 0 0 1
    outer loop
      vertex 147.65 28.4919 10.6
      vertex 148.722 29.8259 10.6
      vertex 148.031 30.1955 10.6
    endloop
  endfacet
  facet normal 0 0 1
    outer loop
      vertex 148.722 29.8259 10.6
      vertex 147.65 28.4919 10.6
      vertex 148.126 28.1263 10.6
    endloop
  endfacet
  facet normal 0 0 1
    outer loop
      vertex 147.095 28.7216 10.6
      vertex 148.031 30.1955 10.6
      vertex 147.28 30.4231 10.6
    endloop
  endfacet
  facet normal 0 0 1
    outer loop
      vertex 148.031 30.1955 10.6
      vertex 147.095 28.7216 10.6
      vertex 147.65 28.4919 10.6
    endloop
  endfacet
  facet normal 0 0 1
    outer loop
      vertex 146.5 28.8 10.6
      vertex 147.28 30.4231 10.6
      vertex 146.5 30.5 10.6
    endloop
  endfacet
  facet normal 0 0 1
    outer loop
      vertex 147.28 30.4231 10.6
      vertex 146.5 28.8 10.6
      vertex 147.095 28.7216 10.6
    endloop
  endfacet
  facet normal -0 0 1
    outer loop
      vertex 145.72 30.4231 10.6
      vertex 146.5 28.8 10.6
      vertex 146.5 30.5 10.6
    endloop
  endfacet
  facet normal 0 0 1
    outer loop
      vertex 146.5 28.8 10.6
      vertex 145.72 30.4231 10.6
      vertex 145.905 28.7216 10.6
    endloop
  endfacet
  facet normal -0 0 1
    outer loop
      vertex 144.969 30.1955 10.6
      vertex 145.905 28.7216 10.6
      vertex 145.72 30.4231 10.6
    endloop
  endfacet
  facet normal 0 0 1
    outer loop
      vertex 145.905 28.7216 10.6
      vertex 144.969 30.1955 10.6
      vertex 145.35 28.4919 10.6
    endloop
  endfacet
  facet normal -0 0 1
    outer loop
      vertex 144.278 29.8259 10.6
      vertex 145.35 28.4919 10.6
      vertex 144.969 30.1955 10.6
    endloop
  endfacet
  facet normal 0 0 1
    outer loop
      vertex 145.35 28.4919 10.6
      vertex 144.278 29.8259 10.6
      vertex 144.874 28.1263 10.6
    endloop
  endfacet
  facet normal -0 0 1
    outer loop
      vertex 143.672 29.3284 10.6
      vertex 144.874 28.1263 10.6
      vertex 144.278 29.8259 10.6
    endloop
  endfacet
  facet normal -0 0 1
    outer loop
      vertex 143.174 28.7223 10.6
      vertex 144.874 28.1263 10.6
      vertex 143.672 29.3284 10.6
    endloop
  endfacet
  facet normal 0 0 1
    outer loop
      vertex 144.874 28.1263 10.6
      vertex 143.174 28.7223 10.6
      vertex 144.508 27.65 10.6
    endloop
  endfacet
  facet normal -0 0 1
    outer loop
      vertex 142.804 28.0307 10.6
      vertex 144.508 27.65 10.6
      vertex 143.174 28.7223 10.6
    endloop
  endfacet
  facet normal 0 0 1
    outer loop
      vertex 150.196 24.9693 10.6
      vertex 148.492 25.35 10.6
      vertex 149.826 24.2777 10.6
    endloop
  endfacet
  facet normal -0 0 1
    outer loop
      vertex 148.126 24.8737 10.6
      vertex 149.826 24.2777 10.6
      vertex 148.492 25.35 10.6
    endloop
  endfacet
  facet normal 0 0 1
    outer loop
      vertex 149.826 24.2777 10.6
      vertex 148.126 24.8737 10.6
      vertex 149.328 23.6716 10.6
    endloop
  endfacet
  facet normal 0 0 1
    outer loop
      vertex 149.328 23.6716 10.6
      vertex 148.126 24.8737 10.6
      vertex 148.722 23.1741 10.6
    endloop
  endfacet
  facet normal -0 0 1
    outer loop
      vertex 147.65 24.5081 10.6
      vertex 148.722 23.1741 10.6
      vertex 148.126 24.8737 10.6
    endloop
  endfacet
  facet normal 0 0 1
    outer loop
      vertex 148.722 23.1741 10.6
      vertex 147.65 24.5081 10.6
      vertex 148.031 22.8045 10.6
    endloop
  endfacet
  facet normal -0 0 1
    outer loop
      vertex 147.095 24.2784 10.6
      vertex 148.031 22.8045 10.6
      vertex 147.65 24.5081 10.6
    endloop
  endfacet
  facet normal 0 0 1
    outer loop
      vertex 148.031 22.8045 10.6
      vertex 147.095 24.2784 10.6
      vertex 147.28 22.5769 10.6
    endloop
  endfacet
  facet normal -0 0 1
    outer loop
      vertex 146.5 24.2 10.6
      vertex 147.28 22.5769 10.6
      vertex 147.095 24.2784 10.6
    endloop
  endfacet
  facet normal 0 0 1
    outer loop
      vertex 146.5 24.2 10.6
      vertex 146.5 22.5 10.6
      vertex 147.28 22.5769 10.6
    endloop
  endfacet
  facet normal 0 0 1
    outer loop
      vertex 145.72 22.5769 10.6
      vertex 146.5 24.2 10.6
      vertex 145.905 24.2784 10.6
    endloop
  endfacet
  facet normal 0 0 1
    outer loop
      vertex 146.5 24.2 10.6
      vertex 145.72 22.5769 10.6
      vertex 146.5 22.5 10.6
    endloop
  endfacet
  facet normal 0 0 1
    outer loop
      vertex 144.969 22.8045 10.6
      vertex 145.905 24.2784 10.6
      vertex 145.35 24.5081 10.6
    endloop
  endfacet
  facet normal 0 0 1
    outer loop
      vertex 145.905 24.2784 10.6
      vertex 144.969 22.8045 10.6
      vertex 145.72 22.5769 10.6
    endloop
  endfacet
  facet normal 0 0 1
    outer loop
      vertex 144.278 23.1741 10.6
      vertex 145.35 24.5081 10.6
      vertex 144.874 24.8737 10.6
    endloop
  endfacet
  facet normal 0 0 1
    outer loop
      vertex 143.174 24.2777 10.6
      vertex 144.874 24.8737 10.6
      vertex 144.508 25.35 10.6
    endloop
  endfacet
  facet normal 0 0 1
    outer loop
      vertex 142.804 24.9693 10.6
      vertex 144.508 25.35 10.6
      vertex 144.278 25.9047 10.6
    endloop
  endfacet
  facet normal 0 0 1
    outer loop
      vertex 145.35 24.5081 10.6
      vertex 144.278 23.1741 10.6
      vertex 144.969 22.8045 10.6
    endloop
  endfacet
  facet normal 0 0 1
    outer loop
      vertex 142.577 25.7196 10.6
      vertex 144.278 25.9047 10.6
      vertex 144.2 26.5 10.6
    endloop
  endfacet
  facet normal 0 0 1
    outer loop
      vertex 144.508 27.65 10.6
      vertex 142.804 28.0307 10.6
      vertex 144.278 27.0953 10.6
    endloop
  endfacet
  facet normal 0 0 1
    outer loop
      vertex 144.874 24.8737 10.6
      vertex 143.672 23.6716 10.6
      vertex 144.278 23.1741 10.6
    endloop
  endfacet
  facet normal -0 0 1
    outer loop
      vertex 142.577 27.2804 10.6
      vertex 144.278 27.0953 10.6
      vertex 142.804 28.0307 10.6
    endloop
  endfacet
  facet normal 0 0 1
    outer loop
      vertex 144.874 24.8737 10.6
      vertex 143.174 24.2777 10.6
      vertex 143.672 23.6716 10.6
    endloop
  endfacet
  facet normal 0 0 1
    outer loop
      vertex 144.278 27.0953 10.6
      vertex 142.577 27.2804 10.6
      vertex 144.2 26.5 10.6
    endloop
  endfacet
  facet normal 0 0 1
    outer loop
      vertex 144.508 25.35 10.6
      vertex 142.804 24.9693 10.6
      vertex 143.174 24.2777 10.6
    endloop
  endfacet
  facet normal 0 0 1
    outer loop
      vertex 142.5 26.5 10.6
      vertex 144.2 26.5 10.6
      vertex 142.577 27.2804 10.6
    endloop
  endfacet
  facet normal 0 0 1
    outer loop
      vertex 144.278 25.9047 10.6
      vertex 142.577 25.7196 10.6
      vertex 142.804 24.9693 10.6
    endloop
  endfacet
  facet normal 0 0 1
    outer loop
      vertex 144.2 26.5 10.6
      vertex 142.5 26.5 10.6
      vertex 142.577 25.7196 10.6
    endloop
  endfacet
  facet normal -0.290036 -0.957016 0
    outer loop
      vertex 144.969 22.8045 3
      vertex 145.72 22.5769 10.6
      vertex 144.969 22.8045 10.6
    endloop
  endfacet
  facet normal -0.290036 -0.957016 -0
    outer loop
      vertex 145.72 22.5769 10.6
      vertex 144.969 22.8045 3
      vertex 145.72 22.5769 3
    endloop
  endfacet
  facet normal 0.957153 -0.289582 0
    outer loop
      vertex 150.196 24.9693 10.6
      vertex 150.423 25.7196 3
      vertex 150.423 25.7196 10.6
    endloop
  endfacet
  facet normal 0.957153 -0.289582 0
    outer loop
      vertex 150.423 25.7196 3
      vertex 150.196 24.9693 10.6
      vertex 150.196 24.9693 3
    endloop
  endfacet
  facet normal 0.772644 0.63484 0
    outer loop
      vertex 149.826 28.7223 10.6
      vertex 149.328 29.3284 3
      vertex 149.328 29.3284 10.6
    endloop
  endfacet
  facet normal 0.772644 0.63484 0
    outer loop
      vertex 149.328 29.3284 3
      vertex 149.826 28.7223 10.6
      vertex 149.826 28.7223 3
    endloop
  endfacet
  facet normal -0.995168 0.0981906 0
    outer loop
      vertex 142.5 26.5 3
      vertex 142.577 27.2804 10.6
      vertex 142.577 27.2804 3
    endloop
  endfacet
  facet normal -0.995168 0.0981906 0
    outer loop
      vertex 142.577 27.2804 10.6
      vertex 142.5 26.5 3
      vertex 142.5 26.5 10.6
    endloop
  endfacet
  facet normal 0.634522 -0.772905 0
    outer loop
      vertex 148.722 23.1741 3
      vertex 149.328 23.6716 10.6
      vertex 148.722 23.1741 10.6
    endloop
  endfacet
  facet normal 0.634522 -0.772905 0
    outer loop
      vertex 149.328 23.6716 10.6
      vertex 148.722 23.1741 3
      vertex 149.328 23.6716 3
    endloop
  endfacet
  facet normal -0.634522 -0.772905 0
    outer loop
      vertex 143.672 23.6716 3
      vertex 144.278 23.1741 10.6
      vertex 143.672 23.6716 10.6
    endloop
  endfacet
  facet normal -0.634522 -0.772905 -0
    outer loop
      vertex 144.278 23.1741 10.6
      vertex 143.672 23.6716 3
      vertex 144.278 23.1741 3
    endloop
  endfacet
  facet normal -0.0981141 0.995175 0
    outer loop
      vertex 146.5 30.5 3
      vertex 145.72 30.4231 10.6
      vertex 146.5 30.5 10.6
    endloop
  endfacet
  facet normal -0.0981141 0.995175 0
    outer loop
      vertex 145.72 30.4231 10.6
      vertex 146.5 30.5 3
      vertex 145.72 30.4231 3
    endloop
  endfacet
  facet normal 0.881745 -0.471726 0
    outer loop
      vertex 149.826 24.2777 10.6
      vertex 150.196 24.9693 3
      vertex 150.196 24.9693 10.6
    endloop
  endfacet
  facet normal 0.881745 -0.471726 0
    outer loop
      vertex 150.196 24.9693 3
      vertex 149.826 24.2777 10.6
      vertex 149.826 24.2777 3
    endloop
  endfacet
  facet normal -0.957153 -0.289582 0
    outer loop
      vertex 142.804 24.9693 3
      vertex 142.577 25.7196 10.6
      vertex 142.577 25.7196 3
    endloop
  endfacet
  facet normal -0.957153 -0.289582 0
    outer loop
      vertex 142.577 25.7196 10.6
      vertex 142.804 24.9693 3
      vertex 142.804 24.9693 10.6
    endloop
  endfacet
  facet normal -0.995168 -0.0981906 0
    outer loop
      vertex 142.577 25.7196 3
      vertex 142.5 26.5 10.6
      vertex 142.5 26.5 3
    endloop
  endfacet
  facet normal -0.995168 -0.0981906 0
    outer loop
      vertex 142.5 26.5 10.6
      vertex 142.577 25.7196 3
      vertex 142.577 25.7196 10.6
    endloop
  endfacet
  facet normal -0.772644 -0.63484 0
    outer loop
      vertex 143.672 23.6716 3
      vertex 143.174 24.2777 10.6
      vertex 143.174 24.2777 3
    endloop
  endfacet
  facet normal -0.772644 -0.63484 0
    outer loop
      vertex 143.174 24.2777 10.6
      vertex 143.672 23.6716 3
      vertex 143.672 23.6716 10.6
    endloop
  endfacet
  facet normal -0.772644 0.63484 0
    outer loop
      vertex 143.174 28.7223 3
      vertex 143.672 29.3284 10.6
      vertex 143.672 29.3284 3
    endloop
  endfacet
  facet normal -0.772644 0.63484 0
    outer loop
      vertex 143.672 29.3284 10.6
      vertex 143.174 28.7223 3
      vertex 143.174 28.7223 10.6
    endloop
  endfacet
  facet normal -0.957153 0.289582 0
    outer loop
      vertex 142.577 27.2804 3
      vertex 142.804 28.0307 10.6
      vertex 142.804 28.0307 3
    endloop
  endfacet
  facet normal -0.957153 0.289582 0
    outer loop
      vertex 142.804 28.0307 10.6
      vertex 142.577 27.2804 3
      vertex 142.577 27.2804 10.6
    endloop
  endfacet
  facet normal -0.471648 -0.881787 0
    outer loop
      vertex 144.278 23.1741 3
      vertex 144.969 22.8045 10.6
      vertex 144.278 23.1741 10.6
    endloop
  endfacet
  facet normal -0.471648 -0.881787 -0
    outer loop
      vertex 144.969 22.8045 10.6
      vertex 144.278 23.1741 3
      vertex 144.969 22.8045 3
    endloop
  endfacet
  facet normal -0.923741 -0.383018 0
    outer loop
      vertex 148.722 27.0953 4.11
      vertex 148.492 27.65 10.6
      vertex 148.492 27.65 4.11
    endloop
  endfacet
  facet normal -0.923741 -0.383018 0
    outer loop
      vertex 148.492 27.65 10.6
      vertex 148.722 27.0953 4.11
      vertex 148.722 27.0953 10.6
    endloop
  endfacet
  facet normal -0.991525 -0.129916 0
    outer loop
      vertex 148.8 26.5 4.11
      vertex 148.722 27.0953 10.6
      vertex 148.722 27.0953 4.11
    endloop
  endfacet
  facet normal -0.991525 -0.129916 0
    outer loop
      vertex 148.722 27.0953 10.6
      vertex 148.8 26.5 4.11
      vertex 148.8 26.5 10.6
    endloop
  endfacet
  facet normal -0.991525 0.129916 0
    outer loop
      vertex 148.722 25.9047 4.11
      vertex 148.8 26.5 10.6
      vertex 148.8 26.5 4.11
    endloop
  endfacet
  facet normal -0.991525 0.129916 0
    outer loop
      vertex 148.8 26.5 10.6
      vertex 148.722 25.9047 4.11
      vertex 148.722 25.9047 10.6
    endloop
  endfacet
  facet normal -0.382416 0.92399 0
    outer loop
      vertex 147.65 24.5081 4.11
      vertex 147.095 24.2784 10.6
      vertex 147.65 24.5081 10.6
    endloop
  endfacet
  facet normal -0.382416 0.92399 0
    outer loop
      vertex 147.095 24.2784 10.6
      vertex 147.65 24.5081 4.11
      vertex 147.095 24.2784 4.11
    endloop
  endfacet
  facet normal 0 0 1
    outer loop
      vertex 148.722 27.0953 4.11
      vertex 148.722 25.9047 4.11
      vertex 148.8 26.5 4.11
    endloop
  endfacet
  facet normal 0 0 1
    outer loop
      vertex 148.492 27.65 4.11
      vertex 148.722 25.9047 4.11
      vertex 148.722 27.0953 4.11
    endloop
  endfacet
  facet normal 0 0 1
    outer loop
      vertex 148.492 27.65 4.11
      vertex 148.492 25.35 4.11
      vertex 148.722 25.9047 4.11
    endloop
  endfacet
  facet normal 0 0 1
    outer loop
      vertex 148.126 28.1263 4.11
      vertex 148.492 25.35 4.11
      vertex 148.492 27.65 4.11
    endloop
  endfacet
  facet normal 0 0 1
    outer loop
      vertex 148.126 28.1263 4.11
      vertex 148.126 24.8737 4.11
      vertex 148.492 25.35 4.11
    endloop
  endfacet
  facet normal 0 0 1
    outer loop
      vertex 147.65 28.4919 4.11
      vertex 148.126 24.8737 4.11
      vertex 148.126 28.1263 4.11
    endloop
  endfacet
  facet normal 0 0 1
    outer loop
      vertex 147.65 28.4919 4.11
      vertex 147.65 24.5081 4.11
      vertex 148.126 24.8737 4.11
    endloop
  endfacet
  facet normal 0 0 1
    outer loop
      vertex 147.095 28.7216 4.11
      vertex 147.65 24.5081 4.11
      vertex 147.65 28.4919 4.11
    endloop
  endfacet
  facet normal 0 0 1
    outer loop
      vertex 147.095 28.7216 4.11
      vertex 147.095 24.2784 4.11
      vertex 147.65 24.5081 4.11
    endloop
  endfacet
  facet normal 0 0 1
    outer loop
      vertex 146.5 28.8 4.11
      vertex 147.095 24.2784 4.11
      vertex 147.095 28.7216 4.11
    endloop
  endfacet
  facet normal 0 0 1
    outer loop
      vertex 146.5 28.8 4.11
      vertex 146.5 24.2 4.11
      vertex 147.095 24.2784 4.11
    endloop
  endfacet
  facet normal -0 0 1
    outer loop
      vertex 145.905 28.7216 4.11
      vertex 146.5 24.2 4.11
      vertex 146.5 28.8 4.11
    endloop
  endfacet
  facet normal 0 0 1
    outer loop
      vertex 145.905 28.7216 4.11
      vertex 145.905 24.2784 4.11
      vertex 146.5 24.2 4.11
    endloop
  endfacet
  facet normal -0 0 1
    outer loop
      vertex 145.35 28.4919 4.11
      vertex 145.905 24.2784 4.11
      vertex 145.905 28.7216 4.11
    endloop
  endfacet
  facet normal 0 0 1
    outer loop
      vertex 145.35 28.4919 4.11
      vertex 145.35 24.5081 4.11
      vertex 145.905 24.2784 4.11
    endloop
  endfacet
  facet normal -0 0 1
    outer loop
      vertex 144.874 28.1263 4.11
      vertex 145.35 24.5081 4.11
      vertex 145.35 28.4919 4.11
    endloop
  endfacet
  facet normal 0 0 1
    outer loop
      vertex 144.874 28.1263 4.11
      vertex 144.874 24.8737 4.11
      vertex 145.35 24.5081 4.11
    endloop
  endfacet
  facet normal -0 0 1
    outer loop
      vertex 144.508 27.65 4.11
      vertex 144.874 24.8737 4.11
      vertex 144.874 28.1263 4.11
    endloop
  endfacet
  facet normal 0 0 1
    outer loop
      vertex 144.508 27.65 4.11
      vertex 144.508 25.35 4.11
      vertex 144.874 24.8737 4.11
    endloop
  endfacet
  facet normal -0 0 1
    outer loop
      vertex 144.278 27.0953 4.11
      vertex 144.508 25.35 4.11
      vertex 144.508 27.65 4.11
    endloop
  endfacet
  facet normal 0 0 1
    outer loop
      vertex 144.278 27.0953 4.11
      vertex 144.278 25.9047 4.11
      vertex 144.508 25.35 4.11
    endloop
  endfacet
  facet normal 0 -0 1
    outer loop
      vertex 144.278 25.9047 4.11
      vertex 144.278 27.0953 4.11
      vertex 144.2 26.5 4.11
    endloop
  endfacet
  facet normal 0.792933 0.609308 0
    outer loop
      vertex 144.874 24.8737 10.6
      vertex 144.508 25.35 4.11
      vertex 144.508 25.35 10.6
    endloop
  endfacet
  facet normal 0.792933 0.609308 0
    outer loop
      vertex 144.508 25.35 4.11
      vertex 144.874 24.8737 10.6
      vertex 144.874 24.8737 4.11
    endloop
  endfacet
  facet normal 0.792933 -0.609308 0
    outer loop
      vertex 144.508 27.65 10.6
      vertex 144.874 28.1263 4.11
      vertex 144.874 28.1263 10.6
    endloop
  endfacet
  facet normal 0.792933 -0.609308 0
    outer loop
      vertex 144.874 28.1263 4.11
      vertex 144.508 27.65 10.6
      vertex 144.508 27.65 4.11
    endloop
  endfacet
  facet normal 0.609131 -0.79307 0
    outer loop
      vertex 144.874 28.1263 4.11
      vertex 145.35 28.4919 10.6
      vertex 144.874 28.1263 10.6
    endloop
  endfacet
  facet normal 0.609131 -0.79307 0
    outer loop
      vertex 145.35 28.4919 10.6
      vertex 144.874 28.1263 4.11
      vertex 145.35 28.4919 4.11
    endloop
  endfacet
  facet normal -0.130636 0.99143 0
    outer loop
      vertex 147.095 24.2784 4.11
      vertex 146.5 24.2 10.6
      vertex 147.095 24.2784 10.6
    endloop
  endfacet
  facet normal -0.130636 0.99143 0
    outer loop
      vertex 146.5 24.2 10.6
      vertex 147.095 24.2784 4.11
      vertex 146.5 24.2 4.11
    endloop
  endfacet
  facet normal 0.130636 -0.99143 0
    outer loop
      vertex 145.905 28.7216 4.11
      vertex 146.5 28.8 10.6
      vertex 145.905 28.7216 10.6
    endloop
  endfacet
  facet normal 0.130636 -0.99143 0
    outer loop
      vertex 146.5 28.8 10.6
      vertex 145.905 28.7216 4.11
      vertex 146.5 28.8 4.11
    endloop
  endfacet
  facet normal -0.382416 -0.92399 0
    outer loop
      vertex 147.095 28.7216 4.11
      vertex 147.65 28.4919 10.6
      vertex 147.095 28.7216 10.6
    endloop
  endfacet
  facet normal -0.382416 -0.92399 -0
    outer loop
      vertex 147.65 28.4919 10.6
      vertex 147.095 28.7216 4.11
      vertex 147.65 28.4919 4.11
    endloop
  endfacet
  facet normal -0.792933 0.609308 0
    outer loop
      vertex 148.126 24.8737 4.11
      vertex 148.492 25.35 10.6
      vertex 148.492 25.35 4.11
    endloop
  endfacet
  facet normal -0.792933 0.609308 0
    outer loop
      vertex 148.492 25.35 10.6
      vertex 148.126 24.8737 4.11
      vertex 148.126 24.8737 10.6
    endloop
  endfacet
  facet normal -0.923741 0.383018 0
    outer loop
      vertex 148.492 25.35 4.11
      vertex 148.722 25.9047 10.6
      vertex 148.722 25.9047 4.11
    endloop
  endfacet
  facet normal -0.923741 0.383018 0
    outer loop
      vertex 148.722 25.9047 10.6
      vertex 148.492 25.35 4.11
      vertex 148.492 25.35 10.6
    endloop
  endfacet
  facet normal -0.609131 0.79307 0
    outer loop
      vertex 148.126 24.8737 4.11
      vertex 147.65 24.5081 10.6
      vertex 148.126 24.8737 10.6
    endloop
  endfacet
  facet normal -0.609131 0.79307 0
    outer loop
      vertex 147.65 24.5081 10.6
      vertex 148.126 24.8737 4.11
      vertex 147.65 24.5081 4.11
    endloop
  endfacet
  facet normal 0.991525 -0.129916 0
    outer loop
      vertex 144.2 26.5 10.6
      vertex 144.278 27.0953 4.11
      vertex 144.278 27.0953 10.6
    endloop
  endfacet
  facet normal 0.991525 -0.129916 0
    outer loop
      vertex 144.278 27.0953 4.11
      vertex 144.2 26.5 10.6
      vertex 144.2 26.5 4.11
    endloop
  endfacet
  facet normal 0.382416 -0.92399 0
    outer loop
      vertex 145.35 28.4919 4.11
      vertex 145.905 28.7216 10.6
      vertex 145.35 28.4919 10.6
    endloop
  endfacet
  facet normal 0.382416 -0.92399 0
    outer loop
      vertex 145.905 28.7216 10.6
      vertex 145.35 28.4919 4.11
      vertex 145.905 28.7216 4.11
    endloop
  endfacet
  facet normal 0.923741 -0.383018 0
    outer loop
      vertex 144.278 27.0953 10.6
      vertex 144.508 27.65 4.11
      vertex 144.508 27.65 10.6
    endloop
  endfacet
  facet normal 0.923741 -0.383018 0
    outer loop
      vertex 144.508 27.65 4.11
      vertex 144.278 27.0953 10.6
      vertex 144.278 27.0953 4.11
    endloop
  endfacet
  facet normal 0.923741 0.383018 0
    outer loop
      vertex 144.508 25.35 10.6
      vertex 144.278 25.9047 4.11
      vertex 144.278 25.9047 10.6
    endloop
  endfacet
  facet normal 0.923741 0.383018 0
    outer loop
      vertex 144.278 25.9047 4.11
      vertex 144.508 25.35 10.6
      vertex 144.508 25.35 4.11
    endloop
  endfacet
  facet normal 0.130636 0.99143 -0
    outer loop
      vertex 146.5 24.2 4.11
      vertex 145.905 24.2784 10.6
      vertex 146.5 24.2 10.6
    endloop
  endfacet
  facet normal 0.130636 0.99143 0
    outer loop
      vertex 145.905 24.2784 10.6
      vertex 146.5 24.2 4.11
      vertex 145.905 24.2784 4.11
    endloop
  endfacet
  facet normal -0.609131 -0.79307 0
    outer loop
      vertex 147.65 28.4919 4.11
      vertex 148.126 28.1263 10.6
      vertex 147.65 28.4919 10.6
    endloop
  endfacet
  facet normal -0.609131 -0.79307 -0
    outer loop
      vertex 148.126 28.1263 10.6
      vertex 147.65 28.4919 4.11
      vertex 148.126 28.1263 4.11
    endloop
  endfacet
  facet normal -0.792933 -0.609308 0
    outer loop
      vertex 148.492 27.65 4.11
      vertex 148.126 28.1263 10.6
      vertex 148.126 28.1263 4.11
    endloop
  endfacet
  facet normal -0.792933 -0.609308 0
    outer loop
      vertex 148.126 28.1263 10.6
      vertex 148.492 27.65 4.11
      vertex 148.492 27.65 10.6
    endloop
  endfacet
  facet normal -0.130636 -0.99143 0
    outer loop
      vertex 146.5 28.8 4.11
      vertex 147.095 28.7216 10.6
      vertex 146.5 28.8 10.6
    endloop
  endfacet
  facet normal -0.130636 -0.99143 -0
    outer loop
      vertex 147.095 28.7216 10.6
      vertex 146.5 28.8 4.11
      vertex 147.095 28.7216 4.11
    endloop
  endfacet
  facet normal 0.609131 0.79307 -0
    outer loop
      vertex 145.35 24.5081 4.11
      vertex 144.874 24.8737 10.6
      vertex 145.35 24.5081 10.6
    endloop
  endfacet
  facet normal 0.609131 0.79307 0
    outer loop
      vertex 144.874 24.8737 10.6
      vertex 145.35 24.5081 4.11
      vertex 144.874 24.8737 4.11
    endloop
  endfacet
  facet normal 0.991525 0.129916 0
    outer loop
      vertex 144.278 25.9047 10.6
      vertex 144.2 26.5 4.11
      vertex 144.2 26.5 10.6
    endloop
  endfacet
  facet normal 0.991525 0.129916 0
    outer loop
      vertex 144.2 26.5 4.11
      vertex 144.278 25.9047 10.6
      vertex 144.278 25.9047 4.11
    endloop
  endfacet
  facet normal 0.382416 0.92399 -0
    outer loop
      vertex 145.905 24.2784 4.11
      vertex 145.35 24.5081 10.6
      vertex 145.905 24.2784 10.6
    endloop
  endfacet
  facet normal 0.382416 0.92399 0
    outer loop
      vertex 145.35 24.5081 10.6
      vertex 145.905 24.2784 4.11
      vertex 145.35 24.5081 4.11
    endloop
  endfacet
  facet normal -0.991447 0.130507 0
    outer loop
      vertex 94 75.5 3
      vertex 94.0511 75.8882 4
      vertex 94.0511 75.8882 3
    endloop
  endfacet
  facet normal -0.991447 0.130507 0
    outer loop
      vertex 94.0511 75.8882 4
      vertex 94 75.5 3
      vertex 94 75.5 4
    endloop
  endfacet
  facet normal 0 1 -0
    outer loop
      vertex 126.5 77 3
      vertex 96.414 77 4
      vertex 126.5 77 4
    endloop
  endfacet
  facet normal 0 1 0
    outer loop
      vertex 95.5 77 3
      vertex 96.414 77 4
      vertex 126.5 77 3
    endloop
  endfacet
  facet normal 0 1 0
    outer loop
      vertex 96.414 77 4
      vertex 95.5 77 3
      vertex 95.5 77 4
    endloop
  endfacet
  facet normal 0.608217 0.793771 -0
    outer loop
      vertex 127.561 76.5607 3
      vertex 127.25 76.799 4
      vertex 127.561 76.5607 4
    endloop
  endfacet
  facet normal 0.608217 0.793771 0
    outer loop
      vertex 127.25 76.799 4
      vertex 127.561 76.5607 3
      vertex 127.25 76.799 3
    endloop
  endfacet
  facet normal 1 -0 0
    outer loop
      vertex 128 49.5 4
      vertex 128 75.5 3
      vertex 128 75.5 4
    endloop
  endfacet
  facet normal 1 0 0
    outer loop
      vertex 128 75.5 3
      vertex 128 49.5 4
      vertex 128 49.5 3
    endloop
  endfacet
  facet normal 0.130308 0.991474 -0
    outer loop
      vertex 126.888 76.9489 3
      vertex 126.573 76.9903 4
      vertex 126.888 76.9489 4
    endloop
  endfacet
  facet normal 0.130573 0.991439 8.509e-05
    outer loop
      vertex 126.5 77 3
      vertex 126.573 76.9903 4
      vertex 126.888 76.9489 3
    endloop
  endfacet
  facet normal 0.131719 0.991287 0
    outer loop
      vertex 126.573 76.9903 4
      vertex 126.5 77 3
      vertex 126.5 77 4
    endloop
  endfacet
  facet normal -0.382765 0.923846 0
    outer loop
      vertex 95.1118 76.9489 3
      vertex 94.75 76.799 4
      vertex 95.1118 76.9489 4
    endloop
  endfacet
  facet normal -0.382765 0.923846 0
    outer loop
      vertex 94.75 76.799 4
      vertex 95.1118 76.9489 3
      vertex 94.75 76.799 3
    endloop
  endfacet
  facet normal -0.608587 -0.793487 0
    outer loop
      vertex 94.4393 48.4393 3
      vertex 94.75 48.201 4
      vertex 94.4393 48.4393 4
    endloop
  endfacet
  facet normal -0.608587 -0.793487 -0
    outer loop
      vertex 94.75 48.201 4
      vertex 94.4393 48.4393 3
      vertex 94.75 48.201 3
    endloop
  endfacet
  facet normal -0.793487 0.608587 0
    outer loop
      vertex 94.201 76.25 3
      vertex 94.4393 76.5607 4
      vertex 94.4393 76.5607 3
    endloop
  endfacet
  facet normal -0.793487 0.608587 0
    outer loop
      vertex 94.4393 76.5607 4
      vertex 94.201 76.25 3
      vertex 94.201 76.25 4
    endloop
  endfacet
  facet normal -1 0 0
    outer loop
      vertex 94 49.5 3
      vertex 94 75.5 4
      vertex 94 75.5 3
    endloop
  endfacet
  facet normal -1 -0 0
    outer loop
      vertex 94 75.5 4
      vertex 94 49.5 3
      vertex 94 49.5 4
    endloop
  endfacet
  facet normal -0.130507 -0.991447 0
    outer loop
      vertex 95.1118 48.0511 3
      vertex 95.5 48 4
      vertex 95.1118 48.0511 4
    endloop
  endfacet
  facet normal -0.130507 -0.991447 -0
    outer loop
      vertex 95.5 48 4
      vertex 95.1118 48.0511 3
      vertex 95.5 48 3
    endloop
  endfacet
  facet normal -0.991447 -0.130507 0
    outer loop
      vertex 94.0511 49.1118 3
      vertex 94 49.5 4
      vertex 94 49.5 3
    endloop
  endfacet
  facet normal -0.991447 -0.130507 0
    outer loop
      vertex 94 49.5 4
      vertex 94.0511 49.1118 3
      vertex 94.0511 49.1118 4
    endloop
  endfacet
  facet normal 0.923755 -0.382983 0
    outer loop
      vertex 127.799 48.75 4
      vertex 127.949 49.1118 3
      vertex 127.949 49.1118 4
    endloop
  endfacet
  facet normal 0.923755 -0.382983 0
    outer loop
      vertex 127.949 49.1118 3
      vertex 127.799 48.75 4
      vertex 127.799 48.75 3
    endloop
  endfacet
  facet normal -0.130507 0.991447 0
    outer loop
      vertex 95.5 77 3
      vertex 95.1118 76.9489 4
      vertex 95.5 77 4
    endloop
  endfacet
  facet normal -0.130507 0.991447 0
    outer loop
      vertex 95.1118 76.9489 4
      vertex 95.5 77 3
      vertex 95.1118 76.9489 3
    endloop
  endfacet
  facet normal 0.608217 -0.793771 0
    outer loop
      vertex 127.25 48.201 3
      vertex 127.561 48.4393 4
      vertex 127.25 48.201 4
    endloop
  endfacet
  facet normal 0.608217 -0.793771 0
    outer loop
      vertex 127.561 48.4393 4
      vertex 127.25 48.201 3
      vertex 127.561 48.4393 3
    endloop
  endfacet
  facet normal 0.923755 0.382983 0
    outer loop
      vertex 127.949 75.8882 4
      vertex 127.799 76.25 3
      vertex 127.799 76.25 4
    endloop
  endfacet
  facet normal 0.923755 0.382983 0
    outer loop
      vertex 127.799 76.25 3
      vertex 127.949 75.8882 4
      vertex 127.949 75.8882 3
    endloop
  endfacet
  facet normal 0.382585 0.92392 -0
    outer loop
      vertex 127.25 76.799 3
      vertex 126.888 76.9489 4
      vertex 127.25 76.799 4
    endloop
  endfacet
  facet normal 0.382585 0.92392 0
    outer loop
      vertex 126.888 76.9489 4
      vertex 127.25 76.799 3
      vertex 126.888 76.9489 3
    endloop
  endfacet
  facet normal 0 -1 0
    outer loop
      vertex 95.5 48 3
      vertex 96.414 48 4
      vertex 95.5 48 4
    endloop
  endfacet
  facet normal 0 -1 0
    outer loop
      vertex 126.5 48 3
      vertex 96.414 48 4
      vertex 95.5 48 3
    endloop
  endfacet
  facet normal 0 -1 0
    outer loop
      vertex 96.414 48 4
      vertex 126.5 48 3
      vertex 126.5 48 4
    endloop
  endfacet
  facet normal 0.793857 -0.608104 0
    outer loop
      vertex 127.561 48.4393 4
      vertex 127.799 48.75 3
      vertex 127.799 48.75 4
    endloop
  endfacet
  facet normal 0.793857 -0.608104 0
    outer loop
      vertex 127.799 48.75 3
      vertex 127.561 48.4393 4
      vertex 127.561 48.4393 3
    endloop
  endfacet
  facet normal 0.793857 0.608104 0
    outer loop
      vertex 127.799 76.25 4
      vertex 127.561 76.5607 3
      vertex 127.561 76.5607 4
    endloop
  endfacet
  facet normal 0.793857 0.608104 0
    outer loop
      vertex 127.561 76.5607 3
      vertex 127.799 76.25 4
      vertex 127.799 76.25 3
    endloop
  endfacet
  facet normal 0 0 1
    outer loop
      vertex 128 75.5 4
      vertex 126.466 74.7588 4
      vertex 126.5 74.5 4
    endloop
  endfacet
  facet normal 0 0 1
    outer loop
      vertex 127.25 76.799 4
      vertex 126.366 75 4
      vertex 126.466 74.7588 4
    endloop
  endfacet
  facet normal 0 0 1
    outer loop
      vertex 127.25 76.799 4
      vertex 126.259 76.8341 4
      vertex 126.207 75.2071 4
    endloop
  endfacet
  facet normal 0 0 1
    outer loop
      vertex 127.25 76.799 4
      vertex 126.207 75.2071 4
      vertex 126.366 75 4
    endloop
  endfacet
  facet normal 0 0 1
    outer loop
      vertex 126 75.366 4
      vertex 126.259 76.8341 4
      vertex 126 76.8 4
    endloop
  endfacet
  facet normal 0 0 1
    outer loop
      vertex 126.259 76.8341 4
      vertex 126 75.366 4
      vertex 126.207 75.2071 4
    endloop
  endfacet
  facet normal 0 0 1
    outer loop
      vertex 126 76.8 4
      vertex 125.759 75.4659 4
      vertex 126 75.366 4
    endloop
  endfacet
  facet normal 0 0 1
    outer loop
      vertex 126 76.8 4
      vertex 125.5 75.5 4
      vertex 125.759 75.4659 4
    endloop
  endfacet
  facet normal -0 0 1
    outer loop
      vertex 97 76.8 4
      vertex 125.5 75.5 4
      vertex 126 76.8 4
    endloop
  endfacet
  facet normal 0 0 1
    outer loop
      vertex 97 76.8 4
      vertex 96.5 75.5 4
      vertex 125.5 75.5 4
    endloop
  endfacet
  facet normal 0 0 1
    outer loop
      vertex 96.7412 76.8341 4
      vertex 96.5 75.5 4
      vertex 97 76.8 4
    endloop
  endfacet
  facet normal 0 0 1
    outer loop
      vertex 96.5 76.934 4
      vertex 96.5 75.5 4
      vertex 96.7412 76.8341 4
    endloop
  endfacet
  facet normal -0 0 1
    outer loop
      vertex 95.5 77 4
      vertex 96.5 76.934 4
      vertex 96.414 77 4
    endloop
  endfacet
  facet normal 0 0 1
    outer loop
      vertex 96.5 76.934 4
      vertex 96.2412 75.4659 4
      vertex 96.5 75.5 4
    endloop
  endfacet
  facet normal 0 0 1
    outer loop
      vertex 96.5 76.934 4
      vertex 95.5 77 4
      vertex 96.2412 75.4659 4
    endloop
  endfacet
  facet normal 0 0 1
    outer loop
      vertex 96.2412 75.4659 4
      vertex 95.5 77 4
      vertex 96 75.366 4
    endloop
  endfacet
  facet normal -0 0 1
    outer loop
      vertex 95.1118 76.9489 4
      vertex 96 75.366 4
      vertex 95.5 77 4
    endloop
  endfacet
  facet normal 0 0 1
    outer loop
      vertex 96 75.366 4
      vertex 95.1118 76.9489 4
      vertex 95.7929 75.2071 4
    endloop
  endfacet
  facet normal -0 0 1
    outer loop
      vertex 94.75 76.799 4
      vertex 95.7929 75.2071 4
      vertex 95.1118 76.9489 4
    endloop
  endfacet
  facet normal -0 0 1
    outer loop
      vertex 94.4393 76.5607 4
      vertex 95.7929 75.2071 4
      vertex 94.75 76.799 4
    endloop
  endfacet
  facet normal -0 0 1
    outer loop
      vertex 94.201 76.25 4
      vertex 95.7929 75.2071 4
      vertex 94.4393 76.5607 4
    endloop
  endfacet
  facet normal 0 0 1
    outer loop
      vertex 95.5 74.5 4
      vertex 94 75.5 4
      vertex 95.5 50.5 4
    endloop
  endfacet
  facet normal -0 0 1
    outer loop
      vertex 94.0511 75.8882 4
      vertex 95.7929 75.2071 4
      vertex 94.201 76.25 4
    endloop
  endfacet
  facet normal 0 0 1
    outer loop
      vertex 94 49.5 4
      vertex 95.5 50.5 4
      vertex 94 75.5 4
    endloop
  endfacet
  facet normal 0 0 1
    outer loop
      vertex 95.7929 75.2071 4
      vertex 94.0511 75.8882 4
      vertex 95.634 75 4
    endloop
  endfacet
  facet normal 0 -0 1
    outer loop
      vertex 94.0511 49.1118 4
      vertex 95.5 50.5 4
      vertex 94 49.5 4
    endloop
  endfacet
  facet normal -0 0 1
    outer loop
      vertex 94 75.5 4
      vertex 95.634 75 4
      vertex 94.0511 75.8882 4
    endloop
  endfacet
  facet normal 0 0 1
    outer loop
      vertex 95.5 50.5 4
      vertex 95.1118 48.0511 4
      vertex 95.5 48 4
    endloop
  endfacet
  facet normal 0 0 1
    outer loop
      vertex 95.634 75 4
      vertex 94 75.5 4
      vertex 95.5341 74.7588 4
    endloop
  endfacet
  facet normal 0 0 1
    outer loop
      vertex 95.5 50.5 4
      vertex 94.75 48.201 4
      vertex 95.1118 48.0511 4
    endloop
  endfacet
  facet normal 0 0 1
    outer loop
      vertex 95.5341 74.7588 4
      vertex 94 75.5 4
      vertex 95.5 74.5 4
    endloop
  endfacet
  facet normal 0 0 1
    outer loop
      vertex 95.5 50.5 4
      vertex 94.4393 48.4393 4
      vertex 94.75 48.201 4
    endloop
  endfacet
  facet normal 0 0 1
    outer loop
      vertex 95.5 50.5 4
      vertex 94.201 48.75 4
      vertex 94.4393 48.4393 4
    endloop
  endfacet
  facet normal 0 0 1
    outer loop
      vertex 95.5 50.5 4
      vertex 94.0511 49.1118 4
      vertex 94.201 48.75 4
    endloop
  endfacet
  facet normal 0 0 1
    outer loop
      vertex 126.466 74.7588 4
      vertex 128 75.5 4
      vertex 127.949 75.8882 4
    endloop
  endfacet
  facet normal 0 0 1
    outer loop
      vertex 128 75.5 4
      vertex 126.5 74.5 4
      vertex 128 49.5 4
    endloop
  endfacet
  facet normal 0 0 1
    outer loop
      vertex 126.466 74.7588 4
      vertex 127.949 75.8882 4
      vertex 127.799 76.25 4
    endloop
  endfacet
  facet normal -0 0 1
    outer loop
      vertex 126.5 50.5 4
      vertex 128 49.5 4
      vertex 126.5 74.5 4
    endloop
  endfacet
  facet normal 0 0 1
    outer loop
      vertex 126.466 74.7588 4
      vertex 127.799 76.25 4
      vertex 127.561 76.5607 4
    endloop
  endfacet
  facet normal -0 0 1
    outer loop
      vertex 126.466 50.2412 4
      vertex 128 49.5 4
      vertex 126.5 50.5 4
    endloop
  endfacet
  facet normal 0 0 1
    outer loop
      vertex 126.466 74.7588 4
      vertex 127.561 76.5607 4
      vertex 127.25 76.799 4
    endloop
  endfacet
  facet normal -0 0 1
    outer loop
      vertex 126.366 50 4
      vertex 128 49.5 4
      vertex 126.466 50.2412 4
    endloop
  endfacet
  facet normal -0 0 1
    outer loop
      vertex 126.5 76.934 4
      vertex 127.25 76.799 4
      vertex 126.888 76.9489 4
    endloop
  endfacet
  facet normal 0 0 1
    outer loop
      vertex 128 49.5 4
      vertex 126.366 50 4
      vertex 127.949 49.1118 4
    endloop
  endfacet
  facet normal 0 0 1
    outer loop
      vertex 126.5 76.934 4
      vertex 126.888 76.9489 4
      vertex 126.573 76.9903 4
    endloop
  endfacet
  facet normal -0 0 1
    outer loop
      vertex 126.207 49.7929 4
      vertex 127.949 49.1118 4
      vertex 126.366 50 4
    endloop
  endfacet
  facet normal -0 0 1
    outer loop
      vertex 126.259 76.8341 4
      vertex 127.25 76.799 4
      vertex 126.5 76.934 4
    endloop
  endfacet
  facet normal 0 0 1
    outer loop
      vertex 127.949 49.1118 4
      vertex 126.207 49.7929 4
      vertex 127.799 48.75 4
    endloop
  endfacet
  facet normal 0 0 1
    outer loop
      vertex 127.799 48.75 4
      vertex 126.207 49.7929 4
      vertex 127.561 48.4393 4
    endloop
  endfacet
  facet normal 0 0 1
    outer loop
      vertex 127.561 48.4393 4
      vertex 126.207 49.7929 4
      vertex 127.25 48.201 4
    endloop
  endfacet
  facet normal 0 -0 1
    outer loop
      vertex 126.259 48.1659 4
      vertex 127.25 48.201 4
      vertex 126.207 49.7929 4
    endloop
  endfacet
  facet normal 0 0 1
    outer loop
      vertex 126.888 48.0511 4
      vertex 126.5 48.066 4
      vertex 126.573 48.0097 4
    endloop
  endfacet
  facet normal 0 0 1
    outer loop
      vertex 127.25 48.201 4
      vertex 126.259 48.1659 4
      vertex 126.888 48.0511 4
    endloop
  endfacet
  facet normal 0 0 1
    outer loop
      vertex 126.888 48.0511 4
      vertex 126.259 48.1659 4
      vertex 126.5 48.066 4
    endloop
  endfacet
  facet normal -0 0 1
    outer loop
      vertex 126 49.634 4
      vertex 126.259 48.1659 4
      vertex 126.207 49.7929 4
    endloop
  endfacet
  facet normal 0 0 1
    outer loop
      vertex 126 49.634 4
      vertex 126 48.2 4
      vertex 126.259 48.1659 4
    endloop
  endfacet
  facet normal -0 0 1
    outer loop
      vertex 125.759 49.5341 4
      vertex 126 48.2 4
      vertex 126 49.634 4
    endloop
  endfacet
  facet normal -0 0 1
    outer loop
      vertex 125.5 49.5 4
      vertex 126 48.2 4
      vertex 125.759 49.5341 4
    endloop
  endfacet
  facet normal 0 0 1
    outer loop
      vertex 125.5 49.5 4
      vertex 97 48.2 4
      vertex 126 48.2 4
    endloop
  endfacet
  facet normal -0 0 1
    outer loop
      vertex 96.5 49.5 4
      vertex 97 48.2 4
      vertex 125.5 49.5 4
    endloop
  endfacet
  facet normal 0 0 1
    outer loop
      vertex 96.5 49.5 4
      vertex 96.7412 48.1659 4
      vertex 97 48.2 4
    endloop
  endfacet
  facet normal 0 0 1
    outer loop
      vertex 96.5 49.5 4
      vertex 96.5 48.066 4
      vertex 96.7412 48.1659 4
    endloop
  endfacet
  facet normal 0 0 1
    outer loop
      vertex 96.2412 49.5341 4
      vertex 96.5 48.066 4
      vertex 96.5 49.5 4
    endloop
  endfacet
  facet normal 0 0 1
    outer loop
      vertex 95.5 48 4
      vertex 96.5 48.066 4
      vertex 96.2412 49.5341 4
    endloop
  endfacet
  facet normal 0 0 1
    outer loop
      vertex 95.5 48 4
      vertex 96.2412 49.5341 4
      vertex 96 49.634 4
    endloop
  endfacet
  facet normal 0 0 1
    outer loop
      vertex 95.5 48 4
      vertex 96 49.634 4
      vertex 95.7929 49.7929 4
    endloop
  endfacet
  facet normal 0 0 1
    outer loop
      vertex 95.5 48 4
      vertex 95.7929 49.7929 4
      vertex 95.634 50 4
    endloop
  endfacet
  facet normal 0 0 1
    outer loop
      vertex 95.5 48 4
      vertex 95.634 50 4
      vertex 95.5341 50.2412 4
    endloop
  endfacet
  facet normal 0 0 1
    outer loop
      vertex 96.5 48.066 4
      vertex 95.5 48 4
      vertex 96.414 48 4
    endloop
  endfacet
  facet normal 0 0 1
    outer loop
      vertex 95.5 48 4
      vertex 95.5341 50.2412 4
      vertex 95.5 50.5 4
    endloop
  endfacet
  facet normal 0 0 -1
    outer loop
      vertex 126 45.2 4
      vertex 127 46.2 4
      vertex 126.966 45.9412 4
    endloop
  endfacet
  facet normal -0 0 -1
    outer loop
      vertex 127 46.2 4
      vertex 126 45.2 4
      vertex 127 47.2 4
    endloop
  endfacet
  facet normal 0 0 -1
    outer loop
      vertex 126 45.2 4
      vertex 126.966 45.9412 4
      vertex 126.866 45.7 4
    endloop
  endfacet
  facet normal 0 -0 -1
    outer loop
      vertex 126.5 48 4
      vertex 127 47.2 4
      vertex 126 45.2 4
    endloop
  endfacet
  facet normal 0 0 -1
    outer loop
      vertex 126 45.2 4
      vertex 126.866 45.7 4
      vertex 126.707 45.4929 4
    endloop
  endfacet
  facet normal 0 0 -1
    outer loop
      vertex 127 47.2 4
      vertex 126.5 48 4
      vertex 126.966 47.4588 4
    endloop
  endfacet
  facet normal 0 0 -1
    outer loop
      vertex 126.866 47.7 4
      vertex 126.5 48 4
      vertex 126.707 47.9071 4
    endloop
  endfacet
  facet normal 0 0 -1
    outer loop
      vertex 126 45.2 4
      vertex 126.707 45.4929 4
      vertex 126.5 45.334 4
    endloop
  endfacet
  facet normal 0 0 -1
    outer loop
      vertex 126.707 47.9071 4
      vertex 126.5 48 4
      vertex 126.573 48.0097 4
    endloop
  endfacet
  facet normal 0 0 -1
    outer loop
      vertex 126 45.2 4
      vertex 126.5 45.334 4
      vertex 126.259 45.2341 4
    endloop
  endfacet
  facet normal 0 0 -1
    outer loop
      vertex 126.966 47.4588 4
      vertex 126.5 48 4
      vertex 126.866 47.7 4
    endloop
  endfacet
  facet normal 0 0 -1
    outer loop
      vertex 97 45.2 4
      vertex 126.5 48 4
      vertex 126 45.2 4
    endloop
  endfacet
  facet normal 0 0 -1
    outer loop
      vertex 96 46.2 4
      vertex 97 45.2 4
      vertex 96.7412 45.2341 4
    endloop
  endfacet
  facet normal 0 0 -1
    outer loop
      vertex 96 46.2 4
      vertex 96.7412 45.2341 4
      vertex 96.5 45.334 4
    endloop
  endfacet
  facet normal 0 0 -1
    outer loop
      vertex 97 45.2 4
      vertex 96.414 48 4
      vertex 126.5 48 4
    endloop
  endfacet
  facet normal 0 0 -1
    outer loop
      vertex 96 46.2 4
      vertex 96.5 45.334 4
      vertex 96.2929 45.4929 4
    endloop
  endfacet
  facet normal 0 0 -1
    outer loop
      vertex 97 45.2 4
      vertex 96 46.2 4
      vertex 96 47.2 4
    endloop
  endfacet
  facet normal 0 0 -1
    outer loop
      vertex 96 46.2 4
      vertex 96.2929 45.4929 4
      vertex 96.134 45.7 4
    endloop
  endfacet
  facet normal 0 0 -1
    outer loop
      vertex 97 45.2 4
      vertex 96 47.2 4
      vertex 96.414 48 4
    endloop
  endfacet
  facet normal 0 0 -1
    outer loop
      vertex 96 46.2 4
      vertex 96.134 45.7 4
      vertex 96.0341 45.9412 4
    endloop
  endfacet
  facet normal 0 -0 -1
    outer loop
      vertex 96.0341 47.4588 4
      vertex 96.414 48 4
      vertex 96 47.2 4
    endloop
  endfacet
  facet normal 0 0 -1
    outer loop
      vertex 96.414 48 4
      vertex 96.134 47.7 4
      vertex 96.2929 47.9071 4
    endloop
  endfacet
  facet normal 0 0 -1
    outer loop
      vertex 96.414 48 4
      vertex 96.0341 47.4588 4
      vertex 96.134 47.7 4
    endloop
  endfacet
  facet normal 0 0 -1
    outer loop
      vertex 96 77.8 4
      vertex 96.414 77 4
      vertex 96.0341 77.5412 4
    endloop
  endfacet
  facet normal 0 0 -1
    outer loop
      vertex 96 78.8 4
      vertex 96.414 77 4
      vertex 96 77.8 4
    endloop
  endfacet
  facet normal 0 0 -1
    outer loop
      vertex 96.414 77 4
      vertex 96 78.8 4
      vertex 96.0926 79.2 4
    endloop
  endfacet
  facet normal 0 0 -1
    outer loop
      vertex 96.0926 79.2 4
      vertex 96 78.8 4
      vertex 96.0341 79.0588 4
    endloop
  endfacet
  facet normal 0 0 -1
    outer loop
      vertex 126.5 77 4
      vertex 127 77.8 4
      vertex 126.966 77.5412 4
    endloop
  endfacet
  facet normal 0 0 -1
    outer loop
      vertex 126 79.8 4
      vertex 127 77.8 4
      vertex 126.5 77 4
    endloop
  endfacet
  facet normal 0 0 -1
    outer loop
      vertex 126.5 77 4
      vertex 126.966 77.5412 4
      vertex 126.866 77.3 4
    endloop
  endfacet
  facet normal 0 0 -1
    outer loop
      vertex 127 77.8 4
      vertex 126 79.8 4
      vertex 127 78.8 4
    endloop
  endfacet
  facet normal 0 0 -1
    outer loop
      vertex 126.5 77 4
      vertex 126.866 77.3 4
      vertex 126.707 77.0929 4
    endloop
  endfacet
  facet normal 0 0 -1
    outer loop
      vertex 127 78.8 4
      vertex 126 79.8 4
      vertex 126.966 79.0588 4
    endloop
  endfacet
  facet normal 0 0 -1
    outer loop
      vertex 126.5 77 4
      vertex 126.707 77.0929 4
      vertex 126.573 76.9903 4
    endloop
  endfacet
  facet normal 0 0 -1
    outer loop
      vertex 126.966 79.0588 4
      vertex 126 79.8 4
      vertex 126.866 79.3 4
    endloop
  endfacet
  facet normal 0 0 -1
    outer loop
      vertex 126.866 79.3 4
      vertex 126 79.8 4
      vertex 126.707 79.5071 4
    endloop
  endfacet
  facet normal 0 0 -1
    outer loop
      vertex 126.707 79.5071 4
      vertex 126 79.8 4
      vertex 126.5 79.666 4
    endloop
  endfacet
  facet normal 0 0 -1
    outer loop
      vertex 126.5 79.666 4
      vertex 126 79.8 4
      vertex 126.259 79.7659 4
    endloop
  endfacet
  facet normal 0 0 -1
    outer loop
      vertex 126.5 77 4
      vertex 117.907 79.8 4
      vertex 126 79.8 4
    endloop
  endfacet
  facet normal 0 0 -1
    outer loop
      vertex 118 81.2 4
      vertex 117.707 81.9071 4
      vertex 117.866 81.7 4
    endloop
  endfacet
  facet normal 0 0 -1
    outer loop
      vertex 118 80.2 4
      vertex 117.5 82 4
      vertex 117.707 81.9071 4
    endloop
  endfacet
  facet normal 0 0 -1
    outer loop
      vertex 117.707 81.9071 4
      vertex 117.5 82 4
      vertex 117.573 82.0097 4
    endloop
  endfacet
  facet normal 0 0 -1
    outer loop
      vertex 96.414 77 4
      vertex 117.907 79.8 4
      vertex 126.5 77 4
    endloop
  endfacet
  facet normal 0 0 -1
    outer loop
      vertex 96.414 77 4
      vertex 117.5 82 4
      vertex 117.907 79.8 4
    endloop
  endfacet
  facet normal 0 0 -1
    outer loop
      vertex 96.134 77.3 4
      vertex 96.414 77 4
      vertex 96.2929 77.0929 4
    endloop
  endfacet
  facet normal 0 0 -1
    outer loop
      vertex 96.0341 77.5412 4
      vertex 96.414 77 4
      vertex 96.134 77.3 4
    endloop
  endfacet
  facet normal 0 0 -1
    outer loop
      vertex 96.414 77 4
      vertex 96.0926 79.2 4
      vertex 117.5 82 4
    endloop
  endfacet
  facet normal 0 0 -1
    outer loop
      vertex 74.414 82 4
      vertex 96.0926 79.2 4
      vertex 75 79.2 4
    endloop
  endfacet
  facet normal 0 0 -1
    outer loop
      vertex 74 80.2 4
      vertex 75 79.2 4
      vertex 74.7412 79.2341 4
    endloop
  endfacet
  facet normal 0 0 -1
    outer loop
      vertex 74 80.2 4
      vertex 74.7412 79.2341 4
      vertex 74.5 79.334 4
    endloop
  endfacet
  facet normal 0 0 -1
    outer loop
      vertex 96.0926 79.2 4
      vertex 74.414 82 4
      vertex 117.5 82 4
    endloop
  endfacet
  facet normal 0 0 -1
    outer loop
      vertex 74 80.2 4
      vertex 74.5 79.334 4
      vertex 74.2929 79.4929 4
    endloop
  endfacet
  facet normal 0 0 -1
    outer loop
      vertex 75 79.2 4
      vertex 74 80.2 4
      vertex 74 81.2 4
    endloop
  endfacet
  facet normal 0 0 -1
    outer loop
      vertex 74 80.2 4
      vertex 74.2929 79.4929 4
      vertex 74.134 79.7 4
    endloop
  endfacet
  facet normal 0 0 -1
    outer loop
      vertex 75 79.2 4
      vertex 74 81.2 4
      vertex 74.414 82 4
    endloop
  endfacet
  facet normal 0 0 -1
    outer loop
      vertex 74 80.2 4
      vertex 74.134 79.7 4
      vertex 74.0341 79.9412 4
    endloop
  endfacet
  facet normal 0 -0 -1
    outer loop
      vertex 74.0341 81.4588 4
      vertex 74.414 82 4
      vertex 74 81.2 4
    endloop
  endfacet
  facet normal 0 0 -1
    outer loop
      vertex 74.414 82 4
      vertex 74.134 81.7 4
      vertex 74.2929 81.9071 4
    endloop
  endfacet
  facet normal 0 0 -1
    outer loop
      vertex 74.414 82 4
      vertex 74.0341 81.4588 4
      vertex 74.134 81.7 4
    endloop
  endfacet
  facet normal 0 0 -1
    outer loop
      vertex 117.907 79.8 4
      vertex 118 80.2 4
      vertex 117.966 79.9412 4
    endloop
  endfacet
  facet normal 0 0 -1
    outer loop
      vertex 117.5 82 4
      vertex 118 80.2 4
      vertex 117.907 79.8 4
    endloop
  endfacet
  facet normal 0 0 -1
    outer loop
      vertex 117.707 81.9071 4
      vertex 118 81.2 4
      vertex 118 80.2 4
    endloop
  endfacet
  facet normal 0 0 -1
    outer loop
      vertex 118 81.2 4
      vertex 117.866 81.7 4
      vertex 117.966 81.4588 4
    endloop
  endfacet
  facet normal 0.382585 -0.92392 0
    outer loop
      vertex 126.888 48.0511 3
      vertex 127.25 48.201 4
      vertex 126.888 48.0511 4
    endloop
  endfacet
  facet normal 0.382585 -0.92392 0
    outer loop
      vertex 127.25 48.201 4
      vertex 126.888 48.0511 3
      vertex 127.25 48.201 3
    endloop
  endfacet
  facet normal -0.382765 -0.923846 0
    outer loop
      vertex 94.75 48.201 3
      vertex 95.1118 48.0511 4
      vertex 94.75 48.201 4
    endloop
  endfacet
  facet normal -0.382765 -0.923846 -0
    outer loop
      vertex 95.1118 48.0511 4
      vertex 94.75 48.201 3
      vertex 95.1118 48.0511 3
    endloop
  endfacet
  facet normal 0.99148 0.130256 0
    outer loop
      vertex 128 75.5 4
      vertex 127.949 75.8882 3
      vertex 127.949 75.8882 4
    endloop
  endfacet
  facet normal 0.99148 0.130256 0
    outer loop
      vertex 127.949 75.8882 3
      vertex 128 75.5 4
      vertex 128 75.5 3
    endloop
  endfacet
  facet normal 0.99148 -0.130256 0
    outer loop
      vertex 127.949 49.1118 4
      vertex 128 49.5 3
      vertex 128 49.5 4
    endloop
  endfacet
  facet normal 0.99148 -0.130256 0
    outer loop
      vertex 128 49.5 3
      vertex 127.949 49.1118 4
      vertex 127.949 49.1118 3
    endloop
  endfacet
  facet normal -0.608587 0.793487 0
    outer loop
      vertex 94.75 76.799 3
      vertex 94.4393 76.5607 4
      vertex 94.75 76.799 4
    endloop
  endfacet
  facet normal -0.608587 0.793487 0
    outer loop
      vertex 94.4393 76.5607 4
      vertex 94.75 76.799 3
      vertex 94.4393 76.5607 3
    endloop
  endfacet
  facet normal 0.131719 -0.991287 0
    outer loop
      vertex 126.5 48 3
      vertex 126.573 48.0097 4
      vertex 126.5 48 4
    endloop
  endfacet
  facet normal 0.130573 -0.991439 8.509e-05
    outer loop
      vertex 126.888 48.0511 3
      vertex 126.573 48.0097 4
      vertex 126.5 48 3
    endloop
  endfacet
  facet normal 0.130308 -0.991474 0
    outer loop
      vertex 126.573 48.0097 4
      vertex 126.888 48.0511 3
      vertex 126.888 48.0511 4
    endloop
  endfacet
  facet normal -0.923846 0.382765 0
    outer loop
      vertex 94.0511 75.8882 3
      vertex 94.201 76.25 4
      vertex 94.201 76.25 3
    endloop
  endfacet
  facet normal -0.923846 0.382765 0
    outer loop
      vertex 94.201 76.25 4
      vertex 94.0511 75.8882 3
      vertex 94.0511 75.8882 4
    endloop
  endfacet
  facet normal -0.793487 -0.608587 0
    outer loop
      vertex 94.4393 48.4393 3
      vertex 94.201 48.75 4
      vertex 94.201 48.75 3
    endloop
  endfacet
  facet normal -0.793487 -0.608587 0
    outer loop
      vertex 94.201 48.75 4
      vertex 94.4393 48.4393 3
      vertex 94.4393 48.4393 4
    endloop
  endfacet
  facet normal -0.923846 -0.382765 0
    outer loop
      vertex 94.201 48.75 3
      vertex 94.0511 49.1118 4
      vertex 94.0511 49.1118 3
    endloop
  endfacet
  facet normal -0.923846 -0.382765 0
    outer loop
      vertex 94.0511 49.1118 4
      vertex 94.201 48.75 3
      vertex 94.201 48.75 4
    endloop
  endfacet
  facet normal -0.130633 -0.991431 0
    outer loop
      vertex 96.2412 49.5341 4
      vertex 96.5 49.5 5.2
      vertex 96.2412 49.5341 5.2
    endloop
  endfacet
  facet normal -0.130633 -0.991431 -0
    outer loop
      vertex 96.5 49.5 5.2
      vertex 96.2412 49.5341 4
      vertex 96.5 49.5 4
    endloop
  endfacet
  facet normal 0.608914 -0.793236 0
    outer loop
      vertex 126 49.634 4
      vertex 126.207 49.7929 5.2
      vertex 126 49.634 5.2
    endloop
  endfacet
  facet normal 0.608914 -0.793236 0
    outer loop
      vertex 126.207 49.7929 5.2
      vertex 126 49.634 4
      vertex 126.207 49.7929 4
    endloop
  endfacet
  facet normal -0.608729 0.793378 0
    outer loop
      vertex 96 75.366 4
      vertex 95.7929 75.2071 5.2
      vertex 96 75.366 5.2
    endloop
  endfacet
  facet normal -0.608729 0.793378 0
    outer loop
      vertex 95.7929 75.2071 5.2
      vertex 96 75.366 4
      vertex 95.7929 75.2071 4
    endloop
  endfacet
  facet normal 0 1 -0
    outer loop
      vertex 125.5 75.5 4
      vertex 96.5 75.5 5.2
      vertex 125.5 75.5 5.2
    endloop
  endfacet
  facet normal 0 1 0
    outer loop
      vertex 96.5 75.5 5.2
      vertex 125.5 75.5 4
      vertex 96.5 75.5 4
    endloop
  endfacet
  facet normal 0 -1 0
    outer loop
      vertex 96.5 49.5 4
      vertex 125.5 49.5 5.2
      vertex 96.5 49.5 5.2
    endloop
  endfacet
  facet normal 0 -1 -0
    outer loop
      vertex 125.5 49.5 5.2
      vertex 96.5 49.5 4
      vertex 125.5 49.5 4
    endloop
  endfacet
  facet normal 0.382927 0.923778 -0
    outer loop
      vertex 126 75.366 4
      vertex 125.759 75.4659 5.2
      vertex 126 75.366 5.2
    endloop
  endfacet
  facet normal 0.382927 0.923778 0
    outer loop
      vertex 125.759 75.4659 5.2
      vertex 126 75.366 4
      vertex 125.759 75.4659 4
    endloop
  endfacet
  facet normal -0.608729 -0.793378 0
    outer loop
      vertex 95.7929 49.7929 4
      vertex 96 49.634 5.2
      vertex 95.7929 49.7929 5.2
    endloop
  endfacet
  facet normal -0.608729 -0.793378 -0
    outer loop
      vertex 96 49.634 5.2
      vertex 95.7929 49.7929 4
      vertex 96 49.634 4
    endloop
  endfacet
  facet normal -0.130633 0.991431 0
    outer loop
      vertex 96.5 75.5 4
      vertex 96.2412 75.4659 5.2
      vertex 96.5 75.5 5.2
    endloop
  endfacet
  facet normal -0.130633 0.991431 0
    outer loop
      vertex 96.2412 75.4659 5.2
      vertex 96.5 75.5 4
      vertex 96.2412 75.4659 4
    endloop
  endfacet
  facet normal 0.608914 0.793236 -0
    outer loop
      vertex 126.207 75.2071 4
      vertex 126 75.366 5.2
      vertex 126.207 75.2071 5.2
    endloop
  endfacet
  facet normal 0.608914 0.793236 0
    outer loop
      vertex 126 75.366 5.2
      vertex 126.207 75.2071 4
      vertex 126 75.366 4
    endloop
  endfacet
  facet normal 0.99148 0.130256 0
    outer loop
      vertex 126.5 74.5 5.2
      vertex 126.466 74.7588 4
      vertex 126.466 74.7588 5.2
    endloop
  endfacet
  facet normal 0.99148 0.130256 0
    outer loop
      vertex 126.466 74.7588 4
      vertex 126.5 74.5 5.2
      vertex 126.5 74.5 4
    endloop
  endfacet
  facet normal -1 0 0
    outer loop
      vertex 95.5 50.5 4
      vertex 95.5 74.5 5.2
      vertex 95.5 74.5 4
    endloop
  endfacet
  facet normal -1 -0 0
    outer loop
      vertex 95.5 74.5 5.2
      vertex 95.5 50.5 4
      vertex 95.5 50.5 5.2
    endloop
  endfacet
  facet normal 0.793193 0.60897 0
    outer loop
      vertex 126.366 75 5.2
      vertex 126.207 75.2071 4
      vertex 126.207 75.2071 5.2
    endloop
  endfacet
  facet normal 0.793193 0.60897 0
    outer loop
      vertex 126.207 75.2071 4
      vertex 126.366 75 5.2
      vertex 126.366 75 4
    endloop
  endfacet
  facet normal 0.923755 -0.382983 0
    outer loop
      vertex 126.366 50 5.2
      vertex 126.466 50.2412 4
      vertex 126.466 50.2412 5.2
    endloop
  endfacet
  facet normal 0.923755 -0.382983 0
    outer loop
      vertex 126.466 50.2412 4
      vertex 126.366 50 5.2
      vertex 126.366 50 4
    endloop
  endfacet
  facet normal 0.923755 0.382983 0
    outer loop
      vertex 126.466 74.7588 5.2
      vertex 126.366 75 4
      vertex 126.366 75 5.2
    endloop
  endfacet
  facet normal 0.923755 0.382983 0
    outer loop
      vertex 126.366 75 4
      vertex 126.466 74.7588 5.2
      vertex 126.466 74.7588 4
    endloop
  endfacet
  facet normal 0.130534 -0.991444 0
    outer loop
      vertex 125.5 49.5 4
      vertex 125.759 49.5341 5.2
      vertex 125.5 49.5 5.2
    endloop
  endfacet
  facet normal 0.130534 -0.991444 0
    outer loop
      vertex 125.759 49.5341 5.2
      vertex 125.5 49.5 4
      vertex 125.759 49.5341 4
    endloop
  endfacet
  facet normal -0.382656 -0.923891 0
    outer loop
      vertex 96 49.634 4
      vertex 96.2412 49.5341 5.2
      vertex 96 49.634 5.2
    endloop
  endfacet
  facet normal -0.382656 -0.923891 -0
    outer loop
      vertex 96.2412 49.5341 5.2
      vertex 96 49.634 4
      vertex 96.2412 49.5341 4
    endloop
  endfacet
  facet normal -0.382656 0.923891 0
    outer loop
      vertex 96.2412 75.4659 4
      vertex 96 75.366 5.2
      vertex 96.2412 75.4659 5.2
    endloop
  endfacet
  facet normal -0.382656 0.923891 0
    outer loop
      vertex 96 75.366 5.2
      vertex 96.2412 75.4659 4
      vertex 96 75.366 4
    endloop
  endfacet
  facet normal 0.382927 -0.923778 0
    outer loop
      vertex 125.759 49.5341 4
      vertex 126 49.634 5.2
      vertex 125.759 49.5341 5.2
    endloop
  endfacet
  facet normal 0.382927 -0.923778 0
    outer loop
      vertex 126 49.634 5.2
      vertex 125.759 49.5341 4
      vertex 126 49.634 4
    endloop
  endfacet
  facet normal 0.130534 0.991444 -0
    outer loop
      vertex 125.759 75.4659 4
      vertex 125.5 75.5 5.2
      vertex 125.759 75.4659 5.2
    endloop
  endfacet
  facet normal 0.130534 0.991444 0
    outer loop
      vertex 125.5 75.5 5.2
      vertex 125.759 75.4659 4
      vertex 125.5 75.5 4
    endloop
  endfacet
  facet normal 0.99148 -0.130256 0
    outer loop
      vertex 126.466 50.2412 5.2
      vertex 126.5 50.5 4
      vertex 126.5 50.5 5.2
    endloop
  endfacet
  facet normal 0.99148 -0.130256 0
    outer loop
      vertex 126.5 50.5 4
      vertex 126.466 50.2412 5.2
      vertex 126.466 50.2412 4
    endloop
  endfacet
  facet normal -0.793378 0.608729 0
    outer loop
      vertex 95.634 75 4
      vertex 95.7929 75.2071 5.2
      vertex 95.7929 75.2071 4
    endloop
  endfacet
  facet normal -0.793378 0.608729 0
    outer loop
      vertex 95.7929 75.2071 5.2
      vertex 95.634 75 4
      vertex 95.634 75 5.2
    endloop
  endfacet
  facet normal 1 -0 0
    outer loop
      vertex 126.5 50.5 5.2
      vertex 126.5 74.5 4
      vertex 126.5 74.5 5.2
    endloop
  endfacet
  facet normal 1 0 0
    outer loop
      vertex 126.5 74.5 4
      vertex 126.5 50.5 5.2
      vertex 126.5 50.5 4
    endloop
  endfacet
  facet normal -0.923891 0.382656 0
    outer loop
      vertex 95.5341 74.7588 4
      vertex 95.634 75 5.2
      vertex 95.634 75 4
    endloop
  endfacet
  facet normal -0.923891 0.382656 0
    outer loop
      vertex 95.634 75 5.2
      vertex 95.5341 74.7588 4
      vertex 95.5341 74.7588 5.2
    endloop
  endfacet
  facet normal -0.923891 -0.382656 0
    outer loop
      vertex 95.634 50 4
      vertex 95.5341 50.2412 5.2
      vertex 95.5341 50.2412 4
    endloop
  endfacet
  facet normal -0.923891 -0.382656 0
    outer loop
      vertex 95.5341 50.2412 5.2
      vertex 95.634 50 4
      vertex 95.634 50 5.2
    endloop
  endfacet
  facet normal -0.991431 -0.130633 0
    outer loop
      vertex 95.5341 50.2412 4
      vertex 95.5 50.5 5.2
      vertex 95.5 50.5 4
    endloop
  endfacet
  facet normal -0.991431 -0.130633 0
    outer loop
      vertex 95.5 50.5 5.2
      vertex 95.5341 50.2412 4
      vertex 95.5341 50.2412 5.2
    endloop
  endfacet
  facet normal -0.991431 0.130633 0
    outer loop
      vertex 95.5 74.5 4
      vertex 95.5341 74.7588 5.2
      vertex 95.5341 74.7588 4
    endloop
  endfacet
  facet normal -0.991431 0.130633 0
    outer loop
      vertex 95.5341 74.7588 5.2
      vertex 95.5 74.5 4
      vertex 95.5 74.5 5.2
    endloop
  endfacet
  facet normal 0 0 1
    outer loop
      vertex 125.5 75.5 5.2
      vertex 126.5 74.5 5.2
      vertex 126.466 74.7588 5.2
    endloop
  endfacet
  facet normal 0 0 1
    outer loop
      vertex 126.5 74.5 5.2
      vertex 125.5 75.5 5.2
      vertex 126.5 50.5 5.2
    endloop
  endfacet
  facet normal 0 0 1
    outer loop
      vertex 125.5 75.5 5.2
      vertex 126.466 74.7588 5.2
      vertex 126.366 75 5.2
    endloop
  endfacet
  facet normal 0 0 1
    outer loop
      vertex 125.5 49.5 5.2
      vertex 126.5 50.5 5.2
      vertex 125.5 75.5 5.2
    endloop
  endfacet
  facet normal 0 0 1
    outer loop
      vertex 125.5 75.5 5.2
      vertex 126.366 75 5.2
      vertex 126.207 75.2071 5.2
    endloop
  endfacet
  facet normal 0 0 1
    outer loop
      vertex 126.5 50.5 5.2
      vertex 125.5 49.5 5.2
      vertex 126.466 50.2412 5.2
    endloop
  endfacet
  facet normal 0 0 1
    outer loop
      vertex 125.5 75.5 5.2
      vertex 126.207 75.2071 5.2
      vertex 126 75.366 5.2
    endloop
  endfacet
  facet normal 0 0 1
    outer loop
      vertex 126.466 50.2412 5.2
      vertex 125.5 49.5 5.2
      vertex 126.366 50 5.2
    endloop
  endfacet
  facet normal 0 0 1
    outer loop
      vertex 125.5 75.5 5.2
      vertex 126 75.366 5.2
      vertex 125.759 75.4659 5.2
    endloop
  endfacet
  facet normal 0 0 1
    outer loop
      vertex 126.366 50 5.2
      vertex 125.5 49.5 5.2
      vertex 126.207 49.7929 5.2
    endloop
  endfacet
  facet normal 0 0 1
    outer loop
      vertex 126.207 49.7929 5.2
      vertex 125.5 49.5 5.2
      vertex 126 49.634 5.2
    endloop
  endfacet
  facet normal 0 0 1
    outer loop
      vertex 126 49.634 5.2
      vertex 125.5 49.5 5.2
      vertex 125.759 49.5341 5.2
    endloop
  endfacet
  facet normal -0 0 1
    outer loop
      vertex 96.5 75.5 5.2
      vertex 125.5 49.5 5.2
      vertex 125.5 75.5 5.2
    endloop
  endfacet
  facet normal 0 0 1
    outer loop
      vertex 96.5 75.5 5.2
      vertex 96.5 49.5 5.2
      vertex 125.5 49.5 5.2
    endloop
  endfacet
  facet normal 0 0 1
    outer loop
      vertex 95.5 74.5 5.2
      vertex 96.5 75.5 5.2
      vertex 96.2412 75.4659 5.2
    endloop
  endfacet
  facet normal 0 0 1
    outer loop
      vertex 96.5 75.5 5.2
      vertex 95.5 74.5 5.2
      vertex 96.5 49.5 5.2
    endloop
  endfacet
  facet normal 0 0 1
    outer loop
      vertex 95.5 74.5 5.2
      vertex 96.2412 75.4659 5.2
      vertex 96 75.366 5.2
    endloop
  endfacet
  facet normal -0 0 1
    outer loop
      vertex 95.5 50.5 5.2
      vertex 96.5 49.5 5.2
      vertex 95.5 74.5 5.2
    endloop
  endfacet
  facet normal 0 0 1
    outer loop
      vertex 95.5 74.5 5.2
      vertex 96 75.366 5.2
      vertex 95.7929 75.2071 5.2
    endloop
  endfacet
  facet normal 0 0 1
    outer loop
      vertex 96.5 49.5 5.2
      vertex 95.5 50.5 5.2
      vertex 96.2412 49.5341 5.2
    endloop
  endfacet
  facet normal 0 0 1
    outer loop
      vertex 95.5 74.5 5.2
      vertex 95.7929 75.2071 5.2
      vertex 95.634 75 5.2
    endloop
  endfacet
  facet normal 0 0 1
    outer loop
      vertex 96.2412 49.5341 5.2
      vertex 95.5 50.5 5.2
      vertex 96 49.634 5.2
    endloop
  endfacet
  facet normal 0 0 1
    outer loop
      vertex 95.5 74.5 5.2
      vertex 95.634 75 5.2
      vertex 95.5341 74.7588 5.2
    endloop
  endfacet
  facet normal 0 0 1
    outer loop
      vertex 96 49.634 5.2
      vertex 95.5 50.5 5.2
      vertex 95.7929 49.7929 5.2
    endloop
  endfacet
  facet normal 0 0 1
    outer loop
      vertex 95.7929 49.7929 5.2
      vertex 95.5 50.5 5.2
      vertex 95.634 50 5.2
    endloop
  endfacet
  facet normal 0 0 1
    outer loop
      vertex 95.634 50 5.2
      vertex 95.5 50.5 5.2
      vertex 95.5341 50.2412 5.2
    endloop
  endfacet
  facet normal 0.793193 -0.60897 0
    outer loop
      vertex 126.207 49.7929 5.2
      vertex 126.366 50 4
      vertex 126.366 50 5.2
    endloop
  endfacet
  facet normal 0.793193 -0.60897 0
    outer loop
      vertex 126.366 50 4
      vertex 126.207 49.7929 5.2
      vertex 126.207 49.7929 4
    endloop
  endfacet
  facet normal -0.793378 -0.608729 0
    outer loop
      vertex 95.7929 49.7929 4
      vertex 95.634 50 5.2
      vertex 95.634 50 4
    endloop
  endfacet
  facet normal -0.793378 -0.608729 0
    outer loop
      vertex 95.634 50 5.2
      vertex 95.7929 49.7929 4
      vertex 95.7929 49.7929 5.2
    endloop
  endfacet
  facet normal 0.382927 0.923778 -0
    outer loop
      vertex 126.5 48.066 4
      vertex 126.259 48.1659 9
      vertex 126.5 48.066 9
    endloop
  endfacet
  facet normal 0.382927 0.923778 0
    outer loop
      vertex 126.259 48.1659 9
      vertex 126.5 48.066 4
      vertex 126.259 48.1659 4
    endloop
  endfacet
  facet normal 0 -1 0
    outer loop
      vertex 97 45.2 4
      vertex 126 45.2 9
      vertex 97 45.2 9
    endloop
  endfacet
  facet normal 0 -1 -0
    outer loop
      vertex 126 45.2 9
      vertex 97 45.2 4
      vertex 126 45.2 4
    endloop
  endfacet
  facet normal 0.608914 -0.793236 0
    outer loop
      vertex 126.5 45.334 4
      vertex 126.707 45.4929 9
      vertex 126.5 45.334 9
    endloop
  endfacet
  facet normal 0.608914 -0.793236 0
    outer loop
      vertex 126.707 45.4929 9
      vertex 126.5 45.334 4
      vertex 126.707 45.4929 4
    endloop
  endfacet
  facet normal -0.608729 -0.793378 0
    outer loop
      vertex 96.2929 45.4929 4
      vertex 96.5 45.334 9
      vertex 96.2929 45.4929 9
    endloop
  endfacet
  facet normal -0.608729 -0.793378 -0
    outer loop
      vertex 96.5 45.334 9
      vertex 96.2929 45.4929 4
      vertex 96.5 45.334 4
    endloop
  endfacet
  facet normal -0.923891 -0.382656 0
    outer loop
      vertex 96.134 45.7 4
      vertex 96.0341 45.9412 9
      vertex 96.0341 45.9412 4
    endloop
  endfacet
  facet normal -0.923891 -0.382656 0
    outer loop
      vertex 96.0341 45.9412 9
      vertex 96.134 45.7 4
      vertex 96.134 45.7 9
    endloop
  endfacet
  facet normal -0.382656 -0.923891 0
    outer loop
      vertex 96.5 45.334 4
      vertex 96.7412 45.2341 9
      vertex 96.5 45.334 9
    endloop
  endfacet
  facet normal -0.382656 -0.923891 -0
    outer loop
      vertex 96.7412 45.2341 9
      vertex 96.5 45.334 4
      vertex 96.7412 45.2341 4
    endloop
  endfacet
  facet normal 0 1 -0
    outer loop
      vertex 126 48.2 4
      vertex 97 48.2 9
      vertex 126 48.2 9
    endloop
  endfacet
  facet normal 0 1 0
    outer loop
      vertex 97 48.2 9
      vertex 126 48.2 4
      vertex 97 48.2 4
    endloop
  endfacet
  facet normal -0.991431 0.130633 0
    outer loop
      vertex 96 47.2 4
      vertex 96.0341 47.4588 9
      vertex 96.0341 47.4588 4
    endloop
  endfacet
  facet normal -0.991431 0.130633 0
    outer loop
      vertex 96.0341 47.4588 9
      vertex 96 47.2 4
      vertex 96 47.2 9
    endloop
  endfacet
  facet normal 0.99148 -0.130256 0
    outer loop
      vertex 126.966 45.9412 9
      vertex 127 46.2 4
      vertex 127 46.2 9
    endloop
  endfacet
  facet normal 0.99148 -0.130256 0
    outer loop
      vertex 127 46.2 4
      vertex 126.966 45.9412 9
      vertex 126.966 45.9412 4
    endloop
  endfacet
  facet normal -1 0 0
    outer loop
      vertex 96 46.2 4
      vertex 96 47.2 9
      vertex 96 47.2 4
    endloop
  endfacet
  facet normal -1 -0 0
    outer loop
      vertex 96 47.2 9
      vertex 96 46.2 4
      vertex 96 46.2 9
    endloop
  endfacet
  facet normal 0.99148 0.130256 0
    outer loop
      vertex 127 47.2 9
      vertex 126.966 47.4588 4
      vertex 126.966 47.4588 9
    endloop
  endfacet
  facet normal 0.99148 0.130256 0
    outer loop
      vertex 126.966 47.4588 4
      vertex 127 47.2 9
      vertex 127 47.2 4
    endloop
  endfacet
  facet normal -0.991431 -0.130633 0
    outer loop
      vertex 96.0341 45.9412 4
      vertex 96 46.2 9
      vertex 96 46.2 4
    endloop
  endfacet
  facet normal -0.991431 -0.130633 0
    outer loop
      vertex 96 46.2 9
      vertex 96.0341 45.9412 4
      vertex 96.0341 45.9412 9
    endloop
  endfacet
  facet normal -0.382656 0.923891 0
    outer loop
      vertex 96.7412 48.1659 4
      vertex 96.5 48.066 9
      vertex 96.7412 48.1659 9
    endloop
  endfacet
  facet normal -0.382656 0.923891 0
    outer loop
      vertex 96.5 48.066 9
      vertex 96.7412 48.1659 4
      vertex 96.5 48.066 4
    endloop
  endfacet
  facet normal -0.793378 -0.608729 0
    outer loop
      vertex 96.2929 45.4929 4
      vertex 96.134 45.7 9
      vertex 96.134 45.7 4
    endloop
  endfacet
  facet normal -0.793378 -0.608729 0
    outer loop
      vertex 96.134 45.7 9
      vertex 96.2929 45.4929 4
      vertex 96.2929 45.4929 9
    endloop
  endfacet
  facet normal 0 0 1
    outer loop
      vertex 126 48.2 9
      vertex 127 47.2 9
      vertex 126.966 47.4588 9
    endloop
  endfacet
  facet normal 0 0 1
    outer loop
      vertex 127 47.2 9
      vertex 126 48.2 9
      vertex 127 46.2 9
    endloop
  endfacet
  facet normal 0 0 1
    outer loop
      vertex 126 48.2 9
      vertex 126.966 47.4588 9
      vertex 126.866 47.7 9
    endloop
  endfacet
  facet normal 0 0 1
    outer loop
      vertex 126 45.2 9
      vertex 127 46.2 9
      vertex 126 48.2 9
    endloop
  endfacet
  facet normal 0 0 1
    outer loop
      vertex 126 48.2 9
      vertex 126.866 47.7 9
      vertex 126.707 47.9071 9
    endloop
  endfacet
  facet normal 0 0 1
    outer loop
      vertex 127 46.2 9
      vertex 126 45.2 9
      vertex 126.966 45.9412 9
    endloop
  endfacet
  facet normal 0 0 1
    outer loop
      vertex 126 48.2 9
      vertex 126.707 47.9071 9
      vertex 126.5 48.066 9
    endloop
  endfacet
  facet normal 0 0 1
    outer loop
      vertex 126.966 45.9412 9
      vertex 126 45.2 9
      vertex 126.866 45.7 9
    endloop
  endfacet
  facet normal 0 0 1
    outer loop
      vertex 126 48.2 9
      vertex 126.5 48.066 9
      vertex 126.259 48.1659 9
    endloop
  endfacet
  facet normal 0 0 1
    outer loop
      vertex 126.866 45.7 9
      vertex 126 45.2 9
      vertex 126.707 45.4929 9
    endloop
  endfacet
  facet normal 0 0 1
    outer loop
      vertex 126.707 45.4929 9
      vertex 126 45.2 9
      vertex 126.5 45.334 9
    endloop
  endfacet
  facet normal 0 0 1
    outer loop
      vertex 126.5 45.334 9
      vertex 126 45.2 9
      vertex 126.259 45.2341 9
    endloop
  endfacet
  facet normal -0 0 1
    outer loop
      vertex 97 48.2 9
      vertex 126 45.2 9
      vertex 126 48.2 9
    endloop
  endfacet
  facet normal 0 0 1
    outer loop
      vertex 97 48.2 9
      vertex 97 45.2 9
      vertex 126 45.2 9
    endloop
  endfacet
  facet normal 0 0 1
    outer loop
      vertex 96 47.2 9
      vertex 97 48.2 9
      vertex 96.7412 48.1659 9
    endloop
  endfacet
  facet normal 0 0 1
    outer loop
      vertex 97 48.2 9
      vertex 96 47.2 9
      vertex 97 45.2 9
    endloop
  endfacet
  facet normal 0 0 1
    outer loop
      vertex 96 47.2 9
      vertex 96.7412 48.1659 9
      vertex 96.5 48.066 9
    endloop
  endfacet
  facet normal -0 0 1
    outer loop
      vertex 96 46.2 9
      vertex 97 45.2 9
      vertex 96 47.2 9
    endloop
  endfacet
  facet normal 0 0 1
    outer loop
      vertex 96 47.2 9
      vertex 96.5 48.066 9
      vertex 96.2929 47.9071 9
    endloop
  endfacet
  facet normal 0 0 1
    outer loop
      vertex 97 45.2 9
      vertex 96 46.2 9
      vertex 96.7412 45.2341 9
    endloop
  endfacet
  facet normal 0 0 1
    outer loop
      vertex 96 47.2 9
      vertex 96.2929 47.9071 9
      vertex 96.134 47.7 9
    endloop
  endfacet
  facet normal 0 0 1
    outer loop
      vertex 96.7412 45.2341 9
      vertex 96 46.2 9
      vertex 96.5 45.334 9
    endloop
  endfacet
  facet normal 0 0 1
    outer loop
      vertex 96 47.2 9
      vertex 96.134 47.7 9
      vertex 96.0341 47.4588 9
    endloop
  endfacet
  facet normal 0 0 1
    outer loop
      vertex 96.5 45.334 9
      vertex 96 46.2 9
      vertex 96.2929 45.4929 9
    endloop
  endfacet
  facet normal 0 0 1
    outer loop
      vertex 96.2929 45.4929 9
      vertex 96 46.2 9
      vertex 96.134 45.7 9
    endloop
  endfacet
  facet normal 0 0 1
    outer loop
      vertex 96.134 45.7 9
      vertex 96 46.2 9
      vertex 96.0341 45.9412 9
    endloop
  endfacet
  facet normal 1 -0 0
    outer loop
      vertex 127 46.2 9
      vertex 127 47.2 4
      vertex 127 47.2 9
    endloop
  endfacet
  facet normal 1 0 0
    outer loop
      vertex 127 47.2 4
      vertex 127 46.2 9
      vertex 127 46.2 4
    endloop
  endfacet
  facet normal -0.130633 0.991431 0
    outer loop
      vertex 97 48.2 4
      vertex 96.7412 48.1659 9
      vertex 97 48.2 9
    endloop
  endfacet
  facet normal -0.130633 0.991431 0
    outer loop
      vertex 96.7412 48.1659 9
      vertex 97 48.2 4
      vertex 96.7412 48.1659 4
    endloop
  endfacet
  facet normal 0.793193 0.60897 0
    outer loop
      vertex 126.866 47.7 9
      vertex 126.707 47.9071 4
      vertex 126.707 47.9071 9
    endloop
  endfacet
  facet normal 0.793193 0.60897 0
    outer loop
      vertex 126.707 47.9071 4
      vertex 126.866 47.7 9
      vertex 126.866 47.7 4
    endloop
  endfacet
  facet normal -0.793378 0.608729 0
    outer loop
      vertex 96.134 47.7 4
      vertex 96.2929 47.9071 9
      vertex 96.2929 47.9071 4
    endloop
  endfacet
  facet normal -0.793378 0.608729 0
    outer loop
      vertex 96.2929 47.9071 9
      vertex 96.134 47.7 4
      vertex 96.134 47.7 9
    endloop
  endfacet
  facet normal -0.923891 0.382656 0
    outer loop
      vertex 96.0341 47.4588 4
      vertex 96.134 47.7 9
      vertex 96.134 47.7 4
    endloop
  endfacet
  facet normal -0.923891 0.382656 0
    outer loop
      vertex 96.134 47.7 9
      vertex 96.0341 47.4588 4
      vertex 96.0341 47.4588 9
    endloop
  endfacet
  facet normal 0.923755 0.382983 0
    outer loop
      vertex 126.966 47.4588 9
      vertex 126.866 47.7 4
      vertex 126.866 47.7 9
    endloop
  endfacet
  facet normal 0.923755 0.382983 0
    outer loop
      vertex 126.866 47.7 4
      vertex 126.966 47.4588 9
      vertex 126.966 47.4588 4
    endloop
  endfacet
  facet normal 0.607934 0.793988 0
    outer loop
      vertex 126.573 48.0097 4
      vertex 126.707 47.9071 9
      vertex 126.707 47.9071 4
    endloop
  endfacet
  facet normal 0.608914 0.793236 -4.16928e-05
    outer loop
      vertex 126.707 47.9071 9
      vertex 126.573 48.0097 4
      vertex 126.5 48.066 9
    endloop
  endfacet
  facet normal 0.610706 0.791857 0
    outer loop
      vertex 126.5 48.066 9
      vertex 126.573 48.0097 4
      vertex 126.5 48.066 4
    endloop
  endfacet
  facet normal -0.130633 -0.991431 0
    outer loop
      vertex 96.7412 45.2341 4
      vertex 97 45.2 9
      vertex 96.7412 45.2341 9
    endloop
  endfacet
  facet normal -0.130633 -0.991431 -0
    outer loop
      vertex 97 45.2 9
      vertex 96.7412 45.2341 4
      vertex 97 45.2 4
    endloop
  endfacet
  facet normal -0.608819 0.793309 0
    outer loop
      vertex 96.414 48 4
      vertex 96.5 48.066 9
      vertex 96.5 48.066 4
    endloop
  endfacet
  facet normal -0.608729 0.793378 -2.45177e-06
    outer loop
      vertex 96.5 48.066 9
      vertex 96.414 48 4
      vertex 96.2929 47.9071 9
    endloop
  endfacet
  facet normal -0.608665 0.793427 0
    outer loop
      vertex 96.2929 47.9071 9
      vertex 96.414 48 4
      vertex 96.2929 47.9071 4
    endloop
  endfacet
  facet normal 0.130534 -0.991444 0
    outer loop
      vertex 126 45.2 4
      vertex 126.259 45.2341 9
      vertex 126 45.2 9
    endloop
  endfacet
  facet normal 0.130534 -0.991444 0
    outer loop
      vertex 126.259 45.2341 9
      vertex 126 45.2 4
      vertex 126.259 45.2341 4
    endloop
  endfacet
  facet normal 0.793193 -0.60897 0
    outer loop
      vertex 126.707 45.4929 9
      vertex 126.866 45.7 4
      vertex 126.866 45.7 9
    endloop
  endfacet
  facet normal 0.793193 -0.60897 0
    outer loop
      vertex 126.866 45.7 4
      vertex 126.707 45.4929 9
      vertex 126.707 45.4929 4
    endloop
  endfacet
  facet normal 0.382927 -0.923778 0
    outer loop
      vertex 126.259 45.2341 4
      vertex 126.5 45.334 9
      vertex 126.259 45.2341 9
    endloop
  endfacet
  facet normal 0.382927 -0.923778 0
    outer loop
      vertex 126.5 45.334 9
      vertex 126.259 45.2341 4
      vertex 126.5 45.334 4
    endloop
  endfacet
  facet normal 0.923755 -0.382983 0
    outer loop
      vertex 126.866 45.7 9
      vertex 126.966 45.9412 4
      vertex 126.966 45.9412 9
    endloop
  endfacet
  facet normal 0.923755 -0.382983 0
    outer loop
      vertex 126.966 45.9412 4
      vertex 126.866 45.7 9
      vertex 126.866 45.7 4
    endloop
  endfacet
  facet normal 0.130534 0.991444 -0
    outer loop
      vertex 126.259 48.1659 4
      vertex 126 48.2 9
      vertex 126.259 48.1659 9
    endloop
  endfacet
  facet normal 0.130534 0.991444 0
    outer loop
      vertex 126 48.2 9
      vertex 126.259 48.1659 4
      vertex 126 48.2 4
    endloop
  endfacet
  facet normal 0.99148 0.130256 0
    outer loop
      vertex 127 78.8 9
      vertex 126.966 79.0588 4
      vertex 126.966 79.0588 9
    endloop
  endfacet
  facet normal 0.99148 0.130256 0
    outer loop
      vertex 126.966 79.0588 4
      vertex 127 78.8 9
      vertex 127 78.8 4
    endloop
  endfacet
  facet normal 0.793193 0.60897 0
    outer loop
      vertex 126.866 79.3 9
      vertex 126.707 79.5071 4
      vertex 126.707 79.5071 9
    endloop
  endfacet
  facet normal 0.793193 0.60897 0
    outer loop
      vertex 126.707 79.5071 4
      vertex 126.866 79.3 9
      vertex 126.866 79.3 4
    endloop
  endfacet
  facet normal 0 -1 0
    outer loop
      vertex 97 76.8 4
      vertex 126 76.8 9
      vertex 97 76.8 9
    endloop
  endfacet
  facet normal 0 -1 -0
    outer loop
      vertex 126 76.8 9
      vertex 97 76.8 4
      vertex 126 76.8 4
    endloop
  endfacet
  facet normal 0.610706 -0.791857 0
    outer loop
      vertex 126.573 76.9903 4
      vertex 126.5 76.934 9
      vertex 126.5 76.934 4
    endloop
  endfacet
  facet normal 0.608914 -0.793236 -4.16928e-05
    outer loop
      vertex 126.5 76.934 9
      vertex 126.573 76.9903 4
      vertex 126.707 77.0929 9
    endloop
  endfacet
  facet normal 0.607934 -0.793988 0
    outer loop
      vertex 126.707 77.0929 9
      vertex 126.573 76.9903 4
      vertex 126.707 77.0929 4
    endloop
  endfacet
  facet normal -0.923891 -0.382656 0
    outer loop
      vertex 96.134 77.3 4
      vertex 96.0341 77.5412 9
      vertex 96.0341 77.5412 4
    endloop
  endfacet
  facet normal -0.923891 -0.382656 0
    outer loop
      vertex 96.0341 77.5412 9
      vertex 96.134 77.3 4
      vertex 96.134 77.3 9
    endloop
  endfacet
  facet normal -0.382656 -0.923891 0
    outer loop
      vertex 96.5 76.934 4
      vertex 96.7412 76.8341 9
      vertex 96.5 76.934 9
    endloop
  endfacet
  facet normal -0.382656 -0.923891 -0
    outer loop
      vertex 96.7412 76.8341 9
      vertex 96.5 76.934 4
      vertex 96.7412 76.8341 4
    endloop
  endfacet
  facet normal 0 1 -0
    outer loop
      vertex 126 79.8 4
      vertex 117.907 79.8 9
      vertex 126 79.8 9
    endloop
  endfacet
  facet normal 0 1 0
    outer loop
      vertex 117.907 79.8 9
      vertex 126 79.8 4
      vertex 117.907 79.8 4
    endloop
  endfacet
  facet normal -0.991431 0.130633 0
    outer loop
      vertex 96 78.8 4
      vertex 96.0341 79.0588 9
      vertex 96.0341 79.0588 4
    endloop
  endfacet
  facet normal -0.991431 0.130633 0
    outer loop
      vertex 96.0341 79.0588 9
      vertex 96 78.8 4
      vertex 96 78.8 9
    endloop
  endfacet
  facet normal -1 0 0
    outer loop
      vertex 96 77.8 4
      vertex 96 78.8 9
      vertex 96 78.8 4
    endloop
  endfacet
  facet normal -1 -0 0
    outer loop
      vertex 96 78.8 9
      vertex 96 77.8 4
      vertex 96 77.8 9
    endloop
  endfacet
  facet normal -0.608665 -0.793427 0
    outer loop
      vertex 96.414 77 4
      vertex 96.2929 77.0929 9
      vertex 96.2929 77.0929 4
    endloop
  endfacet
  facet normal -0.608729 -0.793378 -2.45177e-06
    outer loop
      vertex 96.2929 77.0929 9
      vertex 96.414 77 4
      vertex 96.5 76.934 9
    endloop
  endfacet
  facet normal -0.608819 -0.793309 -0
    outer loop
      vertex 96.5 76.934 9
      vertex 96.414 77 4
      vertex 96.5 76.934 4
    endloop
  endfacet
  facet normal 0.608914 0.793236 -0
    outer loop
      vertex 126.707 79.5071 4
      vertex 126.5 79.666 9
      vertex 126.707 79.5071 9
    endloop
  endfacet
  facet normal 0.608914 0.793236 0
    outer loop
      vertex 126.5 79.666 9
      vertex 126.707 79.5071 4
      vertex 126.5 79.666 4
    endloop
  endfacet
  facet normal -0.991431 -0.130633 0
    outer loop
      vertex 96.0341 77.5412 4
      vertex 96 77.8 9
      vertex 96 77.8 4
    endloop
  endfacet
  facet normal -0.991431 -0.130633 0
    outer loop
      vertex 96 77.8 9
      vertex 96.0341 77.5412 4
      vertex 96.0341 77.5412 9
    endloop
  endfacet
  facet normal 1 -0 0
    outer loop
      vertex 127 77.8 9
      vertex 127 78.8 4
      vertex 127 78.8 9
    endloop
  endfacet
  facet normal 1 0 0
    outer loop
      vertex 127 78.8 4
      vertex 127 77.8 9
      vertex 127 77.8 4
    endloop
  endfacet
  facet normal -0.793378 -0.608729 0
    outer loop
      vertex 96.2929 77.0929 4
      vertex 96.134 77.3 9
      vertex 96.134 77.3 4
    endloop
  endfacet
  facet normal -0.793378 -0.608729 0
    outer loop
      vertex 96.134 77.3 9
      vertex 96.2929 77.0929 4
      vertex 96.2929 77.0929 9
    endloop
  endfacet
  facet normal 0.793193 -0.60897 0
    outer loop
      vertex 126.707 77.0929 9
      vertex 126.866 77.3 4
      vertex 126.866 77.3 9
    endloop
  endfacet
  facet normal 0.793193 -0.60897 0
    outer loop
      vertex 126.866 77.3 4
      vertex 126.707 77.0929 9
      vertex 126.707 77.0929 4
    endloop
  endfacet
  facet normal -0.923849 0.382756 0
    outer loop
      vertex 96.0341 79.0588 4
      vertex 96.0926 79.2 9
      vertex 96.0926 79.2 4
    endloop
  endfacet
  facet normal -0.923849 0.382756 0
    outer loop
      vertex 96.0926 79.2 9
      vertex 96.0341 79.0588 4
      vertex 96.0341 79.0588 9
    endloop
  endfacet
  facet normal 0.923755 0.382983 0
    outer loop
      vertex 126.966 79.0588 9
      vertex 126.866 79.3 4
      vertex 126.866 79.3 9
    endloop
  endfacet
  facet normal 0.923755 0.382983 0
    outer loop
      vertex 126.866 79.3 4
      vertex 126.966 79.0588 9
      vertex 126.966 79.0588 4
    endloop
  endfacet
  facet normal -0.130633 -0.991431 0
    outer loop
      vertex 96.7412 76.8341 4
      vertex 97 76.8 9
      vertex 96.7412 76.8341 9
    endloop
  endfacet
  facet normal -0.130633 -0.991431 -0
    outer loop
      vertex 97 76.8 9
      vertex 96.7412 76.8341 4
      vertex 97 76.8 4
    endloop
  endfacet
  facet normal 0.130534 -0.991444 0
    outer loop
      vertex 126 76.8 4
      vertex 126.259 76.8341 9
      vertex 126 76.8 9
    endloop
  endfacet
  facet normal 0.130534 -0.991444 0
    outer loop
      vertex 126.259 76.8341 9
      vertex 126 76.8 4
      vertex 126.259 76.8341 4
    endloop
  endfacet
  facet normal 0 0 1
    outer loop
      vertex 117 82.2 9
      vertex 118 81.2 9
      vertex 117.966 81.4588 9
    endloop
  endfacet
  facet normal 0 0 1
    outer loop
      vertex 118 81.2 9
      vertex 117 82.2 9
      vertex 118 80.2 9
    endloop
  endfacet
  facet normal 0 -0 1
    outer loop
      vertex 117.907 79.8 9
      vertex 118 80.2 9
      vertex 117 82.2 9
    endloop
  endfacet
  facet normal 0 0 1
    outer loop
      vertex 117 82.2 9
      vertex 117.966 81.4588 9
      vertex 117.866 81.7 9
    endloop
  endfacet
  facet normal 0 0 1
    outer loop
      vertex 126 79.8 9
      vertex 127 78.8 9
      vertex 126.966 79.0588 9
    endloop
  endfacet
  facet normal 0 0 1
    outer loop
      vertex 127 78.8 9
      vertex 126 79.8 9
      vertex 127 77.8 9
    endloop
  endfacet
  facet normal 0 0 1
    outer loop
      vertex 126 79.8 9
      vertex 126.966 79.0588 9
      vertex 126.866 79.3 9
    endloop
  endfacet
  facet normal 0 0 1
    outer loop
      vertex 126 76.8 9
      vertex 127 77.8 9
      vertex 126 79.8 9
    endloop
  endfacet
  facet normal 0 0 1
    outer loop
      vertex 126 79.8 9
      vertex 126.866 79.3 9
      vertex 126.707 79.5071 9
    endloop
  endfacet
  facet normal 0 0 1
    outer loop
      vertex 127 77.8 9
      vertex 126 76.8 9
      vertex 126.966 77.5412 9
    endloop
  endfacet
  facet normal 0 0 1
    outer loop
      vertex 126 79.8 9
      vertex 126.707 79.5071 9
      vertex 126.5 79.666 9
    endloop
  endfacet
  facet normal 0 0 1
    outer loop
      vertex 126.966 77.5412 9
      vertex 126 76.8 9
      vertex 126.866 77.3 9
    endloop
  endfacet
  facet normal 0 0 1
    outer loop
      vertex 126 79.8 9
      vertex 126.5 79.666 9
      vertex 126.259 79.7659 9
    endloop
  endfacet
  facet normal 0 0 1
    outer loop
      vertex 126.866 77.3 9
      vertex 126 76.8 9
      vertex 126.707 77.0929 9
    endloop
  endfacet
  facet normal 0 0 1
    outer loop
      vertex 126.707 77.0929 9
      vertex 126 76.8 9
      vertex 126.5 76.934 9
    endloop
  endfacet
  facet normal 0 0 1
    outer loop
      vertex 126.5 76.934 9
      vertex 126 76.8 9
      vertex 126.259 76.8341 9
    endloop
  endfacet
  facet normal -0 0 1
    outer loop
      vertex 117.907 79.8 9
      vertex 126 76.8 9
      vertex 126 79.8 9
    endloop
  endfacet
  facet normal 0 0 1
    outer loop
      vertex 117 82.2 9
      vertex 117.866 81.7 9
      vertex 117.707 81.9071 9
    endloop
  endfacet
  facet normal 0 0 1
    outer loop
      vertex 117 82.2 9
      vertex 117.707 81.9071 9
      vertex 117.5 82.066 9
    endloop
  endfacet
  facet normal 0 0 1
    outer loop
      vertex 117 82.2 9
      vertex 117.5 82.066 9
      vertex 117.259 82.1659 9
    endloop
  endfacet
  facet normal 0 0 1
    outer loop
      vertex 118 80.2 9
      vertex 117.907 79.8 9
      vertex 117.966 79.9412 9
    endloop
  endfacet
  facet normal 0 0 1
    outer loop
      vertex 117.907 79.8 9
      vertex 97 76.8 9
      vertex 126 76.8 9
    endloop
  endfacet
  facet normal 0 0 1
    outer loop
      vertex 117 82.2 9
      vertex 97 76.8 9
      vertex 117.907 79.8 9
    endloop
  endfacet
  facet normal -0 0 1
    outer loop
      vertex 96.0926 79.2 9
      vertex 97 76.8 9
      vertex 117 82.2 9
    endloop
  endfacet
  facet normal -0 0 1
    outer loop
      vertex 96 78.8 9
      vertex 97 76.8 9
      vertex 96.0926 79.2 9
    endloop
  endfacet
  facet normal -0 0 1
    outer loop
      vertex 96 77.8 9
      vertex 97 76.8 9
      vertex 96 78.8 9
    endloop
  endfacet
  facet normal 0 0 1
    outer loop
      vertex 97 76.8 9
      vertex 96 77.8 9
      vertex 96.7412 76.8341 9
    endloop
  endfacet
  facet normal 0 0 1
    outer loop
      vertex 96.7412 76.8341 9
      vertex 96 77.8 9
      vertex 96.5 76.934 9
    endloop
  endfacet
  facet normal -0 0 1
    outer loop
      vertex 75 82.2 9
      vertex 96.0926 79.2 9
      vertex 117 82.2 9
    endloop
  endfacet
  facet normal 0 0 1
    outer loop
      vertex 75 82.2 9
      vertex 75 79.2 9
      vertex 96.0926 79.2 9
    endloop
  endfacet
  facet normal 0 0 1
    outer loop
      vertex 74 81.2 9
      vertex 75 82.2 9
      vertex 74.7412 82.1659 9
    endloop
  endfacet
  facet normal 0 0 1
    outer loop
      vertex 75 82.2 9
      vertex 74 81.2 9
      vertex 75 79.2 9
    endloop
  endfacet
  facet normal 0 0 1
    outer loop
      vertex 74 81.2 9
      vertex 74.7412 82.1659 9
      vertex 74.5 82.066 9
    endloop
  endfacet
  facet normal -0 0 1
    outer loop
      vertex 74 80.2 9
      vertex 75 79.2 9
      vertex 74 81.2 9
    endloop
  endfacet
  facet normal 0 0 1
    outer loop
      vertex 74 81.2 9
      vertex 74.5 82.066 9
      vertex 74.2929 81.9071 9
    endloop
  endfacet
  facet normal 0 0 1
    outer loop
      vertex 75 79.2 9
      vertex 74 80.2 9
      vertex 74.7412 79.2341 9
    endloop
  endfacet
  facet normal 0 0 1
    outer loop
      vertex 74 81.2 9
      vertex 74.2929 81.9071 9
      vertex 74.134 81.7 9
    endloop
  endfacet
  facet normal 0 0 1
    outer loop
      vertex 74.7412 79.2341 9
      vertex 74 80.2 9
      vertex 74.5 79.334 9
    endloop
  endfacet
  facet normal 0 0 1
    outer loop
      vertex 74 81.2 9
      vertex 74.134 81.7 9
      vertex 74.0341 81.4588 9
    endloop
  endfacet
  facet normal 0 0 1
    outer loop
      vertex 74.5 79.334 9
      vertex 74 80.2 9
      vertex 74.2929 79.4929 9
    endloop
  endfacet
  facet normal 0 0 1
    outer loop
      vertex 74.2929 79.4929 9
      vertex 74 80.2 9
      vertex 74.134 79.7 9
    endloop
  endfacet
  facet normal 0 0 1
    outer loop
      vertex 74.134 79.7 9
      vertex 74 80.2 9
      vertex 74.0341 79.9412 9
    endloop
  endfacet
  facet normal 0 0 1
    outer loop
      vertex 96 78.8 9
      vertex 96.0926 79.2 9
      vertex 96.0341 79.0588 9
    endloop
  endfacet
  facet normal 0 0 1
    outer loop
      vertex 96.5 76.934 9
      vertex 96 77.8 9
      vertex 96.2929 77.0929 9
    endloop
  endfacet
  facet normal 0 0 1
    outer loop
      vertex 96.2929 77.0929 9
      vertex 96 77.8 9
      vertex 96.134 77.3 9
    endloop
  endfacet
  facet normal 0 0 1
    outer loop
      vertex 96.134 77.3 9
      vertex 96 77.8 9
      vertex 96.0341 77.5412 9
    endloop
  endfacet
  facet normal 0.382927 -0.923778 0
    outer loop
      vertex 126.259 76.8341 4
      vertex 126.5 76.934 9
      vertex 126.259 76.8341 9
    endloop
  endfacet
  facet normal 0.382927 -0.923778 0
    outer loop
      vertex 126.5 76.934 9
      vertex 126.259 76.8341 4
      vertex 126.5 76.934 4
    endloop
  endfacet
  facet normal 0.923755 -0.382983 0
    outer loop
      vertex 126.866 77.3 9
      vertex 126.966 77.5412 4
      vertex 126.966 77.5412 9
    endloop
  endfacet
  facet normal 0.923755 -0.382983 0
    outer loop
      vertex 126.966 77.5412 4
      vertex 126.866 77.3 9
      vertex 126.866 77.3 4
    endloop
  endfacet
  facet normal 0.99148 -0.130256 0
    outer loop
      vertex 126.966 77.5412 9
      vertex 127 77.8 4
      vertex 127 77.8 9
    endloop
  endfacet
  facet normal 0.99148 -0.130256 0
    outer loop
      vertex 127 77.8 4
      vertex 126.966 77.5412 9
      vertex 126.966 77.5412 4
    endloop
  endfacet
  facet normal 0.382927 0.923778 -0
    outer loop
      vertex 126.5 79.666 4
      vertex 126.259 79.7659 9
      vertex 126.5 79.666 9
    endloop
  endfacet
  facet normal 0.382927 0.923778 0
    outer loop
      vertex 126.259 79.7659 9
      vertex 126.5 79.666 4
      vertex 126.259 79.7659 4
    endloop
  endfacet
  facet normal 0.130534 0.991444 -0
    outer loop
      vertex 126.259 79.7659 4
      vertex 126 79.8 9
      vertex 126.259 79.7659 9
    endloop
  endfacet
  facet normal 0.130534 0.991444 0
    outer loop
      vertex 126 79.8 9
      vertex 126.259 79.7659 4
      vertex 126 79.8 4
    endloop
  endfacet
  facet normal -0.471329 0.881957 0
    outer loop
      vertex 86.9693 66.1955 3
      vertex 86.2777 65.8259 10.6
      vertex 86.9693 66.1955 10.6
    endloop
  endfacet
  facet normal -0.471329 0.881957 0
    outer loop
      vertex 86.2777 65.8259 10.6
      vertex 86.9693 66.1955 3
      vertex 86.2777 65.8259 3
    endloop
  endfacet
  facet normal 0.471329 0.881957 -0
    outer loop
      vertex 90.7223 65.8259 3
      vertex 90.0307 66.1955 10.6
      vertex 90.7223 65.8259 10.6
    endloop
  endfacet
  facet normal 0.471329 0.881957 0
    outer loop
      vertex 90.0307 66.1955 10.6
      vertex 90.7223 65.8259 3
      vertex 90.0307 66.1955 3
    endloop
  endfacet
  facet normal 0.956941 0.290283 0
    outer loop
      vertex 92.4231 63.2804 10.6
      vertex 92.1955 64.0307 3
      vertex 92.1955 64.0307 10.6
    endloop
  endfacet
  facet normal 0.956941 0.290283 0
    outer loop
      vertex 92.1955 64.0307 3
      vertex 92.4231 63.2804 10.6
      vertex 92.4231 63.2804 3
    endloop
  endfacet
  facet normal 0.99518 0.0980643 0
    outer loop
      vertex 92.5 62.5 10.6
      vertex 92.4231 63.2804 3
      vertex 92.4231 63.2804 10.6
    endloop
  endfacet
  facet normal 0.99518 0.0980643 0
    outer loop
      vertex 92.4231 63.2804 3
      vertex 92.5 62.5 10.6
      vertex 92.5 62.5 3
    endloop
  endfacet
  facet normal 0.881957 0.471329 0
    outer loop
      vertex 92.1955 64.0307 10.6
      vertex 91.8259 64.7223 3
      vertex 91.8259 64.7223 10.6
    endloop
  endfacet
  facet normal 0.881957 0.471329 0
    outer loop
      vertex 91.8259 64.7223 3
      vertex 92.1955 64.0307 10.6
      vertex 92.1955 64.0307 3
    endloop
  endfacet
  facet normal 0.0980643 0.99518 -0
    outer loop
      vertex 89.2804 66.4231 3
      vertex 88.5 66.5 10.6
      vertex 89.2804 66.4231 10.6
    endloop
  endfacet
  facet normal 0.0980643 0.99518 0
    outer loop
      vertex 88.5 66.5 10.6
      vertex 89.2804 66.4231 3
      vertex 88.5 66.5 3
    endloop
  endfacet
  facet normal 0.0980643 -0.99518 0
    outer loop
      vertex 88.5 58.5 3
      vertex 89.2804 58.5769 10.6
      vertex 88.5 58.5 10.6
    endloop
  endfacet
  facet normal 0.0980643 -0.99518 0
    outer loop
      vertex 89.2804 58.5769 10.6
      vertex 88.5 58.5 3
      vertex 89.2804 58.5769 3
    endloop
  endfacet
  facet normal 0.290283 0.956941 -0
    outer loop
      vertex 90.0307 66.1955 3
      vertex 89.2804 66.4231 10.6
      vertex 90.0307 66.1955 10.6
    endloop
  endfacet
  facet normal 0.290283 0.956941 0
    outer loop
      vertex 89.2804 66.4231 10.6
      vertex 90.0307 66.1955 3
      vertex 89.2804 66.4231 3
    endloop
  endfacet
  facet normal 0.634459 0.772956 -0
    outer loop
      vertex 91.3284 65.3284 3
      vertex 90.7223 65.8259 10.6
      vertex 91.3284 65.3284 10.6
    endloop
  endfacet
  facet normal 0.634459 0.772956 0
    outer loop
      vertex 90.7223 65.8259 10.6
      vertex 91.3284 65.3284 3
      vertex 90.7223 65.8259 3
    endloop
  endfacet
  facet normal 0.772956 -0.634459 0
    outer loop
      vertex 91.3284 59.6716 10.6
      vertex 91.8259 60.2777 3
      vertex 91.8259 60.2777 10.6
    endloop
  endfacet
  facet normal 0.772956 -0.634459 0
    outer loop
      vertex 91.8259 60.2777 3
      vertex 91.3284 59.6716 10.6
      vertex 91.3284 59.6716 3
    endloop
  endfacet
  facet normal -0.634459 0.772956 0
    outer loop
      vertex 86.2777 65.8259 3
      vertex 85.6716 65.3284 10.6
      vertex 86.2777 65.8259 10.6
    endloop
  endfacet
  facet normal -0.634459 0.772956 0
    outer loop
      vertex 85.6716 65.3284 10.6
      vertex 86.2777 65.8259 3
      vertex 85.6716 65.3284 3
    endloop
  endfacet
  facet normal 0.471329 -0.881957 0
    outer loop
      vertex 90.0307 58.8045 3
      vertex 90.7223 59.1741 10.6
      vertex 90.0307 58.8045 10.6
    endloop
  endfacet
  facet normal 0.471329 -0.881957 0
    outer loop
      vertex 90.7223 59.1741 10.6
      vertex 90.0307 58.8045 3
      vertex 90.7223 59.1741 3
    endloop
  endfacet
  facet normal -0.881957 -0.471329 0
    outer loop
      vertex 85.1741 60.2777 3
      vertex 84.8045 60.9693 10.6
      vertex 84.8045 60.9693 3
    endloop
  endfacet
  facet normal -0.881957 -0.471329 0
    outer loop
      vertex 84.8045 60.9693 10.6
      vertex 85.1741 60.2777 3
      vertex 85.1741 60.2777 10.6
    endloop
  endfacet
  facet normal 0.99518 -0.0980643 0
    outer loop
      vertex 92.4231 61.7196 10.6
      vertex 92.5 62.5 3
      vertex 92.5 62.5 10.6
    endloop
  endfacet
  facet normal 0.99518 -0.0980643 0
    outer loop
      vertex 92.5 62.5 3
      vertex 92.4231 61.7196 10.6
      vertex 92.4231 61.7196 3
    endloop
  endfacet
  facet normal -0.290283 0.956941 0
    outer loop
      vertex 87.7196 66.4231 3
      vertex 86.9693 66.1955 10.6
      vertex 87.7196 66.4231 10.6
    endloop
  endfacet
  facet normal -0.290283 0.956941 0
    outer loop
      vertex 86.9693 66.1955 10.6
      vertex 87.7196 66.4231 3
      vertex 86.9693 66.1955 3
    endloop
  endfacet
  facet normal -0.0980643 -0.99518 0
    outer loop
      vertex 87.7196 58.5769 3
      vertex 88.5 58.5 10.6
      vertex 87.7196 58.5769 10.6
    endloop
  endfacet
  facet normal -0.0980643 -0.99518 -0
    outer loop
      vertex 88.5 58.5 10.6
      vertex 87.7196 58.5769 3
      vertex 88.5 58.5 3
    endloop
  endfacet
  facet normal -0.881957 0.471329 0
    outer loop
      vertex 84.8045 64.0307 3
      vertex 85.1741 64.7223 10.6
      vertex 85.1741 64.7223 3
    endloop
  endfacet
  facet normal -0.881957 0.471329 0
    outer loop
      vertex 85.1741 64.7223 10.6
      vertex 84.8045 64.0307 3
      vertex 84.8045 64.0307 10.6
    endloop
  endfacet
  facet normal 0.290283 -0.956941 0
    outer loop
      vertex 89.2804 58.5769 3
      vertex 90.0307 58.8045 10.6
      vertex 89.2804 58.5769 10.6
    endloop
  endfacet
  facet normal 0.290283 -0.956941 0
    outer loop
      vertex 90.0307 58.8045 10.6
      vertex 89.2804 58.5769 3
      vertex 90.0307 58.8045 3
    endloop
  endfacet
  facet normal 0 0 1
    outer loop
      vertex 90.8 62.5 10.6
      vertex 92.5 62.5 10.6
      vertex 92.4231 63.2804 10.6
    endloop
  endfacet
  facet normal 0 0 1
    outer loop
      vertex 90.7216 63.0953 10.6
      vertex 92.4231 63.2804 10.6
      vertex 92.1955 64.0307 10.6
    endloop
  endfacet
  facet normal 0 0 1
    outer loop
      vertex 92.5 62.5 10.6
      vertex 90.8 62.5 10.6
      vertex 92.4231 61.7196 10.6
    endloop
  endfacet
  facet normal 0 0 1
    outer loop
      vertex 90.4919 63.65 10.6
      vertex 92.1955 64.0307 10.6
      vertex 91.8259 64.7223 10.6
    endloop
  endfacet
  facet normal -0 0 1
    outer loop
      vertex 90.7216 61.9047 10.6
      vertex 92.4231 61.7196 10.6
      vertex 90.8 62.5 10.6
    endloop
  endfacet
  facet normal 0 0 1
    outer loop
      vertex 90.1263 64.1263 10.6
      vertex 91.8259 64.7223 10.6
      vertex 91.3284 65.3284 10.6
    endloop
  endfacet
  facet normal 0 0 1
    outer loop
      vertex 92.4231 61.7196 10.6
      vertex 90.7216 61.9047 10.6
      vertex 92.1955 60.9693 10.6
    endloop
  endfacet
  facet normal -0 0 1
    outer loop
      vertex 90.4919 61.35 10.6
      vertex 92.1955 60.9693 10.6
      vertex 90.7216 61.9047 10.6
    endloop
  endfacet
  facet normal 0 0 1
    outer loop
      vertex 90.1263 64.1263 10.6
      vertex 91.3284 65.3284 10.6
      vertex 90.7223 65.8259 10.6
    endloop
  endfacet
  facet normal 0 0 1
    outer loop
      vertex 92.4231 63.2804 10.6
      vertex 90.7216 63.0953 10.6
      vertex 90.8 62.5 10.6
    endloop
  endfacet
  facet normal 0 0 1
    outer loop
      vertex 92.1955 64.0307 10.6
      vertex 90.4919 63.65 10.6
      vertex 90.7216 63.0953 10.6
    endloop
  endfacet
  facet normal 0 0 1
    outer loop
      vertex 91.8259 64.7223 10.6
      vertex 90.1263 64.1263 10.6
      vertex 90.4919 63.65 10.6
    endloop
  endfacet
  facet normal 0 0 1
    outer loop
      vertex 89.65 64.4919 10.6
      vertex 90.7223 65.8259 10.6
      vertex 90.0307 66.1955 10.6
    endloop
  endfacet
  facet normal 0 0 1
    outer loop
      vertex 90.7223 65.8259 10.6
      vertex 89.65 64.4919 10.6
      vertex 90.1263 64.1263 10.6
    endloop
  endfacet
  facet normal 0 0 1
    outer loop
      vertex 89.0953 64.7216 10.6
      vertex 90.0307 66.1955 10.6
      vertex 89.2804 66.4231 10.6
    endloop
  endfacet
  facet normal 0 0 1
    outer loop
      vertex 90.0307 66.1955 10.6
      vertex 89.0953 64.7216 10.6
      vertex 89.65 64.4919 10.6
    endloop
  endfacet
  facet normal 0 0 1
    outer loop
      vertex 88.5 64.8 10.6
      vertex 89.2804 66.4231 10.6
      vertex 88.5 66.5 10.6
    endloop
  endfacet
  facet normal 0 0 1
    outer loop
      vertex 89.2804 66.4231 10.6
      vertex 88.5 64.8 10.6
      vertex 89.0953 64.7216 10.6
    endloop
  endfacet
  facet normal -0 0 1
    outer loop
      vertex 87.7196 66.4231 10.6
      vertex 88.5 64.8 10.6
      vertex 88.5 66.5 10.6
    endloop
  endfacet
  facet normal 0 0 1
    outer loop
      vertex 88.5 64.8 10.6
      vertex 87.7196 66.4231 10.6
      vertex 87.9047 64.7216 10.6
    endloop
  endfacet
  facet normal -0 0 1
    outer loop
      vertex 86.9693 66.1955 10.6
      vertex 87.9047 64.7216 10.6
      vertex 87.7196 66.4231 10.6
    endloop
  endfacet
  facet normal 0 0 1
    outer loop
      vertex 87.9047 64.7216 10.6
      vertex 86.9693 66.1955 10.6
      vertex 87.35 64.4919 10.6
    endloop
  endfacet
  facet normal -0 0 1
    outer loop
      vertex 86.2777 65.8259 10.6
      vertex 87.35 64.4919 10.6
      vertex 86.9693 66.1955 10.6
    endloop
  endfacet
  facet normal 0 0 1
    outer loop
      vertex 87.35 64.4919 10.6
      vertex 86.2777 65.8259 10.6
      vertex 86.8737 64.1263 10.6
    endloop
  endfacet
  facet normal -0 0 1
    outer loop
      vertex 85.6716 65.3284 10.6
      vertex 86.8737 64.1263 10.6
      vertex 86.2777 65.8259 10.6
    endloop
  endfacet
  facet normal -0 0 1
    outer loop
      vertex 85.1741 64.7223 10.6
      vertex 86.8737 64.1263 10.6
      vertex 85.6716 65.3284 10.6
    endloop
  endfacet
  facet normal 0 0 1
    outer loop
      vertex 86.8737 64.1263 10.6
      vertex 85.1741 64.7223 10.6
      vertex 86.5081 63.65 10.6
    endloop
  endfacet
  facet normal -0 0 1
    outer loop
      vertex 84.8045 64.0307 10.6
      vertex 86.5081 63.65 10.6
      vertex 85.1741 64.7223 10.6
    endloop
  endfacet
  facet normal 0 0 1
    outer loop
      vertex 92.1955 60.9693 10.6
      vertex 90.4919 61.35 10.6
      vertex 91.8259 60.2777 10.6
    endloop
  endfacet
  facet normal -0 0 1
    outer loop
      vertex 90.1263 60.8737 10.6
      vertex 91.8259 60.2777 10.6
      vertex 90.4919 61.35 10.6
    endloop
  endfacet
  facet normal 0 0 1
    outer loop
      vertex 91.8259 60.2777 10.6
      vertex 90.1263 60.8737 10.6
      vertex 91.3284 59.6716 10.6
    endloop
  endfacet
  facet normal 0 0 1
    outer loop
      vertex 91.3284 59.6716 10.6
      vertex 90.1263 60.8737 10.6
      vertex 90.7223 59.1741 10.6
    endloop
  endfacet
  facet normal -0 0 1
    outer loop
      vertex 89.65 60.5081 10.6
      vertex 90.7223 59.1741 10.6
      vertex 90.1263 60.8737 10.6
    endloop
  endfacet
  facet normal 0 0 1
    outer loop
      vertex 90.7223 59.1741 10.6
      vertex 89.65 60.5081 10.6
      vertex 90.0307 58.8045 10.6
    endloop
  endfacet
  facet normal -0 0 1
    outer loop
      vertex 89.0953 60.2784 10.6
      vertex 90.0307 58.8045 10.6
      vertex 89.65 60.5081 10.6
    endloop
  endfacet
  facet normal 0 0 1
    outer loop
      vertex 90.0307 58.8045 10.6
      vertex 89.0953 60.2784 10.6
      vertex 89.2804 58.5769 10.6
    endloop
  endfacet
  facet normal -0 0 1
    outer loop
      vertex 88.5 60.2 10.6
      vertex 89.2804 58.5769 10.6
      vertex 89.0953 60.2784 10.6
    endloop
  endfacet
  facet normal 0 0 1
    outer loop
      vertex 88.5 60.2 10.6
      vertex 88.5 58.5 10.6
      vertex 89.2804 58.5769 10.6
    endloop
  endfacet
  facet normal 0 0 1
    outer loop
      vertex 87.7196 58.5769 10.6
      vertex 88.5 60.2 10.6
      vertex 87.9047 60.2784 10.6
    endloop
  endfacet
  facet normal 0 0 1
    outer loop
      vertex 88.5 60.2 10.6
      vertex 87.7196 58.5769 10.6
      vertex 88.5 58.5 10.6
    endloop
  endfacet
  facet normal 0 0 1
    outer loop
      vertex 86.9693 58.8045 10.6
      vertex 87.9047 60.2784 10.6
      vertex 87.35 60.5081 10.6
    endloop
  endfacet
  facet normal 0 0 1
    outer loop
      vertex 87.9047 60.2784 10.6
      vertex 86.9693 58.8045 10.6
      vertex 87.7196 58.5769 10.6
    endloop
  endfacet
  facet normal 0 0 1
    outer loop
      vertex 86.2777 59.1741 10.6
      vertex 87.35 60.5081 10.6
      vertex 86.8737 60.8737 10.6
    endloop
  endfacet
  facet normal 0 0 1
    outer loop
      vertex 85.1741 60.2777 10.6
      vertex 86.8737 60.8737 10.6
      vertex 86.5081 61.35 10.6
    endloop
  endfacet
  facet normal 0 0 1
    outer loop
      vertex 84.8045 60.9693 10.6
      vertex 86.5081 61.35 10.6
      vertex 86.2784 61.9047 10.6
    endloop
  endfacet
  facet normal 0 0 1
    outer loop
      vertex 87.35 60.5081 10.6
      vertex 86.2777 59.1741 10.6
      vertex 86.9693 58.8045 10.6
    endloop
  endfacet
  facet normal 0 0 1
    outer loop
      vertex 84.5769 61.7196 10.6
      vertex 86.2784 61.9047 10.6
      vertex 86.2 62.5 10.6
    endloop
  endfacet
  facet normal 0 0 1
    outer loop
      vertex 86.5081 63.65 10.6
      vertex 84.8045 64.0307 10.6
      vertex 86.2784 63.0953 10.6
    endloop
  endfacet
  facet normal 0 0 1
    outer loop
      vertex 86.8737 60.8737 10.6
      vertex 85.6716 59.6716 10.6
      vertex 86.2777 59.1741 10.6
    endloop
  endfacet
  facet normal -0 0 1
    outer loop
      vertex 84.5769 63.2804 10.6
      vertex 86.2784 63.0953 10.6
      vertex 84.8045 64.0307 10.6
    endloop
  endfacet
  facet normal 0 0 1
    outer loop
      vertex 86.8737 60.8737 10.6
      vertex 85.1741 60.2777 10.6
      vertex 85.6716 59.6716 10.6
    endloop
  endfacet
  facet normal 0 0 1
    outer loop
      vertex 86.2784 63.0953 10.6
      vertex 84.5769 63.2804 10.6
      vertex 86.2 62.5 10.6
    endloop
  endfacet
  facet normal 0 0 1
    outer loop
      vertex 86.5081 61.35 10.6
      vertex 84.8045 60.9693 10.6
      vertex 85.1741 60.2777 10.6
    endloop
  endfacet
  facet normal 0 0 1
    outer loop
      vertex 84.5 62.5 10.6
      vertex 86.2 62.5 10.6
      vertex 84.5769 63.2804 10.6
    endloop
  endfacet
  facet normal 0 0 1
    outer loop
      vertex 86.2784 61.9047 10.6
      vertex 84.5769 61.7196 10.6
      vertex 84.8045 60.9693 10.6
    endloop
  endfacet
  facet normal 0 0 1
    outer loop
      vertex 86.2 62.5 10.6
      vertex 84.5 62.5 10.6
      vertex 84.5769 61.7196 10.6
    endloop
  endfacet
  facet normal -0.290283 -0.956941 0
    outer loop
      vertex 86.9693 58.8045 3
      vertex 87.7196 58.5769 10.6
      vertex 86.9693 58.8045 10.6
    endloop
  endfacet
  facet normal -0.290283 -0.956941 -0
    outer loop
      vertex 87.7196 58.5769 10.6
      vertex 86.9693 58.8045 3
      vertex 87.7196 58.5769 3
    endloop
  endfacet
  facet normal 0.956941 -0.290283 0
    outer loop
      vertex 92.1955 60.9693 10.6
      vertex 92.4231 61.7196 3
      vertex 92.4231 61.7196 10.6
    endloop
  endfacet
  facet normal 0.956941 -0.290283 0
    outer loop
      vertex 92.4231 61.7196 3
      vertex 92.1955 60.9693 10.6
      vertex 92.1955 60.9693 3
    endloop
  endfacet
  facet normal 0.772956 0.634459 0
    outer loop
      vertex 91.8259 64.7223 10.6
      vertex 91.3284 65.3284 3
      vertex 91.3284 65.3284 10.6
    endloop
  endfacet
  facet normal 0.772956 0.634459 0
    outer loop
      vertex 91.3284 65.3284 3
      vertex 91.8259 64.7223 10.6
      vertex 91.8259 64.7223 3
    endloop
  endfacet
  facet normal -0.99518 0.0980643 0
    outer loop
      vertex 84.5 62.5 3
      vertex 84.5769 63.2804 10.6
      vertex 84.5769 63.2804 3
    endloop
  endfacet
  facet normal -0.99518 0.0980643 0
    outer loop
      vertex 84.5769 63.2804 10.6
      vertex 84.5 62.5 3
      vertex 84.5 62.5 10.6
    endloop
  endfacet
  facet normal 0.634459 -0.772956 0
    outer loop
      vertex 90.7223 59.1741 3
      vertex 91.3284 59.6716 10.6
      vertex 90.7223 59.1741 10.6
    endloop
  endfacet
  facet normal 0.634459 -0.772956 0
    outer loop
      vertex 91.3284 59.6716 10.6
      vertex 90.7223 59.1741 3
      vertex 91.3284 59.6716 3
    endloop
  endfacet
  facet normal -0.634459 -0.772956 0
    outer loop
      vertex 85.6716 59.6716 3
      vertex 86.2777 59.1741 10.6
      vertex 85.6716 59.6716 10.6
    endloop
  endfacet
  facet normal -0.634459 -0.772956 -0
    outer loop
      vertex 86.2777 59.1741 10.6
      vertex 85.6716 59.6716 3
      vertex 86.2777 59.1741 3
    endloop
  endfacet
  facet normal -0.0980643 0.99518 0
    outer loop
      vertex 88.5 66.5 3
      vertex 87.7196 66.4231 10.6
      vertex 88.5 66.5 10.6
    endloop
  endfacet
  facet normal -0.0980643 0.99518 0
    outer loop
      vertex 87.7196 66.4231 10.6
      vertex 88.5 66.5 3
      vertex 87.7196 66.4231 3
    endloop
  endfacet
  facet normal 0.881957 -0.471329 0
    outer loop
      vertex 91.8259 60.2777 10.6
      vertex 92.1955 60.9693 3
      vertex 92.1955 60.9693 10.6
    endloop
  endfacet
  facet normal 0.881957 -0.471329 0
    outer loop
      vertex 92.1955 60.9693 3
      vertex 91.8259 60.2777 10.6
      vertex 91.8259 60.2777 3
    endloop
  endfacet
  facet normal -0.956941 -0.290283 0
    outer loop
      vertex 84.8045 60.9693 3
      vertex 84.5769 61.7196 10.6
      vertex 84.5769 61.7196 3
    endloop
  endfacet
  facet normal -0.956941 -0.290283 0
    outer loop
      vertex 84.5769 61.7196 10.6
      vertex 84.8045 60.9693 3
      vertex 84.8045 60.9693 10.6
    endloop
  endfacet
  facet normal -0.99518 -0.0980643 0
    outer loop
      vertex 84.5769 61.7196 3
      vertex 84.5 62.5 10.6
      vertex 84.5 62.5 3
    endloop
  endfacet
  facet normal -0.99518 -0.0980643 0
    outer loop
      vertex 84.5 62.5 10.6
      vertex 84.5769 61.7196 3
      vertex 84.5769 61.7196 10.6
    endloop
  endfacet
  facet normal -0.772956 -0.634459 0
    outer loop
      vertex 85.6716 59.6716 3
      vertex 85.1741 60.2777 10.6
      vertex 85.1741 60.2777 3
    endloop
  endfacet
  facet normal -0.772956 -0.634459 0
    outer loop
      vertex 85.1741 60.2777 10.6
      vertex 85.6716 59.6716 3
      vertex 85.6716 59.6716 10.6
    endloop
  endfacet
  facet normal -0.772956 0.634459 0
    outer loop
      vertex 85.1741 64.7223 3
      vertex 85.6716 65.3284 10.6
      vertex 85.6716 65.3284 3
    endloop
  endfacet
  facet normal -0.772956 0.634459 0
    outer loop
      vertex 85.6716 65.3284 10.6
      vertex 85.1741 64.7223 3
      vertex 85.1741 64.7223 10.6
    endloop
  endfacet
  facet normal -0.956941 0.290283 0
    outer loop
      vertex 84.5769 63.2804 3
      vertex 84.8045 64.0307 10.6
      vertex 84.8045 64.0307 3
    endloop
  endfacet
  facet normal -0.956941 0.290283 0
    outer loop
      vertex 84.8045 64.0307 10.6
      vertex 84.5769 63.2804 3
      vertex 84.5769 63.2804 10.6
    endloop
  endfacet
  facet normal -0.471329 -0.881957 0
    outer loop
      vertex 86.2777 59.1741 3
      vertex 86.9693 58.8045 10.6
      vertex 86.2777 59.1741 10.6
    endloop
  endfacet
  facet normal -0.471329 -0.881957 -0
    outer loop
      vertex 86.9693 58.8045 10.6
      vertex 86.2777 59.1741 3
      vertex 86.9693 58.8045 3
    endloop
  endfacet
  facet normal -0.923917 -0.382592 0
    outer loop
      vertex 90.7216 63.0953 4.11
      vertex 90.4919 63.65 10.6
      vertex 90.4919 63.65 4.11
    endloop
  endfacet
  facet normal -0.923917 -0.382592 0
    outer loop
      vertex 90.4919 63.65 10.6
      vertex 90.7216 63.0953 4.11
      vertex 90.7216 63.0953 10.6
    endloop
  endfacet
  facet normal -0.991439 -0.130571 0
    outer loop
      vertex 90.8 62.5 4.11
      vertex 90.7216 63.0953 10.6
      vertex 90.7216 63.0953 4.11
    endloop
  endfacet
  facet normal -0.991439 -0.130571 0
    outer loop
      vertex 90.7216 63.0953 10.6
      vertex 90.8 62.5 4.11
      vertex 90.8 62.5 10.6
    endloop
  endfacet
  facet normal -0.991439 0.130571 0
    outer loop
      vertex 90.7216 61.9047 4.11
      vertex 90.8 62.5 10.6
      vertex 90.8 62.5 4.11
    endloop
  endfacet
  facet normal -0.991439 0.130571 0
    outer loop
      vertex 90.8 62.5 10.6
      vertex 90.7216 61.9047 4.11
      vertex 90.7216 61.9047 10.6
    endloop
  endfacet
  facet normal -0.382592 0.923917 0
    outer loop
      vertex 89.65 60.5081 4.11
      vertex 89.0953 60.2784 10.6
      vertex 89.65 60.5081 10.6
    endloop
  endfacet
  facet normal -0.382592 0.923917 0
    outer loop
      vertex 89.0953 60.2784 10.6
      vertex 89.65 60.5081 4.11
      vertex 89.0953 60.2784 4.11
    endloop
  endfacet
  facet normal 0 0 1
    outer loop
      vertex 90.7216 63.0953 4.11
      vertex 90.7216 61.9047 4.11
      vertex 90.8 62.5 4.11
    endloop
  endfacet
  facet normal 0 0 1
    outer loop
      vertex 90.4919 63.65 4.11
      vertex 90.7216 61.9047 4.11
      vertex 90.7216 63.0953 4.11
    endloop
  endfacet
  facet normal 0 0 1
    outer loop
      vertex 90.4919 63.65 4.11
      vertex 90.4919 61.35 4.11
      vertex 90.7216 61.9047 4.11
    endloop
  endfacet
  facet normal 0 0 1
    outer loop
      vertex 90.1263 64.1263 4.11
      vertex 90.4919 61.35 4.11
      vertex 90.4919 63.65 4.11
    endloop
  endfacet
  facet normal 0 0 1
    outer loop
      vertex 90.1263 64.1263 4.11
      vertex 90.1263 60.8737 4.11
      vertex 90.4919 61.35 4.11
    endloop
  endfacet
  facet normal 0 0 1
    outer loop
      vertex 89.65 64.4919 4.11
      vertex 90.1263 60.8737 4.11
      vertex 90.1263 64.1263 4.11
    endloop
  endfacet
  facet normal 0 0 1
    outer loop
      vertex 89.65 64.4919 4.11
      vertex 89.65 60.5081 4.11
      vertex 90.1263 60.8737 4.11
    endloop
  endfacet
  facet normal 0 0 1
    outer loop
      vertex 89.0953 64.7216 4.11
      vertex 89.65 60.5081 4.11
      vertex 89.65 64.4919 4.11
    endloop
  endfacet
  facet normal 0 0 1
    outer loop
      vertex 89.0953 64.7216 4.11
      vertex 89.0953 60.2784 4.11
      vertex 89.65 60.5081 4.11
    endloop
  endfacet
  facet normal 0 0 1
    outer loop
      vertex 88.5 64.8 4.11
      vertex 89.0953 60.2784 4.11
      vertex 89.0953 64.7216 4.11
    endloop
  endfacet
  facet normal 0 0 1
    outer loop
      vertex 88.5 64.8 4.11
      vertex 88.5 60.2 4.11
      vertex 89.0953 60.2784 4.11
    endloop
  endfacet
  facet normal -0 0 1
    outer loop
      vertex 87.9047 64.7216 4.11
      vertex 88.5 60.2 4.11
      vertex 88.5 64.8 4.11
    endloop
  endfacet
  facet normal 0 0 1
    outer loop
      vertex 87.9047 64.7216 4.11
      vertex 87.9047 60.2784 4.11
      vertex 88.5 60.2 4.11
    endloop
  endfacet
  facet normal -0 0 1
    outer loop
      vertex 87.35 64.4919 4.11
      vertex 87.9047 60.2784 4.11
      vertex 87.9047 64.7216 4.11
    endloop
  endfacet
  facet normal 0 0 1
    outer loop
      vertex 87.35 64.4919 4.11
      vertex 87.35 60.5081 4.11
      vertex 87.9047 60.2784 4.11
    endloop
  endfacet
  facet normal -0 0 1
    outer loop
      vertex 86.8737 64.1263 4.11
      vertex 87.35 60.5081 4.11
      vertex 87.35 64.4919 4.11
    endloop
  endfacet
  facet normal 0 0 1
    outer loop
      vertex 86.8737 64.1263 4.11
      vertex 86.8737 60.8737 4.11
      vertex 87.35 60.5081 4.11
    endloop
  endfacet
  facet normal -0 0 1
    outer loop
      vertex 86.5081 63.65 4.11
      vertex 86.8737 60.8737 4.11
      vertex 86.8737 64.1263 4.11
    endloop
  endfacet
  facet normal 0 0 1
    outer loop
      vertex 86.5081 63.65 4.11
      vertex 86.5081 61.35 4.11
      vertex 86.8737 60.8737 4.11
    endloop
  endfacet
  facet normal -0 0 1
    outer loop
      vertex 86.2784 63.0953 4.11
      vertex 86.5081 61.35 4.11
      vertex 86.5081 63.65 4.11
    endloop
  endfacet
  facet normal 0 0 1
    outer loop
      vertex 86.2784 63.0953 4.11
      vertex 86.2784 61.9047 4.11
      vertex 86.5081 61.35 4.11
    endloop
  endfacet
  facet normal 0 -0 1
    outer loop
      vertex 86.2784 61.9047 4.11
      vertex 86.2784 63.0953 4.11
      vertex 86.2 62.5 4.11
    endloop
  endfacet
  facet normal 0.793255 0.608889 0
    outer loop
      vertex 86.8737 60.8737 10.6
      vertex 86.5081 61.35 4.11
      vertex 86.5081 61.35 10.6
    endloop
  endfacet
  facet normal 0.793255 0.608889 0
    outer loop
      vertex 86.5081 61.35 4.11
      vertex 86.8737 60.8737 10.6
      vertex 86.8737 60.8737 4.11
    endloop
  endfacet
  facet normal 0.793255 -0.608889 0
    outer loop
      vertex 86.5081 63.65 10.6
      vertex 86.8737 64.1263 4.11
      vertex 86.8737 64.1263 10.6
    endloop
  endfacet
  facet normal 0.793255 -0.608889 0
    outer loop
      vertex 86.8737 64.1263 4.11
      vertex 86.5081 63.65 10.6
      vertex 86.5081 63.65 4.11
    endloop
  endfacet
  facet normal 0.608889 -0.793255 0
    outer loop
      vertex 86.8737 64.1263 4.11
      vertex 87.35 64.4919 10.6
      vertex 86.8737 64.1263 10.6
    endloop
  endfacet
  facet normal 0.608889 -0.793255 0
    outer loop
      vertex 87.35 64.4919 10.6
      vertex 86.8737 64.1263 4.11
      vertex 87.35 64.4919 4.11
    endloop
  endfacet
  facet normal -0.130571 0.991439 0
    outer loop
      vertex 89.0953 60.2784 4.11
      vertex 88.5 60.2 10.6
      vertex 89.0953 60.2784 10.6
    endloop
  endfacet
  facet normal -0.130571 0.991439 0
    outer loop
      vertex 88.5 60.2 10.6
      vertex 89.0953 60.2784 4.11
      vertex 88.5 60.2 4.11
    endloop
  endfacet
  facet normal 0.130571 -0.991439 0
    outer loop
      vertex 87.9047 64.7216 4.11
      vertex 88.5 64.8 10.6
      vertex 87.9047 64.7216 10.6
    endloop
  endfacet
  facet normal 0.130571 -0.991439 0
    outer loop
      vertex 88.5 64.8 10.6
      vertex 87.9047 64.7216 4.11
      vertex 88.5 64.8 4.11
    endloop
  endfacet
  facet normal -0.382592 -0.923917 0
    outer loop
      vertex 89.0953 64.7216 4.11
      vertex 89.65 64.4919 10.6
      vertex 89.0953 64.7216 10.6
    endloop
  endfacet
  facet normal -0.382592 -0.923917 -0
    outer loop
      vertex 89.65 64.4919 10.6
      vertex 89.0953 64.7216 4.11
      vertex 89.65 64.4919 4.11
    endloop
  endfacet
  facet normal -0.793255 0.608889 0
    outer loop
      vertex 90.1263 60.8737 4.11
      vertex 90.4919 61.35 10.6
      vertex 90.4919 61.35 4.11
    endloop
  endfacet
  facet normal -0.793255 0.608889 0
    outer loop
      vertex 90.4919 61.35 10.6
      vertex 90.1263 60.8737 4.11
      vertex 90.1263 60.8737 10.6
    endloop
  endfacet
  facet normal -0.923917 0.382592 0
    outer loop
      vertex 90.4919 61.35 4.11
      vertex 90.7216 61.9047 10.6
      vertex 90.7216 61.9047 4.11
    endloop
  endfacet
  facet normal -0.923917 0.382592 0
    outer loop
      vertex 90.7216 61.9047 10.6
      vertex 90.4919 61.35 4.11
      vertex 90.4919 61.35 10.6
    endloop
  endfacet
  facet normal -0.608889 0.793255 0
    outer loop
      vertex 90.1263 60.8737 4.11
      vertex 89.65 60.5081 10.6
      vertex 90.1263 60.8737 10.6
    endloop
  endfacet
  facet normal -0.608889 0.793255 0
    outer loop
      vertex 89.65 60.5081 10.6
      vertex 90.1263 60.8737 4.11
      vertex 89.65 60.5081 4.11
    endloop
  endfacet
  facet normal 0.991439 -0.130571 0
    outer loop
      vertex 86.2 62.5 10.6
      vertex 86.2784 63.0953 4.11
      vertex 86.2784 63.0953 10.6
    endloop
  endfacet
  facet normal 0.991439 -0.130571 0
    outer loop
      vertex 86.2784 63.0953 4.11
      vertex 86.2 62.5 10.6
      vertex 86.2 62.5 4.11
    endloop
  endfacet
  facet normal 0.382592 -0.923917 0
    outer loop
      vertex 87.35 64.4919 4.11
      vertex 87.9047 64.7216 10.6
      vertex 87.35 64.4919 10.6
    endloop
  endfacet
  facet normal 0.382592 -0.923917 0
    outer loop
      vertex 87.9047 64.7216 10.6
      vertex 87.35 64.4919 4.11
      vertex 87.9047 64.7216 4.11
    endloop
  endfacet
  facet normal 0.923917 -0.382592 0
    outer loop
      vertex 86.2784 63.0953 10.6
      vertex 86.5081 63.65 4.11
      vertex 86.5081 63.65 10.6
    endloop
  endfacet
  facet normal 0.923917 -0.382592 0
    outer loop
      vertex 86.5081 63.65 4.11
      vertex 86.2784 63.0953 10.6
      vertex 86.2784 63.0953 4.11
    endloop
  endfacet
  facet normal 0.923917 0.382592 0
    outer loop
      vertex 86.5081 61.35 10.6
      vertex 86.2784 61.9047 4.11
      vertex 86.2784 61.9047 10.6
    endloop
  endfacet
  facet normal 0.923917 0.382592 0
    outer loop
      vertex 86.2784 61.9047 4.11
      vertex 86.5081 61.35 10.6
      vertex 86.5081 61.35 4.11
    endloop
  endfacet
  facet normal 0.130571 0.991439 -0
    outer loop
      vertex 88.5 60.2 4.11
      vertex 87.9047 60.2784 10.6
      vertex 88.5 60.2 10.6
    endloop
  endfacet
  facet normal 0.130571 0.991439 0
    outer loop
      vertex 87.9047 60.2784 10.6
      vertex 88.5 60.2 4.11
      vertex 87.9047 60.2784 4.11
    endloop
  endfacet
  facet normal -0.608889 -0.793255 0
    outer loop
      vertex 89.65 64.4919 4.11
      vertex 90.1263 64.1263 10.6
      vertex 89.65 64.4919 10.6
    endloop
  endfacet
  facet normal -0.608889 -0.793255 -0
    outer loop
      vertex 90.1263 64.1263 10.6
      vertex 89.65 64.4919 4.11
      vertex 90.1263 64.1263 4.11
    endloop
  endfacet
  facet normal -0.793255 -0.608889 0
    outer loop
      vertex 90.4919 63.65 4.11
      vertex 90.1263 64.1263 10.6
      vertex 90.1263 64.1263 4.11
    endloop
  endfacet
  facet normal -0.793255 -0.608889 0
    outer loop
      vertex 90.1263 64.1263 10.6
      vertex 90.4919 63.65 4.11
      vertex 90.4919 63.65 10.6
    endloop
  endfacet
  facet normal -0.130571 -0.991439 0
    outer loop
      vertex 88.5 64.8 4.11
      vertex 89.0953 64.7216 10.6
      vertex 88.5 64.8 10.6
    endloop
  endfacet
  facet normal -0.130571 -0.991439 -0
    outer loop
      vertex 89.0953 64.7216 10.6
      vertex 88.5 64.8 4.11
      vertex 89.0953 64.7216 4.11
    endloop
  endfacet
  facet normal 0.608889 0.793255 -0
    outer loop
      vertex 87.35 60.5081 4.11
      vertex 86.8737 60.8737 10.6
      vertex 87.35 60.5081 10.6
    endloop
  endfacet
  facet normal 0.608889 0.793255 0
    outer loop
      vertex 86.8737 60.8737 10.6
      vertex 87.35 60.5081 4.11
      vertex 86.8737 60.8737 4.11
    endloop
  endfacet
  facet normal 0.991439 0.130571 0
    outer loop
      vertex 86.2784 61.9047 10.6
      vertex 86.2 62.5 4.11
      vertex 86.2 62.5 10.6
    endloop
  endfacet
  facet normal 0.991439 0.130571 0
    outer loop
      vertex 86.2 62.5 4.11
      vertex 86.2784 61.9047 10.6
      vertex 86.2784 61.9047 4.11
    endloop
  endfacet
  facet normal 0.382592 0.923917 -0
    outer loop
      vertex 87.9047 60.2784 4.11
      vertex 87.35 60.5081 10.6
      vertex 87.9047 60.2784 10.6
    endloop
  endfacet
  facet normal 0.382592 0.923917 0
    outer loop
      vertex 87.35 60.5081 10.6
      vertex 87.9047 60.2784 4.11
      vertex 87.35 60.5081 4.11
    endloop
  endfacet
  facet normal -0.471648 0.881787 0
    outer loop
      vertex 131.969 66.1955 3
      vertex 131.278 65.8259 10.6
      vertex 131.969 66.1955 10.6
    endloop
  endfacet
  facet normal -0.471648 0.881787 0
    outer loop
      vertex 131.278 65.8259 10.6
      vertex 131.969 66.1955 3
      vertex 131.278 65.8259 3
    endloop
  endfacet
  facet normal 0.471648 0.881787 -0
    outer loop
      vertex 135.722 65.8259 5.2
      vertex 135.031 66.1955 10.6
      vertex 135.722 65.8259 10.6
    endloop
  endfacet
  facet normal 0.471648 0.881787 0
    outer loop
      vertex 135.031 66.1955 10.6
      vertex 135.722 65.8259 5.2
      vertex 135.031 66.1955 5.2
    endloop
  endfacet
  facet normal 0.957153 0.289582 0
    outer loop
      vertex 137.423 63.2804 10.6
      vertex 137.196 64.0307 5.2
      vertex 137.196 64.0307 10.6
    endloop
  endfacet
  facet normal 0.957153 0.289582 0
    outer loop
      vertex 137.196 64.0307 5.2
      vertex 137.423 63.2804 10.6
      vertex 137.423 63.2804 5.2
    endloop
  endfacet
  facet normal 0.995168 0.0981906 0
    outer loop
      vertex 137.5 62.5 10.6
      vertex 137.423 63.2804 5.2
      vertex 137.423 63.2804 10.6
    endloop
  endfacet
  facet normal 0.995168 0.0981906 0
    outer loop
      vertex 137.423 63.2804 5.2
      vertex 137.5 62.5 10.6
      vertex 137.5 62.5 5.2
    endloop
  endfacet
  facet normal 0.881745 0.471726 0
    outer loop
      vertex 137.196 64.0307 10.6
      vertex 136.826 64.7223 5.2
      vertex 136.826 64.7223 10.6
    endloop
  endfacet
  facet normal 0.881745 0.471726 0
    outer loop
      vertex 136.826 64.7223 5.2
      vertex 137.196 64.0307 10.6
      vertex 137.196 64.0307 5.2
    endloop
  endfacet
  facet normal 0.0981141 0.995175 -0
    outer loop
      vertex 134.28 66.4231 4
      vertex 133.5 66.5 10.6
      vertex 134.28 66.4231 10.6
    endloop
  endfacet
  facet normal 0.0981141 0.995175 0
    outer loop
      vertex 133.5 66.5 10.6
      vertex 134.28 66.4231 4
      vertex 133.5 66.5 4
    endloop
  endfacet
  facet normal 0.0981141 -0.995175 0
    outer loop
      vertex 133.5 58.5 4
      vertex 134.28 58.5769 10.6
      vertex 133.5 58.5 10.6
    endloop
  endfacet
  facet normal 0.0981141 -0.995175 0
    outer loop
      vertex 134.28 58.5769 10.6
      vertex 133.5 58.5 4
      vertex 134.28 58.5769 4
    endloop
  endfacet
  facet normal 0.290157 0.956979 0
    outer loop
      vertex 134.5 66.3565 5.2
      vertex 135.031 66.1955 10.6
      vertex 135.031 66.1955 5.2
    endloop
  endfacet
  facet normal 0.290036 0.957016 1.30736e-05
    outer loop
      vertex 135.031 66.1955 10.6
      vertex 134.5 66.3565 5.2
      vertex 134.28 66.4231 10.6
    endloop
  endfacet
  facet normal 0.289742 0.957105 0
    outer loop
      vertex 134.28 66.4231 4
      vertex 134.5 66.3565 5.2
      vertex 134.5 66.3565 4
    endloop
  endfacet
  facet normal 0.289742 0.957105 0
    outer loop
      vertex 134.5 66.3565 5.2
      vertex 134.28 66.4231 4
      vertex 134.28 66.4231 10.6
    endloop
  endfacet
  facet normal 0.634522 0.772905 -0
    outer loop
      vertex 136.328 65.3284 5.2
      vertex 135.722 65.8259 10.6
      vertex 136.328 65.3284 10.6
    endloop
  endfacet
  facet normal 0.634522 0.772905 0
    outer loop
      vertex 135.722 65.8259 10.6
      vertex 136.328 65.3284 5.2
      vertex 135.722 65.8259 5.2
    endloop
  endfacet
  facet normal 0.772644 -0.63484 0
    outer loop
      vertex 136.328 59.6716 10.6
      vertex 136.826 60.2777 5.2
      vertex 136.826 60.2777 10.6
    endloop
  endfacet
  facet normal 0.772644 -0.63484 0
    outer loop
      vertex 136.826 60.2777 5.2
      vertex 136.328 59.6716 10.6
      vertex 136.328 59.6716 5.2
    endloop
  endfacet
  facet normal -0.634522 0.772905 0
    outer loop
      vertex 131.278 65.8259 3
      vertex 130.672 65.3284 10.6
      vertex 131.278 65.8259 10.6
    endloop
  endfacet
  facet normal -0.634522 0.772905 0
    outer loop
      vertex 130.672 65.3284 10.6
      vertex 131.278 65.8259 3
      vertex 130.672 65.3284 3
    endloop
  endfacet
  facet normal 0.471648 -0.881787 0
    outer loop
      vertex 135.031 58.8045 5.2
      vertex 135.722 59.1741 10.6
      vertex 135.031 58.8045 10.6
    endloop
  endfacet
  facet normal 0.471648 -0.881787 0
    outer loop
      vertex 135.722 59.1741 10.6
      vertex 135.031 58.8045 5.2
      vertex 135.722 59.1741 5.2
    endloop
  endfacet
  facet normal -0.881745 -0.471726 0
    outer loop
      vertex 130.174 60.2777 3
      vertex 129.804 60.9693 10.6
      vertex 129.804 60.9693 3
    endloop
  endfacet
  facet normal -0.881745 -0.471726 0
    outer loop
      vertex 129.804 60.9693 10.6
      vertex 130.174 60.2777 3
      vertex 130.174 60.2777 10.6
    endloop
  endfacet
  facet normal 0.995168 -0.0981906 0
    outer loop
      vertex 137.423 61.7196 10.6
      vertex 137.5 62.5 5.2
      vertex 137.5 62.5 10.6
    endloop
  endfacet
  facet normal 0.995168 -0.0981906 0
    outer loop
      vertex 137.5 62.5 5.2
      vertex 137.423 61.7196 10.6
      vertex 137.423 61.7196 5.2
    endloop
  endfacet
  facet normal -0.290036 0.957016 0
    outer loop
      vertex 132.72 66.4231 3
      vertex 131.969 66.1955 10.6
      vertex 132.72 66.4231 10.6
    endloop
  endfacet
  facet normal -0.290036 0.957016 0
    outer loop
      vertex 131.969 66.1955 10.6
      vertex 132.72 66.4231 3
      vertex 131.969 66.1955 3
    endloop
  endfacet
  facet normal -0.0981141 -0.995175 1.43052e-05
    outer loop
      vertex 132.72 58.5769 10.6
      vertex 133 58.5492 4
      vertex 133.5 58.5 10.6
    endloop
  endfacet
  facet normal -0.098448 -0.995142 0
    outer loop
      vertex 132.72 58.5769 3
      vertex 133 58.5492 4
      vertex 132.72 58.5769 10.6
    endloop
  endfacet
  facet normal -0.098448 -0.995142 -0
    outer loop
      vertex 133 58.5492 4
      vertex 132.72 58.5769 3
      vertex 133 58.5492 3
    endloop
  endfacet
  facet normal -0.097927 -0.995194 -0
    outer loop
      vertex 133.5 58.5 10.6
      vertex 133 58.5492 4
      vertex 133.5 58.5 4
    endloop
  endfacet
  facet normal -0.881745 0.471726 0
    outer loop
      vertex 129.804 64.0307 3
      vertex 130.174 64.7223 10.6
      vertex 130.174 64.7223 3
    endloop
  endfacet
  facet normal -0.881745 0.471726 0
    outer loop
      vertex 130.174 64.7223 10.6
      vertex 129.804 64.0307 3
      vertex 129.804 64.0307 10.6
    endloop
  endfacet
  facet normal 0.290036 -0.957016 1.30736e-05
    outer loop
      vertex 134.28 58.5769 10.6
      vertex 134.5 58.6435 5.2
      vertex 135.031 58.8045 10.6
    endloop
  endfacet
  facet normal 0.289742 -0.957105 0
    outer loop
      vertex 134.28 58.5769 4
      vertex 134.5 58.6435 5.2
      vertex 134.28 58.5769 10.6
    endloop
  endfacet
  facet normal 0.289742 -0.957105 0
    outer loop
      vertex 134.5 58.6435 5.2
      vertex 134.28 58.5769 4
      vertex 134.5 58.6435 4
    endloop
  endfacet
  facet normal 0.290157 -0.956979 0
    outer loop
      vertex 135.031 58.8045 10.6
      vertex 134.5 58.6435 5.2
      vertex 135.031 58.8045 5.2
    endloop
  endfacet
  facet normal 0 0 1
    outer loop
      vertex 135.8 62.5 10.6
      vertex 137.5 62.5 10.6
      vertex 137.423 63.2804 10.6
    endloop
  endfacet
  facet normal 0 0 1
    outer loop
      vertex 135.722 63.0953 10.6
      vertex 137.423 63.2804 10.6
      vertex 137.196 64.0307 10.6
    endloop
  endfacet
  facet normal 0 0 1
    outer loop
      vertex 137.5 62.5 10.6
      vertex 135.8 62.5 10.6
      vertex 137.423 61.7196 10.6
    endloop
  endfacet
  facet normal 0 0 1
    outer loop
      vertex 135.492 63.65 10.6
      vertex 137.196 64.0307 10.6
      vertex 136.826 64.7223 10.6
    endloop
  endfacet
  facet normal -0 0 1
    outer loop
      vertex 135.722 61.9047 10.6
      vertex 137.423 61.7196 10.6
      vertex 135.8 62.5 10.6
    endloop
  endfacet
  facet normal 0 0 1
    outer loop
      vertex 135.126 64.1263 10.6
      vertex 136.826 64.7223 10.6
      vertex 136.328 65.3284 10.6
    endloop
  endfacet
  facet normal 0 0 1
    outer loop
      vertex 137.423 61.7196 10.6
      vertex 135.722 61.9047 10.6
      vertex 137.196 60.9693 10.6
    endloop
  endfacet
  facet normal -0 0 1
    outer loop
      vertex 135.492 61.35 10.6
      vertex 137.196 60.9693 10.6
      vertex 135.722 61.9047 10.6
    endloop
  endfacet
  facet normal 0 0 1
    outer loop
      vertex 135.126 64.1263 10.6
      vertex 136.328 65.3284 10.6
      vertex 135.722 65.8259 10.6
    endloop
  endfacet
  facet normal 0 0 1
    outer loop
      vertex 137.423 63.2804 10.6
      vertex 135.722 63.0953 10.6
      vertex 135.8 62.5 10.6
    endloop
  endfacet
  facet normal 0 0 1
    outer loop
      vertex 137.196 64.0307 10.6
      vertex 135.492 63.65 10.6
      vertex 135.722 63.0953 10.6
    endloop
  endfacet
  facet normal 0 0 1
    outer loop
      vertex 136.826 64.7223 10.6
      vertex 135.126 64.1263 10.6
      vertex 135.492 63.65 10.6
    endloop
  endfacet
  facet normal 0 0 1
    outer loop
      vertex 134.65 64.4919 10.6
      vertex 135.722 65.8259 10.6
      vertex 135.031 66.1955 10.6
    endloop
  endfacet
  facet normal 0 0 1
    outer loop
      vertex 135.722 65.8259 10.6
      vertex 134.65 64.4919 10.6
      vertex 135.126 64.1263 10.6
    endloop
  endfacet
  facet normal 0 0 1
    outer loop
      vertex 134.095 64.7216 10.6
      vertex 135.031 66.1955 10.6
      vertex 134.28 66.4231 10.6
    endloop
  endfacet
  facet normal 0 0 1
    outer loop
      vertex 135.031 66.1955 10.6
      vertex 134.095 64.7216 10.6
      vertex 134.65 64.4919 10.6
    endloop
  endfacet
  facet normal 0 0 1
    outer loop
      vertex 133.5 64.8 10.6
      vertex 134.28 66.4231 10.6
      vertex 133.5 66.5 10.6
    endloop
  endfacet
  facet normal 0 0 1
    outer loop
      vertex 134.28 66.4231 10.6
      vertex 133.5 64.8 10.6
      vertex 134.095 64.7216 10.6
    endloop
  endfacet
  facet normal -0 0 1
    outer loop
      vertex 132.72 66.4231 10.6
      vertex 133.5 64.8 10.6
      vertex 133.5 66.5 10.6
    endloop
  endfacet
  facet normal 0 0 1
    outer loop
      vertex 133.5 64.8 10.6
      vertex 132.72 66.4231 10.6
      vertex 132.905 64.7216 10.6
    endloop
  endfacet
  facet normal -0 0 1
    outer loop
      vertex 131.969 66.1955 10.6
      vertex 132.905 64.7216 10.6
      vertex 132.72 66.4231 10.6
    endloop
  endfacet
  facet normal 0 0 1
    outer loop
      vertex 132.905 64.7216 10.6
      vertex 131.969 66.1955 10.6
      vertex 132.35 64.4919 10.6
    endloop
  endfacet
  facet normal -0 0 1
    outer loop
      vertex 131.278 65.8259 10.6
      vertex 132.35 64.4919 10.6
      vertex 131.969 66.1955 10.6
    endloop
  endfacet
  facet normal 0 0 1
    outer loop
      vertex 132.35 64.4919 10.6
      vertex 131.278 65.8259 10.6
      vertex 131.874 64.1263 10.6
    endloop
  endfacet
  facet normal -0 0 1
    outer loop
      vertex 130.672 65.3284 10.6
      vertex 131.874 64.1263 10.6
      vertex 131.278 65.8259 10.6
    endloop
  endfacet
  facet normal -0 0 1
    outer loop
      vertex 130.174 64.7223 10.6
      vertex 131.874 64.1263 10.6
      vertex 130.672 65.3284 10.6
    endloop
  endfacet
  facet normal 0 0 1
    outer loop
      vertex 131.874 64.1263 10.6
      vertex 130.174 64.7223 10.6
      vertex 131.508 63.65 10.6
    endloop
  endfacet
  facet normal -0 0 1
    outer loop
      vertex 129.804 64.0307 10.6
      vertex 131.508 63.65 10.6
      vertex 130.174 64.7223 10.6
    endloop
  endfacet
  facet normal 0 0 1
    outer loop
      vertex 137.196 60.9693 10.6
      vertex 135.492 61.35 10.6
      vertex 136.826 60.2777 10.6
    endloop
  endfacet
  facet normal -0 0 1
    outer loop
      vertex 135.126 60.8737 10.6
      vertex 136.826 60.2777 10.6
      vertex 135.492 61.35 10.6
    endloop
  endfacet
  facet normal 0 0 1
    outer loop
      vertex 136.826 60.2777 10.6
      vertex 135.126 60.8737 10.6
      vertex 136.328 59.6716 10.6
    endloop
  endfacet
  facet normal 0 0 1
    outer loop
      vertex 136.328 59.6716 10.6
      vertex 135.126 60.8737 10.6
      vertex 135.722 59.1741 10.6
    endloop
  endfacet
  facet normal -0 0 1
    outer loop
      vertex 134.65 60.5081 10.6
      vertex 135.722 59.1741 10.6
      vertex 135.126 60.8737 10.6
    endloop
  endfacet
  facet normal 0 0 1
    outer loop
      vertex 135.722 59.1741 10.6
      vertex 134.65 60.5081 10.6
      vertex 135.031 58.8045 10.6
    endloop
  endfacet
  facet normal -0 0 1
    outer loop
      vertex 134.095 60.2784 10.6
      vertex 135.031 58.8045 10.6
      vertex 134.65 60.5081 10.6
    endloop
  endfacet
  facet normal 0 0 1
    outer loop
      vertex 135.031 58.8045 10.6
      vertex 134.095 60.2784 10.6
      vertex 134.28 58.5769 10.6
    endloop
  endfacet
  facet normal -0 0 1
    outer loop
      vertex 133.5 60.2 10.6
      vertex 134.28 58.5769 10.6
      vertex 134.095 60.2784 10.6
    endloop
  endfacet
  facet normal 0 0 1
    outer loop
      vertex 133.5 60.2 10.6
      vertex 133.5 58.5 10.6
      vertex 134.28 58.5769 10.6
    endloop
  endfacet
  facet normal 0 0 1
    outer loop
      vertex 132.72 58.5769 10.6
      vertex 133.5 60.2 10.6
      vertex 132.905 60.2784 10.6
    endloop
  endfacet
  facet normal 0 0 1
    outer loop
      vertex 133.5 60.2 10.6
      vertex 132.72 58.5769 10.6
      vertex 133.5 58.5 10.6
    endloop
  endfacet
  facet normal 0 0 1
    outer loop
      vertex 131.969 58.8045 10.6
      vertex 132.905 60.2784 10.6
      vertex 132.35 60.5081 10.6
    endloop
  endfacet
  facet normal 0 0 1
    outer loop
      vertex 132.905 60.2784 10.6
      vertex 131.969 58.8045 10.6
      vertex 132.72 58.5769 10.6
    endloop
  endfacet
  facet normal 0 0 1
    outer loop
      vertex 131.278 59.1741 10.6
      vertex 132.35 60.5081 10.6
      vertex 131.874 60.8737 10.6
    endloop
  endfacet
  facet normal 0 0 1
    outer loop
      vertex 130.174 60.2777 10.6
      vertex 131.874 60.8737 10.6
      vertex 131.508 61.35 10.6
    endloop
  endfacet
  facet normal 0 0 1
    outer loop
      vertex 129.804 60.9693 10.6
      vertex 131.508 61.35 10.6
      vertex 131.278 61.9047 10.6
    endloop
  endfacet
  facet normal 0 0 1
    outer loop
      vertex 132.35 60.5081 10.6
      vertex 131.278 59.1741 10.6
      vertex 131.969 58.8045 10.6
    endloop
  endfacet
  facet normal 0 0 1
    outer loop
      vertex 129.577 61.7196 10.6
      vertex 131.278 61.9047 10.6
      vertex 131.2 62.5 10.6
    endloop
  endfacet
  facet normal 0 0 1
    outer loop
      vertex 131.508 63.65 10.6
      vertex 129.804 64.0307 10.6
      vertex 131.278 63.0953 10.6
    endloop
  endfacet
  facet normal 0 0 1
    outer loop
      vertex 131.874 60.8737 10.6
      vertex 130.672 59.6716 10.6
      vertex 131.278 59.1741 10.6
    endloop
  endfacet
  facet normal -0 0 1
    outer loop
      vertex 129.577 63.2804 10.6
      vertex 131.278 63.0953 10.6
      vertex 129.804 64.0307 10.6
    endloop
  endfacet
  facet normal 0 0 1
    outer loop
      vertex 131.874 60.8737 10.6
      vertex 130.174 60.2777 10.6
      vertex 130.672 59.6716 10.6
    endloop
  endfacet
  facet normal 0 0 1
    outer loop
      vertex 131.278 63.0953 10.6
      vertex 129.577 63.2804 10.6
      vertex 131.2 62.5 10.6
    endloop
  endfacet
  facet normal 0 0 1
    outer loop
      vertex 131.508 61.35 10.6
      vertex 129.804 60.9693 10.6
      vertex 130.174 60.2777 10.6
    endloop
  endfacet
  facet normal 0 0 1
    outer loop
      vertex 129.5 62.5 10.6
      vertex 131.2 62.5 10.6
      vertex 129.577 63.2804 10.6
    endloop
  endfacet
  facet normal 0 0 1
    outer loop
      vertex 131.278 61.9047 10.6
      vertex 129.577 61.7196 10.6
      vertex 129.804 60.9693 10.6
    endloop
  endfacet
  facet normal 0 0 1
    outer loop
      vertex 131.2 62.5 10.6
      vertex 129.5 62.5 10.6
      vertex 129.577 61.7196 10.6
    endloop
  endfacet
  facet normal -0.290036 -0.957016 0
    outer loop
      vertex 131.969 58.8045 3
      vertex 132.72 58.5769 10.6
      vertex 131.969 58.8045 10.6
    endloop
  endfacet
  facet normal -0.290036 -0.957016 -0
    outer loop
      vertex 132.72 58.5769 10.6
      vertex 131.969 58.8045 3
      vertex 132.72 58.5769 3
    endloop
  endfacet
  facet normal 0.957153 -0.289582 0
    outer loop
      vertex 137.196 60.9693 10.6
      vertex 137.423 61.7196 5.2
      vertex 137.423 61.7196 10.6
    endloop
  endfacet
  facet normal 0.957153 -0.289582 0
    outer loop
      vertex 137.423 61.7196 5.2
      vertex 137.196 60.9693 10.6
      vertex 137.196 60.9693 5.2
    endloop
  endfacet
  facet normal 0.772644 0.63484 0
    outer loop
      vertex 136.826 64.7223 10.6
      vertex 136.328 65.3284 5.2
      vertex 136.328 65.3284 10.6
    endloop
  endfacet
  facet normal 0.772644 0.63484 0
    outer loop
      vertex 136.328 65.3284 5.2
      vertex 136.826 64.7223 10.6
      vertex 136.826 64.7223 5.2
    endloop
  endfacet
  facet normal -0.995168 0.0981906 0
    outer loop
      vertex 129.5 62.5 3
      vertex 129.577 63.2804 10.6
      vertex 129.577 63.2804 3
    endloop
  endfacet
  facet normal -0.995168 0.0981906 0
    outer loop
      vertex 129.577 63.2804 10.6
      vertex 129.5 62.5 3
      vertex 129.5 62.5 10.6
    endloop
  endfacet
  facet normal 0.634522 -0.772905 0
    outer loop
      vertex 135.722 59.1741 5.2
      vertex 136.328 59.6716 10.6
      vertex 135.722 59.1741 10.6
    endloop
  endfacet
  facet normal 0.634522 -0.772905 0
    outer loop
      vertex 136.328 59.6716 10.6
      vertex 135.722 59.1741 5.2
      vertex 136.328 59.6716 5.2
    endloop
  endfacet
  facet normal -0.634522 -0.772905 0
    outer loop
      vertex 130.672 59.6716 3
      vertex 131.278 59.1741 10.6
      vertex 130.672 59.6716 10.6
    endloop
  endfacet
  facet normal -0.634522 -0.772905 -0
    outer loop
      vertex 131.278 59.1741 10.6
      vertex 130.672 59.6716 3
      vertex 131.278 59.1741 3
    endloop
  endfacet
  facet normal -0.097927 0.995194 0
    outer loop
      vertex 133 66.4508 4
      vertex 133.5 66.5 10.6
      vertex 133.5 66.5 4
    endloop
  endfacet
  facet normal -0.0981141 0.995175 1.43052e-05
    outer loop
      vertex 133.5 66.5 10.6
      vertex 133 66.4508 4
      vertex 132.72 66.4231 10.6
    endloop
  endfacet
  facet normal -0.098448 0.995142 0
    outer loop
      vertex 132.72 66.4231 3
      vertex 133 66.4508 4
      vertex 133 66.4508 3
    endloop
  endfacet
  facet normal -0.098448 0.995142 0
    outer loop
      vertex 133 66.4508 4
      vertex 132.72 66.4231 3
      vertex 132.72 66.4231 10.6
    endloop
  endfacet
  facet normal 0.881745 -0.471726 0
    outer loop
      vertex 136.826 60.2777 10.6
      vertex 137.196 60.9693 5.2
      vertex 137.196 60.9693 10.6
    endloop
  endfacet
  facet normal 0.881745 -0.471726 0
    outer loop
      vertex 137.196 60.9693 5.2
      vertex 136.826 60.2777 10.6
      vertex 136.826 60.2777 5.2
    endloop
  endfacet
  facet normal -0.957153 -0.289582 0
    outer loop
      vertex 129.804 60.9693 3
      vertex 129.577 61.7196 10.6
      vertex 129.577 61.7196 3
    endloop
  endfacet
  facet normal -0.957153 -0.289582 0
    outer loop
      vertex 129.577 61.7196 10.6
      vertex 129.804 60.9693 3
      vertex 129.804 60.9693 10.6
    endloop
  endfacet
  facet normal -0.995168 -0.0981906 0
    outer loop
      vertex 129.577 61.7196 3
      vertex 129.5 62.5 10.6
      vertex 129.5 62.5 3
    endloop
  endfacet
  facet normal -0.995168 -0.0981906 0
    outer loop
      vertex 129.5 62.5 10.6
      vertex 129.577 61.7196 3
      vertex 129.577 61.7196 10.6
    endloop
  endfacet
  facet normal -0.772644 -0.63484 0
    outer loop
      vertex 130.672 59.6716 3
      vertex 130.174 60.2777 10.6
      vertex 130.174 60.2777 3
    endloop
  endfacet
  facet normal -0.772644 -0.63484 0
    outer loop
      vertex 130.174 60.2777 10.6
      vertex 130.672 59.6716 3
      vertex 130.672 59.6716 10.6
    endloop
  endfacet
  facet normal -0.772644 0.63484 0
    outer loop
      vertex 130.174 64.7223 3
      vertex 130.672 65.3284 10.6
      vertex 130.672 65.3284 3
    endloop
  endfacet
  facet normal -0.772644 0.63484 0
    outer loop
      vertex 130.672 65.3284 10.6
      vertex 130.174 64.7223 3
      vertex 130.174 64.7223 10.6
    endloop
  endfacet
  facet normal -0.957153 0.289582 0
    outer loop
      vertex 129.577 63.2804 3
      vertex 129.804 64.0307 10.6
      vertex 129.804 64.0307 3
    endloop
  endfacet
  facet normal -0.957153 0.289582 0
    outer loop
      vertex 129.804 64.0307 10.6
      vertex 129.577 63.2804 3
      vertex 129.577 63.2804 10.6
    endloop
  endfacet
  facet normal -0.471648 -0.881787 0
    outer loop
      vertex 131.278 59.1741 3
      vertex 131.969 58.8045 10.6
      vertex 131.278 59.1741 10.6
    endloop
  endfacet
  facet normal -0.471648 -0.881787 -0
    outer loop
      vertex 131.969 58.8045 10.6
      vertex 131.278 59.1741 3
      vertex 131.969 58.8045 3
    endloop
  endfacet
  facet normal -0.923741 -0.383018 0
    outer loop
      vertex 135.722 63.0953 5.2
      vertex 135.492 63.65 10.6
      vertex 135.492 63.65 5.2
    endloop
  endfacet
  facet normal -0.923741 -0.383018 0
    outer loop
      vertex 135.492 63.65 10.6
      vertex 135.722 63.0953 5.2
      vertex 135.722 63.0953 10.6
    endloop
  endfacet
  facet normal -0.991525 -0.129916 0
    outer loop
      vertex 135.8 62.5 5.2
      vertex 135.722 63.0953 10.6
      vertex 135.722 63.0953 5.2
    endloop
  endfacet
  facet normal -0.991525 -0.129916 0
    outer loop
      vertex 135.722 63.0953 10.6
      vertex 135.8 62.5 5.2
      vertex 135.8 62.5 10.6
    endloop
  endfacet
  facet normal -0.991525 0.129916 0
    outer loop
      vertex 135.722 61.9047 5.2
      vertex 135.8 62.5 10.6
      vertex 135.8 62.5 5.2
    endloop
  endfacet
  facet normal -0.991525 0.129916 0
    outer loop
      vertex 135.8 62.5 10.6
      vertex 135.722 61.9047 5.2
      vertex 135.722 61.9047 10.6
    endloop
  endfacet
  facet normal -0.382515 0.923949 0
    outer loop
      vertex 134.5 60.446 5.2
      vertex 134.65 60.5081 10.6
      vertex 134.65 60.5081 5.2
    endloop
  endfacet
  facet normal -0.382416 0.92399 -3.2372e-06
    outer loop
      vertex 134.65 60.5081 10.6
      vertex 134.5 60.446 5.2
      vertex 134.095 60.2784 10.6
    endloop
  endfacet
  facet normal -0.382379 0.924006 0
    outer loop
      vertex 134.095 60.2784 4.11
      vertex 134.5 60.446 5.2
      vertex 134.5 60.446 4.11
    endloop
  endfacet
  facet normal -0.382379 0.924006 0
    outer loop
      vertex 134.5 60.446 5.2
      vertex 134.095 60.2784 4.11
      vertex 134.095 60.2784 10.6
    endloop
  endfacet
  facet normal 0 0 1
    outer loop
      vertex 133.5 64.8 4.11
      vertex 134.5 64.554 4.11
      vertex 134.095 64.7216 4.11
    endloop
  endfacet
  facet normal -0 0 1
    outer loop
      vertex 132.905 64.7216 4.11
      vertex 134.5 64.554 4.11
      vertex 133.5 64.8 4.11
    endloop
  endfacet
  facet normal 0 0 1
    outer loop
      vertex 134.5 64.554 4.11
      vertex 132.905 64.7216 4.11
      vertex 134.5 60.446 4.11
    endloop
  endfacet
  facet normal 0 0 1
    outer loop
      vertex 134.5 60.446 4.11
      vertex 133.5 60.2 4.11
      vertex 134.095 60.2784 4.11
    endloop
  endfacet
  facet normal 0 0 1
    outer loop
      vertex 132.905 60.2784 4.11
      vertex 134.5 60.446 4.11
      vertex 132.905 64.7216 4.11
    endloop
  endfacet
  facet normal 0 0 1
    outer loop
      vertex 134.5 60.446 4.11
      vertex 132.905 60.2784 4.11
      vertex 133.5 60.2 4.11
    endloop
  endfacet
  facet normal -0 0 1
    outer loop
      vertex 132.35 64.4919 4.11
      vertex 132.905 60.2784 4.11
      vertex 132.905 64.7216 4.11
    endloop
  endfacet
  facet normal 0 0 1
    outer loop
      vertex 132.35 64.4919 4.11
      vertex 132.35 60.5081 4.11
      vertex 132.905 60.2784 4.11
    endloop
  endfacet
  facet normal -0 0 1
    outer loop
      vertex 131.874 64.1263 4.11
      vertex 132.35 60.5081 4.11
      vertex 132.35 64.4919 4.11
    endloop
  endfacet
  facet normal 0 0 1
    outer loop
      vertex 131.874 64.1263 4.11
      vertex 131.874 60.8737 4.11
      vertex 132.35 60.5081 4.11
    endloop
  endfacet
  facet normal -0 0 1
    outer loop
      vertex 131.508 63.65 4.11
      vertex 131.874 60.8737 4.11
      vertex 131.874 64.1263 4.11
    endloop
  endfacet
  facet normal 0 0 1
    outer loop
      vertex 131.508 63.65 4.11
      vertex 131.508 61.35 4.11
      vertex 131.874 60.8737 4.11
    endloop
  endfacet
  facet normal -0 0 1
    outer loop
      vertex 131.278 63.0953 4.11
      vertex 131.508 61.35 4.11
      vertex 131.508 63.65 4.11
    endloop
  endfacet
  facet normal 0 0 1
    outer loop
      vertex 131.278 63.0953 4.11
      vertex 131.278 61.9047 4.11
      vertex 131.508 61.35 4.11
    endloop
  endfacet
  facet normal 0 -0 1
    outer loop
      vertex 131.278 61.9047 4.11
      vertex 131.278 63.0953 4.11
      vertex 131.2 62.5 4.11
    endloop
  endfacet
  facet normal 0.792933 0.609308 0
    outer loop
      vertex 131.874 60.8737 10.6
      vertex 131.508 61.35 4.11
      vertex 131.508 61.35 10.6
    endloop
  endfacet
  facet normal 0.792933 0.609308 0
    outer loop
      vertex 131.508 61.35 4.11
      vertex 131.874 60.8737 10.6
      vertex 131.874 60.8737 4.11
    endloop
  endfacet
  facet normal 0.792933 -0.609308 0
    outer loop
      vertex 131.508 63.65 10.6
      vertex 131.874 64.1263 4.11
      vertex 131.874 64.1263 10.6
    endloop
  endfacet
  facet normal 0.792933 -0.609308 0
    outer loop
      vertex 131.874 64.1263 4.11
      vertex 131.508 63.65 10.6
      vertex 131.508 63.65 4.11
    endloop
  endfacet
  facet normal 0.609131 -0.79307 0
    outer loop
      vertex 131.874 64.1263 4.11
      vertex 132.35 64.4919 10.6
      vertex 131.874 64.1263 10.6
    endloop
  endfacet
  facet normal 0.609131 -0.79307 0
    outer loop
      vertex 132.35 64.4919 10.6
      vertex 131.874 64.1263 4.11
      vertex 132.35 64.4919 4.11
    endloop
  endfacet
  facet normal -0.130636 0.99143 0
    outer loop
      vertex 134.095 60.2784 4.11
      vertex 133.5 60.2 10.6
      vertex 134.095 60.2784 10.6
    endloop
  endfacet
  facet normal -0.130636 0.99143 0
    outer loop
      vertex 133.5 60.2 10.6
      vertex 134.095 60.2784 4.11
      vertex 133.5 60.2 4.11
    endloop
  endfacet
  facet normal 0.130636 -0.99143 0
    outer loop
      vertex 132.905 64.7216 4.11
      vertex 133.5 64.8 10.6
      vertex 132.905 64.7216 10.6
    endloop
  endfacet
  facet normal 0.130636 -0.99143 0
    outer loop
      vertex 133.5 64.8 10.6
      vertex 132.905 64.7216 4.11
      vertex 133.5 64.8 4.11
    endloop
  endfacet
  facet normal -0.382416 -0.92399 -3.2372e-06
    outer loop
      vertex 134.095 64.7216 10.6
      vertex 134.5 64.554 5.2
      vertex 134.65 64.4919 10.6
    endloop
  endfacet
  facet normal -0.382379 -0.924006 0
    outer loop
      vertex 134.095 64.7216 4.11
      vertex 134.5 64.554 5.2
      vertex 134.095 64.7216 10.6
    endloop
  endfacet
  facet normal -0.382379 -0.924006 -0
    outer loop
      vertex 134.5 64.554 5.2
      vertex 134.095 64.7216 4.11
      vertex 134.5 64.554 4.11
    endloop
  endfacet
  facet normal -0.382515 -0.923949 -0
    outer loop
      vertex 134.65 64.4919 10.6
      vertex 134.5 64.554 5.2
      vertex 134.65 64.4919 5.2
    endloop
  endfacet
  facet normal -0.792933 0.609308 0
    outer loop
      vertex 135.126 60.8737 5.2
      vertex 135.492 61.35 10.6
      vertex 135.492 61.35 5.2
    endloop
  endfacet
  facet normal -0.792933 0.609308 0
    outer loop
      vertex 135.492 61.35 10.6
      vertex 135.126 60.8737 5.2
      vertex 135.126 60.8737 10.6
    endloop
  endfacet
  facet normal -0.923741 0.383018 0
    outer loop
      vertex 135.492 61.35 5.2
      vertex 135.722 61.9047 10.6
      vertex 135.722 61.9047 5.2
    endloop
  endfacet
  facet normal -0.923741 0.383018 0
    outer loop
      vertex 135.722 61.9047 10.6
      vertex 135.492 61.35 5.2
      vertex 135.492 61.35 10.6
    endloop
  endfacet
  facet normal -0.609131 0.79307 0
    outer loop
      vertex 135.126 60.8737 5.2
      vertex 134.65 60.5081 10.6
      vertex 135.126 60.8737 10.6
    endloop
  endfacet
  facet normal -0.609131 0.79307 0
    outer loop
      vertex 134.65 60.5081 10.6
      vertex 135.126 60.8737 5.2
      vertex 134.65 60.5081 5.2
    endloop
  endfacet
  facet normal 0.991525 -0.129916 0
    outer loop
      vertex 131.2 62.5 10.6
      vertex 131.278 63.0953 4.11
      vertex 131.278 63.0953 10.6
    endloop
  endfacet
  facet normal 0.991525 -0.129916 0
    outer loop
      vertex 131.278 63.0953 4.11
      vertex 131.2 62.5 10.6
      vertex 131.2 62.5 4.11
    endloop
  endfacet
  facet normal 0.382416 -0.92399 0
    outer loop
      vertex 132.35 64.4919 4.11
      vertex 132.905 64.7216 10.6
      vertex 132.35 64.4919 10.6
    endloop
  endfacet
  facet normal 0.382416 -0.92399 0
    outer loop
      vertex 132.905 64.7216 10.6
      vertex 132.35 64.4919 4.11
      vertex 132.905 64.7216 4.11
    endloop
  endfacet
  facet normal 0.923741 -0.383018 0
    outer loop
      vertex 131.278 63.0953 10.6
      vertex 131.508 63.65 4.11
      vertex 131.508 63.65 10.6
    endloop
  endfacet
  facet normal 0.923741 -0.383018 0
    outer loop
      vertex 131.508 63.65 4.11
      vertex 131.278 63.0953 10.6
      vertex 131.278 63.0953 4.11
    endloop
  endfacet
  facet normal 0.923741 0.383018 0
    outer loop
      vertex 131.508 61.35 10.6
      vertex 131.278 61.9047 4.11
      vertex 131.278 61.9047 10.6
    endloop
  endfacet
  facet normal 0.923741 0.383018 0
    outer loop
      vertex 131.278 61.9047 4.11
      vertex 131.508 61.35 10.6
      vertex 131.508 61.35 4.11
    endloop
  endfacet
  facet normal 0.130636 0.99143 -0
    outer loop
      vertex 133.5 60.2 4.11
      vertex 132.905 60.2784 10.6
      vertex 133.5 60.2 10.6
    endloop
  endfacet
  facet normal 0.130636 0.99143 0
    outer loop
      vertex 132.905 60.2784 10.6
      vertex 133.5 60.2 4.11
      vertex 132.905 60.2784 4.11
    endloop
  endfacet
  facet normal -0.609131 -0.79307 0
    outer loop
      vertex 134.65 64.4919 5.2
      vertex 135.126 64.1263 10.6
      vertex 134.65 64.4919 10.6
    endloop
  endfacet
  facet normal -0.609131 -0.79307 -0
    outer loop
      vertex 135.126 64.1263 10.6
      vertex 134.65 64.4919 5.2
      vertex 135.126 64.1263 5.2
    endloop
  endfacet
  facet normal -0.792933 -0.609308 0
    outer loop
      vertex 135.492 63.65 5.2
      vertex 135.126 64.1263 10.6
      vertex 135.126 64.1263 5.2
    endloop
  endfacet
  facet normal -0.792933 -0.609308 0
    outer loop
      vertex 135.126 64.1263 10.6
      vertex 135.492 63.65 5.2
      vertex 135.492 63.65 10.6
    endloop
  endfacet
  facet normal -0.130636 -0.99143 0
    outer loop
      vertex 133.5 64.8 4.11
      vertex 134.095 64.7216 10.6
      vertex 133.5 64.8 10.6
    endloop
  endfacet
  facet normal -0.130636 -0.99143 -0
    outer loop
      vertex 134.095 64.7216 10.6
      vertex 133.5 64.8 4.11
      vertex 134.095 64.7216 4.11
    endloop
  endfacet
  facet normal 0.609131 0.79307 -0
    outer loop
      vertex 132.35 60.5081 4.11
      vertex 131.874 60.8737 10.6
      vertex 132.35 60.5081 10.6
    endloop
  endfacet
  facet normal 0.609131 0.79307 0
    outer loop
      vertex 131.874 60.8737 10.6
      vertex 132.35 60.5081 4.11
      vertex 131.874 60.8737 4.11
    endloop
  endfacet
  facet normal 0.991525 0.129916 0
    outer loop
      vertex 131.278 61.9047 10.6
      vertex 131.2 62.5 4.11
      vertex 131.2 62.5 10.6
    endloop
  endfacet
  facet normal 0.991525 0.129916 0
    outer loop
      vertex 131.2 62.5 4.11
      vertex 131.278 61.9047 10.6
      vertex 131.278 61.9047 4.11
    endloop
  endfacet
  facet normal 0.382416 0.92399 -0
    outer loop
      vertex 132.905 60.2784 4.11
      vertex 132.35 60.5081 10.6
      vertex 132.905 60.2784 10.6
    endloop
  endfacet
  facet normal 0.382416 0.92399 0
    outer loop
      vertex 132.35 60.5081 10.6
      vertex 132.905 60.2784 4.11
      vertex 132.35 60.5081 4.11
    endloop
  endfacet
  facet normal -1 0 0
    outer loop
      vertex 133 66.4508 3
      vertex 133 72.5 4
      vertex 133 72.5 3
    endloop
  endfacet
  facet normal -1 -0 0
    outer loop
      vertex 133 72.5 4
      vertex 133 66.4508 3
      vertex 133 66.4508 4
    endloop
  endfacet
  facet normal -1 0 0
    outer loop
      vertex 133 50.5 3
      vertex 133 58.5492 4
      vertex 133 58.5492 3
    endloop
  endfacet
  facet normal -1 -0 0
    outer loop
      vertex 133 58.5492 4
      vertex 133 50.5 3
      vertex 133 50.5 4
    endloop
  endfacet
  facet normal 0 1 -0
    outer loop
      vertex 160.5 74 3
      vertex 135.414 74 4
      vertex 160.5 74 4
    endloop
  endfacet
  facet normal 0 1 0
    outer loop
      vertex 134.5 74 3
      vertex 135.414 74 4
      vertex 160.5 74 3
    endloop
  endfacet
  facet normal 0 1 0
    outer loop
      vertex 135.414 74 4
      vertex 134.5 74 3
      vertex 134.5 74 4
    endloop
  endfacet
  facet normal 0.793857 -0.608104 0
    outer loop
      vertex 161.561 49.4393 4
      vertex 161.799 49.75 3
      vertex 161.799 49.75 4
    endloop
  endfacet
  facet normal 0.793857 -0.608104 0
    outer loop
      vertex 161.799 49.75 3
      vertex 161.561 49.4393 4
      vertex 161.561 49.4393 3
    endloop
  endfacet
  facet normal 0.923755 0.382983 0
    outer loop
      vertex 161.949 72.8882 4
      vertex 161.799 73.25 3
      vertex 161.799 73.25 4
    endloop
  endfacet
  facet normal 0.923755 0.382983 0
    outer loop
      vertex 161.799 73.25 3
      vertex 161.949 72.8882 4
      vertex 161.949 72.8882 3
    endloop
  endfacet
  facet normal -0.130573 0.991439 0
    outer loop
      vertex 134.5 74 3
      vertex 134.112 73.9489 4
      vertex 134.5 74 4
    endloop
  endfacet
  facet normal -0.130573 0.991439 0
    outer loop
      vertex 134.112 73.9489 4
      vertex 134.5 74 3
      vertex 134.112 73.9489 3
    endloop
  endfacet
  facet normal 0.382585 -0.92392 0
    outer loop
      vertex 160.888 49.0511 3
      vertex 161.25 49.201 4
      vertex 160.888 49.0511 4
    endloop
  endfacet
  facet normal 0.382585 -0.92392 0
    outer loop
      vertex 161.25 49.201 4
      vertex 160.888 49.0511 3
      vertex 161.25 49.201 3
    endloop
  endfacet
  facet normal -0.793857 -0.608104 0
    outer loop
      vertex 133.439 49.4393 3
      vertex 133.201 49.75 4
      vertex 133.201 49.75 3
    endloop
  endfacet
  facet normal -0.793857 -0.608104 0
    outer loop
      vertex 133.201 49.75 4
      vertex 133.439 49.4393 3
      vertex 133.439 49.4393 4
    endloop
  endfacet
  facet normal 0.99148 -0.130256 0
    outer loop
      vertex 161.949 50.1118 4
      vertex 162 50.5 3
      vertex 162 50.5 4
    endloop
  endfacet
  facet normal 0.99148 -0.130256 0
    outer loop
      vertex 162 50.5 3
      vertex 161.949 50.1118 4
      vertex 161.949 50.1118 3
    endloop
  endfacet
  facet normal 0 -1 0
    outer loop
      vertex 134.5 49 3
      vertex 135.414 49 4
      vertex 134.5 49 4
    endloop
  endfacet
  facet normal 0 -1 0
    outer loop
      vertex 160.5 49 3
      vertex 135.414 49 4
      vertex 134.5 49 3
    endloop
  endfacet
  facet normal 0 -1 0
    outer loop
      vertex 135.414 49 4
      vertex 160.5 49 3
      vertex 160.5 49 4
    endloop
  endfacet
  facet normal 1 -0 0
    outer loop
      vertex 162 50.5 4
      vertex 162 72.5 3
      vertex 162 72.5 4
    endloop
  endfacet
  facet normal 1 0 0
    outer loop
      vertex 162 72.5 3
      vertex 162 50.5 4
      vertex 162 50.5 3
    endloop
  endfacet
  facet normal 0.608217 0.793771 -0
    outer loop
      vertex 161.561 73.5607 3
      vertex 161.25 73.799 4
      vertex 161.561 73.5607 4
    endloop
  endfacet
  facet normal 0.608217 0.793771 0
    outer loop
      vertex 161.25 73.799 4
      vertex 161.561 73.5607 3
      vertex 161.25 73.799 3
    endloop
  endfacet
  facet normal 0.131719 -0.991287 0
    outer loop
      vertex 160.5 49 3
      vertex 160.573 49.0097 4
      vertex 160.5 49 4
    endloop
  endfacet
  facet normal 0.130573 -0.991439 8.509e-05
    outer loop
      vertex 160.888 49.0511 3
      vertex 160.573 49.0097 4
      vertex 160.5 49 3
    endloop
  endfacet
  facet normal 0.130308 -0.991474 0
    outer loop
      vertex 160.573 49.0097 4
      vertex 160.888 49.0511 3
      vertex 160.888 49.0511 4
    endloop
  endfacet
  facet normal -0.923755 0.382983 0
    outer loop
      vertex 133.051 72.8882 3
      vertex 133.201 73.25 4
      vertex 133.201 73.25 3
    endloop
  endfacet
  facet normal -0.923755 0.382983 0
    outer loop
      vertex 133.201 73.25 4
      vertex 133.051 72.8882 3
      vertex 133.051 72.8882 4
    endloop
  endfacet
  facet normal 0.382585 0.92392 -0
    outer loop
      vertex 161.25 73.799 3
      vertex 160.888 73.9489 4
      vertex 161.25 73.799 4
    endloop
  endfacet
  facet normal 0.382585 0.92392 0
    outer loop
      vertex 160.888 73.9489 4
      vertex 161.25 73.799 3
      vertex 160.888 73.9489 3
    endloop
  endfacet
  facet normal -0.608217 -0.793771 0
    outer loop
      vertex 133.439 49.4393 3
      vertex 133.75 49.201 4
      vertex 133.439 49.4393 4
    endloop
  endfacet
  facet normal -0.608217 -0.793771 -0
    outer loop
      vertex 133.75 49.201 4
      vertex 133.439 49.4393 3
      vertex 133.75 49.201 3
    endloop
  endfacet
  facet normal -0.382585 0.92392 0
    outer loop
      vertex 134.112 73.9489 3
      vertex 133.75 73.799 4
      vertex 134.112 73.9489 4
    endloop
  endfacet
  facet normal -0.382585 0.92392 0
    outer loop
      vertex 133.75 73.799 4
      vertex 134.112 73.9489 3
      vertex 133.75 73.799 3
    endloop
  endfacet
  facet normal 0.608217 -0.793771 0
    outer loop
      vertex 161.25 49.201 3
      vertex 161.561 49.4393 4
      vertex 161.25 49.201 4
    endloop
  endfacet
  facet normal 0.608217 -0.793771 0
    outer loop
      vertex 161.561 49.4393 4
      vertex 161.25 49.201 3
      vertex 161.561 49.4393 3
    endloop
  endfacet
  facet normal -0 0 1
    outer loop
      vertex 134.28 58.5769 4
      vertex 134.5 51.5 4
      vertex 134.5 58.6435 4
    endloop
  endfacet
  facet normal -0 0 1
    outer loop
      vertex 133.5 58.5 4
      vertex 134.5 51.5 4
      vertex 134.28 58.5769 4
    endloop
  endfacet
  facet normal 0 -0 1
    outer loop
      vertex 133.051 50.1118 4
      vertex 134.5 51.5 4
      vertex 133 50.5 4
    endloop
  endfacet
  facet normal 0 0 1
    outer loop
      vertex 134.5 51.5 4
      vertex 134.112 49.0511 4
      vertex 134.5 49 4
    endloop
  endfacet
  facet normal 0 0 1
    outer loop
      vertex 133 58.5492 4
      vertex 134.5 51.5 4
      vertex 133.5 58.5 4
    endloop
  endfacet
  facet normal 0 0 1
    outer loop
      vertex 134.5 51.5 4
      vertex 133.75 49.201 4
      vertex 134.112 49.0511 4
    endloop
  endfacet
  facet normal 0 0 1
    outer loop
      vertex 134.5 51.5 4
      vertex 133.439 49.4393 4
      vertex 133.75 49.201 4
    endloop
  endfacet
  facet normal 0 0 1
    outer loop
      vertex 134.5 51.5 4
      vertex 133.201 49.75 4
      vertex 133.439 49.4393 4
    endloop
  endfacet
  facet normal 0 0 1
    outer loop
      vertex 134.5 51.5 4
      vertex 133 58.5492 4
      vertex 133 50.5 4
    endloop
  endfacet
  facet normal 0 0 1
    outer loop
      vertex 134.5 51.5 4
      vertex 133.051 50.1118 4
      vertex 133.201 49.75 4
    endloop
  endfacet
  facet normal 0 0 1
    outer loop
      vertex 162 72.5 4
      vertex 160.466 71.7588 4
      vertex 160.5 71.5 4
    endloop
  endfacet
  facet normal 0 0 1
    outer loop
      vertex 161.25 73.799 4
      vertex 160.366 72 4
      vertex 160.466 71.7588 4
    endloop
  endfacet
  facet normal 0 0 1
    outer loop
      vertex 161.25 73.799 4
      vertex 160.259 73.8341 4
      vertex 160.207 72.2071 4
    endloop
  endfacet
  facet normal 0 0 1
    outer loop
      vertex 161.25 73.799 4
      vertex 160.207 72.2071 4
      vertex 160.366 72 4
    endloop
  endfacet
  facet normal 0 0 1
    outer loop
      vertex 160 72.366 4
      vertex 160.259 73.8341 4
      vertex 160 73.8 4
    endloop
  endfacet
  facet normal 0 0 1
    outer loop
      vertex 160.259 73.8341 4
      vertex 160 72.366 4
      vertex 160.207 72.2071 4
    endloop
  endfacet
  facet normal 0 0 1
    outer loop
      vertex 160 73.8 4
      vertex 159.759 72.4659 4
      vertex 160 72.366 4
    endloop
  endfacet
  facet normal 0 0 1
    outer loop
      vertex 160 73.8 4
      vertex 159.5 72.5 4
      vertex 159.759 72.4659 4
    endloop
  endfacet
  facet normal -0 0 1
    outer loop
      vertex 136 73.8 4
      vertex 159.5 72.5 4
      vertex 160 73.8 4
    endloop
  endfacet
  facet normal 0 0 1
    outer loop
      vertex 136 73.8 4
      vertex 135.5 72.5 4
      vertex 159.5 72.5 4
    endloop
  endfacet
  facet normal 0 0 1
    outer loop
      vertex 135.741 73.8341 4
      vertex 135.5 72.5 4
      vertex 136 73.8 4
    endloop
  endfacet
  facet normal 0 0 1
    outer loop
      vertex 135.5 73.934 4
      vertex 135.5 72.5 4
      vertex 135.741 73.8341 4
    endloop
  endfacet
  facet normal -0 0 1
    outer loop
      vertex 134.5 74 4
      vertex 135.5 73.934 4
      vertex 135.414 74 4
    endloop
  endfacet
  facet normal 0 0 1
    outer loop
      vertex 135.5 73.934 4
      vertex 135.241 72.4659 4
      vertex 135.5 72.5 4
    endloop
  endfacet
  facet normal 0 0 1
    outer loop
      vertex 135.5 73.934 4
      vertex 134.5 74 4
      vertex 135.241 72.4659 4
    endloop
  endfacet
  facet normal 0 0 1
    outer loop
      vertex 135.241 72.4659 4
      vertex 134.5 74 4
      vertex 135 72.366 4
    endloop
  endfacet
  facet normal -0 0 1
    outer loop
      vertex 134.112 73.9489 4
      vertex 135 72.366 4
      vertex 134.5 74 4
    endloop
  endfacet
  facet normal 0 0 1
    outer loop
      vertex 135 72.366 4
      vertex 134.112 73.9489 4
      vertex 134.793 72.2071 4
    endloop
  endfacet
  facet normal -0 0 1
    outer loop
      vertex 133.75 73.799 4
      vertex 134.793 72.2071 4
      vertex 134.112 73.9489 4
    endloop
  endfacet
  facet normal -0 0 1
    outer loop
      vertex 133.439 73.5607 4
      vertex 134.793 72.2071 4
      vertex 133.75 73.799 4
    endloop
  endfacet
  facet normal -0 0 1
    outer loop
      vertex 133.201 73.25 4
      vertex 134.793 72.2071 4
      vertex 133.439 73.5607 4
    endloop
  endfacet
  facet normal 0 0 1
    outer loop
      vertex 133 66.4508 4
      vertex 134.5 71.5 4
      vertex 133 72.5 4
    endloop
  endfacet
  facet normal -0 0 1
    outer loop
      vertex 133.051 72.8882 4
      vertex 134.793 72.2071 4
      vertex 133.201 73.25 4
    endloop
  endfacet
  facet normal 0 0 1
    outer loop
      vertex 134.793 72.2071 4
      vertex 133.051 72.8882 4
      vertex 134.634 72 4
    endloop
  endfacet
  facet normal 0 0 1
    outer loop
      vertex 134.5 71.5 4
      vertex 134.28 66.4231 4
      vertex 134.5 66.3565 4
    endloop
  endfacet
  facet normal -0 0 1
    outer loop
      vertex 133 72.5 4
      vertex 134.634 72 4
      vertex 133.051 72.8882 4
    endloop
  endfacet
  facet normal 0 0 1
    outer loop
      vertex 134.634 72 4
      vertex 133 72.5 4
      vertex 134.534 71.7588 4
    endloop
  endfacet
  facet normal 0 0 1
    outer loop
      vertex 134.534 71.7588 4
      vertex 133 72.5 4
      vertex 134.5 71.5 4
    endloop
  endfacet
  facet normal 0 0 1
    outer loop
      vertex 134.5 71.5 4
      vertex 133.5 66.5 4
      vertex 134.28 66.4231 4
    endloop
  endfacet
  facet normal 0 0 1
    outer loop
      vertex 134.5 71.5 4
      vertex 133 66.4508 4
      vertex 133.5 66.5 4
    endloop
  endfacet
  facet normal 0 0 1
    outer loop
      vertex 160.466 71.7588 4
      vertex 162 72.5 4
      vertex 161.949 72.8882 4
    endloop
  endfacet
  facet normal 0 0 1
    outer loop
      vertex 162 72.5 4
      vertex 160.5 71.5 4
      vertex 162 50.5 4
    endloop
  endfacet
  facet normal 0 0 1
    outer loop
      vertex 160.466 71.7588 4
      vertex 161.949 72.8882 4
      vertex 161.799 73.25 4
    endloop
  endfacet
  facet normal -0 0 1
    outer loop
      vertex 160.5 51.5 4
      vertex 162 50.5 4
      vertex 160.5 71.5 4
    endloop
  endfacet
  facet normal 0 0 1
    outer loop
      vertex 160.466 71.7588 4
      vertex 161.799 73.25 4
      vertex 161.561 73.5607 4
    endloop
  endfacet
  facet normal -0 0 1
    outer loop
      vertex 160.466 51.2412 4
      vertex 162 50.5 4
      vertex 160.5 51.5 4
    endloop
  endfacet
  facet normal 0 0 1
    outer loop
      vertex 160.466 71.7588 4
      vertex 161.561 73.5607 4
      vertex 161.25 73.799 4
    endloop
  endfacet
  facet normal -0 0 1
    outer loop
      vertex 160.366 51 4
      vertex 162 50.5 4
      vertex 160.466 51.2412 4
    endloop
  endfacet
  facet normal -0 0 1
    outer loop
      vertex 160.5 73.934 4
      vertex 161.25 73.799 4
      vertex 160.888 73.9489 4
    endloop
  endfacet
  facet normal 0 0 1
    outer loop
      vertex 162 50.5 4
      vertex 160.366 51 4
      vertex 161.949 50.1118 4
    endloop
  endfacet
  facet normal 0 0 1
    outer loop
      vertex 160.5 73.934 4
      vertex 160.888 73.9489 4
      vertex 160.573 73.9903 4
    endloop
  endfacet
  facet normal -0 0 1
    outer loop
      vertex 160.207 50.7929 4
      vertex 161.949 50.1118 4
      vertex 160.366 51 4
    endloop
  endfacet
  facet normal -0 0 1
    outer loop
      vertex 160.259 73.8341 4
      vertex 161.25 73.799 4
      vertex 160.5 73.934 4
    endloop
  endfacet
  facet normal 0 0 1
    outer loop
      vertex 161.949 50.1118 4
      vertex 160.207 50.7929 4
      vertex 161.799 49.75 4
    endloop
  endfacet
  facet normal 0 0 1
    outer loop
      vertex 161.799 49.75 4
      vertex 160.207 50.7929 4
      vertex 161.561 49.4393 4
    endloop
  endfacet
  facet normal 0 0 1
    outer loop
      vertex 161.561 49.4393 4
      vertex 160.207 50.7929 4
      vertex 161.25 49.201 4
    endloop
  endfacet
  facet normal 0 -0 1
    outer loop
      vertex 160.259 49.1659 4
      vertex 161.25 49.201 4
      vertex 160.207 50.7929 4
    endloop
  endfacet
  facet normal 0 0 1
    outer loop
      vertex 160.888 49.0511 4
      vertex 160.5 49.066 4
      vertex 160.573 49.0097 4
    endloop
  endfacet
  facet normal 0 0 1
    outer loop
      vertex 161.25 49.201 4
      vertex 160.259 49.1659 4
      vertex 160.888 49.0511 4
    endloop
  endfacet
  facet normal 0 0 1
    outer loop
      vertex 160.888 49.0511 4
      vertex 160.259 49.1659 4
      vertex 160.5 49.066 4
    endloop
  endfacet
  facet normal -0 0 1
    outer loop
      vertex 160 50.634 4
      vertex 160.259 49.1659 4
      vertex 160.207 50.7929 4
    endloop
  endfacet
  facet normal 0 0 1
    outer loop
      vertex 160 50.634 4
      vertex 160 49.2 4
      vertex 160.259 49.1659 4
    endloop
  endfacet
  facet normal -0 0 1
    outer loop
      vertex 159.759 50.5341 4
      vertex 160 49.2 4
      vertex 160 50.634 4
    endloop
  endfacet
  facet normal -0 0 1
    outer loop
      vertex 159.5 50.5 4
      vertex 160 49.2 4
      vertex 159.759 50.5341 4
    endloop
  endfacet
  facet normal 0 0 1
    outer loop
      vertex 159.5 50.5 4
      vertex 136 49.2 4
      vertex 160 49.2 4
    endloop
  endfacet
  facet normal -0 0 1
    outer loop
      vertex 135.5 50.5 4
      vertex 136 49.2 4
      vertex 159.5 50.5 4
    endloop
  endfacet
  facet normal 0 0 1
    outer loop
      vertex 135.5 50.5 4
      vertex 135.741 49.1659 4
      vertex 136 49.2 4
    endloop
  endfacet
  facet normal 0 0 1
    outer loop
      vertex 135.5 50.5 4
      vertex 135.5 49.066 4
      vertex 135.741 49.1659 4
    endloop
  endfacet
  facet normal 0 0 1
    outer loop
      vertex 135.241 50.5341 4
      vertex 135.5 49.066 4
      vertex 135.5 50.5 4
    endloop
  endfacet
  facet normal 0 0 1
    outer loop
      vertex 134.5 49 4
      vertex 135.5 49.066 4
      vertex 135.241 50.5341 4
    endloop
  endfacet
  facet normal 0 0 1
    outer loop
      vertex 134.5 49 4
      vertex 135.241 50.5341 4
      vertex 135 50.634 4
    endloop
  endfacet
  facet normal 0 0 1
    outer loop
      vertex 134.5 49 4
      vertex 135 50.634 4
      vertex 134.793 50.7929 4
    endloop
  endfacet
  facet normal 0 0 1
    outer loop
      vertex 134.5 49 4
      vertex 134.793 50.7929 4
      vertex 134.634 51 4
    endloop
  endfacet
  facet normal 0 0 1
    outer loop
      vertex 134.5 49 4
      vertex 134.634 51 4
      vertex 134.534 51.2412 4
    endloop
  endfacet
  facet normal 0 0 1
    outer loop
      vertex 135.5 49.066 4
      vertex 134.5 49 4
      vertex 135.414 49 4
    endloop
  endfacet
  facet normal 0 0 1
    outer loop
      vertex 134.5 49 4
      vertex 134.534 51.2412 4
      vertex 134.5 51.5 4
    endloop
  endfacet
  facet normal 0 0 -1
    outer loop
      vertex 160 46.2 4
      vertex 161 47.2 4
      vertex 160.966 46.9412 4
    endloop
  endfacet
  facet normal -0 0 -1
    outer loop
      vertex 161 47.2 4
      vertex 160 46.2 4
      vertex 161 48.2 4
    endloop
  endfacet
  facet normal 0 0 -1
    outer loop
      vertex 160 46.2 4
      vertex 160.966 46.9412 4
      vertex 160.866 46.7 4
    endloop
  endfacet
  facet normal 0 -0 -1
    outer loop
      vertex 160.5 49 4
      vertex 161 48.2 4
      vertex 160 46.2 4
    endloop
  endfacet
  facet normal 0 0 -1
    outer loop
      vertex 160 46.2 4
      vertex 160.866 46.7 4
      vertex 160.707 46.4929 4
    endloop
  endfacet
  facet normal 0 0 -1
    outer loop
      vertex 161 48.2 4
      vertex 160.5 49 4
      vertex 160.966 48.4588 4
    endloop
  endfacet
  facet normal 0 0 -1
    outer loop
      vertex 160.866 48.7 4
      vertex 160.5 49 4
      vertex 160.707 48.9071 4
    endloop
  endfacet
  facet normal 0 0 -1
    outer loop
      vertex 160 46.2 4
      vertex 160.707 46.4929 4
      vertex 160.5 46.334 4
    endloop
  endfacet
  facet normal 0 0 -1
    outer loop
      vertex 160.707 48.9071 4
      vertex 160.5 49 4
      vertex 160.573 49.0097 4
    endloop
  endfacet
  facet normal 0 0 -1
    outer loop
      vertex 160 46.2 4
      vertex 160.5 46.334 4
      vertex 160.259 46.2341 4
    endloop
  endfacet
  facet normal 0 0 -1
    outer loop
      vertex 160.966 48.4588 4
      vertex 160.5 49 4
      vertex 160.866 48.7 4
    endloop
  endfacet
  facet normal 0 0 -1
    outer loop
      vertex 150.434 46.2 4
      vertex 160.5 49 4
      vertex 160 46.2 4
    endloop
  endfacet
  facet normal 0 0 -1
    outer loop
      vertex 150.328 46.3284 4
      vertex 160.5 49 4
      vertex 150.434 46.2 4
    endloop
  endfacet
  facet normal 0 0 -1
    outer loop
      vertex 149.722 46.8259 4
      vertex 160.5 49 4
      vertex 150.328 46.3284 4
    endloop
  endfacet
  facet normal 0 0 -1
    outer loop
      vertex 149.031 47.1955 4
      vertex 160.5 49 4
      vertex 149.722 46.8259 4
    endloop
  endfacet
  facet normal 0 0 -1
    outer loop
      vertex 148.28 47.4231 4
      vertex 160.5 49 4
      vertex 149.031 47.1955 4
    endloop
  endfacet
  facet normal 0 0 -1
    outer loop
      vertex 147.5 47.5 4
      vertex 160.5 49 4
      vertex 148.28 47.4231 4
    endloop
  endfacet
  facet normal 0 0 -1
    outer loop
      vertex 135.414 49 4
      vertex 147.5 47.5 4
      vertex 146.72 47.4231 4
    endloop
  endfacet
  facet normal 0 0 -1
    outer loop
      vertex 135.414 49 4
      vertex 144.566 46.2 4
      vertex 136 46.2 4
    endloop
  endfacet
  facet normal 0 0 -1
    outer loop
      vertex 144.566 46.2 4
      vertex 135.414 49 4
      vertex 144.672 46.3284 4
    endloop
  endfacet
  facet normal 0 0 -1
    outer loop
      vertex 144.672 46.3284 4
      vertex 135.414 49 4
      vertex 145.278 46.8259 4
    endloop
  endfacet
  facet normal 0 0 -1
    outer loop
      vertex 145.278 46.8259 4
      vertex 135.414 49 4
      vertex 145.969 47.1955 4
    endloop
  endfacet
  facet normal 0 0 -1
    outer loop
      vertex 145.969 47.1955 4
      vertex 135.414 49 4
      vertex 146.72 47.4231 4
    endloop
  endfacet
  facet normal 0 0 -1
    outer loop
      vertex 135 47.2 4
      vertex 136 46.2 4
      vertex 135.741 46.2341 4
    endloop
  endfacet
  facet normal 0 0 -1
    outer loop
      vertex 135 47.2 4
      vertex 135.741 46.2341 4
      vertex 135.5 46.334 4
    endloop
  endfacet
  facet normal 0 0 -1
    outer loop
      vertex 147.5 47.5 4
      vertex 135.414 49 4
      vertex 160.5 49 4
    endloop
  endfacet
  facet normal 0 0 -1
    outer loop
      vertex 135 47.2 4
      vertex 135.5 46.334 4
      vertex 135.293 46.4929 4
    endloop
  endfacet
  facet normal 0 0 -1
    outer loop
      vertex 136 46.2 4
      vertex 135 47.2 4
      vertex 135 48.2 4
    endloop
  endfacet
  facet normal 0 0 -1
    outer loop
      vertex 135 47.2 4
      vertex 135.293 46.4929 4
      vertex 135.134 46.7 4
    endloop
  endfacet
  facet normal 0 0 -1
    outer loop
      vertex 136 46.2 4
      vertex 135 48.2 4
      vertex 135.414 49 4
    endloop
  endfacet
  facet normal 0 0 -1
    outer loop
      vertex 135 47.2 4
      vertex 135.134 46.7 4
      vertex 135.034 46.9412 4
    endloop
  endfacet
  facet normal 0 -0 -1
    outer loop
      vertex 135.034 48.4588 4
      vertex 135.414 49 4
      vertex 135 48.2 4
    endloop
  endfacet
  facet normal 0 0 -1
    outer loop
      vertex 135.414 49 4
      vertex 135.134 48.7 4
      vertex 135.293 48.9071 4
    endloop
  endfacet
  facet normal 0 0 -1
    outer loop
      vertex 135.414 49 4
      vertex 135.034 48.4588 4
      vertex 135.134 48.7 4
    endloop
  endfacet
  facet normal 0 0 -1
    outer loop
      vertex 160.5 74 4
      vertex 161 74.8 4
      vertex 160.966 74.5412 4
    endloop
  endfacet
  facet normal 0 0 -1
    outer loop
      vertex 160 76.8 4
      vertex 161 74.8 4
      vertex 160.5 74 4
    endloop
  endfacet
  facet normal 0 0 -1
    outer loop
      vertex 160.5 74 4
      vertex 160.966 74.5412 4
      vertex 160.866 74.3 4
    endloop
  endfacet
  facet normal 0 0 -1
    outer loop
      vertex 161 74.8 4
      vertex 160 76.8 4
      vertex 161 75.8 4
    endloop
  endfacet
  facet normal 0 0 -1
    outer loop
      vertex 160.5 74 4
      vertex 160.866 74.3 4
      vertex 160.707 74.0929 4
    endloop
  endfacet
  facet normal 0 0 -1
    outer loop
      vertex 161 75.8 4
      vertex 160 76.8 4
      vertex 160.966 76.0588 4
    endloop
  endfacet
  facet normal 0 0 -1
    outer loop
      vertex 160.5 74 4
      vertex 160.707 74.0929 4
      vertex 160.573 73.9903 4
    endloop
  endfacet
  facet normal 0 0 -1
    outer loop
      vertex 160.966 76.0588 4
      vertex 160 76.8 4
      vertex 160.866 76.3 4
    endloop
  endfacet
  facet normal 0 0 -1
    outer loop
      vertex 160.866 76.3 4
      vertex 160 76.8 4
      vertex 160.707 76.5071 4
    endloop
  endfacet
  facet normal 0 0 -1
    outer loop
      vertex 160.707 76.5071 4
      vertex 160 76.8 4
      vertex 160.5 76.666 4
    endloop
  endfacet
  facet normal 0 0 -1
    outer loop
      vertex 160.5 76.666 4
      vertex 160 76.8 4
      vertex 160.259 76.7659 4
    endloop
  endfacet
  facet normal 0 0 -1
    outer loop
      vertex 160.5 74 4
      vertex 150.434 76.8 4
      vertex 160 76.8 4
    endloop
  endfacet
  facet normal 0 0 -1
    outer loop
      vertex 160.5 74 4
      vertex 150.328 76.6716 4
      vertex 150.434 76.8 4
    endloop
  endfacet
  facet normal 0 0 -1
    outer loop
      vertex 160.5 74 4
      vertex 149.722 76.1741 4
      vertex 150.328 76.6716 4
    endloop
  endfacet
  facet normal 0 0 -1
    outer loop
      vertex 160.5 74 4
      vertex 149.031 75.8045 4
      vertex 149.722 76.1741 4
    endloop
  endfacet
  facet normal 0 0 -1
    outer loop
      vertex 160.5 74 4
      vertex 148.28 75.5769 4
      vertex 149.031 75.8045 4
    endloop
  endfacet
  facet normal 0 0 -1
    outer loop
      vertex 160.5 74 4
      vertex 147.5 75.5 4
      vertex 148.28 75.5769 4
    endloop
  endfacet
  facet normal 0 0 -1
    outer loop
      vertex 135.414 74 4
      vertex 147.5 75.5 4
      vertex 160.5 74 4
    endloop
  endfacet
  facet normal 0 0 -1
    outer loop
      vertex 135.414 74 4
      vertex 144.566 76.8 4
      vertex 144.672 76.6716 4
    endloop
  endfacet
  facet normal 0 0 -1
    outer loop
      vertex 135.414 74 4
      vertex 144.672 76.6716 4
      vertex 145.278 76.1741 4
    endloop
  endfacet
  facet normal 0 0 -1
    outer loop
      vertex 135.414 74 4
      vertex 145.278 76.1741 4
      vertex 145.969 75.8045 4
    endloop
  endfacet
  facet normal 0 0 -1
    outer loop
      vertex 135.414 74 4
      vertex 145.969 75.8045 4
      vertex 146.72 75.5769 4
    endloop
  endfacet
  facet normal -0 0 -1
    outer loop
      vertex 147.5 75.5 4
      vertex 135.414 74 4
      vertex 146.72 75.5769 4
    endloop
  endfacet
  facet normal -0 0 -1
    outer loop
      vertex 144.566 76.8 4
      vertex 135.414 74 4
      vertex 136 76.8 4
    endloop
  endfacet
  facet normal 0 0 -1
    outer loop
      vertex 135 74.8 4
      vertex 136 76.8 4
      vertex 135.414 74 4
    endloop
  endfacet
  facet normal 0 0 -1
    outer loop
      vertex 135 75.8 4
      vertex 136 76.8 4
      vertex 135 74.8 4
    endloop
  endfacet
  facet normal 0 0 -1
    outer loop
      vertex 135.134 74.3 4
      vertex 135.414 74 4
      vertex 135.293 74.0929 4
    endloop
  endfacet
  facet normal 0 0 -1
    outer loop
      vertex 136 76.8 4
      vertex 135 75.8 4
      vertex 135.741 76.7659 4
    endloop
  endfacet
  facet normal 0 0 -1
    outer loop
      vertex 135.034 74.5412 4
      vertex 135.414 74 4
      vertex 135.134 74.3 4
    endloop
  endfacet
  facet normal 0 0 -1
    outer loop
      vertex 135.741 76.7659 4
      vertex 135 75.8 4
      vertex 135.5 76.666 4
    endloop
  endfacet
  facet normal 0 0 -1
    outer loop
      vertex 135.414 74 4
      vertex 135.034 74.5412 4
      vertex 135 74.8 4
    endloop
  endfacet
  facet normal 0 0 -1
    outer loop
      vertex 135.5 76.666 4
      vertex 135 75.8 4
      vertex 135.293 76.5071 4
    endloop
  endfacet
  facet normal 0 0 -1
    outer loop
      vertex 135.293 76.5071 4
      vertex 135 75.8 4
      vertex 135.134 76.3 4
    endloop
  endfacet
  facet normal 0 0 -1
    outer loop
      vertex 135.134 76.3 4
      vertex 135 75.8 4
      vertex 135.034 76.0588 4
    endloop
  endfacet
  facet normal -0.99148 -0.130256 0
    outer loop
      vertex 133.051 50.1118 3
      vertex 133 50.5 4
      vertex 133 50.5 3
    endloop
  endfacet
  facet normal -0.99148 -0.130256 0
    outer loop
      vertex 133 50.5 4
      vertex 133.051 50.1118 3
      vertex 133.051 50.1118 4
    endloop
  endfacet
  facet normal -0.793857 0.608104 0
    outer loop
      vertex 133.201 73.25 3
      vertex 133.439 73.5607 4
      vertex 133.439 73.5607 3
    endloop
  endfacet
  facet normal -0.793857 0.608104 0
    outer loop
      vertex 133.439 73.5607 4
      vertex 133.201 73.25 3
      vertex 133.201 73.25 4
    endloop
  endfacet
  facet normal -0.608217 0.793771 0
    outer loop
      vertex 133.75 73.799 3
      vertex 133.439 73.5607 4
      vertex 133.75 73.799 4
    endloop
  endfacet
  facet normal -0.608217 0.793771 0
    outer loop
      vertex 133.439 73.5607 4
      vertex 133.75 73.799 3
      vertex 133.439 73.5607 3
    endloop
  endfacet
  facet normal -0.130573 -0.991439 0
    outer loop
      vertex 134.112 49.0511 3
      vertex 134.5 49 4
      vertex 134.112 49.0511 4
    endloop
  endfacet
  facet normal -0.130573 -0.991439 -0
    outer loop
      vertex 134.5 49 4
      vertex 134.112 49.0511 3
      vertex 134.5 49 3
    endloop
  endfacet
  facet normal 0.130308 0.991474 -0
    outer loop
      vertex 160.888 73.9489 3
      vertex 160.573 73.9903 4
      vertex 160.888 73.9489 4
    endloop
  endfacet
  facet normal 0.130573 0.991439 8.509e-05
    outer loop
      vertex 160.5 74 3
      vertex 160.573 73.9903 4
      vertex 160.888 73.9489 3
    endloop
  endfacet
  facet normal 0.131719 0.991287 0
    outer loop
      vertex 160.573 73.9903 4
      vertex 160.5 74 3
      vertex 160.5 74 4
    endloop
  endfacet
  facet normal -0.923755 -0.382983 0
    outer loop
      vertex 133.201 49.75 3
      vertex 133.051 50.1118 4
      vertex 133.051 50.1118 3
    endloop
  endfacet
  facet normal -0.923755 -0.382983 0
    outer loop
      vertex 133.051 50.1118 4
      vertex 133.201 49.75 3
      vertex 133.201 49.75 4
    endloop
  endfacet
  facet normal 0.923755 -0.382983 0
    outer loop
      vertex 161.799 49.75 4
      vertex 161.949 50.1118 3
      vertex 161.949 50.1118 4
    endloop
  endfacet
  facet normal 0.923755 -0.382983 0
    outer loop
      vertex 161.949 50.1118 3
      vertex 161.799 49.75 4
      vertex 161.799 49.75 3
    endloop
  endfacet
  facet normal 0.99148 0.130256 0
    outer loop
      vertex 162 72.5 4
      vertex 161.949 72.8882 3
      vertex 161.949 72.8882 4
    endloop
  endfacet
  facet normal 0.99148 0.130256 0
    outer loop
      vertex 161.949 72.8882 3
      vertex 162 72.5 4
      vertex 162 72.5 3
    endloop
  endfacet
  facet normal -0.382585 -0.92392 0
    outer loop
      vertex 133.75 49.201 3
      vertex 134.112 49.0511 4
      vertex 133.75 49.201 4
    endloop
  endfacet
  facet normal -0.382585 -0.92392 -0
    outer loop
      vertex 134.112 49.0511 4
      vertex 133.75 49.201 3
      vertex 134.112 49.0511 3
    endloop
  endfacet
  facet normal -0.99148 0.130256 0
    outer loop
      vertex 133 72.5 3
      vertex 133.051 72.8882 4
      vertex 133.051 72.8882 3
    endloop
  endfacet
  facet normal -0.99148 0.130256 0
    outer loop
      vertex 133.051 72.8882 4
      vertex 133 72.5 3
      vertex 133 72.5 4
    endloop
  endfacet
  facet normal 0.793857 0.608104 0
    outer loop
      vertex 161.799 73.25 4
      vertex 161.561 73.5607 3
      vertex 161.561 73.5607 4
    endloop
  endfacet
  facet normal 0.793857 0.608104 0
    outer loop
      vertex 161.561 73.5607 3
      vertex 161.799 73.25 4
      vertex 161.799 73.25 3
    endloop
  endfacet
  facet normal -0.130534 -0.991444 0
    outer loop
      vertex 135.241 50.5341 4
      vertex 135.5 50.5 5.2
      vertex 135.241 50.5341 5.2
    endloop
  endfacet
  facet normal -0.130534 -0.991444 -0
    outer loop
      vertex 135.5 50.5 5.2
      vertex 135.241 50.5341 4
      vertex 135.5 50.5 4
    endloop
  endfacet
  facet normal 0.608914 -0.793236 0
    outer loop
      vertex 160 50.634 4
      vertex 160.207 50.7929 5.2
      vertex 160 50.634 5.2
    endloop
  endfacet
  facet normal 0.608914 -0.793236 0
    outer loop
      vertex 160.207 50.7929 5.2
      vertex 160 50.634 4
      vertex 160.207 50.7929 4
    endloop
  endfacet
  facet normal -0.608914 0.793236 0
    outer loop
      vertex 135 72.366 4
      vertex 134.793 72.2071 5.2
      vertex 135 72.366 5.2
    endloop
  endfacet
  facet normal -0.608914 0.793236 0
    outer loop
      vertex 134.793 72.2071 5.2
      vertex 135 72.366 4
      vertex 134.793 72.2071 4
    endloop
  endfacet
  facet normal 0 1 -0
    outer loop
      vertex 159.5 72.5 4
      vertex 135.5 72.5 5.2
      vertex 159.5 72.5 5.2
    endloop
  endfacet
  facet normal 0 1 0
    outer loop
      vertex 135.5 72.5 5.2
      vertex 159.5 72.5 4
      vertex 135.5 72.5 4
    endloop
  endfacet
  facet normal 0 -1 0
    outer loop
      vertex 135.5 50.5 4
      vertex 159.5 50.5 5.2
      vertex 135.5 50.5 5.2
    endloop
  endfacet
  facet normal 0 -1 -0
    outer loop
      vertex 159.5 50.5 5.2
      vertex 135.5 50.5 4
      vertex 159.5 50.5 4
    endloop
  endfacet
  facet normal 0.382927 0.923778 -0
    outer loop
      vertex 160 72.366 4
      vertex 159.759 72.4659 5.2
      vertex 160 72.366 5.2
    endloop
  endfacet
  facet normal 0.382927 0.923778 0
    outer loop
      vertex 159.759 72.4659 5.2
      vertex 160 72.366 4
      vertex 159.759 72.4659 4
    endloop
  endfacet
  facet normal -0.608914 -0.793236 0
    outer loop
      vertex 134.793 50.7929 4
      vertex 135 50.634 5.2
      vertex 134.793 50.7929 5.2
    endloop
  endfacet
  facet normal -0.608914 -0.793236 -0
    outer loop
      vertex 135 50.634 5.2
      vertex 134.793 50.7929 4
      vertex 135 50.634 4
    endloop
  endfacet
  facet normal -0.130534 0.991444 0
    outer loop
      vertex 135.5 72.5 4
      vertex 135.241 72.4659 5.2
      vertex 135.5 72.5 5.2
    endloop
  endfacet
  facet normal -0.130534 0.991444 0
    outer loop
      vertex 135.241 72.4659 5.2
      vertex 135.5 72.5 4
      vertex 135.241 72.4659 4
    endloop
  endfacet
  facet normal 0.608914 0.793236 -0
    outer loop
      vertex 160.207 72.2071 4
      vertex 160 72.366 5.2
      vertex 160.207 72.2071 5.2
    endloop
  endfacet
  facet normal 0.608914 0.793236 0
    outer loop
      vertex 160 72.366 5.2
      vertex 160.207 72.2071 4
      vertex 160 72.366 4
    endloop
  endfacet
  facet normal 0.99148 0.130256 0
    outer loop
      vertex 160.5 71.5 5.2
      vertex 160.466 71.7588 4
      vertex 160.466 71.7588 5.2
    endloop
  endfacet
  facet normal 0.99148 0.130256 0
    outer loop
      vertex 160.466 71.7588 4
      vertex 160.5 71.5 5.2
      vertex 160.5 71.5 4
    endloop
  endfacet
  facet normal -1 0 0
    outer loop
      vertex 134.5 66.3565 4
      vertex 134.5 71.5 5.2
      vertex 134.5 71.5 4
    endloop
  endfacet
  facet normal -1 -0 0
    outer loop
      vertex 134.5 71.5 5.2
      vertex 134.5 66.3565 4
      vertex 134.5 66.3565 5.2
    endloop
  endfacet
  facet normal -1 0 0
    outer loop
      vertex 134.5 51.5 4
      vertex 134.5 58.6435 5.2
      vertex 134.5 58.6435 4
    endloop
  endfacet
  facet normal -1 -0 0
    outer loop
      vertex 134.5 58.6435 5.2
      vertex 134.5 51.5 4
      vertex 134.5 51.5 5.2
    endloop
  endfacet
  facet normal -1 0 0
    outer loop
      vertex 134.5 60.446 4.11
      vertex 134.5 64.554 5.2
      vertex 134.5 64.554 4.11
    endloop
  endfacet
  facet normal -1 -0 0
    outer loop
      vertex 134.5 64.554 5.2
      vertex 134.5 60.446 4.11
      vertex 134.5 60.446 5.2
    endloop
  endfacet
  facet normal 0.793193 0.60897 0
    outer loop
      vertex 160.366 72 5.2
      vertex 160.207 72.2071 4
      vertex 160.207 72.2071 5.2
    endloop
  endfacet
  facet normal 0.793193 0.60897 0
    outer loop
      vertex 160.207 72.2071 4
      vertex 160.366 72 5.2
      vertex 160.366 72 4
    endloop
  endfacet
  facet normal 0.923755 -0.382983 0
    outer loop
      vertex 160.366 51 5.2
      vertex 160.466 51.2412 4
      vertex 160.466 51.2412 5.2
    endloop
  endfacet
  facet normal 0.923755 -0.382983 0
    outer loop
      vertex 160.466 51.2412 4
      vertex 160.366 51 5.2
      vertex 160.366 51 4
    endloop
  endfacet
  facet normal 0.923755 0.382983 0
    outer loop
      vertex 160.466 71.7588 5.2
      vertex 160.366 72 4
      vertex 160.366 72 5.2
    endloop
  endfacet
  facet normal 0.923755 0.382983 0
    outer loop
      vertex 160.366 72 4
      vertex 160.466 71.7588 5.2
      vertex 160.466 71.7588 4
    endloop
  endfacet
  facet normal 0.130534 -0.991444 0
    outer loop
      vertex 159.5 50.5 4
      vertex 159.759 50.5341 5.2
      vertex 159.5 50.5 5.2
    endloop
  endfacet
  facet normal 0.130534 -0.991444 0
    outer loop
      vertex 159.759 50.5341 5.2
      vertex 159.5 50.5 4
      vertex 159.759 50.5341 4
    endloop
  endfacet
  facet normal -0.382927 -0.923778 0
    outer loop
      vertex 135 50.634 4
      vertex 135.241 50.5341 5.2
      vertex 135 50.634 5.2
    endloop
  endfacet
  facet normal -0.382927 -0.923778 -0
    outer loop
      vertex 135.241 50.5341 5.2
      vertex 135 50.634 4
      vertex 135.241 50.5341 4
    endloop
  endfacet
  facet normal -0.382927 0.923778 0
    outer loop
      vertex 135.241 72.4659 4
      vertex 135 72.366 5.2
      vertex 135.241 72.4659 5.2
    endloop
  endfacet
  facet normal -0.382927 0.923778 0
    outer loop
      vertex 135 72.366 5.2
      vertex 135.241 72.4659 4
      vertex 135 72.366 4
    endloop
  endfacet
  facet normal 0.130534 0.991444 -0
    outer loop
      vertex 159.759 72.4659 4
      vertex 159.5 72.5 5.2
      vertex 159.759 72.4659 5.2
    endloop
  endfacet
  facet normal 0.130534 0.991444 0
    outer loop
      vertex 159.5 72.5 5.2
      vertex 159.759 72.4659 4
      vertex 159.5 72.5 4
    endloop
  endfacet
  facet normal 0.99148 -0.130256 0
    outer loop
      vertex 160.466 51.2412 5.2
      vertex 160.5 51.5 4
      vertex 160.5 51.5 5.2
    endloop
  endfacet
  facet normal 0.99148 -0.130256 0
    outer loop
      vertex 160.5 51.5 4
      vertex 160.466 51.2412 5.2
      vertex 160.466 51.2412 4
    endloop
  endfacet
  facet normal -0.793193 0.60897 0
    outer loop
      vertex 134.634 72 4
      vertex 134.793 72.2071 5.2
      vertex 134.793 72.2071 4
    endloop
  endfacet
  facet normal -0.793193 0.60897 0
    outer loop
      vertex 134.793 72.2071 5.2
      vertex 134.634 72 4
      vertex 134.634 72 5.2
    endloop
  endfacet
  facet normal 1 -0 0
    outer loop
      vertex 160.5 51.5 5.2
      vertex 160.5 71.5 4
      vertex 160.5 71.5 5.2
    endloop
  endfacet
  facet normal 1 0 0
    outer loop
      vertex 160.5 71.5 4
      vertex 160.5 51.5 5.2
      vertex 160.5 51.5 4
    endloop
  endfacet
  facet normal -0.923755 0.382983 0
    outer loop
      vertex 134.534 71.7588 4
      vertex 134.634 72 5.2
      vertex 134.634 72 4
    endloop
  endfacet
  facet normal -0.923755 0.382983 0
    outer loop
      vertex 134.634 72 5.2
      vertex 134.534 71.7588 4
      vertex 134.534 71.7588 5.2
    endloop
  endfacet
  facet normal -0.923755 -0.382983 0
    outer loop
      vertex 134.634 51 4
      vertex 134.534 51.2412 5.2
      vertex 134.534 51.2412 4
    endloop
  endfacet
  facet normal -0.923755 -0.382983 0
    outer loop
      vertex 134.534 51.2412 5.2
      vertex 134.634 51 4
      vertex 134.634 51 5.2
    endloop
  endfacet
  facet normal -0.99148 -0.130256 0
    outer loop
      vertex 134.534 51.2412 4
      vertex 134.5 51.5 5.2
      vertex 134.5 51.5 4
    endloop
  endfacet
  facet normal -0.99148 -0.130256 0
    outer loop
      vertex 134.5 51.5 5.2
      vertex 134.534 51.2412 4
      vertex 134.534 51.2412 5.2
    endloop
  endfacet
  facet normal -0.99148 0.130256 0
    outer loop
      vertex 134.5 71.5 4
      vertex 134.534 71.7588 5.2
      vertex 134.534 71.7588 4
    endloop
  endfacet
  facet normal -0.99148 0.130256 0
    outer loop
      vertex 134.534 71.7588 5.2
      vertex 134.5 71.5 4
      vertex 134.5 71.5 5.2
    endloop
  endfacet
  facet normal 0 0 1
    outer loop
      vertex 159.5 72.5 5.2
      vertex 160.5 71.5 5.2
      vertex 160.466 71.7588 5.2
    endloop
  endfacet
  facet normal 0 0 1
    outer loop
      vertex 137.5 62.5 5.2
      vertex 160.5 71.5 5.2
      vertex 159.5 72.5 5.2
    endloop
  endfacet
  facet normal 0 0 1
    outer loop
      vertex 159.5 72.5 5.2
      vertex 160.466 71.7588 5.2
      vertex 160.366 72 5.2
    endloop
  endfacet
  facet normal 0 0 1
    outer loop
      vertex 160.5 71.5 5.2
      vertex 137.5 62.5 5.2
      vertex 160.5 51.5 5.2
    endloop
  endfacet
  facet normal 0 0 1
    outer loop
      vertex 159.5 72.5 5.2
      vertex 160.366 72 5.2
      vertex 160.207 72.2071 5.2
    endloop
  endfacet
  facet normal 0 0 1
    outer loop
      vertex 160.5 51.5 5.2
      vertex 159.5 50.5 5.2
      vertex 160.466 51.2412 5.2
    endloop
  endfacet
  facet normal 0 0 1
    outer loop
      vertex 159.5 72.5 5.2
      vertex 160.207 72.2071 5.2
      vertex 160 72.366 5.2
    endloop
  endfacet
  facet normal 0 0 1
    outer loop
      vertex 160.466 51.2412 5.2
      vertex 159.5 50.5 5.2
      vertex 160.366 51 5.2
    endloop
  endfacet
  facet normal 0 0 1
    outer loop
      vertex 159.5 72.5 5.2
      vertex 160 72.366 5.2
      vertex 159.759 72.4659 5.2
    endloop
  endfacet
  facet normal 0 0 1
    outer loop
      vertex 160.366 51 5.2
      vertex 159.5 50.5 5.2
      vertex 160.207 50.7929 5.2
    endloop
  endfacet
  facet normal 0 0 1
    outer loop
      vertex 160.207 50.7929 5.2
      vertex 159.5 50.5 5.2
      vertex 160 50.634 5.2
    endloop
  endfacet
  facet normal 0 0 1
    outer loop
      vertex 160 50.634 5.2
      vertex 159.5 50.5 5.2
      vertex 159.759 50.5341 5.2
    endloop
  endfacet
  facet normal -0 0 1
    outer loop
      vertex 137.423 61.7196 5.2
      vertex 160.5 51.5 5.2
      vertex 137.5 62.5 5.2
    endloop
  endfacet
  facet normal 0 0 1
    outer loop
      vertex 159.5 72.5 5.2
      vertex 137.423 63.2804 5.2
      vertex 137.5 62.5 5.2
    endloop
  endfacet
  facet normal 0 0 1
    outer loop
      vertex 159.5 72.5 5.2
      vertex 137.196 64.0307 5.2
      vertex 137.423 63.2804 5.2
    endloop
  endfacet
  facet normal 0 0 1
    outer loop
      vertex 159.5 72.5 5.2
      vertex 136.826 64.7223 5.2
      vertex 137.196 64.0307 5.2
    endloop
  endfacet
  facet normal -0 0 1
    outer loop
      vertex 135.5 72.5 5.2
      vertex 136.826 64.7223 5.2
      vertex 159.5 72.5 5.2
    endloop
  endfacet
  facet normal 0 0 1
    outer loop
      vertex 136.826 64.7223 5.2
      vertex 135.5 72.5 5.2
      vertex 136.328 65.3284 5.2
    endloop
  endfacet
  facet normal 0 0 1
    outer loop
      vertex 136.328 65.3284 5.2
      vertex 135.5 72.5 5.2
      vertex 135.722 65.8259 5.2
    endloop
  endfacet
  facet normal 0 0 1
    outer loop
      vertex 134.5 71.5 5.2
      vertex 135.5 72.5 5.2
      vertex 135.241 72.4659 5.2
    endloop
  endfacet
  facet normal 0 0 1
    outer loop
      vertex 135.5 72.5 5.2
      vertex 134.5 71.5 5.2
      vertex 135.722 65.8259 5.2
    endloop
  endfacet
  facet normal 0 0 1
    outer loop
      vertex 134.5 71.5 5.2
      vertex 135.241 72.4659 5.2
      vertex 135 72.366 5.2
    endloop
  endfacet
  facet normal 0 0 1
    outer loop
      vertex 134.5 71.5 5.2
      vertex 135 72.366 5.2
      vertex 134.793 72.2071 5.2
    endloop
  endfacet
  facet normal 0 0 1
    outer loop
      vertex 134.5 71.5 5.2
      vertex 134.793 72.2071 5.2
      vertex 134.634 72 5.2
    endloop
  endfacet
  facet normal 0 0 1
    outer loop
      vertex 134.5 71.5 5.2
      vertex 134.634 72 5.2
      vertex 134.534 71.7588 5.2
    endloop
  endfacet
  facet normal 0 0 1
    outer loop
      vertex 135.722 65.8259 5.2
      vertex 134.5 71.5 5.2
      vertex 135.031 66.1955 5.2
    endloop
  endfacet
  facet normal 0 0 1
    outer loop
      vertex 135.031 66.1955 5.2
      vertex 134.5 71.5 5.2
      vertex 134.5 66.3565 5.2
    endloop
  endfacet
  facet normal 0 0 1
    outer loop
      vertex 160.5 51.5 5.2
      vertex 137.423 61.7196 5.2
      vertex 159.5 50.5 5.2
    endloop
  endfacet
  facet normal -0 0 1
    outer loop
      vertex 137.196 60.9693 5.2
      vertex 159.5 50.5 5.2
      vertex 137.423 61.7196 5.2
    endloop
  endfacet
  facet normal -0 0 1
    outer loop
      vertex 136.826 60.2777 5.2
      vertex 159.5 50.5 5.2
      vertex 137.196 60.9693 5.2
    endloop
  endfacet
  facet normal 0 0 1
    outer loop
      vertex 135.5 50.5 5.2
      vertex 136.826 60.2777 5.2
      vertex 136.328 59.6716 5.2
    endloop
  endfacet
  facet normal 0 0 1
    outer loop
      vertex 135.5 50.5 5.2
      vertex 136.328 59.6716 5.2
      vertex 135.722 59.1741 5.2
    endloop
  endfacet
  facet normal 0 0 1
    outer loop
      vertex 136.826 60.2777 5.2
      vertex 135.5 50.5 5.2
      vertex 159.5 50.5 5.2
    endloop
  endfacet
  facet normal -0 0 1
    outer loop
      vertex 134.5 51.5 5.2
      vertex 135.5 50.5 5.2
      vertex 135.722 59.1741 5.2
    endloop
  endfacet
  facet normal 0 0 1
    outer loop
      vertex 134.5 51.5 5.2
      vertex 135.722 59.1741 5.2
      vertex 135.031 58.8045 5.2
    endloop
  endfacet
  facet normal 0 0 1
    outer loop
      vertex 135.5 50.5 5.2
      vertex 134.5 51.5 5.2
      vertex 135.241 50.5341 5.2
    endloop
  endfacet
  facet normal 0 0 1
    outer loop
      vertex 135.241 50.5341 5.2
      vertex 134.5 51.5 5.2
      vertex 135 50.634 5.2
    endloop
  endfacet
  facet normal 0 0 1
    outer loop
      vertex 135 50.634 5.2
      vertex 134.5 51.5 5.2
      vertex 134.793 50.7929 5.2
    endloop
  endfacet
  facet normal 0 0 1
    outer loop
      vertex 134.793 50.7929 5.2
      vertex 134.5 51.5 5.2
      vertex 134.634 51 5.2
    endloop
  endfacet
  facet normal 0 0 1
    outer loop
      vertex 134.5 51.5 5.2
      vertex 135.031 58.8045 5.2
      vertex 134.5 58.6435 5.2
    endloop
  endfacet
  facet normal 0 0 1
    outer loop
      vertex 134.634 51 5.2
      vertex 134.5 51.5 5.2
      vertex 134.534 51.2412 5.2
    endloop
  endfacet
  facet normal 0 0 1
    outer loop
      vertex 135.722 63.0953 5.2
      vertex 135.722 61.9047 5.2
      vertex 135.8 62.5 5.2
    endloop
  endfacet
  facet normal 0 0 1
    outer loop
      vertex 135.492 63.65 5.2
      vertex 135.722 61.9047 5.2
      vertex 135.722 63.0953 5.2
    endloop
  endfacet
  facet normal 0 0 1
    outer loop
      vertex 135.492 63.65 5.2
      vertex 135.492 61.35 5.2
      vertex 135.722 61.9047 5.2
    endloop
  endfacet
  facet normal 0 0 1
    outer loop
      vertex 134.5 64.554 5.2
      vertex 135.492 63.65 5.2
      vertex 135.126 64.1263 5.2
    endloop
  endfacet
  facet normal 0 0 1
    outer loop
      vertex 135.492 63.65 5.2
      vertex 134.5 64.554 5.2
      vertex 135.492 61.35 5.2
    endloop
  endfacet
  facet normal 0 0 1
    outer loop
      vertex 134.5 64.554 5.2
      vertex 135.126 64.1263 5.2
      vertex 134.65 64.4919 5.2
    endloop
  endfacet
  facet normal 0 0 1
    outer loop
      vertex 134.5 60.446 5.2
      vertex 135.492 61.35 5.2
      vertex 134.5 64.554 5.2
    endloop
  endfacet
  facet normal 0 0 1
    outer loop
      vertex 135.492 61.35 5.2
      vertex 134.5 60.446 5.2
      vertex 135.126 60.8737 5.2
    endloop
  endfacet
  facet normal 0 0 1
    outer loop
      vertex 135.126 60.8737 5.2
      vertex 134.5 60.446 5.2
      vertex 134.65 60.5081 5.2
    endloop
  endfacet
  facet normal 0.793193 -0.60897 0
    outer loop
      vertex 160.207 50.7929 5.2
      vertex 160.366 51 4
      vertex 160.366 51 5.2
    endloop
  endfacet
  facet normal 0.793193 -0.60897 0
    outer loop
      vertex 160.366 51 4
      vertex 160.207 50.7929 5.2
      vertex 160.207 50.7929 4
    endloop
  endfacet
  facet normal -0.793193 -0.60897 0
    outer loop
      vertex 134.793 50.7929 4
      vertex 134.634 51 5.2
      vertex 134.634 51 4
    endloop
  endfacet
  facet normal -0.793193 -0.60897 0
    outer loop
      vertex 134.634 51 5.2
      vertex 134.793 50.7929 4
      vertex 134.793 50.7929 5.2
    endloop
  endfacet
  facet normal 0.382927 -0.923778 0
    outer loop
      vertex 159.759 50.5341 4
      vertex 160 50.634 5.2
      vertex 159.759 50.5341 5.2
    endloop
  endfacet
  facet normal 0.382927 -0.923778 0
    outer loop
      vertex 160 50.634 5.2
      vertex 159.759 50.5341 4
      vertex 160 50.634 4
    endloop
  endfacet
  facet normal 0.382927 0.923778 -0
    outer loop
      vertex 160.5 49.066 4
      vertex 160.259 49.1659 9
      vertex 160.5 49.066 9
    endloop
  endfacet
  facet normal 0.382927 0.923778 0
    outer loop
      vertex 160.259 49.1659 9
      vertex 160.5 49.066 4
      vertex 160.259 49.1659 4
    endloop
  endfacet
  facet normal 0 -1 0
    outer loop
      vertex 136 46.2 4
      vertex 144.566 46.2 9
      vertex 136 46.2 9
    endloop
  endfacet
  facet normal 0 -1 -0
    outer loop
      vertex 144.566 46.2 9
      vertex 136 46.2 4
      vertex 144.566 46.2 4
    endloop
  endfacet
  facet normal 0 -1 0
    outer loop
      vertex 150.434 46.2 4
      vertex 160 46.2 9
      vertex 150.434 46.2 9
    endloop
  endfacet
  facet normal 0 -1 -0
    outer loop
      vertex 160 46.2 9
      vertex 150.434 46.2 4
      vertex 160 46.2 4
    endloop
  endfacet
  facet normal 0.608914 -0.793236 0
    outer loop
      vertex 160.5 46.334 4
      vertex 160.707 46.4929 9
      vertex 160.5 46.334 9
    endloop
  endfacet
  facet normal 0.608914 -0.793236 0
    outer loop
      vertex 160.707 46.4929 9
      vertex 160.5 46.334 4
      vertex 160.707 46.4929 4
    endloop
  endfacet
  facet normal -0.608914 -0.793236 0
    outer loop
      vertex 135.293 46.4929 4
      vertex 135.5 46.334 9
      vertex 135.293 46.4929 9
    endloop
  endfacet
  facet normal -0.608914 -0.793236 -0
    outer loop
      vertex 135.5 46.334 9
      vertex 135.293 46.4929 4
      vertex 135.5 46.334 4
    endloop
  endfacet
  facet normal -0.923755 -0.382983 0
    outer loop
      vertex 135.134 46.7 4
      vertex 135.034 46.9412 9
      vertex 135.034 46.9412 4
    endloop
  endfacet
  facet normal -0.923755 -0.382983 0
    outer loop
      vertex 135.034 46.9412 9
      vertex 135.134 46.7 4
      vertex 135.134 46.7 9
    endloop
  endfacet
  facet normal -0.382927 -0.923778 0
    outer loop
      vertex 135.5 46.334 4
      vertex 135.741 46.2341 9
      vertex 135.5 46.334 9
    endloop
  endfacet
  facet normal -0.382927 -0.923778 -0
    outer loop
      vertex 135.741 46.2341 9
      vertex 135.5 46.334 4
      vertex 135.741 46.2341 4
    endloop
  endfacet
  facet normal 0 1 -0
    outer loop
      vertex 160 49.2 4
      vertex 136 49.2 9
      vertex 160 49.2 9
    endloop
  endfacet
  facet normal 0 1 0
    outer loop
      vertex 136 49.2 9
      vertex 160 49.2 4
      vertex 136 49.2 4
    endloop
  endfacet
  facet normal -0.99148 0.130256 0
    outer loop
      vertex 135 48.2 4
      vertex 135.034 48.4588 9
      vertex 135.034 48.4588 4
    endloop
  endfacet
  facet normal -0.99148 0.130256 0
    outer loop
      vertex 135.034 48.4588 9
      vertex 135 48.2 4
      vertex 135 48.2 9
    endloop
  endfacet
  facet normal 0.99148 -0.130256 0
    outer loop
      vertex 160.966 46.9412 9
      vertex 161 47.2 4
      vertex 161 47.2 9
    endloop
  endfacet
  facet normal 0.99148 -0.130256 0
    outer loop
      vertex 161 47.2 4
      vertex 160.966 46.9412 9
      vertex 160.966 46.9412 4
    endloop
  endfacet
  facet normal -1 0 0
    outer loop
      vertex 135 47.2 4
      vertex 135 48.2 9
      vertex 135 48.2 4
    endloop
  endfacet
  facet normal -1 -0 0
    outer loop
      vertex 135 48.2 9
      vertex 135 47.2 4
      vertex 135 47.2 9
    endloop
  endfacet
  facet normal 0.99148 0.130256 0
    outer loop
      vertex 161 48.2 9
      vertex 160.966 48.4588 4
      vertex 160.966 48.4588 9
    endloop
  endfacet
  facet normal 0.99148 0.130256 0
    outer loop
      vertex 160.966 48.4588 4
      vertex 161 48.2 9
      vertex 161 48.2 4
    endloop
  endfacet
  facet normal -0.99148 -0.130256 0
    outer loop
      vertex 135.034 46.9412 4
      vertex 135 47.2 9
      vertex 135 47.2 4
    endloop
  endfacet
  facet normal -0.99148 -0.130256 0
    outer loop
      vertex 135 47.2 9
      vertex 135.034 46.9412 4
      vertex 135.034 46.9412 9
    endloop
  endfacet
  facet normal -0.382927 0.923778 0
    outer loop
      vertex 135.741 49.1659 4
      vertex 135.5 49.066 9
      vertex 135.741 49.1659 9
    endloop
  endfacet
  facet normal -0.382927 0.923778 0
    outer loop
      vertex 135.5 49.066 9
      vertex 135.741 49.1659 4
      vertex 135.5 49.066 4
    endloop
  endfacet
  facet normal -0.793193 -0.60897 0
    outer loop
      vertex 135.293 46.4929 4
      vertex 135.134 46.7 9
      vertex 135.134 46.7 4
    endloop
  endfacet
  facet normal -0.793193 -0.60897 0
    outer loop
      vertex 135.134 46.7 9
      vertex 135.293 46.4929 4
      vertex 135.293 46.4929 9
    endloop
  endfacet
  facet normal 0 0 1
    outer loop
      vertex 160 49.2 9
      vertex 161 48.2 9
      vertex 160.966 48.4588 9
    endloop
  endfacet
  facet normal 0 0 1
    outer loop
      vertex 161 48.2 9
      vertex 160 49.2 9
      vertex 161 47.2 9
    endloop
  endfacet
  facet normal 0 0 1
    outer loop
      vertex 160 49.2 9
      vertex 160.966 48.4588 9
      vertex 160.866 48.7 9
    endloop
  endfacet
  facet normal 0 0 1
    outer loop
      vertex 160 46.2 9
      vertex 161 47.2 9
      vertex 160 49.2 9
    endloop
  endfacet
  facet normal 0 0 1
    outer loop
      vertex 160 49.2 9
      vertex 160.866 48.7 9
      vertex 160.707 48.9071 9
    endloop
  endfacet
  facet normal 0 0 1
    outer loop
      vertex 161 47.2 9
      vertex 160 46.2 9
      vertex 160.966 46.9412 9
    endloop
  endfacet
  facet normal 0 0 1
    outer loop
      vertex 160 49.2 9
      vertex 160.707 48.9071 9
      vertex 160.5 49.066 9
    endloop
  endfacet
  facet normal 0 0 1
    outer loop
      vertex 160.966 46.9412 9
      vertex 160 46.2 9
      vertex 160.866 46.7 9
    endloop
  endfacet
  facet normal 0 0 1
    outer loop
      vertex 160 49.2 9
      vertex 160.5 49.066 9
      vertex 160.259 49.1659 9
    endloop
  endfacet
  facet normal 0 0 1
    outer loop
      vertex 160.866 46.7 9
      vertex 160 46.2 9
      vertex 160.707 46.4929 9
    endloop
  endfacet
  facet normal 0 0 1
    outer loop
      vertex 160.707 46.4929 9
      vertex 160 46.2 9
      vertex 160.5 46.334 9
    endloop
  endfacet
  facet normal 0 0 1
    outer loop
      vertex 160.5 46.334 9
      vertex 160 46.2 9
      vertex 160.259 46.2341 9
    endloop
  endfacet
  facet normal 0 0 1
    outer loop
      vertex 160 49.2 9
      vertex 150.434 46.2 9
      vertex 160 46.2 9
    endloop
  endfacet
  facet normal 0 0 1
    outer loop
      vertex 160 49.2 9
      vertex 150.328 46.3284 9
      vertex 150.434 46.2 9
    endloop
  endfacet
  facet normal 0 0 1
    outer loop
      vertex 160 49.2 9
      vertex 149.722 46.8259 9
      vertex 150.328 46.3284 9
    endloop
  endfacet
  facet normal 0 0 1
    outer loop
      vertex 160 49.2 9
      vertex 149.031 47.1955 9
      vertex 149.722 46.8259 9
    endloop
  endfacet
  facet normal 0 0 1
    outer loop
      vertex 160 49.2 9
      vertex 148.28 47.4231 9
      vertex 149.031 47.1955 9
    endloop
  endfacet
  facet normal 0 0 1
    outer loop
      vertex 160 49.2 9
      vertex 147.5 47.5 9
      vertex 148.28 47.4231 9
    endloop
  endfacet
  facet normal -0 0 1
    outer loop
      vertex 136 49.2 9
      vertex 147.5 47.5 9
      vertex 160 49.2 9
    endloop
  endfacet
  facet normal 0 0 1
    outer loop
      vertex 147.5 47.5 9
      vertex 136 49.2 9
      vertex 146.72 47.4231 9
    endloop
  endfacet
  facet normal 0 0 1
    outer loop
      vertex 136 49.2 9
      vertex 145.969 47.1955 9
      vertex 146.72 47.4231 9
    endloop
  endfacet
  facet normal 0 0 1
    outer loop
      vertex 136 49.2 9
      vertex 145.278 46.8259 9
      vertex 145.969 47.1955 9
    endloop
  endfacet
  facet normal 0 0 1
    outer loop
      vertex 136 49.2 9
      vertex 144.672 46.3284 9
      vertex 145.278 46.8259 9
    endloop
  endfacet
  facet normal 0 0 1
    outer loop
      vertex 136 49.2 9
      vertex 144.566 46.2 9
      vertex 144.672 46.3284 9
    endloop
  endfacet
  facet normal 0 0 1
    outer loop
      vertex 136 49.2 9
      vertex 136 46.2 9
      vertex 144.566 46.2 9
    endloop
  endfacet
  facet normal 0 0 1
    outer loop
      vertex 135 48.2 9
      vertex 136 49.2 9
      vertex 135.741 49.1659 9
    endloop
  endfacet
  facet normal 0 0 1
    outer loop
      vertex 136 49.2 9
      vertex 135 48.2 9
      vertex 136 46.2 9
    endloop
  endfacet
  facet normal 0 0 1
    outer loop
      vertex 135 48.2 9
      vertex 135.741 49.1659 9
      vertex 135.5 49.066 9
    endloop
  endfacet
  facet normal -0 0 1
    outer loop
      vertex 135 47.2 9
      vertex 136 46.2 9
      vertex 135 48.2 9
    endloop
  endfacet
  facet normal 0 0 1
    outer loop
      vertex 135 48.2 9
      vertex 135.5 49.066 9
      vertex 135.293 48.9071 9
    endloop
  endfacet
  facet normal 0 0 1
    outer loop
      vertex 136 46.2 9
      vertex 135 47.2 9
      vertex 135.741 46.2341 9
    endloop
  endfacet
  facet normal 0 0 1
    outer loop
      vertex 135 48.2 9
      vertex 135.293 48.9071 9
      vertex 135.134 48.7 9
    endloop
  endfacet
  facet normal 0 0 1
    outer loop
      vertex 135.741 46.2341 9
      vertex 135 47.2 9
      vertex 135.5 46.334 9
    endloop
  endfacet
  facet normal 0 0 1
    outer loop
      vertex 135 48.2 9
      vertex 135.134 48.7 9
      vertex 135.034 48.4588 9
    endloop
  endfacet
  facet normal 0 0 1
    outer loop
      vertex 135.5 46.334 9
      vertex 135 47.2 9
      vertex 135.293 46.4929 9
    endloop
  endfacet
  facet normal 0 0 1
    outer loop
      vertex 135.293 46.4929 9
      vertex 135 47.2 9
      vertex 135.134 46.7 9
    endloop
  endfacet
  facet normal 0 0 1
    outer loop
      vertex 135.134 46.7 9
      vertex 135 47.2 9
      vertex 135.034 46.9412 9
    endloop
  endfacet
  facet normal 1 -0 0
    outer loop
      vertex 161 47.2 9
      vertex 161 48.2 4
      vertex 161 48.2 9
    endloop
  endfacet
  facet normal 1 0 0
    outer loop
      vertex 161 48.2 4
      vertex 161 47.2 9
      vertex 161 47.2 4
    endloop
  endfacet
  facet normal -0.130534 0.991444 0
    outer loop
      vertex 136 49.2 4
      vertex 135.741 49.1659 9
      vertex 136 49.2 9
    endloop
  endfacet
  facet normal -0.130534 0.991444 0
    outer loop
      vertex 135.741 49.1659 9
      vertex 136 49.2 4
      vertex 135.741 49.1659 4
    endloop
  endfacet
  facet normal 0.793193 0.60897 0
    outer loop
      vertex 160.866 48.7 9
      vertex 160.707 48.9071 4
      vertex 160.707 48.9071 9
    endloop
  endfacet
  facet normal 0.793193 0.60897 0
    outer loop
      vertex 160.707 48.9071 4
      vertex 160.866 48.7 9
      vertex 160.866 48.7 4
    endloop
  endfacet
  facet normal -0.793193 0.60897 0
    outer loop
      vertex 135.134 48.7 4
      vertex 135.293 48.9071 9
      vertex 135.293 48.9071 4
    endloop
  endfacet
  facet normal -0.793193 0.60897 0
    outer loop
      vertex 135.293 48.9071 9
      vertex 135.134 48.7 4
      vertex 135.134 48.7 9
    endloop
  endfacet
  facet normal -0.923755 0.382983 0
    outer loop
      vertex 135.034 48.4588 4
      vertex 135.134 48.7 9
      vertex 135.134 48.7 4
    endloop
  endfacet
  facet normal -0.923755 0.382983 0
    outer loop
      vertex 135.134 48.7 9
      vertex 135.034 48.4588 4
      vertex 135.034 48.4588 9
    endloop
  endfacet
  facet normal 0.923755 0.382983 0
    outer loop
      vertex 160.966 48.4588 9
      vertex 160.866 48.7 4
      vertex 160.866 48.7 9
    endloop
  endfacet
  facet normal 0.923755 0.382983 0
    outer loop
      vertex 160.866 48.7 4
      vertex 160.966 48.4588 9
      vertex 160.966 48.4588 4
    endloop
  endfacet
  facet normal 0.607934 0.793988 0
    outer loop
      vertex 160.573 49.0097 4
      vertex 160.707 48.9071 9
      vertex 160.707 48.9071 4
    endloop
  endfacet
  facet normal 0.608914 0.793236 -4.16928e-05
    outer loop
      vertex 160.707 48.9071 9
      vertex 160.573 49.0097 4
      vertex 160.5 49.066 9
    endloop
  endfacet
  facet normal 0.610706 0.791857 0
    outer loop
      vertex 160.5 49.066 9
      vertex 160.573 49.0097 4
      vertex 160.5 49.066 4
    endloop
  endfacet
  facet normal -0.130534 -0.991444 0
    outer loop
      vertex 135.741 46.2341 4
      vertex 136 46.2 9
      vertex 135.741 46.2341 9
    endloop
  endfacet
  facet normal -0.130534 -0.991444 -0
    outer loop
      vertex 136 46.2 9
      vertex 135.741 46.2341 4
      vertex 136 46.2 4
    endloop
  endfacet
  facet normal -0.608819 0.793309 0
    outer loop
      vertex 135.414 49 4
      vertex 135.5 49.066 9
      vertex 135.5 49.066 4
    endloop
  endfacet
  facet normal -0.608914 0.793236 2.6058e-06
    outer loop
      vertex 135.5 49.066 9
      vertex 135.414 49 4
      vertex 135.293 48.9071 9
    endloop
  endfacet
  facet normal -0.608982 0.793184 0
    outer loop
      vertex 135.293 48.9071 9
      vertex 135.414 49 4
      vertex 135.293 48.9071 4
    endloop
  endfacet
  facet normal 0.130534 -0.991444 0
    outer loop
      vertex 160 46.2 4
      vertex 160.259 46.2341 9
      vertex 160 46.2 9
    endloop
  endfacet
  facet normal 0.130534 -0.991444 0
    outer loop
      vertex 160.259 46.2341 9
      vertex 160 46.2 4
      vertex 160.259 46.2341 4
    endloop
  endfacet
  facet normal 0.382927 -0.923778 0
    outer loop
      vertex 160.259 46.2341 4
      vertex 160.5 46.334 9
      vertex 160.259 46.2341 9
    endloop
  endfacet
  facet normal 0.382927 -0.923778 0
    outer loop
      vertex 160.5 46.334 9
      vertex 160.259 46.2341 4
      vertex 160.5 46.334 4
    endloop
  endfacet
  facet normal 0.923755 -0.382983 0
    outer loop
      vertex 160.866 46.7 9
      vertex 160.966 46.9412 4
      vertex 160.966 46.9412 9
    endloop
  endfacet
  facet normal 0.923755 -0.382983 0
    outer loop
      vertex 160.966 46.9412 4
      vertex 160.866 46.7 9
      vertex 160.866 46.7 4
    endloop
  endfacet
  facet normal 0.793193 -0.60897 0
    outer loop
      vertex 160.707 46.4929 9
      vertex 160.866 46.7 4
      vertex 160.866 46.7 9
    endloop
  endfacet
  facet normal 0.793193 -0.60897 0
    outer loop
      vertex 160.866 46.7 4
      vertex 160.707 46.4929 9
      vertex 160.707 46.4929 4
    endloop
  endfacet
  facet normal 0.130534 0.991444 -0
    outer loop
      vertex 160.259 49.1659 4
      vertex 160 49.2 9
      vertex 160.259 49.1659 9
    endloop
  endfacet
  facet normal 0.130534 0.991444 0
    outer loop
      vertex 160 49.2 9
      vertex 160.259 49.1659 4
      vertex 160 49.2 4
    endloop
  endfacet
  facet normal 0.99148 0.130256 0
    outer loop
      vertex 161 75.8 9
      vertex 160.966 76.0588 4
      vertex 160.966 76.0588 9
    endloop
  endfacet
  facet normal 0.99148 0.130256 0
    outer loop
      vertex 160.966 76.0588 4
      vertex 161 75.8 9
      vertex 161 75.8 4
    endloop
  endfacet
  facet normal 0.793193 0.60897 0
    outer loop
      vertex 160.866 76.3 9
      vertex 160.707 76.5071 4
      vertex 160.707 76.5071 9
    endloop
  endfacet
  facet normal 0.793193 0.60897 0
    outer loop
      vertex 160.707 76.5071 4
      vertex 160.866 76.3 9
      vertex 160.866 76.3 4
    endloop
  endfacet
  facet normal 0 -1 0
    outer loop
      vertex 136 73.8 4
      vertex 160 73.8 9
      vertex 136 73.8 9
    endloop
  endfacet
  facet normal 0 -1 -0
    outer loop
      vertex 160 73.8 9
      vertex 136 73.8 4
      vertex 160 73.8 4
    endloop
  endfacet
  facet normal 0.610706 -0.791857 0
    outer loop
      vertex 160.573 73.9903 4
      vertex 160.5 73.934 9
      vertex 160.5 73.934 4
    endloop
  endfacet
  facet normal 0.608914 -0.793236 -4.16928e-05
    outer loop
      vertex 160.5 73.934 9
      vertex 160.573 73.9903 4
      vertex 160.707 74.0929 9
    endloop
  endfacet
  facet normal 0.607934 -0.793988 0
    outer loop
      vertex 160.707 74.0929 9
      vertex 160.573 73.9903 4
      vertex 160.707 74.0929 4
    endloop
  endfacet
  facet normal -0.923755 -0.382983 0
    outer loop
      vertex 135.134 74.3 4
      vertex 135.034 74.5412 9
      vertex 135.034 74.5412 4
    endloop
  endfacet
  facet normal -0.923755 -0.382983 0
    outer loop
      vertex 135.034 74.5412 9
      vertex 135.134 74.3 4
      vertex 135.134 74.3 9
    endloop
  endfacet
  facet normal -0.382927 -0.923778 0
    outer loop
      vertex 135.5 73.934 4
      vertex 135.741 73.8341 9
      vertex 135.5 73.934 9
    endloop
  endfacet
  facet normal -0.382927 -0.923778 -0
    outer loop
      vertex 135.741 73.8341 9
      vertex 135.5 73.934 4
      vertex 135.741 73.8341 4
    endloop
  endfacet
  facet normal 0 1 -0
    outer loop
      vertex 144.566 76.8 4
      vertex 136 76.8 9
      vertex 144.566 76.8 9
    endloop
  endfacet
  facet normal 0 1 0
    outer loop
      vertex 136 76.8 9
      vertex 144.566 76.8 4
      vertex 136 76.8 4
    endloop
  endfacet
  facet normal 0 1 -0
    outer loop
      vertex 160 76.8 4
      vertex 150.434 76.8 9
      vertex 160 76.8 9
    endloop
  endfacet
  facet normal 0 1 0
    outer loop
      vertex 150.434 76.8 9
      vertex 160 76.8 4
      vertex 150.434 76.8 4
    endloop
  endfacet
  facet normal -0.99148 0.130256 0
    outer loop
      vertex 135 75.8 4
      vertex 135.034 76.0588 9
      vertex 135.034 76.0588 4
    endloop
  endfacet
  facet normal -0.99148 0.130256 0
    outer loop
      vertex 135.034 76.0588 9
      vertex 135 75.8 4
      vertex 135 75.8 9
    endloop
  endfacet
  facet normal -1 0 0
    outer loop
      vertex 135 74.8 4
      vertex 135 75.8 9
      vertex 135 75.8 4
    endloop
  endfacet
  facet normal -1 -0 0
    outer loop
      vertex 135 75.8 9
      vertex 135 74.8 4
      vertex 135 74.8 9
    endloop
  endfacet
  facet normal -0.608982 -0.793184 0
    outer loop
      vertex 135.414 74 4
      vertex 135.293 74.0929 9
      vertex 135.293 74.0929 4
    endloop
  endfacet
  facet normal -0.608914 -0.793236 2.6058e-06
    outer loop
      vertex 135.293 74.0929 9
      vertex 135.414 74 4
      vertex 135.5 73.934 9
    endloop
  endfacet
  facet normal -0.608819 -0.793309 -0
    outer loop
      vertex 135.5 73.934 9
      vertex 135.414 74 4
      vertex 135.5 73.934 4
    endloop
  endfacet
  facet normal 0.608914 0.793236 -0
    outer loop
      vertex 160.707 76.5071 4
      vertex 160.5 76.666 9
      vertex 160.707 76.5071 9
    endloop
  endfacet
  facet normal 0.608914 0.793236 0
    outer loop
      vertex 160.5 76.666 9
      vertex 160.707 76.5071 4
      vertex 160.5 76.666 4
    endloop
  endfacet
  facet normal -0.382927 0.923778 0
    outer loop
      vertex 135.741 76.7659 4
      vertex 135.5 76.666 9
      vertex 135.741 76.7659 9
    endloop
  endfacet
  facet normal -0.382927 0.923778 0
    outer loop
      vertex 135.5 76.666 9
      vertex 135.741 76.7659 4
      vertex 135.5 76.666 4
    endloop
  endfacet
  facet normal -0.99148 -0.130256 0
    outer loop
      vertex 135.034 74.5412 4
      vertex 135 74.8 9
      vertex 135 74.8 4
    endloop
  endfacet
  facet normal -0.99148 -0.130256 0
    outer loop
      vertex 135 74.8 9
      vertex 135.034 74.5412 4
      vertex 135.034 74.5412 9
    endloop
  endfacet
  facet normal 1 -0 0
    outer loop
      vertex 161 74.8 9
      vertex 161 75.8 4
      vertex 161 75.8 9
    endloop
  endfacet
  facet normal 1 0 0
    outer loop
      vertex 161 75.8 4
      vertex 161 74.8 9
      vertex 161 74.8 4
    endloop
  endfacet
  facet normal -0.130534 0.991444 0
    outer loop
      vertex 136 76.8 4
      vertex 135.741 76.7659 9
      vertex 136 76.8 9
    endloop
  endfacet
  facet normal -0.130534 0.991444 0
    outer loop
      vertex 135.741 76.7659 9
      vertex 136 76.8 4
      vertex 135.741 76.7659 4
    endloop
  endfacet
  facet normal -0.793193 -0.60897 0
    outer loop
      vertex 135.293 74.0929 4
      vertex 135.134 74.3 9
      vertex 135.134 74.3 4
    endloop
  endfacet
  facet normal -0.793193 -0.60897 0
    outer loop
      vertex 135.134 74.3 9
      vertex 135.293 74.0929 4
      vertex 135.293 74.0929 9
    endloop
  endfacet
  facet normal 0.793193 -0.60897 0
    outer loop
      vertex 160.707 74.0929 9
      vertex 160.866 74.3 4
      vertex 160.866 74.3 9
    endloop
  endfacet
  facet normal 0.793193 -0.60897 0
    outer loop
      vertex 160.866 74.3 4
      vertex 160.707 74.0929 9
      vertex 160.707 74.0929 4
    endloop
  endfacet
  facet normal -0.793193 0.60897 0
    outer loop
      vertex 135.134 76.3 4
      vertex 135.293 76.5071 9
      vertex 135.293 76.5071 4
    endloop
  endfacet
  facet normal -0.793193 0.60897 0
    outer loop
      vertex 135.293 76.5071 9
      vertex 135.134 76.3 4
      vertex 135.134 76.3 9
    endloop
  endfacet
  facet normal -0.923755 0.382983 0
    outer loop
      vertex 135.034 76.0588 4
      vertex 135.134 76.3 9
      vertex 135.134 76.3 4
    endloop
  endfacet
  facet normal -0.923755 0.382983 0
    outer loop
      vertex 135.134 76.3 9
      vertex 135.034 76.0588 4
      vertex 135.034 76.0588 9
    endloop
  endfacet
  facet normal 0.923755 0.382983 0
    outer loop
      vertex 160.966 76.0588 9
      vertex 160.866 76.3 4
      vertex 160.866 76.3 9
    endloop
  endfacet
  facet normal 0.923755 0.382983 0
    outer loop
      vertex 160.866 76.3 4
      vertex 160.966 76.0588 9
      vertex 160.966 76.0588 4
    endloop
  endfacet
  facet normal -0.130534 -0.991444 0
    outer loop
      vertex 135.741 73.8341 4
      vertex 136 73.8 9
      vertex 135.741 73.8341 9
    endloop
  endfacet
  facet normal -0.130534 -0.991444 -0
    outer loop
      vertex 136 73.8 9
      vertex 135.741 73.8341 4
      vertex 136 73.8 4
    endloop
  endfacet
  facet normal -0.608914 0.793236 0
    outer loop
      vertex 135.5 76.666 4
      vertex 135.293 76.5071 9
      vertex 135.5 76.666 9
    endloop
  endfacet
  facet normal -0.608914 0.793236 0
    outer loop
      vertex 135.293 76.5071 9
      vertex 135.5 76.666 4
      vertex 135.293 76.5071 4
    endloop
  endfacet
  facet normal 0.130534 -0.991444 0
    outer loop
      vertex 160 73.8 4
      vertex 160.259 73.8341 9
      vertex 160 73.8 9
    endloop
  endfacet
  facet normal 0.130534 -0.991444 0
    outer loop
      vertex 160.259 73.8341 9
      vertex 160 73.8 4
      vertex 160.259 73.8341 4
    endloop
  endfacet
  facet normal 0 0 1
    outer loop
      vertex 160 76.8 9
      vertex 161 75.8 9
      vertex 160.966 76.0588 9
    endloop
  endfacet
  facet normal 0 0 1
    outer loop
      vertex 161 75.8 9
      vertex 160 76.8 9
      vertex 161 74.8 9
    endloop
  endfacet
  facet normal 0 0 1
    outer loop
      vertex 160 76.8 9
      vertex 160.966 76.0588 9
      vertex 160.866 76.3 9
    endloop
  endfacet
  facet normal 0 0 1
    outer loop
      vertex 160 73.8 9
      vertex 161 74.8 9
      vertex 160 76.8 9
    endloop
  endfacet
  facet normal 0 0 1
    outer loop
      vertex 160 76.8 9
      vertex 160.866 76.3 9
      vertex 160.707 76.5071 9
    endloop
  endfacet
  facet normal 0 0 1
    outer loop
      vertex 161 74.8 9
      vertex 160 73.8 9
      vertex 160.966 74.5412 9
    endloop
  endfacet
  facet normal 0 0 1
    outer loop
      vertex 160 76.8 9
      vertex 160.707 76.5071 9
      vertex 160.5 76.666 9
    endloop
  endfacet
  facet normal 0 0 1
    outer loop
      vertex 160.966 74.5412 9
      vertex 160 73.8 9
      vertex 160.866 74.3 9
    endloop
  endfacet
  facet normal 0 0 1
    outer loop
      vertex 160 76.8 9
      vertex 160.5 76.666 9
      vertex 160.259 76.7659 9
    endloop
  endfacet
  facet normal 0 0 1
    outer loop
      vertex 160.866 74.3 9
      vertex 160 73.8 9
      vertex 160.707 74.0929 9
    endloop
  endfacet
  facet normal 0 0 1
    outer loop
      vertex 160.707 74.0929 9
      vertex 160 73.8 9
      vertex 160.5 73.934 9
    endloop
  endfacet
  facet normal 0 0 1
    outer loop
      vertex 160.5 73.934 9
      vertex 160 73.8 9
      vertex 160.259 73.8341 9
    endloop
  endfacet
  facet normal -0 0 1
    outer loop
      vertex 150.434 76.8 9
      vertex 160 73.8 9
      vertex 160 76.8 9
    endloop
  endfacet
  facet normal -0 0 1
    outer loop
      vertex 150.328 76.6716 9
      vertex 160 73.8 9
      vertex 150.434 76.8 9
    endloop
  endfacet
  facet normal -0 0 1
    outer loop
      vertex 149.722 76.1741 9
      vertex 160 73.8 9
      vertex 150.328 76.6716 9
    endloop
  endfacet
  facet normal -0 0 1
    outer loop
      vertex 149.031 75.8045 9
      vertex 160 73.8 9
      vertex 149.722 76.1741 9
    endloop
  endfacet
  facet normal -0 0 1
    outer loop
      vertex 148.28 75.5769 9
      vertex 160 73.8 9
      vertex 149.031 75.8045 9
    endloop
  endfacet
  facet normal -0 0 1
    outer loop
      vertex 147.5 75.5 9
      vertex 160 73.8 9
      vertex 148.28 75.5769 9
    endloop
  endfacet
  facet normal 0 0 1
    outer loop
      vertex 136 73.8 9
      vertex 147.5 75.5 9
      vertex 146.72 75.5769 9
    endloop
  endfacet
  facet normal 0 0 1
    outer loop
      vertex 136 73.8 9
      vertex 144.566 76.8 9
      vertex 136 76.8 9
    endloop
  endfacet
  facet normal 0 0 1
    outer loop
      vertex 144.566 76.8 9
      vertex 136 73.8 9
      vertex 144.672 76.6716 9
    endloop
  endfacet
  facet normal 0 0 1
    outer loop
      vertex 144.672 76.6716 9
      vertex 136 73.8 9
      vertex 145.278 76.1741 9
    endloop
  endfacet
  facet normal 0 0 1
    outer loop
      vertex 145.278 76.1741 9
      vertex 136 73.8 9
      vertex 145.969 75.8045 9
    endloop
  endfacet
  facet normal 0 0 1
    outer loop
      vertex 145.969 75.8045 9
      vertex 136 73.8 9
      vertex 146.72 75.5769 9
    endloop
  endfacet
  facet normal 0 0 1
    outer loop
      vertex 147.5 75.5 9
      vertex 136 73.8 9
      vertex 160 73.8 9
    endloop
  endfacet
  facet normal 0 0 1
    outer loop
      vertex 135 75.8 9
      vertex 136 76.8 9
      vertex 135.741 76.7659 9
    endloop
  endfacet
  facet normal 0 0 1
    outer loop
      vertex 136 76.8 9
      vertex 135 75.8 9
      vertex 136 73.8 9
    endloop
  endfacet
  facet normal 0 0 1
    outer loop
      vertex 135 75.8 9
      vertex 135.741 76.7659 9
      vertex 135.5 76.666 9
    endloop
  endfacet
  facet normal -0 0 1
    outer loop
      vertex 135 74.8 9
      vertex 136 73.8 9
      vertex 135 75.8 9
    endloop
  endfacet
  facet normal 0 0 1
    outer loop
      vertex 135 75.8 9
      vertex 135.5 76.666 9
      vertex 135.293 76.5071 9
    endloop
  endfacet
  facet normal 0 0 1
    outer loop
      vertex 136 73.8 9
      vertex 135 74.8 9
      vertex 135.741 73.8341 9
    endloop
  endfacet
  facet normal 0 0 1
    outer loop
      vertex 135 75.8 9
      vertex 135.293 76.5071 9
      vertex 135.134 76.3 9
    endloop
  endfacet
  facet normal 0 0 1
    outer loop
      vertex 135.741 73.8341 9
      vertex 135 74.8 9
      vertex 135.5 73.934 9
    endloop
  endfacet
  facet normal 0 0 1
    outer loop
      vertex 135 75.8 9
      vertex 135.134 76.3 9
      vertex 135.034 76.0588 9
    endloop
  endfacet
  facet normal 0 0 1
    outer loop
      vertex 135.5 73.934 9
      vertex 135 74.8 9
      vertex 135.293 74.0929 9
    endloop
  endfacet
  facet normal 0 0 1
    outer loop
      vertex 135.293 74.0929 9
      vertex 135 74.8 9
      vertex 135.134 74.3 9
    endloop
  endfacet
  facet normal 0 0 1
    outer loop
      vertex 135.134 74.3 9
      vertex 135 74.8 9
      vertex 135.034 74.5412 9
    endloop
  endfacet
  facet normal 0.382927 -0.923778 0
    outer loop
      vertex 160.259 73.8341 4
      vertex 160.5 73.934 9
      vertex 160.259 73.8341 9
    endloop
  endfacet
  facet normal 0.382927 -0.923778 0
    outer loop
      vertex 160.5 73.934 9
      vertex 160.259 73.8341 4
      vertex 160.5 73.934 4
    endloop
  endfacet
  facet normal 0.923755 -0.382983 0
    outer loop
      vertex 160.866 74.3 9
      vertex 160.966 74.5412 4
      vertex 160.966 74.5412 9
    endloop
  endfacet
  facet normal 0.923755 -0.382983 0
    outer loop
      vertex 160.966 74.5412 4
      vertex 160.866 74.3 9
      vertex 160.866 74.3 4
    endloop
  endfacet
  facet normal 0.99148 -0.130256 0
    outer loop
      vertex 160.966 74.5412 9
      vertex 161 74.8 4
      vertex 161 74.8 9
    endloop
  endfacet
  facet normal 0.99148 -0.130256 0
    outer loop
      vertex 161 74.8 4
      vertex 160.966 74.5412 9
      vertex 160.966 74.5412 4
    endloop
  endfacet
  facet normal 0.382927 0.923778 -0
    outer loop
      vertex 160.5 76.666 4
      vertex 160.259 76.7659 9
      vertex 160.5 76.666 9
    endloop
  endfacet
  facet normal 0.382927 0.923778 0
    outer loop
      vertex 160.259 76.7659 9
      vertex 160.5 76.666 4
      vertex 160.259 76.7659 4
    endloop
  endfacet
  facet normal 0.130534 0.991444 -0
    outer loop
      vertex 160.259 76.7659 4
      vertex 160 76.8 9
      vertex 160.259 76.7659 9
    endloop
  endfacet
  facet normal 0.130534 0.991444 0
    outer loop
      vertex 160 76.8 9
      vertex 160.259 76.7659 4
      vertex 160 76.8 4
    endloop
  endfacet
  facet normal -0.471648 0.881787 0
    outer loop
      vertex 145.969 47.1955 9
      vertex 145.278 46.8259 10.6
      vertex 145.969 47.1955 10.6
    endloop
  endfacet
  facet normal -0.471648 0.881787 0
    outer loop
      vertex 145.278 46.8259 10.6
      vertex 145.969 47.1955 9
      vertex 145.278 46.8259 9
    endloop
  endfacet
  facet normal -0.471648 0.881787 0
    outer loop
      vertex 145.969 47.1955 3
      vertex 145.278 46.8259 4
      vertex 145.969 47.1955 4
    endloop
  endfacet
  facet normal -0.471648 0.881787 0
    outer loop
      vertex 145.278 46.8259 4
      vertex 145.969 47.1955 3
      vertex 145.278 46.8259 3
    endloop
  endfacet
  facet normal 0.471648 0.881787 -0
    outer loop
      vertex 149.722 46.8259 9
      vertex 149.031 47.1955 10.6
      vertex 149.722 46.8259 10.6
    endloop
  endfacet
  facet normal 0.471648 0.881787 0
    outer loop
      vertex 149.031 47.1955 10.6
      vertex 149.722 46.8259 9
      vertex 149.031 47.1955 9
    endloop
  endfacet
  facet normal 0.471648 0.881787 -0
    outer loop
      vertex 149.722 46.8259 3
      vertex 149.031 47.1955 4
      vertex 149.722 46.8259 4
    endloop
  endfacet
  facet normal 0.471648 0.881787 0
    outer loop
      vertex 149.031 47.1955 4
      vertex 149.722 46.8259 3
      vertex 149.031 47.1955 3
    endloop
  endfacet
  facet normal 0.957153 0.289582 0
    outer loop
      vertex 151.423 44.2804 10.6
      vertex 151.196 45.0307 3
      vertex 151.196 45.0307 10.6
    endloop
  endfacet
  facet normal 0.957153 0.289582 0
    outer loop
      vertex 151.196 45.0307 3
      vertex 151.423 44.2804 10.6
      vertex 151.423 44.2804 3
    endloop
  endfacet
  facet normal 0.995168 0.0981906 0
    outer loop
      vertex 151.5 43.5 10.6
      vertex 151.423 44.2804 3
      vertex 151.423 44.2804 10.6
    endloop
  endfacet
  facet normal 0.995168 0.0981906 0
    outer loop
      vertex 151.423 44.2804 3
      vertex 151.5 43.5 10.6
      vertex 151.5 43.5 3
    endloop
  endfacet
  facet normal 0.881745 0.471726 0
    outer loop
      vertex 151.196 45.0307 10.6
      vertex 150.826 45.7223 3
      vertex 150.826 45.7223 10.6
    endloop
  endfacet
  facet normal 0.881745 0.471726 0
    outer loop
      vertex 150.826 45.7223 3
      vertex 151.196 45.0307 10.6
      vertex 151.196 45.0307 3
    endloop
  endfacet
  facet normal 0.0981141 0.995175 -0
    outer loop
      vertex 148.28 47.4231 9
      vertex 147.5 47.5 10.6
      vertex 148.28 47.4231 10.6
    endloop
  endfacet
  facet normal 0.0981141 0.995175 0
    outer loop
      vertex 147.5 47.5 10.6
      vertex 148.28 47.4231 9
      vertex 147.5 47.5 9
    endloop
  endfacet
  facet normal 0.0981141 0.995175 -0
    outer loop
      vertex 148.28 47.4231 3
      vertex 147.5 47.5 4
      vertex 148.28 47.4231 4
    endloop
  endfacet
  facet normal 0.0981141 0.995175 0
    outer loop
      vertex 147.5 47.5 4
      vertex 148.28 47.4231 3
      vertex 147.5 47.5 3
    endloop
  endfacet
  facet normal 0.0981141 -0.995175 0
    outer loop
      vertex 147.5 39.5 3
      vertex 148.28 39.5769 10.6
      vertex 147.5 39.5 10.6
    endloop
  endfacet
  facet normal 0.0981141 -0.995175 0
    outer loop
      vertex 148.28 39.5769 10.6
      vertex 147.5 39.5 3
      vertex 148.28 39.5769 3
    endloop
  endfacet
  facet normal 0.290036 0.957016 -0
    outer loop
      vertex 149.031 47.1955 9
      vertex 148.28 47.4231 10.6
      vertex 149.031 47.1955 10.6
    endloop
  endfacet
  facet normal 0.290036 0.957016 0
    outer loop
      vertex 148.28 47.4231 10.6
      vertex 149.031 47.1955 9
      vertex 148.28 47.4231 9
    endloop
  endfacet
  facet normal 0.290036 0.957016 -0
    outer loop
      vertex 149.031 47.1955 3
      vertex 148.28 47.4231 4
      vertex 149.031 47.1955 4
    endloop
  endfacet
  facet normal 0.290036 0.957016 0
    outer loop
      vertex 148.28 47.4231 4
      vertex 149.031 47.1955 3
      vertex 148.28 47.4231 3
    endloop
  endfacet
  facet normal 0.634522 0.772905 -0
    outer loop
      vertex 150.328 46.3284 9
      vertex 149.722 46.8259 10.6
      vertex 150.328 46.3284 10.6
    endloop
  endfacet
  facet normal 0.634522 0.772905 0
    outer loop
      vertex 149.722 46.8259 10.6
      vertex 150.328 46.3284 9
      vertex 149.722 46.8259 9
    endloop
  endfacet
  facet normal 0.634522 0.772905 -0
    outer loop
      vertex 150.328 46.3284 3
      vertex 149.722 46.8259 4
      vertex 150.328 46.3284 4
    endloop
  endfacet
  facet normal 0.634522 0.772905 0
    outer loop
      vertex 149.722 46.8259 4
      vertex 150.328 46.3284 3
      vertex 149.722 46.8259 3
    endloop
  endfacet
  facet normal 0.772644 -0.63484 0
    outer loop
      vertex 150.328 40.6716 10.6
      vertex 150.826 41.2777 3
      vertex 150.826 41.2777 10.6
    endloop
  endfacet
  facet normal 0.772644 -0.63484 0
    outer loop
      vertex 150.826 41.2777 3
      vertex 150.328 40.6716 10.6
      vertex 150.328 40.6716 3
    endloop
  endfacet
  facet normal -0.634522 0.772905 0
    outer loop
      vertex 145.278 46.8259 9
      vertex 144.672 46.3284 10.6
      vertex 145.278 46.8259 10.6
    endloop
  endfacet
  facet normal -0.634522 0.772905 0
    outer loop
      vertex 144.672 46.3284 10.6
      vertex 145.278 46.8259 9
      vertex 144.672 46.3284 9
    endloop
  endfacet
  facet normal -0.634522 0.772905 0
    outer loop
      vertex 145.278 46.8259 3
      vertex 144.672 46.3284 4
      vertex 145.278 46.8259 4
    endloop
  endfacet
  facet normal -0.634522 0.772905 0
    outer loop
      vertex 144.672 46.3284 4
      vertex 145.278 46.8259 3
      vertex 144.672 46.3284 3
    endloop
  endfacet
  facet normal 0.471648 -0.881787 0
    outer loop
      vertex 149.031 39.8045 3
      vertex 149.722 40.1741 10.6
      vertex 149.031 39.8045 10.6
    endloop
  endfacet
  facet normal 0.471648 -0.881787 0
    outer loop
      vertex 149.722 40.1741 10.6
      vertex 149.031 39.8045 3
      vertex 149.722 40.1741 3
    endloop
  endfacet
  facet normal -0.881745 -0.471726 0
    outer loop
      vertex 144.174 41.2777 3
      vertex 143.804 41.9693 10.6
      vertex 143.804 41.9693 3
    endloop
  endfacet
  facet normal -0.881745 -0.471726 0
    outer loop
      vertex 143.804 41.9693 10.6
      vertex 144.174 41.2777 3
      vertex 144.174 41.2777 10.6
    endloop
  endfacet
  facet normal 0.995168 -0.0981906 0
    outer loop
      vertex 151.423 42.7196 10.6
      vertex 151.5 43.5 3
      vertex 151.5 43.5 10.6
    endloop
  endfacet
  facet normal 0.995168 -0.0981906 0
    outer loop
      vertex 151.5 43.5 3
      vertex 151.423 42.7196 10.6
      vertex 151.423 42.7196 3
    endloop
  endfacet
  facet normal -0.290036 0.957016 0
    outer loop
      vertex 146.72 47.4231 9
      vertex 145.969 47.1955 10.6
      vertex 146.72 47.4231 10.6
    endloop
  endfacet
  facet normal -0.290036 0.957016 0
    outer loop
      vertex 145.969 47.1955 10.6
      vertex 146.72 47.4231 9
      vertex 145.969 47.1955 9
    endloop
  endfacet
  facet normal -0.290036 0.957016 0
    outer loop
      vertex 146.72 47.4231 3
      vertex 145.969 47.1955 4
      vertex 146.72 47.4231 4
    endloop
  endfacet
  facet normal -0.290036 0.957016 0
    outer loop
      vertex 145.969 47.1955 4
      vertex 146.72 47.4231 3
      vertex 145.969 47.1955 3
    endloop
  endfacet
  facet normal -0.0981141 -0.995175 0
    outer loop
      vertex 146.72 39.5769 3
      vertex 147.5 39.5 10.6
      vertex 146.72 39.5769 10.6
    endloop
  endfacet
  facet normal -0.0981141 -0.995175 -0
    outer loop
      vertex 147.5 39.5 10.6
      vertex 146.72 39.5769 3
      vertex 147.5 39.5 3
    endloop
  endfacet
  facet normal -0.881745 0.471726 0
    outer loop
      vertex 143.804 45.0307 3
      vertex 144.174 45.7223 10.6
      vertex 144.174 45.7223 3
    endloop
  endfacet
  facet normal -0.881745 0.471726 0
    outer loop
      vertex 144.174 45.7223 10.6
      vertex 143.804 45.0307 3
      vertex 143.804 45.0307 10.6
    endloop
  endfacet
  facet normal 0.290036 -0.957016 0
    outer loop
      vertex 148.28 39.5769 3
      vertex 149.031 39.8045 10.6
      vertex 148.28 39.5769 10.6
    endloop
  endfacet
  facet normal 0.290036 -0.957016 0
    outer loop
      vertex 149.031 39.8045 10.6
      vertex 148.28 39.5769 3
      vertex 149.031 39.8045 3
    endloop
  endfacet
  facet normal 0 0 1
    outer loop
      vertex 149.8 43.5 10.6
      vertex 151.5 43.5 10.6
      vertex 151.423 44.2804 10.6
    endloop
  endfacet
  facet normal 0 0 1
    outer loop
      vertex 149.722 44.0953 10.6
      vertex 151.423 44.2804 10.6
      vertex 151.196 45.0307 10.6
    endloop
  endfacet
  facet normal 0 0 1
    outer loop
      vertex 151.5 43.5 10.6
      vertex 149.8 43.5 10.6
      vertex 151.423 42.7196 10.6
    endloop
  endfacet
  facet normal 0 0 1
    outer loop
      vertex 149.492 44.65 10.6
      vertex 151.196 45.0307 10.6
      vertex 150.826 45.7223 10.6
    endloop
  endfacet
  facet normal -0 0 1
    outer loop
      vertex 149.722 42.9047 10.6
      vertex 151.423 42.7196 10.6
      vertex 149.8 43.5 10.6
    endloop
  endfacet
  facet normal 0 0 1
    outer loop
      vertex 149.126 45.1263 10.6
      vertex 150.826 45.7223 10.6
      vertex 150.328 46.3284 10.6
    endloop
  endfacet
  facet normal 0 0 1
    outer loop
      vertex 151.423 42.7196 10.6
      vertex 149.722 42.9047 10.6
      vertex 151.196 41.9693 10.6
    endloop
  endfacet
  facet normal -0 0 1
    outer loop
      vertex 149.492 42.35 10.6
      vertex 151.196 41.9693 10.6
      vertex 149.722 42.9047 10.6
    endloop
  endfacet
  facet normal 0 0 1
    outer loop
      vertex 149.126 45.1263 10.6
      vertex 150.328 46.3284 10.6
      vertex 149.722 46.8259 10.6
    endloop
  endfacet
  facet normal 0 0 1
    outer loop
      vertex 151.423 44.2804 10.6
      vertex 149.722 44.0953 10.6
      vertex 149.8 43.5 10.6
    endloop
  endfacet
  facet normal 0 0 1
    outer loop
      vertex 151.196 45.0307 10.6
      vertex 149.492 44.65 10.6
      vertex 149.722 44.0953 10.6
    endloop
  endfacet
  facet normal 0 0 1
    outer loop
      vertex 150.826 45.7223 10.6
      vertex 149.126 45.1263 10.6
      vertex 149.492 44.65 10.6
    endloop
  endfacet
  facet normal 0 0 1
    outer loop
      vertex 148.65 45.4919 10.6
      vertex 149.722 46.8259 10.6
      vertex 149.031 47.1955 10.6
    endloop
  endfacet
  facet normal 0 0 1
    outer loop
      vertex 149.722 46.8259 10.6
      vertex 148.65 45.4919 10.6
      vertex 149.126 45.1263 10.6
    endloop
  endfacet
  facet normal 0 0 1
    outer loop
      vertex 148.095 45.7216 10.6
      vertex 149.031 47.1955 10.6
      vertex 148.28 47.4231 10.6
    endloop
  endfacet
  facet normal 0 0 1
    outer loop
      vertex 149.031 47.1955 10.6
      vertex 148.095 45.7216 10.6
      vertex 148.65 45.4919 10.6
    endloop
  endfacet
  facet normal 0 0 1
    outer loop
      vertex 147.5 45.8 10.6
      vertex 148.28 47.4231 10.6
      vertex 147.5 47.5 10.6
    endloop
  endfacet
  facet normal 0 0 1
    outer loop
      vertex 148.28 47.4231 10.6
      vertex 147.5 45.8 10.6
      vertex 148.095 45.7216 10.6
    endloop
  endfacet
  facet normal -0 0 1
    outer loop
      vertex 146.72 47.4231 10.6
      vertex 147.5 45.8 10.6
      vertex 147.5 47.5 10.6
    endloop
  endfacet
  facet normal 0 0 1
    outer loop
      vertex 147.5 45.8 10.6
      vertex 146.72 47.4231 10.6
      vertex 146.905 45.7216 10.6
    endloop
  endfacet
  facet normal -0 0 1
    outer loop
      vertex 145.969 47.1955 10.6
      vertex 146.905 45.7216 10.6
      vertex 146.72 47.4231 10.6
    endloop
  endfacet
  facet normal 0 0 1
    outer loop
      vertex 146.905 45.7216 10.6
      vertex 145.969 47.1955 10.6
      vertex 146.35 45.4919 10.6
    endloop
  endfacet
  facet normal -0 0 1
    outer loop
      vertex 145.278 46.8259 10.6
      vertex 146.35 45.4919 10.6
      vertex 145.969 47.1955 10.6
    endloop
  endfacet
  facet normal 0 0 1
    outer loop
      vertex 146.35 45.4919 10.6
      vertex 145.278 46.8259 10.6
      vertex 145.874 45.1263 10.6
    endloop
  endfacet
  facet normal -0 0 1
    outer loop
      vertex 144.672 46.3284 10.6
      vertex 145.874 45.1263 10.6
      vertex 145.278 46.8259 10.6
    endloop
  endfacet
  facet normal -0 0 1
    outer loop
      vertex 144.174 45.7223 10.6
      vertex 145.874 45.1263 10.6
      vertex 144.672 46.3284 10.6
    endloop
  endfacet
  facet normal 0 0 1
    outer loop
      vertex 145.874 45.1263 10.6
      vertex 144.174 45.7223 10.6
      vertex 145.508 44.65 10.6
    endloop
  endfacet
  facet normal -0 0 1
    outer loop
      vertex 143.804 45.0307 10.6
      vertex 145.508 44.65 10.6
      vertex 144.174 45.7223 10.6
    endloop
  endfacet
  facet normal 0 0 1
    outer loop
      vertex 151.196 41.9693 10.6
      vertex 149.492 42.35 10.6
      vertex 150.826 41.2777 10.6
    endloop
  endfacet
  facet normal -0 0 1
    outer loop
      vertex 149.126 41.8737 10.6
      vertex 150.826 41.2777 10.6
      vertex 149.492 42.35 10.6
    endloop
  endfacet
  facet normal 0 0 1
    outer loop
      vertex 150.826 41.2777 10.6
      vertex 149.126 41.8737 10.6
      vertex 150.328 40.6716 10.6
    endloop
  endfacet
  facet normal 0 0 1
    outer loop
      vertex 150.328 40.6716 10.6
      vertex 149.126 41.8737 10.6
      vertex 149.722 40.1741 10.6
    endloop
  endfacet
  facet normal -0 0 1
    outer loop
      vertex 148.65 41.5081 10.6
      vertex 149.722 40.1741 10.6
      vertex 149.126 41.8737 10.6
    endloop
  endfacet
  facet normal 0 0 1
    outer loop
      vertex 149.722 40.1741 10.6
      vertex 148.65 41.5081 10.6
      vertex 149.031 39.8045 10.6
    endloop
  endfacet
  facet normal -0 0 1
    outer loop
      vertex 148.095 41.2784 10.6
      vertex 149.031 39.8045 10.6
      vertex 148.65 41.5081 10.6
    endloop
  endfacet
  facet normal 0 0 1
    outer loop
      vertex 149.031 39.8045 10.6
      vertex 148.095 41.2784 10.6
      vertex 148.28 39.5769 10.6
    endloop
  endfacet
  facet normal -0 0 1
    outer loop
      vertex 147.5 41.2 10.6
      vertex 148.28 39.5769 10.6
      vertex 148.095 41.2784 10.6
    endloop
  endfacet
  facet normal 0 0 1
    outer loop
      vertex 147.5 41.2 10.6
      vertex 147.5 39.5 10.6
      vertex 148.28 39.5769 10.6
    endloop
  endfacet
  facet normal 0 0 1
    outer loop
      vertex 146.72 39.5769 10.6
      vertex 147.5 41.2 10.6
      vertex 146.905 41.2784 10.6
    endloop
  endfacet
  facet normal 0 0 1
    outer loop
      vertex 147.5 41.2 10.6
      vertex 146.72 39.5769 10.6
      vertex 147.5 39.5 10.6
    endloop
  endfacet
  facet normal 0 0 1
    outer loop
      vertex 145.969 39.8045 10.6
      vertex 146.905 41.2784 10.6
      vertex 146.35 41.5081 10.6
    endloop
  endfacet
  facet normal 0 0 1
    outer loop
      vertex 146.905 41.2784 10.6
      vertex 145.969 39.8045 10.6
      vertex 146.72 39.5769 10.6
    endloop
  endfacet
  facet normal 0 0 1
    outer loop
      vertex 145.278 40.1741 10.6
      vertex 146.35 41.5081 10.6
      vertex 145.874 41.8737 10.6
    endloop
  endfacet
  facet normal 0 0 1
    outer loop
      vertex 144.174 41.2777 10.6
      vertex 145.874 41.8737 10.6
      vertex 145.508 42.35 10.6
    endloop
  endfacet
  facet normal 0 0 1
    outer loop
      vertex 143.804 41.9693 10.6
      vertex 145.508 42.35 10.6
      vertex 145.278 42.9047 10.6
    endloop
  endfacet
  facet normal 0 0 1
    outer loop
      vertex 146.35 41.5081 10.6
      vertex 145.278 40.1741 10.6
      vertex 145.969 39.8045 10.6
    endloop
  endfacet
  facet normal 0 0 1
    outer loop
      vertex 143.577 42.7196 10.6
      vertex 145.278 42.9047 10.6
      vertex 145.2 43.5 10.6
    endloop
  endfacet
  facet normal 0 0 1
    outer loop
      vertex 145.508 44.65 10.6
      vertex 143.804 45.0307 10.6
      vertex 145.278 44.0953 10.6
    endloop
  endfacet
  facet normal 0 0 1
    outer loop
      vertex 145.874 41.8737 10.6
      vertex 144.672 40.6716 10.6
      vertex 145.278 40.1741 10.6
    endloop
  endfacet
  facet normal -0 0 1
    outer loop
      vertex 143.577 44.2804 10.6
      vertex 145.278 44.0953 10.6
      vertex 143.804 45.0307 10.6
    endloop
  endfacet
  facet normal 0 0 1
    outer loop
      vertex 145.874 41.8737 10.6
      vertex 144.174 41.2777 10.6
      vertex 144.672 40.6716 10.6
    endloop
  endfacet
  facet normal 0 0 1
    outer loop
      vertex 145.278 44.0953 10.6
      vertex 143.577 44.2804 10.6
      vertex 145.2 43.5 10.6
    endloop
  endfacet
  facet normal 0 0 1
    outer loop
      vertex 145.508 42.35 10.6
      vertex 143.804 41.9693 10.6
      vertex 144.174 41.2777 10.6
    endloop
  endfacet
  facet normal 0 0 1
    outer loop
      vertex 143.5 43.5 10.6
      vertex 145.2 43.5 10.6
      vertex 143.577 44.2804 10.6
    endloop
  endfacet
  facet normal 0 0 1
    outer loop
      vertex 145.278 42.9047 10.6
      vertex 143.577 42.7196 10.6
      vertex 143.804 41.9693 10.6
    endloop
  endfacet
  facet normal 0 0 1
    outer loop
      vertex 145.2 43.5 10.6
      vertex 143.5 43.5 10.6
      vertex 143.577 42.7196 10.6
    endloop
  endfacet
  facet normal -0.290036 -0.957016 0
    outer loop
      vertex 145.969 39.8045 3
      vertex 146.72 39.5769 10.6
      vertex 145.969 39.8045 10.6
    endloop
  endfacet
  facet normal -0.290036 -0.957016 -0
    outer loop
      vertex 146.72 39.5769 10.6
      vertex 145.969 39.8045 3
      vertex 146.72 39.5769 3
    endloop
  endfacet
  facet normal 0.957153 -0.289582 0
    outer loop
      vertex 151.196 41.9693 10.6
      vertex 151.423 42.7196 3
      vertex 151.423 42.7196 10.6
    endloop
  endfacet
  facet normal 0.957153 -0.289582 0
    outer loop
      vertex 151.423 42.7196 3
      vertex 151.196 41.9693 10.6
      vertex 151.196 41.9693 3
    endloop
  endfacet
  facet normal 0.771167 0.636633 0
    outer loop
      vertex 150.328 46.3284 10.6
      vertex 150.434 46.2 9
      vertex 150.328 46.3284 9
    endloop
  endfacet
  facet normal 0.773041 0.634356 -0
    outer loop
      vertex 150.826 45.7223 3
      vertex 150.434 46.2 9
      vertex 150.826 45.7223 10.6
    endloop
  endfacet
  facet normal 0.772644 0.63484 0.00024173
    outer loop
      vertex 150.826 45.7223 10.6
      vertex 150.434 46.2 9
      vertex 150.328 46.3284 10.6
    endloop
  endfacet
  facet normal 0.771167 0.636633 0
    outer loop
      vertex 150.434 46.2 4
      vertex 150.328 46.3284 3
      vertex 150.328 46.3284 4
    endloop
  endfacet
  facet normal 0.772644 0.63484 -0.000386768
    outer loop
      vertex 150.434 46.2 4
      vertex 150.826 45.7223 3
      vertex 150.328 46.3284 3
    endloop
  endfacet
  facet normal 0.773041 0.634356 0
    outer loop
      vertex 150.434 46.2 9
      vertex 150.826 45.7223 3
      vertex 150.434 46.2 4
    endloop
  endfacet
  facet normal -0.995168 0.0981906 0
    outer loop
      vertex 143.5 43.5 3
      vertex 143.577 44.2804 10.6
      vertex 143.577 44.2804 3
    endloop
  endfacet
  facet normal -0.995168 0.0981906 0
    outer loop
      vertex 143.577 44.2804 10.6
      vertex 143.5 43.5 3
      vertex 143.5 43.5 10.6
    endloop
  endfacet
  facet normal 0.634522 -0.772905 0
    outer loop
      vertex 149.722 40.1741 3
      vertex 150.328 40.6716 10.6
      vertex 149.722 40.1741 10.6
    endloop
  endfacet
  facet normal 0.634522 -0.772905 0
    outer loop
      vertex 150.328 40.6716 10.6
      vertex 149.722 40.1741 3
      vertex 150.328 40.6716 3
    endloop
  endfacet
  facet normal -0.634522 -0.772905 0
    outer loop
      vertex 144.672 40.6716 3
      vertex 145.278 40.1741 10.6
      vertex 144.672 40.6716 10.6
    endloop
  endfacet
  facet normal -0.634522 -0.772905 -0
    outer loop
      vertex 145.278 40.1741 10.6
      vertex 144.672 40.6716 3
      vertex 145.278 40.1741 3
    endloop
  endfacet
  facet normal -0.0981141 0.995175 0
    outer loop
      vertex 147.5 47.5 9
      vertex 146.72 47.4231 10.6
      vertex 147.5 47.5 10.6
    endloop
  endfacet
  facet normal -0.0981141 0.995175 0
    outer loop
      vertex 146.72 47.4231 10.6
      vertex 147.5 47.5 9
      vertex 146.72 47.4231 9
    endloop
  endfacet
  facet normal -0.0981141 0.995175 0
    outer loop
      vertex 147.5 47.5 3
      vertex 146.72 47.4231 4
      vertex 147.5 47.5 4
    endloop
  endfacet
  facet normal -0.0981141 0.995175 0
    outer loop
      vertex 146.72 47.4231 4
      vertex 147.5 47.5 3
      vertex 146.72 47.4231 3
    endloop
  endfacet
  facet normal 0.881745 -0.471726 0
    outer loop
      vertex 150.826 41.2777 10.6
      vertex 151.196 41.9693 3
      vertex 151.196 41.9693 10.6
    endloop
  endfacet
  facet normal 0.881745 -0.471726 0
    outer loop
      vertex 151.196 41.9693 3
      vertex 150.826 41.2777 10.6
      vertex 150.826 41.2777 3
    endloop
  endfacet
  facet normal -0.957153 -0.289582 0
    outer loop
      vertex 143.804 41.9693 3
      vertex 143.577 42.7196 10.6
      vertex 143.577 42.7196 3
    endloop
  endfacet
  facet normal -0.957153 -0.289582 0
    outer loop
      vertex 143.577 42.7196 10.6
      vertex 143.804 41.9693 3
      vertex 143.804 41.9693 10.6
    endloop
  endfacet
  facet normal -0.995168 -0.0981906 0
    outer loop
      vertex 143.577 42.7196 3
      vertex 143.5 43.5 10.6
      vertex 143.5 43.5 3
    endloop
  endfacet
  facet normal -0.995168 -0.0981906 0
    outer loop
      vertex 143.5 43.5 10.6
      vertex 143.577 42.7196 3
      vertex 143.577 42.7196 10.6
    endloop
  endfacet
  facet normal -0.772644 -0.63484 0
    outer loop
      vertex 144.672 40.6716 3
      vertex 144.174 41.2777 10.6
      vertex 144.174 41.2777 3
    endloop
  endfacet
  facet normal -0.772644 -0.63484 0
    outer loop
      vertex 144.174 41.2777 10.6
      vertex 144.672 40.6716 3
      vertex 144.672 40.6716 10.6
    endloop
  endfacet
  facet normal -0.771167 0.636633 0
    outer loop
      vertex 144.672 46.3284 3
      vertex 144.566 46.2 4
      vertex 144.672 46.3284 4
    endloop
  endfacet
  facet normal -0.773041 0.634356 0
    outer loop
      vertex 144.566 46.2 4
      vertex 144.174 45.7223 3
      vertex 144.566 46.2 9
    endloop
  endfacet
  facet normal -0.772644 0.63484 -0.000386768
    outer loop
      vertex 144.174 45.7223 3
      vertex 144.566 46.2 4
      vertex 144.672 46.3284 3
    endloop
  endfacet
  facet normal -0.771167 0.636633 0
    outer loop
      vertex 144.566 46.2 9
      vertex 144.672 46.3284 10.6
      vertex 144.672 46.3284 9
    endloop
  endfacet
  facet normal -0.772644 0.63484 0.00024173
    outer loop
      vertex 144.566 46.2 9
      vertex 144.174 45.7223 10.6
      vertex 144.672 46.3284 10.6
    endloop
  endfacet
  facet normal -0.773041 0.634356 0
    outer loop
      vertex 144.174 45.7223 10.6
      vertex 144.566 46.2 9
      vertex 144.174 45.7223 3
    endloop
  endfacet
  facet normal -0.957153 0.289582 0
    outer loop
      vertex 143.577 44.2804 3
      vertex 143.804 45.0307 10.6
      vertex 143.804 45.0307 3
    endloop
  endfacet
  facet normal -0.957153 0.289582 0
    outer loop
      vertex 143.804 45.0307 10.6
      vertex 143.577 44.2804 3
      vertex 143.577 44.2804 10.6
    endloop
  endfacet
  facet normal -0.471648 -0.881787 0
    outer loop
      vertex 145.278 40.1741 3
      vertex 145.969 39.8045 10.6
      vertex 145.278 40.1741 10.6
    endloop
  endfacet
  facet normal -0.471648 -0.881787 -0
    outer loop
      vertex 145.969 39.8045 10.6
      vertex 145.278 40.1741 3
      vertex 145.969 39.8045 3
    endloop
  endfacet
  facet normal -0.923741 -0.383018 0
    outer loop
      vertex 149.722 44.0953 4.11
      vertex 149.492 44.65 10.6
      vertex 149.492 44.65 4.11
    endloop
  endfacet
  facet normal -0.923741 -0.383018 0
    outer loop
      vertex 149.492 44.65 10.6
      vertex 149.722 44.0953 4.11
      vertex 149.722 44.0953 10.6
    endloop
  endfacet
  facet normal -0.991525 -0.129916 0
    outer loop
      vertex 149.8 43.5 4.11
      vertex 149.722 44.0953 10.6
      vertex 149.722 44.0953 4.11
    endloop
  endfacet
  facet normal -0.991525 -0.129916 0
    outer loop
      vertex 149.722 44.0953 10.6
      vertex 149.8 43.5 4.11
      vertex 149.8 43.5 10.6
    endloop
  endfacet
  facet normal -0.991525 0.129916 0
    outer loop
      vertex 149.722 42.9047 4.11
      vertex 149.8 43.5 10.6
      vertex 149.8 43.5 4.11
    endloop
  endfacet
  facet normal -0.991525 0.129916 0
    outer loop
      vertex 149.8 43.5 10.6
      vertex 149.722 42.9047 4.11
      vertex 149.722 42.9047 10.6
    endloop
  endfacet
  facet normal -0.382416 0.92399 0
    outer loop
      vertex 148.65 41.5081 4.11
      vertex 148.095 41.2784 10.6
      vertex 148.65 41.5081 10.6
    endloop
  endfacet
  facet normal -0.382416 0.92399 0
    outer loop
      vertex 148.095 41.2784 10.6
      vertex 148.65 41.5081 4.11
      vertex 148.095 41.2784 4.11
    endloop
  endfacet
  facet normal 0 0 1
    outer loop
      vertex 149.722 44.0953 4.11
      vertex 149.722 42.9047 4.11
      vertex 149.8 43.5 4.11
    endloop
  endfacet
  facet normal 0 0 1
    outer loop
      vertex 149.492 44.65 4.11
      vertex 149.722 42.9047 4.11
      vertex 149.722 44.0953 4.11
    endloop
  endfacet
  facet normal 0 0 1
    outer loop
      vertex 149.492 44.65 4.11
      vertex 149.492 42.35 4.11
      vertex 149.722 42.9047 4.11
    endloop
  endfacet
  facet normal 0 0 1
    outer loop
      vertex 149.126 45.1263 4.11
      vertex 149.492 42.35 4.11
      vertex 149.492 44.65 4.11
    endloop
  endfacet
  facet normal 0 0 1
    outer loop
      vertex 149.126 45.1263 4.11
      vertex 149.126 41.8737 4.11
      vertex 149.492 42.35 4.11
    endloop
  endfacet
  facet normal 0 0 1
    outer loop
      vertex 148.65 45.4919 4.11
      vertex 149.126 41.8737 4.11
      vertex 149.126 45.1263 4.11
    endloop
  endfacet
  facet normal 0 0 1
    outer loop
      vertex 148.65 45.4919 4.11
      vertex 148.65 41.5081 4.11
      vertex 149.126 41.8737 4.11
    endloop
  endfacet
  facet normal 0 0 1
    outer loop
      vertex 148.095 45.7216 4.11
      vertex 148.65 41.5081 4.11
      vertex 148.65 45.4919 4.11
    endloop
  endfacet
  facet normal 0 0 1
    outer loop
      vertex 148.095 45.7216 4.11
      vertex 148.095 41.2784 4.11
      vertex 148.65 41.5081 4.11
    endloop
  endfacet
  facet normal 0 0 1
    outer loop
      vertex 147.5 45.8 4.11
      vertex 148.095 41.2784 4.11
      vertex 148.095 45.7216 4.11
    endloop
  endfacet
  facet normal 0 0 1
    outer loop
      vertex 147.5 45.8 4.11
      vertex 147.5 41.2 4.11
      vertex 148.095 41.2784 4.11
    endloop
  endfacet
  facet normal -0 0 1
    outer loop
      vertex 146.905 45.7216 4.11
      vertex 147.5 41.2 4.11
      vertex 147.5 45.8 4.11
    endloop
  endfacet
  facet normal 0 0 1
    outer loop
      vertex 146.905 45.7216 4.11
      vertex 146.905 41.2784 4.11
      vertex 147.5 41.2 4.11
    endloop
  endfacet
  facet normal -0 0 1
    outer loop
      vertex 146.35 45.4919 4.11
      vertex 146.905 41.2784 4.11
      vertex 146.905 45.7216 4.11
    endloop
  endfacet
  facet normal 0 0 1
    outer loop
      vertex 146.35 45.4919 4.11
      vertex 146.35 41.5081 4.11
      vertex 146.905 41.2784 4.11
    endloop
  endfacet
  facet normal -0 0 1
    outer loop
      vertex 145.874 45.1263 4.11
      vertex 146.35 41.5081 4.11
      vertex 146.35 45.4919 4.11
    endloop
  endfacet
  facet normal 0 0 1
    outer loop
      vertex 145.874 45.1263 4.11
      vertex 145.874 41.8737 4.11
      vertex 146.35 41.5081 4.11
    endloop
  endfacet
  facet normal -0 0 1
    outer loop
      vertex 145.508 44.65 4.11
      vertex 145.874 41.8737 4.11
      vertex 145.874 45.1263 4.11
    endloop
  endfacet
  facet normal 0 0 1
    outer loop
      vertex 145.508 44.65 4.11
      vertex 145.508 42.35 4.11
      vertex 145.874 41.8737 4.11
    endloop
  endfacet
  facet normal -0 0 1
    outer loop
      vertex 145.278 44.0953 4.11
      vertex 145.508 42.35 4.11
      vertex 145.508 44.65 4.11
    endloop
  endfacet
  facet normal 0 0 1
    outer loop
      vertex 145.278 44.0953 4.11
      vertex 145.278 42.9047 4.11
      vertex 145.508 42.35 4.11
    endloop
  endfacet
  facet normal 0 -0 1
    outer loop
      vertex 145.278 42.9047 4.11
      vertex 145.278 44.0953 4.11
      vertex 145.2 43.5 4.11
    endloop
  endfacet
  facet normal 0.792933 0.609308 0
    outer loop
      vertex 145.874 41.8737 10.6
      vertex 145.508 42.35 4.11
      vertex 145.508 42.35 10.6
    endloop
  endfacet
  facet normal 0.792933 0.609308 0
    outer loop
      vertex 145.508 42.35 4.11
      vertex 145.874 41.8737 10.6
      vertex 145.874 41.8737 4.11
    endloop
  endfacet
  facet normal 0.792933 -0.609308 0
    outer loop
      vertex 145.508 44.65 10.6
      vertex 145.874 45.1263 4.11
      vertex 145.874 45.1263 10.6
    endloop
  endfacet
  facet normal 0.792933 -0.609308 0
    outer loop
      vertex 145.874 45.1263 4.11
      vertex 145.508 44.65 10.6
      vertex 145.508 44.65 4.11
    endloop
  endfacet
  facet normal 0.609131 -0.79307 0
    outer loop
      vertex 145.874 45.1263 4.11
      vertex 146.35 45.4919 10.6
      vertex 145.874 45.1263 10.6
    endloop
  endfacet
  facet normal 0.609131 -0.79307 0
    outer loop
      vertex 146.35 45.4919 10.6
      vertex 145.874 45.1263 4.11
      vertex 146.35 45.4919 4.11
    endloop
  endfacet
  facet normal -0.130636 0.99143 0
    outer loop
      vertex 148.095 41.2784 4.11
      vertex 147.5 41.2 10.6
      vertex 148.095 41.2784 10.6
    endloop
  endfacet
  facet normal -0.130636 0.99143 0
    outer loop
      vertex 147.5 41.2 10.6
      vertex 148.095 41.2784 4.11
      vertex 147.5 41.2 4.11
    endloop
  endfacet
  facet normal 0.130636 -0.99143 0
    outer loop
      vertex 146.905 45.7216 4.11
      vertex 147.5 45.8 10.6
      vertex 146.905 45.7216 10.6
    endloop
  endfacet
  facet normal 0.130636 -0.99143 0
    outer loop
      vertex 147.5 45.8 10.6
      vertex 146.905 45.7216 4.11
      vertex 147.5 45.8 4.11
    endloop
  endfacet
  facet normal -0.382416 -0.92399 0
    outer loop
      vertex 148.095 45.7216 4.11
      vertex 148.65 45.4919 10.6
      vertex 148.095 45.7216 10.6
    endloop
  endfacet
  facet normal -0.382416 -0.92399 -0
    outer loop
      vertex 148.65 45.4919 10.6
      vertex 148.095 45.7216 4.11
      vertex 148.65 45.4919 4.11
    endloop
  endfacet
  facet normal -0.792933 0.609308 0
    outer loop
      vertex 149.126 41.8737 4.11
      vertex 149.492 42.35 10.6
      vertex 149.492 42.35 4.11
    endloop
  endfacet
  facet normal -0.792933 0.609308 0
    outer loop
      vertex 149.492 42.35 10.6
      vertex 149.126 41.8737 4.11
      vertex 149.126 41.8737 10.6
    endloop
  endfacet
  facet normal -0.923741 0.383018 0
    outer loop
      vertex 149.492 42.35 4.11
      vertex 149.722 42.9047 10.6
      vertex 149.722 42.9047 4.11
    endloop
  endfacet
  facet normal -0.923741 0.383018 0
    outer loop
      vertex 149.722 42.9047 10.6
      vertex 149.492 42.35 4.11
      vertex 149.492 42.35 10.6
    endloop
  endfacet
  facet normal -0.609131 0.79307 0
    outer loop
      vertex 149.126 41.8737 4.11
      vertex 148.65 41.5081 10.6
      vertex 149.126 41.8737 10.6
    endloop
  endfacet
  facet normal -0.609131 0.79307 0
    outer loop
      vertex 148.65 41.5081 10.6
      vertex 149.126 41.8737 4.11
      vertex 148.65 41.5081 4.11
    endloop
  endfacet
  facet normal 0.991525 -0.129916 0
    outer loop
      vertex 145.2 43.5 10.6
      vertex 145.278 44.0953 4.11
      vertex 145.278 44.0953 10.6
    endloop
  endfacet
  facet normal 0.991525 -0.129916 0
    outer loop
      vertex 145.278 44.0953 4.11
      vertex 145.2 43.5 10.6
      vertex 145.2 43.5 4.11
    endloop
  endfacet
  facet normal 0.382416 -0.92399 0
    outer loop
      vertex 146.35 45.4919 4.11
      vertex 146.905 45.7216 10.6
      vertex 146.35 45.4919 10.6
    endloop
  endfacet
  facet normal 0.382416 -0.92399 0
    outer loop
      vertex 146.905 45.7216 10.6
      vertex 146.35 45.4919 4.11
      vertex 146.905 45.7216 4.11
    endloop
  endfacet
  facet normal 0.923741 -0.383018 0
    outer loop
      vertex 145.278 44.0953 10.6
      vertex 145.508 44.65 4.11
      vertex 145.508 44.65 10.6
    endloop
  endfacet
  facet normal 0.923741 -0.383018 0
    outer loop
      vertex 145.508 44.65 4.11
      vertex 145.278 44.0953 10.6
      vertex 145.278 44.0953 4.11
    endloop
  endfacet
  facet normal 0.923741 0.383018 0
    outer loop
      vertex 145.508 42.35 10.6
      vertex 145.278 42.9047 4.11
      vertex 145.278 42.9047 10.6
    endloop
  endfacet
  facet normal 0.923741 0.383018 0
    outer loop
      vertex 145.278 42.9047 4.11
      vertex 145.508 42.35 10.6
      vertex 145.508 42.35 4.11
    endloop
  endfacet
  facet normal 0.130636 0.99143 -0
    outer loop
      vertex 147.5 41.2 4.11
      vertex 146.905 41.2784 10.6
      vertex 147.5 41.2 10.6
    endloop
  endfacet
  facet normal 0.130636 0.99143 0
    outer loop
      vertex 146.905 41.2784 10.6
      vertex 147.5 41.2 4.11
      vertex 146.905 41.2784 4.11
    endloop
  endfacet
  facet normal -0.609131 -0.79307 0
    outer loop
      vertex 148.65 45.4919 4.11
      vertex 149.126 45.1263 10.6
      vertex 148.65 45.4919 10.6
    endloop
  endfacet
  facet normal -0.609131 -0.79307 -0
    outer loop
      vertex 149.126 45.1263 10.6
      vertex 148.65 45.4919 4.11
      vertex 149.126 45.1263 4.11
    endloop
  endfacet
  facet normal -0.792933 -0.609308 0
    outer loop
      vertex 149.492 44.65 4.11
      vertex 149.126 45.1263 10.6
      vertex 149.126 45.1263 4.11
    endloop
  endfacet
  facet normal -0.792933 -0.609308 0
    outer loop
      vertex 149.126 45.1263 10.6
      vertex 149.492 44.65 4.11
      vertex 149.492 44.65 10.6
    endloop
  endfacet
  facet normal -0.130636 -0.99143 0
    outer loop
      vertex 147.5 45.8 4.11
      vertex 148.095 45.7216 10.6
      vertex 147.5 45.8 10.6
    endloop
  endfacet
  facet normal -0.130636 -0.99143 -0
    outer loop
      vertex 148.095 45.7216 10.6
      vertex 147.5 45.8 4.11
      vertex 148.095 45.7216 4.11
    endloop
  endfacet
  facet normal 0.609131 0.79307 -0
    outer loop
      vertex 146.35 41.5081 4.11
      vertex 145.874 41.8737 10.6
      vertex 146.35 41.5081 10.6
    endloop
  endfacet
  facet normal 0.609131 0.79307 0
    outer loop
      vertex 145.874 41.8737 10.6
      vertex 146.35 41.5081 4.11
      vertex 145.874 41.8737 4.11
    endloop
  endfacet
  facet normal 0.991525 0.129916 0
    outer loop
      vertex 145.278 42.9047 10.6
      vertex 145.2 43.5 4.11
      vertex 145.2 43.5 10.6
    endloop
  endfacet
  facet normal 0.991525 0.129916 0
    outer loop
      vertex 145.2 43.5 4.11
      vertex 145.278 42.9047 10.6
      vertex 145.278 42.9047 4.11
    endloop
  endfacet
  facet normal 0.382416 0.92399 -0
    outer loop
      vertex 146.905 41.2784 4.11
      vertex 146.35 41.5081 10.6
      vertex 146.905 41.2784 10.6
    endloop
  endfacet
  facet normal 0.382416 0.92399 0
    outer loop
      vertex 146.35 41.5081 10.6
      vertex 146.905 41.2784 4.11
      vertex 146.35 41.5081 4.11
    endloop
  endfacet
  facet normal -0.471648 0.881787 0
    outer loop
      vertex 145.969 83.1955 3
      vertex 145.278 82.8259 10.6
      vertex 145.969 83.1955 10.6
    endloop
  endfacet
  facet normal -0.471648 0.881787 0
    outer loop
      vertex 145.278 82.8259 10.6
      vertex 145.969 83.1955 3
      vertex 145.278 82.8259 3
    endloop
  endfacet
  facet normal 0.471648 0.881787 -0
    outer loop
      vertex 149.722 82.8259 3
      vertex 149.031 83.1955 10.6
      vertex 149.722 82.8259 10.6
    endloop
  endfacet
  facet normal 0.471648 0.881787 0
    outer loop
      vertex 149.031 83.1955 10.6
      vertex 149.722 82.8259 3
      vertex 149.031 83.1955 3
    endloop
  endfacet
  facet normal 0.957153 0.289582 0
    outer loop
      vertex 151.423 80.2804 10.6
      vertex 151.196 81.0307 3
      vertex 151.196 81.0307 10.6
    endloop
  endfacet
  facet normal 0.957153 0.289582 0
    outer loop
      vertex 151.196 81.0307 3
      vertex 151.423 80.2804 10.6
      vertex 151.423 80.2804 3
    endloop
  endfacet
  facet normal 0.995168 0.0981906 0
    outer loop
      vertex 151.5 79.5 10.6
      vertex 151.423 80.2804 3
      vertex 151.423 80.2804 10.6
    endloop
  endfacet
  facet normal 0.995168 0.0981906 0
    outer loop
      vertex 151.423 80.2804 3
      vertex 151.5 79.5 10.6
      vertex 151.5 79.5 3
    endloop
  endfacet
  facet normal 0.881745 0.471726 0
    outer loop
      vertex 151.196 81.0307 10.6
      vertex 150.826 81.7223 3
      vertex 150.826 81.7223 10.6
    endloop
  endfacet
  facet normal 0.881745 0.471726 0
    outer loop
      vertex 150.826 81.7223 3
      vertex 151.196 81.0307 10.6
      vertex 151.196 81.0307 3
    endloop
  endfacet
  facet normal 0.0981141 0.995175 -0
    outer loop
      vertex 148.28 83.4231 3
      vertex 147.5 83.5 10.6
      vertex 148.28 83.4231 10.6
    endloop
  endfacet
  facet normal 0.0981141 0.995175 0
    outer loop
      vertex 147.5 83.5 10.6
      vertex 148.28 83.4231 3
      vertex 147.5 83.5 3
    endloop
  endfacet
  facet normal 0.0981141 -0.995175 0
    outer loop
      vertex 147.5 75.5 9
      vertex 148.28 75.5769 10.6
      vertex 147.5 75.5 10.6
    endloop
  endfacet
  facet normal 0.0981141 -0.995175 0
    outer loop
      vertex 148.28 75.5769 10.6
      vertex 147.5 75.5 9
      vertex 148.28 75.5769 9
    endloop
  endfacet
  facet normal 0.0981141 -0.995175 0
    outer loop
      vertex 147.5 75.5 3
      vertex 148.28 75.5769 4
      vertex 147.5 75.5 4
    endloop
  endfacet
  facet normal 0.0981141 -0.995175 0
    outer loop
      vertex 148.28 75.5769 4
      vertex 147.5 75.5 3
      vertex 148.28 75.5769 3
    endloop
  endfacet
  facet normal 0.290036 0.957016 -0
    outer loop
      vertex 149.031 83.1955 3
      vertex 148.28 83.4231 10.6
      vertex 149.031 83.1955 10.6
    endloop
  endfacet
  facet normal 0.290036 0.957016 0
    outer loop
      vertex 148.28 83.4231 10.6
      vertex 149.031 83.1955 3
      vertex 148.28 83.4231 3
    endloop
  endfacet
  facet normal 0.634522 0.772905 -0
    outer loop
      vertex 150.328 82.3284 3
      vertex 149.722 82.8259 10.6
      vertex 150.328 82.3284 10.6
    endloop
  endfacet
  facet normal 0.634522 0.772905 0
    outer loop
      vertex 149.722 82.8259 10.6
      vertex 150.328 82.3284 3
      vertex 149.722 82.8259 3
    endloop
  endfacet
  facet normal 0.773041 -0.634356 0
    outer loop
      vertex 150.826 77.2777 10.6
      vertex 150.434 76.8 9
      vertex 150.826 77.2777 3
    endloop
  endfacet
  facet normal 0.772644 -0.63484 0.00024173
    outer loop
      vertex 150.328 76.6716 10.6
      vertex 150.434 76.8 9
      vertex 150.826 77.2777 10.6
    endloop
  endfacet
  facet normal 0.771167 -0.636633 0
    outer loop
      vertex 150.434 76.8 9
      vertex 150.328 76.6716 10.6
      vertex 150.328 76.6716 9
    endloop
  endfacet
  facet normal 0.773041 -0.634356 0
    outer loop
      vertex 150.434 76.8 4
      vertex 150.826 77.2777 3
      vertex 150.434 76.8 9
    endloop
  endfacet
  facet normal 0.771167 -0.636633 0
    outer loop
      vertex 150.328 76.6716 3
      vertex 150.434 76.8 4
      vertex 150.328 76.6716 4
    endloop
  endfacet
  facet normal 0.772644 -0.63484 -0.000386768
    outer loop
      vertex 150.434 76.8 4
      vertex 150.328 76.6716 3
      vertex 150.826 77.2777 3
    endloop
  endfacet
  facet normal -0.634522 0.772905 0
    outer loop
      vertex 145.278 82.8259 3
      vertex 144.672 82.3284 10.6
      vertex 145.278 82.8259 10.6
    endloop
  endfacet
  facet normal -0.634522 0.772905 0
    outer loop
      vertex 144.672 82.3284 10.6
      vertex 145.278 82.8259 3
      vertex 144.672 82.3284 3
    endloop
  endfacet
  facet normal 0.471648 -0.881787 0
    outer loop
      vertex 149.031 75.8045 9
      vertex 149.722 76.1741 10.6
      vertex 149.031 75.8045 10.6
    endloop
  endfacet
  facet normal 0.471648 -0.881787 0
    outer loop
      vertex 149.722 76.1741 10.6
      vertex 149.031 75.8045 9
      vertex 149.722 76.1741 9
    endloop
  endfacet
  facet normal 0.471648 -0.881787 0
    outer loop
      vertex 149.031 75.8045 3
      vertex 149.722 76.1741 4
      vertex 149.031 75.8045 4
    endloop
  endfacet
  facet normal 0.471648 -0.881787 0
    outer loop
      vertex 149.722 76.1741 4
      vertex 149.031 75.8045 3
      vertex 149.722 76.1741 3
    endloop
  endfacet
  facet normal -0.881745 -0.471726 0
    outer loop
      vertex 144.174 77.2777 3
      vertex 143.804 77.9693 10.6
      vertex 143.804 77.9693 3
    endloop
  endfacet
  facet normal -0.881745 -0.471726 0
    outer loop
      vertex 143.804 77.9693 10.6
      vertex 144.174 77.2777 3
      vertex 144.174 77.2777 10.6
    endloop
  endfacet
  facet normal 0.995168 -0.0981906 0
    outer loop
      vertex 151.423 78.7196 10.6
      vertex 151.5 79.5 3
      vertex 151.5 79.5 10.6
    endloop
  endfacet
  facet normal 0.995168 -0.0981906 0
    outer loop
      vertex 151.5 79.5 3
      vertex 151.423 78.7196 10.6
      vertex 151.423 78.7196 3
    endloop
  endfacet
  facet normal -0.290036 0.957016 0
    outer loop
      vertex 146.72 83.4231 3
      vertex 145.969 83.1955 10.6
      vertex 146.72 83.4231 10.6
    endloop
  endfacet
  facet normal -0.290036 0.957016 0
    outer loop
      vertex 145.969 83.1955 10.6
      vertex 146.72 83.4231 3
      vertex 145.969 83.1955 3
    endloop
  endfacet
  facet normal -0.0981141 -0.995175 0
    outer loop
      vertex 146.72 75.5769 9
      vertex 147.5 75.5 10.6
      vertex 146.72 75.5769 10.6
    endloop
  endfacet
  facet normal -0.0981141 -0.995175 -0
    outer loop
      vertex 147.5 75.5 10.6
      vertex 146.72 75.5769 9
      vertex 147.5 75.5 9
    endloop
  endfacet
  facet normal -0.0981141 -0.995175 0
    outer loop
      vertex 146.72 75.5769 3
      vertex 147.5 75.5 4
      vertex 146.72 75.5769 4
    endloop
  endfacet
  facet normal -0.0981141 -0.995175 -0
    outer loop
      vertex 147.5 75.5 4
      vertex 146.72 75.5769 3
      vertex 147.5 75.5 3
    endloop
  endfacet
  facet normal -0.881745 0.471726 0
    outer loop
      vertex 143.804 81.0307 3
      vertex 144.174 81.7223 10.6
      vertex 144.174 81.7223 3
    endloop
  endfacet
  facet normal -0.881745 0.471726 0
    outer loop
      vertex 144.174 81.7223 10.6
      vertex 143.804 81.0307 3
      vertex 143.804 81.0307 10.6
    endloop
  endfacet
  facet normal 0.290036 -0.957016 0
    outer loop
      vertex 148.28 75.5769 9
      vertex 149.031 75.8045 10.6
      vertex 148.28 75.5769 10.6
    endloop
  endfacet
  facet normal 0.290036 -0.957016 0
    outer loop
      vertex 149.031 75.8045 10.6
      vertex 148.28 75.5769 9
      vertex 149.031 75.8045 9
    endloop
  endfacet
  facet normal 0.290036 -0.957016 0
    outer loop
      vertex 148.28 75.5769 3
      vertex 149.031 75.8045 4
      vertex 148.28 75.5769 4
    endloop
  endfacet
  facet normal 0.290036 -0.957016 0
    outer loop
      vertex 149.031 75.8045 4
      vertex 148.28 75.5769 3
      vertex 149.031 75.8045 3
    endloop
  endfacet
  facet normal 0 0 1
    outer loop
      vertex 149.8 79.5 10.6
      vertex 151.5 79.5 10.6
      vertex 151.423 80.2804 10.6
    endloop
  endfacet
  facet normal 0 0 1
    outer loop
      vertex 149.722 80.0953 10.6
      vertex 151.423 80.2804 10.6
      vertex 151.196 81.0307 10.6
    endloop
  endfacet
  facet normal 0 0 1
    outer loop
      vertex 151.5 79.5 10.6
      vertex 149.8 79.5 10.6
      vertex 151.423 78.7196 10.6
    endloop
  endfacet
  facet normal 0 0 1
    outer loop
      vertex 149.492 80.65 10.6
      vertex 151.196 81.0307 10.6
      vertex 150.826 81.7223 10.6
    endloop
  endfacet
  facet normal -0 0 1
    outer loop
      vertex 149.722 78.9047 10.6
      vertex 151.423 78.7196 10.6
      vertex 149.8 79.5 10.6
    endloop
  endfacet
  facet normal 0 0 1
    outer loop
      vertex 149.126 81.1263 10.6
      vertex 150.826 81.7223 10.6
      vertex 150.328 82.3284 10.6
    endloop
  endfacet
  facet normal 0 0 1
    outer loop
      vertex 151.423 78.7196 10.6
      vertex 149.722 78.9047 10.6
      vertex 151.196 77.9693 10.6
    endloop
  endfacet
  facet normal -0 0 1
    outer loop
      vertex 149.492 78.35 10.6
      vertex 151.196 77.9693 10.6
      vertex 149.722 78.9047 10.6
    endloop
  endfacet
  facet normal 0 0 1
    outer loop
      vertex 149.126 81.1263 10.6
      vertex 150.328 82.3284 10.6
      vertex 149.722 82.8259 10.6
    endloop
  endfacet
  facet normal 0 0 1
    outer loop
      vertex 151.423 80.2804 10.6
      vertex 149.722 80.0953 10.6
      vertex 149.8 79.5 10.6
    endloop
  endfacet
  facet normal 0 0 1
    outer loop
      vertex 151.196 81.0307 10.6
      vertex 149.492 80.65 10.6
      vertex 149.722 80.0953 10.6
    endloop
  endfacet
  facet normal 0 0 1
    outer loop
      vertex 150.826 81.7223 10.6
      vertex 149.126 81.1263 10.6
      vertex 149.492 80.65 10.6
    endloop
  endfacet
  facet normal 0 0 1
    outer loop
      vertex 148.65 81.4919 10.6
      vertex 149.722 82.8259 10.6
      vertex 149.031 83.1955 10.6
    endloop
  endfacet
  facet normal 0 0 1
    outer loop
      vertex 149.722 82.8259 10.6
      vertex 148.65 81.4919 10.6
      vertex 149.126 81.1263 10.6
    endloop
  endfacet
  facet normal 0 0 1
    outer loop
      vertex 148.095 81.7216 10.6
      vertex 149.031 83.1955 10.6
      vertex 148.28 83.4231 10.6
    endloop
  endfacet
  facet normal 0 0 1
    outer loop
      vertex 149.031 83.1955 10.6
      vertex 148.095 81.7216 10.6
      vertex 148.65 81.4919 10.6
    endloop
  endfacet
  facet normal 0 0 1
    outer loop
      vertex 147.5 81.8 10.6
      vertex 148.28 83.4231 10.6
      vertex 147.5 83.5 10.6
    endloop
  endfacet
  facet normal 0 0 1
    outer loop
      vertex 148.28 83.4231 10.6
      vertex 147.5 81.8 10.6
      vertex 148.095 81.7216 10.6
    endloop
  endfacet
  facet normal -0 0 1
    outer loop
      vertex 146.72 83.4231 10.6
      vertex 147.5 81.8 10.6
      vertex 147.5 83.5 10.6
    endloop
  endfacet
  facet normal 0 0 1
    outer loop
      vertex 147.5 81.8 10.6
      vertex 146.72 83.4231 10.6
      vertex 146.905 81.7216 10.6
    endloop
  endfacet
  facet normal -0 0 1
    outer loop
      vertex 145.969 83.1955 10.6
      vertex 146.905 81.7216 10.6
      vertex 146.72 83.4231 10.6
    endloop
  endfacet
  facet normal 0 0 1
    outer loop
      vertex 146.905 81.7216 10.6
      vertex 145.969 83.1955 10.6
      vertex 146.35 81.4919 10.6
    endloop
  endfacet
  facet normal -0 0 1
    outer loop
      vertex 145.278 82.8259 10.6
      vertex 146.35 81.4919 10.6
      vertex 145.969 83.1955 10.6
    endloop
  endfacet
  facet normal 0 0 1
    outer loop
      vertex 146.35 81.4919 10.6
      vertex 145.278 82.8259 10.6
      vertex 145.874 81.1263 10.6
    endloop
  endfacet
  facet normal -0 0 1
    outer loop
      vertex 144.672 82.3284 10.6
      vertex 145.874 81.1263 10.6
      vertex 145.278 82.8259 10.6
    endloop
  endfacet
  facet normal -0 0 1
    outer loop
      vertex 144.174 81.7223 10.6
      vertex 145.874 81.1263 10.6
      vertex 144.672 82.3284 10.6
    endloop
  endfacet
  facet normal 0 0 1
    outer loop
      vertex 145.874 81.1263 10.6
      vertex 144.174 81.7223 10.6
      vertex 145.508 80.65 10.6
    endloop
  endfacet
  facet normal -0 0 1
    outer loop
      vertex 143.804 81.0307 10.6
      vertex 145.508 80.65 10.6
      vertex 144.174 81.7223 10.6
    endloop
  endfacet
  facet normal 0 0 1
    outer loop
      vertex 151.196 77.9693 10.6
      vertex 149.492 78.35 10.6
      vertex 150.826 77.2777 10.6
    endloop
  endfacet
  facet normal -0 0 1
    outer loop
      vertex 149.126 77.8737 10.6
      vertex 150.826 77.2777 10.6
      vertex 149.492 78.35 10.6
    endloop
  endfacet
  facet normal 0 0 1
    outer loop
      vertex 150.826 77.2777 10.6
      vertex 149.126 77.8737 10.6
      vertex 150.328 76.6716 10.6
    endloop
  endfacet
  facet normal 0 0 1
    outer loop
      vertex 150.328 76.6716 10.6
      vertex 149.126 77.8737 10.6
      vertex 149.722 76.1741 10.6
    endloop
  endfacet
  facet normal -0 0 1
    outer loop
      vertex 148.65 77.5081 10.6
      vertex 149.722 76.1741 10.6
      vertex 149.126 77.8737 10.6
    endloop
  endfacet
  facet normal 0 0 1
    outer loop
      vertex 149.722 76.1741 10.6
      vertex 148.65 77.5081 10.6
      vertex 149.031 75.8045 10.6
    endloop
  endfacet
  facet normal -0 0 1
    outer loop
      vertex 148.095 77.2784 10.6
      vertex 149.031 75.8045 10.6
      vertex 148.65 77.5081 10.6
    endloop
  endfacet
  facet normal 0 0 1
    outer loop
      vertex 149.031 75.8045 10.6
      vertex 148.095 77.2784 10.6
      vertex 148.28 75.5769 10.6
    endloop
  endfacet
  facet normal -0 0 1
    outer loop
      vertex 147.5 77.2 10.6
      vertex 148.28 75.5769 10.6
      vertex 148.095 77.2784 10.6
    endloop
  endfacet
  facet normal 0 0 1
    outer loop
      vertex 147.5 77.2 10.6
      vertex 147.5 75.5 10.6
      vertex 148.28 75.5769 10.6
    endloop
  endfacet
  facet normal 0 0 1
    outer loop
      vertex 146.72 75.5769 10.6
      vertex 147.5 77.2 10.6
      vertex 146.905 77.2784 10.6
    endloop
  endfacet
  facet normal 0 0 1
    outer loop
      vertex 147.5 77.2 10.6
      vertex 146.72 75.5769 10.6
      vertex 147.5 75.5 10.6
    endloop
  endfacet
  facet normal 0 0 1
    outer loop
      vertex 145.969 75.8045 10.6
      vertex 146.905 77.2784 10.6
      vertex 146.35 77.5081 10.6
    endloop
  endfacet
  facet normal 0 0 1
    outer loop
      vertex 146.905 77.2784 10.6
      vertex 145.969 75.8045 10.6
      vertex 146.72 75.5769 10.6
    endloop
  endfacet
  facet normal 0 0 1
    outer loop
      vertex 145.278 76.1741 10.6
      vertex 146.35 77.5081 10.6
      vertex 145.874 77.8737 10.6
    endloop
  endfacet
  facet normal 0 0 1
    outer loop
      vertex 144.174 77.2777 10.6
      vertex 145.874 77.8737 10.6
      vertex 145.508 78.35 10.6
    endloop
  endfacet
  facet normal 0 0 1
    outer loop
      vertex 143.804 77.9693 10.6
      vertex 145.508 78.35 10.6
      vertex 145.278 78.9047 10.6
    endloop
  endfacet
  facet normal 0 0 1
    outer loop
      vertex 146.35 77.5081 10.6
      vertex 145.278 76.1741 10.6
      vertex 145.969 75.8045 10.6
    endloop
  endfacet
  facet normal 0 0 1
    outer loop
      vertex 143.577 78.7196 10.6
      vertex 145.278 78.9047 10.6
      vertex 145.2 79.5 10.6
    endloop
  endfacet
  facet normal 0 0 1
    outer loop
      vertex 145.508 80.65 10.6
      vertex 143.804 81.0307 10.6
      vertex 145.278 80.0953 10.6
    endloop
  endfacet
  facet normal 0 0 1
    outer loop
      vertex 145.874 77.8737 10.6
      vertex 144.672 76.6716 10.6
      vertex 145.278 76.1741 10.6
    endloop
  endfacet
  facet normal -0 0 1
    outer loop
      vertex 143.577 80.2804 10.6
      vertex 145.278 80.0953 10.6
      vertex 143.804 81.0307 10.6
    endloop
  endfacet
  facet normal 0 0 1
    outer loop
      vertex 145.874 77.8737 10.6
      vertex 144.174 77.2777 10.6
      vertex 144.672 76.6716 10.6
    endloop
  endfacet
  facet normal 0 0 1
    outer loop
      vertex 145.278 80.0953 10.6
      vertex 143.577 80.2804 10.6
      vertex 145.2 79.5 10.6
    endloop
  endfacet
  facet normal 0 0 1
    outer loop
      vertex 145.508 78.35 10.6
      vertex 143.804 77.9693 10.6
      vertex 144.174 77.2777 10.6
    endloop
  endfacet
  facet normal 0 0 1
    outer loop
      vertex 143.5 79.5 10.6
      vertex 145.2 79.5 10.6
      vertex 143.577 80.2804 10.6
    endloop
  endfacet
  facet normal 0 0 1
    outer loop
      vertex 145.278 78.9047 10.6
      vertex 143.577 78.7196 10.6
      vertex 143.804 77.9693 10.6
    endloop
  endfacet
  facet normal 0 0 1
    outer loop
      vertex 145.2 79.5 10.6
      vertex 143.5 79.5 10.6
      vertex 143.577 78.7196 10.6
    endloop
  endfacet
  facet normal -0.290036 -0.957016 0
    outer loop
      vertex 145.969 75.8045 9
      vertex 146.72 75.5769 10.6
      vertex 145.969 75.8045 10.6
    endloop
  endfacet
  facet normal -0.290036 -0.957016 -0
    outer loop
      vertex 146.72 75.5769 10.6
      vertex 145.969 75.8045 9
      vertex 146.72 75.5769 9
    endloop
  endfacet
  facet normal -0.290036 -0.957016 0
    outer loop
      vertex 145.969 75.8045 3
      vertex 146.72 75.5769 4
      vertex 145.969 75.8045 4
    endloop
  endfacet
  facet normal -0.290036 -0.957016 -0
    outer loop
      vertex 146.72 75.5769 4
      vertex 145.969 75.8045 3
      vertex 146.72 75.5769 3
    endloop
  endfacet
  facet normal 0.957153 -0.289582 0
    outer loop
      vertex 151.196 77.9693 10.6
      vertex 151.423 78.7196 3
      vertex 151.423 78.7196 10.6
    endloop
  endfacet
  facet normal 0.957153 -0.289582 0
    outer loop
      vertex 151.423 78.7196 3
      vertex 151.196 77.9693 10.6
      vertex 151.196 77.9693 3
    endloop
  endfacet
  facet normal 0.772644 0.63484 0
    outer loop
      vertex 150.826 81.7223 10.6
      vertex 150.328 82.3284 3
      vertex 150.328 82.3284 10.6
    endloop
  endfacet
  facet normal 0.772644 0.63484 0
    outer loop
      vertex 150.328 82.3284 3
      vertex 150.826 81.7223 10.6
      vertex 150.826 81.7223 3
    endloop
  endfacet
  facet normal -0.995168 0.0981906 0
    outer loop
      vertex 143.5 79.5 3
      vertex 143.577 80.2804 10.6
      vertex 143.577 80.2804 3
    endloop
  endfacet
  facet normal -0.995168 0.0981906 0
    outer loop
      vertex 143.577 80.2804 10.6
      vertex 143.5 79.5 3
      vertex 143.5 79.5 10.6
    endloop
  endfacet
  facet normal 0.634522 -0.772905 0
    outer loop
      vertex 149.722 76.1741 9
      vertex 150.328 76.6716 10.6
      vertex 149.722 76.1741 10.6
    endloop
  endfacet
  facet normal 0.634522 -0.772905 0
    outer loop
      vertex 150.328 76.6716 10.6
      vertex 149.722 76.1741 9
      vertex 150.328 76.6716 9
    endloop
  endfacet
  facet normal 0.634522 -0.772905 0
    outer loop
      vertex 149.722 76.1741 3
      vertex 150.328 76.6716 4
      vertex 149.722 76.1741 4
    endloop
  endfacet
  facet normal 0.634522 -0.772905 0
    outer loop
      vertex 150.328 76.6716 4
      vertex 149.722 76.1741 3
      vertex 150.328 76.6716 3
    endloop
  endfacet
  facet normal -0.634522 -0.772905 0
    outer loop
      vertex 144.672 76.6716 9
      vertex 145.278 76.1741 10.6
      vertex 144.672 76.6716 10.6
    endloop
  endfacet
  facet normal -0.634522 -0.772905 -0
    outer loop
      vertex 145.278 76.1741 10.6
      vertex 144.672 76.6716 9
      vertex 145.278 76.1741 9
    endloop
  endfacet
  facet normal -0.634522 -0.772905 0
    outer loop
      vertex 144.672 76.6716 3
      vertex 145.278 76.1741 4
      vertex 144.672 76.6716 4
    endloop
  endfacet
  facet normal -0.634522 -0.772905 -0
    outer loop
      vertex 145.278 76.1741 4
      vertex 144.672 76.6716 3
      vertex 145.278 76.1741 3
    endloop
  endfacet
  facet normal -0.0981141 0.995175 0
    outer loop
      vertex 147.5 83.5 3
      vertex 146.72 83.4231 10.6
      vertex 147.5 83.5 10.6
    endloop
  endfacet
  facet normal -0.0981141 0.995175 0
    outer loop
      vertex 146.72 83.4231 10.6
      vertex 147.5 83.5 3
      vertex 146.72 83.4231 3
    endloop
  endfacet
  facet normal 0.881745 -0.471726 0
    outer loop
      vertex 150.826 77.2777 10.6
      vertex 151.196 77.9693 3
      vertex 151.196 77.9693 10.6
    endloop
  endfacet
  facet normal 0.881745 -0.471726 0
    outer loop
      vertex 151.196 77.9693 3
      vertex 150.826 77.2777 10.6
      vertex 150.826 77.2777 3
    endloop
  endfacet
  facet normal -0.957153 -0.289582 0
    outer loop
      vertex 143.804 77.9693 3
      vertex 143.577 78.7196 10.6
      vertex 143.577 78.7196 3
    endloop
  endfacet
  facet normal -0.957153 -0.289582 0
    outer loop
      vertex 143.577 78.7196 10.6
      vertex 143.804 77.9693 3
      vertex 143.804 77.9693 10.6
    endloop
  endfacet
  facet normal -0.995168 -0.0981906 0
    outer loop
      vertex 143.577 78.7196 3
      vertex 143.5 79.5 10.6
      vertex 143.5 79.5 3
    endloop
  endfacet
  facet normal -0.995168 -0.0981906 0
    outer loop
      vertex 143.5 79.5 10.6
      vertex 143.577 78.7196 3
      vertex 143.577 78.7196 10.6
    endloop
  endfacet
  facet normal -0.773041 -0.634356 -0
    outer loop
      vertex 144.566 76.8 9
      vertex 144.174 77.2777 3
      vertex 144.566 76.8 4
    endloop
  endfacet
  facet normal -0.772644 -0.63484 -0.000386768
    outer loop
      vertex 144.672 76.6716 3
      vertex 144.566 76.8 4
      vertex 144.174 77.2777 3
    endloop
  endfacet
  facet normal -0.771167 -0.636633 0
    outer loop
      vertex 144.566 76.8 4
      vertex 144.672 76.6716 3
      vertex 144.672 76.6716 4
    endloop
  endfacet
  facet normal -0.773041 -0.634356 0
    outer loop
      vertex 144.174 77.2777 3
      vertex 144.566 76.8 9
      vertex 144.174 77.2777 10.6
    endloop
  endfacet
  facet normal -0.771167 -0.636633 -0
    outer loop
      vertex 144.672 76.6716 10.6
      vertex 144.566 76.8 9
      vertex 144.672 76.6716 9
    endloop
  endfacet
  facet normal -0.772644 -0.63484 0.00024173
    outer loop
      vertex 144.566 76.8 9
      vertex 144.672 76.6716 10.6
      vertex 144.174 77.2777 10.6
    endloop
  endfacet
  facet normal -0.772644 0.63484 0
    outer loop
      vertex 144.174 81.7223 3
      vertex 144.672 82.3284 10.6
      vertex 144.672 82.3284 3
    endloop
  endfacet
  facet normal -0.772644 0.63484 0
    outer loop
      vertex 144.672 82.3284 10.6
      vertex 144.174 81.7223 3
      vertex 144.174 81.7223 10.6
    endloop
  endfacet
  facet normal -0.957153 0.289582 0
    outer loop
      vertex 143.577 80.2804 3
      vertex 143.804 81.0307 10.6
      vertex 143.804 81.0307 3
    endloop
  endfacet
  facet normal -0.957153 0.289582 0
    outer loop
      vertex 143.804 81.0307 10.6
      vertex 143.577 80.2804 3
      vertex 143.577 80.2804 10.6
    endloop
  endfacet
  facet normal -0.471648 -0.881787 0
    outer loop
      vertex 145.278 76.1741 9
      vertex 145.969 75.8045 10.6
      vertex 145.278 76.1741 10.6
    endloop
  endfacet
  facet normal -0.471648 -0.881787 -0
    outer loop
      vertex 145.969 75.8045 10.6
      vertex 145.278 76.1741 9
      vertex 145.969 75.8045 9
    endloop
  endfacet
  facet normal -0.471648 -0.881787 0
    outer loop
      vertex 145.278 76.1741 3
      vertex 145.969 75.8045 4
      vertex 145.278 76.1741 4
    endloop
  endfacet
  facet normal -0.471648 -0.881787 -0
    outer loop
      vertex 145.969 75.8045 4
      vertex 145.278 76.1741 3
      vertex 145.969 75.8045 3
    endloop
  endfacet
  facet normal -0.923741 -0.383018 0
    outer loop
      vertex 149.722 80.0953 4.11
      vertex 149.492 80.65 10.6
      vertex 149.492 80.65 4.11
    endloop
  endfacet
  facet normal -0.923741 -0.383018 0
    outer loop
      vertex 149.492 80.65 10.6
      vertex 149.722 80.0953 4.11
      vertex 149.722 80.0953 10.6
    endloop
  endfacet
  facet normal -0.991525 -0.129916 0
    outer loop
      vertex 149.8 79.5 4.11
      vertex 149.722 80.0953 10.6
      vertex 149.722 80.0953 4.11
    endloop
  endfacet
  facet normal -0.991525 -0.129916 0
    outer loop
      vertex 149.722 80.0953 10.6
      vertex 149.8 79.5 4.11
      vertex 149.8 79.5 10.6
    endloop
  endfacet
  facet normal -0.991525 0.129916 0
    outer loop
      vertex 149.722 78.9047 4.11
      vertex 149.8 79.5 10.6
      vertex 149.8 79.5 4.11
    endloop
  endfacet
  facet normal -0.991525 0.129916 0
    outer loop
      vertex 149.8 79.5 10.6
      vertex 149.722 78.9047 4.11
      vertex 149.722 78.9047 10.6
    endloop
  endfacet
  facet normal -0.382416 0.92399 0
    outer loop
      vertex 148.65 77.5081 4.11
      vertex 148.095 77.2784 10.6
      vertex 148.65 77.5081 10.6
    endloop
  endfacet
  facet normal -0.382416 0.92399 0
    outer loop
      vertex 148.095 77.2784 10.6
      vertex 148.65 77.5081 4.11
      vertex 148.095 77.2784 4.11
    endloop
  endfacet
  facet normal 0 0 1
    outer loop
      vertex 149.722 80.0953 4.11
      vertex 149.722 78.9047 4.11
      vertex 149.8 79.5 4.11
    endloop
  endfacet
  facet normal 0 0 1
    outer loop
      vertex 149.492 80.65 4.11
      vertex 149.722 78.9047 4.11
      vertex 149.722 80.0953 4.11
    endloop
  endfacet
  facet normal 0 0 1
    outer loop
      vertex 149.492 80.65 4.11
      vertex 149.492 78.35 4.11
      vertex 149.722 78.9047 4.11
    endloop
  endfacet
  facet normal 0 0 1
    outer loop
      vertex 149.126 81.1263 4.11
      vertex 149.492 78.35 4.11
      vertex 149.492 80.65 4.11
    endloop
  endfacet
  facet normal 0 0 1
    outer loop
      vertex 149.126 81.1263 4.11
      vertex 149.126 77.8737 4.11
      vertex 149.492 78.35 4.11
    endloop
  endfacet
  facet normal 0 0 1
    outer loop
      vertex 148.65 81.4919 4.11
      vertex 149.126 77.8737 4.11
      vertex 149.126 81.1263 4.11
    endloop
  endfacet
  facet normal 0 0 1
    outer loop
      vertex 148.65 81.4919 4.11
      vertex 148.65 77.5081 4.11
      vertex 149.126 77.8737 4.11
    endloop
  endfacet
  facet normal 0 0 1
    outer loop
      vertex 148.095 81.7216 4.11
      vertex 148.65 77.5081 4.11
      vertex 148.65 81.4919 4.11
    endloop
  endfacet
  facet normal 0 0 1
    outer loop
      vertex 148.095 81.7216 4.11
      vertex 148.095 77.2784 4.11
      vertex 148.65 77.5081 4.11
    endloop
  endfacet
  facet normal 0 0 1
    outer loop
      vertex 147.5 81.8 4.11
      vertex 148.095 77.2784 4.11
      vertex 148.095 81.7216 4.11
    endloop
  endfacet
  facet normal 0 0 1
    outer loop
      vertex 147.5 81.8 4.11
      vertex 147.5 77.2 4.11
      vertex 148.095 77.2784 4.11
    endloop
  endfacet
  facet normal -0 0 1
    outer loop
      vertex 146.905 81.7216 4.11
      vertex 147.5 77.2 4.11
      vertex 147.5 81.8 4.11
    endloop
  endfacet
  facet normal 0 0 1
    outer loop
      vertex 146.905 81.7216 4.11
      vertex 146.905 77.2784 4.11
      vertex 147.5 77.2 4.11
    endloop
  endfacet
  facet normal -0 0 1
    outer loop
      vertex 146.35 81.4919 4.11
      vertex 146.905 77.2784 4.11
      vertex 146.905 81.7216 4.11
    endloop
  endfacet
  facet normal 0 0 1
    outer loop
      vertex 146.35 81.4919 4.11
      vertex 146.35 77.5081 4.11
      vertex 146.905 77.2784 4.11
    endloop
  endfacet
  facet normal -0 0 1
    outer loop
      vertex 145.874 81.1263 4.11
      vertex 146.35 77.5081 4.11
      vertex 146.35 81.4919 4.11
    endloop
  endfacet
  facet normal 0 0 1
    outer loop
      vertex 145.874 81.1263 4.11
      vertex 145.874 77.8737 4.11
      vertex 146.35 77.5081 4.11
    endloop
  endfacet
  facet normal -0 0 1
    outer loop
      vertex 145.508 80.65 4.11
      vertex 145.874 77.8737 4.11
      vertex 145.874 81.1263 4.11
    endloop
  endfacet
  facet normal 0 0 1
    outer loop
      vertex 145.508 80.65 4.11
      vertex 145.508 78.35 4.11
      vertex 145.874 77.8737 4.11
    endloop
  endfacet
  facet normal -0 0 1
    outer loop
      vertex 145.278 80.0953 4.11
      vertex 145.508 78.35 4.11
      vertex 145.508 80.65 4.11
    endloop
  endfacet
  facet normal 0 0 1
    outer loop
      vertex 145.278 80.0953 4.11
      vertex 145.278 78.9047 4.11
      vertex 145.508 78.35 4.11
    endloop
  endfacet
  facet normal 0 -0 1
    outer loop
      vertex 145.278 78.9047 4.11
      vertex 145.278 80.0953 4.11
      vertex 145.2 79.5 4.11
    endloop
  endfacet
  facet normal 0.792933 0.609308 0
    outer loop
      vertex 145.874 77.8737 10.6
      vertex 145.508 78.35 4.11
      vertex 145.508 78.35 10.6
    endloop
  endfacet
  facet normal 0.792933 0.609308 0
    outer loop
      vertex 145.508 78.35 4.11
      vertex 145.874 77.8737 10.6
      vertex 145.874 77.8737 4.11
    endloop
  endfacet
  facet normal 0.792933 -0.609308 0
    outer loop
      vertex 145.508 80.65 10.6
      vertex 145.874 81.1263 4.11
      vertex 145.874 81.1263 10.6
    endloop
  endfacet
  facet normal 0.792933 -0.609308 0
    outer loop
      vertex 145.874 81.1263 4.11
      vertex 145.508 80.65 10.6
      vertex 145.508 80.65 4.11
    endloop
  endfacet
  facet normal 0.609131 -0.79307 0
    outer loop
      vertex 145.874 81.1263 4.11
      vertex 146.35 81.4919 10.6
      vertex 145.874 81.1263 10.6
    endloop
  endfacet
  facet normal 0.609131 -0.79307 0
    outer loop
      vertex 146.35 81.4919 10.6
      vertex 145.874 81.1263 4.11
      vertex 146.35 81.4919 4.11
    endloop
  endfacet
  facet normal -0.130636 0.99143 0
    outer loop
      vertex 148.095 77.2784 4.11
      vertex 147.5 77.2 10.6
      vertex 148.095 77.2784 10.6
    endloop
  endfacet
  facet normal -0.130636 0.99143 0
    outer loop
      vertex 147.5 77.2 10.6
      vertex 148.095 77.2784 4.11
      vertex 147.5 77.2 4.11
    endloop
  endfacet
  facet normal 0.130636 -0.99143 0
    outer loop
      vertex 146.905 81.7216 4.11
      vertex 147.5 81.8 10.6
      vertex 146.905 81.7216 10.6
    endloop
  endfacet
  facet normal 0.130636 -0.99143 0
    outer loop
      vertex 147.5 81.8 10.6
      vertex 146.905 81.7216 4.11
      vertex 147.5 81.8 4.11
    endloop
  endfacet
  facet normal -0.382416 -0.92399 0
    outer loop
      vertex 148.095 81.7216 4.11
      vertex 148.65 81.4919 10.6
      vertex 148.095 81.7216 10.6
    endloop
  endfacet
  facet normal -0.382416 -0.92399 -0
    outer loop
      vertex 148.65 81.4919 10.6
      vertex 148.095 81.7216 4.11
      vertex 148.65 81.4919 4.11
    endloop
  endfacet
  facet normal -0.792933 0.609308 0
    outer loop
      vertex 149.126 77.8737 4.11
      vertex 149.492 78.35 10.6
      vertex 149.492 78.35 4.11
    endloop
  endfacet
  facet normal -0.792933 0.609308 0
    outer loop
      vertex 149.492 78.35 10.6
      vertex 149.126 77.8737 4.11
      vertex 149.126 77.8737 10.6
    endloop
  endfacet
  facet normal -0.923741 0.383018 0
    outer loop
      vertex 149.492 78.35 4.11
      vertex 149.722 78.9047 10.6
      vertex 149.722 78.9047 4.11
    endloop
  endfacet
  facet normal -0.923741 0.383018 0
    outer loop
      vertex 149.722 78.9047 10.6
      vertex 149.492 78.35 4.11
      vertex 149.492 78.35 10.6
    endloop
  endfacet
  facet normal -0.609131 0.79307 0
    outer loop
      vertex 149.126 77.8737 4.11
      vertex 148.65 77.5081 10.6
      vertex 149.126 77.8737 10.6
    endloop
  endfacet
  facet normal -0.609131 0.79307 0
    outer loop
      vertex 148.65 77.5081 10.6
      vertex 149.126 77.8737 4.11
      vertex 148.65 77.5081 4.11
    endloop
  endfacet
  facet normal 0.991525 -0.129916 0
    outer loop
      vertex 145.2 79.5 10.6
      vertex 145.278 80.0953 4.11
      vertex 145.278 80.0953 10.6
    endloop
  endfacet
  facet normal 0.991525 -0.129916 0
    outer loop
      vertex 145.278 80.0953 4.11
      vertex 145.2 79.5 10.6
      vertex 145.2 79.5 4.11
    endloop
  endfacet
  facet normal 0.382416 -0.92399 0
    outer loop
      vertex 146.35 81.4919 4.11
      vertex 146.905 81.7216 10.6
      vertex 146.35 81.4919 10.6
    endloop
  endfacet
  facet normal 0.382416 -0.92399 0
    outer loop
      vertex 146.905 81.7216 10.6
      vertex 146.35 81.4919 4.11
      vertex 146.905 81.7216 4.11
    endloop
  endfacet
  facet normal 0.923741 -0.383018 0
    outer loop
      vertex 145.278 80.0953 10.6
      vertex 145.508 80.65 4.11
      vertex 145.508 80.65 10.6
    endloop
  endfacet
  facet normal 0.923741 -0.383018 0
    outer loop
      vertex 145.508 80.65 4.11
      vertex 145.278 80.0953 10.6
      vertex 145.278 80.0953 4.11
    endloop
  endfacet
  facet normal 0.923741 0.383018 0
    outer loop
      vertex 145.508 78.35 10.6
      vertex 145.278 78.9047 4.11
      vertex 145.278 78.9047 10.6
    endloop
  endfacet
  facet normal 0.923741 0.383018 0
    outer loop
      vertex 145.278 78.9047 4.11
      vertex 145.508 78.35 10.6
      vertex 145.508 78.35 4.11
    endloop
  endfacet
  facet normal 0.130636 0.99143 -0
    outer loop
      vertex 147.5 77.2 4.11
      vertex 146.905 77.2784 10.6
      vertex 147.5 77.2 10.6
    endloop
  endfacet
  facet normal 0.130636 0.99143 0
    outer loop
      vertex 146.905 77.2784 10.6
      vertex 147.5 77.2 4.11
      vertex 146.905 77.2784 4.11
    endloop
  endfacet
  facet normal -0.609131 -0.79307 0
    outer loop
      vertex 148.65 81.4919 4.11
      vertex 149.126 81.1263 10.6
      vertex 148.65 81.4919 10.6
    endloop
  endfacet
  facet normal -0.609131 -0.79307 -0
    outer loop
      vertex 149.126 81.1263 10.6
      vertex 148.65 81.4919 4.11
      vertex 149.126 81.1263 4.11
    endloop
  endfacet
  facet normal -0.792933 -0.609308 0
    outer loop
      vertex 149.492 80.65 4.11
      vertex 149.126 81.1263 10.6
      vertex 149.126 81.1263 4.11
    endloop
  endfacet
  facet normal -0.792933 -0.609308 0
    outer loop
      vertex 149.126 81.1263 10.6
      vertex 149.492 80.65 4.11
      vertex 149.492 80.65 10.6
    endloop
  endfacet
  facet normal -0.130636 -0.99143 0
    outer loop
      vertex 147.5 81.8 4.11
      vertex 148.095 81.7216 10.6
      vertex 147.5 81.8 10.6
    endloop
  endfacet
  facet normal -0.130636 -0.99143 -0
    outer loop
      vertex 148.095 81.7216 10.6
      vertex 147.5 81.8 4.11
      vertex 148.095 81.7216 4.11
    endloop
  endfacet
  facet normal 0.609131 0.79307 -0
    outer loop
      vertex 146.35 77.5081 4.11
      vertex 145.874 77.8737 10.6
      vertex 146.35 77.5081 10.6
    endloop
  endfacet
  facet normal 0.609131 0.79307 0
    outer loop
      vertex 145.874 77.8737 10.6
      vertex 146.35 77.5081 4.11
      vertex 145.874 77.8737 4.11
    endloop
  endfacet
  facet normal 0.991525 0.129916 0
    outer loop
      vertex 145.278 78.9047 10.6
      vertex 145.2 79.5 4.11
      vertex 145.2 79.5 10.6
    endloop
  endfacet
  facet normal 0.991525 0.129916 0
    outer loop
      vertex 145.2 79.5 4.11
      vertex 145.278 78.9047 10.6
      vertex 145.278 78.9047 4.11
    endloop
  endfacet
  facet normal 0.382416 0.92399 -0
    outer loop
      vertex 146.905 77.2784 4.11
      vertex 146.35 77.5081 10.6
      vertex 146.905 77.2784 10.6
    endloop
  endfacet
  facet normal 0.382416 0.92399 0
    outer loop
      vertex 146.35 77.5081 10.6
      vertex 146.905 77.2784 4.11
      vertex 146.35 77.5081 4.11
    endloop
  endfacet
  facet normal 0.92383 0.382803 0
    outer loop
      vertex 118.949 107.888 4
      vertex 118.799 108.25 3
      vertex 118.799 108.25 4
    endloop
  endfacet
  facet normal 0.92383 0.382803 0
    outer loop
      vertex 118.799 108.25 3
      vertex 118.949 107.888 4
      vertex 118.949 107.888 3
    endloop
  endfacet
  facet normal 1 -0 0
    outer loop
      vertex 119 83.5 4
      vertex 119 107.5 3
      vertex 119 107.5 4
    endloop
  endfacet
  facet normal 1 0 0
    outer loop
      vertex 119 107.5 3
      vertex 119 83.5 4
      vertex 119 83.5 3
    endloop
  endfacet
  facet normal 0 1 -0
    outer loop
      vertex 117.5 109 3
      vertex 74.414 109 4
      vertex 117.5 109 4
    endloop
  endfacet
  facet normal 0 1 0
    outer loop
      vertex 73.5 109 3
      vertex 74.414 109 4
      vertex 117.5 109 3
    endloop
  endfacet
  facet normal 0 1 0
    outer loop
      vertex 74.414 109 4
      vertex 73.5 109 3
      vertex 73.5 109 4
    endloop
  endfacet
  facet normal -0.991228 0.132164 0
    outer loop
      vertex 72.0503 107.882 3
      vertex 72.0511 107.888 4
      vertex 72.0511 107.888 3
    endloop
  endfacet
  facet normal -0.991228 0.132164 0
    outer loop
      vertex 72.0511 107.888 4
      vertex 72.0503 107.882 3
      vertex 72.0503 107.882 4
    endloop
  endfacet
  facet normal 0.12907 0.991635 -0
    outer loop
      vertex 117.888 108.949 3
      vertex 117.573 108.99 4
      vertex 117.888 108.949 4
    endloop
  endfacet
  facet normal 0.130322 0.991472 0.000401188
    outer loop
      vertex 117.5 109 3
      vertex 117.573 108.99 4
      vertex 117.888 108.949 3
    endloop
  endfacet
  facet normal 0.135719 0.990747 0
    outer loop
      vertex 117.573 108.99 4
      vertex 117.5 109 3
      vertex 117.5 109 4
    endloop
  endfacet
  facet normal 0.99148 -0.130256 0
    outer loop
      vertex 118.949 83.1118 4
      vertex 119 83.5 3
      vertex 119 83.5 4
    endloop
  endfacet
  facet normal 0.99148 -0.130256 0
    outer loop
      vertex 119 83.5 3
      vertex 118.949 83.1118 4
      vertex 118.949 83.1118 3
    endloop
  endfacet
  facet normal -1 0 0
    outer loop
      vertex 72 83.5 3
      vertex 72 96.0974 4
      vertex 72 96.0974 3
    endloop
  endfacet
  facet normal -1 -0 0
    outer loop
      vertex 72 96.0974 4
      vertex 72 83.5 3
      vertex 72 83.5 4
    endloop
  endfacet
  facet normal -0.130256 0.99148 0
    outer loop
      vertex 73.5 109 3
      vertex 73.1118 108.949 4
      vertex 73.5 109 4
    endloop
  endfacet
  facet normal -0.130256 0.99148 0
    outer loop
      vertex 73.1118 108.949 4
      vertex 73.5 109 3
      vertex 73.1118 108.949 3
    endloop
  endfacet
  facet normal -0.130507 -0.991447 0
    outer loop
      vertex 73.1118 82.0511 3
      vertex 73.5 82 4
      vertex 73.1118 82.0511 4
    endloop
  endfacet
  facet normal -0.130507 -0.991447 -0
    outer loop
      vertex 73.5 82 4
      vertex 73.1118 82.0511 3
      vertex 73.5 82 3
    endloop
  endfacet
  facet normal 0.991472 0.130322 0
    outer loop
      vertex 119 107.5 4
      vertex 118.949 107.888 3
      vertex 118.949 107.888 4
    endloop
  endfacet
  facet normal 0.991472 0.130322 0
    outer loop
      vertex 118.949 107.888 3
      vertex 119 107.5 4
      vertex 119 107.5 3
    endloop
  endfacet
  facet normal -0.382983 0.923755 0
    outer loop
      vertex 73.1118 108.949 3
      vertex 72.75 108.799 4
      vertex 73.1118 108.949 4
    endloop
  endfacet
  facet normal -0.382983 0.923755 0
    outer loop
      vertex 72.75 108.799 4
      vertex 73.1118 108.949 3
      vertex 72.75 108.799 3
    endloop
  endfacet
  facet normal 0.923755 -0.382983 0
    outer loop
      vertex 118.799 82.75 4
      vertex 118.949 83.1118 3
      vertex 118.949 83.1118 4
    endloop
  endfacet
  facet normal 0.923755 -0.382983 0
    outer loop
      vertex 118.949 83.1118 3
      vertex 118.799 82.75 4
      vertex 118.799 82.75 3
    endloop
  endfacet
  facet normal -0.793487 -0.608587 0
    outer loop
      vertex 72.4393 82.4393 3
      vertex 72.201 82.75 4
      vertex 72.201 82.75 3
    endloop
  endfacet
  facet normal -0.793487 -0.608587 0
    outer loop
      vertex 72.201 82.75 4
      vertex 72.4393 82.4393 3
      vertex 72.4393 82.4393 4
    endloop
  endfacet
  facet normal -0.608104 0.793857 0
    outer loop
      vertex 72.75 108.799 3
      vertex 72.4393 108.561 4
      vertex 72.75 108.799 4
    endloop
  endfacet
  facet normal -0.608104 0.793857 0
    outer loop
      vertex 72.4393 108.561 4
      vertex 72.75 108.799 3
      vertex 72.4393 108.561 3
    endloop
  endfacet
  facet normal -0.608587 -0.793487 0
    outer loop
      vertex 72.4393 82.4393 3
      vertex 72.75 82.201 4
      vertex 72.4393 82.4393 4
    endloop
  endfacet
  facet normal -0.608587 -0.793487 -0
    outer loop
      vertex 72.75 82.201 4
      vertex 72.4393 82.4393 3
      vertex 72.75 82.201 3
    endloop
  endfacet
  facet normal 0.79414 0.607734 0
    outer loop
      vertex 118.799 108.25 4
      vertex 118.561 108.561 3
      vertex 118.561 108.561 4
    endloop
  endfacet
  facet normal 0.79414 0.607734 0
    outer loop
      vertex 118.561 108.561 3
      vertex 118.799 108.25 4
      vertex 118.799 108.25 3
    endloop
  endfacet
  facet normal 0 0 1
    outer loop
      vertex 119 107.5 4
      vertex 117.466 106.759 4
      vertex 117.5 106.5 4
    endloop
  endfacet
  facet normal 0 0 1
    outer loop
      vertex 118.25 108.799 4
      vertex 117.366 107 4
      vertex 117.466 106.759 4
    endloop
  endfacet
  facet normal 0 0 1
    outer loop
      vertex 118.25 108.799 4
      vertex 117.259 108.834 4
      vertex 117.207 107.207 4
    endloop
  endfacet
  facet normal 0 0 1
    outer loop
      vertex 118.25 108.799 4
      vertex 117.207 107.207 4
      vertex 117.366 107 4
    endloop
  endfacet
  facet normal 0 0 1
    outer loop
      vertex 117 107.366 4
      vertex 117.259 108.834 4
      vertex 117 108.8 4
    endloop
  endfacet
  facet normal 0 0 1
    outer loop
      vertex 117.259 108.834 4
      vertex 117 107.366 4
      vertex 117.207 107.207 4
    endloop
  endfacet
  facet normal 0 0 1
    outer loop
      vertex 117 108.8 4
      vertex 116.759 107.466 4
      vertex 117 107.366 4
    endloop
  endfacet
  facet normal 0 0 1
    outer loop
      vertex 117 108.8 4
      vertex 116.5 107.5 4
      vertex 116.759 107.466 4
    endloop
  endfacet
  facet normal -0 0 1
    outer loop
      vertex 75 108.8 4
      vertex 116.5 107.5 4
      vertex 117 108.8 4
    endloop
  endfacet
  facet normal 0 0 1
    outer loop
      vertex 75 108.8 4
      vertex 74.5 107.5 4
      vertex 116.5 107.5 4
    endloop
  endfacet
  facet normal 0 0 1
    outer loop
      vertex 74.7412 108.834 4
      vertex 74.5 107.5 4
      vertex 75 108.8 4
    endloop
  endfacet
  facet normal 0 0 1
    outer loop
      vertex 74.5 108.934 4
      vertex 74.5 107.5 4
      vertex 74.7412 108.834 4
    endloop
  endfacet
  facet normal -0 0 1
    outer loop
      vertex 73.5 109 4
      vertex 74.5 108.934 4
      vertex 74.414 109 4
    endloop
  endfacet
  facet normal 0 0 1
    outer loop
      vertex 74.5 108.934 4
      vertex 74.2412 107.466 4
      vertex 74.5 107.5 4
    endloop
  endfacet
  facet normal 0 0 1
    outer loop
      vertex 74.5 108.934 4
      vertex 73.5 109 4
      vertex 74.2412 107.466 4
    endloop
  endfacet
  facet normal 0 0 1
    outer loop
      vertex 74.2412 107.466 4
      vertex 73.5 109 4
      vertex 74 107.366 4
    endloop
  endfacet
  facet normal -0 0 1
    outer loop
      vertex 73.1118 108.949 4
      vertex 74 107.366 4
      vertex 73.5 109 4
    endloop
  endfacet
  facet normal -0 0 1
    outer loop
      vertex 72.5607 107.561 4
      vertex 74 107.366 4
      vertex 73.1118 108.949 4
    endloop
  endfacet
  facet normal 0 0 1
    outer loop
      vertex 73.7929 107.207 4
      vertex 72.799 107.25 4
      vertex 73.634 107 4
    endloop
  endfacet
  facet normal 0 -0 1
    outer loop
      vertex 72.9489 106.888 4
      vertex 73.634 107 4
      vertex 72.799 107.25 4
    endloop
  endfacet
  facet normal 0 0 1
    outer loop
      vertex 73.634 107 4
      vertex 72.9489 106.888 4
      vertex 73.5341 106.759 4
    endloop
  endfacet
  facet normal 0 0 1
    outer loop
      vertex 73.5 106.5 4
      vertex 73 97.5 4
      vertex 73.5 84.5 4
    endloop
  endfacet
  facet normal 0 0 1
    outer loop
      vertex 74 107.366 4
      vertex 72.5607 107.561 4
      vertex 73.7929 107.207 4
    endloop
  endfacet
  facet normal -0 0 1
    outer loop
      vertex 72.9489 97.1118 4
      vertex 73.5 84.5 4
      vertex 73 97.5 4
    endloop
  endfacet
  facet normal 0 0 1
    outer loop
      vertex 73.5 106.5 4
      vertex 73 106.5 4
      vertex 73 97.5 4
    endloop
  endfacet
  facet normal 0 0 1
    outer loop
      vertex 73.5341 106.759 4
      vertex 73 106.5 4
      vertex 73.5 106.5 4
    endloop
  endfacet
  facet normal 0 -0 1
    outer loop
      vertex 73 106.5 4
      vertex 73.5341 106.759 4
      vertex 72.9489 106.888 4
    endloop
  endfacet
  facet normal 0 0 1
    outer loop
      vertex 72.5607 107.561 4
      vertex 73.1118 108.949 4
      vertex 72.75 108.799 4
    endloop
  endfacet
  facet normal 0 0 1
    outer loop
      vertex 73.7929 107.207 4
      vertex 72.5607 107.561 4
      vertex 72.799 107.25 4
    endloop
  endfacet
  facet normal -0 0 1
    outer loop
      vertex 72.4393 108.561 4
      vertex 72.5607 107.561 4
      vertex 72.75 108.799 4
    endloop
  endfacet
  facet normal -0 0 1
    outer loop
      vertex 72.201 108.25 4
      vertex 72.5607 107.561 4
      vertex 72.4393 108.561 4
    endloop
  endfacet
  facet normal 0 0 1
    outer loop
      vertex 72.5607 107.561 4
      vertex 72.201 108.25 4
      vertex 72.25 107.799 4
    endloop
  endfacet
  facet normal -0 0 1
    outer loop
      vertex 72.0511 107.888 4
      vertex 72.25 107.799 4
      vertex 72.201 108.25 4
    endloop
  endfacet
  facet normal 0 0 1
    outer loop
      vertex 72.25 107.799 4
      vertex 72.0511 107.888 4
      vertex 72.0503 107.882 4
    endloop
  endfacet
  facet normal 0 0 1
    outer loop
      vertex 117.466 106.759 4
      vertex 119 107.5 4
      vertex 118.949 107.888 4
    endloop
  endfacet
  facet normal 0 0 1
    outer loop
      vertex 119 107.5 4
      vertex 117.5 106.5 4
      vertex 119 83.5 4
    endloop
  endfacet
  facet normal 0 0 1
    outer loop
      vertex 117.466 106.759 4
      vertex 118.949 107.888 4
      vertex 118.799 108.25 4
    endloop
  endfacet
  facet normal -0 0 1
    outer loop
      vertex 117.5 84.5 4
      vertex 119 83.5 4
      vertex 117.5 106.5 4
    endloop
  endfacet
  facet normal 0 0 1
    outer loop
      vertex 117.466 106.759 4
      vertex 118.799 108.25 4
      vertex 118.561 108.561 4
    endloop
  endfacet
  facet normal -0 0 1
    outer loop
      vertex 117.466 84.2412 4
      vertex 119 83.5 4
      vertex 117.5 84.5 4
    endloop
  endfacet
  facet normal 0 0 1
    outer loop
      vertex 117.466 106.759 4
      vertex 118.561 108.561 4
      vertex 118.25 108.799 4
    endloop
  endfacet
  facet normal -0 0 1
    outer loop
      vertex 117.366 84 4
      vertex 119 83.5 4
      vertex 117.466 84.2412 4
    endloop
  endfacet
  facet normal -0 0 1
    outer loop
      vertex 117.5 108.934 4
      vertex 118.25 108.799 4
      vertex 117.888 108.949 4
    endloop
  endfacet
  facet normal 0 0 1
    outer loop
      vertex 119 83.5 4
      vertex 117.366 84 4
      vertex 118.949 83.1118 4
    endloop
  endfacet
  facet normal 0 0 1
    outer loop
      vertex 117.5 108.934 4
      vertex 117.888 108.949 4
      vertex 117.573 108.99 4
    endloop
  endfacet
  facet normal -0 0 1
    outer loop
      vertex 117.207 83.7929 4
      vertex 118.949 83.1118 4
      vertex 117.366 84 4
    endloop
  endfacet
  facet normal -0 0 1
    outer loop
      vertex 117.259 108.834 4
      vertex 118.25 108.799 4
      vertex 117.5 108.934 4
    endloop
  endfacet
  facet normal 0 0 1
    outer loop
      vertex 118.949 83.1118 4
      vertex 117.207 83.7929 4
      vertex 118.799 82.75 4
    endloop
  endfacet
  facet normal 0 0 1
    outer loop
      vertex 118.799 82.75 4
      vertex 117.207 83.7929 4
      vertex 118.561 82.4393 4
    endloop
  endfacet
  facet normal 0 0 1
    outer loop
      vertex 118.561 82.4393 4
      vertex 117.207 83.7929 4
      vertex 118.25 82.201 4
    endloop
  endfacet
  facet normal 0 -0 1
    outer loop
      vertex 117.259 82.1659 4
      vertex 118.25 82.201 4
      vertex 117.207 83.7929 4
    endloop
  endfacet
  facet normal 0 0 1
    outer loop
      vertex 117.888 82.0511 4
      vertex 117.5 82.066 4
      vertex 117.573 82.0097 4
    endloop
  endfacet
  facet normal 0 0 1
    outer loop
      vertex 118.25 82.201 4
      vertex 117.259 82.1659 4
      vertex 117.888 82.0511 4
    endloop
  endfacet
  facet normal 0 0 1
    outer loop
      vertex 117.888 82.0511 4
      vertex 117.259 82.1659 4
      vertex 117.5 82.066 4
    endloop
  endfacet
  facet normal -0 0 1
    outer loop
      vertex 117 83.634 4
      vertex 117.259 82.1659 4
      vertex 117.207 83.7929 4
    endloop
  endfacet
  facet normal 0 0 1
    outer loop
      vertex 117 83.634 4
      vertex 117 82.2 4
      vertex 117.259 82.1659 4
    endloop
  endfacet
  facet normal -0 0 1
    outer loop
      vertex 116.759 83.5341 4
      vertex 117 82.2 4
      vertex 117 83.634 4
    endloop
  endfacet
  facet normal -0 0 1
    outer loop
      vertex 116.5 83.5 4
      vertex 117 82.2 4
      vertex 116.759 83.5341 4
    endloop
  endfacet
  facet normal 0 0 1
    outer loop
      vertex 116.5 83.5 4
      vertex 75 82.2 4
      vertex 117 82.2 4
    endloop
  endfacet
  facet normal -0 0 1
    outer loop
      vertex 74.5 83.5 4
      vertex 75 82.2 4
      vertex 116.5 83.5 4
    endloop
  endfacet
  facet normal 0 0 1
    outer loop
      vertex 74.5 83.5 4
      vertex 74.7412 82.1659 4
      vertex 75 82.2 4
    endloop
  endfacet
  facet normal 0 0 1
    outer loop
      vertex 74.5 83.5 4
      vertex 74.5 82.066 4
      vertex 74.7412 82.1659 4
    endloop
  endfacet
  facet normal 0 0 1
    outer loop
      vertex 74.2412 83.5341 4
      vertex 74.5 82.066 4
      vertex 74.5 83.5 4
    endloop
  endfacet
  facet normal 0 0 1
    outer loop
      vertex 73.5 82 4
      vertex 74.5 82.066 4
      vertex 74.2412 83.5341 4
    endloop
  endfacet
  facet normal 0 0 1
    outer loop
      vertex 73.5 82 4
      vertex 74.2412 83.5341 4
      vertex 74 83.634 4
    endloop
  endfacet
  facet normal 0 0 1
    outer loop
      vertex 73.5 82 4
      vertex 74 83.634 4
      vertex 73.7929 83.7929 4
    endloop
  endfacet
  facet normal 0 0 1
    outer loop
      vertex 73.5 82 4
      vertex 73.7929 83.7929 4
      vertex 73.634 84 4
    endloop
  endfacet
  facet normal 0 0 1
    outer loop
      vertex 73.5 82 4
      vertex 73.634 84 4
      vertex 73.5341 84.2412 4
    endloop
  endfacet
  facet normal 0 0 1
    outer loop
      vertex 74.5 82.066 4
      vertex 73.5 82 4
      vertex 74.414 82 4
    endloop
  endfacet
  facet normal 0 0 1
    outer loop
      vertex 73.5 82 4
      vertex 73.5341 84.2412 4
      vertex 73.5 84.5 4
    endloop
  endfacet
  facet normal -0 0 1
    outer loop
      vertex 72.799 96.75 4
      vertex 73.5 84.5 4
      vertex 72.9489 97.1118 4
    endloop
  endfacet
  facet normal -0 0 1
    outer loop
      vertex 72.5607 96.4393 4
      vertex 73.5 84.5 4
      vertex 72.799 96.75 4
    endloop
  endfacet
  facet normal -0 0 1
    outer loop
      vertex 72.25 96.201 4
      vertex 73.5 84.5 4
      vertex 72.5607 96.4393 4
    endloop
  endfacet
  facet normal 0 -0 1
    outer loop
      vertex 72.0511 83.1118 4
      vertex 73.5 84.5 4
      vertex 72 83.5 4
    endloop
  endfacet
  facet normal 0 0 1
    outer loop
      vertex 73.5 84.5 4
      vertex 73.1118 82.0511 4
      vertex 73.5 82 4
    endloop
  endfacet
  facet normal 0 0 1
    outer loop
      vertex 73.5 84.5 4
      vertex 72.75 82.201 4
      vertex 73.1118 82.0511 4
    endloop
  endfacet
  facet normal -0 0 1
    outer loop
      vertex 72 96.0974 4
      vertex 73.5 84.5 4
      vertex 72.25 96.201 4
    endloop
  endfacet
  facet normal 0 0 1
    outer loop
      vertex 73.5 84.5 4
      vertex 72.4393 82.4393 4
      vertex 72.75 82.201 4
    endloop
  endfacet
  facet normal 0 0 1
    outer loop
      vertex 73.5 84.5 4
      vertex 72.201 82.75 4
      vertex 72.4393 82.4393 4
    endloop
  endfacet
  facet normal 0 0 1
    outer loop
      vertex 73.5 84.5 4
      vertex 72 96.0974 4
      vertex 72 83.5 4
    endloop
  endfacet
  facet normal 0 0 1
    outer loop
      vertex 73.5 84.5 4
      vertex 72.0511 83.1118 4
      vertex 72.201 82.75 4
    endloop
  endfacet
  facet normal 0 0 -1
    outer loop
      vertex 117.5 109 4
      vertex 118 109.8 4
      vertex 117.966 109.541 4
    endloop
  endfacet
  facet normal 0 0 -1
    outer loop
      vertex 117 111.8 4
      vertex 118 109.8 4
      vertex 117.5 109 4
    endloop
  endfacet
  facet normal 0 0 -1
    outer loop
      vertex 117.5 109 4
      vertex 117.966 109.541 4
      vertex 117.866 109.3 4
    endloop
  endfacet
  facet normal 0 0 -1
    outer loop
      vertex 118 109.8 4
      vertex 117 111.8 4
      vertex 118 110.8 4
    endloop
  endfacet
  facet normal 0 0 -1
    outer loop
      vertex 117.5 109 4
      vertex 117.866 109.3 4
      vertex 117.707 109.093 4
    endloop
  endfacet
  facet normal 0 0 -1
    outer loop
      vertex 118 110.8 4
      vertex 117 111.8 4
      vertex 117.966 111.059 4
    endloop
  endfacet
  facet normal 0 0 -1
    outer loop
      vertex 117.5 109 4
      vertex 117.707 109.093 4
      vertex 117.573 108.99 4
    endloop
  endfacet
  facet normal 0 0 -1
    outer loop
      vertex 117.966 111.059 4
      vertex 117 111.8 4
      vertex 117.866 111.3 4
    endloop
  endfacet
  facet normal 0 0 -1
    outer loop
      vertex 117.866 111.3 4
      vertex 117 111.8 4
      vertex 117.707 111.507 4
    endloop
  endfacet
  facet normal 0 0 -1
    outer loop
      vertex 117.707 111.507 4
      vertex 117 111.8 4
      vertex 117.5 111.666 4
    endloop
  endfacet
  facet normal 0 0 -1
    outer loop
      vertex 117.5 111.666 4
      vertex 117 111.8 4
      vertex 117.259 111.766 4
    endloop
  endfacet
  facet normal 0 0 -1
    outer loop
      vertex 117.5 109 4
      vertex 75 111.8 4
      vertex 117 111.8 4
    endloop
  endfacet
  facet normal 0 0 -1
    outer loop
      vertex 74.414 109 4
      vertex 75 111.8 4
      vertex 117.5 109 4
    endloop
  endfacet
  facet normal 0 0 -1
    outer loop
      vertex 74 109.8 4
      vertex 75 111.8 4
      vertex 74.414 109 4
    endloop
  endfacet
  facet normal 0 0 -1
    outer loop
      vertex 74 110.8 4
      vertex 75 111.8 4
      vertex 74 109.8 4
    endloop
  endfacet
  facet normal 0 0 -1
    outer loop
      vertex 74.134 109.3 4
      vertex 74.414 109 4
      vertex 74.2929 109.093 4
    endloop
  endfacet
  facet normal 0 0 -1
    outer loop
      vertex 75 111.8 4
      vertex 74 110.8 4
      vertex 74.7412 111.766 4
    endloop
  endfacet
  facet normal 0 0 -1
    outer loop
      vertex 74.0341 109.541 4
      vertex 74.414 109 4
      vertex 74.134 109.3 4
    endloop
  endfacet
  facet normal 0 0 -1
    outer loop
      vertex 74.7412 111.766 4
      vertex 74 110.8 4
      vertex 74.5 111.666 4
    endloop
  endfacet
  facet normal 0 0 -1
    outer loop
      vertex 74.414 109 4
      vertex 74.0341 109.541 4
      vertex 74 109.8 4
    endloop
  endfacet
  facet normal 0 0 -1
    outer loop
      vertex 74.5 111.666 4
      vertex 74 110.8 4
      vertex 74.2929 111.507 4
    endloop
  endfacet
  facet normal 0 0 -1
    outer loop
      vertex 74.2929 111.507 4
      vertex 74 110.8 4
      vertex 74.134 111.3 4
    endloop
  endfacet
  facet normal 0 0 -1
    outer loop
      vertex 74.134 111.3 4
      vertex 74 110.8 4
      vertex 74.0341 111.059 4
    endloop
  endfacet
  facet normal 0 -1 0
    outer loop
      vertex 73.5 82 3
      vertex 74.414 82 4
      vertex 73.5 82 4
    endloop
  endfacet
  facet normal 0 -1 0
    outer loop
      vertex 117.5 82 3
      vertex 74.414 82 4
      vertex 73.5 82 3
    endloop
  endfacet
  facet normal 0 -1 0
    outer loop
      vertex 74.414 82 4
      vertex 117.5 82 3
      vertex 117.5 82 4
    endloop
  endfacet
  facet normal 0.793857 -0.608104 0
    outer loop
      vertex 118.561 82.4393 4
      vertex 118.799 82.75 3
      vertex 118.799 82.75 4
    endloop
  endfacet
  facet normal 0.793857 -0.608104 0
    outer loop
      vertex 118.799 82.75 3
      vertex 118.561 82.4393 4
      vertex 118.561 82.4393 3
    endloop
  endfacet
  facet normal -0.92392 0.382585 0
    outer loop
      vertex 72.0511 107.888 3
      vertex 72.201 108.25 4
      vertex 72.201 108.25 3
    endloop
  endfacet
  facet normal -0.92392 0.382585 0
    outer loop
      vertex 72.201 108.25 4
      vertex 72.0511 107.888 3
      vertex 72.0511 107.888 4
    endloop
  endfacet
  facet normal 0.608217 -0.793771 0
    outer loop
      vertex 118.25 82.201 3
      vertex 118.561 82.4393 4
      vertex 118.25 82.201 4
    endloop
  endfacet
  facet normal 0.608217 -0.793771 0
    outer loop
      vertex 118.561 82.4393 4
      vertex 118.25 82.201 3
      vertex 118.561 82.4393 3
    endloop
  endfacet
  facet normal 0.607734 0.79414 -0
    outer loop
      vertex 118.561 108.561 3
      vertex 118.25 108.799 4
      vertex 118.561 108.561 4
    endloop
  endfacet
  facet normal 0.607734 0.79414 0
    outer loop
      vertex 118.25 108.799 4
      vertex 118.561 108.561 3
      vertex 118.25 108.799 3
    endloop
  endfacet
  facet normal 0.131719 -0.991287 0
    outer loop
      vertex 117.5 82 3
      vertex 117.573 82.0097 4
      vertex 117.5 82 4
    endloop
  endfacet
  facet normal 0.130573 -0.991439 8.509e-05
    outer loop
      vertex 117.888 82.0511 3
      vertex 117.573 82.0097 4
      vertex 117.5 82 3
    endloop
  endfacet
  facet normal 0.130308 -0.991474 0
    outer loop
      vertex 117.573 82.0097 4
      vertex 117.888 82.0511 3
      vertex 117.888 82.0511 4
    endloop
  endfacet
  facet normal -0.991447 -0.130507 0
    outer loop
      vertex 72.0511 83.1118 3
      vertex 72 83.5 4
      vertex 72 83.5 3
    endloop
  endfacet
  facet normal -0.991447 -0.130507 0
    outer loop
      vertex 72 83.5 4
      vertex 72.0511 83.1118 3
      vertex 72.0511 83.1118 4
    endloop
  endfacet
  facet normal 0.382803 0.92383 -0
    outer loop
      vertex 118.25 108.799 3
      vertex 117.888 108.949 4
      vertex 118.25 108.799 4
    endloop
  endfacet
  facet normal 0.382803 0.92383 0
    outer loop
      vertex 117.888 108.949 4
      vertex 118.25 108.799 3
      vertex 117.888 108.949 3
    endloop
  endfacet
  facet normal -0.923846 -0.382765 0
    outer loop
      vertex 72.201 82.75 3
      vertex 72.0511 83.1118 4
      vertex 72.0511 83.1118 3
    endloop
  endfacet
  facet normal -0.923846 -0.382765 0
    outer loop
      vertex 72.0511 83.1118 4
      vertex 72.201 82.75 3
      vertex 72.201 82.75 4
    endloop
  endfacet
  facet normal -0.793771 0.608217 0
    outer loop
      vertex 72.201 108.25 3
      vertex 72.4393 108.561 4
      vertex 72.4393 108.561 3
    endloop
  endfacet
  facet normal -0.793771 0.608217 0
    outer loop
      vertex 72.4393 108.561 4
      vertex 72.201 108.25 3
      vertex 72.201 108.25 4
    endloop
  endfacet
  facet normal -0.382765 -0.923846 0
    outer loop
      vertex 72.75 82.201 3
      vertex 73.1118 82.0511 4
      vertex 72.75 82.201 4
    endloop
  endfacet
  facet normal -0.382765 -0.923846 -0
    outer loop
      vertex 73.1118 82.0511 4
      vertex 72.75 82.201 3
      vertex 73.1118 82.0511 3
    endloop
  endfacet
  facet normal 0.382585 -0.92392 0
    outer loop
      vertex 117.888 82.0511 3
      vertex 118.25 82.201 4
      vertex 117.888 82.0511 4
    endloop
  endfacet
  facet normal 0.382585 -0.92392 0
    outer loop
      vertex 118.25 82.201 4
      vertex 117.888 82.0511 3
      vertex 118.25 82.201 3
    endloop
  endfacet
  facet normal -0.608729 -0.793378 0
    outer loop
      vertex 73.7929 83.7929 4
      vertex 74 83.634 5.2
      vertex 73.7929 83.7929 5.2
    endloop
  endfacet
  facet normal -0.608729 -0.793378 -0
    outer loop
      vertex 74 83.634 5.2
      vertex 73.7929 83.7929 4
      vertex 74 83.634 4
    endloop
  endfacet
  facet normal -0.793236 0.608914 0
    outer loop
      vertex 73.634 107 4
      vertex 73.7929 107.207 5.2
      vertex 73.7929 107.207 4
    endloop
  endfacet
  facet normal -0.793236 0.608914 0
    outer loop
      vertex 73.7929 107.207 5.2
      vertex 73.634 107 4
      vertex 73.634 107 5.2
    endloop
  endfacet
  facet normal 0.923643 0.383254 0
    outer loop
      vertex 117.466 106.759 5.2
      vertex 117.366 107 4
      vertex 117.366 107 5.2
    endloop
  endfacet
  facet normal 0.923643 0.383254 0
    outer loop
      vertex 117.366 107 4
      vertex 117.466 106.759 5.2
      vertex 117.466 106.759 4
    endloop
  endfacet
  facet normal 0 -1 0
    outer loop
      vertex 74.5 83.5 4
      vertex 116.5 83.5 5.2
      vertex 74.5 83.5 5.2
    endloop
  endfacet
  facet normal 0 -1 -0
    outer loop
      vertex 116.5 83.5 5.2
      vertex 74.5 83.5 4
      vertex 116.5 83.5 4
    endloop
  endfacet
  facet normal -0.923778 0.382927 0
    outer loop
      vertex 73.5341 106.759 4
      vertex 73.634 107 5.2
      vertex 73.634 107 4
    endloop
  endfacet
  facet normal -0.923778 0.382927 0
    outer loop
      vertex 73.634 107 5.2
      vertex 73.5341 106.759 4
      vertex 73.5341 106.759 5.2
    endloop
  endfacet
  facet normal -1 0 0
    outer loop
      vertex 73.5 84.5 4
      vertex 73.5 106.5 5.2
      vertex 73.5 106.5 4
    endloop
  endfacet
  facet normal -1 -0 0
    outer loop
      vertex 73.5 106.5 5.2
      vertex 73.5 84.5 4
      vertex 73.5 84.5 5.2
    endloop
  endfacet
  facet normal 0.609155 0.793051 -0
    outer loop
      vertex 117.207 107.207 4
      vertex 117 107.366 5.2
      vertex 117.207 107.207 5.2
    endloop
  endfacet
  facet normal 0.609155 0.793051 0
    outer loop
      vertex 117 107.366 5.2
      vertex 117.207 107.207 4
      vertex 117 107.366 4
    endloop
  endfacet
  facet normal -0.382983 0.923755 0
    outer loop
      vertex 74.2412 107.466 4
      vertex 74 107.366 5.2
      vertex 74.2412 107.466 5.2
    endloop
  endfacet
  facet normal -0.382983 0.923755 0
    outer loop
      vertex 74 107.366 5.2
      vertex 74.2412 107.466 4
      vertex 74 107.366 4
    endloop
  endfacet
  facet normal -0.60897 0.793193 0
    outer loop
      vertex 74 107.366 4
      vertex 73.7929 107.207 5.2
      vertex 74 107.366 5.2
    endloop
  endfacet
  facet normal -0.60897 0.793193 0
    outer loop
      vertex 73.7929 107.207 5.2
      vertex 74 107.366 4
      vertex 73.7929 107.207 4
    endloop
  endfacet
  facet normal 0.382927 -0.923778 0
    outer loop
      vertex 116.759 83.5341 4
      vertex 117 83.634 5.2
      vertex 116.759 83.5341 5.2
    endloop
  endfacet
  facet normal 0.382927 -0.923778 0
    outer loop
      vertex 117 83.634 5.2
      vertex 116.759 83.5341 4
      vertex 117 83.634 4
    endloop
  endfacet
  facet normal -0.991431 -0.130633 0
    outer loop
      vertex 73.5341 84.2412 4
      vertex 73.5 84.5 5.2
      vertex 73.5 84.5 4
    endloop
  endfacet
  facet normal -0.991431 -0.130633 0
    outer loop
      vertex 73.5 84.5 5.2
      vertex 73.5341 84.2412 4
      vertex 73.5341 84.2412 5.2
    endloop
  endfacet
  facet normal -0.793378 -0.608729 0
    outer loop
      vertex 73.7929 83.7929 4
      vertex 73.634 84 5.2
      vertex 73.634 84 4
    endloop
  endfacet
  facet normal -0.793378 -0.608729 0
    outer loop
      vertex 73.634 84 5.2
      vertex 73.7929 83.7929 4
      vertex 73.7929 83.7929 5.2
    endloop
  endfacet
  facet normal 0.793051 0.609155 0
    outer loop
      vertex 117.366 107 5.2
      vertex 117.207 107.207 4
      vertex 117.207 107.207 5.2
    endloop
  endfacet
  facet normal 0.793051 0.609155 0
    outer loop
      vertex 117.207 107.207 4
      vertex 117.366 107 5.2
      vertex 117.366 107 4
    endloop
  endfacet
  facet normal 0 1 -0
    outer loop
      vertex 116.5 107.5 4
      vertex 74.5 107.5 5.2
      vertex 116.5 107.5 5.2
    endloop
  endfacet
  facet normal 0 1 0
    outer loop
      vertex 74.5 107.5 5.2
      vertex 116.5 107.5 4
      vertex 74.5 107.5 4
    endloop
  endfacet
  facet normal -0.130633 -0.991431 0
    outer loop
      vertex 74.2412 83.5341 4
      vertex 74.5 83.5 5.2
      vertex 74.2412 83.5341 5.2
    endloop
  endfacet
  facet normal -0.130633 -0.991431 -0
    outer loop
      vertex 74.5 83.5 5.2
      vertex 74.2412 83.5341 4
      vertex 74.5 83.5 4
    endloop
  endfacet
  facet normal 0.130534 -0.991444 0
    outer loop
      vertex 116.5 83.5 4
      vertex 116.759 83.5341 5.2
      vertex 116.5 83.5 5.2
    endloop
  endfacet
  facet normal 0.130534 -0.991444 0
    outer loop
      vertex 116.759 83.5341 5.2
      vertex 116.5 83.5 4
      vertex 116.759 83.5341 4
    endloop
  endfacet
  facet normal 0.130157 0.991493 -0
    outer loop
      vertex 116.759 107.466 4
      vertex 116.5 107.5 5.2
      vertex 116.759 107.466 5.2
    endloop
  endfacet
  facet normal 0.130157 0.991493 0
    outer loop
      vertex 116.5 107.5 5.2
      vertex 116.759 107.466 4
      vertex 116.5 107.5 4
    endloop
  endfacet
  facet normal -0.991444 0.130534 0
    outer loop
      vertex 73.5 106.5 4
      vertex 73.5341 106.759 5.2
      vertex 73.5341 106.759 4
    endloop
  endfacet
  facet normal -0.991444 0.130534 0
    outer loop
      vertex 73.5341 106.759 5.2
      vertex 73.5 106.5 4
      vertex 73.5 106.5 5.2
    endloop
  endfacet
  facet normal 0.99148 -0.130256 0
    outer loop
      vertex 117.466 84.2412 5.2
      vertex 117.5 84.5 4
      vertex 117.5 84.5 5.2
    endloop
  endfacet
  facet normal 0.99148 -0.130256 0
    outer loop
      vertex 117.5 84.5 4
      vertex 117.466 84.2412 5.2
      vertex 117.466 84.2412 4
    endloop
  endfacet
  facet normal -0.130256 0.99148 0
    outer loop
      vertex 74.5 107.5 4
      vertex 74.2412 107.466 5.2
      vertex 74.5 107.5 5.2
    endloop
  endfacet
  facet normal -0.130256 0.99148 0
    outer loop
      vertex 74.2412 107.466 5.2
      vertex 74.5 107.5 4
      vertex 74.2412 107.466 4
    endloop
  endfacet
  facet normal -0.382656 -0.923891 0
    outer loop
      vertex 74 83.634 4
      vertex 74.2412 83.5341 5.2
      vertex 74 83.634 5.2
    endloop
  endfacet
  facet normal -0.382656 -0.923891 -0
    outer loop
      vertex 74.2412 83.5341 5.2
      vertex 74 83.634 4
      vertex 74.2412 83.5341 4
    endloop
  endfacet
  facet normal 1 -0 0
    outer loop
      vertex 117.5 84.5 5.2
      vertex 117.5 106.5 4
      vertex 117.5 106.5 5.2
    endloop
  endfacet
  facet normal 1 0 0
    outer loop
      vertex 117.5 106.5 4
      vertex 117.5 84.5 5.2
      vertex 117.5 84.5 4
    endloop
  endfacet
  facet normal 0.383254 0.923643 -0
    outer loop
      vertex 117 107.366 4
      vertex 116.759 107.466 5.2
      vertex 117 107.366 5.2
    endloop
  endfacet
  facet normal 0.383254 0.923643 0
    outer loop
      vertex 116.759 107.466 5.2
      vertex 117 107.366 4
      vertex 116.759 107.466 4
    endloop
  endfacet
  facet normal 0.923755 -0.382983 0
    outer loop
      vertex 117.366 84 5.2
      vertex 117.466 84.2412 4
      vertex 117.466 84.2412 5.2
    endloop
  endfacet
  facet normal 0.923755 -0.382983 0
    outer loop
      vertex 117.466 84.2412 4
      vertex 117.366 84 5.2
      vertex 117.366 84 4
    endloop
  endfacet
  facet normal 0.991493 0.130157 0
    outer loop
      vertex 117.5 106.5 5.2
      vertex 117.466 106.759 4
      vertex 117.466 106.759 5.2
    endloop
  endfacet
  facet normal 0.991493 0.130157 0
    outer loop
      vertex 117.466 106.759 4
      vertex 117.5 106.5 5.2
      vertex 117.5 106.5 4
    endloop
  endfacet
  facet normal -0.923891 -0.382656 0
    outer loop
      vertex 73.634 84 4
      vertex 73.5341 84.2412 5.2
      vertex 73.5341 84.2412 4
    endloop
  endfacet
  facet normal -0.923891 -0.382656 0
    outer loop
      vertex 73.5341 84.2412 5.2
      vertex 73.634 84 4
      vertex 73.634 84 5.2
    endloop
  endfacet
  facet normal 0.793193 -0.60897 0
    outer loop
      vertex 117.207 83.7929 5.2
      vertex 117.366 84 4
      vertex 117.366 84 5.2
    endloop
  endfacet
  facet normal 0.793193 -0.60897 0
    outer loop
      vertex 117.366 84 4
      vertex 117.207 83.7929 5.2
      vertex 117.207 83.7929 4
    endloop
  endfacet
  facet normal 0 0 1
    outer loop
      vertex 116.5 107.5 5.2
      vertex 117.5 106.5 5.2
      vertex 117.466 106.759 5.2
    endloop
  endfacet
  facet normal 0 0 1
    outer loop
      vertex 117.5 106.5 5.2
      vertex 116.5 107.5 5.2
      vertex 117.5 84.5 5.2
    endloop
  endfacet
  facet normal 0 0 1
    outer loop
      vertex 116.5 107.5 5.2
      vertex 117.466 106.759 5.2
      vertex 117.366 107 5.2
    endloop
  endfacet
  facet normal 0 0 1
    outer loop
      vertex 116.5 83.5 5.2
      vertex 117.5 84.5 5.2
      vertex 116.5 107.5 5.2
    endloop
  endfacet
  facet normal 0 0 1
    outer loop
      vertex 116.5 107.5 5.2
      vertex 117.366 107 5.2
      vertex 117.207 107.207 5.2
    endloop
  endfacet
  facet normal 0 0 1
    outer loop
      vertex 117.5 84.5 5.2
      vertex 116.5 83.5 5.2
      vertex 117.466 84.2412 5.2
    endloop
  endfacet
  facet normal 0 0 1
    outer loop
      vertex 116.5 107.5 5.2
      vertex 117.207 107.207 5.2
      vertex 117 107.366 5.2
    endloop
  endfacet
  facet normal 0 0 1
    outer loop
      vertex 117.466 84.2412 5.2
      vertex 116.5 83.5 5.2
      vertex 117.366 84 5.2
    endloop
  endfacet
  facet normal 0 0 1
    outer loop
      vertex 116.5 107.5 5.2
      vertex 117 107.366 5.2
      vertex 116.759 107.466 5.2
    endloop
  endfacet
  facet normal 0 0 1
    outer loop
      vertex 117.366 84 5.2
      vertex 116.5 83.5 5.2
      vertex 117.207 83.7929 5.2
    endloop
  endfacet
  facet normal 0 0 1
    outer loop
      vertex 117.207 83.7929 5.2
      vertex 116.5 83.5 5.2
      vertex 117 83.634 5.2
    endloop
  endfacet
  facet normal 0 0 1
    outer loop
      vertex 117 83.634 5.2
      vertex 116.5 83.5 5.2
      vertex 116.759 83.5341 5.2
    endloop
  endfacet
  facet normal -0 0 1
    outer loop
      vertex 74.5 107.5 5.2
      vertex 116.5 83.5 5.2
      vertex 116.5 107.5 5.2
    endloop
  endfacet
  facet normal 0 0 1
    outer loop
      vertex 74.5 107.5 5.2
      vertex 74.5 83.5 5.2
      vertex 116.5 83.5 5.2
    endloop
  endfacet
  facet normal 0 0 1
    outer loop
      vertex 73.5 106.5 5.2
      vertex 74.5 107.5 5.2
      vertex 74.2412 107.466 5.2
    endloop
  endfacet
  facet normal 0 0 1
    outer loop
      vertex 74.5 107.5 5.2
      vertex 73.5 106.5 5.2
      vertex 74.5 83.5 5.2
    endloop
  endfacet
  facet normal 0 0 1
    outer loop
      vertex 73.5 106.5 5.2
      vertex 74.2412 107.466 5.2
      vertex 74 107.366 5.2
    endloop
  endfacet
  facet normal -0 0 1
    outer loop
      vertex 73.5 84.5 5.2
      vertex 74.5 83.5 5.2
      vertex 73.5 106.5 5.2
    endloop
  endfacet
  facet normal 0 0 1
    outer loop
      vertex 73.5 106.5 5.2
      vertex 74 107.366 5.2
      vertex 73.7929 107.207 5.2
    endloop
  endfacet
  facet normal 0 0 1
    outer loop
      vertex 74.5 83.5 5.2
      vertex 73.5 84.5 5.2
      vertex 74.2412 83.5341 5.2
    endloop
  endfacet
  facet normal 0 0 1
    outer loop
      vertex 73.5 106.5 5.2
      vertex 73.7929 107.207 5.2
      vertex 73.634 107 5.2
    endloop
  endfacet
  facet normal 0 0 1
    outer loop
      vertex 74.2412 83.5341 5.2
      vertex 73.5 84.5 5.2
      vertex 74 83.634 5.2
    endloop
  endfacet
  facet normal 0 0 1
    outer loop
      vertex 73.5 106.5 5.2
      vertex 73.634 107 5.2
      vertex 73.5341 106.759 5.2
    endloop
  endfacet
  facet normal 0 0 1
    outer loop
      vertex 74 83.634 5.2
      vertex 73.5 84.5 5.2
      vertex 73.7929 83.7929 5.2
    endloop
  endfacet
  facet normal 0 0 1
    outer loop
      vertex 73.7929 83.7929 5.2
      vertex 73.5 84.5 5.2
      vertex 73.634 84 5.2
    endloop
  endfacet
  facet normal 0 0 1
    outer loop
      vertex 73.634 84 5.2
      vertex 73.5 84.5 5.2
      vertex 73.5341 84.2412 5.2
    endloop
  endfacet
  facet normal 0.608914 -0.793236 0
    outer loop
      vertex 117 83.634 4
      vertex 117.207 83.7929 5.2
      vertex 117 83.634 5.2
    endloop
  endfacet
  facet normal 0.608914 -0.793236 0
    outer loop
      vertex 117.207 83.7929 5.2
      vertex 117 83.634 4
      vertex 117.207 83.7929 4
    endloop
  endfacet
  facet normal 0 -1 0
    outer loop
      vertex 75 79.2 4
      vertex 96.0926 79.2 9
      vertex 75 79.2 9
    endloop
  endfacet
  facet normal 0 -1 -0
    outer loop
      vertex 96.0926 79.2 9
      vertex 75 79.2 4
      vertex 96.0926 79.2 4
    endloop
  endfacet
  facet normal 0 1 -0
    outer loop
      vertex 117 82.2 4
      vertex 75 82.2 9
      vertex 117 82.2 9
    endloop
  endfacet
  facet normal 0 1 0
    outer loop
      vertex 75 82.2 9
      vertex 117 82.2 4
      vertex 75 82.2 4
    endloop
  endfacet
  facet normal -0.130633 0.991431 0
    outer loop
      vertex 75 82.2 4
      vertex 74.7412 82.1659 9
      vertex 75 82.2 9
    endloop
  endfacet
  facet normal -0.130633 0.991431 0
    outer loop
      vertex 74.7412 82.1659 9
      vertex 75 82.2 4
      vertex 74.7412 82.1659 4
    endloop
  endfacet
  facet normal -0.382656 0.923891 0
    outer loop
      vertex 74.7412 82.1659 4
      vertex 74.5 82.066 9
      vertex 74.7412 82.1659 9
    endloop
  endfacet
  facet normal -0.382656 0.923891 0
    outer loop
      vertex 74.5 82.066 9
      vertex 74.7412 82.1659 4
      vertex 74.5 82.066 4
    endloop
  endfacet
  facet normal 0.382927 0.923778 -0
    outer loop
      vertex 117.5 82.066 4
      vertex 117.259 82.1659 9
      vertex 117.5 82.066 9
    endloop
  endfacet
  facet normal 0.382927 0.923778 0
    outer loop
      vertex 117.259 82.1659 9
      vertex 117.5 82.066 4
      vertex 117.259 82.1659 4
    endloop
  endfacet
  facet normal 0.793193 0.60897 0
    outer loop
      vertex 117.866 81.7 9
      vertex 117.707 81.9071 4
      vertex 117.707 81.9071 9
    endloop
  endfacet
  facet normal 0.793193 0.60897 0
    outer loop
      vertex 117.707 81.9071 4
      vertex 117.866 81.7 9
      vertex 117.866 81.7 4
    endloop
  endfacet
  facet normal 0.99148 0.130256 0
    outer loop
      vertex 118 81.2 9
      vertex 117.966 81.4588 4
      vertex 117.966 81.4588 9
    endloop
  endfacet
  facet normal 0.99148 0.130256 0
    outer loop
      vertex 117.966 81.4588 4
      vertex 118 81.2 9
      vertex 118 81.2 4
    endloop
  endfacet
  facet normal 0.99148 -0.130256 0
    outer loop
      vertex 117.966 79.9412 9
      vertex 118 80.2 4
      vertex 118 80.2 9
    endloop
  endfacet
  facet normal 0.99148 -0.130256 0
    outer loop
      vertex 118 80.2 4
      vertex 117.966 79.9412 9
      vertex 117.966 79.9412 4
    endloop
  endfacet
  facet normal 0.92269 -0.385543 0
    outer loop
      vertex 117.907 79.8 9
      vertex 117.966 79.9412 4
      vertex 117.966 79.9412 9
    endloop
  endfacet
  facet normal 0.92269 -0.385543 0
    outer loop
      vertex 117.966 79.9412 4
      vertex 117.907 79.8 9
      vertex 117.907 79.8 4
    endloop
  endfacet
  facet normal -0.923891 -0.382656 0
    outer loop
      vertex 74.134 79.7 4
      vertex 74.0341 79.9412 9
      vertex 74.0341 79.9412 4
    endloop
  endfacet
  facet normal -0.923891 -0.382656 0
    outer loop
      vertex 74.0341 79.9412 9
      vertex 74.134 79.7 4
      vertex 74.134 79.7 9
    endloop
  endfacet
  facet normal 0.607934 0.793988 0
    outer loop
      vertex 117.573 82.0097 4
      vertex 117.707 81.9071 9
      vertex 117.707 81.9071 4
    endloop
  endfacet
  facet normal 0.608914 0.793236 -4.16928e-05
    outer loop
      vertex 117.707 81.9071 9
      vertex 117.573 82.0097 4
      vertex 117.5 82.066 9
    endloop
  endfacet
  facet normal 0.610706 0.791857 0
    outer loop
      vertex 117.5 82.066 9
      vertex 117.573 82.0097 4
      vertex 117.5 82.066 4
    endloop
  endfacet
  facet normal -0.793378 0.608729 0
    outer loop
      vertex 74.134 81.7 4
      vertex 74.2929 81.9071 9
      vertex 74.2929 81.9071 4
    endloop
  endfacet
  facet normal -0.793378 0.608729 0
    outer loop
      vertex 74.2929 81.9071 9
      vertex 74.134 81.7 4
      vertex 74.134 81.7 9
    endloop
  endfacet
  facet normal 0.130534 0.991444 -0
    outer loop
      vertex 117.259 82.1659 4
      vertex 117 82.2 9
      vertex 117.259 82.1659 9
    endloop
  endfacet
  facet normal 0.130534 0.991444 0
    outer loop
      vertex 117 82.2 9
      vertex 117.259 82.1659 4
      vertex 117 82.2 4
    endloop
  endfacet
  facet normal -0.991431 -0.130633 0
    outer loop
      vertex 74.0341 79.9412 4
      vertex 74 80.2 9
      vertex 74 80.2 4
    endloop
  endfacet
  facet normal -0.991431 -0.130633 0
    outer loop
      vertex 74 80.2 9
      vertex 74.0341 79.9412 4
      vertex 74.0341 79.9412 9
    endloop
  endfacet
  facet normal -1 0 0
    outer loop
      vertex 74 80.2 4
      vertex 74 81.2 9
      vertex 74 81.2 4
    endloop
  endfacet
  facet normal -1 -0 0
    outer loop
      vertex 74 81.2 9
      vertex 74 80.2 4
      vertex 74 80.2 9
    endloop
  endfacet
  facet normal 1 -0 0
    outer loop
      vertex 118 80.2 9
      vertex 118 81.2 4
      vertex 118 81.2 9
    endloop
  endfacet
  facet normal 1 0 0
    outer loop
      vertex 118 81.2 4
      vertex 118 80.2 9
      vertex 118 80.2 4
    endloop
  endfacet
  facet normal -0.130633 -0.991431 0
    outer loop
      vertex 74.7412 79.2341 4
      vertex 75 79.2 9
      vertex 74.7412 79.2341 9
    endloop
  endfacet
  facet normal -0.130633 -0.991431 -0
    outer loop
      vertex 75 79.2 9
      vertex 74.7412 79.2341 4
      vertex 75 79.2 4
    endloop
  endfacet
  facet normal -0.608819 0.793309 0
    outer loop
      vertex 74.414 82 4
      vertex 74.5 82.066 9
      vertex 74.5 82.066 4
    endloop
  endfacet
  facet normal -0.608729 0.793378 -2.45177e-06
    outer loop
      vertex 74.5 82.066 9
      vertex 74.414 82 4
      vertex 74.2929 81.9071 9
    endloop
  endfacet
  facet normal -0.608665 0.793427 0
    outer loop
      vertex 74.2929 81.9071 9
      vertex 74.414 82 4
      vertex 74.2929 81.9071 4
    endloop
  endfacet
  facet normal -0.991431 0.130633 0
    outer loop
      vertex 74 81.2 4
      vertex 74.0341 81.4588 9
      vertex 74.0341 81.4588 4
    endloop
  endfacet
  facet normal -0.991431 0.130633 0
    outer loop
      vertex 74.0341 81.4588 9
      vertex 74 81.2 4
      vertex 74 81.2 9
    endloop
  endfacet
  facet normal -0.382656 -0.923891 0
    outer loop
      vertex 74.5 79.334 4
      vertex 74.7412 79.2341 9
      vertex 74.5 79.334 9
    endloop
  endfacet
  facet normal -0.382656 -0.923891 -0
    outer loop
      vertex 74.7412 79.2341 9
      vertex 74.5 79.334 4
      vertex 74.7412 79.2341 4
    endloop
  endfacet
  facet normal -0.793378 -0.608729 0
    outer loop
      vertex 74.2929 79.4929 4
      vertex 74.134 79.7 9
      vertex 74.134 79.7 4
    endloop
  endfacet
  facet normal -0.793378 -0.608729 0
    outer loop
      vertex 74.134 79.7 9
      vertex 74.2929 79.4929 4
      vertex 74.2929 79.4929 9
    endloop
  endfacet
  facet normal 0.923755 0.382983 0
    outer loop
      vertex 117.966 81.4588 9
      vertex 117.866 81.7 4
      vertex 117.866 81.7 9
    endloop
  endfacet
  facet normal 0.923755 0.382983 0
    outer loop
      vertex 117.866 81.7 4
      vertex 117.966 81.4588 9
      vertex 117.966 81.4588 4
    endloop
  endfacet
  facet normal -0.923891 0.382656 0
    outer loop
      vertex 74.0341 81.4588 4
      vertex 74.134 81.7 9
      vertex 74.134 81.7 4
    endloop
  endfacet
  facet normal -0.923891 0.382656 0
    outer loop
      vertex 74.134 81.7 9
      vertex 74.0341 81.4588 4
      vertex 74.0341 81.4588 9
    endloop
  endfacet
  facet normal -0.608729 -0.793378 0
    outer loop
      vertex 74.2929 79.4929 4
      vertex 74.5 79.334 9
      vertex 74.2929 79.4929 9
    endloop
  endfacet
  facet normal -0.608729 -0.793378 -0
    outer loop
      vertex 74.5 79.334 9
      vertex 74.2929 79.4929 4
      vertex 74.5 79.334 4
    endloop
  endfacet
  facet normal 0 -1 0
    outer loop
      vertex 75 108.8 4
      vertex 117 108.8 9
      vertex 75 108.8 9
    endloop
  endfacet
  facet normal 0 -1 -0
    outer loop
      vertex 117 108.8 9
      vertex 75 108.8 4
      vertex 117 108.8 4
    endloop
  endfacet
  facet normal -0.130256 0.99148 0
    outer loop
      vertex 75 111.8 4
      vertex 74.7412 111.766 9
      vertex 75 111.8 9
    endloop
  endfacet
  facet normal -0.130256 0.99148 0
    outer loop
      vertex 74.7412 111.766 9
      vertex 75 111.8 4
      vertex 74.7412 111.766 4
    endloop
  endfacet
  facet normal -0.793236 0.608914 0
    outer loop
      vertex 74.134 111.3 4
      vertex 74.2929 111.507 9
      vertex 74.2929 111.507 4
    endloop
  endfacet
  facet normal -0.793236 0.608914 0
    outer loop
      vertex 74.2929 111.507 9
      vertex 74.134 111.3 4
      vertex 74.134 111.3 9
    endloop
  endfacet
  facet normal 0 1 -0
    outer loop
      vertex 117 111.8 4
      vertex 75 111.8 9
      vertex 117 111.8 9
    endloop
  endfacet
  facet normal 0 1 0
    outer loop
      vertex 75 111.8 9
      vertex 117 111.8 4
      vertex 75 111.8 4
    endloop
  endfacet
  facet normal -0.60897 0.793193 0
    outer loop
      vertex 74.5 111.666 4
      vertex 74.2929 111.507 9
      vertex 74.5 111.666 9
    endloop
  endfacet
  facet normal -0.60897 0.793193 0
    outer loop
      vertex 74.2929 111.507 9
      vertex 74.5 111.666 4
      vertex 74.2929 111.507 4
    endloop
  endfacet
  facet normal 0.383254 -0.923643 0
    outer loop
      vertex 117.259 108.834 4
      vertex 117.5 108.934 9
      vertex 117.259 108.834 9
    endloop
  endfacet
  facet normal 0.383254 -0.923643 0
    outer loop
      vertex 117.5 108.934 9
      vertex 117.259 108.834 4
      vertex 117.5 108.934 4
    endloop
  endfacet
  facet normal -0.382983 0.923755 0
    outer loop
      vertex 74.7412 111.766 4
      vertex 74.5 111.666 9
      vertex 74.7412 111.766 9
    endloop
  endfacet
  facet normal -0.382983 0.923755 0
    outer loop
      vertex 74.5 111.666 9
      vertex 74.7412 111.766 4
      vertex 74.5 111.666 4
    endloop
  endfacet
  facet normal 0.793051 0.609155 0
    outer loop
      vertex 117.866 111.3 9
      vertex 117.707 111.507 4
      vertex 117.707 111.507 9
    endloop
  endfacet
  facet normal 0.793051 0.609155 0
    outer loop
      vertex 117.707 111.507 4
      vertex 117.866 111.3 9
      vertex 117.866 111.3 4
    endloop
  endfacet
  facet normal 0.991493 0.130157 0
    outer loop
      vertex 118 110.8 9
      vertex 117.966 111.059 4
      vertex 117.966 111.059 9
    endloop
  endfacet
  facet normal 0.991493 0.130157 0
    outer loop
      vertex 117.966 111.059 4
      vertex 118 110.8 9
      vertex 118 110.8 4
    endloop
  endfacet
  facet normal -0.923778 -0.382927 0
    outer loop
      vertex 74.134 109.3 4
      vertex 74.0341 109.541 9
      vertex 74.0341 109.541 4
    endloop
  endfacet
  facet normal -0.923778 -0.382927 0
    outer loop
      vertex 74.0341 109.541 9
      vertex 74.134 109.3 4
      vertex 74.134 109.3 9
    endloop
  endfacet
  facet normal -0.923778 0.382927 0
    outer loop
      vertex 74.0341 111.059 4
      vertex 74.134 111.3 9
      vertex 74.134 111.3 4
    endloop
  endfacet
  facet normal -0.923778 0.382927 0
    outer loop
      vertex 74.134 111.3 9
      vertex 74.0341 111.059 4
      vertex 74.0341 111.059 9
    endloop
  endfacet
  facet normal 0.923643 -0.383254 0
    outer loop
      vertex 117.866 109.3 9
      vertex 117.966 109.541 4
      vertex 117.966 109.541 9
    endloop
  endfacet
  facet normal 0.923643 -0.383254 0
    outer loop
      vertex 117.966 109.541 4
      vertex 117.866 109.3 9
      vertex 117.866 109.3 4
    endloop
  endfacet
  facet normal -0.991444 -0.130534 0
    outer loop
      vertex 74.0341 109.541 4
      vertex 74 109.8 9
      vertex 74 109.8 4
    endloop
  endfacet
  facet normal -0.991444 -0.130534 0
    outer loop
      vertex 74 109.8 9
      vertex 74.0341 109.541 4
      vertex 74.0341 109.541 9
    endloop
  endfacet
  facet normal 0.383254 0.923643 -0
    outer loop
      vertex 117.5 111.666 4
      vertex 117.259 111.766 9
      vertex 117.5 111.666 9
    endloop
  endfacet
  facet normal 0.383254 0.923643 0
    outer loop
      vertex 117.259 111.766 9
      vertex 117.5 111.666 4
      vertex 117.259 111.766 4
    endloop
  endfacet
  facet normal 0.130157 0.991493 -0
    outer loop
      vertex 117.259 111.766 4
      vertex 117 111.8 9
      vertex 117.259 111.766 9
    endloop
  endfacet
  facet normal 0.130157 0.991493 0
    outer loop
      vertex 117 111.8 9
      vertex 117.259 111.766 4
      vertex 117 111.8 4
    endloop
  endfacet
  facet normal 0.793051 -0.609155 0
    outer loop
      vertex 117.707 109.093 9
      vertex 117.866 109.3 4
      vertex 117.866 109.3 9
    endloop
  endfacet
  facet normal 0.793051 -0.609155 0
    outer loop
      vertex 117.866 109.3 4
      vertex 117.707 109.093 9
      vertex 117.707 109.093 4
    endloop
  endfacet
  facet normal 0.991493 -0.130157 0
    outer loop
      vertex 117.966 109.541 9
      vertex 118 109.8 4
      vertex 118 109.8 9
    endloop
  endfacet
  facet normal 0.991493 -0.130157 0
    outer loop
      vertex 118 109.8 4
      vertex 117.966 109.541 9
      vertex 117.966 109.541 4
    endloop
  endfacet
  facet normal -0.793236 -0.608914 0
    outer loop
      vertex 74.2929 109.093 4
      vertex 74.134 109.3 9
      vertex 74.134 109.3 4
    endloop
  endfacet
  facet normal -0.793236 -0.608914 0
    outer loop
      vertex 74.134 109.3 9
      vertex 74.2929 109.093 4
      vertex 74.2929 109.093 9
    endloop
  endfacet
  facet normal 0.609155 0.793051 -0
    outer loop
      vertex 117.707 111.507 4
      vertex 117.5 111.666 9
      vertex 117.707 111.507 9
    endloop
  endfacet
  facet normal 0.609155 0.793051 0
    outer loop
      vertex 117.5 111.666 9
      vertex 117.707 111.507 4
      vertex 117.5 111.666 4
    endloop
  endfacet
  facet normal -0.991444 0.130534 0
    outer loop
      vertex 74 110.8 4
      vertex 74.0341 111.059 9
      vertex 74.0341 111.059 4
    endloop
  endfacet
  facet normal -0.991444 0.130534 0
    outer loop
      vertex 74.0341 111.059 9
      vertex 74 110.8 4
      vertex 74 110.8 9
    endloop
  endfacet
  facet normal 0.130157 -0.991493 0
    outer loop
      vertex 117 108.8 4
      vertex 117.259 108.834 9
      vertex 117 108.8 9
    endloop
  endfacet
  facet normal 0.130157 -0.991493 0
    outer loop
      vertex 117.259 108.834 9
      vertex 117 108.8 4
      vertex 117.259 108.834 4
    endloop
  endfacet
  facet normal -1 0 0
    outer loop
      vertex 74 109.8 4
      vertex 74 110.8 9
      vertex 74 110.8 4
    endloop
  endfacet
  facet normal -1 -0 0
    outer loop
      vertex 74 110.8 9
      vertex 74 109.8 4
      vertex 74 109.8 9
    endloop
  endfacet
  facet normal 0.60866 -0.793431 0
    outer loop
      vertex 117.573 108.99 4
      vertex 117.5 108.934 9
      vertex 117.5 108.934 4
    endloop
  endfacet
  facet normal 0.609155 -0.793051 1.14935e-05
    outer loop
      vertex 117.5 108.934 9
      vertex 117.573 108.99 4
      vertex 117.707 109.093 9
    endloop
  endfacet
  facet normal 0.609425 -0.792844 0
    outer loop
      vertex 117.707 109.093 9
      vertex 117.573 108.99 4
      vertex 117.707 109.093 4
    endloop
  endfacet
  facet normal 1 -0 0
    outer loop
      vertex 118 109.8 9
      vertex 118 110.8 4
      vertex 118 110.8 9
    endloop
  endfacet
  facet normal 1 0 0
    outer loop
      vertex 118 110.8 4
      vertex 118 109.8 9
      vertex 118 109.8 4
    endloop
  endfacet
  facet normal 0.923643 0.383254 0
    outer loop
      vertex 117.966 111.059 9
      vertex 117.866 111.3 4
      vertex 117.866 111.3 9
    endloop
  endfacet
  facet normal 0.923643 0.383254 0
    outer loop
      vertex 117.866 111.3 4
      vertex 117.966 111.059 9
      vertex 117.966 111.059 4
    endloop
  endfacet
  facet normal 0 0 1
    outer loop
      vertex 117 111.8 9
      vertex 118 110.8 9
      vertex 117.966 111.059 9
    endloop
  endfacet
  facet normal 0 0 1
    outer loop
      vertex 118 110.8 9
      vertex 117 111.8 9
      vertex 118 109.8 9
    endloop
  endfacet
  facet normal 0 0 1
    outer loop
      vertex 117 111.8 9
      vertex 117.966 111.059 9
      vertex 117.866 111.3 9
    endloop
  endfacet
  facet normal 0 0 1
    outer loop
      vertex 117 108.8 9
      vertex 118 109.8 9
      vertex 117 111.8 9
    endloop
  endfacet
  facet normal 0 0 1
    outer loop
      vertex 117 111.8 9
      vertex 117.866 111.3 9
      vertex 117.707 111.507 9
    endloop
  endfacet
  facet normal 0 0 1
    outer loop
      vertex 118 109.8 9
      vertex 117 108.8 9
      vertex 117.966 109.541 9
    endloop
  endfacet
  facet normal 0 0 1
    outer loop
      vertex 117 111.8 9
      vertex 117.707 111.507 9
      vertex 117.5 111.666 9
    endloop
  endfacet
  facet normal 0 0 1
    outer loop
      vertex 117.966 109.541 9
      vertex 117 108.8 9
      vertex 117.866 109.3 9
    endloop
  endfacet
  facet normal 0 0 1
    outer loop
      vertex 117 111.8 9
      vertex 117.5 111.666 9
      vertex 117.259 111.766 9
    endloop
  endfacet
  facet normal 0 0 1
    outer loop
      vertex 117.866 109.3 9
      vertex 117 108.8 9
      vertex 117.707 109.093 9
    endloop
  endfacet
  facet normal 0 0 1
    outer loop
      vertex 117.707 109.093 9
      vertex 117 108.8 9
      vertex 117.5 108.934 9
    endloop
  endfacet
  facet normal 0 0 1
    outer loop
      vertex 117.5 108.934 9
      vertex 117 108.8 9
      vertex 117.259 108.834 9
    endloop
  endfacet
  facet normal -0 0 1
    outer loop
      vertex 75 111.8 9
      vertex 117 108.8 9
      vertex 117 111.8 9
    endloop
  endfacet
  facet normal 0 0 1
    outer loop
      vertex 75 111.8 9
      vertex 75 108.8 9
      vertex 117 108.8 9
    endloop
  endfacet
  facet normal 0 0 1
    outer loop
      vertex 74 110.8 9
      vertex 75 111.8 9
      vertex 74.7412 111.766 9
    endloop
  endfacet
  facet normal 0 0 1
    outer loop
      vertex 75 111.8 9
      vertex 74 110.8 9
      vertex 75 108.8 9
    endloop
  endfacet
  facet normal 0 0 1
    outer loop
      vertex 74 110.8 9
      vertex 74.7412 111.766 9
      vertex 74.5 111.666 9
    endloop
  endfacet
  facet normal -0 0 1
    outer loop
      vertex 74 109.8 9
      vertex 75 108.8 9
      vertex 74 110.8 9
    endloop
  endfacet
  facet normal 0 0 1
    outer loop
      vertex 74 110.8 9
      vertex 74.5 111.666 9
      vertex 74.2929 111.507 9
    endloop
  endfacet
  facet normal 0 0 1
    outer loop
      vertex 75 108.8 9
      vertex 74 109.8 9
      vertex 74.7412 108.834 9
    endloop
  endfacet
  facet normal 0 0 1
    outer loop
      vertex 74 110.8 9
      vertex 74.2929 111.507 9
      vertex 74.134 111.3 9
    endloop
  endfacet
  facet normal 0 0 1
    outer loop
      vertex 74.7412 108.834 9
      vertex 74 109.8 9
      vertex 74.5 108.934 9
    endloop
  endfacet
  facet normal 0 0 1
    outer loop
      vertex 74 110.8 9
      vertex 74.134 111.3 9
      vertex 74.0341 111.059 9
    endloop
  endfacet
  facet normal 0 0 1
    outer loop
      vertex 74.5 108.934 9
      vertex 74 109.8 9
      vertex 74.2929 109.093 9
    endloop
  endfacet
  facet normal 0 0 1
    outer loop
      vertex 74.2929 109.093 9
      vertex 74 109.8 9
      vertex 74.134 109.3 9
    endloop
  endfacet
  facet normal 0 0 1
    outer loop
      vertex 74.134 109.3 9
      vertex 74 109.8 9
      vertex 74.0341 109.541 9
    endloop
  endfacet
  facet normal -0.609078 -0.793111 0
    outer loop
      vertex 74.414 109 4
      vertex 74.2929 109.093 9
      vertex 74.2929 109.093 4
    endloop
  endfacet
  facet normal -0.60897 -0.793193 4.1364e-06
    outer loop
      vertex 74.2929 109.093 9
      vertex 74.414 109 4
      vertex 74.5 108.934 9
    endloop
  endfacet
  facet normal -0.608819 -0.793309 -0
    outer loop
      vertex 74.5 108.934 9
      vertex 74.414 109 4
      vertex 74.5 108.934 4
    endloop
  endfacet
  facet normal -0.382983 -0.923755 0
    outer loop
      vertex 74.5 108.934 4
      vertex 74.7412 108.834 9
      vertex 74.5 108.934 9
    endloop
  endfacet
  facet normal -0.382983 -0.923755 -0
    outer loop
      vertex 74.7412 108.834 9
      vertex 74.5 108.934 4
      vertex 74.7412 108.834 4
    endloop
  endfacet
  facet normal -0.130256 -0.99148 0
    outer loop
      vertex 74.7412 108.834 4
      vertex 75 108.8 9
      vertex 74.7412 108.834 9
    endloop
  endfacet
  facet normal -0.130256 -0.99148 -0
    outer loop
      vertex 75 108.8 9
      vertex 74.7412 108.834 4
      vertex 75 108.8 4
    endloop
  endfacet
  facet normal 0.471329 0.881957 -0
    outer loop
      vertex 68.7223 98.8259 7.6
      vertex 68.0307 99.1955 10.6
      vertex 68.7223 98.8259 10.6
    endloop
  endfacet
  facet normal 0.471329 0.881957 0
    outer loop
      vertex 68.0307 99.1955 10.6
      vertex 68.7223 98.8259 7.6
      vertex 68.0307 99.1955 7.6
    endloop
  endfacet
  facet normal 0.471329 0.881957 -0
    outer loop
      vertex 68.7223 98.8259 4.1
      vertex 68.0307 99.1955 6.5
      vertex 68.7223 98.8259 6.5
    endloop
  endfacet
  facet normal 0.471329 0.881957 0
    outer loop
      vertex 68.0307 99.1955 6.5
      vertex 68.7223 98.8259 4.1
      vertex 68.0307 99.1955 4.1
    endloop
  endfacet
  facet normal 0.956941 0.290283 0
    outer loop
      vertex 70.4231 96.2804 10.6
      vertex 70.1955 97.0307 7.6
      vertex 70.1955 97.0307 10.6
    endloop
  endfacet
  facet normal 0.956941 0.290283 0
    outer loop
      vertex 70.1955 97.0307 7.6
      vertex 70.4231 96.2804 10.6
      vertex 70.4231 96.2804 7.6
    endloop
  endfacet
  facet normal 0.956941 0.290283 0
    outer loop
      vertex 70.4231 96.2804 6.5
      vertex 70.1955 97.0307 4.1
      vertex 70.1955 97.0307 6.5
    endloop
  endfacet
  facet normal 0.956941 0.290283 0
    outer loop
      vertex 70.1955 97.0307 4.1
      vertex 70.4231 96.2804 6.5
      vertex 70.4231 96.2804 4.1
    endloop
  endfacet
  facet normal 0.995156 0.0983089 0
    outer loop
      vertex 70.4231 96.2804 10.6
      vertex 70.4508 96 7.6
      vertex 70.4231 96.2804 7.6
    endloop
  endfacet
  facet normal 0.995194 0.097927 0
    outer loop
      vertex 70.5 95.5 10.6
      vertex 70.4508 96 6.5
      vertex 70.4508 96 7.6
    endloop
  endfacet
  facet normal 0.995194 0.097927 0
    outer loop
      vertex 70.4508 96 6.5
      vertex 70.5 95.5 3
      vertex 70.4508 96 4.1
    endloop
  endfacet
  facet normal 0.99518 0.0980643 2.30899e-05
    outer loop
      vertex 70.5 95.5 10.6
      vertex 70.4508 96 7.6
      vertex 70.4231 96.2804 10.6
    endloop
  endfacet
  facet normal 0.995194 0.097927 0
    outer loop
      vertex 70.4508 96 6.5
      vertex 70.5 95.5 10.6
      vertex 70.5 95.5 3
    endloop
  endfacet
  facet normal 0.995194 0.097927 0
    outer loop
      vertex 70.4508 96 4.1
      vertex 70.5 95.5 3
      vertex 70.4508 96 3
    endloop
  endfacet
  facet normal 0.995156 0.0983089 0
    outer loop
      vertex 70.4508 96 6.5
      vertex 70.4231 96.2804 4.1
      vertex 70.4231 96.2804 6.5
    endloop
  endfacet
  facet normal 0.995156 0.0983089 0
    outer loop
      vertex 70.4231 96.2804 4.1
      vertex 70.4508 96 6.5
      vertex 70.4508 96 4.1
    endloop
  endfacet
  facet normal 0.881957 0.471329 0
    outer loop
      vertex 70.1955 97.0307 10.6
      vertex 69.8259 97.7223 7.6
      vertex 69.8259 97.7223 10.6
    endloop
  endfacet
  facet normal 0.881957 0.471329 0
    outer loop
      vertex 69.8259 97.7223 7.6
      vertex 70.1955 97.0307 10.6
      vertex 70.1955 97.0307 7.6
    endloop
  endfacet
  facet normal 0.881957 0.471329 0
    outer loop
      vertex 70.1955 97.0307 6.5
      vertex 69.8259 97.7223 4.1
      vertex 69.8259 97.7223 6.5
    endloop
  endfacet
  facet normal 0.881957 0.471329 0
    outer loop
      vertex 69.8259 97.7223 4.1
      vertex 70.1955 97.0307 6.5
      vertex 70.1955 97.0307 4.1
    endloop
  endfacet
  facet normal 0.0980643 0.99518 -0
    outer loop
      vertex 67.2804 99.4231 7.6
      vertex 66.5 99.5 10.6
      vertex 67.2804 99.4231 10.6
    endloop
  endfacet
  facet normal 0.0980643 0.99518 0
    outer loop
      vertex 66.5 99.5 10.6
      vertex 67.2804 99.4231 7.6
      vertex 66.5 99.5 7.6
    endloop
  endfacet
  facet normal 0.0980643 0.99518 -0
    outer loop
      vertex 67.2804 99.4231 4.1
      vertex 66.5 99.5 6.5
      vertex 67.2804 99.4231 6.5
    endloop
  endfacet
  facet normal 0.0980643 0.99518 0
    outer loop
      vertex 66.5 99.5 6.5
      vertex 67.2804 99.4231 4.1
      vertex 66.5 99.5 4.1
    endloop
  endfacet
  facet normal 0.0980643 -0.99518 0
    outer loop
      vertex 66.5 91.5 3
      vertex 67.2804 91.5769 10.6
      vertex 66.5 91.5 10.6
    endloop
  endfacet
  facet normal 0.0980643 -0.99518 0
    outer loop
      vertex 67.2804 91.5769 10.6
      vertex 66.5 91.5 3
      vertex 67.2804 91.5769 3
    endloop
  endfacet
  facet normal 0.290283 0.956941 -0
    outer loop
      vertex 68.0307 99.1955 7.6
      vertex 67.2804 99.4231 10.6
      vertex 68.0307 99.1955 10.6
    endloop
  endfacet
  facet normal 0.290283 0.956941 0
    outer loop
      vertex 67.2804 99.4231 10.6
      vertex 68.0307 99.1955 7.6
      vertex 67.2804 99.4231 7.6
    endloop
  endfacet
  facet normal 0.290283 0.956941 -0
    outer loop
      vertex 68.0307 99.1955 4.1
      vertex 67.2804 99.4231 6.5
      vertex 68.0307 99.1955 6.5
    endloop
  endfacet
  facet normal 0.290283 0.956941 0
    outer loop
      vertex 67.2804 99.4231 6.5
      vertex 68.0307 99.1955 4.1
      vertex 67.2804 99.4231 4.1
    endloop
  endfacet
  facet normal 0.634459 0.772956 -0
    outer loop
      vertex 69.3284 98.3284 7.6
      vertex 68.7223 98.8259 10.6
      vertex 69.3284 98.3284 10.6
    endloop
  endfacet
  facet normal 0.634459 0.772956 0
    outer loop
      vertex 68.7223 98.8259 10.6
      vertex 69.3284 98.3284 7.6
      vertex 68.7223 98.8259 7.6
    endloop
  endfacet
  facet normal 0.634459 0.772956 -0
    outer loop
      vertex 69.3284 98.3284 4.1
      vertex 68.7223 98.8259 6.5
      vertex 69.3284 98.3284 6.5
    endloop
  endfacet
  facet normal 0.634459 0.772956 0
    outer loop
      vertex 68.7223 98.8259 6.5
      vertex 69.3284 98.3284 4.1
      vertex 68.7223 98.8259 4.1
    endloop
  endfacet
  facet normal 0.772956 -0.634459 0
    outer loop
      vertex 69.3284 92.6716 10.6
      vertex 69.8259 93.2777 3
      vertex 69.8259 93.2777 10.6
    endloop
  endfacet
  facet normal 0.772956 -0.634459 0
    outer loop
      vertex 69.8259 93.2777 3
      vertex 69.3284 92.6716 10.6
      vertex 69.3284 92.6716 3
    endloop
  endfacet
  facet normal 0.471329 -0.881957 0
    outer loop
      vertex 68.0307 91.8045 3
      vertex 68.7223 92.1741 10.6
      vertex 68.0307 91.8045 10.6
    endloop
  endfacet
  facet normal 0.471329 -0.881957 0
    outer loop
      vertex 68.7223 92.1741 10.6
      vertex 68.0307 91.8045 3
      vertex 68.7223 92.1741 3
    endloop
  endfacet
  facet normal 0.99518 -0.0980643 0
    outer loop
      vertex 70.4231 94.7196 10.6
      vertex 70.5 95.5 3
      vertex 70.5 95.5 10.6
    endloop
  endfacet
  facet normal 0.99518 -0.0980643 0
    outer loop
      vertex 70.5 95.5 3
      vertex 70.4231 94.7196 10.6
      vertex 70.4231 94.7196 3
    endloop
  endfacet
  facet normal -0.097927 -0.995194 0
    outer loop
      vertex 66 91.5492 3
      vertex 66.5 91.5 10.6
      vertex 66 91.5492 10.6
    endloop
  endfacet
  facet normal -0.097927 -0.995194 -0
    outer loop
      vertex 66.5 91.5 10.6
      vertex 66 91.5492 3
      vertex 66.5 91.5 3
    endloop
  endfacet
  facet normal 0.290283 -0.956941 0
    outer loop
      vertex 67.2804 91.5769 3
      vertex 68.0307 91.8045 10.6
      vertex 67.2804 91.5769 10.6
    endloop
  endfacet
  facet normal 0.290283 -0.956941 0
    outer loop
      vertex 68.0307 91.8045 10.6
      vertex 67.2804 91.5769 3
      vertex 68.0307 91.8045 3
    endloop
  endfacet
  facet normal 0 0 1
    outer loop
      vertex 61.4142 98.4142 10.6
      vertex 66 99.4508 10.6
      vertex 66 101 10.6
    endloop
  endfacet
  facet normal 0 -0 1
    outer loop
      vertex 61.9319 97.5176 10.6
      vertex 66 99.4508 10.6
      vertex 61.732 98 10.6
    endloop
  endfacet
  facet normal 0 0 1
    outer loop
      vertex 66 97.7342 10.6
      vertex 62 97 10.6
      vertex 66 93.2658 10.6
    endloop
  endfacet
  facet normal 0 0 1
    outer loop
      vertex 66 93.2658 10.6
      vertex 62 97 10.6
      vertex 66 91.5492 10.6
    endloop
  endfacet
  facet normal 0 0 1
    outer loop
      vertex 64 103 10.6
      vertex 66 101 10.6
      vertex 65.9319 101.518 10.6
    endloop
  endfacet
  facet normal 0 0 1
    outer loop
      vertex 62 86 10.6
      vertex 66 91.5492 10.6
      vertex 62 97 10.6
    endloop
  endfacet
  facet normal 0 0 1
    outer loop
      vertex 64 103 10.6
      vertex 65.9319 101.518 10.6
      vertex 65.732 102 10.6
    endloop
  endfacet
  facet normal 0 0 1
    outer loop
      vertex 66 91.5492 10.6
      vertex 62 86 10.6
      vertex 66 82 10.6
    endloop
  endfacet
  facet normal 0 0 1
    outer loop
      vertex 64 103 10.6
      vertex 65.732 102 10.6
      vertex 65.4142 102.414 10.6
    endloop
  endfacet
  facet normal -0 0 1
    outer loop
      vertex 61.9319 85.4824 10.6
      vertex 66 82 10.6
      vertex 62 86 10.6
    endloop
  endfacet
  facet normal 0 0 1
    outer loop
      vertex 64 103 10.6
      vertex 65.4142 102.414 10.6
      vertex 65 102.732 10.6
    endloop
  endfacet
  facet normal -0 0 1
    outer loop
      vertex 61.732 85 10.6
      vertex 66 82 10.6
      vertex 61.9319 85.4824 10.6
    endloop
  endfacet
  facet normal 0 0 1
    outer loop
      vertex 64 103 10.6
      vertex 65 102.732 10.6
      vertex 64.5176 102.932 10.6
    endloop
  endfacet
  facet normal -0 0 1
    outer loop
      vertex 61.4142 84.5858 10.6
      vertex 66 82 10.6
      vertex 61.732 85 10.6
    endloop
  endfacet
  facet normal 0 0 1
    outer loop
      vertex 66 101 10.6
      vertex 64 103 10.6
      vertex 61.4142 98.4142 10.6
    endloop
  endfacet
  facet normal 0 -0 1
    outer loop
      vertex 64 80 10.6
      vertex 66 82 10.6
      vertex 61.4142 84.5858 10.6
    endloop
  endfacet
  facet normal 0 0 1
    outer loop
      vertex 66 82 10.6
      vertex 64 80 10.6
      vertex 65.9319 81.4824 10.6
    endloop
  endfacet
  facet normal 0 0 1
    outer loop
      vertex 66 97.7342 10.6
      vertex 61.9319 97.5176 10.6
      vertex 62 97 10.6
    endloop
  endfacet
  facet normal 0 0 1
    outer loop
      vertex 66 99.4508 10.6
      vertex 61.9319 97.5176 10.6
      vertex 66 97.7342 10.6
    endloop
  endfacet
  facet normal 0 0 1
    outer loop
      vertex 66 99.4508 10.6
      vertex 61.4142 98.4142 10.6
      vertex 61.732 98 10.6
    endloop
  endfacet
  facet normal 0 0 1
    outer loop
      vertex 64 103 10.6
      vertex 61 98.732 10.6
      vertex 61.4142 98.4142 10.6
    endloop
  endfacet
  facet normal 0 0 1
    outer loop
      vertex 64 103 10.6
      vertex 60.5176 98.9319 10.6
      vertex 61 98.732 10.6
    endloop
  endfacet
  facet normal 0 0 1
    outer loop
      vertex 64 103 10.6
      vertex 60 99 10.6
      vertex 60.5176 98.9319 10.6
    endloop
  endfacet
  facet normal 0 0 1
    outer loop
      vertex 64 103 10.6
      vertex 19 99 10.6
      vertex 60 99 10.6
    endloop
  endfacet
  facet normal 0 0 1
    outer loop
      vertex 17.0681 97.5176 10.6
      vertex 13 101 10.6
      vertex 17 97 10.6
    endloop
  endfacet
  facet normal 0 0 1
    outer loop
      vertex 17.2679 98 10.6
      vertex 13 101 10.6
      vertex 17.0681 97.5176 10.6
    endloop
  endfacet
  facet normal 0 0 1
    outer loop
      vertex 17.5858 98.4142 10.6
      vertex 13 101 10.6
      vertex 17.2679 98 10.6
    endloop
  endfacet
  facet normal -0 0 1
    outer loop
      vertex 13 101 10.6
      vertex 17.5858 98.4142 10.6
      vertex 15 103 10.6
    endloop
  endfacet
  facet normal 0 0 1
    outer loop
      vertex 18 98.732 10.6
      vertex 15 103 10.6
      vertex 17.5858 98.4142 10.6
    endloop
  endfacet
  facet normal 0 0 1
    outer loop
      vertex 18.4824 98.9319 10.6
      vertex 15 103 10.6
      vertex 18 98.732 10.6
    endloop
  endfacet
  facet normal 0 0 1
    outer loop
      vertex 19 99 10.6
      vertex 15 103 10.6
      vertex 18.4824 98.9319 10.6
    endloop
  endfacet
  facet normal -0 0 1
    outer loop
      vertex 15 103 10.6
      vertex 19 99 10.6
      vertex 64 103 10.6
    endloop
  endfacet
  facet normal 0 0 1
    outer loop
      vertex 68.8 95.5 10.6
      vertex 70.5 95.5 10.6
      vertex 70.4231 96.2804 10.6
    endloop
  endfacet
  facet normal 0 0 1
    outer loop
      vertex 68.7216 96.0953 10.6
      vertex 70.4231 96.2804 10.6
      vertex 70.1955 97.0307 10.6
    endloop
  endfacet
  facet normal 0 0 1
    outer loop
      vertex 70.5 95.5 10.6
      vertex 68.8 95.5 10.6
      vertex 70.4231 94.7196 10.6
    endloop
  endfacet
  facet normal 0 0 1
    outer loop
      vertex 68.4919 96.65 10.6
      vertex 70.1955 97.0307 10.6
      vertex 69.8259 97.7223 10.6
    endloop
  endfacet
  facet normal -0 0 1
    outer loop
      vertex 68.7216 94.9047 10.6
      vertex 70.4231 94.7196 10.6
      vertex 68.8 95.5 10.6
    endloop
  endfacet
  facet normal 0 0 1
    outer loop
      vertex 68.1263 97.1263 10.6
      vertex 69.8259 97.7223 10.6
      vertex 69.3284 98.3284 10.6
    endloop
  endfacet
  facet normal 0 0 1
    outer loop
      vertex 70.4231 94.7196 10.6
      vertex 68.7216 94.9047 10.6
      vertex 70.1955 93.9693 10.6
    endloop
  endfacet
  facet normal -0 0 1
    outer loop
      vertex 68.4919 94.35 10.6
      vertex 70.1955 93.9693 10.6
      vertex 68.7216 94.9047 10.6
    endloop
  endfacet
  facet normal 0 0 1
    outer loop
      vertex 68.1263 97.1263 10.6
      vertex 69.3284 98.3284 10.6
      vertex 68.7223 98.8259 10.6
    endloop
  endfacet
  facet normal 0 0 1
    outer loop
      vertex 70.4231 96.2804 10.6
      vertex 68.7216 96.0953 10.6
      vertex 68.8 95.5 10.6
    endloop
  endfacet
  facet normal 0 0 1
    outer loop
      vertex 70.1955 97.0307 10.6
      vertex 68.4919 96.65 10.6
      vertex 68.7216 96.0953 10.6
    endloop
  endfacet
  facet normal 0 0 1
    outer loop
      vertex 69.8259 97.7223 10.6
      vertex 68.1263 97.1263 10.6
      vertex 68.4919 96.65 10.6
    endloop
  endfacet
  facet normal 0 0 1
    outer loop
      vertex 67.65 97.4919 10.6
      vertex 68.7223 98.8259 10.6
      vertex 68.0307 99.1955 10.6
    endloop
  endfacet
  facet normal 0 0 1
    outer loop
      vertex 68.7223 98.8259 10.6
      vertex 67.65 97.4919 10.6
      vertex 68.1263 97.1263 10.6
    endloop
  endfacet
  facet normal 0 0 1
    outer loop
      vertex 67.0953 97.7216 10.6
      vertex 68.0307 99.1955 10.6
      vertex 67.2804 99.4231 10.6
    endloop
  endfacet
  facet normal 0 0 1
    outer loop
      vertex 68.0307 99.1955 10.6
      vertex 67.0953 97.7216 10.6
      vertex 67.65 97.4919 10.6
    endloop
  endfacet
  facet normal 0 0 1
    outer loop
      vertex 66.5 97.8 10.6
      vertex 67.2804 99.4231 10.6
      vertex 66.5 99.5 10.6
    endloop
  endfacet
  facet normal 0 0 1
    outer loop
      vertex 67.2804 99.4231 10.6
      vertex 66.5 97.8 10.6
      vertex 67.0953 97.7216 10.6
    endloop
  endfacet
  facet normal -0 0 1
    outer loop
      vertex 66 99.4508 10.6
      vertex 66.5 97.8 10.6
      vertex 66.5 99.5 10.6
    endloop
  endfacet
  facet normal 0 0 1
    outer loop
      vertex 66.5 97.8 10.6
      vertex 66 99.4508 10.6
      vertex 66 97.7342 10.6
    endloop
  endfacet
  facet normal 0 0 1
    outer loop
      vertex 70.1955 93.9693 10.6
      vertex 68.4919 94.35 10.6
      vertex 69.8259 93.2777 10.6
    endloop
  endfacet
  facet normal -0 0 1
    outer loop
      vertex 68.1263 93.8737 10.6
      vertex 69.8259 93.2777 10.6
      vertex 68.4919 94.35 10.6
    endloop
  endfacet
  facet normal 0 0 1
    outer loop
      vertex 69.8259 93.2777 10.6
      vertex 68.1263 93.8737 10.6
      vertex 69.3284 92.6716 10.6
    endloop
  endfacet
  facet normal 0 0 1
    outer loop
      vertex 69.3284 92.6716 10.6
      vertex 68.1263 93.8737 10.6
      vertex 68.7223 92.1741 10.6
    endloop
  endfacet
  facet normal -0 0 1
    outer loop
      vertex 67.65 93.5081 10.6
      vertex 68.7223 92.1741 10.6
      vertex 68.1263 93.8737 10.6
    endloop
  endfacet
  facet normal 0 0 1
    outer loop
      vertex 68.7223 92.1741 10.6
      vertex 67.65 93.5081 10.6
      vertex 68.0307 91.8045 10.6
    endloop
  endfacet
  facet normal -0 0 1
    outer loop
      vertex 67.0953 93.2784 10.6
      vertex 68.0307 91.8045 10.6
      vertex 67.65 93.5081 10.6
    endloop
  endfacet
  facet normal 0 0 1
    outer loop
      vertex 68.0307 91.8045 10.6
      vertex 67.0953 93.2784 10.6
      vertex 67.2804 91.5769 10.6
    endloop
  endfacet
  facet normal -0 0 1
    outer loop
      vertex 66.5 93.2 10.6
      vertex 67.2804 91.5769 10.6
      vertex 67.0953 93.2784 10.6
    endloop
  endfacet
  facet normal 0 0 1
    outer loop
      vertex 66.5 93.2 10.6
      vertex 66.5 91.5 10.6
      vertex 67.2804 91.5769 10.6
    endloop
  endfacet
  facet normal 0 0 1
    outer loop
      vertex 66 91.5492 10.6
      vertex 66.5 93.2 10.6
      vertex 66 93.2658 10.6
    endloop
  endfacet
  facet normal 0 0 1
    outer loop
      vertex 66.5 93.2 10.6
      vertex 66 91.5492 10.6
      vertex 66.5 91.5 10.6
    endloop
  endfacet
  facet normal 0 0 1
    outer loop
      vertex 65.9319 81.4824 10.6
      vertex 64 80 10.6
      vertex 65.732 81 10.6
    endloop
  endfacet
  facet normal 0 0 1
    outer loop
      vertex 65.732 81 10.6
      vertex 64 80 10.6
      vertex 65.4142 80.5858 10.6
    endloop
  endfacet
  facet normal 0 0 1
    outer loop
      vertex 65.4142 80.5858 10.6
      vertex 64 80 10.6
      vertex 65 80.268 10.6
    endloop
  endfacet
  facet normal 0 0 1
    outer loop
      vertex 65 80.268 10.6
      vertex 64 80 10.6
      vertex 64.5176 80.0681 10.6
    endloop
  endfacet
  facet normal -0 0 1
    outer loop
      vertex 61 84.268 10.6
      vertex 64 80 10.6
      vertex 61.4142 84.5858 10.6
    endloop
  endfacet
  facet normal -0 0 1
    outer loop
      vertex 60.5176 84.0681 10.6
      vertex 64 80 10.6
      vertex 61 84.268 10.6
    endloop
  endfacet
  facet normal -0 0 1
    outer loop
      vertex 60 84 10.6
      vertex 64 80 10.6
      vertex 60.5176 84.0681 10.6
    endloop
  endfacet
  facet normal -0 0 1
    outer loop
      vertex 19 84 10.6
      vertex 64 80 10.6
      vertex 60 84 10.6
    endloop
  endfacet
  facet normal 0 0 1
    outer loop
      vertex 19 84 10.6
      vertex 15 80 10.6
      vertex 64 80 10.6
    endloop
  endfacet
  facet normal 0 0 1
    outer loop
      vertex 18.4824 84.0681 10.6
      vertex 15 80 10.6
      vertex 19 84 10.6
    endloop
  endfacet
  facet normal 0 0 1
    outer loop
      vertex 18 84.268 10.6
      vertex 15 80 10.6
      vertex 18.4824 84.0681 10.6
    endloop
  endfacet
  facet normal 0 0 1
    outer loop
      vertex 17.5858 84.5858 10.6
      vertex 15 80 10.6
      vertex 18 84.268 10.6
    endloop
  endfacet
  facet normal 0 0 1
    outer loop
      vertex 13 82 10.6
      vertex 17.5858 84.5858 10.6
      vertex 17.2679 85 10.6
    endloop
  endfacet
  facet normal 0 0 1
    outer loop
      vertex 13 82 10.6
      vertex 17.2679 85 10.6
      vertex 17.0681 85.4824 10.6
    endloop
  endfacet
  facet normal 0 0 1
    outer loop
      vertex 13 82 10.6
      vertex 17.0681 85.4824 10.6
      vertex 17 86 10.6
    endloop
  endfacet
  facet normal 0 0 1
    outer loop
      vertex 17 97 10.6
      vertex 13 101 10.6
      vertex 17 86 10.6
    endloop
  endfacet
  facet normal 0 0 1
    outer loop
      vertex 13 101 10.6
      vertex 15 103 10.6
      vertex 14.4824 102.932 10.6
    endloop
  endfacet
  facet normal 0 0 1
    outer loop
      vertex 13 82 10.6
      vertex 17 86 10.6
      vertex 13 101 10.6
    endloop
  endfacet
  facet normal 0 0 1
    outer loop
      vertex 13 101 10.6
      vertex 14.4824 102.932 10.6
      vertex 14 102.732 10.6
    endloop
  endfacet
  facet normal 0 0 1
    outer loop
      vertex 17.5858 84.5858 10.6
      vertex 13 82 10.6
      vertex 15 80 10.6
    endloop
  endfacet
  facet normal 0 0 1
    outer loop
      vertex 13 101 10.6
      vertex 14 102.732 10.6
      vertex 13.5858 102.414 10.6
    endloop
  endfacet
  facet normal 0 0 1
    outer loop
      vertex 15 80 10.6
      vertex 13 82 10.6
      vertex 14.4824 80.0681 10.6
    endloop
  endfacet
  facet normal 0 0 1
    outer loop
      vertex 13 101 10.6
      vertex 13.5858 102.414 10.6
      vertex 13.2679 102 10.6
    endloop
  endfacet
  facet normal 0 0 1
    outer loop
      vertex 14.4824 80.0681 10.6
      vertex 13 82 10.6
      vertex 14 80.268 10.6
    endloop
  endfacet
  facet normal 0 0 1
    outer loop
      vertex 13 101 10.6
      vertex 13.2679 102 10.6
      vertex 13.0681 101.518 10.6
    endloop
  endfacet
  facet normal 0 0 1
    outer loop
      vertex 14 80.268 10.6
      vertex 13 82 10.6
      vertex 13.5858 80.5858 10.6
    endloop
  endfacet
  facet normal 0 0 1
    outer loop
      vertex 13.5858 80.5858 10.6
      vertex 13 82 10.6
      vertex 13.2679 81 10.6
    endloop
  endfacet
  facet normal 0 0 1
    outer loop
      vertex 13.2679 81 10.6
      vertex 13 82 10.6
      vertex 13.0681 81.4824 10.6
    endloop
  endfacet
  facet normal 0.956941 -0.290283 0
    outer loop
      vertex 70.1955 93.9693 10.6
      vertex 70.4231 94.7196 3
      vertex 70.4231 94.7196 10.6
    endloop
  endfacet
  facet normal 0.956941 -0.290283 0
    outer loop
      vertex 70.4231 94.7196 3
      vertex 70.1955 93.9693 10.6
      vertex 70.1955 93.9693 3
    endloop
  endfacet
  facet normal 0.772956 0.634459 0
    outer loop
      vertex 69.8259 97.7223 10.6
      vertex 69.3284 98.3284 7.6
      vertex 69.3284 98.3284 10.6
    endloop
  endfacet
  facet normal 0.772956 0.634459 0
    outer loop
      vertex 69.3284 98.3284 7.6
      vertex 69.8259 97.7223 10.6
      vertex 69.8259 97.7223 7.6
    endloop
  endfacet
  facet normal 0.772956 0.634459 0
    outer loop
      vertex 69.8259 97.7223 6.5
      vertex 69.3284 98.3284 4.1
      vertex 69.3284 98.3284 6.5
    endloop
  endfacet
  facet normal 0.772956 0.634459 0
    outer loop
      vertex 69.3284 98.3284 4.1
      vertex 69.8259 97.7223 6.5
      vertex 69.8259 97.7223 4.1
    endloop
  endfacet
  facet normal 0.634459 -0.772956 0
    outer loop
      vertex 68.7223 92.1741 3
      vertex 69.3284 92.6716 10.6
      vertex 68.7223 92.1741 10.6
    endloop
  endfacet
  facet normal 0.634459 -0.772956 0
    outer loop
      vertex 69.3284 92.6716 10.6
      vertex 68.7223 92.1741 3
      vertex 69.3284 92.6716 3
    endloop
  endfacet
  facet normal -0.097927 0.995194 0
    outer loop
      vertex 66.5 99.5 7.6
      vertex 66 99.4508 10.6
      vertex 66.5 99.5 10.6
    endloop
  endfacet
  facet normal -0.097927 0.995194 0
    outer loop
      vertex 66 99.4508 10.6
      vertex 66.5 99.5 7.6
      vertex 66 99.4508 7.6
    endloop
  endfacet
  facet normal -0.097927 0.995194 0
    outer loop
      vertex 66.5 99.5 4.1
      vertex 66 99.4508 6.5
      vertex 66.5 99.5 6.5
    endloop
  endfacet
  facet normal -0.097927 0.995194 0
    outer loop
      vertex 66 99.4508 6.5
      vertex 66.5 99.5 4.1
      vertex 66 99.4508 4.1
    endloop
  endfacet
  facet normal 0.881957 -0.471329 0
    outer loop
      vertex 69.8259 93.2777 10.6
      vertex 70.1955 93.9693 3
      vertex 70.1955 93.9693 10.6
    endloop
  endfacet
  facet normal 0.881957 -0.471329 0
    outer loop
      vertex 70.1955 93.9693 3
      vertex 69.8259 93.2777 10.6
      vertex 69.8259 93.2777 3
    endloop
  endfacet
  facet normal -0.923917 -0.382592 0
    outer loop
      vertex 68.7216 96.0953 4.11
      vertex 68.4919 96.65 6.5
      vertex 68.4919 96.65 4.11
    endloop
  endfacet
  facet normal -0.923917 -0.382592 0
    outer loop
      vertex 68.4919 96.65 6.5
      vertex 68.7216 96.0953 4.11
      vertex 68.7216 96.0953 6.5
    endloop
  endfacet
  facet normal -0.923917 -0.382592 0
    outer loop
      vertex 68.7216 96.0953 7.6
      vertex 68.4919 96.65 10.6
      vertex 68.4919 96.65 7.6
    endloop
  endfacet
  facet normal -0.923917 -0.382592 0
    outer loop
      vertex 68.4919 96.65 10.6
      vertex 68.7216 96.0953 7.6
      vertex 68.7216 96.0953 10.6
    endloop
  endfacet
  facet normal -0.991373 -0.131073 0
    outer loop
      vertex 68.7216 96.0953 4.11
      vertex 68.7342 96 6.5
      vertex 68.7216 96.0953 6.5
    endloop
  endfacet
  facet normal -0.991452 -0.130475 0
    outer loop
      vertex 68.7342 96 6.5
      vertex 68.8 95.5 4.11
      vertex 68.7342 96 7.6
    endloop
  endfacet
  facet normal -0.991439 -0.130571 2.03895e-05
    outer loop
      vertex 68.8 95.5 4.11
      vertex 68.7342 96 6.5
      vertex 68.7216 96.0953 4.11
    endloop
  endfacet
  facet normal -0.991373 -0.131073 0
    outer loop
      vertex 68.7342 96 7.6
      vertex 68.7216 96.0953 10.6
      vertex 68.7216 96.0953 7.6
    endloop
  endfacet
  facet normal -0.991452 -0.130475 -0
    outer loop
      vertex 68.8 95.5 10.6
      vertex 68.7342 96 7.6
      vertex 68.8 95.5 4.11
    endloop
  endfacet
  facet normal -0.991439 -0.130571 -1.62436e-05
    outer loop
      vertex 68.7342 96 7.6
      vertex 68.8 95.5 10.6
      vertex 68.7216 96.0953 10.6
    endloop
  endfacet
  facet normal -0.991439 0.130571 0
    outer loop
      vertex 68.7216 94.9047 4.11
      vertex 68.8 95.5 10.6
      vertex 68.8 95.5 4.11
    endloop
  endfacet
  facet normal -0.991439 0.130571 0
    outer loop
      vertex 68.8 95.5 10.6
      vertex 68.7216 94.9047 4.11
      vertex 68.7216 94.9047 10.6
    endloop
  endfacet
  facet normal -0.382592 0.923917 0
    outer loop
      vertex 67.65 93.5081 4.11
      vertex 67.0953 93.2784 10.6
      vertex 67.65 93.5081 10.6
    endloop
  endfacet
  facet normal -0.382592 0.923917 0
    outer loop
      vertex 67.0953 93.2784 10.6
      vertex 67.65 93.5081 4.11
      vertex 67.0953 93.2784 4.11
    endloop
  endfacet
  facet normal 0 0 1
    outer loop
      vertex 68.7216 96.0953 4.11
      vertex 68.7216 94.9047 4.11
      vertex 68.8 95.5 4.11
    endloop
  endfacet
  facet normal 0 0 1
    outer loop
      vertex 68.4919 96.65 4.11
      vertex 68.7216 94.9047 4.11
      vertex 68.7216 96.0953 4.11
    endloop
  endfacet
  facet normal 0 0 1
    outer loop
      vertex 68.4919 96.65 4.11
      vertex 68.4919 94.35 4.11
      vertex 68.7216 94.9047 4.11
    endloop
  endfacet
  facet normal 0 0 1
    outer loop
      vertex 68.1263 97.1263 4.11
      vertex 68.4919 94.35 4.11
      vertex 68.4919 96.65 4.11
    endloop
  endfacet
  facet normal 0 0 1
    outer loop
      vertex 68.1263 97.1263 4.11
      vertex 68.1263 93.8737 4.11
      vertex 68.4919 94.35 4.11
    endloop
  endfacet
  facet normal 0 0 1
    outer loop
      vertex 67.65 97.4919 4.11
      vertex 68.1263 93.8737 4.11
      vertex 68.1263 97.1263 4.11
    endloop
  endfacet
  facet normal 0 0 1
    outer loop
      vertex 67.65 97.4919 4.11
      vertex 67.65 93.5081 4.11
      vertex 68.1263 93.8737 4.11
    endloop
  endfacet
  facet normal 0 0 1
    outer loop
      vertex 67.0953 97.7216 4.11
      vertex 67.65 93.5081 4.11
      vertex 67.65 97.4919 4.11
    endloop
  endfacet
  facet normal 0 0 1
    outer loop
      vertex 67.0953 97.7216 4.11
      vertex 67.0953 93.2784 4.11
      vertex 67.65 93.5081 4.11
    endloop
  endfacet
  facet normal -0 0 1
    outer loop
      vertex 66 97.7342 4.11
      vertex 67.0953 97.7216 4.11
      vertex 66.5 97.8 4.11
    endloop
  endfacet
  facet normal 0 0 1
    outer loop
      vertex 67.0953 97.7216 4.11
      vertex 66 97.7342 4.11
      vertex 67.0953 93.2784 4.11
    endloop
  endfacet
  facet normal 0 0 1
    outer loop
      vertex 66 93.2658 4.11
      vertex 67.0953 93.2784 4.11
      vertex 66 97.7342 4.11
    endloop
  endfacet
  facet normal 0 0 1
    outer loop
      vertex 67.0953 93.2784 4.11
      vertex 66 93.2658 4.11
      vertex 66.5 93.2 4.11
    endloop
  endfacet
  facet normal -0.130571 0.991439 0
    outer loop
      vertex 67.0953 93.2784 4.11
      vertex 66.5 93.2 10.6
      vertex 67.0953 93.2784 10.6
    endloop
  endfacet
  facet normal -0.130571 0.991439 0
    outer loop
      vertex 66.5 93.2 10.6
      vertex 67.0953 93.2784 4.11
      vertex 66.5 93.2 4.11
    endloop
  endfacet
  facet normal 0.130475 -0.991452 0
    outer loop
      vertex 66 97.7342 4.11
      vertex 66.5 97.8 6.5
      vertex 66 97.7342 6.5
    endloop
  endfacet
  facet normal 0.130475 -0.991452 0
    outer loop
      vertex 66.5 97.8 6.5
      vertex 66 97.7342 4.11
      vertex 66.5 97.8 4.11
    endloop
  endfacet
  facet normal 0.130475 -0.991452 0
    outer loop
      vertex 66 97.7342 7.6
      vertex 66.5 97.8 10.6
      vertex 66 97.7342 10.6
    endloop
  endfacet
  facet normal 0.130475 -0.991452 0
    outer loop
      vertex 66.5 97.8 10.6
      vertex 66 97.7342 7.6
      vertex 66.5 97.8 7.6
    endloop
  endfacet
  facet normal -0.382592 -0.923917 0
    outer loop
      vertex 67.0953 97.7216 4.11
      vertex 67.65 97.4919 6.5
      vertex 67.0953 97.7216 6.5
    endloop
  endfacet
  facet normal -0.382592 -0.923917 -0
    outer loop
      vertex 67.65 97.4919 6.5
      vertex 67.0953 97.7216 4.11
      vertex 67.65 97.4919 4.11
    endloop
  endfacet
  facet normal -0.382592 -0.923917 0
    outer loop
      vertex 67.0953 97.7216 7.6
      vertex 67.65 97.4919 10.6
      vertex 67.0953 97.7216 10.6
    endloop
  endfacet
  facet normal -0.382592 -0.923917 -0
    outer loop
      vertex 67.65 97.4919 10.6
      vertex 67.0953 97.7216 7.6
      vertex 67.65 97.4919 7.6
    endloop
  endfacet
  facet normal -0.793255 0.608889 0
    outer loop
      vertex 68.1263 93.8737 4.11
      vertex 68.4919 94.35 10.6
      vertex 68.4919 94.35 4.11
    endloop
  endfacet
  facet normal -0.793255 0.608889 0
    outer loop
      vertex 68.4919 94.35 10.6
      vertex 68.1263 93.8737 4.11
      vertex 68.1263 93.8737 10.6
    endloop
  endfacet
  facet normal -0.923917 0.382592 0
    outer loop
      vertex 68.4919 94.35 4.11
      vertex 68.7216 94.9047 10.6
      vertex 68.7216 94.9047 4.11
    endloop
  endfacet
  facet normal -0.923917 0.382592 0
    outer loop
      vertex 68.7216 94.9047 10.6
      vertex 68.4919 94.35 4.11
      vertex 68.4919 94.35 10.6
    endloop
  endfacet
  facet normal -0.608889 0.793255 0
    outer loop
      vertex 68.1263 93.8737 4.11
      vertex 67.65 93.5081 10.6
      vertex 68.1263 93.8737 10.6
    endloop
  endfacet
  facet normal -0.608889 0.793255 0
    outer loop
      vertex 67.65 93.5081 10.6
      vertex 68.1263 93.8737 4.11
      vertex 67.65 93.5081 4.11
    endloop
  endfacet
  facet normal 0.130475 0.991452 -0
    outer loop
      vertex 66.5 93.2 4.11
      vertex 66 93.2658 10.6
      vertex 66.5 93.2 10.6
    endloop
  endfacet
  facet normal 0.130475 0.991452 0
    outer loop
      vertex 66 93.2658 10.6
      vertex 66.5 93.2 4.11
      vertex 66 93.2658 4.11
    endloop
  endfacet
  facet normal -0.608889 -0.793255 0
    outer loop
      vertex 67.65 97.4919 4.11
      vertex 68.1263 97.1263 6.5
      vertex 67.65 97.4919 6.5
    endloop
  endfacet
  facet normal -0.608889 -0.793255 -0
    outer loop
      vertex 68.1263 97.1263 6.5
      vertex 67.65 97.4919 4.11
      vertex 68.1263 97.1263 4.11
    endloop
  endfacet
  facet normal -0.608889 -0.793255 0
    outer loop
      vertex 67.65 97.4919 7.6
      vertex 68.1263 97.1263 10.6
      vertex 67.65 97.4919 10.6
    endloop
  endfacet
  facet normal -0.608889 -0.793255 -0
    outer loop
      vertex 68.1263 97.1263 10.6
      vertex 67.65 97.4919 7.6
      vertex 68.1263 97.1263 7.6
    endloop
  endfacet
  facet normal -0.793255 -0.608889 0
    outer loop
      vertex 68.4919 96.65 4.11
      vertex 68.1263 97.1263 6.5
      vertex 68.1263 97.1263 4.11
    endloop
  endfacet
  facet normal -0.793255 -0.608889 0
    outer loop
      vertex 68.1263 97.1263 6.5
      vertex 68.4919 96.65 4.11
      vertex 68.4919 96.65 6.5
    endloop
  endfacet
  facet normal -0.793255 -0.608889 0
    outer loop
      vertex 68.4919 96.65 7.6
      vertex 68.1263 97.1263 10.6
      vertex 68.1263 97.1263 7.6
    endloop
  endfacet
  facet normal -0.793255 -0.608889 0
    outer loop
      vertex 68.1263 97.1263 10.6
      vertex 68.4919 96.65 7.6
      vertex 68.4919 96.65 10.6
    endloop
  endfacet
  facet normal -0.130571 -0.991439 0
    outer loop
      vertex 66.5 97.8 4.11
      vertex 67.0953 97.7216 6.5
      vertex 66.5 97.8 6.5
    endloop
  endfacet
  facet normal -0.130571 -0.991439 -0
    outer loop
      vertex 67.0953 97.7216 6.5
      vertex 66.5 97.8 4.11
      vertex 67.0953 97.7216 4.11
    endloop
  endfacet
  facet normal -0.130571 -0.991439 0
    outer loop
      vertex 66.5 97.8 7.6
      vertex 67.0953 97.7216 10.6
      vertex 66.5 97.8 10.6
    endloop
  endfacet
  facet normal -0.130571 -0.991439 -0
    outer loop
      vertex 67.0953 97.7216 10.6
      vertex 66.5 97.8 7.6
      vertex 67.0953 97.7216 7.6
    endloop
  endfacet
  facet normal -0.471648 0.881787 0
    outer loop
      vertex 122.969 99.1955 3
      vertex 122.278 98.8259 10.6
      vertex 122.969 99.1955 10.6
    endloop
  endfacet
  facet normal -0.471648 0.881787 0
    outer loop
      vertex 122.278 98.8259 10.6
      vertex 122.969 99.1955 3
      vertex 122.278 98.8259 3
    endloop
  endfacet
  facet normal 0.471648 0.881787 -0
    outer loop
      vertex 126.722 98.8259 7.6
      vertex 126.031 99.1955 10.6
      vertex 126.722 98.8259 10.6
    endloop
  endfacet
  facet normal 0.471648 0.881787 0
    outer loop
      vertex 126.031 99.1955 10.6
      vertex 126.722 98.8259 7.6
      vertex 126.031 99.1955 7.6
    endloop
  endfacet
  facet normal 0.957153 0.289582 0
    outer loop
      vertex 128.423 96.2804 10.6
      vertex 128.196 97.0307 7.6
      vertex 128.196 97.0307 10.6
    endloop
  endfacet
  facet normal 0.957153 0.289582 0
    outer loop
      vertex 128.196 97.0307 7.6
      vertex 128.423 96.2804 10.6
      vertex 128.423 96.2804 7.6
    endloop
  endfacet
  facet normal 0.957153 0.289582 0
    outer loop
      vertex 128.423 96.2804 6.5
      vertex 128.196 97.0307 4.1
      vertex 128.196 97.0307 6.5
    endloop
  endfacet
  facet normal 0.957153 0.289582 0
    outer loop
      vertex 128.196 97.0307 4.1
      vertex 128.423 96.2804 6.5
      vertex 128.423 96.2804 4.1
    endloop
  endfacet
  facet normal 0.995051 0.0993632 0
    outer loop
      vertex 128.423 96.2804 10.6
      vertex 128.451 96 7.6
      vertex 128.423 96.2804 7.6
    endloop
  endfacet
  facet normal 0.995232 0.0975328 0
    outer loop
      vertex 128.5 95.5 10.6
      vertex 128.451 96 6.5
      vertex 128.451 96 7.6
    endloop
  endfacet
  facet normal 0.995232 0.0975328 0
    outer loop
      vertex 128.451 96 6.5
      vertex 128.5 95.5 3
      vertex 128.451 96 4.1
    endloop
  endfacet
  facet normal 0.995168 0.0981906 0.000110688
    outer loop
      vertex 128.5 95.5 10.6
      vertex 128.451 96 7.6
      vertex 128.423 96.2804 10.6
    endloop
  endfacet
  facet normal 0.995232 0.0975328 0
    outer loop
      vertex 128.451 96 6.5
      vertex 128.5 95.5 10.6
      vertex 128.5 95.5 3
    endloop
  endfacet
  facet normal 0.995232 0.0975328 0
    outer loop
      vertex 128.451 96 4.1
      vertex 128.5 95.5 3
      vertex 128.451 96 3
    endloop
  endfacet
  facet normal 0.995051 0.0993632 0
    outer loop
      vertex 128.451 96 6.5
      vertex 128.423 96.2804 4.1
      vertex 128.423 96.2804 6.5
    endloop
  endfacet
  facet normal 0.995051 0.0993632 0
    outer loop
      vertex 128.423 96.2804 4.1
      vertex 128.451 96 6.5
      vertex 128.451 96 4.1
    endloop
  endfacet
  facet normal 0.881745 0.471726 0
    outer loop
      vertex 128.196 97.0307 10.6
      vertex 127.826 97.7223 7.6
      vertex 127.826 97.7223 10.6
    endloop
  endfacet
  facet normal 0.881745 0.471726 0
    outer loop
      vertex 127.826 97.7223 7.6
      vertex 128.196 97.0307 10.6
      vertex 128.196 97.0307 7.6
    endloop
  endfacet
  facet normal 0.881444 0.472288 0
    outer loop
      vertex 128.196 97.0307 6.5
      vertex 128 97.3965 4.1
      vertex 128 97.3965 6.5
    endloop
  endfacet
  facet normal 0.881444 0.472288 0
    outer loop
      vertex 128 97.3965 4.1
      vertex 128.196 97.0307 6.5
      vertex 128.196 97.0307 4.1
    endloop
  endfacet
  facet normal 0.0981141 0.995175 -0
    outer loop
      vertex 125.28 99.4231 3
      vertex 124.5 99.5 10.6
      vertex 125.28 99.4231 10.6
    endloop
  endfacet
  facet normal 0.0981141 0.995175 0
    outer loop
      vertex 124.5 99.5 10.6
      vertex 125.28 99.4231 3
      vertex 124.5 99.5 3
    endloop
  endfacet
  facet normal 0.0981141 -0.995175 0
    outer loop
      vertex 124.5 91.5 3
      vertex 125.28 91.5769 10.6
      vertex 124.5 91.5 10.6
    endloop
  endfacet
  facet normal 0.0981141 -0.995175 0
    outer loop
      vertex 125.28 91.5769 10.6
      vertex 124.5 91.5 3
      vertex 125.28 91.5769 3
    endloop
  endfacet
  facet normal 0.287348 0.957826 0
    outer loop
      vertex 126 99.2048 7.6
      vertex 126.031 99.1955 10.6
      vertex 126.031 99.1955 7.6
    endloop
  endfacet
  facet normal 0.290036 0.957016 -3.02864e-05
    outer loop
      vertex 126.031 99.1955 10.6
      vertex 126 99.2048 7.6
      vertex 125.28 99.4231 10.6
    endloop
  endfacet
  facet normal 0.290151 0.956981 0
    outer loop
      vertex 125.28 99.4231 3
      vertex 126 99.2048 7.6
      vertex 126 99.2048 3
    endloop
  endfacet
  facet normal 0.290151 0.956981 0
    outer loop
      vertex 126 99.2048 7.6
      vertex 125.28 99.4231 3
      vertex 125.28 99.4231 10.6
    endloop
  endfacet
  facet normal 0.634522 0.772905 -0
    outer loop
      vertex 127.328 98.3284 7.6
      vertex 126.722 98.8259 10.6
      vertex 127.328 98.3284 10.6
    endloop
  endfacet
  facet normal 0.634522 0.772905 0
    outer loop
      vertex 126.722 98.8259 10.6
      vertex 127.328 98.3284 7.6
      vertex 126.722 98.8259 7.6
    endloop
  endfacet
  facet normal 0.772644 -0.63484 0
    outer loop
      vertex 127.328 92.6716 10.6
      vertex 127.826 93.2777 3
      vertex 127.826 93.2777 10.6
    endloop
  endfacet
  facet normal 0.772644 -0.63484 0
    outer loop
      vertex 127.826 93.2777 3
      vertex 127.328 92.6716 10.6
      vertex 127.328 92.6716 3
    endloop
  endfacet
  facet normal -0.634522 0.772905 0
    outer loop
      vertex 122.278 98.8259 3
      vertex 121.672 98.3284 10.6
      vertex 122.278 98.8259 10.6
    endloop
  endfacet
  facet normal -0.634522 0.772905 0
    outer loop
      vertex 121.672 98.3284 10.6
      vertex 122.278 98.8259 3
      vertex 121.672 98.3284 3
    endloop
  endfacet
  facet normal 0.471648 -0.881787 0
    outer loop
      vertex 126.031 91.8045 3
      vertex 126.722 92.1741 10.6
      vertex 126.031 91.8045 10.6
    endloop
  endfacet
  facet normal 0.471648 -0.881787 0
    outer loop
      vertex 126.722 92.1741 10.6
      vertex 126.031 91.8045 3
      vertex 126.722 92.1741 3
    endloop
  endfacet
  facet normal -0.881745 -0.471726 0
    outer loop
      vertex 121.174 93.2777 3
      vertex 120.804 93.9693 10.6
      vertex 120.804 93.9693 3
    endloop
  endfacet
  facet normal -0.881745 -0.471726 0
    outer loop
      vertex 120.804 93.9693 10.6
      vertex 121.174 93.2777 3
      vertex 121.174 93.2777 10.6
    endloop
  endfacet
  facet normal 0.995168 -0.0981906 0
    outer loop
      vertex 128.423 94.7196 10.6
      vertex 128.5 95.5 3
      vertex 128.5 95.5 10.6
    endloop
  endfacet
  facet normal 0.995168 -0.0981906 0
    outer loop
      vertex 128.5 95.5 3
      vertex 128.423 94.7196 10.6
      vertex 128.423 94.7196 3
    endloop
  endfacet
  facet normal -0.290036 0.957016 0
    outer loop
      vertex 123.72 99.4231 3
      vertex 122.969 99.1955 10.6
      vertex 123.72 99.4231 10.6
    endloop
  endfacet
  facet normal -0.290036 0.957016 0
    outer loop
      vertex 122.969 99.1955 10.6
      vertex 123.72 99.4231 3
      vertex 122.969 99.1955 3
    endloop
  endfacet
  facet normal -0.0981141 -0.995175 0
    outer loop
      vertex 123.72 91.5769 3
      vertex 124.5 91.5 10.6
      vertex 123.72 91.5769 10.6
    endloop
  endfacet
  facet normal -0.0981141 -0.995175 -0
    outer loop
      vertex 124.5 91.5 10.6
      vertex 123.72 91.5769 3
      vertex 124.5 91.5 3
    endloop
  endfacet
  facet normal -0.881745 0.471726 0
    outer loop
      vertex 120.804 97.0307 3
      vertex 121.174 97.7223 10.6
      vertex 121.174 97.7223 3
    endloop
  endfacet
  facet normal -0.881745 0.471726 0
    outer loop
      vertex 121.174 97.7223 10.6
      vertex 120.804 97.0307 3
      vertex 120.804 97.0307 10.6
    endloop
  endfacet
  facet normal 0.290036 -0.957016 0
    outer loop
      vertex 125.28 91.5769 3
      vertex 126.031 91.8045 10.6
      vertex 125.28 91.5769 10.6
    endloop
  endfacet
  facet normal 0.290036 -0.957016 0
    outer loop
      vertex 126.031 91.8045 10.6
      vertex 125.28 91.5769 3
      vertex 126.031 91.8045 3
    endloop
  endfacet
  facet normal 0 0 1
    outer loop
      vertex 126.8 95.5 10.6
      vertex 128.5 95.5 10.6
      vertex 128.423 96.2804 10.6
    endloop
  endfacet
  facet normal 0 0 1
    outer loop
      vertex 126.722 96.0953 10.6
      vertex 128.423 96.2804 10.6
      vertex 128.196 97.0307 10.6
    endloop
  endfacet
  facet normal 0 0 1
    outer loop
      vertex 128.5 95.5 10.6
      vertex 126.8 95.5 10.6
      vertex 128.423 94.7196 10.6
    endloop
  endfacet
  facet normal 0 0 1
    outer loop
      vertex 126.492 96.65 10.6
      vertex 128.196 97.0307 10.6
      vertex 127.826 97.7223 10.6
    endloop
  endfacet
  facet normal -0 0 1
    outer loop
      vertex 126.722 94.9047 10.6
      vertex 128.423 94.7196 10.6
      vertex 126.8 95.5 10.6
    endloop
  endfacet
  facet normal 0 0 1
    outer loop
      vertex 126.126 97.1263 10.6
      vertex 127.826 97.7223 10.6
      vertex 127.328 98.3284 10.6
    endloop
  endfacet
  facet normal 0 0 1
    outer loop
      vertex 128.423 94.7196 10.6
      vertex 126.722 94.9047 10.6
      vertex 128.196 93.9693 10.6
    endloop
  endfacet
  facet normal -0 0 1
    outer loop
      vertex 126.492 94.35 10.6
      vertex 128.196 93.9693 10.6
      vertex 126.722 94.9047 10.6
    endloop
  endfacet
  facet normal 0 0 1
    outer loop
      vertex 126.126 97.1263 10.6
      vertex 127.328 98.3284 10.6
      vertex 126.722 98.8259 10.6
    endloop
  endfacet
  facet normal 0 0 1
    outer loop
      vertex 128.423 96.2804 10.6
      vertex 126.722 96.0953 10.6
      vertex 126.8 95.5 10.6
    endloop
  endfacet
  facet normal 0 0 1
    outer loop
      vertex 128.196 97.0307 10.6
      vertex 126.492 96.65 10.6
      vertex 126.722 96.0953 10.6
    endloop
  endfacet
  facet normal 0 0 1
    outer loop
      vertex 127.826 97.7223 10.6
      vertex 126.126 97.1263 10.6
      vertex 126.492 96.65 10.6
    endloop
  endfacet
  facet normal 0 0 1
    outer loop
      vertex 125.65 97.4919 10.6
      vertex 126.722 98.8259 10.6
      vertex 126.031 99.1955 10.6
    endloop
  endfacet
  facet normal 0 0 1
    outer loop
      vertex 126.722 98.8259 10.6
      vertex 125.65 97.4919 10.6
      vertex 126.126 97.1263 10.6
    endloop
  endfacet
  facet normal 0 0 1
    outer loop
      vertex 125.095 97.7216 10.6
      vertex 126.031 99.1955 10.6
      vertex 125.28 99.4231 10.6
    endloop
  endfacet
  facet normal 0 0 1
    outer loop
      vertex 126.031 99.1955 10.6
      vertex 125.095 97.7216 10.6
      vertex 125.65 97.4919 10.6
    endloop
  endfacet
  facet normal 0 0 1
    outer loop
      vertex 124.5 97.8 10.6
      vertex 125.28 99.4231 10.6
      vertex 124.5 99.5 10.6
    endloop
  endfacet
  facet normal 0 0 1
    outer loop
      vertex 125.28 99.4231 10.6
      vertex 124.5 97.8 10.6
      vertex 125.095 97.7216 10.6
    endloop
  endfacet
  facet normal -0 0 1
    outer loop
      vertex 123.72 99.4231 10.6
      vertex 124.5 97.8 10.6
      vertex 124.5 99.5 10.6
    endloop
  endfacet
  facet normal 0 0 1
    outer loop
      vertex 124.5 97.8 10.6
      vertex 123.72 99.4231 10.6
      vertex 123.905 97.7216 10.6
    endloop
  endfacet
  facet normal -0 0 1
    outer loop
      vertex 122.969 99.1955 10.6
      vertex 123.905 97.7216 10.6
      vertex 123.72 99.4231 10.6
    endloop
  endfacet
  facet normal 0 0 1
    outer loop
      vertex 123.905 97.7216 10.6
      vertex 122.969 99.1955 10.6
      vertex 123.35 97.4919 10.6
    endloop
  endfacet
  facet normal -0 0 1
    outer loop
      vertex 122.278 98.8259 10.6
      vertex 123.35 97.4919 10.6
      vertex 122.969 99.1955 10.6
    endloop
  endfacet
  facet normal 0 0 1
    outer loop
      vertex 123.35 97.4919 10.6
      vertex 122.278 98.8259 10.6
      vertex 122.874 97.1263 10.6
    endloop
  endfacet
  facet normal -0 0 1
    outer loop
      vertex 121.672 98.3284 10.6
      vertex 122.874 97.1263 10.6
      vertex 122.278 98.8259 10.6
    endloop
  endfacet
  facet normal -0 0 1
    outer loop
      vertex 121.174 97.7223 10.6
      vertex 122.874 97.1263 10.6
      vertex 121.672 98.3284 10.6
    endloop
  endfacet
  facet normal 0 0 1
    outer loop
      vertex 122.874 97.1263 10.6
      vertex 121.174 97.7223 10.6
      vertex 122.508 96.65 10.6
    endloop
  endfacet
  facet normal -0 0 1
    outer loop
      vertex 120.804 97.0307 10.6
      vertex 122.508 96.65 10.6
      vertex 121.174 97.7223 10.6
    endloop
  endfacet
  facet normal 0 0 1
    outer loop
      vertex 128.196 93.9693 10.6
      vertex 126.492 94.35 10.6
      vertex 127.826 93.2777 10.6
    endloop
  endfacet
  facet normal -0 0 1
    outer loop
      vertex 126.126 93.8737 10.6
      vertex 127.826 93.2777 10.6
      vertex 126.492 94.35 10.6
    endloop
  endfacet
  facet normal 0 0 1
    outer loop
      vertex 127.826 93.2777 10.6
      vertex 126.126 93.8737 10.6
      vertex 127.328 92.6716 10.6
    endloop
  endfacet
  facet normal 0 0 1
    outer loop
      vertex 127.328 92.6716 10.6
      vertex 126.126 93.8737 10.6
      vertex 126.722 92.1741 10.6
    endloop
  endfacet
  facet normal -0 0 1
    outer loop
      vertex 125.65 93.5081 10.6
      vertex 126.722 92.1741 10.6
      vertex 126.126 93.8737 10.6
    endloop
  endfacet
  facet normal 0 0 1
    outer loop
      vertex 126.722 92.1741 10.6
      vertex 125.65 93.5081 10.6
      vertex 126.031 91.8045 10.6
    endloop
  endfacet
  facet normal -0 0 1
    outer loop
      vertex 125.095 93.2784 10.6
      vertex 126.031 91.8045 10.6
      vertex 125.65 93.5081 10.6
    endloop
  endfacet
  facet normal 0 0 1
    outer loop
      vertex 126.031 91.8045 10.6
      vertex 125.095 93.2784 10.6
      vertex 125.28 91.5769 10.6
    endloop
  endfacet
  facet normal -0 0 1
    outer loop
      vertex 124.5 93.2 10.6
      vertex 125.28 91.5769 10.6
      vertex 125.095 93.2784 10.6
    endloop
  endfacet
  facet normal 0 0 1
    outer loop
      vertex 124.5 93.2 10.6
      vertex 124.5 91.5 10.6
      vertex 125.28 91.5769 10.6
    endloop
  endfacet
  facet normal 0 0 1
    outer loop
      vertex 123.72 91.5769 10.6
      vertex 124.5 93.2 10.6
      vertex 123.905 93.2784 10.6
    endloop
  endfacet
  facet normal 0 0 1
    outer loop
      vertex 124.5 93.2 10.6
      vertex 123.72 91.5769 10.6
      vertex 124.5 91.5 10.6
    endloop
  endfacet
  facet normal 0 0 1
    outer loop
      vertex 122.969 91.8045 10.6
      vertex 123.905 93.2784 10.6
      vertex 123.35 93.5081 10.6
    endloop
  endfacet
  facet normal 0 0 1
    outer loop
      vertex 123.905 93.2784 10.6
      vertex 122.969 91.8045 10.6
      vertex 123.72 91.5769 10.6
    endloop
  endfacet
  facet normal 0 0 1
    outer loop
      vertex 122.278 92.1741 10.6
      vertex 123.35 93.5081 10.6
      vertex 122.874 93.8737 10.6
    endloop
  endfacet
  facet normal 0 0 1
    outer loop
      vertex 121.174 93.2777 10.6
      vertex 122.874 93.8737 10.6
      vertex 122.508 94.35 10.6
    endloop
  endfacet
  facet normal 0 0 1
    outer loop
      vertex 120.804 93.9693 10.6
      vertex 122.508 94.35 10.6
      vertex 122.278 94.9047 10.6
    endloop
  endfacet
  facet normal 0 0 1
    outer loop
      vertex 123.35 93.5081 10.6
      vertex 122.278 92.1741 10.6
      vertex 122.969 91.8045 10.6
    endloop
  endfacet
  facet normal 0 0 1
    outer loop
      vertex 120.577 94.7196 10.6
      vertex 122.278 94.9047 10.6
      vertex 122.2 95.5 10.6
    endloop
  endfacet
  facet normal 0 0 1
    outer loop
      vertex 122.508 96.65 10.6
      vertex 120.804 97.0307 10.6
      vertex 122.278 96.0953 10.6
    endloop
  endfacet
  facet normal 0 0 1
    outer loop
      vertex 122.874 93.8737 10.6
      vertex 121.672 92.6716 10.6
      vertex 122.278 92.1741 10.6
    endloop
  endfacet
  facet normal -0 0 1
    outer loop
      vertex 120.577 96.2804 10.6
      vertex 122.278 96.0953 10.6
      vertex 120.804 97.0307 10.6
    endloop
  endfacet
  facet normal 0 0 1
    outer loop
      vertex 122.874 93.8737 10.6
      vertex 121.174 93.2777 10.6
      vertex 121.672 92.6716 10.6
    endloop
  endfacet
  facet normal 0 0 1
    outer loop
      vertex 122.278 96.0953 10.6
      vertex 120.577 96.2804 10.6
      vertex 122.2 95.5 10.6
    endloop
  endfacet
  facet normal 0 0 1
    outer loop
      vertex 122.508 94.35 10.6
      vertex 120.804 93.9693 10.6
      vertex 121.174 93.2777 10.6
    endloop
  endfacet
  facet normal 0 0 1
    outer loop
      vertex 120.5 95.5 10.6
      vertex 122.2 95.5 10.6
      vertex 120.577 96.2804 10.6
    endloop
  endfacet
  facet normal 0 0 1
    outer loop
      vertex 122.278 94.9047 10.6
      vertex 120.577 94.7196 10.6
      vertex 120.804 93.9693 10.6
    endloop
  endfacet
  facet normal 0 0 1
    outer loop
      vertex 122.2 95.5 10.6
      vertex 120.5 95.5 10.6
      vertex 120.577 94.7196 10.6
    endloop
  endfacet
  facet normal -0.290036 -0.957016 0
    outer loop
      vertex 122.969 91.8045 3
      vertex 123.72 91.5769 10.6
      vertex 122.969 91.8045 10.6
    endloop
  endfacet
  facet normal -0.290036 -0.957016 -0
    outer loop
      vertex 123.72 91.5769 10.6
      vertex 122.969 91.8045 3
      vertex 123.72 91.5769 3
    endloop
  endfacet
  facet normal 0.957153 -0.289582 0
    outer loop
      vertex 128.196 93.9693 10.6
      vertex 128.423 94.7196 3
      vertex 128.423 94.7196 10.6
    endloop
  endfacet
  facet normal 0.957153 -0.289582 0
    outer loop
      vertex 128.423 94.7196 3
      vertex 128.196 93.9693 10.6
      vertex 128.196 93.9693 3
    endloop
  endfacet
  facet normal 0.772644 0.63484 0
    outer loop
      vertex 127.826 97.7223 10.6
      vertex 127.328 98.3284 7.6
      vertex 127.328 98.3284 10.6
    endloop
  endfacet
  facet normal 0.772644 0.63484 0
    outer loop
      vertex 127.328 98.3284 7.6
      vertex 127.826 97.7223 10.6
      vertex 127.826 97.7223 7.6
    endloop
  endfacet
  facet normal -0.995168 0.0981906 0
    outer loop
      vertex 120.5 95.5 3
      vertex 120.577 96.2804 10.6
      vertex 120.577 96.2804 3
    endloop
  endfacet
  facet normal -0.995168 0.0981906 0
    outer loop
      vertex 120.577 96.2804 10.6
      vertex 120.5 95.5 3
      vertex 120.5 95.5 10.6
    endloop
  endfacet
  facet normal 0.634522 -0.772905 0
    outer loop
      vertex 126.722 92.1741 3
      vertex 127.328 92.6716 10.6
      vertex 126.722 92.1741 10.6
    endloop
  endfacet
  facet normal 0.634522 -0.772905 0
    outer loop
      vertex 127.328 92.6716 10.6
      vertex 126.722 92.1741 3
      vertex 127.328 92.6716 3
    endloop
  endfacet
  facet normal -0.634522 -0.772905 0
    outer loop
      vertex 121.672 92.6716 3
      vertex 122.278 92.1741 10.6
      vertex 121.672 92.6716 10.6
    endloop
  endfacet
  facet normal -0.634522 -0.772905 -0
    outer loop
      vertex 122.278 92.1741 10.6
      vertex 121.672 92.6716 3
      vertex 122.278 92.1741 3
    endloop
  endfacet
  facet normal -0.0981141 0.995175 0
    outer loop
      vertex 124.5 99.5 3
      vertex 123.72 99.4231 10.6
      vertex 124.5 99.5 10.6
    endloop
  endfacet
  facet normal -0.0981141 0.995175 0
    outer loop
      vertex 123.72 99.4231 10.6
      vertex 124.5 99.5 3
      vertex 123.72 99.4231 3
    endloop
  endfacet
  facet normal 0.881745 -0.471726 0
    outer loop
      vertex 127.826 93.2777 10.6
      vertex 128.196 93.9693 3
      vertex 128.196 93.9693 10.6
    endloop
  endfacet
  facet normal 0.881745 -0.471726 0
    outer loop
      vertex 128.196 93.9693 3
      vertex 127.826 93.2777 10.6
      vertex 127.826 93.2777 3
    endloop
  endfacet
  facet normal -0.957153 -0.289582 0
    outer loop
      vertex 120.804 93.9693 3
      vertex 120.577 94.7196 10.6
      vertex 120.577 94.7196 3
    endloop
  endfacet
  facet normal -0.957153 -0.289582 0
    outer loop
      vertex 120.577 94.7196 10.6
      vertex 120.804 93.9693 3
      vertex 120.804 93.9693 10.6
    endloop
  endfacet
  facet normal -0.995168 -0.0981906 0
    outer loop
      vertex 120.577 94.7196 3
      vertex 120.5 95.5 10.6
      vertex 120.5 95.5 3
    endloop
  endfacet
  facet normal -0.995168 -0.0981906 0
    outer loop
      vertex 120.5 95.5 10.6
      vertex 120.577 94.7196 3
      vertex 120.577 94.7196 10.6
    endloop
  endfacet
  facet normal -0.772644 -0.63484 0
    outer loop
      vertex 121.672 92.6716 3
      vertex 121.174 93.2777 10.6
      vertex 121.174 93.2777 3
    endloop
  endfacet
  facet normal -0.772644 -0.63484 0
    outer loop
      vertex 121.174 93.2777 10.6
      vertex 121.672 92.6716 3
      vertex 121.672 92.6716 10.6
    endloop
  endfacet
  facet normal -0.772644 0.63484 0
    outer loop
      vertex 121.174 97.7223 3
      vertex 121.672 98.3284 10.6
      vertex 121.672 98.3284 3
    endloop
  endfacet
  facet normal -0.772644 0.63484 0
    outer loop
      vertex 121.672 98.3284 10.6
      vertex 121.174 97.7223 3
      vertex 121.174 97.7223 10.6
    endloop
  endfacet
  facet normal -0.957153 0.289582 0
    outer loop
      vertex 120.577 96.2804 3
      vertex 120.804 97.0307 10.6
      vertex 120.804 97.0307 3
    endloop
  endfacet
  facet normal -0.957153 0.289582 0
    outer loop
      vertex 120.804 97.0307 10.6
      vertex 120.577 96.2804 3
      vertex 120.577 96.2804 10.6
    endloop
  endfacet
  facet normal -0.471648 -0.881787 0
    outer loop
      vertex 122.278 92.1741 3
      vertex 122.969 91.8045 10.6
      vertex 122.278 92.1741 10.6
    endloop
  endfacet
  facet normal -0.471648 -0.881787 -0
    outer loop
      vertex 122.969 91.8045 10.6
      vertex 122.278 92.1741 3
      vertex 122.969 91.8045 3
    endloop
  endfacet
  facet normal -0.924225 -0.381849 0
    outer loop
      vertex 126.644 96.2821 7.6
      vertex 126.492 96.65 10.6
      vertex 126.492 96.65 7.6
    endloop
  endfacet
  facet normal -0.923741 -0.383018 0.000167973
    outer loop
      vertex 126.644 96.2821 7.6
      vertex 126.722 96.0953 10.6
      vertex 126.492 96.65 10.6
    endloop
  endfacet
  facet normal -0.922784 -0.385317 -0
    outer loop
      vertex 126.722 96.0953 10.6
      vertex 126.644 96.2821 7.6
      vertex 126.722 96.0953 4.11
    endloop
  endfacet
  facet normal -0.922784 -0.385317 0
    outer loop
      vertex 126.644 96.2821 4.11
      vertex 126.722 96.0953 4.11
      vertex 126.644 96.2821 7.6
    endloop
  endfacet
  facet normal -0.991525 -0.129916 0
    outer loop
      vertex 126.8 95.5 4.11
      vertex 126.722 96.0953 10.6
      vertex 126.722 96.0953 4.11
    endloop
  endfacet
  facet normal -0.991525 -0.129916 0
    outer loop
      vertex 126.722 96.0953 10.6
      vertex 126.8 95.5 4.11
      vertex 126.8 95.5 10.6
    endloop
  endfacet
  facet normal -0.991525 0.129916 0
    outer loop
      vertex 126.722 94.9047 4.11
      vertex 126.8 95.5 10.6
      vertex 126.8 95.5 4.11
    endloop
  endfacet
  facet normal -0.991525 0.129916 0
    outer loop
      vertex 126.8 95.5 10.6
      vertex 126.722 94.9047 4.11
      vertex 126.722 94.9047 10.6
    endloop
  endfacet
  facet normal -0.382416 0.92399 0
    outer loop
      vertex 125.65 93.5081 4.11
      vertex 125.095 93.2784 10.6
      vertex 125.65 93.5081 10.6
    endloop
  endfacet
  facet normal -0.382416 0.92399 0
    outer loop
      vertex 125.095 93.2784 10.6
      vertex 125.65 93.5081 4.11
      vertex 125.095 93.2784 4.11
    endloop
  endfacet
  facet normal 0 0 1
    outer loop
      vertex 126.439 96.4393 4.11
      vertex 126.8 95.5 4.11
      vertex 126.722 96.0953 4.11
    endloop
  endfacet
  facet normal 0 0 1
    outer loop
      vertex 126.439 96.4393 4.11
      vertex 126.722 96.0953 4.11
      vertex 126.644 96.2821 4.11
    endloop
  endfacet
  facet normal 0 0 1
    outer loop
      vertex 126.8 95.5 4.11
      vertex 126.439 96.4393 4.11
      vertex 126.722 94.9047 4.11
    endloop
  endfacet
  facet normal 0 0 1
    outer loop
      vertex 126.722 94.9047 4.11
      vertex 126.439 96.4393 4.11
      vertex 126.492 94.35 4.11
    endloop
  endfacet
  facet normal 0 0 1
    outer loop
      vertex 126.201 96.75 4.11
      vertex 126.492 94.35 4.11
      vertex 126.439 96.4393 4.11
    endloop
  endfacet
  facet normal 0 0 1
    outer loop
      vertex 126.201 96.75 4.11
      vertex 126.126 93.8737 4.11
      vertex 126.492 94.35 4.11
    endloop
  endfacet
  facet normal 0 0 1
    outer loop
      vertex 125.65 97.4919 4.11
      vertex 126.201 96.75 4.11
      vertex 126.051 97.1118 4.11
    endloop
  endfacet
  facet normal 0 0 1
    outer loop
      vertex 125.65 97.4919 4.11
      vertex 126.051 97.1118 4.11
      vertex 126.041 97.1922 4.11
    endloop
  endfacet
  facet normal 0 0 1
    outer loop
      vertex 126.201 96.75 4.11
      vertex 125.65 97.4919 4.11
      vertex 125.095 97.7216 4.11
    endloop
  endfacet
  facet normal 0 0 1
    outer loop
      vertex 126.201 96.75 4.11
      vertex 125.65 93.5081 4.11
      vertex 126.126 93.8737 4.11
    endloop
  endfacet
  facet normal 0 0 1
    outer loop
      vertex 126.201 96.75 4.11
      vertex 125.095 97.7216 4.11
      vertex 124.5 97.8 4.11
    endloop
  endfacet
  facet normal 0 0 1
    outer loop
      vertex 126.201 96.75 4.11
      vertex 125.095 93.2784 4.11
      vertex 125.65 93.5081 4.11
    endloop
  endfacet
  facet normal 0 0 1
    outer loop
      vertex 126.201 96.75 4.11
      vertex 124.5 97.8 4.11
      vertex 123.905 97.7216 4.11
    endloop
  endfacet
  facet normal 0 0 1
    outer loop
      vertex 126.201 96.75 4.11
      vertex 124.5 93.2 4.11
      vertex 125.095 93.2784 4.11
    endloop
  endfacet
  facet normal 0 0 1
    outer loop
      vertex 126.201 96.75 4.11
      vertex 123.905 97.7216 4.11
      vertex 123.35 97.4919 4.11
    endloop
  endfacet
  facet normal 0 0 1
    outer loop
      vertex 126.201 96.75 4.11
      vertex 123.905 93.2784 4.11
      vertex 124.5 93.2 4.11
    endloop
  endfacet
  facet normal 0 0 1
    outer loop
      vertex 126.201 96.75 4.11
      vertex 123.35 97.4919 4.11
      vertex 122.874 97.1263 4.11
    endloop
  endfacet
  facet normal 0 0 1
    outer loop
      vertex 126.201 96.75 4.11
      vertex 123.35 93.5081 4.11
      vertex 123.905 93.2784 4.11
    endloop
  endfacet
  facet normal 0 0 1
    outer loop
      vertex 126.201 96.75 4.11
      vertex 122.874 97.1263 4.11
      vertex 122.508 96.65 4.11
    endloop
  endfacet
  facet normal 0 0 1
    outer loop
      vertex 126.201 96.75 4.11
      vertex 122.874 93.8737 4.11
      vertex 123.35 93.5081 4.11
    endloop
  endfacet
  facet normal 0 0 1
    outer loop
      vertex 122.278 96.0953 4.11
      vertex 126.201 96.75 4.11
      vertex 122.508 96.65 4.11
    endloop
  endfacet
  facet normal 0 0 1
    outer loop
      vertex 126.201 96.75 4.11
      vertex 122.508 94.35 4.11
      vertex 122.874 93.8737 4.11
    endloop
  endfacet
  facet normal 0 0 1
    outer loop
      vertex 122.2 95.5 4.11
      vertex 126.201 96.75 4.11
      vertex 122.278 96.0953 4.11
    endloop
  endfacet
  facet normal 0 0 1
    outer loop
      vertex 126.201 96.75 4.11
      vertex 122.278 94.9047 4.11
      vertex 122.508 94.35 4.11
    endloop
  endfacet
  facet normal 0 0 1
    outer loop
      vertex 126.201 96.75 4.11
      vertex 122.2 95.5 4.11
      vertex 122.278 94.9047 4.11
    endloop
  endfacet
  facet normal 0.792933 0.609308 0
    outer loop
      vertex 122.874 93.8737 10.6
      vertex 122.508 94.35 4.11
      vertex 122.508 94.35 10.6
    endloop
  endfacet
  facet normal 0.792933 0.609308 0
    outer loop
      vertex 122.508 94.35 4.11
      vertex 122.874 93.8737 10.6
      vertex 122.874 93.8737 4.11
    endloop
  endfacet
  facet normal 0.792933 -0.609308 0
    outer loop
      vertex 122.508 96.65 10.6
      vertex 122.874 97.1263 4.11
      vertex 122.874 97.1263 10.6
    endloop
  endfacet
  facet normal 0.792933 -0.609308 0
    outer loop
      vertex 122.874 97.1263 4.11
      vertex 122.508 96.65 10.6
      vertex 122.508 96.65 4.11
    endloop
  endfacet
  facet normal 0.609131 -0.79307 0
    outer loop
      vertex 122.874 97.1263 4.11
      vertex 123.35 97.4919 10.6
      vertex 122.874 97.1263 10.6
    endloop
  endfacet
  facet normal 0.609131 -0.79307 0
    outer loop
      vertex 123.35 97.4919 10.6
      vertex 122.874 97.1263 4.11
      vertex 123.35 97.4919 4.11
    endloop
  endfacet
  facet normal -0.130636 0.99143 0
    outer loop
      vertex 125.095 93.2784 4.11
      vertex 124.5 93.2 10.6
      vertex 125.095 93.2784 10.6
    endloop
  endfacet
  facet normal -0.130636 0.99143 0
    outer loop
      vertex 124.5 93.2 10.6
      vertex 125.095 93.2784 4.11
      vertex 124.5 93.2 4.11
    endloop
  endfacet
  facet normal 0.130636 -0.99143 0
    outer loop
      vertex 123.905 97.7216 4.11
      vertex 124.5 97.8 10.6
      vertex 123.905 97.7216 10.6
    endloop
  endfacet
  facet normal 0.130636 -0.99143 0
    outer loop
      vertex 124.5 97.8 10.6
      vertex 123.905 97.7216 4.11
      vertex 124.5 97.8 4.11
    endloop
  endfacet
  facet normal -0.382416 -0.92399 0
    outer loop
      vertex 125.095 97.7216 4.11
      vertex 125.65 97.4919 10.6
      vertex 125.095 97.7216 10.6
    endloop
  endfacet
  facet normal -0.382416 -0.92399 -0
    outer loop
      vertex 125.65 97.4919 10.6
      vertex 125.095 97.7216 4.11
      vertex 125.65 97.4919 4.11
    endloop
  endfacet
  facet normal -0.792933 0.609308 0
    outer loop
      vertex 126.126 93.8737 4.11
      vertex 126.492 94.35 10.6
      vertex 126.492 94.35 4.11
    endloop
  endfacet
  facet normal -0.792933 0.609308 0
    outer loop
      vertex 126.492 94.35 10.6
      vertex 126.126 93.8737 4.11
      vertex 126.126 93.8737 10.6
    endloop
  endfacet
  facet normal -0.923741 0.383018 0
    outer loop
      vertex 126.492 94.35 4.11
      vertex 126.722 94.9047 10.6
      vertex 126.722 94.9047 4.11
    endloop
  endfacet
  facet normal -0.923741 0.383018 0
    outer loop
      vertex 126.722 94.9047 10.6
      vertex 126.492 94.35 4.11
      vertex 126.492 94.35 10.6
    endloop
  endfacet
  facet normal -0.609131 0.79307 0
    outer loop
      vertex 126.126 93.8737 4.11
      vertex 125.65 93.5081 10.6
      vertex 126.126 93.8737 10.6
    endloop
  endfacet
  facet normal -0.609131 0.79307 0
    outer loop
      vertex 125.65 93.5081 10.6
      vertex 126.126 93.8737 4.11
      vertex 125.65 93.5081 4.11
    endloop
  endfacet
  facet normal 0.991525 -0.129916 0
    outer loop
      vertex 122.2 95.5 10.6
      vertex 122.278 96.0953 4.11
      vertex 122.278 96.0953 10.6
    endloop
  endfacet
  facet normal 0.991525 -0.129916 0
    outer loop
      vertex 122.278 96.0953 4.11
      vertex 122.2 95.5 10.6
      vertex 122.2 95.5 4.11
    endloop
  endfacet
  facet normal 0.382416 -0.92399 0
    outer loop
      vertex 123.35 97.4919 4.11
      vertex 123.905 97.7216 10.6
      vertex 123.35 97.4919 10.6
    endloop
  endfacet
  facet normal 0.382416 -0.92399 0
    outer loop
      vertex 123.905 97.7216 10.6
      vertex 123.35 97.4919 4.11
      vertex 123.905 97.7216 4.11
    endloop
  endfacet
  facet normal 0.923741 -0.383018 0
    outer loop
      vertex 122.278 96.0953 10.6
      vertex 122.508 96.65 4.11
      vertex 122.508 96.65 10.6
    endloop
  endfacet
  facet normal 0.923741 -0.383018 0
    outer loop
      vertex 122.508 96.65 4.11
      vertex 122.278 96.0953 10.6
      vertex 122.278 96.0953 4.11
    endloop
  endfacet
  facet normal 0.923741 0.383018 0
    outer loop
      vertex 122.508 94.35 10.6
      vertex 122.278 94.9047 4.11
      vertex 122.278 94.9047 10.6
    endloop
  endfacet
  facet normal 0.923741 0.383018 0
    outer loop
      vertex 122.278 94.9047 4.11
      vertex 122.508 94.35 10.6
      vertex 122.508 94.35 4.11
    endloop
  endfacet
  facet normal 0.130636 0.99143 -0
    outer loop
      vertex 124.5 93.2 4.11
      vertex 123.905 93.2784 10.6
      vertex 124.5 93.2 10.6
    endloop
  endfacet
  facet normal 0.130636 0.99143 0
    outer loop
      vertex 123.905 93.2784 10.6
      vertex 124.5 93.2 4.11
      vertex 123.905 93.2784 4.11
    endloop
  endfacet
  facet normal -0.609131 -0.79307 -0.00016239
    outer loop
      vertex 125.65 97.4919 10.6
      vertex 126.041 97.1922 7.6
      vertex 126.126 97.1263 10.6
    endloop
  endfacet
  facet normal -0.608346 -0.793672 0
    outer loop
      vertex 125.65 97.4919 4.11
      vertex 126.041 97.1922 7.6
      vertex 125.65 97.4919 10.6
    endloop
  endfacet
  facet normal -0.608346 -0.793672 -0
    outer loop
      vertex 126.041 97.1922 7.6
      vertex 125.65 97.4919 4.11
      vertex 126.041 97.1922 4.11
    endloop
  endfacet
  facet normal -0.612717 -0.790302 -0
    outer loop
      vertex 126.126 97.1263 10.6
      vertex 126.041 97.1922 7.6
      vertex 126.126 97.1263 7.6
    endloop
  endfacet
  facet normal -0.792933 -0.609308 0
    outer loop
      vertex 126.492 96.65 7.6
      vertex 126.126 97.1263 10.6
      vertex 126.126 97.1263 7.6
    endloop
  endfacet
  facet normal -0.792933 -0.609308 0
    outer loop
      vertex 126.126 97.1263 10.6
      vertex 126.492 96.65 7.6
      vertex 126.492 96.65 10.6
    endloop
  endfacet
  facet normal -0.130636 -0.99143 0
    outer loop
      vertex 124.5 97.8 4.11
      vertex 125.095 97.7216 10.6
      vertex 124.5 97.8 10.6
    endloop
  endfacet
  facet normal -0.130636 -0.99143 -0
    outer loop
      vertex 125.095 97.7216 10.6
      vertex 124.5 97.8 4.11
      vertex 125.095 97.7216 4.11
    endloop
  endfacet
  facet normal 0.609131 0.79307 -0
    outer loop
      vertex 123.35 93.5081 4.11
      vertex 122.874 93.8737 10.6
      vertex 123.35 93.5081 10.6
    endloop
  endfacet
  facet normal 0.609131 0.79307 0
    outer loop
      vertex 122.874 93.8737 10.6
      vertex 123.35 93.5081 4.11
      vertex 122.874 93.8737 4.11
    endloop
  endfacet
  facet normal 0.991525 0.129916 0
    outer loop
      vertex 122.278 94.9047 10.6
      vertex 122.2 95.5 4.11
      vertex 122.2 95.5 10.6
    endloop
  endfacet
  facet normal 0.991525 0.129916 0
    outer loop
      vertex 122.2 95.5 4.11
      vertex 122.278 94.9047 10.6
      vertex 122.278 94.9047 4.11
    endloop
  endfacet
  facet normal 0.382416 0.92399 -0
    outer loop
      vertex 123.905 93.2784 4.11
      vertex 123.35 93.5081 10.6
      vertex 123.905 93.2784 10.6
    endloop
  endfacet
  facet normal 0.382416 0.92399 0
    outer loop
      vertex 123.35 93.5081 10.6
      vertex 123.905 93.2784 4.11
      vertex 123.35 93.5081 4.11
    endloop
  endfacet
  facet normal -0.130256 0.99148 0
    outer loop
      vertex 15 103 3
      vertex 14.4824 102.932 10.6
      vertex 15 103 10.6
    endloop
  endfacet
  facet normal -0.130256 0.99148 0
    outer loop
      vertex 14.4824 102.932 10.6
      vertex 15 103 3
      vertex 14.4824 102.932 3
    endloop
  endfacet
  facet normal -0.38282 -0.923823 0
    outer loop
      vertex 14 80.268 3
      vertex 14.4824 80.0681 10.6
      vertex 14 80.268 10.6
    endloop
  endfacet
  facet normal -0.38282 -0.923823 -0
    outer loop
      vertex 14.4824 80.0681 10.6
      vertex 14 80.268 3
      vertex 14.4824 80.0681 3
    endloop
  endfacet
  facet normal -0.382983 0.923755 0
    outer loop
      vertex 14.4824 102.932 3
      vertex 14 102.732 10.6
      vertex 14.4824 102.932 10.6
    endloop
  endfacet
  facet normal -0.382983 0.923755 0
    outer loop
      vertex 14 102.732 10.6
      vertex 14.4824 102.932 3
      vertex 14 102.732 3
    endloop
  endfacet
  facet normal 0.793236 0.608914 0
    outer loop
      vertex 65.732 102 10.6
      vertex 65.4142 102.414 7.6
      vertex 65.4142 102.414 10.6
    endloop
  endfacet
  facet normal 0.793236 0.608914 0
    outer loop
      vertex 65.4142 102.414 7.6
      vertex 65.732 102 10.6
      vertex 65.732 102 7.6
    endloop
  endfacet
  facet normal -0.991456 -0.130445 0
    outer loop
      vertex 13.0681 81.4824 3
      vertex 13 82 10.6
      vertex 13 82 3
    endloop
  endfacet
  facet normal -0.991456 -0.130445 0
    outer loop
      vertex 13 82 10.6
      vertex 13.0681 81.4824 3
      vertex 13.0681 81.4824 10.6
    endloop
  endfacet
  facet normal -0.130445 -0.991456 0
    outer loop
      vertex 14.4824 80.0681 3
      vertex 15 80 10.6
      vertex 14.4824 80.0681 10.6
    endloop
  endfacet
  facet normal -0.130445 -0.991456 -0
    outer loop
      vertex 15 80 10.6
      vertex 14.4824 80.0681 3
      vertex 15 80 3
    endloop
  endfacet
  facet normal 0.130445 -0.991456 0
    outer loop
      vertex 64 80 3
      vertex 64.5176 80.0681 10.6
      vertex 64 80 10.6
    endloop
  endfacet
  facet normal 0.130445 -0.991456 0
    outer loop
      vertex 64.5176 80.0681 10.6
      vertex 64 80 3
      vertex 64.5176 80.0681 3
    endloop
  endfacet
  facet normal 0.793378 -0.608729 0
    outer loop
      vertex 65.4142 80.5858 10.6
      vertex 65.732 81 3
      vertex 65.732 81 10.6
    endloop
  endfacet
  facet normal 0.793378 -0.608729 0
    outer loop
      vertex 65.732 81 3
      vertex 65.4142 80.5858 10.6
      vertex 65.4142 80.5858 3
    endloop
  endfacet
  facet normal 0 1 -0
    outer loop
      vertex 64 103 7.6
      vertex 15 103 10.6
      vertex 64 103 10.6
    endloop
  endfacet
  facet normal 0 1 0
    outer loop
      vertex 15 103 3
      vertex 64 103 7.6
      vertex 64 103 3
    endloop
  endfacet
  facet normal 0 1 0
    outer loop
      vertex 64 103 7.6
      vertex 15 103 3
      vertex 15 103 10.6
    endloop
  endfacet
  facet normal -0.923778 0.382927 0
    outer loop
      vertex 13.0681 101.518 3
      vertex 13.2679 102 10.6
      vertex 13.2679 102 3
    endloop
  endfacet
  facet normal -0.923778 0.382927 0
    outer loop
      vertex 13.2679 102 10.6
      vertex 13.0681 101.518 3
      vertex 13.0681 101.518 10.6
    endloop
  endfacet
  facet normal -1 0 0
    outer loop
      vertex 13 82 3
      vertex 13 101 10.6
      vertex 13 101 3
    endloop
  endfacet
  facet normal -1 -0 0
    outer loop
      vertex 13 101 10.6
      vertex 13 82 3
      vertex 13 82 10.6
    endloop
  endfacet
  facet normal 1 -0 0
    outer loop
      vertex 66 82 10.6
      vertex 66 91.5492 3
      vertex 66 91.5492 10.6
    endloop
  endfacet
  facet normal 1 0 0
    outer loop
      vertex 66 91.5492 3
      vertex 66 82 10.6
      vertex 66 82 3
    endloop
  endfacet
  facet normal 1 -0 0
    outer loop
      vertex 66 99.4508 10.6
      vertex 66 101 7.6
      vertex 66 101 10.6
    endloop
  endfacet
  facet normal 1 0 0
    outer loop
      vertex 66 101 7.6
      vertex 66 99.4508 10.6
      vertex 66 99.4508 7.6
    endloop
  endfacet
  facet normal 1 -0 0
    outer loop
      vertex 66 101 6.5
      vertex 66 108 4.1
      vertex 66 108 6.5
    endloop
  endfacet
  facet normal 1 0 0
    outer loop
      vertex 66 108 4.1
      vertex 66 101 6.5
      vertex 66 101 4.1
    endloop
  endfacet
  facet normal 1 0 0
    outer loop
      vertex 66 97.7342 10.6
      vertex 66 96 7.6
      vertex 66 97.7342 7.6
    endloop
  endfacet
  facet normal 1 0 0
    outer loop
      vertex 66 93.2658 4.11
      vertex 66 96 7.6
      vertex 66 93.2658 10.6
    endloop
  endfacet
  facet normal 1 -0 0
    outer loop
      vertex 66 93.2658 10.6
      vertex 66 96 7.6
      vertex 66 97.7342 10.6
    endloop
  endfacet
  facet normal 1 -0 0
    outer loop
      vertex 66 96 6.5
      vertex 66 97.7342 4.11
      vertex 66 97.7342 6.5
    endloop
  endfacet
  facet normal 1 0 0
    outer loop
      vertex 66 96 6.5
      vertex 66 93.2658 4.11
      vertex 66 97.7342 4.11
    endloop
  endfacet
  facet normal 1 0 0
    outer loop
      vertex 66 96 7.6
      vertex 66 93.2658 4.11
      vertex 66 96 6.5
    endloop
  endfacet
  facet normal 1 -0 0
    outer loop
      vertex 66 99.4508 6.5
      vertex 66 101 4.1
      vertex 66 101 6.5
    endloop
  endfacet
  facet normal 1 0 0
    outer loop
      vertex 66 101 4.1
      vertex 66 99.4508 6.5
      vertex 66 99.4508 4.1
    endloop
  endfacet
  facet normal 0 -1 0
    outer loop
      vertex 15 80 3
      vertex 64 80 10.6
      vertex 15 80 10.6
    endloop
  endfacet
  facet normal 0 -1 -0
    outer loop
      vertex 64 80 10.6
      vertex 15 80 3
      vertex 64 80 3
    endloop
  endfacet
  facet normal 0.60897 0.793193 -0
    outer loop
      vertex 65.4142 102.414 7.6
      vertex 65 102.732 10.6
      vertex 65.4142 102.414 10.6
    endloop
  endfacet
  facet normal 0.60897 0.793193 0
    outer loop
      vertex 65 102.732 10.6
      vertex 65.4142 102.414 7.6
      vertex 65 102.732 7.6
    endloop
  endfacet
  facet normal 0.382983 0.923755 -0
    outer loop
      vertex 65 102.732 7.6
      vertex 64.5176 102.932 10.6
      vertex 65 102.732 10.6
    endloop
  endfacet
  facet normal 0.382983 0.923755 0
    outer loop
      vertex 64.5176 102.932 10.6
      vertex 65 102.732 7.6
      vertex 64.5176 102.932 7.6
    endloop
  endfacet
  facet normal 0.608729 -0.793378 0
    outer loop
      vertex 65 80.268 3
      vertex 65.4142 80.5858 10.6
      vertex 65 80.268 10.6
    endloop
  endfacet
  facet normal 0.608729 -0.793378 0
    outer loop
      vertex 65.4142 80.5858 10.6
      vertex 65 80.268 3
      vertex 65.4142 80.5858 3
    endloop
  endfacet
  facet normal -0.923891 -0.382656 0
    outer loop
      vertex 13.2679 81 3
      vertex 13.0681 81.4824 10.6
      vertex 13.0681 81.4824 3
    endloop
  endfacet
  facet normal -0.923891 -0.382656 0
    outer loop
      vertex 13.0681 81.4824 10.6
      vertex 13.2679 81 3
      vertex 13.2679 81 10.6
    endloop
  endfacet
  facet normal 0.38282 -0.923823 0
    outer loop
      vertex 64.5176 80.0681 3
      vertex 65 80.268 10.6
      vertex 64.5176 80.0681 10.6
    endloop
  endfacet
  facet normal 0.38282 -0.923823 0
    outer loop
      vertex 65 80.268 10.6
      vertex 64.5176 80.0681 3
      vertex 65 80.268 3
    endloop
  endfacet
  facet normal -0.608729 -0.793378 0
    outer loop
      vertex 13.5858 80.5858 3
      vertex 14 80.268 10.6
      vertex 13.5858 80.5858 10.6
    endloop
  endfacet
  facet normal -0.608729 -0.793378 -0
    outer loop
      vertex 14 80.268 10.6
      vertex 13.5858 80.5858 3
      vertex 14 80.268 3
    endloop
  endfacet
  facet normal 0.923711 0.383091 0
    outer loop
      vertex 65.9319 101.518 10.6
      vertex 65.732 102 7.6
      vertex 65.732 102 10.6
    endloop
  endfacet
  facet normal 0.923711 0.383091 0
    outer loop
      vertex 65.732 102 7.6
      vertex 65.9319 101.518 10.6
      vertex 65.9319 101.518 7.6
    endloop
  endfacet
  facet normal -0.793144 0.609035 0
    outer loop
      vertex 13.2679 102 3
      vertex 13.5858 102.414 10.6
      vertex 13.5858 102.414 3
    endloop
  endfacet
  facet normal -0.793144 0.609035 0
    outer loop
      vertex 13.5858 102.414 10.6
      vertex 13.2679 102 3
      vertex 13.2679 102 10.6
    endloop
  endfacet
  facet normal 0.991469 0.130346 0
    outer loop
      vertex 66 101 10.6
      vertex 65.9319 101.518 7.6
      vertex 65.9319 101.518 10.6
    endloop
  endfacet
  facet normal 0.991469 0.130346 0
    outer loop
      vertex 65.9319 101.518 7.6
      vertex 66 101 10.6
      vertex 66 101 7.6
    endloop
  endfacet
  facet normal 0.130256 0.99148 -0
    outer loop
      vertex 64.5176 102.932 7.6
      vertex 64 103 10.6
      vertex 64.5176 102.932 10.6
    endloop
  endfacet
  facet normal 0.130256 0.99148 0
    outer loop
      vertex 64 103 10.6
      vertex 64.5176 102.932 7.6
      vertex 64 103 7.6
    endloop
  endfacet
  facet normal -0.60897 0.793193 0
    outer loop
      vertex 14 102.732 3
      vertex 13.5858 102.414 10.6
      vertex 14 102.732 10.6
    endloop
  endfacet
  facet normal -0.60897 0.793193 0
    outer loop
      vertex 13.5858 102.414 10.6
      vertex 14 102.732 3
      vertex 13.5858 102.414 3
    endloop
  endfacet
  facet normal 0.923823 -0.38282 0
    outer loop
      vertex 65.732 81 10.6
      vertex 65.9319 81.4824 3
      vertex 65.9319 81.4824 10.6
    endloop
  endfacet
  facet normal 0.923823 -0.38282 0
    outer loop
      vertex 65.9319 81.4824 3
      vertex 65.732 81 10.6
      vertex 65.732 81 3
    endloop
  endfacet
  facet normal -0.793286 -0.60885 0
    outer loop
      vertex 13.5858 80.5858 3
      vertex 13.2679 81 10.6
      vertex 13.2679 81 3
    endloop
  endfacet
  facet normal -0.793286 -0.60885 0
    outer loop
      vertex 13.2679 81 10.6
      vertex 13.5858 80.5858 3
      vertex 13.5858 80.5858 10.6
    endloop
  endfacet
  facet normal -0.991469 0.130346 0
    outer loop
      vertex 13 101 3
      vertex 13.0681 101.518 10.6
      vertex 13.0681 101.518 3
    endloop
  endfacet
  facet normal -0.991469 0.130346 0
    outer loop
      vertex 13.0681 101.518 10.6
      vertex 13 101 3
      vertex 13 101 10.6
    endloop
  endfacet
  facet normal 0.991456 -0.130445 0
    outer loop
      vertex 65.9319 81.4824 10.6
      vertex 66 82 3
      vertex 66 82 10.6
    endloop
  endfacet
  facet normal 0.991456 -0.130445 0
    outer loop
      vertex 66 82 3
      vertex 65.9319 81.4824 10.6
      vertex 65.9319 81.4824 3
    endloop
  endfacet
  facet normal 1 -0 0
    outer loop
      vertex 17 86 10.6
      vertex 17 97 4
      vertex 17 97 10.6
    endloop
  endfacet
  facet normal 1 0 0
    outer loop
      vertex 17 97 4
      vertex 17 86 10.6
      vertex 17 86 4
    endloop
  endfacet
  facet normal -0.38282 0.923823 0
    outer loop
      vertex 61 84.268 4
      vertex 60.5176 84.0681 10.6
      vertex 61 84.268 10.6
    endloop
  endfacet
  facet normal -0.38282 0.923823 0
    outer loop
      vertex 60.5176 84.0681 10.6
      vertex 61 84.268 4
      vertex 60.5176 84.0681 4
    endloop
  endfacet
  facet normal -1 0 0
    outer loop
      vertex 62 86 4
      vertex 62 97 10.6
      vertex 62 97 4
    endloop
  endfacet
  facet normal -1 -0 0
    outer loop
      vertex 62 97 10.6
      vertex 62 86 4
      vertex 62 86 10.6
    endloop
  endfacet
  facet normal 0.608729 0.793378 -0
    outer loop
      vertex 18 84.268 4
      vertex 17.5858 84.5858 10.6
      vertex 18 84.268 10.6
    endloop
  endfacet
  facet normal 0.608729 0.793378 0
    outer loop
      vertex 17.5858 84.5858 10.6
      vertex 18 84.268 4
      vertex 17.5858 84.5858 4
    endloop
  endfacet
  facet normal 0.793286 0.60885 0
    outer loop
      vertex 17.5858 84.5858 10.6
      vertex 17.2679 85 4
      vertex 17.2679 85 10.6
    endloop
  endfacet
  facet normal 0.793286 0.60885 0
    outer loop
      vertex 17.2679 85 4
      vertex 17.5858 84.5858 10.6
      vertex 17.5858 84.5858 4
    endloop
  endfacet
  facet normal 0 -1 0
    outer loop
      vertex 19 99 4
      vertex 60 99 10.6
      vertex 19 99 10.6
    endloop
  endfacet
  facet normal 0 -1 -0
    outer loop
      vertex 60 99 10.6
      vertex 19 99 4
      vertex 60 99 4
    endloop
  endfacet
  facet normal 0 0 1
    outer loop
      vertex 60 99 4
      vertex 62 97 4
      vertex 61.9319 97.5176 4
    endloop
  endfacet
  facet normal 0 0 1
    outer loop
      vertex 62 97 4
      vertex 60 99 4
      vertex 62 86 4
    endloop
  endfacet
  facet normal 0 0 1
    outer loop
      vertex 60 99 4
      vertex 61.9319 97.5176 4
      vertex 61.732 98 4
    endloop
  endfacet
  facet normal 0 0 1
    outer loop
      vertex 60 84 4
      vertex 62 86 4
      vertex 60 99 4
    endloop
  endfacet
  facet normal 0 0 1
    outer loop
      vertex 60 99 4
      vertex 61.732 98 4
      vertex 61.4142 98.4142 4
    endloop
  endfacet
  facet normal 0 0 1
    outer loop
      vertex 62 86 4
      vertex 60 84 4
      vertex 61.9319 85.4824 4
    endloop
  endfacet
  facet normal 0 0 1
    outer loop
      vertex 60 99 4
      vertex 61.4142 98.4142 4
      vertex 61 98.732 4
    endloop
  endfacet
  facet normal 0 0 1
    outer loop
      vertex 61.9319 85.4824 4
      vertex 60 84 4
      vertex 61.732 85 4
    endloop
  endfacet
  facet normal 0 0 1
    outer loop
      vertex 60 99 4
      vertex 61 98.732 4
      vertex 60.5176 98.9319 4
    endloop
  endfacet
  facet normal 0 0 1
    outer loop
      vertex 61.732 85 4
      vertex 60 84 4
      vertex 61.4142 84.5858 4
    endloop
  endfacet
  facet normal 0 0 1
    outer loop
      vertex 61.4142 84.5858 4
      vertex 60 84 4
      vertex 61 84.268 4
    endloop
  endfacet
  facet normal 0 0 1
    outer loop
      vertex 61 84.268 4
      vertex 60 84 4
      vertex 60.5176 84.0681 4
    endloop
  endfacet
  facet normal -0 0 1
    outer loop
      vertex 19 99 4
      vertex 60 84 4
      vertex 60 99 4
    endloop
  endfacet
  facet normal 0 0 1
    outer loop
      vertex 19 99 4
      vertex 19 84 4
      vertex 60 84 4
    endloop
  endfacet
  facet normal 0 0 1
    outer loop
      vertex 17 97 4
      vertex 19 99 4
      vertex 18.4824 98.9319 4
    endloop
  endfacet
  facet normal 0 0 1
    outer loop
      vertex 19 99 4
      vertex 17 97 4
      vertex 19 84 4
    endloop
  endfacet
  facet normal 0 0 1
    outer loop
      vertex 17 97 4
      vertex 18.4824 98.9319 4
      vertex 18 98.732 4
    endloop
  endfacet
  facet normal -0 0 1
    outer loop
      vertex 17 86 4
      vertex 19 84 4
      vertex 17 97 4
    endloop
  endfacet
  facet normal 0 0 1
    outer loop
      vertex 17 97 4
      vertex 18 98.732 4
      vertex 17.5858 98.4142 4
    endloop
  endfacet
  facet normal 0 0 1
    outer loop
      vertex 19 84 4
      vertex 17 86 4
      vertex 18.4824 84.0681 4
    endloop
  endfacet
  facet normal 0 0 1
    outer loop
      vertex 17 97 4
      vertex 17.5858 98.4142 4
      vertex 17.2679 98 4
    endloop
  endfacet
  facet normal 0 0 1
    outer loop
      vertex 18.4824 84.0681 4
      vertex 17 86 4
      vertex 18 84.268 4
    endloop
  endfacet
  facet normal 0 0 1
    outer loop
      vertex 17 97 4
      vertex 17.2679 98 4
      vertex 17.0681 97.5176 4
    endloop
  endfacet
  facet normal 0 0 1
    outer loop
      vertex 18 84.268 4
      vertex 17 86 4
      vertex 17.5858 84.5858 4
    endloop
  endfacet
  facet normal 0 0 1
    outer loop
      vertex 17.5858 84.5858 4
      vertex 17 86 4
      vertex 17.2679 85 4
    endloop
  endfacet
  facet normal 0 0 1
    outer loop
      vertex 17.2679 85 4
      vertex 17 86 4
      vertex 17.0681 85.4824 4
    endloop
  endfacet
  facet normal -0.130445 0.991456 0
    outer loop
      vertex 60.5176 84.0681 4
      vertex 60 84 10.6
      vertex 60.5176 84.0681 10.6
    endloop
  endfacet
  facet normal -0.130445 0.991456 0
    outer loop
      vertex 60 84 10.6
      vertex 60.5176 84.0681 4
      vertex 60 84 4
    endloop
  endfacet
  facet normal 0 1 -0
    outer loop
      vertex 60 84 4
      vertex 19 84 10.6
      vertex 60 84 10.6
    endloop
  endfacet
  facet normal 0 1 0
    outer loop
      vertex 19 84 10.6
      vertex 60 84 4
      vertex 19 84 4
    endloop
  endfacet
  facet normal 0.608729 -0.793378 0
    outer loop
      vertex 17.5858 98.4142 4
      vertex 18 98.732 10.6
      vertex 17.5858 98.4142 10.6
    endloop
  endfacet
  facet normal 0.608729 -0.793378 0
    outer loop
      vertex 18 98.732 10.6
      vertex 17.5858 98.4142 4
      vertex 18 98.732 4
    endloop
  endfacet
  facet normal 0.130445 -0.991456 0
    outer loop
      vertex 18.4824 98.9319 4
      vertex 19 99 10.6
      vertex 18.4824 98.9319 10.6
    endloop
  endfacet
  facet normal 0.130445 -0.991456 0
    outer loop
      vertex 19 99 10.6
      vertex 18.4824 98.9319 4
      vertex 19 99 4
    endloop
  endfacet
  facet normal 0.923891 -0.382656 0
    outer loop
      vertex 17.0681 97.5176 10.6
      vertex 17.2679 98 4
      vertex 17.2679 98 10.6
    endloop
  endfacet
  facet normal 0.923891 -0.382656 0
    outer loop
      vertex 17.2679 98 4
      vertex 17.0681 97.5176 10.6
      vertex 17.0681 97.5176 4
    endloop
  endfacet
  facet normal -0.608729 0.793378 0
    outer loop
      vertex 61.4142 84.5858 4
      vertex 61 84.268 10.6
      vertex 61.4142 84.5858 10.6
    endloop
  endfacet
  facet normal -0.608729 0.793378 0
    outer loop
      vertex 61 84.268 10.6
      vertex 61.4142 84.5858 4
      vertex 61 84.268 4
    endloop
  endfacet
  facet normal 0.991456 0.130445 0
    outer loop
      vertex 17.0681 85.4824 10.6
      vertex 17 86 4
      vertex 17 86 10.6
    endloop
  endfacet
  facet normal 0.991456 0.130445 0
    outer loop
      vertex 17 86 4
      vertex 17.0681 85.4824 10.6
      vertex 17.0681 85.4824 4
    endloop
  endfacet
  facet normal 0.38282 -0.923823 0
    outer loop
      vertex 18 98.732 4
      vertex 18.4824 98.9319 10.6
      vertex 18 98.732 10.6
    endloop
  endfacet
  facet normal 0.38282 -0.923823 0
    outer loop
      vertex 18.4824 98.9319 10.6
      vertex 18 98.732 4
      vertex 18.4824 98.9319 4
    endloop
  endfacet
  facet normal -0.38282 -0.923823 0
    outer loop
      vertex 60.5176 98.9319 4
      vertex 61 98.732 10.6
      vertex 60.5176 98.9319 10.6
    endloop
  endfacet
  facet normal -0.38282 -0.923823 -0
    outer loop
      vertex 61 98.732 10.6
      vertex 60.5176 98.9319 4
      vertex 61 98.732 4
    endloop
  endfacet
  facet normal -0.923823 -0.38282 0
    outer loop
      vertex 61.9319 97.5176 4
      vertex 61.732 98 10.6
      vertex 61.732 98 4
    endloop
  endfacet
  facet normal -0.923823 -0.38282 0
    outer loop
      vertex 61.732 98 10.6
      vertex 61.9319 97.5176 4
      vertex 61.9319 97.5176 10.6
    endloop
  endfacet
  facet normal 0.923891 0.382656 0
    outer loop
      vertex 17.2679 85 10.6
      vertex 17.0681 85.4824 4
      vertex 17.0681 85.4824 10.6
    endloop
  endfacet
  facet normal 0.923891 0.382656 0
    outer loop
      vertex 17.0681 85.4824 4
      vertex 17.2679 85 10.6
      vertex 17.2679 85 4
    endloop
  endfacet
  facet normal -0.991456 0.130445 0
    outer loop
      vertex 61.9319 85.4824 4
      vertex 62 86 10.6
      vertex 62 86 4
    endloop
  endfacet
  facet normal -0.991456 0.130445 0
    outer loop
      vertex 62 86 10.6
      vertex 61.9319 85.4824 4
      vertex 61.9319 85.4824 10.6
    endloop
  endfacet
  facet normal -0.793378 0.608729 0
    outer loop
      vertex 61.4142 84.5858 4
      vertex 61.732 85 10.6
      vertex 61.732 85 4
    endloop
  endfacet
  facet normal -0.793378 0.608729 0
    outer loop
      vertex 61.732 85 10.6
      vertex 61.4142 84.5858 4
      vertex 61.4142 84.5858 10.6
    endloop
  endfacet
  facet normal 0.130445 0.991456 -0
    outer loop
      vertex 19 84 4
      vertex 18.4824 84.0681 10.6
      vertex 19 84 10.6
    endloop
  endfacet
  facet normal 0.130445 0.991456 0
    outer loop
      vertex 18.4824 84.0681 10.6
      vertex 19 84 4
      vertex 18.4824 84.0681 4
    endloop
  endfacet
  facet normal 0.793286 -0.60885 0
    outer loop
      vertex 17.2679 98 10.6
      vertex 17.5858 98.4142 4
      vertex 17.5858 98.4142 10.6
    endloop
  endfacet
  facet normal 0.793286 -0.60885 0
    outer loop
      vertex 17.5858 98.4142 4
      vertex 17.2679 98 10.6
      vertex 17.2679 98 4
    endloop
  endfacet
  facet normal -0.608729 -0.793378 0
    outer loop
      vertex 61 98.732 4
      vertex 61.4142 98.4142 10.6
      vertex 61 98.732 10.6
    endloop
  endfacet
  facet normal -0.608729 -0.793378 -0
    outer loop
      vertex 61.4142 98.4142 10.6
      vertex 61 98.732 4
      vertex 61.4142 98.4142 4
    endloop
  endfacet
  facet normal -0.130445 -0.991456 0
    outer loop
      vertex 60 99 4
      vertex 60.5176 98.9319 10.6
      vertex 60 99 10.6
    endloop
  endfacet
  facet normal -0.130445 -0.991456 -0
    outer loop
      vertex 60.5176 98.9319 10.6
      vertex 60 99 4
      vertex 60.5176 98.9319 4
    endloop
  endfacet
  facet normal -0.793378 -0.608729 0
    outer loop
      vertex 61.732 98 4
      vertex 61.4142 98.4142 10.6
      vertex 61.4142 98.4142 4
    endloop
  endfacet
  facet normal -0.793378 -0.608729 0
    outer loop
      vertex 61.4142 98.4142 10.6
      vertex 61.732 98 4
      vertex 61.732 98 10.6
    endloop
  endfacet
  facet normal 0.991456 -0.130445 0
    outer loop
      vertex 17 97 10.6
      vertex 17.0681 97.5176 4
      vertex 17.0681 97.5176 10.6
    endloop
  endfacet
  facet normal 0.991456 -0.130445 0
    outer loop
      vertex 17.0681 97.5176 4
      vertex 17 97 10.6
      vertex 17 97 4
    endloop
  endfacet
  facet normal -0.923823 0.38282 0
    outer loop
      vertex 61.732 85 4
      vertex 61.9319 85.4824 10.6
      vertex 61.9319 85.4824 4
    endloop
  endfacet
  facet normal -0.923823 0.38282 0
    outer loop
      vertex 61.9319 85.4824 10.6
      vertex 61.732 85 4
      vertex 61.732 85 10.6
    endloop
  endfacet
  facet normal 0.38282 0.923823 -0
    outer loop
      vertex 18.4824 84.0681 4
      vertex 18 84.268 10.6
      vertex 18.4824 84.0681 10.6
    endloop
  endfacet
  facet normal 0.38282 0.923823 0
    outer loop
      vertex 18 84.268 10.6
      vertex 18.4824 84.0681 4
      vertex 18 84.268 4
    endloop
  endfacet
  facet normal -0.991456 -0.130445 0
    outer loop
      vertex 62 97 4
      vertex 61.9319 97.5176 10.6
      vertex 61.9319 97.5176 4
    endloop
  endfacet
  facet normal -0.991456 -0.130445 0
    outer loop
      vertex 61.9319 97.5176 10.6
      vertex 62 97 4
      vertex 62 97 10.6
    endloop
  endfacet
  facet normal 0.608587 -0.793487 0
    outer loop
      vertex 72.25 96.201 4
      vertex 72.5607 96.4393 7.6
      vertex 72.25 96.201 7.6
    endloop
  endfacet
  facet normal 0.608587 -0.793487 0
    outer loop
      vertex 72.5607 96.4393 7.6
      vertex 72.25 96.201 4
      vertex 72.5607 96.4393 4
    endloop
  endfacet
  facet normal 0.130507 -0.991447 0
    outer loop
      vertex 71.5 96 3
      vertex 71.8882 96.0511 7.6
      vertex 71.5 96 7.6
    endloop
  endfacet
  facet normal 0.130507 -0.991447 0
    outer loop
      vertex 71.8882 96.0511 7.6
      vertex 71.5 96 3
      vertex 71.8882 96.0511 3
    endloop
  endfacet
  facet normal 1 -0 0
    outer loop
      vertex 73 97.5 7.6
      vertex 73 106.5 4
      vertex 73 106.5 7.6
    endloop
  endfacet
  facet normal 1 0 0
    outer loop
      vertex 73 106.5 4
      vertex 73 97.5 7.6
      vertex 73 97.5 4
    endloop
  endfacet
  facet normal 0.793487 -0.608587 0
    outer loop
      vertex 72.5607 96.4393 7.6
      vertex 72.799 96.75 4
      vertex 72.799 96.75 7.6
    endloop
  endfacet
  facet normal 0.793487 -0.608587 0
    outer loop
      vertex 72.799 96.75 4
      vertex 72.5607 96.4393 7.6
      vertex 72.5607 96.4393 4
    endloop
  endfacet
  facet normal 0 1 0
    outer loop
      vertex 71.5 108 7.6
      vertex 71 108 6.5
      vertex 65.5 108 7.6
    endloop
  endfacet
  facet normal 0 1 0
    outer loop
      vertex 71.5 108 7.6
      vertex 71 108 4.1
      vertex 71 108 6.5
    endloop
  endfacet
  facet normal 0 1 0
    outer loop
      vertex 71 108 4.1
      vertex 71.5 108 3
      vertex 66 108 4.1
    endloop
  endfacet
  facet normal 0 1 -0
    outer loop
      vertex 71.5 108 3
      vertex 71 108 4.1
      vertex 71.5 108 7.6
    endloop
  endfacet
  facet normal 0 1 -0
    outer loop
      vertex 66 108 6.5
      vertex 65.5 108 7.6
      vertex 71 108 6.5
    endloop
  endfacet
  facet normal 0 1 -0
    outer loop
      vertex 66 108 4.1
      vertex 65.5 108 7.6
      vertex 66 108 6.5
    endloop
  endfacet
  facet normal 0 1 0
    outer loop
      vertex 66 108 4.1
      vertex 65.5 108 3
      vertex 65.5 108 7.6
    endloop
  endfacet
  facet normal 0 1 0
    outer loop
      vertex 65.5 108 3
      vertex 66 108 4.1
      vertex 71.5 108 3
    endloop
  endfacet
  facet normal 0 -1 0
    outer loop
      vertex 70.4508 96 4.1
      vertex 70.4508 96 3
      vertex 71 96 4.1
    endloop
  endfacet
  facet normal 0 -1 0
    outer loop
      vertex 71 96 6.5
      vertex 70.4508 96 7.6
      vertex 70.4508 96 6.5
    endloop
  endfacet
  facet normal 0 -1 0
    outer loop
      vertex 70.4508 96 7.6
      vertex 71 96 6.5
      vertex 71.5 96 7.6
    endloop
  endfacet
  facet normal 0 -1 0
    outer loop
      vertex 71 96 4.1
      vertex 71.5 96 7.6
      vertex 71 96 6.5
    endloop
  endfacet
  facet normal 0 -1 0
    outer loop
      vertex 71 96 4.1
      vertex 71.5 96 3
      vertex 71.5 96 7.6
    endloop
  endfacet
  facet normal 0 -1 0
    outer loop
      vertex 71.5 96 3
      vertex 71 96 4.1
      vertex 70.4508 96 3
    endloop
  endfacet
  facet normal 0 -1 0
    outer loop
      vertex 66 96 6.5
      vertex 68.7342 96 7.6
      vertex 66 96 7.6
    endloop
  endfacet
  facet normal 0 -1 -0
    outer loop
      vertex 68.7342 96 7.6
      vertex 66 96 6.5
      vertex 68.7342 96 6.5
    endloop
  endfacet
  facet normal 0.793771 0.608217 0
    outer loop
      vertex 72.799 107.25 7.6
      vertex 72.5607 107.561 4
      vertex 72.5607 107.561 7.6
    endloop
  endfacet
  facet normal 0.793771 0.608217 0
    outer loop
      vertex 72.5607 107.561 4
      vertex 72.799 107.25 7.6
      vertex 72.799 107.25 4
    endloop
  endfacet
  facet normal 0.991447 -0.130507 0
    outer loop
      vertex 72.9489 97.1118 7.6
      vertex 73 97.5 4
      vertex 73 97.5 7.6
    endloop
  endfacet
  facet normal 0.991447 -0.130507 0
    outer loop
      vertex 73 97.5 4
      vertex 72.9489 97.1118 7.6
      vertex 72.9489 97.1118 4
    endloop
  endfacet
  facet normal 0.991439 0.130573 0
    outer loop
      vertex 73 106.5 7.6
      vertex 72.9489 106.888 4
      vertex 72.9489 106.888 7.6
    endloop
  endfacet
  facet normal 0.991439 0.130573 0
    outer loop
      vertex 72.9489 106.888 4
      vertex 73 106.5 7.6
      vertex 73 106.5 4
    endloop
  endfacet
  facet normal -0.608104 0.793857 0
    outer loop
      vertex 64.75 107.799 3
      vertex 64.4393 107.561 7.6
      vertex 64.75 107.799 7.6
    endloop
  endfacet
  facet normal -0.608104 0.793857 0
    outer loop
      vertex 64.4393 107.561 7.6
      vertex 64.75 107.799 3
      vertex 64.4393 107.561 3
    endloop
  endfacet
  facet normal -0.991439 0.130573 0
    outer loop
      vertex 64 106.5 3
      vertex 64.0511 106.888 7.6
      vertex 64.0511 106.888 3
    endloop
  endfacet
  facet normal -0.991439 0.130573 0
    outer loop
      vertex 64.0511 106.888 7.6
      vertex 64 106.5 3
      vertex 64 106.5 7.6
    endloop
  endfacet
  facet normal 0.382765 -0.923846 5.30554e-06
    outer loop
      vertex 71.8882 96.0511 7.6
      vertex 72 96.0974 4
      vertex 72.25 96.201 7.6
    endloop
  endfacet
  facet normal 0.382619 -0.923906 0
    outer loop
      vertex 71.8882 96.0511 3
      vertex 72 96.0974 4
      vertex 71.8882 96.0511 7.6
    endloop
  endfacet
  facet normal 0.382619 -0.923906 0
    outer loop
      vertex 72 96.0974 4
      vertex 71.8882 96.0511 3
      vertex 72 96.0974 3
    endloop
  endfacet
  facet normal 0.38283 -0.923819 0
    outer loop
      vertex 72.25 96.201 7.6
      vertex 72 96.0974 4
      vertex 72.25 96.201 4
    endloop
  endfacet
  facet normal 0.92392 0.382585 0
    outer loop
      vertex 72.9489 106.888 7.6
      vertex 72.799 107.25 4
      vertex 72.799 107.25 7.6
    endloop
  endfacet
  facet normal 0.92392 0.382585 0
    outer loop
      vertex 72.799 107.25 4
      vertex 72.9489 106.888 7.6
      vertex 72.9489 106.888 4
    endloop
  endfacet
  facet normal 0.383794 0.923419 0
    outer loop
      vertex 72.0503 107.882 4
      vertex 72.25 107.799 7.6
      vertex 72.25 107.799 4
    endloop
  endfacet
  facet normal 0.382983 0.923755 5.27666e-05
    outer loop
      vertex 72.25 107.799 7.6
      vertex 72.0503 107.882 4
      vertex 71.8882 107.949 7.6
    endloop
  endfacet
  facet normal 0.381982 0.92417 0
    outer loop
      vertex 71.8882 107.949 3
      vertex 72.0503 107.882 4
      vertex 72.0503 107.882 3
    endloop
  endfacet
  facet normal 0.381982 0.92417 0
    outer loop
      vertex 72.0503 107.882 4
      vertex 71.8882 107.949 3
      vertex 71.8882 107.949 7.6
    endloop
  endfacet
  facet normal -0.793771 0.608217 0
    outer loop
      vertex 64.201 107.25 3
      vertex 64.4393 107.561 7.6
      vertex 64.4393 107.561 3
    endloop
  endfacet
  facet normal -0.793771 0.608217 0
    outer loop
      vertex 64.4393 107.561 7.6
      vertex 64.201 107.25 3
      vertex 64.201 107.25 7.6
    endloop
  endfacet
  facet normal -0.92392 0.382585 0
    outer loop
      vertex 64.0511 106.888 3
      vertex 64.201 107.25 7.6
      vertex 64.201 107.25 3
    endloop
  endfacet
  facet normal -0.92392 0.382585 0
    outer loop
      vertex 64.201 107.25 7.6
      vertex 64.0511 106.888 3
      vertex 64.0511 106.888 7.6
    endloop
  endfacet
  facet normal -1 0 0
    outer loop
      vertex 64 103 3
      vertex 64 106.5 7.6
      vertex 64 106.5 3
    endloop
  endfacet
  facet normal -1 -0 0
    outer loop
      vertex 64 106.5 7.6
      vertex 64 103 3
      vertex 64 103 7.6
    endloop
  endfacet
  facet normal 0.923846 -0.382765 0
    outer loop
      vertex 72.799 96.75 7.6
      vertex 72.9489 97.1118 4
      vertex 72.9489 97.1118 7.6
    endloop
  endfacet
  facet normal 0.923846 -0.382765 0
    outer loop
      vertex 72.9489 97.1118 4
      vertex 72.799 96.75 7.6
      vertex 72.799 96.75 4
    endloop
  endfacet
  facet normal 0.608104 0.793857 -0
    outer loop
      vertex 72.5607 107.561 4
      vertex 72.25 107.799 7.6
      vertex 72.5607 107.561 7.6
    endloop
  endfacet
  facet normal 0.608104 0.793857 0
    outer loop
      vertex 72.25 107.799 7.6
      vertex 72.5607 107.561 4
      vertex 72.25 107.799 4
    endloop
  endfacet
  facet normal 0.130256 0.99148 -0
    outer loop
      vertex 71.8882 107.949 3
      vertex 71.5 108 7.6
      vertex 71.8882 107.949 7.6
    endloop
  endfacet
  facet normal 0.130256 0.99148 0
    outer loop
      vertex 71.5 108 7.6
      vertex 71.8882 107.949 3
      vertex 71.5 108 3
    endloop
  endfacet
  facet normal -0.130256 0.99148 0
    outer loop
      vertex 65.5 108 3
      vertex 65.1118 107.949 7.6
      vertex 65.5 108 7.6
    endloop
  endfacet
  facet normal -0.130256 0.99148 0
    outer loop
      vertex 65.1118 107.949 7.6
      vertex 65.5 108 3
      vertex 65.1118 107.949 3
    endloop
  endfacet
  facet normal -0.382983 0.923755 0
    outer loop
      vertex 65.1118 107.949 3
      vertex 64.75 107.799 7.6
      vertex 65.1118 107.949 7.6
    endloop
  endfacet
  facet normal -0.382983 0.923755 0
    outer loop
      vertex 64.75 107.799 7.6
      vertex 65.1118 107.949 3
      vertex 64.75 107.799 3
    endloop
  endfacet
  facet normal 0 0 1
    outer loop
      vertex 71.5 108 7.6
      vertex 73 106.5 7.6
      vertex 72.9489 106.888 7.6
    endloop
  endfacet
  facet normal 0 0 1
    outer loop
      vertex 73 106.5 7.6
      vertex 69.3284 98.3284 7.6
      vertex 73 97.5 7.6
    endloop
  endfacet
  facet normal 0 0 1
    outer loop
      vertex 71.5 108 7.6
      vertex 72.9489 106.888 7.6
      vertex 72.799 107.25 7.6
    endloop
  endfacet
  facet normal -0 -0 1
    outer loop
      vertex 69.8259 97.7223 7.6
      vertex 73 97.5 7.6
      vertex 69.3284 98.3284 7.6
    endloop
  endfacet
  facet normal 0 0 1
    outer loop
      vertex 71.5 108 7.6
      vertex 72.799 107.25 7.6
      vertex 72.5607 107.561 7.6
    endloop
  endfacet
  facet normal 0 -0 1
    outer loop
      vertex 70.1955 97.0307 7.6
      vertex 73 97.5 7.6
      vertex 69.8259 97.7223 7.6
    endloop
  endfacet
  facet normal 0 0 1
    outer loop
      vertex 71.5 108 7.6
      vertex 72.5607 107.561 7.6
      vertex 72.25 107.799 7.6
    endloop
  endfacet
  facet normal 0 0 1
    outer loop
      vertex 73 97.5 7.6
      vertex 70.1955 97.0307 7.6
      vertex 72.9489 97.1118 7.6
    endloop
  endfacet
  facet normal 0 0 1
    outer loop
      vertex 71.5 108 7.6
      vertex 72.25 107.799 7.6
      vertex 71.8882 107.949 7.6
    endloop
  endfacet
  facet normal 0 0 1
    outer loop
      vertex 72.9489 97.1118 7.6
      vertex 70.1955 97.0307 7.6
      vertex 72.799 96.75 7.6
    endloop
  endfacet
  facet normal 0 0 1
    outer loop
      vertex 73 106.5 7.6
      vertex 71.5 108 7.6
      vertex 65.732 102 7.6
    endloop
  endfacet
  facet normal 0 0 1
    outer loop
      vertex 72.5607 96.4393 7.6
      vertex 70.1955 97.0307 7.6
      vertex 72.25 96.201 7.6
    endloop
  endfacet
  facet normal 0 0 1
    outer loop
      vertex 72.25 96.201 7.6
      vertex 70.1955 97.0307 7.6
      vertex 71.8882 96.0511 7.6
    endloop
  endfacet
  facet normal 0 0 1
    outer loop
      vertex 71.5 96 7.6
      vertex 70.4231 96.2804 7.6
      vertex 70.4508 96 7.6
    endloop
  endfacet
  facet normal 0 0 1
    outer loop
      vertex 71.5 96 7.6
      vertex 70.1955 97.0307 7.6
      vertex 70.4231 96.2804 7.6
    endloop
  endfacet
  facet normal 0 0 1
    outer loop
      vertex 71.8882 96.0511 7.6
      vertex 70.1955 97.0307 7.6
      vertex 71.5 96 7.6
    endloop
  endfacet
  facet normal 0 0 1
    outer loop
      vertex 72.799 96.75 7.6
      vertex 70.1955 97.0307 7.6
      vertex 72.5607 96.4393 7.6
    endloop
  endfacet
  facet normal 0 0 1
    outer loop
      vertex 73 106.5 7.6
      vertex 68.7223 98.8259 7.6
      vertex 69.3284 98.3284 7.6
    endloop
  endfacet
  facet normal 0 0 1
    outer loop
      vertex 73 106.5 7.6
      vertex 68.0307 99.1955 7.6
      vertex 68.7223 98.8259 7.6
    endloop
  endfacet
  facet normal 0 0 1
    outer loop
      vertex 73 106.5 7.6
      vertex 65.9319 101.518 7.6
      vertex 68.0307 99.1955 7.6
    endloop
  endfacet
  facet normal 0 0 1
    outer loop
      vertex 68.0307 99.1955 7.6
      vertex 65.9319 101.518 7.6
      vertex 67.2804 99.4231 7.6
    endloop
  endfacet
  facet normal -0 -0 1
    outer loop
      vertex 66 101 7.6
      vertex 67.2804 99.4231 7.6
      vertex 65.9319 101.518 7.6
    endloop
  endfacet
  facet normal 0 0 1
    outer loop
      vertex 67.2804 99.4231 7.6
      vertex 66 101 7.6
      vertex 66.5 99.5 7.6
    endloop
  endfacet
  facet normal 0 0 1
    outer loop
      vertex 73 106.5 7.6
      vertex 65.732 102 7.6
      vertex 65.9319 101.518 7.6
    endloop
  endfacet
  facet normal 0 0 1
    outer loop
      vertex 65.4142 102.414 7.6
      vertex 71.5 108 7.6
      vertex 65.5 108 7.6
    endloop
  endfacet
  facet normal 0 0 1
    outer loop
      vertex 71.5 108 7.6
      vertex 65.4142 102.414 7.6
      vertex 65.732 102 7.6
    endloop
  endfacet
  facet normal 0 0 1
    outer loop
      vertex 64 106.5 7.6
      vertex 65.5 108 7.6
      vertex 65.1118 107.949 7.6
    endloop
  endfacet
  facet normal 0 0 1
    outer loop
      vertex 65.5 108 7.6
      vertex 65 102.732 7.6
      vertex 65.4142 102.414 7.6
    endloop
  endfacet
  facet normal 0 0 1
    outer loop
      vertex 64 106.5 7.6
      vertex 65.1118 107.949 7.6
      vertex 64.75 107.799 7.6
    endloop
  endfacet
  facet normal 0 0 1
    outer loop
      vertex 65.5 108 7.6
      vertex 64 106.5 7.6
      vertex 65 102.732 7.6
    endloop
  endfacet
  facet normal 0 0 1
    outer loop
      vertex 64 106.5 7.6
      vertex 64.75 107.799 7.6
      vertex 64.4393 107.561 7.6
    endloop
  endfacet
  facet normal 0 0 1
    outer loop
      vertex 64 106.5 7.6
      vertex 64.4393 107.561 7.6
      vertex 64.201 107.25 7.6
    endloop
  endfacet
  facet normal 0 0 1
    outer loop
      vertex 64 106.5 7.6
      vertex 64.201 107.25 7.6
      vertex 64.0511 106.888 7.6
    endloop
  endfacet
  facet normal 0 0 1
    outer loop
      vertex 65 102.732 7.6
      vertex 64 106.5 7.6
      vertex 64.5176 102.932 7.6
    endloop
  endfacet
  facet normal 0 0 1
    outer loop
      vertex 64.5176 102.932 7.6
      vertex 64 106.5 7.6
      vertex 64 103 7.6
    endloop
  endfacet
  facet normal 0 0 1
    outer loop
      vertex 66.5 99.5 7.6
      vertex 66 101 7.6
      vertex 66 99.4508 7.6
    endloop
  endfacet
  facet normal 0 0 1
    outer loop
      vertex 68.4919 96.65 7.6
      vertex 68.7342 96 7.6
      vertex 68.7216 96.0953 7.6
    endloop
  endfacet
  facet normal 0 0 1
    outer loop
      vertex 66 96 7.6
      vertex 68.4919 96.65 7.6
      vertex 68.1263 97.1263 7.6
    endloop
  endfacet
  facet normal 0 0 1
    outer loop
      vertex 66 96 7.6
      vertex 68.1263 97.1263 7.6
      vertex 67.65 97.4919 7.6
    endloop
  endfacet
  facet normal 0 0 1
    outer loop
      vertex 66 96 7.6
      vertex 67.65 97.4919 7.6
      vertex 67.0953 97.7216 7.6
    endloop
  endfacet
  facet normal 0 0 1
    outer loop
      vertex 66 96 7.6
      vertex 67.0953 97.7216 7.6
      vertex 66.5 97.8 7.6
    endloop
  endfacet
  facet normal 0 0 1
    outer loop
      vertex 66 96 7.6
      vertex 66.5 97.8 7.6
      vertex 66 97.7342 7.6
    endloop
  endfacet
  facet normal 0 0 1
    outer loop
      vertex 68.4919 96.65 7.6
      vertex 66 96 7.6
      vertex 68.7342 96 7.6
    endloop
  endfacet
  facet normal -1 0 0
    outer loop
      vertex 71 96 4.1
      vertex 71 108 6.5
      vertex 71 108 4.1
    endloop
  endfacet
  facet normal -1 -0 0
    outer loop
      vertex 71 108 6.5
      vertex 71 96 4.1
      vertex 71 96 6.5
    endloop
  endfacet
  facet normal 0 0 -1
    outer loop
      vertex 70.4231 96.2804 6.5
      vertex 71 96 6.5
      vertex 70.4508 96 6.5
    endloop
  endfacet
  facet normal 0 0 -1
    outer loop
      vertex 70.1955 97.0307 6.5
      vertex 71 96 6.5
      vertex 70.4231 96.2804 6.5
    endloop
  endfacet
  facet normal 0 0 -1
    outer loop
      vertex 69.8259 97.7223 6.5
      vertex 71 96 6.5
      vertex 70.1955 97.0307 6.5
    endloop
  endfacet
  facet normal 0 0 -1
    outer loop
      vertex 71 96 6.5
      vertex 69.8259 97.7223 6.5
      vertex 71 108 6.5
    endloop
  endfacet
  facet normal 0 0 -1
    outer loop
      vertex 69.3284 98.3284 6.5
      vertex 71 108 6.5
      vertex 69.8259 97.7223 6.5
    endloop
  endfacet
  facet normal 0 0 -1
    outer loop
      vertex 68.7223 98.8259 6.5
      vertex 71 108 6.5
      vertex 69.3284 98.3284 6.5
    endloop
  endfacet
  facet normal 0 0 -1
    outer loop
      vertex 68.0307 99.1955 6.5
      vertex 71 108 6.5
      vertex 68.7223 98.8259 6.5
    endloop
  endfacet
  facet normal 0 0 -1
    outer loop
      vertex 66 101 6.5
      vertex 68.0307 99.1955 6.5
      vertex 67.2804 99.4231 6.5
    endloop
  endfacet
  facet normal 0 0 -1
    outer loop
      vertex 66 101 6.5
      vertex 67.2804 99.4231 6.5
      vertex 66.5 99.5 6.5
    endloop
  endfacet
  facet normal 0 0 -1
    outer loop
      vertex 66 101 6.5
      vertex 66.5 99.5 6.5
      vertex 66 99.4508 6.5
    endloop
  endfacet
  facet normal 0 0 -1
    outer loop
      vertex 68.0307 99.1955 6.5
      vertex 66 101 6.5
      vertex 71 108 6.5
    endloop
  endfacet
  facet normal -0 0 -1
    outer loop
      vertex 71 108 6.5
      vertex 66 101 6.5
      vertex 66 108 6.5
    endloop
  endfacet
  facet normal 0 0 -1
    outer loop
      vertex 68.7342 96 6.5
      vertex 68.4919 96.65 6.5
      vertex 68.7216 96.0953 6.5
    endloop
  endfacet
  facet normal 0 0 -1
    outer loop
      vertex 66 96 6.5
      vertex 68.4919 96.65 6.5
      vertex 68.7342 96 6.5
    endloop
  endfacet
  facet normal -0 0 -1
    outer loop
      vertex 68.4919 96.65 6.5
      vertex 66 96 6.5
      vertex 68.1263 97.1263 6.5
    endloop
  endfacet
  facet normal -0 0 -1
    outer loop
      vertex 68.1263 97.1263 6.5
      vertex 66 96 6.5
      vertex 67.65 97.4919 6.5
    endloop
  endfacet
  facet normal -0 0 -1
    outer loop
      vertex 67.65 97.4919 6.5
      vertex 66 96 6.5
      vertex 67.0953 97.7216 6.5
    endloop
  endfacet
  facet normal -0 0 -1
    outer loop
      vertex 67.0953 97.7216 6.5
      vertex 66 96 6.5
      vertex 66.5 97.8 6.5
    endloop
  endfacet
  facet normal 0 0 -1
    outer loop
      vertex 66.5 97.8 6.5
      vertex 66 96 6.5
      vertex 66 97.7342 6.5
    endloop
  endfacet
  facet normal -0 0 1
    outer loop
      vertex 69.8259 97.7223 4.1
      vertex 71 96 4.1
      vertex 71 108 4.1
    endloop
  endfacet
  facet normal 0 0 1
    outer loop
      vertex 71 96 4.1
      vertex 70.4231 96.2804 4.1
      vertex 70.4508 96 4.1
    endloop
  endfacet
  facet normal 0 0 1
    outer loop
      vertex 71 96 4.1
      vertex 70.1955 97.0307 4.1
      vertex 70.4231 96.2804 4.1
    endloop
  endfacet
  facet normal 0 0 1
    outer loop
      vertex 71 96 4.1
      vertex 69.8259 97.7223 4.1
      vertex 70.1955 97.0307 4.1
    endloop
  endfacet
  facet normal 0 0 1
    outer loop
      vertex 71 108 4.1
      vertex 69.3284 98.3284 4.1
      vertex 69.8259 97.7223 4.1
    endloop
  endfacet
  facet normal 0 0 1
    outer loop
      vertex 71 108 4.1
      vertex 68.7223 98.8259 4.1
      vertex 69.3284 98.3284 4.1
    endloop
  endfacet
  facet normal 0 0 1
    outer loop
      vertex 71 108 4.1
      vertex 68.0307 99.1955 4.1
      vertex 68.7223 98.8259 4.1
    endloop
  endfacet
  facet normal -0 0 1
    outer loop
      vertex 66 101 4.1
      vertex 68.0307 99.1955 4.1
      vertex 71 108 4.1
    endloop
  endfacet
  facet normal 0 0 1
    outer loop
      vertex 68.0307 99.1955 4.1
      vertex 66 101 4.1
      vertex 67.2804 99.4231 4.1
    endloop
  endfacet
  facet normal 0 0 1
    outer loop
      vertex 66 101 4.1
      vertex 71 108 4.1
      vertex 66 108 4.1
    endloop
  endfacet
  facet normal 0 0 1
    outer loop
      vertex 67.2804 99.4231 4.1
      vertex 66 101 4.1
      vertex 66.5 99.5 4.1
    endloop
  endfacet
  facet normal 0 0 1
    outer loop
      vertex 66.5 99.5 4.1
      vertex 66 101 4.1
      vertex 66 99.4508 4.1
    endloop
  endfacet
  facet normal 0.608217 -0.793771 0
    outer loop
      vertex 134.25 96.201 3
      vertex 134.561 96.4393 7.6
      vertex 134.25 96.201 7.6
    endloop
  endfacet
  facet normal 0.608217 -0.793771 0
    outer loop
      vertex 134.561 96.4393 7.6
      vertex 134.25 96.201 3
      vertex 134.561 96.4393 3
    endloop
  endfacet
  facet normal 0.130573 -0.991439 0
    outer loop
      vertex 133.5 96 3
      vertex 133.888 96.0511 7.6
      vertex 133.5 96 7.6
    endloop
  endfacet
  facet normal 0.130573 -0.991439 0
    outer loop
      vertex 133.888 96.0511 7.6
      vertex 133.5 96 3
      vertex 133.888 96.0511 3
    endloop
  endfacet
  facet normal 1 -0 0
    outer loop
      vertex 135 97.5 7.6
      vertex 135 106.5 3
      vertex 135 106.5 7.6
    endloop
  endfacet
  facet normal 1 0 0
    outer loop
      vertex 135 106.5 3
      vertex 135 97.5 7.6
      vertex 135 97.5 3
    endloop
  endfacet
  facet normal 0.793857 -0.608104 0
    outer loop
      vertex 134.561 96.4393 7.6
      vertex 134.799 96.75 3
      vertex 134.799 96.75 7.6
    endloop
  endfacet
  facet normal 0.793857 -0.608104 0
    outer loop
      vertex 134.799 96.75 3
      vertex 134.561 96.4393 7.6
      vertex 134.561 96.4393 3
    endloop
  endfacet
  facet normal 0 1 0
    outer loop
      vertex 133.5 108 7.6
      vertex 133 108 6.5
      vertex 127.5 108 7.6
    endloop
  endfacet
  facet normal 0 1 0
    outer loop
      vertex 133.5 108 7.6
      vertex 133 108 4.1
      vertex 133 108 6.5
    endloop
  endfacet
  facet normal 0 1 0
    outer loop
      vertex 133 108 4.1
      vertex 133.5 108 3
      vertex 128 108 4.1
    endloop
  endfacet
  facet normal 0 1 -0
    outer loop
      vertex 133.5 108 3
      vertex 133 108 4.1
      vertex 133.5 108 7.6
    endloop
  endfacet
  facet normal 0 1 -0
    outer loop
      vertex 128 108 6.5
      vertex 127.5 108 7.6
      vertex 133 108 6.5
    endloop
  endfacet
  facet normal 0 1 -0
    outer loop
      vertex 128 108 4.1
      vertex 127.5 108 7.6
      vertex 128 108 6.5
    endloop
  endfacet
  facet normal 0 1 0
    outer loop
      vertex 128 108 4.1
      vertex 127.5 108 3
      vertex 127.5 108 7.6
    endloop
  endfacet
  facet normal 0 1 0
    outer loop
      vertex 127.5 108 3
      vertex 128 108 4.1
      vertex 133.5 108 3
    endloop
  endfacet
  facet normal 0 -1 0
    outer loop
      vertex 128.451 96 4.1
      vertex 128.451 96 3
      vertex 133 96 4.1
    endloop
  endfacet
  facet normal 0 -1 0
    outer loop
      vertex 133 96 6.5
      vertex 128.451 96 7.6
      vertex 128.451 96 6.5
    endloop
  endfacet
  facet normal 0 -1 0
    outer loop
      vertex 128.451 96 7.6
      vertex 133 96 6.5
      vertex 133.5 96 7.6
    endloop
  endfacet
  facet normal 0 -1 0
    outer loop
      vertex 133 96 4.1
      vertex 133.5 96 7.6
      vertex 133 96 6.5
    endloop
  endfacet
  facet normal 0 -1 0
    outer loop
      vertex 133 96 4.1
      vertex 133.5 96 3
      vertex 133.5 96 7.6
    endloop
  endfacet
  facet normal 0 -1 0
    outer loop
      vertex 133.5 96 3
      vertex 133 96 4.1
      vertex 128.451 96 3
    endloop
  endfacet
  facet normal 0.79414 0.607734 0
    outer loop
      vertex 134.799 107.25 7.6
      vertex 134.561 107.561 3
      vertex 134.561 107.561 7.6
    endloop
  endfacet
  facet normal 0.79414 0.607734 0
    outer loop
      vertex 134.561 107.561 3
      vertex 134.799 107.25 7.6
      vertex 134.799 107.25 3
    endloop
  endfacet
  facet normal -0.923755 -0.382983 0
    outer loop
      vertex 126.201 96.75 4.11
      vertex 126.051 97.1118 7.6
      vertex 126.051 97.1118 4.11
    endloop
  endfacet
  facet normal -0.923755 -0.382983 0
    outer loop
      vertex 126.051 97.1118 7.6
      vertex 126.201 96.75 4.11
      vertex 126.201 96.75 7.6
    endloop
  endfacet
  facet normal 0.99148 -0.130256 0
    outer loop
      vertex 134.949 97.1118 7.6
      vertex 135 97.5 3
      vertex 135 97.5 7.6
    endloop
  endfacet
  facet normal 0.99148 -0.130256 0
    outer loop
      vertex 135 97.5 3
      vertex 134.949 97.1118 7.6
      vertex 134.949 97.1118 3
    endloop
  endfacet
  facet normal 0.991472 0.130322 0
    outer loop
      vertex 135 106.5 7.6
      vertex 134.949 106.888 3
      vertex 134.949 106.888 7.6
    endloop
  endfacet
  facet normal 0.991472 0.130322 0
    outer loop
      vertex 134.949 106.888 3
      vertex 135 106.5 7.6
      vertex 135 106.5 3
    endloop
  endfacet
  facet normal -0.607734 0.79414 0
    outer loop
      vertex 126.75 107.799 3
      vertex 126.439 107.561 7.6
      vertex 126.75 107.799 7.6
    endloop
  endfacet
  facet normal -0.607734 0.79414 0
    outer loop
      vertex 126.439 107.561 7.6
      vertex 126.75 107.799 3
      vertex 126.439 107.561 3
    endloop
  endfacet
  facet normal -0.608513 -0.793544 0
    outer loop
      vertex 126.439 96.4393 4.11
      vertex 126.644 96.2821 7.6
      vertex 126.439 96.4393 7.6
    endloop
  endfacet
  facet normal -0.608513 -0.793544 -0
    outer loop
      vertex 126.644 96.2821 7.6
      vertex 126.439 96.4393 4.11
      vertex 126.644 96.2821 4.11
    endloop
  endfacet
  facet normal -0.793857 -0.608104 0
    outer loop
      vertex 126.439 96.4393 4.11
      vertex 126.201 96.75 7.6
      vertex 126.201 96.75 4.11
    endloop
  endfacet
  facet normal -0.793857 -0.608104 0
    outer loop
      vertex 126.201 96.75 7.6
      vertex 126.439 96.4393 4.11
      vertex 126.439 96.4393 7.6
    endloop
  endfacet
  facet normal -0.991472 0.130322 0
    outer loop
      vertex 126 106.5 3
      vertex 126.051 106.888 7.6
      vertex 126.051 106.888 3
    endloop
  endfacet
  facet normal -0.991472 0.130322 0
    outer loop
      vertex 126.051 106.888 7.6
      vertex 126 106.5 3
      vertex 126 106.5 7.6
    endloop
  endfacet
  facet normal 0.382585 -0.92392 0
    outer loop
      vertex 133.888 96.0511 3
      vertex 134.25 96.201 7.6
      vertex 133.888 96.0511 7.6
    endloop
  endfacet
  facet normal 0.382585 -0.92392 0
    outer loop
      vertex 134.25 96.201 7.6
      vertex 133.888 96.0511 3
      vertex 134.25 96.201 3
    endloop
  endfacet
  facet normal 0.92383 0.382803 0
    outer loop
      vertex 134.949 106.888 7.6
      vertex 134.799 107.25 3
      vertex 134.799 107.25 7.6
    endloop
  endfacet
  facet normal 0.92383 0.382803 0
    outer loop
      vertex 134.799 107.25 3
      vertex 134.949 106.888 7.6
      vertex 134.949 106.888 3
    endloop
  endfacet
  facet normal 0.382803 0.92383 -0
    outer loop
      vertex 134.25 107.799 3
      vertex 133.888 107.949 7.6
      vertex 134.25 107.799 7.6
    endloop
  endfacet
  facet normal 0.382803 0.92383 0
    outer loop
      vertex 133.888 107.949 7.6
      vertex 134.25 107.799 3
      vertex 133.888 107.949 3
    endloop
  endfacet
  facet normal -0.79414 0.607734 0
    outer loop
      vertex 126.201 107.25 3
      vertex 126.439 107.561 7.6
      vertex 126.439 107.561 3
    endloop
  endfacet
  facet normal -0.79414 0.607734 0
    outer loop
      vertex 126.439 107.561 7.6
      vertex 126.201 107.25 3
      vertex 126.201 107.25 7.6
    endloop
  endfacet
  facet normal -0.92383 0.382803 0
    outer loop
      vertex 126.051 106.888 3
      vertex 126.201 107.25 7.6
      vertex 126.201 107.25 3
    endloop
  endfacet
  facet normal -0.92383 0.382803 0
    outer loop
      vertex 126.201 107.25 7.6
      vertex 126.051 106.888 3
      vertex 126.051 106.888 7.6
    endloop
  endfacet
  facet normal -1 0 0
    outer loop
      vertex 126 99.2048 3
      vertex 126 106.5 7.6
      vertex 126 106.5 3
    endloop
  endfacet
  facet normal -1 -0 0
    outer loop
      vertex 126 106.5 7.6
      vertex 126 99.2048 3
      vertex 126 99.2048 7.6
    endloop
  endfacet
  facet normal 0.923755 -0.382983 0
    outer loop
      vertex 134.799 96.75 7.6
      vertex 134.949 97.1118 3
      vertex 134.949 97.1118 7.6
    endloop
  endfacet
  facet normal 0.923755 -0.382983 0
    outer loop
      vertex 134.949 97.1118 3
      vertex 134.799 96.75 7.6
      vertex 134.799 96.75 3
    endloop
  endfacet
  facet normal 0.607734 0.79414 -0
    outer loop
      vertex 134.561 107.561 3
      vertex 134.25 107.799 7.6
      vertex 134.561 107.561 7.6
    endloop
  endfacet
  facet normal 0.607734 0.79414 0
    outer loop
      vertex 134.25 107.799 7.6
      vertex 134.561 107.561 3
      vertex 134.25 107.799 3
    endloop
  endfacet
  facet normal -0.992354 -0.123427 0
    outer loop
      vertex 126.051 97.1118 4.11
      vertex 126.041 97.1922 7.6
      vertex 126.041 97.1922 4.11
    endloop
  endfacet
  facet normal -0.992354 -0.123427 0
    outer loop
      vertex 126.041 97.1922 7.6
      vertex 126.051 97.1118 4.11
      vertex 126.051 97.1118 7.6
    endloop
  endfacet
  facet normal 0.130322 0.991472 -0
    outer loop
      vertex 133.888 107.949 3
      vertex 133.5 108 7.6
      vertex 133.888 107.949 7.6
    endloop
  endfacet
  facet normal 0.130322 0.991472 0
    outer loop
      vertex 133.5 108 7.6
      vertex 133.888 107.949 3
      vertex 133.5 108 3
    endloop
  endfacet
  facet normal -0.130322 0.991472 0
    outer loop
      vertex 127.5 108 3
      vertex 127.112 107.949 7.6
      vertex 127.5 108 7.6
    endloop
  endfacet
  facet normal -0.130322 0.991472 0
    outer loop
      vertex 127.112 107.949 7.6
      vertex 127.5 108 3
      vertex 127.112 107.949 3
    endloop
  endfacet
  facet normal -0.382803 0.92383 0
    outer loop
      vertex 127.112 107.949 3
      vertex 126.75 107.799 7.6
      vertex 127.112 107.949 7.6
    endloop
  endfacet
  facet normal -0.382803 0.92383 0
    outer loop
      vertex 126.75 107.799 7.6
      vertex 127.112 107.949 3
      vertex 126.75 107.799 3
    endloop
  endfacet
  facet normal 0 0 1
    outer loop
      vertex 133.5 108 7.6
      vertex 135 106.5 7.6
      vertex 134.949 106.888 7.6
    endloop
  endfacet
  facet normal 0 0 1
    outer loop
      vertex 135 106.5 7.6
      vertex 127.328 98.3284 7.6
      vertex 135 97.5 7.6
    endloop
  endfacet
  facet normal 0 0 1
    outer loop
      vertex 133.5 108 7.6
      vertex 134.949 106.888 7.6
      vertex 134.799 107.25 7.6
    endloop
  endfacet
  facet normal -0 -0 1
    outer loop
      vertex 127.826 97.7223 7.6
      vertex 135 97.5 7.6
      vertex 127.328 98.3284 7.6
    endloop
  endfacet
  facet normal 0 0 1
    outer loop
      vertex 133.5 108 7.6
      vertex 134.799 107.25 7.6
      vertex 134.561 107.561 7.6
    endloop
  endfacet
  facet normal 0 -0 1
    outer loop
      vertex 133.5 96 7.6
      vertex 135 97.5 7.6
      vertex 127.826 97.7223 7.6
    endloop
  endfacet
  facet normal 0 0 1
    outer loop
      vertex 133.5 108 7.6
      vertex 134.561 107.561 7.6
      vertex 134.25 107.799 7.6
    endloop
  endfacet
  facet normal 0 0 1
    outer loop
      vertex 126 106.5 7.6
      vertex 135 106.5 7.6
      vertex 133.5 108 7.6
    endloop
  endfacet
  facet normal 0 0 1
    outer loop
      vertex 133.5 108 7.6
      vertex 134.25 107.799 7.6
      vertex 133.888 107.949 7.6
    endloop
  endfacet
  facet normal 0 0 1
    outer loop
      vertex 135 97.5 7.6
      vertex 133.5 96 7.6
      vertex 134.949 97.1118 7.6
    endloop
  endfacet
  facet normal 0 0 1
    outer loop
      vertex 134.561 96.4393 7.6
      vertex 133.5 96 7.6
      vertex 134.25 96.201 7.6
    endloop
  endfacet
  facet normal 0 0 1
    outer loop
      vertex 134.25 96.201 7.6
      vertex 133.5 96 7.6
      vertex 133.888 96.0511 7.6
    endloop
  endfacet
  facet normal 0 0 1
    outer loop
      vertex 134.949 97.1118 7.6
      vertex 133.5 96 7.6
      vertex 134.799 96.75 7.6
    endloop
  endfacet
  facet normal 0 0 1
    outer loop
      vertex 133.5 96 7.6
      vertex 128.423 96.2804 7.6
      vertex 128.451 96 7.6
    endloop
  endfacet
  facet normal 0 0 1
    outer loop
      vertex 133.5 96 7.6
      vertex 128.196 97.0307 7.6
      vertex 128.423 96.2804 7.6
    endloop
  endfacet
  facet normal 0 0 1
    outer loop
      vertex 133.5 96 7.6
      vertex 127.826 97.7223 7.6
      vertex 128.196 97.0307 7.6
    endloop
  endfacet
  facet normal 0 0 1
    outer loop
      vertex 126 106.5 7.6
      vertex 133.5 108 7.6
      vertex 127.5 108 7.6
    endloop
  endfacet
  facet normal 0 0 1
    outer loop
      vertex 134.799 96.75 7.6
      vertex 133.5 96 7.6
      vertex 134.561 96.4393 7.6
    endloop
  endfacet
  facet normal 0 0 1
    outer loop
      vertex 126 106.5 7.6
      vertex 127.5 108 7.6
      vertex 127.112 107.949 7.6
    endloop
  endfacet
  facet normal 0 0 1
    outer loop
      vertex 126 106.5 7.6
      vertex 127.112 107.949 7.6
      vertex 126.75 107.799 7.6
    endloop
  endfacet
  facet normal 0 0 1
    outer loop
      vertex 135 106.5 7.6
      vertex 126 106.5 7.6
      vertex 126.722 98.8259 7.6
    endloop
  endfacet
  facet normal 0 0 1
    outer loop
      vertex 126 106.5 7.6
      vertex 126.75 107.799 7.6
      vertex 126.439 107.561 7.6
    endloop
  endfacet
  facet normal 0 0 1
    outer loop
      vertex 126 106.5 7.6
      vertex 126.439 107.561 7.6
      vertex 126.201 107.25 7.6
    endloop
  endfacet
  facet normal 0 0 1
    outer loop
      vertex 126 106.5 7.6
      vertex 126.201 107.25 7.6
      vertex 126.051 106.888 7.6
    endloop
  endfacet
  facet normal 0 0 1
    outer loop
      vertex 135 106.5 7.6
      vertex 126.722 98.8259 7.6
      vertex 127.328 98.3284 7.6
    endloop
  endfacet
  facet normal 0 0 1
    outer loop
      vertex 126.722 98.8259 7.6
      vertex 126 106.5 7.6
      vertex 126.031 99.1955 7.6
    endloop
  endfacet
  facet normal 0 0 1
    outer loop
      vertex 126.031 99.1955 7.6
      vertex 126 106.5 7.6
      vertex 126 99.2048 7.6
    endloop
  endfacet
  facet normal 0 0 1
    outer loop
      vertex 126.492 96.65 7.6
      vertex 126.439 96.4393 7.6
      vertex 126.644 96.2821 7.6
    endloop
  endfacet
  facet normal 0 0 1
    outer loop
      vertex 126.492 96.65 7.6
      vertex 126.201 96.75 7.6
      vertex 126.439 96.4393 7.6
    endloop
  endfacet
  facet normal 0 0 1
    outer loop
      vertex 126.126 97.1263 7.6
      vertex 126.201 96.75 7.6
      vertex 126.492 96.65 7.6
    endloop
  endfacet
  facet normal 0 0 1
    outer loop
      vertex 126.126 97.1263 7.6
      vertex 126.051 97.1118 7.6
      vertex 126.201 96.75 7.6
    endloop
  endfacet
  facet normal 0 -0 1
    outer loop
      vertex 126.051 97.1118 7.6
      vertex 126.126 97.1263 7.6
      vertex 126.041 97.1922 7.6
    endloop
  endfacet
  facet normal -1 0 0
    outer loop
      vertex 133 96 4.1
      vertex 133 108 6.5
      vertex 133 108 4.1
    endloop
  endfacet
  facet normal -1 -0 0
    outer loop
      vertex 133 108 6.5
      vertex 133 96 4.1
      vertex 133 96 6.5
    endloop
  endfacet
  facet normal 0 0 -1
    outer loop
      vertex 128.423 96.2804 6.5
      vertex 133 96 6.5
      vertex 128.451 96 6.5
    endloop
  endfacet
  facet normal 0 0 -1
    outer loop
      vertex 128.196 97.0307 6.5
      vertex 133 96 6.5
      vertex 128.423 96.2804 6.5
    endloop
  endfacet
  facet normal 0 0 -1
    outer loop
      vertex 128 97.3965 6.5
      vertex 133 96 6.5
      vertex 128.196 97.0307 6.5
    endloop
  endfacet
  facet normal 0 0 -1
    outer loop
      vertex 133 96 6.5
      vertex 128 97.3965 6.5
      vertex 133 108 6.5
    endloop
  endfacet
  facet normal -0 0 -1
    outer loop
      vertex 133 108 6.5
      vertex 128 97.3965 6.5
      vertex 128 108 6.5
    endloop
  endfacet
  facet normal -0 0 1
    outer loop
      vertex 128 97.3965 4.1
      vertex 133 96 4.1
      vertex 133 108 4.1
    endloop
  endfacet
  facet normal 0 0 1
    outer loop
      vertex 133 96 4.1
      vertex 128.423 96.2804 4.1
      vertex 128.451 96 4.1
    endloop
  endfacet
  facet normal 0 0 1
    outer loop
      vertex 133 96 4.1
      vertex 128.196 97.0307 4.1
      vertex 128.423 96.2804 4.1
    endloop
  endfacet
  facet normal 0 0 1
    outer loop
      vertex 128 97.3965 4.1
      vertex 133 108 4.1
      vertex 128 108 4.1
    endloop
  endfacet
  facet normal 0 0 1
    outer loop
      vertex 133 96 4.1
      vertex 128 97.3965 4.1
      vertex 128.196 97.0307 4.1
    endloop
  endfacet
  facet normal 1 -0 0
    outer loop
      vertex 128 97.3965 6.5
      vertex 128 108 4.1
      vertex 128 108 6.5
    endloop
  endfacet
  facet normal 1 0 0
    outer loop
      vertex 128 108 4.1
      vertex 128 97.3965 6.5
      vertex 128 97.3965 4.1
    endloop
  endfacet
  facet normal 0.608217 -0.793771 0
    outer loop
      vertex 162.25 96.201 3
      vertex 162.561 96.4393 7.6
      vertex 162.25 96.201 7.6
    endloop
  endfacet
  facet normal 0.608217 -0.793771 0
    outer loop
      vertex 162.561 96.4393 7.6
      vertex 162.25 96.201 3
      vertex 162.561 96.4393 3
    endloop
  endfacet
  facet normal 0.130573 -0.991439 0
    outer loop
      vertex 161.5 96 3
      vertex 161.888 96.0511 7.6
      vertex 161.5 96 7.6
    endloop
  endfacet
  facet normal 0.130573 -0.991439 0
    outer loop
      vertex 161.888 96.0511 7.6
      vertex 161.5 96 3
      vertex 161.888 96.0511 3
    endloop
  endfacet
  facet normal 1 -0 0
    outer loop
      vertex 163 97.5 7.6
      vertex 163 106.5 3
      vertex 163 106.5 7.6
    endloop
  endfacet
  facet normal 1 0 0
    outer loop
      vertex 163 106.5 3
      vertex 163 97.5 7.6
      vertex 163 97.5 3
    endloop
  endfacet
  facet normal 0.793857 -0.608104 0
    outer loop
      vertex 162.561 96.4393 7.6
      vertex 162.799 96.75 3
      vertex 162.799 96.75 7.6
    endloop
  endfacet
  facet normal 0.793857 -0.608104 0
    outer loop
      vertex 162.799 96.75 3
      vertex 162.561 96.4393 7.6
      vertex 162.561 96.4393 3
    endloop
  endfacet
  facet normal -0.382585 -0.92392 0
    outer loop
      vertex 154.75 96.201 3
      vertex 155.112 96.0511 7.6
      vertex 154.75 96.201 7.6
    endloop
  endfacet
  facet normal -0.382585 -0.92392 -0
    outer loop
      vertex 155.112 96.0511 7.6
      vertex 154.75 96.201 3
      vertex 155.112 96.0511 3
    endloop
  endfacet
  facet normal 0 1 0
    outer loop
      vertex 161.5 108 7.6
      vertex 161 108 6.5
      vertex 155.5 108 7.6
    endloop
  endfacet
  facet normal 0 1 0
    outer loop
      vertex 161.5 108 7.6
      vertex 161 108 4.1
      vertex 161 108 6.5
    endloop
  endfacet
  facet normal 0 1 0
    outer loop
      vertex 161 108 4.1
      vertex 161.5 108 3
      vertex 156 108 4.1
    endloop
  endfacet
  facet normal 0 1 -0
    outer loop
      vertex 161.5 108 3
      vertex 161 108 4.1
      vertex 161.5 108 7.6
    endloop
  endfacet
  facet normal 0 1 -0
    outer loop
      vertex 156 108 6.5
      vertex 155.5 108 7.6
      vertex 161 108 6.5
    endloop
  endfacet
  facet normal 0 1 -0
    outer loop
      vertex 156 108 4.1
      vertex 155.5 108 7.6
      vertex 156 108 6.5
    endloop
  endfacet
  facet normal 0 1 0
    outer loop
      vertex 156 108 4.1
      vertex 155.5 108 3
      vertex 155.5 108 7.6
    endloop
  endfacet
  facet normal 0 1 0
    outer loop
      vertex 155.5 108 3
      vertex 156 108 4.1
      vertex 161.5 108 3
    endloop
  endfacet
  facet normal 0 -1 0
    outer loop
      vertex 155.5 96 7.6
      vertex 156 96 6.5
      vertex 161.5 96 7.6
    endloop
  endfacet
  facet normal 0 -1 0
    outer loop
      vertex 155.5 96 7.6
      vertex 156 96 4.1
      vertex 156 96 6.5
    endloop
  endfacet
  facet normal 0 -1 -0
    outer loop
      vertex 156 96 4.1
      vertex 155.5 96 3
      vertex 161 96 4.1
    endloop
  endfacet
  facet normal 0 -1 0
    outer loop
      vertex 155.5 96 3
      vertex 156 96 4.1
      vertex 155.5 96 7.6
    endloop
  endfacet
  facet normal 0 -1 0
    outer loop
      vertex 161 96 6.5
      vertex 161.5 96 7.6
      vertex 156 96 6.5
    endloop
  endfacet
  facet normal 0 -1 0
    outer loop
      vertex 161 96 4.1
      vertex 161.5 96 7.6
      vertex 161 96 6.5
    endloop
  endfacet
  facet normal 0 -1 0
    outer loop
      vertex 161 96 4.1
      vertex 161.5 96 3
      vertex 161.5 96 7.6
    endloop
  endfacet
  facet normal 0 -1 0
    outer loop
      vertex 161.5 96 3
      vertex 161 96 4.1
      vertex 155.5 96 3
    endloop
  endfacet
  facet normal 0.79414 0.607734 0
    outer loop
      vertex 162.799 107.25 7.6
      vertex 162.561 107.561 3
      vertex 162.561 107.561 7.6
    endloop
  endfacet
  facet normal 0.79414 0.607734 0
    outer loop
      vertex 162.561 107.561 3
      vertex 162.799 107.25 7.6
      vertex 162.799 107.25 3
    endloop
  endfacet
  facet normal -0.923755 -0.382983 0
    outer loop
      vertex 154.201 96.75 3
      vertex 154.051 97.1118 7.6
      vertex 154.051 97.1118 3
    endloop
  endfacet
  facet normal -0.923755 -0.382983 0
    outer loop
      vertex 154.051 97.1118 7.6
      vertex 154.201 96.75 3
      vertex 154.201 96.75 7.6
    endloop
  endfacet
  facet normal 0.99148 -0.130256 0
    outer loop
      vertex 162.949 97.1118 7.6
      vertex 163 97.5 3
      vertex 163 97.5 7.6
    endloop
  endfacet
  facet normal 0.99148 -0.130256 0
    outer loop
      vertex 163 97.5 3
      vertex 162.949 97.1118 7.6
      vertex 162.949 97.1118 3
    endloop
  endfacet
  facet normal 0.991472 0.130322 0
    outer loop
      vertex 163 106.5 7.6
      vertex 162.949 106.888 3
      vertex 162.949 106.888 7.6
    endloop
  endfacet
  facet normal 0.991472 0.130322 0
    outer loop
      vertex 162.949 106.888 3
      vertex 163 106.5 7.6
      vertex 163 106.5 3
    endloop
  endfacet
  facet normal -0.607734 0.79414 0
    outer loop
      vertex 154.75 107.799 3
      vertex 154.439 107.561 7.6
      vertex 154.75 107.799 7.6
    endloop
  endfacet
  facet normal -0.607734 0.79414 0
    outer loop
      vertex 154.439 107.561 7.6
      vertex 154.75 107.799 3
      vertex 154.439 107.561 3
    endloop
  endfacet
  facet normal -0.608217 -0.793771 0
    outer loop
      vertex 154.439 96.4393 3
      vertex 154.75 96.201 7.6
      vertex 154.439 96.4393 7.6
    endloop
  endfacet
  facet normal -0.608217 -0.793771 -0
    outer loop
      vertex 154.75 96.201 7.6
      vertex 154.439 96.4393 3
      vertex 154.75 96.201 3
    endloop
  endfacet
  facet normal -0.793857 -0.608104 0
    outer loop
      vertex 154.439 96.4393 3
      vertex 154.201 96.75 7.6
      vertex 154.201 96.75 3
    endloop
  endfacet
  facet normal -0.793857 -0.608104 0
    outer loop
      vertex 154.201 96.75 7.6
      vertex 154.439 96.4393 3
      vertex 154.439 96.4393 7.6
    endloop
  endfacet
  facet normal -0.991472 0.130322 0
    outer loop
      vertex 154 106.5 3
      vertex 154.051 106.888 7.6
      vertex 154.051 106.888 3
    endloop
  endfacet
  facet normal -0.991472 0.130322 0
    outer loop
      vertex 154.051 106.888 7.6
      vertex 154 106.5 3
      vertex 154 106.5 7.6
    endloop
  endfacet
  facet normal 0.382585 -0.92392 0
    outer loop
      vertex 161.888 96.0511 3
      vertex 162.25 96.201 7.6
      vertex 161.888 96.0511 7.6
    endloop
  endfacet
  facet normal 0.382585 -0.92392 0
    outer loop
      vertex 162.25 96.201 7.6
      vertex 161.888 96.0511 3
      vertex 162.25 96.201 3
    endloop
  endfacet
  facet normal 0.92383 0.382803 0
    outer loop
      vertex 162.949 106.888 7.6
      vertex 162.799 107.25 3
      vertex 162.799 107.25 7.6
    endloop
  endfacet
  facet normal 0.92383 0.382803 0
    outer loop
      vertex 162.799 107.25 3
      vertex 162.949 106.888 7.6
      vertex 162.949 106.888 3
    endloop
  endfacet
  facet normal 0.382803 0.92383 -0
    outer loop
      vertex 162.25 107.799 3
      vertex 161.888 107.949 7.6
      vertex 162.25 107.799 7.6
    endloop
  endfacet
  facet normal 0.382803 0.92383 0
    outer loop
      vertex 161.888 107.949 7.6
      vertex 162.25 107.799 3
      vertex 161.888 107.949 3
    endloop
  endfacet
  facet normal -0.79414 0.607734 0
    outer loop
      vertex 154.201 107.25 3
      vertex 154.439 107.561 7.6
      vertex 154.439 107.561 3
    endloop
  endfacet
  facet normal -0.79414 0.607734 0
    outer loop
      vertex 154.439 107.561 7.6
      vertex 154.201 107.25 3
      vertex 154.201 107.25 7.6
    endloop
  endfacet
  facet normal -0.92383 0.382803 0
    outer loop
      vertex 154.051 106.888 3
      vertex 154.201 107.25 7.6
      vertex 154.201 107.25 3
    endloop
  endfacet
  facet normal -0.92383 0.382803 0
    outer loop
      vertex 154.201 107.25 7.6
      vertex 154.051 106.888 3
      vertex 154.051 106.888 7.6
    endloop
  endfacet
  facet normal -1 0 0
    outer loop
      vertex 154 97.5 3
      vertex 154 106.5 7.6
      vertex 154 106.5 3
    endloop
  endfacet
  facet normal -1 -0 0
    outer loop
      vertex 154 106.5 7.6
      vertex 154 97.5 3
      vertex 154 97.5 7.6
    endloop
  endfacet
  facet normal 0 0 -1
    outer loop
      vertex 161.222 103.405 2.6
      vertex 161.222 104.595 2.6
      vertex 161.3 104 2.6
    endloop
  endfacet
  facet normal 0 0 -1
    outer loop
      vertex 160.992 102.85 2.6
      vertex 161.222 104.595 2.6
      vertex 161.222 103.405 2.6
    endloop
  endfacet
  facet normal 0 0 -1
    outer loop
      vertex 160.992 102.85 2.6
      vertex 160.992 105.15 2.6
      vertex 161.222 104.595 2.6
    endloop
  endfacet
  facet normal 0 0 -1
    outer loop
      vertex 160.626 102.374 2.6
      vertex 160.992 105.15 2.6
      vertex 160.992 102.85 2.6
    endloop
  endfacet
  facet normal 0 0 -1
    outer loop
      vertex 160.626 102.374 2.6
      vertex 160.626 105.626 2.6
      vertex 160.992 105.15 2.6
    endloop
  endfacet
  facet normal 0 0 -1
    outer loop
      vertex 160.15 102.008 2.6
      vertex 160.626 105.626 2.6
      vertex 160.626 102.374 2.6
    endloop
  endfacet
  facet normal 0 0 -1
    outer loop
      vertex 160.15 102.008 2.6
      vertex 160.15 105.992 2.6
      vertex 160.626 105.626 2.6
    endloop
  endfacet
  facet normal 0 0 -1
    outer loop
      vertex 159.595 101.778 2.6
      vertex 160.15 105.992 2.6
      vertex 160.15 102.008 2.6
    endloop
  endfacet
  facet normal 0 0 -1
    outer loop
      vertex 159.595 101.778 2.6
      vertex 159.595 106.222 2.6
      vertex 160.15 105.992 2.6
    endloop
  endfacet
  facet normal 0 0 -1
    outer loop
      vertex 159 101.7 2.6
      vertex 159.595 106.222 2.6
      vertex 159.595 101.778 2.6
    endloop
  endfacet
  facet normal 0 0 -1
    outer loop
      vertex 159 101.7 2.6
      vertex 159 106.3 2.6
      vertex 159.595 106.222 2.6
    endloop
  endfacet
  facet normal 0 0 -1
    outer loop
      vertex 158.405 101.778 2.6
      vertex 159 106.3 2.6
      vertex 159 101.7 2.6
    endloop
  endfacet
  facet normal 0 0 -1
    outer loop
      vertex 158.405 101.778 2.6
      vertex 158.405 106.222 2.6
      vertex 159 106.3 2.6
    endloop
  endfacet
  facet normal 0 0 -1
    outer loop
      vertex 157.85 102.008 2.6
      vertex 158.405 106.222 2.6
      vertex 158.405 101.778 2.6
    endloop
  endfacet
  facet normal 0 0 -1
    outer loop
      vertex 157.85 102.008 2.6
      vertex 157.85 105.992 2.6
      vertex 158.405 106.222 2.6
    endloop
  endfacet
  facet normal 0 0 -1
    outer loop
      vertex 157.374 102.374 2.6
      vertex 157.85 105.992 2.6
      vertex 157.85 102.008 2.6
    endloop
  endfacet
  facet normal 0 0 -1
    outer loop
      vertex 157.374 102.374 2.6
      vertex 157.374 105.626 2.6
      vertex 157.85 105.992 2.6
    endloop
  endfacet
  facet normal 0 0 -1
    outer loop
      vertex 157.008 102.85 2.6
      vertex 157.374 105.626 2.6
      vertex 157.374 102.374 2.6
    endloop
  endfacet
  facet normal 0 0 -1
    outer loop
      vertex 157.008 102.85 2.6
      vertex 157.008 105.15 2.6
      vertex 157.374 105.626 2.6
    endloop
  endfacet
  facet normal 0 0 -1
    outer loop
      vertex 156.778 103.405 2.6
      vertex 157.008 105.15 2.6
      vertex 157.008 102.85 2.6
    endloop
  endfacet
  facet normal 0 0 -1
    outer loop
      vertex 156.778 103.405 2.6
      vertex 156.778 104.595 2.6
      vertex 157.008 105.15 2.6
    endloop
  endfacet
  facet normal 0 -0 -1
    outer loop
      vertex 156.778 104.595 2.6
      vertex 156.778 103.405 2.6
      vertex 156.7 104 2.6
    endloop
  endfacet
  facet normal 0.923755 -0.382983 0
    outer loop
      vertex 162.799 96.75 7.6
      vertex 162.949 97.1118 3
      vertex 162.949 97.1118 7.6
    endloop
  endfacet
  facet normal 0.923755 -0.382983 0
    outer loop
      vertex 162.949 97.1118 3
      vertex 162.799 96.75 7.6
      vertex 162.799 96.75 3
    endloop
  endfacet
  facet normal 0.607734 0.79414 -0
    outer loop
      vertex 162.561 107.561 3
      vertex 162.25 107.799 7.6
      vertex 162.561 107.561 7.6
    endloop
  endfacet
  facet normal 0.607734 0.79414 0
    outer loop
      vertex 162.25 107.799 7.6
      vertex 162.561 107.561 3
      vertex 162.25 107.799 3
    endloop
  endfacet
  facet normal -0.99148 -0.130256 0
    outer loop
      vertex 154.051 97.1118 3
      vertex 154 97.5 7.6
      vertex 154 97.5 3
    endloop
  endfacet
  facet normal -0.99148 -0.130256 0
    outer loop
      vertex 154 97.5 7.6
      vertex 154.051 97.1118 3
      vertex 154.051 97.1118 7.6
    endloop
  endfacet
  facet normal 0.130322 0.991472 -0
    outer loop
      vertex 161.888 107.949 3
      vertex 161.5 108 7.6
      vertex 161.888 107.949 7.6
    endloop
  endfacet
  facet normal 0.130322 0.991472 0
    outer loop
      vertex 161.5 108 7.6
      vertex 161.888 107.949 3
      vertex 161.5 108 3
    endloop
  endfacet
  facet normal -0.130322 0.991472 0
    outer loop
      vertex 155.5 108 3
      vertex 155.112 107.949 7.6
      vertex 155.5 108 7.6
    endloop
  endfacet
  facet normal -0.130322 0.991472 0
    outer loop
      vertex 155.112 107.949 7.6
      vertex 155.5 108 3
      vertex 155.112 107.949 3
    endloop
  endfacet
  facet normal -0.382803 0.92383 0
    outer loop
      vertex 155.112 107.949 3
      vertex 154.75 107.799 7.6
      vertex 155.112 107.949 7.6
    endloop
  endfacet
  facet normal -0.382803 0.92383 0
    outer loop
      vertex 154.75 107.799 7.6
      vertex 155.112 107.949 3
      vertex 154.75 107.799 3
    endloop
  endfacet
  facet normal 0 0 1
    outer loop
      vertex 161.5 108 7.6
      vertex 163 106.5 7.6
      vertex 162.949 106.888 7.6
    endloop
  endfacet
  facet normal 0 0 1
    outer loop
      vertex 163 106.5 7.6
      vertex 154 106.5 7.6
      vertex 163 97.5 7.6
    endloop
  endfacet
  facet normal 0 0 1
    outer loop
      vertex 161.5 108 7.6
      vertex 162.949 106.888 7.6
      vertex 162.799 107.25 7.6
    endloop
  endfacet
  facet normal 0 0 1
    outer loop
      vertex 163 106.5 7.6
      vertex 161.5 108 7.6
      vertex 154 106.5 7.6
    endloop
  endfacet
  facet normal 0 0 1
    outer loop
      vertex 161.5 108 7.6
      vertex 162.799 107.25 7.6
      vertex 162.561 107.561 7.6
    endloop
  endfacet
  facet normal 0 0 1
    outer loop
      vertex 154 97.5 7.6
      vertex 163 97.5 7.6
      vertex 154 106.5 7.6
    endloop
  endfacet
  facet normal 0 0 1
    outer loop
      vertex 161.5 108 7.6
      vertex 162.561 107.561 7.6
      vertex 162.25 107.799 7.6
    endloop
  endfacet
  facet normal 0 0 1
    outer loop
      vertex 162.949 97.1118 7.6
      vertex 161.5 96 7.6
      vertex 162.799 96.75 7.6
    endloop
  endfacet
  facet normal 0 0 1
    outer loop
      vertex 161.5 108 7.6
      vertex 162.25 107.799 7.6
      vertex 161.888 107.949 7.6
    endloop
  endfacet
  facet normal 0 0 1
    outer loop
      vertex 162.799 96.75 7.6
      vertex 161.5 96 7.6
      vertex 162.561 96.4393 7.6
    endloop
  endfacet
  facet normal 0 0 1
    outer loop
      vertex 162.561 96.4393 7.6
      vertex 161.5 96 7.6
      vertex 162.25 96.201 7.6
    endloop
  endfacet
  facet normal 0 0 1
    outer loop
      vertex 162.25 96.201 7.6
      vertex 161.5 96 7.6
      vertex 161.888 96.0511 7.6
    endloop
  endfacet
  facet normal 0 0 1
    outer loop
      vertex 154 106.5 7.6
      vertex 161.5 108 7.6
      vertex 155.5 108 7.6
    endloop
  endfacet
  facet normal 0 -0 1
    outer loop
      vertex 161.5 96 7.6
      vertex 163 97.5 7.6
      vertex 154 97.5 7.6
    endloop
  endfacet
  facet normal 0 0 1
    outer loop
      vertex 154 106.5 7.6
      vertex 155.5 108 7.6
      vertex 155.112 107.949 7.6
    endloop
  endfacet
  facet normal 0 0 1
    outer loop
      vertex 163 97.5 7.6
      vertex 161.5 96 7.6
      vertex 162.949 97.1118 7.6
    endloop
  endfacet
  facet normal 0 0 1
    outer loop
      vertex 154 106.5 7.6
      vertex 155.112 107.949 7.6
      vertex 154.75 107.799 7.6
    endloop
  endfacet
  facet normal 0 0 1
    outer loop
      vertex 161.5 96 7.6
      vertex 154 97.5 7.6
      vertex 155.5 96 7.6
    endloop
  endfacet
  facet normal 0 0 1
    outer loop
      vertex 154 106.5 7.6
      vertex 154.75 107.799 7.6
      vertex 154.439 107.561 7.6
    endloop
  endfacet
  facet normal 0 0 1
    outer loop
      vertex 155.5 96 7.6
      vertex 154 97.5 7.6
      vertex 155.112 96.0511 7.6
    endloop
  endfacet
  facet normal 0 0 1
    outer loop
      vertex 154 106.5 7.6
      vertex 154.439 107.561 7.6
      vertex 154.201 107.25 7.6
    endloop
  endfacet
  facet normal 0 0 1
    outer loop
      vertex 155.112 96.0511 7.6
      vertex 154 97.5 7.6
      vertex 154.75 96.201 7.6
    endloop
  endfacet
  facet normal 0 0 1
    outer loop
      vertex 154 106.5 7.6
      vertex 154.201 107.25 7.6
      vertex 154.051 106.888 7.6
    endloop
  endfacet
  facet normal 0 0 1
    outer loop
      vertex 154.75 96.201 7.6
      vertex 154 97.5 7.6
      vertex 154.439 96.4393 7.6
    endloop
  endfacet
  facet normal 0 0 1
    outer loop
      vertex 154.439 96.4393 7.6
      vertex 154 97.5 7.6
      vertex 154.201 96.75 7.6
    endloop
  endfacet
  facet normal 0 0 1
    outer loop
      vertex 154.201 96.75 7.6
      vertex 154 97.5 7.6
      vertex 154.051 97.1118 7.6
    endloop
  endfacet
  facet normal -0.130573 -0.991439 0
    outer loop
      vertex 155.112 96.0511 3
      vertex 155.5 96 7.6
      vertex 155.112 96.0511 7.6
    endloop
  endfacet
  facet normal -0.130573 -0.991439 -0
    outer loop
      vertex 155.5 96 7.6
      vertex 155.112 96.0511 3
      vertex 155.5 96 3
    endloop
  endfacet
  facet normal -1 0 0
    outer loop
      vertex 161 96 4.1
      vertex 161 108 6.5
      vertex 161 108 4.1
    endloop
  endfacet
  facet normal -1 -0 0
    outer loop
      vertex 161 108 6.5
      vertex 161 96 4.1
      vertex 161 96 6.5
    endloop
  endfacet
  facet normal 0 0 -1
    outer loop
      vertex 156 96 6.5
      vertex 161 108 6.5
      vertex 161 96 6.5
    endloop
  endfacet
  facet normal -0 0 -1
    outer loop
      vertex 161 108 6.5
      vertex 156 96 6.5
      vertex 156 108 6.5
    endloop
  endfacet
  facet normal -0 0 1
    outer loop
      vertex 156 108 4.1
      vertex 161 96 4.1
      vertex 161 108 4.1
    endloop
  endfacet
  facet normal 0 0 1
    outer loop
      vertex 161 96 4.1
      vertex 156 108 4.1
      vertex 156 96 4.1
    endloop
  endfacet
  facet normal 1 -0 0
    outer loop
      vertex 156 96 6.5
      vertex 156 108 4.1
      vertex 156 108 6.5
    endloop
  endfacet
  facet normal 1 0 0
    outer loop
      vertex 156 108 4.1
      vertex 156 96 6.5
      vertex 156 96 4.1
    endloop
  endfacet
endsolid OpenSCAD_Model
