solid OpenSCAD_Model
  facet normal -1 0 0
    outer loop
      vertex 0 6 0
      vertex 0 150 8
      vertex 0 150 0
    endloop
  endfacet
  facet normal -1 -0 0
    outer loop
      vertex 0 150 8
      vertex 0 6 0
      vertex 0 6 8
    endloop
  endfacet
  facet normal -1 0 0
    outer loop
      vertex 0 6 48
      vertex 0 150 56
      vertex 0 150 48
    endloop
  endfacet
  facet normal -1 -0 0
    outer loop
      vertex 0 150 56
      vertex 0 6 48
      vertex 0 6 56
    endloop
  endfacet
  facet normal -0.608556 0.793511 0
    outer loop
      vertex 3 155.196 0
      vertex 1.75736 154.243 8
      vertex 3 155.196 8
    endloop
  endfacet
  facet normal -0.608556 0.793511 0
    outer loop
      vertex 1.75736 154.243 8
      vertex 3 155.196 0
      vertex 1.75736 154.243 0
    endloop
  endfacet
  facet normal -0.608556 0.793511 0
    outer loop
      vertex 3 155.196 48
      vertex 1.75736 154.243 56
      vertex 3 155.196 56
    endloop
  endfacet
  facet normal -0.608556 0.793511 0
    outer loop
      vertex 1.75736 154.243 56
      vertex 3 155.196 48
      vertex 1.75736 154.243 48
    endloop
  endfacet
  facet normal -0.130527 -0.991445 0
    outer loop
      vertex 4.44709 0.204445 0
      vertex 6 0 8
      vertex 4.44709 0.204445 8
    endloop
  endfacet
  facet normal -0.130527 -0.991445 -0
    outer loop
      vertex 6 0 8
      vertex 4.44709 0.204445 0
      vertex 6 0 0
    endloop
  endfacet
  facet normal -0.130527 -0.991445 0
    outer loop
      vertex 4.44709 0.204445 48
      vertex 6 0 56
      vertex 4.44709 0.204445 56
    endloop
  endfacet
  facet normal -0.130527 -0.991445 -0
    outer loop
      vertex 6 0 56
      vertex 4.44709 0.204445 48
      vertex 6 0 48
    endloop
  endfacet
  facet normal 0.130248 0.991481 -0
    outer loop
      vertex 73.5529 155.796 0
      vertex 72 156 56
      vertex 73.5529 155.796 56
    endloop
  endfacet
  facet normal 0.130248 0.991481 0
    outer loop
      vertex 72 156 56
      vertex 73.5529 155.796 0
      vertex 72 156 0
    endloop
  endfacet
  facet normal -0.991446 0.130519 0
    outer loop
      vertex 0 150 0
      vertex 0.204445 151.553 8
      vertex 0.204445 151.553 0
    endloop
  endfacet
  facet normal -0.991446 0.130519 0
    outer loop
      vertex 0.204445 151.553 8
      vertex 0 150 0
      vertex 0 150 8
    endloop
  endfacet
  facet normal -0.991446 0.130519 0
    outer loop
      vertex 0 150 48
      vertex 0.204445 151.553 56
      vertex 0.204445 151.553 48
    endloop
  endfacet
  facet normal -0.991446 0.130519 0
    outer loop
      vertex 0.204445 151.553 56
      vertex 0 150 48
      vertex 0 150 56
    endloop
  endfacet
  facet normal -0.991445 -0.130527 0
    outer loop
      vertex 0.204445 4.44709 0
      vertex 0 6 8
      vertex 0 6 0
    endloop
  endfacet
  facet normal -0.991445 -0.130527 0
    outer loop
      vertex 0 6 8
      vertex 0.204445 4.44709 0
      vertex 0.204445 4.44709 8
    endloop
  endfacet
  facet normal -0.991445 -0.130527 0
    outer loop
      vertex 0.204445 4.44709 48
      vertex 0 6 56
      vertex 0 6 48
    endloop
  endfacet
  facet normal -0.991445 -0.130527 0
    outer loop
      vertex 0 6 56
      vertex 0.204445 4.44709 48
      vertex 0.204445 4.44709 56
    endloop
  endfacet
  facet normal 0 1 0
    outer loop
      vertex 72 156 56
      vertex 20 156 48
      vertex 6 156 56
    endloop
  endfacet
  facet normal 0 1 0
    outer loop
      vertex 72 156 56
      vertex 48.576 156 33
      vertex 20 156 48
    endloop
  endfacet
  facet normal 0 1 0
    outer loop
      vertex 72 156 56
      vertex 48.576 156 23
      vertex 48.576 156 33
    endloop
  endfacet
  facet normal 0 1 0
    outer loop
      vertex 48.576 156 23
      vertex 20 156 8
      vertex 29.424 156 23
    endloop
  endfacet
  facet normal 0 1 -0
    outer loop
      vertex 72 156 0
      vertex 48.576 156 23
      vertex 72 156 56
    endloop
  endfacet
  facet normal 0 1 0
    outer loop
      vertex 72 156 0
      vertex 20 156 8
      vertex 48.576 156 23
    endloop
  endfacet
  facet normal 0 1 0
    outer loop
      vertex 6 156 0
      vertex 20 156 8
      vertex 72 156 0
    endloop
  endfacet
  facet normal 0 1 0
    outer loop
      vertex 20 156 8
      vertex 6 156 0
      vertex 6 156 8
    endloop
  endfacet
  facet normal 0 1 0
    outer loop
      vertex 6 156 56
      vertex 20 156 48
      vertex 6 156 48
    endloop
  endfacet
  facet normal 0 1 -0
    outer loop
      vertex 29.424 156 33
      vertex 20 156 48
      vertex 48.576 156 33
    endloop
  endfacet
  facet normal 0 1 -0
    outer loop
      vertex 29.424 156 23
      vertex 20 156 48
      vertex 29.424 156 33
    endloop
  endfacet
  facet normal 0 1 0
    outer loop
      vertex 20 156 48
      vertex 29.424 156 23
      vertex 20 156 8
    endloop
  endfacet
  facet normal 0.991449 -0.130498 0
    outer loop
      vertex 77.7956 4.44709 56
      vertex 78 6 0
      vertex 78 6 56
    endloop
  endfacet
  facet normal 0.991449 -0.130498 0
    outer loop
      vertex 78 6 0
      vertex 77.7956 4.44709 56
      vertex 77.7956 4.44709 0
    endloop
  endfacet
  facet normal 0.38268 -0.923881 0
    outer loop
      vertex 73.5529 0.204445 0
      vertex 75 0.803847 56
      vertex 73.5529 0.204445 56
    endloop
  endfacet
  facet normal 0.38268 -0.923881 0
    outer loop
      vertex 75 0.803847 56
      vertex 73.5529 0.204445 0
      vertex 75 0.803847 0
    endloop
  endfacet
  facet normal -0.608762 -0.793353 0
    outer loop
      vertex 1.75736 1.75736 48
      vertex 3 0.803847 56
      vertex 1.75736 1.75736 56
    endloop
  endfacet
  facet normal -0.608762 -0.793353 -0
    outer loop
      vertex 3 0.803847 56
      vertex 1.75736 1.75736 48
      vertex 3 0.803847 48
    endloop
  endfacet
  facet normal -0.608762 -0.793353 0
    outer loop
      vertex 1.75736 1.75736 0
      vertex 3 0.803847 8
      vertex 1.75736 1.75736 8
    endloop
  endfacet
  facet normal -0.608762 -0.793353 -0
    outer loop
      vertex 3 0.803847 8
      vertex 1.75736 1.75736 0
      vertex 3 0.803847 0
    endloop
  endfacet
  facet normal 0.608774 -0.793343 0
    outer loop
      vertex 75 0.803847 0
      vertex 76.2426 1.75736 56
      vertex 75 0.803847 56
    endloop
  endfacet
  facet normal 0.608774 -0.793343 0
    outer loop
      vertex 76.2426 1.75736 56
      vertex 75 0.803847 0
      vertex 76.2426 1.75736 0
    endloop
  endfacet
  facet normal 1 -0 0
    outer loop
      vertex 78 144 56
      vertex 78 150 0
      vertex 78 150 56
    endloop
  endfacet
  facet normal 1 0 0
    outer loop
      vertex 78 150 0
      vertex 78 144 56
      vertex 78 144 0
    endloop
  endfacet
  facet normal 1 0 0
    outer loop
      vertex 78 20 56
      vertex 78 18 34
      vertex 78 20 34
    endloop
  endfacet
  facet normal 1 0 0
    outer loop
      vertex 78 10.6421 27.56
      vertex 78 18 34
      vertex 78 10.7 28
    endloop
  endfacet
  facet normal 1 -0 0
    outer loop
      vertex 78 6 56
      vertex 78 18 34
      vertex 78 20 56
    endloop
  endfacet
  facet normal 1 0 0
    outer loop
      vertex 78 18 34
      vertex 78 10.6421 28.44
      vertex 78 10.7 28
    endloop
  endfacet
  facet normal 1 0 0
    outer loop
      vertex 78 18 34
      vertex 78 10.4722 28.85
      vertex 78 10.6421 28.44
    endloop
  endfacet
  facet normal 1 0 0
    outer loop
      vertex 78 18 34
      vertex 78 10.2021 29.2021
      vertex 78 10.4722 28.85
    endloop
  endfacet
  facet normal 1 0 0
    outer loop
      vertex 78 18 34
      vertex 78 9.85 29.4722
      vertex 78 10.2021 29.2021
    endloop
  endfacet
  facet normal 1 0 0
    outer loop
      vertex 78 18 34
      vertex 78 9.43999 29.6421
      vertex 78 9.85 29.4722
    endloop
  endfacet
  facet normal 1 0 -0
    outer loop
      vertex 78 9 29.7
      vertex 78 18 34
      vertex 78 6 56
    endloop
  endfacet
  facet normal 1 0 0
    outer loop
      vertex 78 18 34
      vertex 78 9 29.7
      vertex 78 9.43999 29.6421
    endloop
  endfacet
  facet normal 1 0 0
    outer loop
      vertex 78 9 29.7
      vertex 78 6 56
      vertex 78 8.56001 29.6421
    endloop
  endfacet
  facet normal 1 0 0
    outer loop
      vertex 78 8.56001 29.6421
      vertex 78 6 56
      vertex 78 8.15 29.4722
    endloop
  endfacet
  facet normal 1 0 0
    outer loop
      vertex 78 8.15 29.4722
      vertex 78 6 56
      vertex 78 7.79792 29.2021
    endloop
  endfacet
  facet normal 1 0 0
    outer loop
      vertex 78 7.35793 28.44
      vertex 78 6 56
      vertex 78 7.3 28
    endloop
  endfacet
  facet normal 1 0 0
    outer loop
      vertex 78 7.52776 28.85
      vertex 78 6 56
      vertex 78 7.35793 28.44
    endloop
  endfacet
  facet normal 1 0 0
    outer loop
      vertex 78 7.79792 29.2021
      vertex 78 6 56
      vertex 78 7.52776 28.85
    endloop
  endfacet
  facet normal 1 -0 0
    outer loop
      vertex 78 18 18
      vertex 78 20 0
      vertex 78 20 18
    endloop
  endfacet
  facet normal 1 0 0
    outer loop
      vertex 78 18 34
      vertex 78 10.6421 27.56
      vertex 78 18 18
    endloop
  endfacet
  facet normal 1 -0 0
    outer loop
      vertex 78 10.4722 27.15
      vertex 78 18 18
      vertex 78 10.6421 27.56
    endloop
  endfacet
  facet normal 1 -0 0
    outer loop
      vertex 78 10.2021 26.7979
      vertex 78 18 18
      vertex 78 10.4722 27.15
    endloop
  endfacet
  facet normal 1 -0 0
    outer loop
      vertex 78 9.85 26.5278
      vertex 78 18 18
      vertex 78 10.2021 26.7979
    endloop
  endfacet
  facet normal 1 -0 0
    outer loop
      vertex 78 9.43999 26.3579
      vertex 78 18 18
      vertex 78 9.85 26.5278
    endloop
  endfacet
  facet normal 1 -0 0
    outer loop
      vertex 78 9 26.3
      vertex 78 18 18
      vertex 78 9.43999 26.3579
    endloop
  endfacet
  facet normal 1 0 0
    outer loop
      vertex 78 8.56001 26.3579
      vertex 78 18 18
      vertex 78 9 26.3
    endloop
  endfacet
  facet normal 1 0 0
    outer loop
      vertex 78 18 18
      vertex 78 8.56001 26.3579
      vertex 78 6 0
    endloop
  endfacet
  facet normal 1 0 0
    outer loop
      vertex 78 6 0
      vertex 78 8.56001 26.3579
      vertex 78 8.15 26.5278
    endloop
  endfacet
  facet normal 1 0 0
    outer loop
      vertex 78 6 0
      vertex 78 8.15 26.5278
      vertex 78 7.79792 26.7979
    endloop
  endfacet
  facet normal 1 0 0
    outer loop
      vertex 78 6 0
      vertex 78 7.79792 26.7979
      vertex 78 7.52776 27.15
    endloop
  endfacet
  facet normal 1 0 0
    outer loop
      vertex 78 18 18
      vertex 78 6 0
      vertex 78 20 0
    endloop
  endfacet
  facet normal 1 0 0
    outer loop
      vertex 78 7.35793 27.56
      vertex 78 6 0
      vertex 78 7.52776 27.15
    endloop
  endfacet
  facet normal 1 0 0
    outer loop
      vertex 78 7.3 28
      vertex 78 6 0
      vertex 78 7.35793 27.56
    endloop
  endfacet
  facet normal 1 0 0
    outer loop
      vertex 78 6 0
      vertex 78 7.3 28
      vertex 78 6 56
    endloop
  endfacet
  facet normal 0.923881 -0.382681 0
    outer loop
      vertex 77.1962 3 56
      vertex 77.7956 4.44709 0
      vertex 77.7956 4.44709 56
    endloop
  endfacet
  facet normal 0.923881 -0.382681 0
    outer loop
      vertex 77.7956 4.44709 0
      vertex 77.1962 3 56
      vertex 77.1962 3 0
    endloop
  endfacet
  facet normal 0.793411 0.608686 0
    outer loop
      vertex 77.1962 153 56
      vertex 76.2426 154.243 0
      vertex 76.2426 154.243 56
    endloop
  endfacet
  facet normal 0.793411 0.608686 0
    outer loop
      vertex 76.2426 154.243 0
      vertex 77.1962 153 56
      vertex 77.1962 153 0
    endloop
  endfacet
  facet normal 0 -1 0
    outer loop
      vertex 6 0 8
      vertex 6 0 0
      vertex 20 0 8
    endloop
  endfacet
  facet normal 0 -1 0
    outer loop
      vertex 20 0 48
      vertex 27.75 0 22.75
      vertex 27.75 0 33.25
    endloop
  endfacet
  facet normal 0 -1 -0
    outer loop
      vertex 27.75 0 22.75
      vertex 20 0 8
      vertex 50.25 0 22.75
    endloop
  endfacet
  facet normal 0 -1 0
    outer loop
      vertex 20 0 8
      vertex 27.75 0 22.75
      vertex 20 0 48
    endloop
  endfacet
  facet normal 0 -1 0
    outer loop
      vertex 20 0 48
      vertex 6 0 56
      vertex 6 0 48
    endloop
  endfacet
  facet normal 0 -1 0
    outer loop
      vertex 6 0 56
      vertex 20 0 48
      vertex 72 0 56
    endloop
  endfacet
  facet normal 0 -1 0
    outer loop
      vertex 50.25 0 33.25
      vertex 20 0 48
      vertex 27.75 0 33.25
    endloop
  endfacet
  facet normal 0 -1 0
    outer loop
      vertex 20 0 48
      vertex 50.25 0 33.25
      vertex 72 0 56
    endloop
  endfacet
  facet normal 0 -1 0
    outer loop
      vertex 50.25 0 22.75
      vertex 72 0 56
      vertex 50.25 0 33.25
    endloop
  endfacet
  facet normal 0 -1 0
    outer loop
      vertex 72 0 0
      vertex 20 0 8
      vertex 6 0 0
    endloop
  endfacet
  facet normal 0 -1 0
    outer loop
      vertex 50.25 0 22.75
      vertex 72 0 0
      vertex 72 0 56
    endloop
  endfacet
  facet normal 0 -1 0
    outer loop
      vertex 20 0 8
      vertex 72 0 0
      vertex 50.25 0 22.75
    endloop
  endfacet
  facet normal -0.130247 0.991482 0
    outer loop
      vertex 6 156 48
      vertex 4.44709 155.796 56
      vertex 6 156 56
    endloop
  endfacet
  facet normal -0.130247 0.991482 0
    outer loop
      vertex 4.44709 155.796 56
      vertex 6 156 48
      vertex 4.44709 155.796 48
    endloop
  endfacet
  facet normal -0.130247 0.991482 0
    outer loop
      vertex 6 156 0
      vertex 4.44709 155.796 8
      vertex 6 156 8
    endloop
  endfacet
  facet normal -0.130247 0.991482 0
    outer loop
      vertex 4.44709 155.796 8
      vertex 6 156 0
      vertex 4.44709 155.796 0
    endloop
  endfacet
  facet normal 0.608568 0.793502 -0
    outer loop
      vertex 76.2426 154.243 0
      vertex 75 155.196 56
      vertex 76.2426 154.243 56
    endloop
  endfacet
  facet normal 0.608568 0.793502 0
    outer loop
      vertex 75 155.196 56
      vertex 76.2426 154.243 0
      vertex 75 155.196 0
    endloop
  endfacet
  facet normal 0.130527 -0.991445 0
    outer loop
      vertex 72 0 0
      vertex 73.5529 0.204445 56
      vertex 72 0 56
    endloop
  endfacet
  facet normal 0.130527 -0.991445 0
    outer loop
      vertex 73.5529 0.204445 56
      vertex 72 0 0
      vertex 73.5529 0.204445 0
    endloop
  endfacet
  facet normal -0.793353 -0.608762 0
    outer loop
      vertex 1.75736 1.75736 48
      vertex 0.803847 3 56
      vertex 0.803847 3 48
    endloop
  endfacet
  facet normal -0.793353 -0.608762 0
    outer loop
      vertex 0.803847 3 56
      vertex 1.75736 1.75736 48
      vertex 1.75736 1.75736 56
    endloop
  endfacet
  facet normal -0.793353 -0.608762 0
    outer loop
      vertex 1.75736 1.75736 0
      vertex 0.803847 3 8
      vertex 0.803847 3 0
    endloop
  endfacet
  facet normal -0.793353 -0.608762 0
    outer loop
      vertex 0.803847 3 8
      vertex 1.75736 1.75736 0
      vertex 1.75736 1.75736 8
    endloop
  endfacet
  facet normal -0.382682 -0.92388 0
    outer loop
      vertex 3 0.803847 48
      vertex 4.44709 0.204445 56
      vertex 3 0.803847 56
    endloop
  endfacet
  facet normal -0.382682 -0.92388 -0
    outer loop
      vertex 4.44709 0.204445 56
      vertex 3 0.803847 48
      vertex 4.44709 0.204445 48
    endloop
  endfacet
  facet normal -0.382682 -0.92388 0
    outer loop
      vertex 3 0.803847 0
      vertex 4.44709 0.204445 8
      vertex 3 0.803847 8
    endloop
  endfacet
  facet normal -0.382682 -0.92388 -0
    outer loop
      vertex 4.44709 0.204445 8
      vertex 3 0.803847 0
      vertex 4.44709 0.204445 0
    endloop
  endfacet
  facet normal 0.383006 0.923746 -0
    outer loop
      vertex 75 155.196 0
      vertex 73.5529 155.796 56
      vertex 75 155.196 56
    endloop
  endfacet
  facet normal 0.383006 0.923746 0
    outer loop
      vertex 73.5529 155.796 56
      vertex 75 155.196 0
      vertex 73.5529 155.796 0
    endloop
  endfacet
  facet normal -0.923872 0.382702 0
    outer loop
      vertex 0.204445 151.553 0
      vertex 0.803847 153 8
      vertex 0.803847 153 0
    endloop
  endfacet
  facet normal -0.923872 0.382702 0
    outer loop
      vertex 0.803847 153 8
      vertex 0.204445 151.553 0
      vertex 0.204445 151.553 8
    endloop
  endfacet
  facet normal -0.923872 0.382702 0
    outer loop
      vertex 0.204445 151.553 48
      vertex 0.803847 153 56
      vertex 0.803847 153 48
    endloop
  endfacet
  facet normal -0.923872 0.382702 0
    outer loop
      vertex 0.803847 153 56
      vertex 0.204445 151.553 48
      vertex 0.204445 151.553 56
    endloop
  endfacet
  facet normal 0 0 1
    outer loop
      vertex 78 144 56
      vertex 40.9486 111.195 56
      vertex 78 20 56
    endloop
  endfacet
  facet normal 0 0 1
    outer loop
      vertex 78 20 56
      vertex 41.1733 44.2623 56
      vertex 41.25 43.68 56
    endloop
  endfacet
  facet normal -0 0 1
    outer loop
      vertex 40.9486 44.805 56
      vertex 78 20 56
      vertex 40.9486 111.195 56
    endloop
  endfacet
  facet normal 0 0 1
    outer loop
      vertex 78 20 56
      vertex 40.9486 44.805 56
      vertex 41.1733 44.2623 56
    endloop
  endfacet
  facet normal -0 0 1
    outer loop
      vertex 40.591 110.729 56
      vertex 40.9486 44.805 56
      vertex 40.9486 111.195 56
    endloop
  endfacet
  facet normal 0 0 1
    outer loop
      vertex 40.591 110.729 56
      vertex 40.591 45.271 56
      vertex 40.9486 44.805 56
    endloop
  endfacet
  facet normal -0 0 1
    outer loop
      vertex 40.125 110.371 56
      vertex 40.591 45.271 56
      vertex 40.591 110.729 56
    endloop
  endfacet
  facet normal 0 0 1
    outer loop
      vertex 40.125 110.371 56
      vertex 40.125 45.6286 56
      vertex 40.591 45.271 56
    endloop
  endfacet
  facet normal -0 0 1
    outer loop
      vertex 39.5823 110.147 56
      vertex 40.125 45.6286 56
      vertex 40.125 110.371 56
    endloop
  endfacet
  facet normal 0 0 1
    outer loop
      vertex 39.5823 110.147 56
      vertex 39.5823 45.8533 56
      vertex 40.125 45.6286 56
    endloop
  endfacet
  facet normal -0 0 1
    outer loop
      vertex 39 110.07 56
      vertex 39.5823 45.8533 56
      vertex 39.5823 110.147 56
    endloop
  endfacet
  facet normal 0 0 1
    outer loop
      vertex 39 110.07 56
      vertex 39 45.93 56
      vertex 39.5823 45.8533 56
    endloop
  endfacet
  facet normal 0 0 1
    outer loop
      vertex 38.4177 110.147 56
      vertex 39 45.93 56
      vertex 39 110.07 56
    endloop
  endfacet
  facet normal 0 0 1
    outer loop
      vertex 38.4177 110.147 56
      vertex 38.4177 45.8533 56
      vertex 39 45.93 56
    endloop
  endfacet
  facet normal 0 0 1
    outer loop
      vertex 37.875 110.371 56
      vertex 38.4177 45.8533 56
      vertex 38.4177 110.147 56
    endloop
  endfacet
  facet normal 0 0 1
    outer loop
      vertex 37.875 110.371 56
      vertex 37.875 45.6286 56
      vertex 38.4177 45.8533 56
    endloop
  endfacet
  facet normal 0 0 1
    outer loop
      vertex 37.409 110.729 56
      vertex 37.875 45.6286 56
      vertex 37.875 110.371 56
    endloop
  endfacet
  facet normal 0 0 1
    outer loop
      vertex 37.409 110.729 56
      vertex 37.409 45.271 56
      vertex 37.875 45.6286 56
    endloop
  endfacet
  facet normal 0 0 1
    outer loop
      vertex 37.0514 111.195 56
      vertex 37.409 45.271 56
      vertex 37.409 110.729 56
    endloop
  endfacet
  facet normal 0 0 1
    outer loop
      vertex 37.0514 111.195 56
      vertex 37.0514 44.805 56
      vertex 37.409 45.271 56
    endloop
  endfacet
  facet normal 0 0 1
    outer loop
      vertex 0 150 56
      vertex 37.0514 111.195 56
      vertex 36.8267 111.738 56
    endloop
  endfacet
  facet normal 0 0 1
    outer loop
      vertex 37.0514 111.195 56
      vertex 0 150 56
      vertex 37.0514 44.805 56
    endloop
  endfacet
  facet normal 0 0 1
    outer loop
      vertex 0 150 56
      vertex 36.8267 111.738 56
      vertex 36.75 112.32 56
    endloop
  endfacet
  facet normal 0 0 1
    outer loop
      vertex 0 6 56
      vertex 37.0514 44.805 56
      vertex 0 150 56
    endloop
  endfacet
  facet normal 0 0 1
    outer loop
      vertex 72 156 56
      vertex 78 144 56
      vertex 78 150 56
    endloop
  endfacet
  facet normal 0 0 1
    outer loop
      vertex 41.1733 111.738 56
      vertex 78 144 56
      vertex 41.25 112.32 56
    endloop
  endfacet
  facet normal 0 0 1
    outer loop
      vertex 72 156 56
      vertex 78 150 56
      vertex 77.7956 151.553 56
    endloop
  endfacet
  facet normal 0 0 1
    outer loop
      vertex 40.9486 111.195 56
      vertex 78 144 56
      vertex 41.1733 111.738 56
    endloop
  endfacet
  facet normal 0 0 1
    outer loop
      vertex 72 156 56
      vertex 77.7956 151.553 56
      vertex 77.1962 153 56
    endloop
  endfacet
  facet normal -0 0 1
    outer loop
      vertex 41.1733 43.0977 56
      vertex 78 20 56
      vertex 41.25 43.68 56
    endloop
  endfacet
  facet normal 0 0 1
    outer loop
      vertex 72 156 56
      vertex 77.1962 153 56
      vertex 76.2426 154.243 56
    endloop
  endfacet
  facet normal -0 0 1
    outer loop
      vertex 40.9486 42.555 56
      vertex 78 20 56
      vertex 41.1733 43.0977 56
    endloop
  endfacet
  facet normal 0 0 1
    outer loop
      vertex 72 156 56
      vertex 76.2426 154.243 56
      vertex 75 155.196 56
    endloop
  endfacet
  facet normal -0 0 1
    outer loop
      vertex 40.591 42.089 56
      vertex 78 20 56
      vertex 40.9486 42.555 56
    endloop
  endfacet
  facet normal 0 0 1
    outer loop
      vertex 72 156 56
      vertex 75 155.196 56
      vertex 73.5529 155.796 56
    endloop
  endfacet
  facet normal -0 0 1
    outer loop
      vertex 40.125 41.7314 56
      vertex 78 20 56
      vertex 40.591 42.089 56
    endloop
  endfacet
  facet normal 0 0 1
    outer loop
      vertex 40.125 114.269 56
      vertex 78 144 56
      vertex 72 156 56
    endloop
  endfacet
  facet normal 0 0 1
    outer loop
      vertex 78 20 56
      vertex 72 0 56
      vertex 78 6 56
    endloop
  endfacet
  facet normal 0 0 1
    outer loop
      vertex 78 6 56
      vertex 72 0 56
      vertex 77.7956 4.44709 56
    endloop
  endfacet
  facet normal 0 0 1
    outer loop
      vertex 78 144 56
      vertex 41.1733 112.902 56
      vertex 41.25 112.32 56
    endloop
  endfacet
  facet normal 0 0 1
    outer loop
      vertex 78 144 56
      vertex 40.9486 113.445 56
      vertex 41.1733 112.902 56
    endloop
  endfacet
  facet normal 0 0 1
    outer loop
      vertex 78 144 56
      vertex 40.591 113.911 56
      vertex 40.9486 113.445 56
    endloop
  endfacet
  facet normal 0 0 1
    outer loop
      vertex 78 144 56
      vertex 40.125 114.269 56
      vertex 40.591 113.911 56
    endloop
  endfacet
  facet normal 0 0 1
    outer loop
      vertex 72 156 56
      vertex 39.5823 114.493 56
      vertex 40.125 114.269 56
    endloop
  endfacet
  facet normal 0 0 1
    outer loop
      vertex 72 156 56
      vertex 39 114.57 56
      vertex 39.5823 114.493 56
    endloop
  endfacet
  facet normal -0 0 1
    outer loop
      vertex 6 156 56
      vertex 39 114.57 56
      vertex 72 156 56
    endloop
  endfacet
  facet normal 0 0 1
    outer loop
      vertex 39 114.57 56
      vertex 6 156 56
      vertex 38.4177 114.493 56
    endloop
  endfacet
  facet normal 0 0 1
    outer loop
      vertex 38.4177 114.493 56
      vertex 6 156 56
      vertex 37.875 114.269 56
    endloop
  endfacet
  facet normal 0 0 1
    outer loop
      vertex 36.8267 112.902 56
      vertex 0 150 56
      vertex 36.75 112.32 56
    endloop
  endfacet
  facet normal 0 0 1
    outer loop
      vertex 37.0514 113.445 56
      vertex 0 150 56
      vertex 36.8267 112.902 56
    endloop
  endfacet
  facet normal 0 0 1
    outer loop
      vertex 37.409 113.911 56
      vertex 0 150 56
      vertex 37.0514 113.445 56
    endloop
  endfacet
  facet normal -0 0 1
    outer loop
      vertex 0 150 56
      vertex 37.409 113.911 56
      vertex 6 156 56
    endloop
  endfacet
  facet normal 0 0 1
    outer loop
      vertex 37.875 114.269 56
      vertex 6 156 56
      vertex 37.409 113.911 56
    endloop
  endfacet
  facet normal 0 0 1
    outer loop
      vertex 135 144 56
      vertex 140 139 56
      vertex 139.83 140.294 56
    endloop
  endfacet
  facet normal 0 0 1
    outer loop
      vertex 140 139 56
      vertex 78 144 56
      vertex 140 25 56
    endloop
  endfacet
  facet normal 0 0 1
    outer loop
      vertex 135 144 56
      vertex 139.83 140.294 56
      vertex 139.33 141.5 56
    endloop
  endfacet
  facet normal 0 0 1
    outer loop
      vertex 78 20 56
      vertex 140 25 56
      vertex 78 144 56
    endloop
  endfacet
  facet normal 0 0 1
    outer loop
      vertex 135 144 56
      vertex 139.33 141.5 56
      vertex 138.536 142.536 56
    endloop
  endfacet
  facet normal 0 0 1
    outer loop
      vertex 140 139 56
      vertex 135 144 56
      vertex 78 144 56
    endloop
  endfacet
  facet normal 0 0 1
    outer loop
      vertex 135 144 56
      vertex 138.536 142.536 56
      vertex 137.5 143.33 56
    endloop
  endfacet
  facet normal 0 -0 1
    outer loop
      vertex 135 20 56
      vertex 140 25 56
      vertex 78 20 56
    endloop
  endfacet
  facet normal 0 0 1
    outer loop
      vertex 135 144 56
      vertex 137.5 143.33 56
      vertex 136.294 143.83 56
    endloop
  endfacet
  facet normal 0 0 1
    outer loop
      vertex 139.33 22.5 56
      vertex 135 20 56
      vertex 138.536 21.4645 56
    endloop
  endfacet
  facet normal 0 0 1
    outer loop
      vertex 138.536 21.4645 56
      vertex 135 20 56
      vertex 137.5 20.6699 56
    endloop
  endfacet
  facet normal 0 0 1
    outer loop
      vertex 137.5 20.6699 56
      vertex 135 20 56
      vertex 136.294 20.1704 56
    endloop
  endfacet
  facet normal 0 0 1
    outer loop
      vertex 140 25 56
      vertex 135 20 56
      vertex 139.83 23.7059 56
    endloop
  endfacet
  facet normal 0 0 1
    outer loop
      vertex 139.83 23.7059 56
      vertex 135 20 56
      vertex 139.33 22.5 56
    endloop
  endfacet
  facet normal 0 0 1
    outer loop
      vertex 77.1962 3 56
      vertex 72 0 56
      vertex 76.2426 1.75736 56
    endloop
  endfacet
  facet normal 0 0 1
    outer loop
      vertex 76.2426 1.75736 56
      vertex 72 0 56
      vertex 75 0.803847 56
    endloop
  endfacet
  facet normal 0 0 1
    outer loop
      vertex 75 0.803847 56
      vertex 72 0 56
      vertex 73.5529 0.204445 56
    endloop
  endfacet
  facet normal 0 0 1
    outer loop
      vertex 77.7956 4.44709 56
      vertex 72 0 56
      vertex 77.1962 3 56
    endloop
  endfacet
  facet normal 0 0 1
    outer loop
      vertex 78 20 56
      vertex 40.125 41.7314 56
      vertex 72 0 56
    endloop
  endfacet
  facet normal -0 0 1
    outer loop
      vertex 39.5823 41.5067 56
      vertex 72 0 56
      vertex 40.125 41.7314 56
    endloop
  endfacet
  facet normal -0 0 1
    outer loop
      vertex 39 41.43 56
      vertex 72 0 56
      vertex 39.5823 41.5067 56
    endloop
  endfacet
  facet normal 0 0 1
    outer loop
      vertex 6 0 56
      vertex 39 41.43 56
      vertex 38.4177 41.5067 56
    endloop
  endfacet
  facet normal 0 0 1
    outer loop
      vertex 6 0 56
      vertex 38.4177 41.5067 56
      vertex 37.875 41.7314 56
    endloop
  endfacet
  facet normal 0 0 1
    outer loop
      vertex 6 0 56
      vertex 37.875 41.7314 56
      vertex 37.409 42.089 56
    endloop
  endfacet
  facet normal 0 0 1
    outer loop
      vertex 37.0514 44.805 56
      vertex 0 6 56
      vertex 36.8267 44.2623 56
    endloop
  endfacet
  facet normal 0 0 1
    outer loop
      vertex 39 41.43 56
      vertex 6 0 56
      vertex 72 0 56
    endloop
  endfacet
  facet normal 0 0 1
    outer loop
      vertex 0 6 56
      vertex 37.409 42.089 56
      vertex 37.0514 42.555 56
    endloop
  endfacet
  facet normal 0 0 1
    outer loop
      vertex 0 6 56
      vertex 37.0514 42.555 56
      vertex 36.8267 43.0977 56
    endloop
  endfacet
  facet normal 0 0 1
    outer loop
      vertex 36.8267 44.2623 56
      vertex 0 6 56
      vertex 36.75 43.68 56
    endloop
  endfacet
  facet normal 0 0 1
    outer loop
      vertex 0 150 56
      vertex 6 156 56
      vertex 4.44709 155.796 56
    endloop
  endfacet
  facet normal 0 0 1
    outer loop
      vertex 36.75 43.68 56
      vertex 0 6 56
      vertex 36.8267 43.0977 56
    endloop
  endfacet
  facet normal 0 0 1
    outer loop
      vertex 0 150 56
      vertex 4.44709 155.796 56
      vertex 3 155.196 56
    endloop
  endfacet
  facet normal 0 0 1
    outer loop
      vertex 37.409 42.089 56
      vertex 0 6 56
      vertex 6 0 56
    endloop
  endfacet
  facet normal 0 0 1
    outer loop
      vertex 0 150 56
      vertex 3 155.196 56
      vertex 1.75736 154.243 56
    endloop
  endfacet
  facet normal 0 0 1
    outer loop
      vertex 6 0 56
      vertex 0 6 56
      vertex 4.44709 0.204445 56
    endloop
  endfacet
  facet normal 0 0 1
    outer loop
      vertex 0 150 56
      vertex 1.75736 154.243 56
      vertex 0.803847 153 56
    endloop
  endfacet
  facet normal 0 0 1
    outer loop
      vertex 4.44709 0.204445 56
      vertex 0 6 56
      vertex 3 0.803847 56
    endloop
  endfacet
  facet normal 0 0 1
    outer loop
      vertex 0 150 56
      vertex 0.803847 153 56
      vertex 0.204445 151.553 56
    endloop
  endfacet
  facet normal 0 0 1
    outer loop
      vertex 3 0.803847 56
      vertex 0 6 56
      vertex 1.75736 1.75736 56
    endloop
  endfacet
  facet normal 0 0 1
    outer loop
      vertex 1.75736 1.75736 56
      vertex 0 6 56
      vertex 0.803847 3 56
    endloop
  endfacet
  facet normal 0 0 1
    outer loop
      vertex 0.803847 3 56
      vertex 0 6 56
      vertex 0.204445 4.44709 56
    endloop
  endfacet
  facet normal 0.923872 0.382701 0
    outer loop
      vertex 77.7956 151.553 56
      vertex 77.1962 153 0
      vertex 77.1962 153 56
    endloop
  endfacet
  facet normal 0.923872 0.382701 0
    outer loop
      vertex 77.1962 153 0
      vertex 77.7956 151.553 56
      vertex 77.7956 151.553 0
    endloop
  endfacet
  facet normal 0.99145 0.130491 0
    outer loop
      vertex 78 150 56
      vertex 77.7956 151.553 0
      vertex 77.7956 151.553 56
    endloop
  endfacet
  facet normal 0.99145 0.130491 0
    outer loop
      vertex 77.7956 151.553 0
      vertex 78 150 56
      vertex 78 150 0
    endloop
  endfacet
  facet normal -0.92388 -0.382682 0
    outer loop
      vertex 0.803847 3 0
      vertex 0.204445 4.44709 8
      vertex 0.204445 4.44709 0
    endloop
  endfacet
  facet normal -0.92388 -0.382682 0
    outer loop
      vertex 0.204445 4.44709 8
      vertex 0.803847 3 0
      vertex 0.803847 3 8
    endloop
  endfacet
  facet normal -0.92388 -0.382682 0
    outer loop
      vertex 0.803847 3 48
      vertex 0.204445 4.44709 56
      vertex 0.204445 4.44709 48
    endloop
  endfacet
  facet normal -0.92388 -0.382682 0
    outer loop
      vertex 0.204445 4.44709 56
      vertex 0.803847 3 48
      vertex 0.803847 3 56
    endloop
  endfacet
  facet normal 0 0 -1
    outer loop
      vertex 40.9486 44.805 0
      vertex 78 20 0
      vertex 41.1733 44.2623 0
    endloop
  endfacet
  facet normal 0 0 -1
    outer loop
      vertex 78 20 0
      vertex 41.1733 111.738 0
      vertex 41.25 112.32 0
    endloop
  endfacet
  facet normal 0 0 -1
    outer loop
      vertex 40.9486 111.195 0
      vertex 78 20 0
      vertex 40.9486 44.805 0
    endloop
  endfacet
  facet normal 0 0 -1
    outer loop
      vertex 78 20 0
      vertex 40.9486 111.195 0
      vertex 41.1733 111.738 0
    endloop
  endfacet
  facet normal 0 0 -1
    outer loop
      vertex 40.591 45.271 0
      vertex 40.9486 111.195 0
      vertex 40.9486 44.805 0
    endloop
  endfacet
  facet normal 0 0 -1
    outer loop
      vertex 40.591 45.271 0
      vertex 40.591 110.729 0
      vertex 40.9486 111.195 0
    endloop
  endfacet
  facet normal 0 0 -1
    outer loop
      vertex 40.125 45.6286 0
      vertex 40.591 110.729 0
      vertex 40.591 45.271 0
    endloop
  endfacet
  facet normal 0 0 -1
    outer loop
      vertex 40.125 45.6286 0
      vertex 40.125 110.371 0
      vertex 40.591 110.729 0
    endloop
  endfacet
  facet normal 0 0 -1
    outer loop
      vertex 39.5823 45.8533 0
      vertex 40.125 110.371 0
      vertex 40.125 45.6286 0
    endloop
  endfacet
  facet normal 0 0 -1
    outer loop
      vertex 39.5823 45.8533 0
      vertex 39.5823 110.147 0
      vertex 40.125 110.371 0
    endloop
  endfacet
  facet normal 0 0 -1
    outer loop
      vertex 39 45.93 0
      vertex 39.5823 110.147 0
      vertex 39.5823 45.8533 0
    endloop
  endfacet
  facet normal 0 0 -1
    outer loop
      vertex 39 45.93 0
      vertex 39 110.07 0
      vertex 39.5823 110.147 0
    endloop
  endfacet
  facet normal 0 0 -1
    outer loop
      vertex 38.4177 45.8533 0
      vertex 39 110.07 0
      vertex 39 45.93 0
    endloop
  endfacet
  facet normal 0 0 -1
    outer loop
      vertex 38.4177 45.8533 0
      vertex 38.4177 110.147 0
      vertex 39 110.07 0
    endloop
  endfacet
  facet normal 0 0 -1
    outer loop
      vertex 37.875 45.6286 0
      vertex 38.4177 110.147 0
      vertex 38.4177 45.8533 0
    endloop
  endfacet
  facet normal 0 0 -1
    outer loop
      vertex 37.875 45.6286 0
      vertex 37.875 110.371 0
      vertex 38.4177 110.147 0
    endloop
  endfacet
  facet normal 0 0 -1
    outer loop
      vertex 37.409 45.271 0
      vertex 37.875 110.371 0
      vertex 37.875 45.6286 0
    endloop
  endfacet
  facet normal 0 0 -1
    outer loop
      vertex 37.409 45.271 0
      vertex 37.409 110.729 0
      vertex 37.875 110.371 0
    endloop
  endfacet
  facet normal 0 0 -1
    outer loop
      vertex 37.0514 44.805 0
      vertex 37.409 110.729 0
      vertex 37.409 45.271 0
    endloop
  endfacet
  facet normal 0 0 -1
    outer loop
      vertex 37.0514 44.805 0
      vertex 37.0514 111.195 0
      vertex 37.409 110.729 0
    endloop
  endfacet
  facet normal 0 0 -1
    outer loop
      vertex 0 6 0
      vertex 37.0514 44.805 0
      vertex 36.8267 44.2623 0
    endloop
  endfacet
  facet normal -0 0 -1
    outer loop
      vertex 37.0514 44.805 0
      vertex 0 6 0
      vertex 37.0514 111.195 0
    endloop
  endfacet
  facet normal 0 0 -1
    outer loop
      vertex 0 6 0
      vertex 36.8267 44.2623 0
      vertex 36.75 43.68 0
    endloop
  endfacet
  facet normal 0 0 -1
    outer loop
      vertex 0 150 0
      vertex 37.0514 111.195 0
      vertex 0 6 0
    endloop
  endfacet
  facet normal 0 0 -1
    outer loop
      vertex 72 0 0
      vertex 78 20 0
      vertex 78 6 0
    endloop
  endfacet
  facet normal 0 0 -1
    outer loop
      vertex 41.1733 44.2623 0
      vertex 78 20 0
      vertex 41.25 43.68 0
    endloop
  endfacet
  facet normal 0 0 -1
    outer loop
      vertex 72 0 0
      vertex 78 6 0
      vertex 77.7956 4.44709 0
    endloop
  endfacet
  facet normal 0 0 -1
    outer loop
      vertex 78 20 0
      vertex 41.25 112.32 0
      vertex 78 144 0
    endloop
  endfacet
  facet normal 0 0 -1
    outer loop
      vertex 72 0 0
      vertex 77.7956 4.44709 0
      vertex 77.1962 3 0
    endloop
  endfacet
  facet normal 0 0 -1
    outer loop
      vertex 41.1733 112.902 0
      vertex 78 144 0
      vertex 41.25 112.32 0
    endloop
  endfacet
  facet normal 0 0 -1
    outer loop
      vertex 72 0 0
      vertex 77.1962 3 0
      vertex 76.2426 1.75736 0
    endloop
  endfacet
  facet normal 0 0 -1
    outer loop
      vertex 40.9486 113.445 0
      vertex 78 144 0
      vertex 41.1733 112.902 0
    endloop
  endfacet
  facet normal 0 0 -1
    outer loop
      vertex 72 0 0
      vertex 76.2426 1.75736 0
      vertex 75 0.803847 0
    endloop
  endfacet
  facet normal 0 0 -1
    outer loop
      vertex 40.591 113.911 0
      vertex 78 144 0
      vertex 40.9486 113.445 0
    endloop
  endfacet
  facet normal 0 0 -1
    outer loop
      vertex 72 0 0
      vertex 75 0.803847 0
      vertex 73.5529 0.204445 0
    endloop
  endfacet
  facet normal 0 0 -1
    outer loop
      vertex 40.125 114.269 0
      vertex 78 144 0
      vertex 40.591 113.911 0
    endloop
  endfacet
  facet normal 0 0 -1
    outer loop
      vertex 40.125 41.7314 0
      vertex 78 20 0
      vertex 72 0 0
    endloop
  endfacet
  facet normal 0 0 -1
    outer loop
      vertex 78 144 0
      vertex 72 156 0
      vertex 78 150 0
    endloop
  endfacet
  facet normal 0 0 -1
    outer loop
      vertex 78 150 0
      vertex 72 156 0
      vertex 77.7956 151.553 0
    endloop
  endfacet
  facet normal 0 0 -1
    outer loop
      vertex 78 20 0
      vertex 41.1733 43.0977 0
      vertex 41.25 43.68 0
    endloop
  endfacet
  facet normal 0 0 -1
    outer loop
      vertex 78 20 0
      vertex 40.9486 42.555 0
      vertex 41.1733 43.0977 0
    endloop
  endfacet
  facet normal 0 0 -1
    outer loop
      vertex 78 20 0
      vertex 40.591 42.089 0
      vertex 40.9486 42.555 0
    endloop
  endfacet
  facet normal 0 0 -1
    outer loop
      vertex 78 20 0
      vertex 40.125 41.7314 0
      vertex 40.591 42.089 0
    endloop
  endfacet
  facet normal 0 0 -1
    outer loop
      vertex 72 0 0
      vertex 39.5823 41.5067 0
      vertex 40.125 41.7314 0
    endloop
  endfacet
  facet normal 0 0 -1
    outer loop
      vertex 72 0 0
      vertex 39 41.43 0
      vertex 39.5823 41.5067 0
    endloop
  endfacet
  facet normal 0 0 -1
    outer loop
      vertex 6 0 0
      vertex 39 41.43 0
      vertex 72 0 0
    endloop
  endfacet
  facet normal -0 0 -1
    outer loop
      vertex 39 41.43 0
      vertex 6 0 0
      vertex 38.4177 41.5067 0
    endloop
  endfacet
  facet normal -0 0 -1
    outer loop
      vertex 38.4177 41.5067 0
      vertex 6 0 0
      vertex 37.875 41.7314 0
    endloop
  endfacet
  facet normal -0 0 -1
    outer loop
      vertex 36.8267 43.0977 0
      vertex 0 6 0
      vertex 36.75 43.68 0
    endloop
  endfacet
  facet normal -0 0 -1
    outer loop
      vertex 37.0514 42.555 0
      vertex 0 6 0
      vertex 36.8267 43.0977 0
    endloop
  endfacet
  facet normal -0 0 -1
    outer loop
      vertex 37.409 42.089 0
      vertex 0 6 0
      vertex 37.0514 42.555 0
    endloop
  endfacet
  facet normal 0 0 -1
    outer loop
      vertex 0 6 0
      vertex 37.409 42.089 0
      vertex 6 0 0
    endloop
  endfacet
  facet normal -0 0 -1
    outer loop
      vertex 37.875 41.7314 0
      vertex 6 0 0
      vertex 37.409 42.089 0
    endloop
  endfacet
  facet normal 0 0 -1
    outer loop
      vertex 135 20 0
      vertex 140 25 0
      vertex 139.83 23.7059 0
    endloop
  endfacet
  facet normal -0 0 -1
    outer loop
      vertex 140 25 0
      vertex 78 20 0
      vertex 140 139 0
    endloop
  endfacet
  facet normal 0 0 -1
    outer loop
      vertex 135 20 0
      vertex 139.83 23.7059 0
      vertex 139.33 22.5 0
    endloop
  endfacet
  facet normal 0 0 -1
    outer loop
      vertex 78 144 0
      vertex 140 139 0
      vertex 78 20 0
    endloop
  endfacet
  facet normal 0 0 -1
    outer loop
      vertex 135 20 0
      vertex 139.33 22.5 0
      vertex 138.536 21.4645 0
    endloop
  endfacet
  facet normal 0 0 -1
    outer loop
      vertex 140 25 0
      vertex 135 20 0
      vertex 78 20 0
    endloop
  endfacet
  facet normal 0 0 -1
    outer loop
      vertex 135 20 0
      vertex 138.536 21.4645 0
      vertex 137.5 20.6699 0
    endloop
  endfacet
  facet normal -0 -0 -1
    outer loop
      vertex 135 144 0
      vertex 140 139 0
      vertex 78 144 0
    endloop
  endfacet
  facet normal 0 0 -1
    outer loop
      vertex 135 20 0
      vertex 137.5 20.6699 0
      vertex 136.294 20.1704 0
    endloop
  endfacet
  facet normal 0 0 -1
    outer loop
      vertex 139.33 141.5 0
      vertex 135 144 0
      vertex 138.536 142.536 0
    endloop
  endfacet
  facet normal 0 0 -1
    outer loop
      vertex 138.536 142.536 0
      vertex 135 144 0
      vertex 137.5 143.33 0
    endloop
  endfacet
  facet normal 0 0 -1
    outer loop
      vertex 137.5 143.33 0
      vertex 135 144 0
      vertex 136.294 143.83 0
    endloop
  endfacet
  facet normal 0 0 -1
    outer loop
      vertex 140 139 0
      vertex 135 144 0
      vertex 139.83 140.294 0
    endloop
  endfacet
  facet normal 0 0 -1
    outer loop
      vertex 139.83 140.294 0
      vertex 135 144 0
      vertex 139.33 141.5 0
    endloop
  endfacet
  facet normal 0 0 -1
    outer loop
      vertex 77.1962 153 0
      vertex 72 156 0
      vertex 76.2426 154.243 0
    endloop
  endfacet
  facet normal 0 0 -1
    outer loop
      vertex 76.2426 154.243 0
      vertex 72 156 0
      vertex 75 155.196 0
    endloop
  endfacet
  facet normal 0 0 -1
    outer loop
      vertex 75 155.196 0
      vertex 72 156 0
      vertex 73.5529 155.796 0
    endloop
  endfacet
  facet normal 0 0 -1
    outer loop
      vertex 77.7956 151.553 0
      vertex 72 156 0
      vertex 77.1962 153 0
    endloop
  endfacet
  facet normal -0 0 -1
    outer loop
      vertex 78 144 0
      vertex 40.125 114.269 0
      vertex 72 156 0
    endloop
  endfacet
  facet normal 0 0 -1
    outer loop
      vertex 39.5823 114.493 0
      vertex 72 156 0
      vertex 40.125 114.269 0
    endloop
  endfacet
  facet normal 0 0 -1
    outer loop
      vertex 39 114.57 0
      vertex 72 156 0
      vertex 39.5823 114.493 0
    endloop
  endfacet
  facet normal 0 0 -1
    outer loop
      vertex 6 156 0
      vertex 39 114.57 0
      vertex 38.4177 114.493 0
    endloop
  endfacet
  facet normal 0 0 -1
    outer loop
      vertex 6 156 0
      vertex 38.4177 114.493 0
      vertex 37.875 114.269 0
    endloop
  endfacet
  facet normal 0 0 -1
    outer loop
      vertex 6 156 0
      vertex 37.875 114.269 0
      vertex 37.409 113.911 0
    endloop
  endfacet
  facet normal 0 0 -1
    outer loop
      vertex 37.0514 111.195 0
      vertex 0 150 0
      vertex 36.8267 111.738 0
    endloop
  endfacet
  facet normal 0 0 -1
    outer loop
      vertex 39 114.57 0
      vertex 6 156 0
      vertex 72 156 0
    endloop
  endfacet
  facet normal 0 0 -1
    outer loop
      vertex 0 150 0
      vertex 37.409 113.911 0
      vertex 37.0514 113.445 0
    endloop
  endfacet
  facet normal 0 0 -1
    outer loop
      vertex 0 150 0
      vertex 37.0514 113.445 0
      vertex 36.8267 112.902 0
    endloop
  endfacet
  facet normal 0 0 -1
    outer loop
      vertex 36.8267 111.738 0
      vertex 0 150 0
      vertex 36.75 112.32 0
    endloop
  endfacet
  facet normal 0 0 -1
    outer loop
      vertex 0 6 0
      vertex 6 0 0
      vertex 4.44709 0.204445 0
    endloop
  endfacet
  facet normal 0 0 -1
    outer loop
      vertex 36.75 112.32 0
      vertex 0 150 0
      vertex 36.8267 112.902 0
    endloop
  endfacet
  facet normal 0 0 -1
    outer loop
      vertex 0 6 0
      vertex 4.44709 0.204445 0
      vertex 3 0.803847 0
    endloop
  endfacet
  facet normal 0 0 -1
    outer loop
      vertex 37.409 113.911 0
      vertex 0 150 0
      vertex 6 156 0
    endloop
  endfacet
  facet normal 0 0 -1
    outer loop
      vertex 0 6 0
      vertex 3 0.803847 0
      vertex 1.75736 1.75736 0
    endloop
  endfacet
  facet normal 0 0 -1
    outer loop
      vertex 6 156 0
      vertex 0 150 0
      vertex 4.44709 155.796 0
    endloop
  endfacet
  facet normal 0 0 -1
    outer loop
      vertex 0 6 0
      vertex 1.75736 1.75736 0
      vertex 0.803847 3 0
    endloop
  endfacet
  facet normal 0 0 -1
    outer loop
      vertex 4.44709 155.796 0
      vertex 0 150 0
      vertex 3 155.196 0
    endloop
  endfacet
  facet normal 0 0 -1
    outer loop
      vertex 0 6 0
      vertex 0.803847 3 0
      vertex 0.204445 4.44709 0
    endloop
  endfacet
  facet normal 0 0 -1
    outer loop
      vertex 3 155.196 0
      vertex 0 150 0
      vertex 1.75736 154.243 0
    endloop
  endfacet
  facet normal 0 0 -1
    outer loop
      vertex 1.75736 154.243 0
      vertex 0 150 0
      vertex 0.803847 153 0
    endloop
  endfacet
  facet normal 0 0 -1
    outer loop
      vertex 0.803847 153 0
      vertex 0 150 0
      vertex 0.204445 151.553 0
    endloop
  endfacet
  facet normal -0.383008 0.923745 0
    outer loop
      vertex 4.44709 155.796 0
      vertex 3 155.196 8
      vertex 4.44709 155.796 8
    endloop
  endfacet
  facet normal -0.383008 0.923745 0
    outer loop
      vertex 3 155.196 8
      vertex 4.44709 155.796 0
      vertex 3 155.196 0
    endloop
  endfacet
  facet normal -0.383008 0.923745 0
    outer loop
      vertex 4.44709 155.796 48
      vertex 3 155.196 56
      vertex 4.44709 155.796 56
    endloop
  endfacet
  facet normal -0.383008 0.923745 0
    outer loop
      vertex 3 155.196 56
      vertex 4.44709 155.796 48
      vertex 3 155.196 48
    endloop
  endfacet
  facet normal 0.793326 -0.608797 0
    outer loop
      vertex 76.2426 1.75736 56
      vertex 77.1962 3 0
      vertex 77.1962 3 56
    endloop
  endfacet
  facet normal 0.793326 -0.608797 0
    outer loop
      vertex 77.1962 3 0
      vertex 76.2426 1.75736 56
      vertex 76.2426 1.75736 0
    endloop
  endfacet
  facet normal -0.793438 0.608651 0
    outer loop
      vertex 0.803847 153 0
      vertex 1.75736 154.243 8
      vertex 1.75736 154.243 0
    endloop
  endfacet
  facet normal -0.793438 0.608651 0
    outer loop
      vertex 1.75736 154.243 8
      vertex 0.803847 153 0
      vertex 0.803847 153 8
    endloop
  endfacet
  facet normal -0.793438 0.608651 0
    outer loop
      vertex 0.803847 153 48
      vertex 1.75736 154.243 56
      vertex 1.75736 154.243 48
    endloop
  endfacet
  facet normal -0.793438 0.608651 0
    outer loop
      vertex 1.75736 154.243 56
      vertex 0.803847 153 48
      vertex 0.803847 153 56
    endloop
  endfacet
  facet normal 0.793705 0.608303 0
    outer loop
      vertex 139.33 141.5 56
      vertex 138.536 142.536 0
      vertex 138.536 142.536 56
    endloop
  endfacet
  facet normal 0.793705 0.608303 0
    outer loop
      vertex 138.536 142.536 0
      vertex 139.33 141.5 56
      vertex 139.33 141.5 0
    endloop
  endfacet
  facet normal 1 0 0
    outer loop
      vertex 140 139 56
      vertex 140 125 48
      vertex 140 139 0
    endloop
  endfacet
  facet normal 1 -0 0
    outer loop
      vertex 140 25 56
      vertex 140 125 48
      vertex 140 139 56
    endloop
  endfacet
  facet normal 1 0 0
    outer loop
      vertex 140 33 48
      vertex 140 25 56
      vertex 140 33 8
    endloop
  endfacet
  facet normal 1 0 0
    outer loop
      vertex 140 125 48
      vertex 140 25 56
      vertex 140 33 48
    endloop
  endfacet
  facet normal 1 -0 0
    outer loop
      vertex 140 125 8
      vertex 140 139 0
      vertex 140 125 48
    endloop
  endfacet
  facet normal 1 0 0
    outer loop
      vertex 140 25 0
      vertex 140 125 8
      vertex 140 33 8
    endloop
  endfacet
  facet normal 1 0 0
    outer loop
      vertex 140 125 8
      vertex 140 25 0
      vertex 140 139 0
    endloop
  endfacet
  facet normal 1 0 0
    outer loop
      vertex 140 25 0
      vertex 140 33 8
      vertex 140 25 56
    endloop
  endfacet
  facet normal 0.923744 -0.38301 0
    outer loop
      vertex 139.33 22.5 56
      vertex 139.83 23.7059 0
      vertex 139.83 23.7059 56
    endloop
  endfacet
  facet normal 0.923744 -0.38301 0
    outer loop
      vertex 139.83 23.7059 0
      vertex 139.33 22.5 56
      vertex 139.33 22.5 0
    endloop
  endfacet
  facet normal 0.130256 0.99148 -0
    outer loop
      vertex 136.294 143.83 0
      vertex 135 144 56
      vertex 136.294 143.83 56
    endloop
  endfacet
  facet normal 0.130256 0.99148 0
    outer loop
      vertex 135 144 56
      vertex 136.294 143.83 0
      vertex 135 144 0
    endloop
  endfacet
  facet normal 0.608592 -0.793483 0
    outer loop
      vertex 137.5 20.6699 0
      vertex 138.536 21.4645 56
      vertex 137.5 20.6699 56
    endloop
  endfacet
  facet normal 0.608592 -0.793483 0
    outer loop
      vertex 138.536 21.4645 56
      vertex 137.5 20.6699 0
      vertex 138.536 21.4645 0
    endloop
  endfacet
  facet normal 0.991482 -0.130246 0
    outer loop
      vertex 139.83 23.7059 56
      vertex 140 25 0
      vertex 140 25 56
    endloop
  endfacet
  facet normal 0.991482 -0.130246 0
    outer loop
      vertex 140 25 0
      vertex 139.83 23.7059 56
      vertex 139.83 23.7059 0
    endloop
  endfacet
  facet normal 0.793563 -0.608488 0
    outer loop
      vertex 138.536 21.4645 56
      vertex 139.33 22.5 0
      vertex 139.33 22.5 56
    endloop
  endfacet
  facet normal 0.793563 -0.608488 0
    outer loop
      vertex 139.33 22.5 0
      vertex 138.536 21.4645 56
      vertex 138.536 21.4645 0
    endloop
  endfacet
  facet normal 0.923755 0.382983 0
    outer loop
      vertex 139.83 140.294 56
      vertex 139.33 141.5 0
      vertex 139.33 141.5 56
    endloop
  endfacet
  facet normal 0.923755 0.382983 0
    outer loop
      vertex 139.33 141.5 0
      vertex 139.83 140.294 56
      vertex 139.83 140.294 0
    endloop
  endfacet
  facet normal 0.382656 -0.923891 0
    outer loop
      vertex 136.294 20.1704 0
      vertex 137.5 20.6699 56
      vertex 136.294 20.1704 56
    endloop
  endfacet
  facet normal 0.382656 -0.923891 0
    outer loop
      vertex 137.5 20.6699 56
      vertex 136.294 20.1704 0
      vertex 137.5 20.6699 0
    endloop
  endfacet
  facet normal 0 1 0
    outer loop
      vertex 104 144 42
      vertex 135 144 56
      vertex 128 144 42
    endloop
  endfacet
  facet normal 0 1 0
    outer loop
      vertex 135 144 56
      vertex 128 144 16
      vertex 128 144 42
    endloop
  endfacet
  facet normal 0 1 0
    outer loop
      vertex 128 144 16
      vertex 135 144 0
      vertex 104 144 16
    endloop
  endfacet
  facet normal 0 1 -0
    outer loop
      vertex 135 144 0
      vertex 128 144 16
      vertex 135 144 56
    endloop
  endfacet
  facet normal 0 1 0
    outer loop
      vertex 135 144 56
      vertex 104 144 42
      vertex 78 144 56
    endloop
  endfacet
  facet normal 0 1 -0
    outer loop
      vertex 104 144 16
      vertex 78 144 56
      vertex 104 144 42
    endloop
  endfacet
  facet normal 0 1 0
    outer loop
      vertex 104 144 16
      vertex 78 144 0
      vertex 78 144 56
    endloop
  endfacet
  facet normal 0 1 0
    outer loop
      vertex 78 144 0
      vertex 104 144 16
      vertex 135 144 0
    endloop
  endfacet
  facet normal 0 -1 0
    outer loop
      vertex 78 20 18
      vertex 78 20 0
      vertex 92 20 18
    endloop
  endfacet
  facet normal 0 -1 0
    outer loop
      vertex 92 20 34
      vertex 78 20 56
      vertex 78 20 34
    endloop
  endfacet
  facet normal 0 -1 0
    outer loop
      vertex 78 20 56
      vertex 92 20 34
      vertex 135 20 56
    endloop
  endfacet
  facet normal 0 -1 0
    outer loop
      vertex 135 20 0
      vertex 92 20 34
      vertex 92 20 18
    endloop
  endfacet
  facet normal 0 -1 0
    outer loop
      vertex 135 20 0
      vertex 92 20 18
      vertex 78 20 0
    endloop
  endfacet
  facet normal 0 -1 0
    outer loop
      vertex 92 20 34
      vertex 135 20 0
      vertex 135 20 56
    endloop
  endfacet
  facet normal 0.130558 -0.991441 0
    outer loop
      vertex 135 20 0
      vertex 136.294 20.1704 56
      vertex 135 20 56
    endloop
  endfacet
  facet normal 0.130558 -0.991441 0
    outer loop
      vertex 136.294 20.1704 56
      vertex 135 20 0
      vertex 136.294 20.1704 0
    endloop
  endfacet
  facet normal 0.382983 0.923755 -0
    outer loop
      vertex 137.5 143.33 0
      vertex 136.294 143.83 56
      vertex 137.5 143.33 56
    endloop
  endfacet
  facet normal 0.382983 0.923755 0
    outer loop
      vertex 136.294 143.83 56
      vertex 137.5 143.33 0
      vertex 136.294 143.83 0
    endloop
  endfacet
  facet normal 0.99148 0.130256 0
    outer loop
      vertex 140 139 56
      vertex 139.83 140.294 0
      vertex 139.83 140.294 56
    endloop
  endfacet
  facet normal 0.99148 0.130256 0
    outer loop
      vertex 139.83 140.294 0
      vertex 140 139 56
      vertex 140 139 0
    endloop
  endfacet
  facet normal 0.608303 0.793705 -0
    outer loop
      vertex 138.536 142.536 0
      vertex 137.5 143.33 56
      vertex 138.536 142.536 56
    endloop
  endfacet
  facet normal 0.608303 0.793705 0
    outer loop
      vertex 137.5 143.33 56
      vertex 138.536 142.536 0
      vertex 137.5 143.33 0
    endloop
  endfacet
  facet normal 0.991439 0.130573 0
    outer loop
      vertex 50 172.49 33
      vertex 49.9489 172.878 23
      vertex 49.9489 172.878 33
    endloop
  endfacet
  facet normal 0.991439 0.130573 0
    outer loop
      vertex 49.9489 172.878 23
      vertex 50 172.49 33
      vertex 50 172.49 23
    endloop
  endfacet
  facet normal 0 1 -0
    outer loop
      vertex 48.5 173.99 23
      vertex 29.5 173.99 33
      vertex 48.5 173.99 33
    endloop
  endfacet
  facet normal 0 1 0
    outer loop
      vertex 29.5 173.99 33
      vertex 48.5 173.99 23
      vertex 29.5 173.99 23
    endloop
  endfacet
  facet normal 0.92392 0.382585 0
    outer loop
      vertex 49.9489 172.878 33
      vertex 49.799 173.24 23
      vertex 49.799 173.24 33
    endloop
  endfacet
  facet normal 0.92392 0.382585 0
    outer loop
      vertex 49.799 173.24 23
      vertex 49.9489 172.878 33
      vertex 49.9489 172.878 23
    endloop
  endfacet
  facet normal -0.793771 0.608217 0
    outer loop
      vertex 28.201 173.24 23
      vertex 28.4393 173.551 33
      vertex 28.4393 173.551 23
    endloop
  endfacet
  facet normal -0.793771 0.608217 0
    outer loop
      vertex 28.4393 173.551 33
      vertex 28.201 173.24 23
      vertex 28.201 173.24 33
    endloop
  endfacet
  facet normal -0.92392 -0.382585 0
    outer loop
      vertex 28.201 156.74 23
      vertex 28.0511 157.102 33
      vertex 28.0511 157.102 23
    endloop
  endfacet
  facet normal -0.92392 -0.382585 0
    outer loop
      vertex 28.0511 157.102 33
      vertex 28.201 156.74 23
      vertex 28.201 156.74 33
    endloop
  endfacet
  facet normal 0.793771 -0.608217 0
    outer loop
      vertex 49.5607 156.429 33
      vertex 49.799 156.74 23
      vertex 49.799 156.74 33
    endloop
  endfacet
  facet normal 0.793771 -0.608217 0
    outer loop
      vertex 49.799 156.74 23
      vertex 49.5607 156.429 33
      vertex 49.5607 156.429 23
    endloop
  endfacet
  facet normal 1 0 0
    outer loop
      vertex 50 172.49 33
      vertex 50 164.7 28
      vertex 50 172.49 23
    endloop
  endfacet
  facet normal 1 0 0
    outer loop
      vertex 50 172.49 33
      vertex 50 164.642 28.44
      vertex 50 164.7 28
    endloop
  endfacet
  facet normal 1 0 0
    outer loop
      vertex 50 172.49 33
      vertex 50 164.472 28.85
      vertex 50 164.642 28.44
    endloop
  endfacet
  facet normal 1 0 0
    outer loop
      vertex 50 172.49 33
      vertex 50 164.202 29.2021
      vertex 50 164.472 28.85
    endloop
  endfacet
  facet normal 1 0 0
    outer loop
      vertex 50 172.49 33
      vertex 50 163.85 29.4722
      vertex 50 164.202 29.2021
    endloop
  endfacet
  facet normal 1 0 0
    outer loop
      vertex 50 172.49 33
      vertex 50 163.44 29.6421
      vertex 50 163.85 29.4722
    endloop
  endfacet
  facet normal 1 -0 0
    outer loop
      vertex 50 157.49 33
      vertex 50 163.44 29.6421
      vertex 50 172.49 33
    endloop
  endfacet
  facet normal 1 0 0
    outer loop
      vertex 50 163.44 29.6421
      vertex 50 157.49 33
      vertex 50 163 29.7
    endloop
  endfacet
  facet normal 1 0 0
    outer loop
      vertex 50 161.358 28.44
      vertex 50 157.49 33
      vertex 50 161.3 28
    endloop
  endfacet
  facet normal 1 0 0
    outer loop
      vertex 50 161.528 28.85
      vertex 50 157.49 33
      vertex 50 161.358 28.44
    endloop
  endfacet
  facet normal 1 0 0
    outer loop
      vertex 50 161.798 29.2021
      vertex 50 157.49 33
      vertex 50 161.528 28.85
    endloop
  endfacet
  facet normal 1 0 0
    outer loop
      vertex 50 162.15 29.4722
      vertex 50 157.49 33
      vertex 50 161.798 29.2021
    endloop
  endfacet
  facet normal 1 0 0
    outer loop
      vertex 50 162.56 29.6421
      vertex 50 157.49 33
      vertex 50 162.15 29.4722
    endloop
  endfacet
  facet normal 1 0 0
    outer loop
      vertex 50 163 29.7
      vertex 50 157.49 33
      vertex 50 162.56 29.6421
    endloop
  endfacet
  facet normal 1 -0 0
    outer loop
      vertex 50 164.642 27.56
      vertex 50 172.49 23
      vertex 50 164.7 28
    endloop
  endfacet
  facet normal 1 -0 0
    outer loop
      vertex 50 164.472 27.15
      vertex 50 172.49 23
      vertex 50 164.642 27.56
    endloop
  endfacet
  facet normal 1 -0 0
    outer loop
      vertex 50 164.202 26.7979
      vertex 50 172.49 23
      vertex 50 164.472 27.15
    endloop
  endfacet
  facet normal 1 -0 0
    outer loop
      vertex 50 163.85 26.5278
      vertex 50 172.49 23
      vertex 50 164.202 26.7979
    endloop
  endfacet
  facet normal 1 -0 0
    outer loop
      vertex 50 163.44 26.3579
      vertex 50 172.49 23
      vertex 50 163.85 26.5278
    endloop
  endfacet
  facet normal 1 0 0
    outer loop
      vertex 50 157.49 23
      vertex 50 163.44 26.3579
      vertex 50 163 26.3
    endloop
  endfacet
  facet normal 1 0 0
    outer loop
      vertex 50 157.49 23
      vertex 50 163 26.3
      vertex 50 162.56 26.3579
    endloop
  endfacet
  facet normal 1 0 0
    outer loop
      vertex 50 157.49 23
      vertex 50 161.3 28
      vertex 50 157.49 33
    endloop
  endfacet
  facet normal 1 0 0
    outer loop
      vertex 50 161.3 28
      vertex 50 157.49 23
      vertex 50 161.358 27.56
    endloop
  endfacet
  facet normal 1 0 0
    outer loop
      vertex 50 163.44 26.3579
      vertex 50 157.49 23
      vertex 50 172.49 23
    endloop
  endfacet
  facet normal 1 0 0
    outer loop
      vertex 50 162.15 26.5278
      vertex 50 157.49 23
      vertex 50 162.56 26.3579
    endloop
  endfacet
  facet normal 1 0 0
    outer loop
      vertex 50 161.798 26.7979
      vertex 50 157.49 23
      vertex 50 162.15 26.5278
    endloop
  endfacet
  facet normal 1 0 0
    outer loop
      vertex 50 161.528 27.15
      vertex 50 157.49 23
      vertex 50 161.798 26.7979
    endloop
  endfacet
  facet normal 1 0 0
    outer loop
      vertex 50 161.358 27.56
      vertex 50 157.49 23
      vertex 50 161.528 27.15
    endloop
  endfacet
  facet normal -0.130208 -0.991487 0
    outer loop
      vertex 29.1118 156.041 23
      vertex 29.424 156 33
      vertex 29.1118 156.041 33
    endloop
  endfacet
  facet normal -0.130208 -0.991487 -0
    outer loop
      vertex 29.424 156 33
      vertex 29.1118 156.041 23
      vertex 29.424 156 23
    endloop
  endfacet
  facet normal 0.608104 -0.793857 0
    outer loop
      vertex 49.25 156.191 23
      vertex 49.5607 156.429 33
      vertex 49.25 156.191 33
    endloop
  endfacet
  facet normal 0.608104 -0.793857 0
    outer loop
      vertex 49.5607 156.429 33
      vertex 49.25 156.191 23
      vertex 49.5607 156.429 23
    endloop
  endfacet
  facet normal 0.991439 -0.130573 0
    outer loop
      vertex 49.9489 157.102 33
      vertex 50 157.49 23
      vertex 50 157.49 33
    endloop
  endfacet
  facet normal 0.991439 -0.130573 0
    outer loop
      vertex 50 157.49 23
      vertex 49.9489 157.102 33
      vertex 49.9489 157.102 23
    endloop
  endfacet
  facet normal -1 0 0
    outer loop
      vertex 28 157.49 23
      vertex 28 172.49 33
      vertex 28 172.49 23
    endloop
  endfacet
  facet normal -1 -0 0
    outer loop
      vertex 28 172.49 33
      vertex 28 157.49 23
      vertex 28 157.49 33
    endloop
  endfacet
  facet normal -0.608104 -0.793857 0
    outer loop
      vertex 28.4393 156.429 23
      vertex 28.75 156.191 33
      vertex 28.4393 156.429 33
    endloop
  endfacet
  facet normal -0.608104 -0.793857 -0
    outer loop
      vertex 28.75 156.191 33
      vertex 28.4393 156.429 23
      vertex 28.75 156.191 23
    endloop
  endfacet
  facet normal -0.130256 0.99148 0
    outer loop
      vertex 29.5 173.99 23
      vertex 29.1118 173.939 33
      vertex 29.5 173.99 33
    endloop
  endfacet
  facet normal -0.130256 0.99148 0
    outer loop
      vertex 29.1118 173.939 33
      vertex 29.5 173.99 23
      vertex 29.1118 173.939 23
    endloop
  endfacet
  facet normal 0.130256 0.99148 -0
    outer loop
      vertex 48.8882 173.939 23
      vertex 48.5 173.99 33
      vertex 48.8882 173.939 33
    endloop
  endfacet
  facet normal 0.130256 0.99148 0
    outer loop
      vertex 48.5 173.99 33
      vertex 48.8882 173.939 23
      vertex 48.5 173.99 23
    endloop
  endfacet
  facet normal -0.382983 0.923755 0
    outer loop
      vertex 29.1118 173.939 23
      vertex 28.75 173.789 33
      vertex 29.1118 173.939 33
    endloop
  endfacet
  facet normal -0.382983 0.923755 0
    outer loop
      vertex 28.75 173.789 33
      vertex 29.1118 173.939 23
      vertex 28.75 173.789 23
    endloop
  endfacet
  facet normal 0.382983 0.923755 -0
    outer loop
      vertex 49.25 173.789 23
      vertex 48.8882 173.939 33
      vertex 49.25 173.789 33
    endloop
  endfacet
  facet normal 0.382983 0.923755 0
    outer loop
      vertex 48.8882 173.939 33
      vertex 49.25 173.789 23
      vertex 48.8882 173.939 23
    endloop
  endfacet
  facet normal 0.130208 -0.991487 0
    outer loop
      vertex 48.576 156 23
      vertex 48.8882 156.041 33
      vertex 48.576 156 33
    endloop
  endfacet
  facet normal 0.130208 -0.991487 0
    outer loop
      vertex 48.8882 156.041 33
      vertex 48.576 156 23
      vertex 48.8882 156.041 23
    endloop
  endfacet
  facet normal -0.991439 -0.130573 0
    outer loop
      vertex 28.0511 157.102 23
      vertex 28 157.49 33
      vertex 28 157.49 23
    endloop
  endfacet
  facet normal -0.991439 -0.130573 0
    outer loop
      vertex 28 157.49 33
      vertex 28.0511 157.102 23
      vertex 28.0511 157.102 33
    endloop
  endfacet
  facet normal 0 0 1
    outer loop
      vertex 48.5 173.99 33
      vertex 50 172.49 33
      vertex 49.9489 172.878 33
    endloop
  endfacet
  facet normal 0 0 1
    outer loop
      vertex 50 172.49 33
      vertex 48.5 173.99 33
      vertex 50 157.49 33
    endloop
  endfacet
  facet normal 0 0 1
    outer loop
      vertex 48.5 173.99 33
      vertex 49.9489 172.878 33
      vertex 49.799 173.24 33
    endloop
  endfacet
  facet normal 0 -0 1
    outer loop
      vertex 48.576 156 33
      vertex 50 157.49 33
      vertex 48.5 173.99 33
    endloop
  endfacet
  facet normal 0 0 1
    outer loop
      vertex 48.5 173.99 33
      vertex 49.799 173.24 33
      vertex 49.5607 173.551 33
    endloop
  endfacet
  facet normal 0 0 1
    outer loop
      vertex 50 157.49 33
      vertex 48.576 156 33
      vertex 49.9489 157.102 33
    endloop
  endfacet
  facet normal 0 0 1
    outer loop
      vertex 48.5 173.99 33
      vertex 49.5607 173.551 33
      vertex 49.25 173.789 33
    endloop
  endfacet
  facet normal 0 0 1
    outer loop
      vertex 49.9489 157.102 33
      vertex 48.576 156 33
      vertex 49.799 156.74 33
    endloop
  endfacet
  facet normal 0 0 1
    outer loop
      vertex 48.5 173.99 33
      vertex 49.25 173.789 33
      vertex 48.8882 173.939 33
    endloop
  endfacet
  facet normal 0 0 1
    outer loop
      vertex 49.799 156.74 33
      vertex 48.576 156 33
      vertex 49.5607 156.429 33
    endloop
  endfacet
  facet normal 0 0 1
    outer loop
      vertex 49.25 156.191 33
      vertex 48.576 156 33
      vertex 48.8882 156.041 33
    endloop
  endfacet
  facet normal 0 0 1
    outer loop
      vertex 49.5607 156.429 33
      vertex 48.576 156 33
      vertex 49.25 156.191 33
    endloop
  endfacet
  facet normal -0 0 1
    outer loop
      vertex 29.5 173.99 33
      vertex 48.576 156 33
      vertex 48.5 173.99 33
    endloop
  endfacet
  facet normal 0 0 1
    outer loop
      vertex 29.5 173.99 33
      vertex 29.424 156 33
      vertex 48.576 156 33
    endloop
  endfacet
  facet normal 0 0 1
    outer loop
      vertex 28 172.49 33
      vertex 29.5 173.99 33
      vertex 29.1118 173.939 33
    endloop
  endfacet
  facet normal 0 0 1
    outer loop
      vertex 28 157.49 33
      vertex 29.5 173.99 33
      vertex 28 172.49 33
    endloop
  endfacet
  facet normal 0 0 1
    outer loop
      vertex 28 172.49 33
      vertex 29.1118 173.939 33
      vertex 28.75 173.789 33
    endloop
  endfacet
  facet normal 0 0 1
    outer loop
      vertex 29.5 173.99 33
      vertex 28 157.49 33
      vertex 29.424 156 33
    endloop
  endfacet
  facet normal 0 0 1
    outer loop
      vertex 28 172.49 33
      vertex 28.75 173.789 33
      vertex 28.4393 173.551 33
    endloop
  endfacet
  facet normal -0 -0 1
    outer loop
      vertex 28.75 156.191 33
      vertex 29.424 156 33
      vertex 28 157.49 33
    endloop
  endfacet
  facet normal 0 0 1
    outer loop
      vertex 28 172.49 33
      vertex 28.4393 173.551 33
      vertex 28.201 173.24 33
    endloop
  endfacet
  facet normal 0 0 1
    outer loop
      vertex 29.424 156 33
      vertex 28.75 156.191 33
      vertex 29.1118 156.041 33
    endloop
  endfacet
  facet normal 0 0 1
    outer loop
      vertex 28 172.49 33
      vertex 28.201 173.24 33
      vertex 28.0511 172.878 33
    endloop
  endfacet
  facet normal 0 0 1
    outer loop
      vertex 28.75 156.191 33
      vertex 28 157.49 33
      vertex 28.4393 156.429 33
    endloop
  endfacet
  facet normal 0 0 1
    outer loop
      vertex 28.4393 156.429 33
      vertex 28 157.49 33
      vertex 28.201 156.74 33
    endloop
  endfacet
  facet normal 0 0 1
    outer loop
      vertex 28.201 156.74 33
      vertex 28 157.49 33
      vertex 28.0511 157.102 33
    endloop
  endfacet
  facet normal 0.608104 0.793857 -0
    outer loop
      vertex 49.5607 173.551 23
      vertex 49.25 173.789 33
      vertex 49.5607 173.551 33
    endloop
  endfacet
  facet normal 0.608104 0.793857 0
    outer loop
      vertex 49.25 173.789 33
      vertex 49.5607 173.551 23
      vertex 49.25 173.789 23
    endloop
  endfacet
  facet normal -0.991439 0.130573 0
    outer loop
      vertex 28 172.49 23
      vertex 28.0511 172.878 33
      vertex 28.0511 172.878 23
    endloop
  endfacet
  facet normal -0.991439 0.130573 0
    outer loop
      vertex 28.0511 172.878 33
      vertex 28 172.49 23
      vertex 28 172.49 33
    endloop
  endfacet
  facet normal -0.382983 -0.923755 0
    outer loop
      vertex 28.75 156.191 23
      vertex 29.1118 156.041 33
      vertex 28.75 156.191 33
    endloop
  endfacet
  facet normal -0.382983 -0.923755 -0
    outer loop
      vertex 29.1118 156.041 33
      vertex 28.75 156.191 23
      vertex 29.1118 156.041 23
    endloop
  endfacet
  facet normal 0.92392 -0.382585 0
    outer loop
      vertex 49.799 156.74 33
      vertex 49.9489 157.102 23
      vertex 49.9489 157.102 33
    endloop
  endfacet
  facet normal 0.92392 -0.382585 0
    outer loop
      vertex 49.9489 157.102 23
      vertex 49.799 156.74 33
      vertex 49.799 156.74 23
    endloop
  endfacet
  facet normal 0.382983 -0.923755 0
    outer loop
      vertex 48.8882 156.041 23
      vertex 49.25 156.191 33
      vertex 48.8882 156.041 33
    endloop
  endfacet
  facet normal 0.382983 -0.923755 0
    outer loop
      vertex 49.25 156.191 33
      vertex 48.8882 156.041 23
      vertex 49.25 156.191 23
    endloop
  endfacet
  facet normal -0.92392 0.382585 0
    outer loop
      vertex 28.0511 172.878 23
      vertex 28.201 173.24 33
      vertex 28.201 173.24 23
    endloop
  endfacet
  facet normal -0.92392 0.382585 0
    outer loop
      vertex 28.201 173.24 33
      vertex 28.0511 172.878 23
      vertex 28.0511 172.878 33
    endloop
  endfacet
  facet normal 0.793771 0.608217 0
    outer loop
      vertex 49.799 173.24 33
      vertex 49.5607 173.551 23
      vertex 49.5607 173.551 33
    endloop
  endfacet
  facet normal 0.793771 0.608217 0
    outer loop
      vertex 49.5607 173.551 23
      vertex 49.799 173.24 33
      vertex 49.799 173.24 23
    endloop
  endfacet
  facet normal 0 0 -1
    outer loop
      vertex 48.576 156 23
      vertex 50 157.49 23
      vertex 49.9489 157.102 23
    endloop
  endfacet
  facet normal 0 0 -1
    outer loop
      vertex 48.5 173.99 23
      vertex 50 157.49 23
      vertex 48.576 156 23
    endloop
  endfacet
  facet normal 0 0 -1
    outer loop
      vertex 48.576 156 23
      vertex 49.9489 157.102 23
      vertex 49.799 156.74 23
    endloop
  endfacet
  facet normal 0 0 -1
    outer loop
      vertex 50 157.49 23
      vertex 48.5 173.99 23
      vertex 50 172.49 23
    endloop
  endfacet
  facet normal 0 0 -1
    outer loop
      vertex 48.576 156 23
      vertex 49.799 156.74 23
      vertex 49.5607 156.429 23
    endloop
  endfacet
  facet normal 0 0 -1
    outer loop
      vertex 50 172.49 23
      vertex 48.5 173.99 23
      vertex 49.9489 172.878 23
    endloop
  endfacet
  facet normal 0 0 -1
    outer loop
      vertex 48.576 156 23
      vertex 49.5607 156.429 23
      vertex 49.25 156.191 23
    endloop
  endfacet
  facet normal 0 0 -1
    outer loop
      vertex 49.9489 172.878 23
      vertex 48.5 173.99 23
      vertex 49.799 173.24 23
    endloop
  endfacet
  facet normal 0 0 -1
    outer loop
      vertex 48.576 156 23
      vertex 49.25 156.191 23
      vertex 48.8882 156.041 23
    endloop
  endfacet
  facet normal 0 0 -1
    outer loop
      vertex 49.799 173.24 23
      vertex 48.5 173.99 23
      vertex 49.5607 173.551 23
    endloop
  endfacet
  facet normal 0 0 -1
    outer loop
      vertex 49.5607 173.551 23
      vertex 48.5 173.99 23
      vertex 49.25 173.789 23
    endloop
  endfacet
  facet normal 0 0 -1
    outer loop
      vertex 49.25 173.789 23
      vertex 48.5 173.99 23
      vertex 48.8882 173.939 23
    endloop
  endfacet
  facet normal 0 0 -1
    outer loop
      vertex 48.576 156 23
      vertex 29.5 173.99 23
      vertex 48.5 173.99 23
    endloop
  endfacet
  facet normal 0 0 -1
    outer loop
      vertex 29.424 156 23
      vertex 29.5 173.99 23
      vertex 48.576 156 23
    endloop
  endfacet
  facet normal 0 0 -1
    outer loop
      vertex 28.75 156.191 23
      vertex 29.424 156 23
      vertex 29.1118 156.041 23
    endloop
  endfacet
  facet normal 0 0 -1
    outer loop
      vertex 29.424 156 23
      vertex 28 157.49 23
      vertex 29.5 173.99 23
    endloop
  endfacet
  facet normal 0 0 -1
    outer loop
      vertex 29.424 156 23
      vertex 28.75 156.191 23
      vertex 28 157.49 23
    endloop
  endfacet
  facet normal 0 0 -1
    outer loop
      vertex 28 172.49 23
      vertex 29.5 173.99 23
      vertex 28 157.49 23
    endloop
  endfacet
  facet normal 0 0 -1
    outer loop
      vertex 28 157.49 23
      vertex 28.75 156.191 23
      vertex 28.4393 156.429 23
    endloop
  endfacet
  facet normal 0 0 -1
    outer loop
      vertex 29.5 173.99 23
      vertex 28 172.49 23
      vertex 29.1118 173.939 23
    endloop
  endfacet
  facet normal 0 0 -1
    outer loop
      vertex 28 157.49 23
      vertex 28.4393 156.429 23
      vertex 28.201 156.74 23
    endloop
  endfacet
  facet normal 0 0 -1
    outer loop
      vertex 29.1118 173.939 23
      vertex 28 172.49 23
      vertex 28.75 173.789 23
    endloop
  endfacet
  facet normal 0 0 -1
    outer loop
      vertex 28 157.49 23
      vertex 28.201 156.74 23
      vertex 28.0511 157.102 23
    endloop
  endfacet
  facet normal 0 0 -1
    outer loop
      vertex 28.75 173.789 23
      vertex 28 172.49 23
      vertex 28.4393 173.551 23
    endloop
  endfacet
  facet normal 0 0 -1
    outer loop
      vertex 28.4393 173.551 23
      vertex 28 172.49 23
      vertex 28.201 173.24 23
    endloop
  endfacet
  facet normal 0 0 -1
    outer loop
      vertex 28.201 173.24 23
      vertex 28 172.49 23
      vertex 28.0511 172.878 23
    endloop
  endfacet
  facet normal -0.793771 -0.608217 0
    outer loop
      vertex 28.4393 156.429 23
      vertex 28.201 156.74 33
      vertex 28.201 156.74 23
    endloop
  endfacet
  facet normal -0.793771 -0.608217 0
    outer loop
      vertex 28.201 156.74 33
      vertex 28.4393 156.429 23
      vertex 28.4393 156.429 33
    endloop
  endfacet
  facet normal -0.608104 0.793857 0
    outer loop
      vertex 28.75 173.789 23
      vertex 28.4393 173.551 33
      vertex 28.75 173.789 33
    endloop
  endfacet
  facet normal -0.608104 0.793857 0
    outer loop
      vertex 28.4393 173.551 33
      vertex 28.75 173.789 23
      vertex 28.4393 173.551 23
    endloop
  endfacet
  facet normal 0 0 -1
    outer loop
      vertex 83 33 48
      vertex 140 125 48
      vertex 140 33 48
    endloop
  endfacet
  facet normal -0 0 -1
    outer loop
      vertex 140 125 48
      vertex 83 33 48
      vertex 83 125 48
    endloop
  endfacet
  facet normal -0 0 1
    outer loop
      vertex 83 125 8
      vertex 140 33 8
      vertex 140 125 8
    endloop
  endfacet
  facet normal 0 0 1
    outer loop
      vertex 140 33 8
      vertex 83 125 8
      vertex 83 33 8
    endloop
  endfacet
  facet normal 1 0 0
    outer loop
      vertex 83 125 48
      vertex 83 120 34
      vertex 83 125 34
    endloop
  endfacet
  facet normal 1 0 0
    outer loop
      vertex 83 120 34
      vertex 83 36 34
      vertex 83 120 18
    endloop
  endfacet
  facet normal 1 -0 0
    outer loop
      vertex 83 33 48
      vertex 83 120 34
      vertex 83 125 48
    endloop
  endfacet
  facet normal 1 0 0
    outer loop
      vertex 83 120 34
      vertex 83 33 48
      vertex 83 36 34
    endloop
  endfacet
  facet normal 1 0 0
    outer loop
      vertex 83 36 34
      vertex 83 33 48
      vertex 83 33 34
    endloop
  endfacet
  facet normal 1 -0 0
    outer loop
      vertex 83 120 18
      vertex 83 125 8
      vertex 83 125 18
    endloop
  endfacet
  facet normal 1 0 0
    outer loop
      vertex 83 36 18
      vertex 83 120 18
      vertex 83 36 34
    endloop
  endfacet
  facet normal 1 0 0
    outer loop
      vertex 83 33 8
      vertex 83 120 18
      vertex 83 36 18
    endloop
  endfacet
  facet normal 1 0 0
    outer loop
      vertex 83 33 8
      vertex 83 36 18
      vertex 83 33 18
    endloop
  endfacet
  facet normal 1 0 0
    outer loop
      vertex 83 120 18
      vertex 83 33 8
      vertex 83 125 8
    endloop
  endfacet
  facet normal 0 -1 0
    outer loop
      vertex 83 125 8
      vertex 92 125 18
      vertex 83 125 18
    endloop
  endfacet
  facet normal 0 -1 0
    outer loop
      vertex 140 125 8
      vertex 104 125 16
      vertex 83 125 8
    endloop
  endfacet
  facet normal 0 -1 -0
    outer loop
      vertex 92 125 18
      vertex 83 125 8
      vertex 104 125 16
    endloop
  endfacet
  facet normal 0 -1 0
    outer loop
      vertex 83 125 48
      vertex 104 125 42
      vertex 140 125 48
    endloop
  endfacet
  facet normal 0 -1 0
    outer loop
      vertex 92 125 34
      vertex 83 125 48
      vertex 83 125 34
    endloop
  endfacet
  facet normal 0 -1 0
    outer loop
      vertex 83 125 48
      vertex 92 125 34
      vertex 104 125 42
    endloop
  endfacet
  facet normal 0 -1 0
    outer loop
      vertex 104 125 16
      vertex 92 125 34
      vertex 92 125 18
    endloop
  endfacet
  facet normal 0 -1 0
    outer loop
      vertex 92 125 34
      vertex 104 125 16
      vertex 104 125 42
    endloop
  endfacet
  facet normal 0 -1 0
    outer loop
      vertex 128 125 42
      vertex 140 125 48
      vertex 104 125 42
    endloop
  endfacet
  facet normal 0 -1 0
    outer loop
      vertex 128 125 16
      vertex 140 125 48
      vertex 128 125 42
    endloop
  endfacet
  facet normal 0 -1 0
    outer loop
      vertex 128 125 16
      vertex 140 125 8
      vertex 140 125 48
    endloop
  endfacet
  facet normal 0 -1 0
    outer loop
      vertex 104 125 16
      vertex 140 125 8
      vertex 128 125 16
    endloop
  endfacet
  facet normal 0 1 0
    outer loop
      vertex 140 33 48
      vertex 92 33 34
      vertex 83 33 48
    endloop
  endfacet
  facet normal 0 1 -0
    outer loop
      vertex 140 33 8
      vertex 92 33 34
      vertex 140 33 48
    endloop
  endfacet
  facet normal 0 1 0
    outer loop
      vertex 92 33 34
      vertex 140 33 8
      vertex 92 33 18
    endloop
  endfacet
  facet normal 0 1 0
    outer loop
      vertex 83 33 8
      vertex 92 33 18
      vertex 140 33 8
    endloop
  endfacet
  facet normal 0 1 0
    outer loop
      vertex 92 33 18
      vertex 83 33 8
      vertex 83 33 18
    endloop
  endfacet
  facet normal 0 1 0
    outer loop
      vertex 83 33 48
      vertex 92 33 34
      vertex 83 33 34
    endloop
  endfacet
  facet normal -1 0 0
    outer loop
      vertex 50 68 16
      vertex 50 104 40
      vertex 50 104 16
    endloop
  endfacet
  facet normal -1 -0 0
    outer loop
      vertex 50 104 40
      vertex 50 68 16
      vertex 50 68 40
    endloop
  endfacet
  facet normal 0 0 -1
    outer loop
      vertex 20 68 40
      vertex 50 104 40
      vertex 50 68 40
    endloop
  endfacet
  facet normal -0 0 -1
    outer loop
      vertex 50 104 40
      vertex 20 68 40
      vertex 20 104 40
    endloop
  endfacet
  facet normal -0 0 1
    outer loop
      vertex 20 104 16
      vertex 50 68 16
      vertex 50 104 16
    endloop
  endfacet
  facet normal 0 0 1
    outer loop
      vertex 50 68 16
      vertex 20 104 16
      vertex 20 68 16
    endloop
  endfacet
  facet normal 0 -1 0
    outer loop
      vertex 20 104 16
      vertex 50 104 40
      vertex 20 104 40
    endloop
  endfacet
  facet normal 0 -1 -0
    outer loop
      vertex 50 104 40
      vertex 20 104 16
      vertex 50 104 16
    endloop
  endfacet
  facet normal 0 1 -0
    outer loop
      vertex 50 68 16
      vertex 20 68 40
      vertex 50 68 40
    endloop
  endfacet
  facet normal 0 1 0
    outer loop
      vertex 20 68 40
      vertex 50 68 16
      vertex 20 68 16
    endloop
  endfacet
  facet normal -1 0 0
    outer loop
      vertex 128 125 16
      vertex 128 144 42
      vertex 128 144 16
    endloop
  endfacet
  facet normal -1 -0 0
    outer loop
      vertex 128 144 42
      vertex 128 125 16
      vertex 128 125 42
    endloop
  endfacet
  facet normal 0 0 -1
    outer loop
      vertex 104 125 42
      vertex 128 144 42
      vertex 128 125 42
    endloop
  endfacet
  facet normal -0 0 -1
    outer loop
      vertex 128 144 42
      vertex 104 125 42
      vertex 104 144 42
    endloop
  endfacet
  facet normal -0 0 1
    outer loop
      vertex 104 144 16
      vertex 128 125 16
      vertex 128 144 16
    endloop
  endfacet
  facet normal 0 0 1
    outer loop
      vertex 128 125 16
      vertex 104 144 16
      vertex 104 125 16
    endloop
  endfacet
  facet normal 1 -0 0
    outer loop
      vertex 104 125 42
      vertex 104 144 16
      vertex 104 144 42
    endloop
  endfacet
  facet normal 1 0 0
    outer loop
      vertex 104 144 16
      vertex 104 125 42
      vertex 104 125 16
    endloop
  endfacet
  facet normal -1 0 0
    outer loop
      vertex 92 20 18
      vertex 92 33 34
      vertex 92 33 18
    endloop
  endfacet
  facet normal -1 -0 0
    outer loop
      vertex 92 33 34
      vertex 92 20 18
      vertex 92 20 34
    endloop
  endfacet
  facet normal 0 0 -1
    outer loop
      vertex 78 18 34
      vertex 76 18 34
      vertex 78 20 34
    endloop
  endfacet
  facet normal 0 0 -1
    outer loop
      vertex 92 20 34
      vertex 83 33 34
      vertex 92 33 34
    endloop
  endfacet
  facet normal 0 0 -1
    outer loop
      vertex 78 20 34
      vertex 83 33 34
      vertex 92 20 34
    endloop
  endfacet
  facet normal 0 0 -1
    outer loop
      vertex 76 36 34
      vertex 83 33 34
      vertex 78 20 34
    endloop
  endfacet
  facet normal 0 0 -1
    outer loop
      vertex 76 36 34
      vertex 78 20 34
      vertex 76 18 34
    endloop
  endfacet
  facet normal 0 0 -1
    outer loop
      vertex 83 33 34
      vertex 76 36 34
      vertex 83 36 34
    endloop
  endfacet
  facet normal -0 0 1
    outer loop
      vertex 76 36 18
      vertex 83 33 18
      vertex 83 36 18
    endloop
  endfacet
  facet normal 0 0 1
    outer loop
      vertex 83 33 18
      vertex 76 36 18
      vertex 78 20 18
    endloop
  endfacet
  facet normal 0 0 1
    outer loop
      vertex 76 18 18
      vertex 78 20 18
      vertex 76 36 18
    endloop
  endfacet
  facet normal 0 0 1
    outer loop
      vertex 78 20 18
      vertex 76 18 18
      vertex 78 18 18
    endloop
  endfacet
  facet normal -0 0 1
    outer loop
      vertex 83 33 18
      vertex 92 20 18
      vertex 92 33 18
    endloop
  endfacet
  facet normal 0 0 1
    outer loop
      vertex 92 20 18
      vertex 83 33 18
      vertex 78 20 18
    endloop
  endfacet
  facet normal 1 -0 0
    outer loop
      vertex 76 18 34
      vertex 76 36 18
      vertex 76 36 34
    endloop
  endfacet
  facet normal 1 0 0
    outer loop
      vertex 76 36 18
      vertex 76 18 34
      vertex 76 18 18
    endloop
  endfacet
  facet normal 0 -1 0
    outer loop
      vertex 76 36 18
      vertex 83 36 34
      vertex 76 36 34
    endloop
  endfacet
  facet normal 0 -1 -0
    outer loop
      vertex 83 36 34
      vertex 76 36 18
      vertex 83 36 18
    endloop
  endfacet
  facet normal 0 1 -0
    outer loop
      vertex 78 18 18
      vertex 76 18 34
      vertex 78 18 34
    endloop
  endfacet
  facet normal 0 1 0
    outer loop
      vertex 76 18 34
      vertex 78 18 18
      vertex 76 18 18
    endloop
  endfacet
  facet normal -1 0 0
    outer loop
      vertex 92 125 18
      vertex 92 138 34
      vertex 92 138 18
    endloop
  endfacet
  facet normal -1 -0 0
    outer loop
      vertex 92 138 34
      vertex 92 125 18
      vertex 92 125 34
    endloop
  endfacet
  facet normal 0 0 -1
    outer loop
      vertex 83 120 34
      vertex 76 120 34
      vertex 83 125 34
    endloop
  endfacet
  facet normal 0 0 -1
    outer loop
      vertex 83 125 34
      vertex 92 138 34
      vertex 92 125 34
    endloop
  endfacet
  facet normal 0 0 -1
    outer loop
      vertex 76 138 34
      vertex 83 125 34
      vertex 76 120 34
    endloop
  endfacet
  facet normal 0 0 -1
    outer loop
      vertex 83 125 34
      vertex 76 138 34
      vertex 92 138 34
    endloop
  endfacet
  facet normal 0 0 1
    outer loop
      vertex 92 138 18
      vertex 83 125 18
      vertex 92 125 18
    endloop
  endfacet
  facet normal -0 0 1
    outer loop
      vertex 76 138 18
      vertex 83 125 18
      vertex 92 138 18
    endloop
  endfacet
  facet normal 0 0 1
    outer loop
      vertex 76 120 18
      vertex 83 125 18
      vertex 76 138 18
    endloop
  endfacet
  facet normal 0 0 1
    outer loop
      vertex 83 125 18
      vertex 76 120 18
      vertex 83 120 18
    endloop
  endfacet
  facet normal 1 -0 0
    outer loop
      vertex 76 120 34
      vertex 76 138 18
      vertex 76 138 34
    endloop
  endfacet
  facet normal 1 0 0
    outer loop
      vertex 76 138 18
      vertex 76 120 34
      vertex 76 120 18
    endloop
  endfacet
  facet normal 0 -1 0
    outer loop
      vertex 76 138 18
      vertex 92 138 34
      vertex 76 138 34
    endloop
  endfacet
  facet normal 0 -1 -0
    outer loop
      vertex 92 138 34
      vertex 76 138 18
      vertex 92 138 18
    endloop
  endfacet
  facet normal 0 1 -0
    outer loop
      vertex 83 120 18
      vertex 76 120 34
      vertex 83 120 34
    endloop
  endfacet
  facet normal 0 1 0
    outer loop
      vertex 76 120 34
      vertex 83 120 18
      vertex 76 120 18
    endloop
  endfacet
  facet normal -0.923936 -0.382547 0
    outer loop
      vertex 41.1733 44.2623 0
      vertex 40.9486 44.805 56
      vertex 40.9486 44.805 0
    endloop
  endfacet
  facet normal -0.923936 -0.382547 0
    outer loop
      vertex 40.9486 44.805 56
      vertex 41.1733 44.2623 0
      vertex 41.1733 44.2623 56
    endloop
  endfacet
  facet normal -0.991436 -0.130591 0
    outer loop
      vertex 41.25 43.68 0
      vertex 41.1733 44.2623 56
      vertex 41.1733 44.2623 0
    endloop
  endfacet
  facet normal -0.991436 -0.130591 0
    outer loop
      vertex 41.1733 44.2623 56
      vertex 41.25 43.68 0
      vertex 41.25 43.68 56
    endloop
  endfacet
  facet normal 0.382547 0.923936 -0
    outer loop
      vertex 38.4177 41.5067 0
      vertex 37.875 41.7314 56
      vertex 38.4177 41.5067 56
    endloop
  endfacet
  facet normal 0.382547 0.923936 0
    outer loop
      vertex 37.875 41.7314 56
      vertex 38.4177 41.5067 0
      vertex 37.875 41.7314 0
    endloop
  endfacet
  facet normal -0.382547 0.923936 0
    outer loop
      vertex 40.125 41.7314 0
      vertex 39.5823 41.5067 56
      vertex 40.125 41.7314 56
    endloop
  endfacet
  facet normal -0.382547 0.923936 0
    outer loop
      vertex 39.5823 41.5067 56
      vertex 40.125 41.7314 0
      vertex 39.5823 41.5067 0
    endloop
  endfacet
  facet normal 0.923936 -0.382547 0
    outer loop
      vertex 36.8267 44.2623 56
      vertex 37.0514 44.805 0
      vertex 37.0514 44.805 56
    endloop
  endfacet
  facet normal 0.923936 -0.382547 0
    outer loop
      vertex 37.0514 44.805 0
      vertex 36.8267 44.2623 56
      vertex 36.8267 44.2623 0
    endloop
  endfacet
  facet normal 0.991436 0.130591 0
    outer loop
      vertex 36.8267 43.0977 56
      vertex 36.75 43.68 0
      vertex 36.75 43.68 56
    endloop
  endfacet
  facet normal 0.991436 0.130591 0
    outer loop
      vertex 36.75 43.68 0
      vertex 36.8267 43.0977 56
      vertex 36.8267 43.0977 0
    endloop
  endfacet
  facet normal 0.793332 -0.608789 0
    outer loop
      vertex 37.0514 44.805 56
      vertex 37.409 45.271 0
      vertex 37.409 45.271 56
    endloop
  endfacet
  facet normal 0.793332 -0.608789 0
    outer loop
      vertex 37.409 45.271 0
      vertex 37.0514 44.805 56
      vertex 37.0514 44.805 0
    endloop
  endfacet
  facet normal -0.793332 0.608789 0
    outer loop
      vertex 40.591 42.089 0
      vertex 40.9486 42.555 56
      vertex 40.9486 42.555 0
    endloop
  endfacet
  facet normal -0.793332 0.608789 0
    outer loop
      vertex 40.9486 42.555 56
      vertex 40.591 42.089 0
      vertex 40.591 42.089 56
    endloop
  endfacet
  facet normal 0.130591 -0.991436 0
    outer loop
      vertex 38.4177 45.8533 0
      vertex 39 45.93 56
      vertex 38.4177 45.8533 56
    endloop
  endfacet
  facet normal 0.130591 -0.991436 0
    outer loop
      vertex 39 45.93 56
      vertex 38.4177 45.8533 0
      vertex 39 45.93 0
    endloop
  endfacet
  facet normal 0.923936 0.382547 0
    outer loop
      vertex 37.0514 42.555 56
      vertex 36.8267 43.0977 0
      vertex 36.8267 43.0977 56
    endloop
  endfacet
  facet normal 0.923936 0.382547 0
    outer loop
      vertex 36.8267 43.0977 0
      vertex 37.0514 42.555 56
      vertex 37.0514 42.555 0
    endloop
  endfacet
  facet normal 0.991436 -0.130591 0
    outer loop
      vertex 36.75 43.68 56
      vertex 36.8267 44.2623 0
      vertex 36.8267 44.2623 56
    endloop
  endfacet
  facet normal 0.991436 -0.130591 0
    outer loop
      vertex 36.8267 44.2623 0
      vertex 36.75 43.68 56
      vertex 36.75 43.68 0
    endloop
  endfacet
  facet normal 0.130591 0.991436 -0
    outer loop
      vertex 39 41.43 0
      vertex 38.4177 41.5067 56
      vertex 39 41.43 56
    endloop
  endfacet
  facet normal 0.130591 0.991436 0
    outer loop
      vertex 38.4177 41.5067 56
      vertex 39 41.43 0
      vertex 38.4177 41.5067 0
    endloop
  endfacet
  facet normal -0.991436 0.130591 0
    outer loop
      vertex 41.1733 43.0977 0
      vertex 41.25 43.68 56
      vertex 41.25 43.68 0
    endloop
  endfacet
  facet normal -0.991436 0.130591 0
    outer loop
      vertex 41.25 43.68 56
      vertex 41.1733 43.0977 0
      vertex 41.1733 43.0977 56
    endloop
  endfacet
  facet normal -0.130591 0.991436 0
    outer loop
      vertex 39.5823 41.5067 0
      vertex 39 41.43 56
      vertex 39.5823 41.5067 56
    endloop
  endfacet
  facet normal -0.130591 0.991436 0
    outer loop
      vertex 39 41.43 56
      vertex 39.5823 41.5067 0
      vertex 39 41.43 0
    endloop
  endfacet
  facet normal -0.382547 -0.923936 0
    outer loop
      vertex 39.5823 45.8533 0
      vertex 40.125 45.6286 56
      vertex 39.5823 45.8533 56
    endloop
  endfacet
  facet normal -0.382547 -0.923936 -0
    outer loop
      vertex 40.125 45.6286 56
      vertex 39.5823 45.8533 0
      vertex 40.125 45.6286 0
    endloop
  endfacet
  facet normal -0.608789 -0.793332 0
    outer loop
      vertex 40.125 45.6286 0
      vertex 40.591 45.271 56
      vertex 40.125 45.6286 56
    endloop
  endfacet
  facet normal -0.608789 -0.793332 -0
    outer loop
      vertex 40.591 45.271 56
      vertex 40.125 45.6286 0
      vertex 40.591 45.271 0
    endloop
  endfacet
  facet normal 0.382547 -0.923936 0
    outer loop
      vertex 37.875 45.6286 0
      vertex 38.4177 45.8533 56
      vertex 37.875 45.6286 56
    endloop
  endfacet
  facet normal 0.382547 -0.923936 0
    outer loop
      vertex 38.4177 45.8533 56
      vertex 37.875 45.6286 0
      vertex 38.4177 45.8533 0
    endloop
  endfacet
  facet normal -0.923936 0.382547 0
    outer loop
      vertex 40.9486 42.555 0
      vertex 41.1733 43.0977 56
      vertex 41.1733 43.0977 0
    endloop
  endfacet
  facet normal -0.923936 0.382547 0
    outer loop
      vertex 41.1733 43.0977 56
      vertex 40.9486 42.555 0
      vertex 40.9486 42.555 56
    endloop
  endfacet
  facet normal -0.130591 -0.991436 0
    outer loop
      vertex 39 45.93 0
      vertex 39.5823 45.8533 56
      vertex 39 45.93 56
    endloop
  endfacet
  facet normal -0.130591 -0.991436 -0
    outer loop
      vertex 39.5823 45.8533 56
      vertex 39 45.93 0
      vertex 39.5823 45.8533 0
    endloop
  endfacet
  facet normal -0.608789 0.793332 0
    outer loop
      vertex 40.591 42.089 0
      vertex 40.125 41.7314 56
      vertex 40.591 42.089 56
    endloop
  endfacet
  facet normal -0.608789 0.793332 0
    outer loop
      vertex 40.125 41.7314 56
      vertex 40.591 42.089 0
      vertex 40.125 41.7314 0
    endloop
  endfacet
  facet normal 0.608789 -0.793332 0
    outer loop
      vertex 37.409 45.271 0
      vertex 37.875 45.6286 56
      vertex 37.409 45.271 56
    endloop
  endfacet
  facet normal 0.608789 -0.793332 0
    outer loop
      vertex 37.875 45.6286 56
      vertex 37.409 45.271 0
      vertex 37.875 45.6286 0
    endloop
  endfacet
  facet normal 0.793332 0.608789 0
    outer loop
      vertex 37.409 42.089 56
      vertex 37.0514 42.555 0
      vertex 37.0514 42.555 56
    endloop
  endfacet
  facet normal 0.793332 0.608789 0
    outer loop
      vertex 37.0514 42.555 0
      vertex 37.409 42.089 56
      vertex 37.409 42.089 0
    endloop
  endfacet
  facet normal -0.793332 -0.608789 0
    outer loop
      vertex 40.9486 44.805 0
      vertex 40.591 45.271 56
      vertex 40.591 45.271 0
    endloop
  endfacet
  facet normal -0.793332 -0.608789 0
    outer loop
      vertex 40.591 45.271 56
      vertex 40.9486 44.805 0
      vertex 40.9486 44.805 56
    endloop
  endfacet
  facet normal 0.608789 0.793332 -0
    outer loop
      vertex 37.875 41.7314 0
      vertex 37.409 42.089 56
      vertex 37.875 41.7314 56
    endloop
  endfacet
  facet normal 0.608789 0.793332 0
    outer loop
      vertex 37.409 42.089 56
      vertex 37.875 41.7314 0
      vertex 37.409 42.089 0
    endloop
  endfacet
  facet normal -0.924011 -0.382367 0
    outer loop
      vertex 41.1733 112.902 0
      vertex 40.9486 113.445 56
      vertex 40.9486 113.445 0
    endloop
  endfacet
  facet normal -0.924011 -0.382367 0
    outer loop
      vertex 40.9486 113.445 56
      vertex 41.1733 112.902 0
      vertex 41.1733 112.902 56
    endloop
  endfacet
  facet normal -0.991428 -0.130657 0
    outer loop
      vertex 41.25 112.32 0
      vertex 41.1733 112.902 56
      vertex 41.1733 112.902 0
    endloop
  endfacet
  facet normal -0.991428 -0.130657 0
    outer loop
      vertex 41.1733 112.902 56
      vertex 41.25 112.32 0
      vertex 41.25 112.32 56
    endloop
  endfacet
  facet normal 0.381529 0.924357 -0
    outer loop
      vertex 38.4177 110.147 0
      vertex 37.875 110.371 56
      vertex 38.4177 110.147 56
    endloop
  endfacet
  facet normal 0.381529 0.924357 0
    outer loop
      vertex 37.875 110.371 56
      vertex 38.4177 110.147 0
      vertex 37.875 110.371 0
    endloop
  endfacet
  facet normal -0.381529 0.924357 0
    outer loop
      vertex 40.125 110.371 0
      vertex 39.5823 110.147 56
      vertex 40.125 110.371 56
    endloop
  endfacet
  facet normal -0.381529 0.924357 0
    outer loop
      vertex 39.5823 110.147 56
      vertex 40.125 110.371 0
      vertex 39.5823 110.147 0
    endloop
  endfacet
  facet normal 0.924011 -0.382367 0
    outer loop
      vertex 36.8267 112.902 56
      vertex 37.0514 113.445 0
      vertex 37.0514 113.445 56
    endloop
  endfacet
  facet normal 0.924011 -0.382367 0
    outer loop
      vertex 37.0514 113.445 0
      vertex 36.8267 112.902 56
      vertex 36.8267 112.902 0
    endloop
  endfacet
  facet normal 0.991428 0.130657 0
    outer loop
      vertex 36.8267 111.738 56
      vertex 36.75 112.32 0
      vertex 36.75 112.32 56
    endloop
  endfacet
  facet normal 0.991428 0.130657 0
    outer loop
      vertex 36.75 112.32 0
      vertex 36.8267 111.738 56
      vertex 36.8267 111.738 0
    endloop
  endfacet
  facet normal 0.793332 -0.608789 0
    outer loop
      vertex 37.0514 113.445 56
      vertex 37.409 113.911 0
      vertex 37.409 113.911 56
    endloop
  endfacet
  facet normal 0.793332 -0.608789 0
    outer loop
      vertex 37.409 113.911 0
      vertex 37.0514 113.445 56
      vertex 37.0514 113.445 0
    endloop
  endfacet
  facet normal -0.793332 0.608789 0
    outer loop
      vertex 40.591 110.729 0
      vertex 40.9486 111.195 56
      vertex 40.9486 111.195 0
    endloop
  endfacet
  facet normal -0.793332 0.608789 0
    outer loop
      vertex 40.9486 111.195 56
      vertex 40.591 110.729 0
      vertex 40.591 110.729 56
    endloop
  endfacet
  facet normal 0.131093 -0.99137 0
    outer loop
      vertex 38.4177 114.493 0
      vertex 39 114.57 56
      vertex 38.4177 114.493 56
    endloop
  endfacet
  facet normal 0.131093 -0.99137 0
    outer loop
      vertex 39 114.57 56
      vertex 38.4177 114.493 0
      vertex 39 114.57 0
    endloop
  endfacet
  facet normal 0.924011 0.382367 0
    outer loop
      vertex 37.0514 111.195 56
      vertex 36.8267 111.738 0
      vertex 36.8267 111.738 56
    endloop
  endfacet
  facet normal 0.924011 0.382367 0
    outer loop
      vertex 36.8267 111.738 0
      vertex 37.0514 111.195 56
      vertex 37.0514 111.195 0
    endloop
  endfacet
  facet normal 0.991428 -0.130657 0
    outer loop
      vertex 36.75 112.32 56
      vertex 36.8267 112.902 0
      vertex 36.8267 112.902 56
    endloop
  endfacet
  facet normal 0.991428 -0.130657 0
    outer loop
      vertex 36.8267 112.902 0
      vertex 36.75 112.32 56
      vertex 36.75 112.32 0
    endloop
  endfacet
  facet normal 0.131093 0.99137 -0
    outer loop
      vertex 39 110.07 0
      vertex 38.4177 110.147 56
      vertex 39 110.07 56
    endloop
  endfacet
  facet normal 0.131093 0.99137 0
    outer loop
      vertex 38.4177 110.147 56
      vertex 39 110.07 0
      vertex 38.4177 110.147 0
    endloop
  endfacet
  facet normal -0.991428 0.130657 0
    outer loop
      vertex 41.1733 111.738 0
      vertex 41.25 112.32 56
      vertex 41.25 112.32 0
    endloop
  endfacet
  facet normal -0.991428 0.130657 0
    outer loop
      vertex 41.25 112.32 56
      vertex 41.1733 111.738 0
      vertex 41.1733 111.738 56
    endloop
  endfacet
  facet normal -0.131093 0.99137 0
    outer loop
      vertex 39.5823 110.147 0
      vertex 39 110.07 56
      vertex 39.5823 110.147 56
    endloop
  endfacet
  facet normal -0.131093 0.99137 0
    outer loop
      vertex 39 110.07 56
      vertex 39.5823 110.147 0
      vertex 39 110.07 0
    endloop
  endfacet
  facet normal -0.381529 -0.924357 0
    outer loop
      vertex 39.5823 114.493 0
      vertex 40.125 114.269 56
      vertex 39.5823 114.493 56
    endloop
  endfacet
  facet normal -0.381529 -0.924357 -0
    outer loop
      vertex 40.125 114.269 56
      vertex 39.5823 114.493 0
      vertex 40.125 114.269 0
    endloop
  endfacet
  facet normal -0.609217 -0.793003 0
    outer loop
      vertex 40.125 114.269 0
      vertex 40.591 113.911 56
      vertex 40.125 114.269 56
    endloop
  endfacet
  facet normal -0.609217 -0.793003 -0
    outer loop
      vertex 40.591 113.911 56
      vertex 40.125 114.269 0
      vertex 40.591 113.911 0
    endloop
  endfacet
  facet normal 0.381529 -0.924357 0
    outer loop
      vertex 37.875 114.269 0
      vertex 38.4177 114.493 56
      vertex 37.875 114.269 56
    endloop
  endfacet
  facet normal 0.381529 -0.924357 0
    outer loop
      vertex 38.4177 114.493 56
      vertex 37.875 114.269 0
      vertex 38.4177 114.493 0
    endloop
  endfacet
  facet normal -0.924011 0.382367 0
    outer loop
      vertex 40.9486 111.195 0
      vertex 41.1733 111.738 56
      vertex 41.1733 111.738 0
    endloop
  endfacet
  facet normal -0.924011 0.382367 0
    outer loop
      vertex 41.1733 111.738 56
      vertex 40.9486 111.195 0
      vertex 40.9486 111.195 56
    endloop
  endfacet
  facet normal -0.131093 -0.99137 0
    outer loop
      vertex 39 114.57 0
      vertex 39.5823 114.493 56
      vertex 39 114.57 56
    endloop
  endfacet
  facet normal -0.131093 -0.99137 -0
    outer loop
      vertex 39.5823 114.493 56
      vertex 39 114.57 0
      vertex 39.5823 114.493 0
    endloop
  endfacet
  facet normal -0.609217 0.793003 0
    outer loop
      vertex 40.591 110.729 0
      vertex 40.125 110.371 56
      vertex 40.591 110.729 56
    endloop
  endfacet
  facet normal -0.609217 0.793003 0
    outer loop
      vertex 40.125 110.371 56
      vertex 40.591 110.729 0
      vertex 40.125 110.371 0
    endloop
  endfacet
  facet normal 0.609217 -0.793003 0
    outer loop
      vertex 37.409 113.911 0
      vertex 37.875 114.269 56
      vertex 37.409 113.911 56
    endloop
  endfacet
  facet normal 0.609217 -0.793003 0
    outer loop
      vertex 37.875 114.269 56
      vertex 37.409 113.911 0
      vertex 37.875 114.269 0
    endloop
  endfacet
  facet normal 0.793332 0.608789 0
    outer loop
      vertex 37.409 110.729 56
      vertex 37.0514 111.195 0
      vertex 37.0514 111.195 56
    endloop
  endfacet
  facet normal 0.793332 0.608789 0
    outer loop
      vertex 37.0514 111.195 0
      vertex 37.409 110.729 56
      vertex 37.409 110.729 0
    endloop
  endfacet
  facet normal -0.793332 -0.608789 0
    outer loop
      vertex 40.9486 113.445 0
      vertex 40.591 113.911 56
      vertex 40.591 113.911 0
    endloop
  endfacet
  facet normal -0.793332 -0.608789 0
    outer loop
      vertex 40.591 113.911 56
      vertex 40.9486 113.445 0
      vertex 40.9486 113.445 56
    endloop
  endfacet
  facet normal 0.609217 0.793003 -0
    outer loop
      vertex 37.875 110.371 0
      vertex 37.409 110.729 56
      vertex 37.875 110.371 56
    endloop
  endfacet
  facet normal 0.609217 0.793003 0
    outer loop
      vertex 37.409 110.729 56
      vertex 37.875 110.371 0
      vertex 37.409 110.729 0
    endloop
  endfacet
  facet normal -1 0 0
    outer loop
      vertex 50.25 18.59 22.75
      vertex 50.25 10.7 28
      vertex 50.25 18.59 33.25
    endloop
  endfacet
  facet normal -1 0 0
    outer loop
      vertex 50.25 18.59 22.75
      vertex 50.25 10.6421 27.56
      vertex 50.25 10.7 28
    endloop
  endfacet
  facet normal -1 0 0
    outer loop
      vertex 50.25 18.59 22.75
      vertex 50.25 10.4722 27.15
      vertex 50.25 10.6421 27.56
    endloop
  endfacet
  facet normal -1 0 0
    outer loop
      vertex 50.25 18.59 22.75
      vertex 50.25 10.2021 26.7979
      vertex 50.25 10.4722 27.15
    endloop
  endfacet
  facet normal -1 0 0
    outer loop
      vertex 50.25 18.59 22.75
      vertex 50.25 9.85 26.5278
      vertex 50.25 10.2021 26.7979
    endloop
  endfacet
  facet normal -1 0 0
    outer loop
      vertex 50.25 18.59 22.75
      vertex 50.25 9.43999 26.3579
      vertex 50.25 9.85 26.5278
    endloop
  endfacet
  facet normal -1 0 0
    outer loop
      vertex 50.25 18.59 22.75
      vertex 50.25 9 26.3
      vertex 50.25 9.43999 26.3579
    endloop
  endfacet
  facet normal -1 0 0
    outer loop
      vertex 50.25 0 22.75
      vertex 50.25 9 26.3
      vertex 50.25 18.59 22.75
    endloop
  endfacet
  facet normal -1 -0 0
    outer loop
      vertex 50.25 7.35793 27.56
      vertex 50.25 0 22.75
      vertex 50.25 7.3 28
    endloop
  endfacet
  facet normal -1 -0 0
    outer loop
      vertex 50.25 7.52776 27.15
      vertex 50.25 0 22.75
      vertex 50.25 7.35793 27.56
    endloop
  endfacet
  facet normal -1 -0 0
    outer loop
      vertex 50.25 7.79792 26.7979
      vertex 50.25 0 22.75
      vertex 50.25 7.52776 27.15
    endloop
  endfacet
  facet normal -1 -0 0
    outer loop
      vertex 50.25 8.15 26.5278
      vertex 50.25 0 22.75
      vertex 50.25 7.79792 26.7979
    endloop
  endfacet
  facet normal -1 -0 0
    outer loop
      vertex 50.25 8.56001 26.3579
      vertex 50.25 0 22.75
      vertex 50.25 8.15 26.5278
    endloop
  endfacet
  facet normal -1 -0 0
    outer loop
      vertex 50.25 9 26.3
      vertex 50.25 0 22.75
      vertex 50.25 8.56001 26.3579
    endloop
  endfacet
  facet normal -1 0 0
    outer loop
      vertex 50.25 10.6421 28.44
      vertex 50.25 18.59 33.25
      vertex 50.25 10.7 28
    endloop
  endfacet
  facet normal -1 0 0
    outer loop
      vertex 50.25 10.4722 28.85
      vertex 50.25 18.59 33.25
      vertex 50.25 10.6421 28.44
    endloop
  endfacet
  facet normal -1 0 0
    outer loop
      vertex 50.25 10.2021 29.2021
      vertex 50.25 18.59 33.25
      vertex 50.25 10.4722 28.85
    endloop
  endfacet
  facet normal -1 0 0
    outer loop
      vertex 50.25 9.85 29.4722
      vertex 50.25 18.59 33.25
      vertex 50.25 10.2021 29.2021
    endloop
  endfacet
  facet normal -1 0 0
    outer loop
      vertex 50.25 9.43999 29.6421
      vertex 50.25 18.59 33.25
      vertex 50.25 9.85 29.4722
    endloop
  endfacet
  facet normal -1 0 0
    outer loop
      vertex 50.25 9 29.7
      vertex 50.25 18.59 33.25
      vertex 50.25 9.43999 29.6421
    endloop
  endfacet
  facet normal -1 0 0
    outer loop
      vertex 50.25 0 33.25
      vertex 50.25 9 29.7
      vertex 50.25 8.56001 29.6421
    endloop
  endfacet
  facet normal -1 0 0
    outer loop
      vertex 50.25 0 33.25
      vertex 50.25 7.3 28
      vertex 50.25 0 22.75
    endloop
  endfacet
  facet normal -1 0 0
    outer loop
      vertex 50.25 7.3 28
      vertex 50.25 0 33.25
      vertex 50.25 7.35793 28.44
    endloop
  endfacet
  facet normal -1 0 0
    outer loop
      vertex 50.25 7.35793 28.44
      vertex 50.25 0 33.25
      vertex 50.25 7.52776 28.85
    endloop
  endfacet
  facet normal -1 0 0
    outer loop
      vertex 50.25 9 29.7
      vertex 50.25 0 33.25
      vertex 50.25 18.59 33.25
    endloop
  endfacet
  facet normal -1 0 0
    outer loop
      vertex 50.25 8.15 29.4722
      vertex 50.25 0 33.25
      vertex 50.25 8.56001 29.6421
    endloop
  endfacet
  facet normal -1 0 0
    outer loop
      vertex 50.25 7.79792 29.2021
      vertex 50.25 0 33.25
      vertex 50.25 8.15 29.4722
    endloop
  endfacet
  facet normal -1 0 0
    outer loop
      vertex 50.25 7.52776 28.85
      vertex 50.25 0 33.25
      vertex 50.25 7.79792 29.2021
    endloop
  endfacet
  facet normal 0 0 -1
    outer loop
      vertex 27.75 0 33.25
      vertex 50.25 18.59 33.25
      vertex 50.25 0 33.25
    endloop
  endfacet
  facet normal -0 0 -1
    outer loop
      vertex 50.25 18.59 33.25
      vertex 27.75 0 33.25
      vertex 27.75 18.59 33.25
    endloop
  endfacet
  facet normal -0 0 1
    outer loop
      vertex 27.75 18.59 22.75
      vertex 50.25 0 22.75
      vertex 50.25 18.59 22.75
    endloop
  endfacet
  facet normal 0 0 1
    outer loop
      vertex 50.25 0 22.75
      vertex 27.75 18.59 22.75
      vertex 27.75 0 22.75
    endloop
  endfacet
  facet normal 1 -0 0
    outer loop
      vertex 27.75 0 33.25
      vertex 27.75 18.59 22.75
      vertex 27.75 18.59 33.25
    endloop
  endfacet
  facet normal 1 0 0
    outer loop
      vertex 27.75 18.59 22.75
      vertex 27.75 0 33.25
      vertex 27.75 0 22.75
    endloop
  endfacet
  facet normal 0 -1 0
    outer loop
      vertex 27.75 18.59 22.75
      vertex 50.25 18.59 33.25
      vertex 27.75 18.59 33.25
    endloop
  endfacet
  facet normal 0 -1 -0
    outer loop
      vertex 50.25 18.59 33.25
      vertex 27.75 18.59 22.75
      vertex 50.25 18.59 22.75
    endloop
  endfacet
  facet normal -1 0 0
    outer loop
      vertex 20 156 8
      vertex 20 104 16
      vertex 20 156 48
    endloop
  endfacet
  facet normal -1 0 0
    outer loop
      vertex 20 156 8
      vertex 20 68 16
      vertex 20 104 16
    endloop
  endfacet
  facet normal -1 -0 0
    outer loop
      vertex 20 68 16
      vertex 20 0 8
      vertex 20 68 40
    endloop
  endfacet
  facet normal -1 0 0
    outer loop
      vertex 20 0 8
      vertex 20 68 16
      vertex 20 156 8
    endloop
  endfacet
  facet normal -1 0 0
    outer loop
      vertex 20 104 40
      vertex 20 156 48
      vertex 20 104 16
    endloop
  endfacet
  facet normal -1 0 0
    outer loop
      vertex 20 68 40
      vertex 20 156 48
      vertex 20 104 40
    endloop
  endfacet
  facet normal -1 0 0
    outer loop
      vertex 20 68 40
      vertex 20 0 48
      vertex 20 156 48
    endloop
  endfacet
  facet normal -1 0 0
    outer loop
      vertex 20 0 48
      vertex 20 68 40
      vertex 20 0 8
    endloop
  endfacet
  facet normal 0 0 -1
    outer loop
      vertex 0 6 48
      vertex 20 0 48
      vertex 6 0 48
    endloop
  endfacet
  facet normal 0 0 -1
    outer loop
      vertex 20 0 48
      vertex 0 6 48
      vertex 20 156 48
    endloop
  endfacet
  facet normal 0 0 -1
    outer loop
      vertex 0 6 48
      vertex 6 0 48
      vertex 4.44709 0.204445 48
    endloop
  endfacet
  facet normal 0 0 -1
    outer loop
      vertex 0 150 48
      vertex 20 156 48
      vertex 0 6 48
    endloop
  endfacet
  facet normal 0 0 -1
    outer loop
      vertex 0 6 48
      vertex 4.44709 0.204445 48
      vertex 3 0.803847 48
    endloop
  endfacet
  facet normal -0 0 -1
    outer loop
      vertex 20 156 48
      vertex 0 150 48
      vertex 6 156 48
    endloop
  endfacet
  facet normal 0 0 -1
    outer loop
      vertex 0 6 48
      vertex 3 0.803847 48
      vertex 1.75736 1.75736 48
    endloop
  endfacet
  facet normal 0 0 -1
    outer loop
      vertex 6 156 48
      vertex 0 150 48
      vertex 4.44709 155.796 48
    endloop
  endfacet
  facet normal 0 0 -1
    outer loop
      vertex 0 6 48
      vertex 1.75736 1.75736 48
      vertex 0.803847 3 48
    endloop
  endfacet
  facet normal 0 0 -1
    outer loop
      vertex 4.44709 155.796 48
      vertex 0 150 48
      vertex 3 155.196 48
    endloop
  endfacet
  facet normal 0 0 -1
    outer loop
      vertex 0 6 48
      vertex 0.803847 3 48
      vertex 0.204445 4.44709 48
    endloop
  endfacet
  facet normal 0 0 -1
    outer loop
      vertex 3 155.196 48
      vertex 0 150 48
      vertex 1.75736 154.243 48
    endloop
  endfacet
  facet normal 0 0 -1
    outer loop
      vertex 1.75736 154.243 48
      vertex 0 150 48
      vertex 0.803847 153 48
    endloop
  endfacet
  facet normal 0 0 -1
    outer loop
      vertex 0.803847 153 48
      vertex 0 150 48
      vertex 0.204445 151.553 48
    endloop
  endfacet
  facet normal 0 0 1
    outer loop
      vertex 0 150 8
      vertex 20 156 8
      vertex 6 156 8
    endloop
  endfacet
  facet normal 0 0 1
    outer loop
      vertex 20 156 8
      vertex 0 150 8
      vertex 20 0 8
    endloop
  endfacet
  facet normal 0 0 1
    outer loop
      vertex 0 150 8
      vertex 6 156 8
      vertex 4.44709 155.796 8
    endloop
  endfacet
  facet normal -0 0 1
    outer loop
      vertex 0 6 8
      vertex 20 0 8
      vertex 0 150 8
    endloop
  endfacet
  facet normal 0 0 1
    outer loop
      vertex 0 150 8
      vertex 4.44709 155.796 8
      vertex 3 155.196 8
    endloop
  endfacet
  facet normal 0 0 1
    outer loop
      vertex 20 0 8
      vertex 0 6 8
      vertex 6 0 8
    endloop
  endfacet
  facet normal 0 0 1
    outer loop
      vertex 0 150 8
      vertex 3 155.196 8
      vertex 1.75736 154.243 8
    endloop
  endfacet
  facet normal 0 0 1
    outer loop
      vertex 6 0 8
      vertex 0 6 8
      vertex 4.44709 0.204445 8
    endloop
  endfacet
  facet normal 0 0 1
    outer loop
      vertex 0 150 8
      vertex 1.75736 154.243 8
      vertex 0.803847 153 8
    endloop
  endfacet
  facet normal 0 0 1
    outer loop
      vertex 4.44709 0.204445 8
      vertex 0 6 8
      vertex 3 0.803847 8
    endloop
  endfacet
  facet normal 0 0 1
    outer loop
      vertex 0 150 8
      vertex 0.803847 153 8
      vertex 0.204445 151.553 8
    endloop
  endfacet
  facet normal 0 0 1
    outer loop
      vertex 3 0.803847 8
      vertex 0 6 8
      vertex 1.75736 1.75736 8
    endloop
  endfacet
  facet normal 0 0 1
    outer loop
      vertex 1.75736 1.75736 8
      vertex 0 6 8
      vertex 0.803847 3 8
    endloop
  endfacet
  facet normal 0 0 1
    outer loop
      vertex 0.803847 3 8
      vertex 0 6 8
      vertex 0.204445 4.44709 8
    endloop
  endfacet
  facet normal 0 -0.130469 -0.991452
    outer loop
      vertex 50.25 9 29.7
      vertex 78 9.43999 29.6421
      vertex 78 9 29.7
    endloop
  endfacet
  facet normal -0 -0.130469 -0.991452
    outer loop
      vertex 78 9.43999 29.6421
      vertex 50.25 9 29.7
      vertex 50.25 9.43999 29.6421
    endloop
  endfacet
  facet normal 0 -0.608654 0.793436
    outer loop
      vertex 50.25 10.2021 26.7979
      vertex 78 9.85 26.5278
      vertex 78 10.2021 26.7979
    endloop
  endfacet
  facet normal 0 -0.608654 0.793436
    outer loop
      vertex 78 9.85 26.5278
      vertex 50.25 10.2021 26.7979
      vertex 50.25 9.85 26.5278
    endloop
  endfacet
  facet normal -0 0.130469 0.991452
    outer loop
      vertex 50.25 9 26.3
      vertex 78 8.56001 26.3579
      vertex 78 9 26.3
    endloop
  endfacet
  facet normal 0 0.130469 0.991452
    outer loop
      vertex 78 8.56001 26.3579
      vertex 50.25 9 26.3
      vertex 50.25 8.56001 26.3579
    endloop
  endfacet
  facet normal 0 -0.608654 -0.793436
    outer loop
      vertex 50.25 9.85 29.4722
      vertex 78 10.2021 29.2021
      vertex 78 9.85 29.4722
    endloop
  endfacet
  facet normal -0 -0.608654 -0.793436
    outer loop
      vertex 78 10.2021 29.2021
      vertex 50.25 9.85 29.4722
      vertex 50.25 10.2021 29.2021
    endloop
  endfacet
  facet normal 0 0.991444 -0.130533
    outer loop
      vertex 78 7.3 28
      vertex 50.25 7.35793 28.44
      vertex 78 7.35793 28.44
    endloop
  endfacet
  facet normal 0 0.991444 -0.130533
    outer loop
      vertex 50.25 7.35793 28.44
      vertex 78 7.3 28
      vertex 50.25 7.3 28
    endloop
  endfacet
  facet normal 0 0.923878 -0.382688
    outer loop
      vertex 78 7.35793 28.44
      vertex 50.25 7.52776 28.85
      vertex 78 7.52776 28.85
    endloop
  endfacet
  facet normal 0 0.923878 -0.382688
    outer loop
      vertex 50.25 7.52776 28.85
      vertex 78 7.35793 28.44
      vertex 50.25 7.35793 28.44
    endloop
  endfacet
  facet normal 0 -0.793436 0.608654
    outer loop
      vertex 50.25 10.2021 26.7979
      vertex 78 10.4722 27.15
      vertex 50.25 10.4722 27.15
    endloop
  endfacet
  facet normal 0 -0.793436 0.608654
    outer loop
      vertex 78 10.4722 27.15
      vertex 50.25 10.2021 26.7979
      vertex 78 10.2021 26.7979
    endloop
  endfacet
  facet normal 0 -0.130469 0.991452
    outer loop
      vertex 50.25 9.43999 26.3579
      vertex 78 9 26.3
      vertex 78 9.43999 26.3579
    endloop
  endfacet
  facet normal 0 -0.130469 0.991452
    outer loop
      vertex 78 9 26.3
      vertex 50.25 9.43999 26.3579
      vertex 50.25 9 26.3
    endloop
  endfacet
  facet normal 0 -0.991453 0.130466
    outer loop
      vertex 50.25 10.6421 27.56
      vertex 78 10.7 28
      vertex 50.25 10.7 28
    endloop
  endfacet
  facet normal 0 -0.991453 0.130466
    outer loop
      vertex 78 10.7 28
      vertex 50.25 10.6421 27.56
      vertex 78 10.6421 27.56
    endloop
  endfacet
  facet normal 0 0.382815 -0.923825
    outer loop
      vertex 50.25 8.15 29.4722
      vertex 78 8.56001 29.6421
      vertex 78 8.15 29.4722
    endloop
  endfacet
  facet normal 0 0.382815 -0.923825
    outer loop
      vertex 78 8.56001 29.6421
      vertex 50.25 8.15 29.4722
      vertex 50.25 8.56001 29.6421
    endloop
  endfacet
  facet normal 0 0.793371 -0.608739
    outer loop
      vertex 78 7.52776 28.85
      vertex 50.25 7.79792 29.2021
      vertex 78 7.79792 29.2021
    endloop
  endfacet
  facet normal 0 0.793371 -0.608739
    outer loop
      vertex 50.25 7.79792 29.2021
      vertex 78 7.52776 28.85
      vertex 50.25 7.52776 28.85
    endloop
  endfacet
  facet normal 0 0.923878 0.382688
    outer loop
      vertex 78 7.52776 27.15
      vertex 50.25 7.35793 27.56
      vertex 78 7.35793 27.56
    endloop
  endfacet
  facet normal 0 0.923878 0.382688
    outer loop
      vertex 50.25 7.35793 27.56
      vertex 78 7.52776 27.15
      vertex 50.25 7.52776 27.15
    endloop
  endfacet
  facet normal 0 -0.382815 -0.923825
    outer loop
      vertex 50.25 9.43999 29.6421
      vertex 78 9.85 29.4722
      vertex 78 9.43999 29.6421
    endloop
  endfacet
  facet normal -0 -0.382815 -0.923825
    outer loop
      vertex 78 9.85 29.4722
      vertex 50.25 9.43999 29.6421
      vertex 50.25 9.85 29.4722
    endloop
  endfacet
  facet normal -0 0.382815 0.923825
    outer loop
      vertex 50.25 8.56001 26.3579
      vertex 78 8.15 26.5278
      vertex 78 8.56001 26.3579
    endloop
  endfacet
  facet normal 0 0.382815 0.923825
    outer loop
      vertex 78 8.15 26.5278
      vertex 50.25 8.56001 26.3579
      vertex 50.25 8.15 26.5278
    endloop
  endfacet
  facet normal 0 -0.793436 -0.608654
    outer loop
      vertex 50.25 10.4722 28.85
      vertex 78 10.2021 29.2021
      vertex 50.25 10.2021 29.2021
    endloop
  endfacet
  facet normal 0 -0.793436 -0.608654
    outer loop
      vertex 78 10.2021 29.2021
      vertex 50.25 10.4722 28.85
      vertex 78 10.4722 28.85
    endloop
  endfacet
  facet normal 0 0.793371 0.608739
    outer loop
      vertex 78 7.79792 26.7979
      vertex 50.25 7.52776 27.15
      vertex 78 7.52776 27.15
    endloop
  endfacet
  facet normal 0 0.793371 0.608739
    outer loop
      vertex 50.25 7.52776 27.15
      vertex 78 7.79792 26.7979
      vertex 50.25 7.79792 26.7979
    endloop
  endfacet
  facet normal 0 -0.923822 -0.382823
    outer loop
      vertex 50.25 10.6421 28.44
      vertex 78 10.4722 28.85
      vertex 50.25 10.4722 28.85
    endloop
  endfacet
  facet normal 0 -0.923822 -0.382823
    outer loop
      vertex 78 10.4722 28.85
      vertex 50.25 10.6421 28.44
      vertex 78 10.6421 28.44
    endloop
  endfacet
  facet normal -0 0.608676 0.793419
    outer loop
      vertex 50.25 8.15 26.5278
      vertex 78 7.79792 26.7979
      vertex 78 8.15 26.5278
    endloop
  endfacet
  facet normal 0 0.608676 0.793419
    outer loop
      vertex 78 7.79792 26.7979
      vertex 50.25 8.15 26.5278
      vertex 50.25 7.79792 26.7979
    endloop
  endfacet
  facet normal 0 -0.923822 0.382823
    outer loop
      vertex 50.25 10.4722 27.15
      vertex 78 10.6421 27.56
      vertex 50.25 10.6421 27.56
    endloop
  endfacet
  facet normal 0 -0.923822 0.382823
    outer loop
      vertex 78 10.6421 27.56
      vertex 50.25 10.4722 27.15
      vertex 78 10.4722 27.15
    endloop
  endfacet
  facet normal 0 0.130469 -0.991452
    outer loop
      vertex 50.25 8.56001 29.6421
      vertex 78 9 29.7
      vertex 78 8.56001 29.6421
    endloop
  endfacet
  facet normal 0 0.130469 -0.991452
    outer loop
      vertex 78 9 29.7
      vertex 50.25 8.56001 29.6421
      vertex 50.25 9 29.7
    endloop
  endfacet
  facet normal 0 -0.382815 0.923825
    outer loop
      vertex 50.25 9.85 26.5278
      vertex 78 9.43999 26.3579
      vertex 78 9.85 26.5278
    endloop
  endfacet
  facet normal 0 -0.382815 0.923825
    outer loop
      vertex 78 9.43999 26.3579
      vertex 50.25 9.85 26.5278
      vertex 50.25 9.43999 26.3579
    endloop
  endfacet
  facet normal 0 -0.991453 -0.130466
    outer loop
      vertex 50.25 10.7 28
      vertex 78 10.6421 28.44
      vertex 50.25 10.6421 28.44
    endloop
  endfacet
  facet normal 0 -0.991453 -0.130466
    outer loop
      vertex 78 10.6421 28.44
      vertex 50.25 10.7 28
      vertex 78 10.7 28
    endloop
  endfacet
  facet normal 0 0.608676 -0.793419
    outer loop
      vertex 50.25 7.79792 29.2021
      vertex 78 8.15 29.4722
      vertex 78 7.79792 29.2021
    endloop
  endfacet
  facet normal 0 0.608676 -0.793419
    outer loop
      vertex 78 8.15 29.4722
      vertex 50.25 7.79792 29.2021
      vertex 50.25 8.15 29.4722
    endloop
  endfacet
  facet normal 0 0.991444 0.130533
    outer loop
      vertex 78 7.35793 27.56
      vertex 50.25 7.3 28
      vertex 78 7.3 28
    endloop
  endfacet
  facet normal 0 0.991444 0.130533
    outer loop
      vertex 50.25 7.3 28
      vertex 78 7.35793 27.56
      vertex 50.25 7.35793 27.56
    endloop
  endfacet
  facet normal 0 -0.130466 -0.991453
    outer loop
      vertex 39 163 29.7
      vertex 50 163.44 29.6421
      vertex 50 163 29.7
    endloop
  endfacet
  facet normal -0 -0.130466 -0.991453
    outer loop
      vertex 50 163.44 29.6421
      vertex 39 163 29.7
      vertex 39 163.44 29.6421
    endloop
  endfacet
  facet normal 0 -0.608763 0.793352
    outer loop
      vertex 39 164.202 26.7979
      vertex 50 163.85 26.5278
      vertex 50 164.202 26.7979
    endloop
  endfacet
  facet normal 0 -0.608763 0.793352
    outer loop
      vertex 50 163.85 26.5278
      vertex 39 164.202 26.7979
      vertex 39 163.85 26.5278
    endloop
  endfacet
  facet normal -0 0.130466 0.991453
    outer loop
      vertex 39 163 26.3
      vertex 50 162.56 26.3579
      vertex 50 163 26.3
    endloop
  endfacet
  facet normal 0 0.130466 0.991453
    outer loop
      vertex 50 162.56 26.3579
      vertex 39 163 26.3
      vertex 39 162.56 26.3579
    endloop
  endfacet
  facet normal 0 -0.608763 -0.793352
    outer loop
      vertex 39 163.85 29.4722
      vertex 50 164.202 29.2021
      vertex 50 163.85 29.4722
    endloop
  endfacet
  facet normal -0 -0.608763 -0.793352
    outer loop
      vertex 50 164.202 29.2021
      vertex 39 163.85 29.4722
      vertex 39 164.202 29.2021
    endloop
  endfacet
  facet normal 0 0.991424 -0.130688
    outer loop
      vertex 50 161.3 28
      vertex 39 161.358 28.44
      vertex 50 161.358 28.44
    endloop
  endfacet
  facet normal 0 0.991424 -0.130688
    outer loop
      vertex 39 161.358 28.44
      vertex 50 161.3 28
      vertex 39 161.3 28
    endloop
  endfacet
  facet normal 0 0.923742 -0.383015
    outer loop
      vertex 50 161.358 28.44
      vertex 39 161.528 28.85
      vertex 50 161.528 28.85
    endloop
  endfacet
  facet normal 0 0.923742 -0.383015
    outer loop
      vertex 39 161.528 28.85
      vertex 50 161.358 28.44
      vertex 39 161.358 28.44
    endloop
  endfacet
  facet normal 0 -0.793545 0.608512
    outer loop
      vertex 39 164.202 26.7979
      vertex 50 164.472 27.15
      vertex 39 164.472 27.15
    endloop
  endfacet
  facet normal 0 -0.793545 0.608512
    outer loop
      vertex 50 164.472 27.15
      vertex 39 164.202 26.7979
      vertex 50 164.202 26.7979
    endloop
  endfacet
  facet normal 0 -0.130466 0.991453
    outer loop
      vertex 39 163.44 26.3579
      vertex 50 163 26.3
      vertex 50 163.44 26.3579
    endloop
  endfacet
  facet normal 0 -0.130466 0.991453
    outer loop
      vertex 50 163 26.3
      vertex 39 163.44 26.3579
      vertex 39 163 26.3
    endloop
  endfacet
  facet normal 0 -0.991424 0.130688
    outer loop
      vertex 39 164.642 27.56
      vertex 50 164.7 28
      vertex 39 164.7 28
    endloop
  endfacet
  facet normal 0 -0.991424 0.130688
    outer loop
      vertex 50 164.7 28
      vertex 39 164.642 27.56
      vertex 50 164.642 27.56
    endloop
  endfacet
  facet normal 0 0.382823 -0.923822
    outer loop
      vertex 39 162.15 29.4722
      vertex 50 162.56 29.6421
      vertex 50 162.15 29.4722
    endloop
  endfacet
  facet normal 0 0.382823 -0.923822
    outer loop
      vertex 50 162.56 29.6421
      vertex 39 162.15 29.4722
      vertex 39 162.56 29.6421
    endloop
  endfacet
  facet normal 0 0.793545 -0.608512
    outer loop
      vertex 50 161.528 28.85
      vertex 39 161.798 29.2021
      vertex 50 161.798 29.2021
    endloop
  endfacet
  facet normal 0 0.793545 -0.608512
    outer loop
      vertex 39 161.798 29.2021
      vertex 50 161.528 28.85
      vertex 39 161.528 28.85
    endloop
  endfacet
  facet normal 0 0.923742 0.383015
    outer loop
      vertex 50 161.528 27.15
      vertex 39 161.358 27.56
      vertex 50 161.358 27.56
    endloop
  endfacet
  facet normal 0 0.923742 0.383015
    outer loop
      vertex 39 161.358 27.56
      vertex 50 161.528 27.15
      vertex 39 161.528 27.15
    endloop
  endfacet
  facet normal 0 -0.382823 -0.923822
    outer loop
      vertex 39 163.44 29.6421
      vertex 50 163.85 29.4722
      vertex 50 163.44 29.6421
    endloop
  endfacet
  facet normal -0 -0.382823 -0.923822
    outer loop
      vertex 50 163.85 29.4722
      vertex 39 163.44 29.6421
      vertex 39 163.85 29.4722
    endloop
  endfacet
  facet normal -0 0.382823 0.923822
    outer loop
      vertex 39 162.56 26.3579
      vertex 50 162.15 26.5278
      vertex 50 162.56 26.3579
    endloop
  endfacet
  facet normal 0 0.382823 0.923822
    outer loop
      vertex 50 162.15 26.5278
      vertex 39 162.56 26.3579
      vertex 39 162.15 26.5278
    endloop
  endfacet
  facet normal 0 -0.793545 -0.608512
    outer loop
      vertex 39 164.472 28.85
      vertex 50 164.202 29.2021
      vertex 39 164.202 29.2021
    endloop
  endfacet
  facet normal 0 -0.793545 -0.608512
    outer loop
      vertex 50 164.202 29.2021
      vertex 39 164.472 28.85
      vertex 50 164.472 28.85
    endloop
  endfacet
  facet normal 1 0 0
    outer loop
      vertex 39 164.642 28.44
      vertex 39 164.642 27.56
      vertex 39 164.7 28
    endloop
  endfacet
  facet normal 1 0 0
    outer loop
      vertex 39 164.472 28.85
      vertex 39 164.642 27.56
      vertex 39 164.642 28.44
    endloop
  endfacet
  facet normal 1 0 0
    outer loop
      vertex 39 164.472 28.85
      vertex 39 164.472 27.15
      vertex 39 164.642 27.56
    endloop
  endfacet
  facet normal 1 0 0
    outer loop
      vertex 39 164.202 29.2021
      vertex 39 164.472 27.15
      vertex 39 164.472 28.85
    endloop
  endfacet
  facet normal 1 0 0
    outer loop
      vertex 39 164.202 29.2021
      vertex 39 164.202 26.7979
      vertex 39 164.472 27.15
    endloop
  endfacet
  facet normal 1 0 0
    outer loop
      vertex 39 163.85 29.4722
      vertex 39 164.202 26.7979
      vertex 39 164.202 29.2021
    endloop
  endfacet
  facet normal 1 0 0
    outer loop
      vertex 39 163.85 29.4722
      vertex 39 163.85 26.5278
      vertex 39 164.202 26.7979
    endloop
  endfacet
  facet normal 1 0 0
    outer loop
      vertex 39 163.44 29.6421
      vertex 39 163.85 26.5278
      vertex 39 163.85 29.4722
    endloop
  endfacet
  facet normal 1 0 0
    outer loop
      vertex 39 163.44 29.6421
      vertex 39 163.44 26.3579
      vertex 39 163.85 26.5278
    endloop
  endfacet
  facet normal 1 0 0
    outer loop
      vertex 39 163 29.7
      vertex 39 163.44 26.3579
      vertex 39 163.44 29.6421
    endloop
  endfacet
  facet normal 1 0 0
    outer loop
      vertex 39 163 29.7
      vertex 39 163 26.3
      vertex 39 163.44 26.3579
    endloop
  endfacet
  facet normal 1 -0 0
    outer loop
      vertex 39 162.56 29.6421
      vertex 39 163 26.3
      vertex 39 163 29.7
    endloop
  endfacet
  facet normal 1 0 0
    outer loop
      vertex 39 162.56 29.6421
      vertex 39 162.56 26.3579
      vertex 39 163 26.3
    endloop
  endfacet
  facet normal 1 -0 0
    outer loop
      vertex 39 162.15 29.4722
      vertex 39 162.56 26.3579
      vertex 39 162.56 29.6421
    endloop
  endfacet
  facet normal 1 0 0
    outer loop
      vertex 39 162.15 29.4722
      vertex 39 162.15 26.5278
      vertex 39 162.56 26.3579
    endloop
  endfacet
  facet normal 1 -0 0
    outer loop
      vertex 39 161.798 29.2021
      vertex 39 162.15 26.5278
      vertex 39 162.15 29.4722
    endloop
  endfacet
  facet normal 1 0 0
    outer loop
      vertex 39 161.798 29.2021
      vertex 39 161.798 26.7979
      vertex 39 162.15 26.5278
    endloop
  endfacet
  facet normal 1 -0 0
    outer loop
      vertex 39 161.528 28.85
      vertex 39 161.798 26.7979
      vertex 39 161.798 29.2021
    endloop
  endfacet
  facet normal 1 0 0
    outer loop
      vertex 39 161.528 28.85
      vertex 39 161.528 27.15
      vertex 39 161.798 26.7979
    endloop
  endfacet
  facet normal 1 -0 0
    outer loop
      vertex 39 161.358 28.44
      vertex 39 161.528 27.15
      vertex 39 161.528 28.85
    endloop
  endfacet
  facet normal 1 0 0
    outer loop
      vertex 39 161.358 28.44
      vertex 39 161.358 27.56
      vertex 39 161.528 27.15
    endloop
  endfacet
  facet normal 1 0 -0
    outer loop
      vertex 39 161.358 27.56
      vertex 39 161.358 28.44
      vertex 39 161.3 28
    endloop
  endfacet
  facet normal 0 0.793545 0.608512
    outer loop
      vertex 50 161.798 26.7979
      vertex 39 161.528 27.15
      vertex 50 161.528 27.15
    endloop
  endfacet
  facet normal 0 0.793545 0.608512
    outer loop
      vertex 39 161.528 27.15
      vertex 50 161.798 26.7979
      vertex 39 161.798 26.7979
    endloop
  endfacet
  facet normal 0 -0.923742 -0.383015
    outer loop
      vertex 39 164.642 28.44
      vertex 50 164.472 28.85
      vertex 39 164.472 28.85
    endloop
  endfacet
  facet normal 0 -0.923742 -0.383015
    outer loop
      vertex 50 164.472 28.85
      vertex 39 164.642 28.44
      vertex 50 164.642 28.44
    endloop
  endfacet
  facet normal -0 0.608763 0.793352
    outer loop
      vertex 39 162.15 26.5278
      vertex 50 161.798 26.7979
      vertex 50 162.15 26.5278
    endloop
  endfacet
  facet normal 0 0.608763 0.793352
    outer loop
      vertex 50 161.798 26.7979
      vertex 39 162.15 26.5278
      vertex 39 161.798 26.7979
    endloop
  endfacet
  facet normal 0 -0.923742 0.383015
    outer loop
      vertex 39 164.472 27.15
      vertex 50 164.642 27.56
      vertex 39 164.642 27.56
    endloop
  endfacet
  facet normal 0 -0.923742 0.383015
    outer loop
      vertex 50 164.642 27.56
      vertex 39 164.472 27.15
      vertex 50 164.472 27.15
    endloop
  endfacet
  facet normal 0 0.130466 -0.991453
    outer loop
      vertex 39 162.56 29.6421
      vertex 50 163 29.7
      vertex 50 162.56 29.6421
    endloop
  endfacet
  facet normal 0 0.130466 -0.991453
    outer loop
      vertex 50 163 29.7
      vertex 39 162.56 29.6421
      vertex 39 163 29.7
    endloop
  endfacet
  facet normal 0 -0.382823 0.923822
    outer loop
      vertex 39 163.85 26.5278
      vertex 50 163.44 26.3579
      vertex 50 163.85 26.5278
    endloop
  endfacet
  facet normal 0 -0.382823 0.923822
    outer loop
      vertex 50 163.44 26.3579
      vertex 39 163.85 26.5278
      vertex 39 163.44 26.3579
    endloop
  endfacet
  facet normal 0 -0.991424 -0.130688
    outer loop
      vertex 39 164.7 28
      vertex 50 164.642 28.44
      vertex 39 164.642 28.44
    endloop
  endfacet
  facet normal 0 -0.991424 -0.130688
    outer loop
      vertex 50 164.642 28.44
      vertex 39 164.7 28
      vertex 50 164.7 28
    endloop
  endfacet
  facet normal 0 0.608763 -0.793352
    outer loop
      vertex 39 161.798 29.2021
      vertex 50 162.15 29.4722
      vertex 50 161.798 29.2021
    endloop
  endfacet
  facet normal 0 0.608763 -0.793352
    outer loop
      vertex 50 162.15 29.4722
      vertex 39 161.798 29.2021
      vertex 39 162.15 29.4722
    endloop
  endfacet
  facet normal 0 0.991424 0.130688
    outer loop
      vertex 50 161.358 27.56
      vertex 39 161.3 28
      vertex 50 161.3 28
    endloop
  endfacet
  facet normal 0 0.991424 0.130688
    outer loop
      vertex 39 161.3 28
      vertex 50 161.358 27.56
      vertex 39 161.358 27.56
    endloop
  endfacet
endsolid OpenSCAD_Model
