solid OpenSCAD_Model
  facet normal -0.382688 0.923878 0
    outer loop
      vertex 10.85 7.52776 0
      vertex 10.44 7.35793 4
      vertex 10.85 7.52776 4
    endloop
  endfacet
  facet normal -0.382688 0.923878 0
    outer loop
      vertex 10.44 7.35793 4
      vertex 10.85 7.52776 0
      vertex 10.44 7.35793 0
    endloop
  endfacet
  facet normal 0.130469 -0.991452 0
    outer loop
      vertex 9.56001 10.6421 0
      vertex 10 10.7 4
      vertex 9.56001 10.6421 4
    endloop
  endfacet
  facet normal 0.130469 -0.991452 0
    outer loop
      vertex 10 10.7 4
      vertex 9.56001 10.6421 0
      vertex 10 10.7 0
    endloop
  endfacet
  facet normal -0.923825 -0.382815 0
    outer loop
      vertex 11.6421 9.43999 0
      vertex 11.4722 9.85 4
      vertex 11.4722 9.85 0
    endloop
  endfacet
  facet normal -0.923825 -0.382815 0
    outer loop
      vertex 11.4722 9.85 4
      vertex 11.6421 9.43999 0
      vertex 11.6421 9.43999 4
    endloop
  endfacet
  facet normal -0.991452 -0.130469 0
    outer loop
      vertex 11.7 9 0
      vertex 11.6421 9.43999 4
      vertex 11.6421 9.43999 0
    endloop
  endfacet
  facet normal -0.991452 -0.130469 0
    outer loop
      vertex 11.6421 9.43999 4
      vertex 11.7 9 0
      vertex 11.7 9 4
    endloop
  endfacet
  facet normal -0.793436 -0.608654 0
    outer loop
      vertex 11.4722 9.85 0
      vertex 11.2021 10.2021 4
      vertex 11.2021 10.2021 0
    endloop
  endfacet
  facet normal -0.793436 -0.608654 0
    outer loop
      vertex 11.2021 10.2021 4
      vertex 11.4722 9.85 0
      vertex 11.4722 9.85 4
    endloop
  endfacet
  facet normal -0.793419 0.608676 0
    outer loop
      vertex 11.2021 7.79792 0
      vertex 11.4722 8.15 4
      vertex 11.4722 8.15 0
    endloop
  endfacet
  facet normal -0.793419 0.608676 0
    outer loop
      vertex 11.4722 8.15 4
      vertex 11.2021 7.79792 0
      vertex 11.2021 7.79792 4
    endloop
  endfacet
  facet normal 0.608676 -0.793419 0
    outer loop
      vertex 8.79792 10.2021 0
      vertex 9.15 10.4722 4
      vertex 8.79792 10.2021 4
    endloop
  endfacet
  facet normal 0.608676 -0.793419 0
    outer loop
      vertex 9.15 10.4722 4
      vertex 8.79792 10.2021 0
      vertex 9.15 10.4722 0
    endloop
  endfacet
  facet normal -0.608654 -0.793436 0
    outer loop
      vertex 10.85 10.4722 0
      vertex 11.2021 10.2021 4
      vertex 10.85 10.4722 4
    endloop
  endfacet
  facet normal -0.608654 -0.793436 -0
    outer loop
      vertex 11.2021 10.2021 4
      vertex 10.85 10.4722 0
      vertex 11.2021 10.2021 0
    endloop
  endfacet
  facet normal 0.793371 -0.608739 0
    outer loop
      vertex 8.52776 9.85 4
      vertex 8.79792 10.2021 0
      vertex 8.79792 10.2021 4
    endloop
  endfacet
  facet normal 0.793371 -0.608739 0
    outer loop
      vertex 8.79792 10.2021 0
      vertex 8.52776 9.85 4
      vertex 8.52776 9.85 0
    endloop
  endfacet
  facet normal 0.38268 0.923881 -0
    outer loop
      vertex 9.56001 7.35793 0
      vertex 9.15 7.52776 4
      vertex 9.56001 7.35793 4
    endloop
  endfacet
  facet normal 0.38268 0.923881 0
    outer loop
      vertex 9.15 7.52776 4
      vertex 9.56001 7.35793 0
      vertex 9.15 7.52776 0
    endloop
  endfacet
  facet normal 0.608761 0.793354 -0
    outer loop
      vertex 9.15 7.52776 0
      vertex 8.79792 7.79792 4
      vertex 9.15 7.52776 4
    endloop
  endfacet
  facet normal 0.608761 0.793354 0
    outer loop
      vertex 8.79792 7.79792 4
      vertex 9.15 7.52776 0
      vertex 8.79792 7.79792 0
    endloop
  endfacet
  facet normal -0.923825 0.382815 0
    outer loop
      vertex 11.4722 8.15 0
      vertex 11.6421 8.56001 4
      vertex 11.6421 8.56001 0
    endloop
  endfacet
  facet normal -0.923825 0.382815 0
    outer loop
      vertex 11.6421 8.56001 4
      vertex 11.4722 8.15 0
      vertex 11.4722 8.15 4
    endloop
  endfacet
  facet normal -0.130533 0.991444 0
    outer loop
      vertex 10.44 7.35793 0
      vertex 10 7.3 4
      vertex 10.44 7.35793 4
    endloop
  endfacet
  facet normal -0.130533 0.991444 0
    outer loop
      vertex 10 7.3 4
      vertex 10.44 7.35793 0
      vertex 10 7.3 0
    endloop
  endfacet
  facet normal -0.608739 0.793371 0
    outer loop
      vertex 11.2021 7.79792 0
      vertex 10.85 7.52776 4
      vertex 11.2021 7.79792 4
    endloop
  endfacet
  facet normal -0.608739 0.793371 0
    outer loop
      vertex 10.85 7.52776 4
      vertex 11.2021 7.79792 0
      vertex 10.85 7.52776 0
    endloop
  endfacet
  facet normal 0.382815 -0.923825 0
    outer loop
      vertex 9.15 10.4722 0
      vertex 9.56001 10.6421 4
      vertex 9.15 10.4722 4
    endloop
  endfacet
  facet normal 0.382815 -0.923825 0
    outer loop
      vertex 9.56001 10.6421 4
      vertex 9.15 10.4722 0
      vertex 9.56001 10.6421 0
    endloop
  endfacet
  facet normal -0.382823 -0.923822 0
    outer loop
      vertex 10.44 10.6421 0
      vertex 10.85 10.4722 4
      vertex 10.44 10.6421 4
    endloop
  endfacet
  facet normal -0.382823 -0.923822 -0
    outer loop
      vertex 10.85 10.4722 4
      vertex 10.44 10.6421 0
      vertex 10.85 10.4722 0
    endloop
  endfacet
  facet normal 0.923881 -0.38268 0
    outer loop
      vertex 8.35793 9.43999 4
      vertex 8.52776 9.85 0
      vertex 8.52776 9.85 4
    endloop
  endfacet
  facet normal 0.923881 -0.38268 0
    outer loop
      vertex 8.52776 9.85 0
      vertex 8.35793 9.43999 4
      vertex 8.35793 9.43999 0
    endloop
  endfacet
  facet normal -0.130466 -0.991453 0
    outer loop
      vertex 10 10.7 0
      vertex 10.44 10.6421 4
      vertex 10 10.7 4
    endloop
  endfacet
  facet normal -0.130466 -0.991453 -0
    outer loop
      vertex 10.44 10.6421 4
      vertex 10 10.7 0
      vertex 10.44 10.6421 0
    endloop
  endfacet
  facet normal -0.991452 0.130469 0
    outer loop
      vertex 11.6421 8.56001 0
      vertex 11.7 9 4
      vertex 11.7 9 0
    endloop
  endfacet
  facet normal -0.991452 0.130469 0
    outer loop
      vertex 11.7 9 4
      vertex 11.6421 8.56001 0
      vertex 11.6421 8.56001 4
    endloop
  endfacet
  facet normal 0.923881 0.38268 0
    outer loop
      vertex 8.52776 8.15 4
      vertex 8.35793 8.56001 0
      vertex 8.35793 8.56001 4
    endloop
  endfacet
  facet normal 0.923881 0.38268 0
    outer loop
      vertex 8.35793 8.56001 0
      vertex 8.52776 8.15 4
      vertex 8.52776 8.15 0
    endloop
  endfacet
  facet normal 0.130536 0.991444 -0
    outer loop
      vertex 10 7.3 0
      vertex 9.56001 7.35793 4
      vertex 10 7.3 4
    endloop
  endfacet
  facet normal 0.130536 0.991444 0
    outer loop
      vertex 9.56001 7.35793 4
      vertex 10 7.3 0
      vertex 9.56001 7.35793 0
    endloop
  endfacet
  facet normal 0.991444 0.130536 0
    outer loop
      vertex 8.35793 8.56001 4
      vertex 8.3 9 0
      vertex 8.3 9 4
    endloop
  endfacet
  facet normal 0.991444 0.130536 0
    outer loop
      vertex 8.3 9 0
      vertex 8.35793 8.56001 4
      vertex 8.35793 8.56001 0
    endloop
  endfacet
  facet normal 0.793354 0.608761 0
    outer loop
      vertex 8.79792 7.79792 4
      vertex 8.52776 8.15 0
      vertex 8.52776 8.15 4
    endloop
  endfacet
  facet normal 0.793354 0.608761 0
    outer loop
      vertex 8.52776 8.15 0
      vertex 8.79792 7.79792 4
      vertex 8.79792 7.79792 0
    endloop
  endfacet
  facet normal 0.991444 -0.130536 0
    outer loop
      vertex 8.3 9 4
      vertex 8.35793 9.43999 0
      vertex 8.35793 9.43999 4
    endloop
  endfacet
  facet normal 0.991444 -0.130536 0
    outer loop
      vertex 8.35793 9.43999 0
      vertex 8.3 9 4
      vertex 8.3 9 0
    endloop
  endfacet
  facet normal -0.382823 0.923822 0
    outer loop
      vertex 10.85 41.5278 0
      vertex 10.44 41.3579 4
      vertex 10.85 41.5278 4
    endloop
  endfacet
  facet normal -0.382823 0.923822 0
    outer loop
      vertex 10.44 41.3579 4
      vertex 10.85 41.5278 0
      vertex 10.44 41.3579 0
    endloop
  endfacet
  facet normal 0.130469 -0.991452 0
    outer loop
      vertex 9.56001 44.6421 0
      vertex 10 44.7 4
      vertex 9.56001 44.6421 4
    endloop
  endfacet
  facet normal 0.130469 -0.991452 0
    outer loop
      vertex 10 44.7 4
      vertex 9.56001 44.6421 0
      vertex 10 44.7 0
    endloop
  endfacet
  facet normal -0.923822 -0.382823 0
    outer loop
      vertex 11.6421 43.44 0
      vertex 11.4722 43.85 4
      vertex 11.4722 43.85 0
    endloop
  endfacet
  facet normal -0.923822 -0.382823 0
    outer loop
      vertex 11.4722 43.85 4
      vertex 11.6421 43.44 0
      vertex 11.6421 43.44 4
    endloop
  endfacet
  facet normal -0.991453 -0.130466 0
    outer loop
      vertex 11.7 43 0
      vertex 11.6421 43.44 4
      vertex 11.6421 43.44 0
    endloop
  endfacet
  facet normal -0.991453 -0.130466 0
    outer loop
      vertex 11.6421 43.44 4
      vertex 11.7 43 0
      vertex 11.7 43 4
    endloop
  endfacet
  facet normal -0.793436 -0.608654 0
    outer loop
      vertex 11.4722 43.85 0
      vertex 11.2021 44.2021 4
      vertex 11.2021 44.2021 0
    endloop
  endfacet
  facet normal -0.793436 -0.608654 0
    outer loop
      vertex 11.2021 44.2021 4
      vertex 11.4722 43.85 0
      vertex 11.4722 43.85 4
    endloop
  endfacet
  facet normal -0.793436 0.608654 0
    outer loop
      vertex 11.2021 41.7979 0
      vertex 11.4722 42.15 4
      vertex 11.4722 42.15 0
    endloop
  endfacet
  facet normal -0.793436 0.608654 0
    outer loop
      vertex 11.4722 42.15 4
      vertex 11.2021 41.7979 0
      vertex 11.2021 41.7979 4
    endloop
  endfacet
  facet normal 0.608676 -0.793419 0
    outer loop
      vertex 8.79792 44.2021 0
      vertex 9.15 44.4722 4
      vertex 8.79792 44.2021 4
    endloop
  endfacet
  facet normal 0.608676 -0.793419 0
    outer loop
      vertex 9.15 44.4722 4
      vertex 8.79792 44.2021 0
      vertex 9.15 44.4722 0
    endloop
  endfacet
  facet normal -0.608654 -0.793436 0
    outer loop
      vertex 10.85 44.4722 0
      vertex 11.2021 44.2021 4
      vertex 10.85 44.4722 4
    endloop
  endfacet
  facet normal -0.608654 -0.793436 -0
    outer loop
      vertex 11.2021 44.2021 4
      vertex 10.85 44.4722 0
      vertex 11.2021 44.2021 0
    endloop
  endfacet
  facet normal 0.793371 -0.608739 0
    outer loop
      vertex 8.52776 43.85 4
      vertex 8.79792 44.2021 0
      vertex 8.79792 44.2021 4
    endloop
  endfacet
  facet normal 0.793371 -0.608739 0
    outer loop
      vertex 8.79792 44.2021 0
      vertex 8.52776 43.85 4
      vertex 8.52776 43.85 0
    endloop
  endfacet
  facet normal 0.382815 0.923825 -0
    outer loop
      vertex 9.56001 41.3579 0
      vertex 9.15 41.5278 4
      vertex 9.56001 41.3579 4
    endloop
  endfacet
  facet normal 0.382815 0.923825 0
    outer loop
      vertex 9.15 41.5278 4
      vertex 9.56001 41.3579 0
      vertex 9.15 41.5278 0
    endloop
  endfacet
  facet normal 0.608676 0.793419 -0
    outer loop
      vertex 9.15 41.5278 0
      vertex 8.79792 41.7979 4
      vertex 9.15 41.5278 4
    endloop
  endfacet
  facet normal 0.608676 0.793419 0
    outer loop
      vertex 8.79792 41.7979 4
      vertex 9.15 41.5278 0
      vertex 8.79792 41.7979 0
    endloop
  endfacet
  facet normal -0.923822 0.382823 0
    outer loop
      vertex 11.4722 42.15 0
      vertex 11.6421 42.56 4
      vertex 11.6421 42.56 0
    endloop
  endfacet
  facet normal -0.923822 0.382823 0
    outer loop
      vertex 11.6421 42.56 4
      vertex 11.4722 42.15 0
      vertex 11.4722 42.15 4
    endloop
  endfacet
  facet normal -0.130466 0.991453 0
    outer loop
      vertex 10.44 41.3579 0
      vertex 10 41.3 4
      vertex 10.44 41.3579 4
    endloop
  endfacet
  facet normal -0.130466 0.991453 0
    outer loop
      vertex 10 41.3 4
      vertex 10.44 41.3579 0
      vertex 10 41.3 0
    endloop
  endfacet
  facet normal -0.608654 0.793436 0
    outer loop
      vertex 11.2021 41.7979 0
      vertex 10.85 41.5278 4
      vertex 11.2021 41.7979 4
    endloop
  endfacet
  facet normal -0.608654 0.793436 0
    outer loop
      vertex 10.85 41.5278 4
      vertex 11.2021 41.7979 0
      vertex 10.85 41.5278 0
    endloop
  endfacet
  facet normal 0.382815 -0.923825 0
    outer loop
      vertex 9.15 44.4722 0
      vertex 9.56001 44.6421 4
      vertex 9.15 44.4722 4
    endloop
  endfacet
  facet normal 0.382815 -0.923825 0
    outer loop
      vertex 9.56001 44.6421 4
      vertex 9.15 44.4722 0
      vertex 9.56001 44.6421 0
    endloop
  endfacet
  facet normal -0.382823 -0.923822 0
    outer loop
      vertex 10.44 44.6421 0
      vertex 10.85 44.4722 4
      vertex 10.44 44.6421 4
    endloop
  endfacet
  facet normal -0.382823 -0.923822 -0
    outer loop
      vertex 10.85 44.4722 4
      vertex 10.44 44.6421 0
      vertex 10.85 44.4722 0
    endloop
  endfacet
  facet normal 0.923878 -0.382688 0
    outer loop
      vertex 8.35793 43.44 4
      vertex 8.52776 43.85 0
      vertex 8.52776 43.85 4
    endloop
  endfacet
  facet normal 0.923878 -0.382688 0
    outer loop
      vertex 8.52776 43.85 0
      vertex 8.35793 43.44 4
      vertex 8.35793 43.44 0
    endloop
  endfacet
  facet normal -0.130466 -0.991453 0
    outer loop
      vertex 10 44.7 0
      vertex 10.44 44.6421 4
      vertex 10 44.7 4
    endloop
  endfacet
  facet normal -0.130466 -0.991453 -0
    outer loop
      vertex 10.44 44.6421 4
      vertex 10 44.7 0
      vertex 10.44 44.6421 0
    endloop
  endfacet
  facet normal -0.991453 0.130466 0
    outer loop
      vertex 11.6421 42.56 0
      vertex 11.7 43 4
      vertex 11.7 43 0
    endloop
  endfacet
  facet normal -0.991453 0.130466 0
    outer loop
      vertex 11.7 43 4
      vertex 11.6421 42.56 0
      vertex 11.6421 42.56 4
    endloop
  endfacet
  facet normal 0.923878 0.382688 0
    outer loop
      vertex 8.52776 42.15 4
      vertex 8.35793 42.56 0
      vertex 8.35793 42.56 4
    endloop
  endfacet
  facet normal 0.923878 0.382688 0
    outer loop
      vertex 8.35793 42.56 0
      vertex 8.52776 42.15 4
      vertex 8.52776 42.15 0
    endloop
  endfacet
  facet normal 0.130469 0.991452 -0
    outer loop
      vertex 10 41.3 0
      vertex 9.56001 41.3579 4
      vertex 10 41.3 4
    endloop
  endfacet
  facet normal 0.130469 0.991452 0
    outer loop
      vertex 9.56001 41.3579 4
      vertex 10 41.3 0
      vertex 9.56001 41.3579 0
    endloop
  endfacet
  facet normal 0.991444 0.130533 0
    outer loop
      vertex 8.35793 42.56 4
      vertex 8.3 43 0
      vertex 8.3 43 4
    endloop
  endfacet
  facet normal 0.991444 0.130533 0
    outer loop
      vertex 8.3 43 0
      vertex 8.35793 42.56 4
      vertex 8.35793 42.56 0
    endloop
  endfacet
  facet normal 0.793371 0.608739 0
    outer loop
      vertex 8.79792 41.7979 4
      vertex 8.52776 42.15 0
      vertex 8.52776 42.15 4
    endloop
  endfacet
  facet normal 0.793371 0.608739 0
    outer loop
      vertex 8.52776 42.15 0
      vertex 8.79792 41.7979 4
      vertex 8.79792 41.7979 0
    endloop
  endfacet
  facet normal 0.991444 -0.130533 0
    outer loop
      vertex 8.3 43 4
      vertex 8.35793 43.44 0
      vertex 8.35793 43.44 4
    endloop
  endfacet
  facet normal 0.991444 -0.130533 0
    outer loop
      vertex 8.35793 43.44 0
      vertex 8.3 43 4
      vertex 8.3 43 0
    endloop
  endfacet
  facet normal -0.382688 0.923878 0
    outer loop
      vertex 66.85 7.52776 0
      vertex 66.44 7.35793 4
      vertex 66.85 7.52776 4
    endloop
  endfacet
  facet normal -0.382688 0.923878 0
    outer loop
      vertex 66.44 7.35793 4
      vertex 66.85 7.52776 0
      vertex 66.44 7.35793 0
    endloop
  endfacet
  facet normal 0.130466 -0.991453 0
    outer loop
      vertex 65.56 10.6421 0
      vertex 66 10.7 4
      vertex 65.56 10.6421 4
    endloop
  endfacet
  facet normal 0.130466 -0.991453 0
    outer loop
      vertex 66 10.7 4
      vertex 65.56 10.6421 0
      vertex 66 10.7 0
    endloop
  endfacet
  facet normal -0.923825 -0.382815 0
    outer loop
      vertex 67.6421 9.43999 0
      vertex 67.4722 9.85 4
      vertex 67.4722 9.85 0
    endloop
  endfacet
  facet normal -0.923825 -0.382815 0
    outer loop
      vertex 67.4722 9.85 4
      vertex 67.6421 9.43999 0
      vertex 67.6421 9.43999 4
    endloop
  endfacet
  facet normal -0.991452 -0.130469 0
    outer loop
      vertex 67.7 9 0
      vertex 67.6421 9.43999 4
      vertex 67.6421 9.43999 0
    endloop
  endfacet
  facet normal -0.991452 -0.130469 0
    outer loop
      vertex 67.6421 9.43999 4
      vertex 67.7 9 0
      vertex 67.7 9 4
    endloop
  endfacet
  facet normal -0.793436 -0.608654 0
    outer loop
      vertex 67.4722 9.85 0
      vertex 67.2021 10.2021 4
      vertex 67.2021 10.2021 0
    endloop
  endfacet
  facet normal -0.793436 -0.608654 0
    outer loop
      vertex 67.2021 10.2021 4
      vertex 67.4722 9.85 0
      vertex 67.4722 9.85 4
    endloop
  endfacet
  facet normal -0.793419 0.608676 0
    outer loop
      vertex 67.2021 7.79792 0
      vertex 67.4722 8.15 4
      vertex 67.4722 8.15 0
    endloop
  endfacet
  facet normal -0.793419 0.608676 0
    outer loop
      vertex 67.4722 8.15 4
      vertex 67.2021 7.79792 0
      vertex 67.2021 7.79792 4
    endloop
  endfacet
  facet normal 0.608654 -0.793436 0
    outer loop
      vertex 64.7979 10.2021 0
      vertex 65.15 10.4722 4
      vertex 64.7979 10.2021 4
    endloop
  endfacet
  facet normal 0.608654 -0.793436 0
    outer loop
      vertex 65.15 10.4722 4
      vertex 64.7979 10.2021 0
      vertex 65.15 10.4722 0
    endloop
  endfacet
  facet normal -0.608654 -0.793436 0
    outer loop
      vertex 66.85 10.4722 0
      vertex 67.2021 10.2021 4
      vertex 66.85 10.4722 4
    endloop
  endfacet
  facet normal -0.608654 -0.793436 -0
    outer loop
      vertex 67.2021 10.2021 4
      vertex 66.85 10.4722 0
      vertex 67.2021 10.2021 0
    endloop
  endfacet
  facet normal 0.793436 -0.608654 0
    outer loop
      vertex 64.5278 9.85 4
      vertex 64.7979 10.2021 0
      vertex 64.7979 10.2021 4
    endloop
  endfacet
  facet normal 0.793436 -0.608654 0
    outer loop
      vertex 64.7979 10.2021 0
      vertex 64.5278 9.85 4
      vertex 64.5278 9.85 0
    endloop
  endfacet
  facet normal 0.382688 0.923878 -0
    outer loop
      vertex 65.56 7.35793 0
      vertex 65.15 7.52776 4
      vertex 65.56 7.35793 4
    endloop
  endfacet
  facet normal 0.382688 0.923878 0
    outer loop
      vertex 65.15 7.52776 4
      vertex 65.56 7.35793 0
      vertex 65.15 7.52776 0
    endloop
  endfacet
  facet normal 0.608739 0.793371 -0
    outer loop
      vertex 65.15 7.52776 0
      vertex 64.7979 7.79792 4
      vertex 65.15 7.52776 4
    endloop
  endfacet
  facet normal 0.608739 0.793371 0
    outer loop
      vertex 64.7979 7.79792 4
      vertex 65.15 7.52776 0
      vertex 64.7979 7.79792 0
    endloop
  endfacet
  facet normal -0.923825 0.382815 0
    outer loop
      vertex 67.4722 8.15 0
      vertex 67.6421 8.56001 4
      vertex 67.6421 8.56001 0
    endloop
  endfacet
  facet normal -0.923825 0.382815 0
    outer loop
      vertex 67.6421 8.56001 4
      vertex 67.4722 8.15 0
      vertex 67.4722 8.15 4
    endloop
  endfacet
  facet normal -0.130533 0.991444 0
    outer loop
      vertex 66.44 7.35793 0
      vertex 66 7.3 4
      vertex 66.44 7.35793 4
    endloop
  endfacet
  facet normal -0.130533 0.991444 0
    outer loop
      vertex 66 7.3 4
      vertex 66.44 7.35793 0
      vertex 66 7.3 0
    endloop
  endfacet
  facet normal -0.608739 0.793371 0
    outer loop
      vertex 67.2021 7.79792 0
      vertex 66.85 7.52776 4
      vertex 67.2021 7.79792 4
    endloop
  endfacet
  facet normal -0.608739 0.793371 0
    outer loop
      vertex 66.85 7.52776 4
      vertex 67.2021 7.79792 0
      vertex 66.85 7.52776 0
    endloop
  endfacet
  facet normal 0.382823 -0.923822 0
    outer loop
      vertex 65.15 10.4722 0
      vertex 65.56 10.6421 4
      vertex 65.15 10.4722 4
    endloop
  endfacet
  facet normal 0.382823 -0.923822 0
    outer loop
      vertex 65.56 10.6421 4
      vertex 65.15 10.4722 0
      vertex 65.56 10.6421 0
    endloop
  endfacet
  facet normal -0.382823 -0.923822 0
    outer loop
      vertex 66.44 10.6421 0
      vertex 66.85 10.4722 4
      vertex 66.44 10.6421 4
    endloop
  endfacet
  facet normal -0.382823 -0.923822 -0
    outer loop
      vertex 66.85 10.4722 4
      vertex 66.44 10.6421 0
      vertex 66.85 10.4722 0
    endloop
  endfacet
  facet normal 0.923825 -0.382815 0
    outer loop
      vertex 64.3579 9.43999 4
      vertex 64.5278 9.85 0
      vertex 64.5278 9.85 4
    endloop
  endfacet
  facet normal 0.923825 -0.382815 0
    outer loop
      vertex 64.5278 9.85 0
      vertex 64.3579 9.43999 4
      vertex 64.3579 9.43999 0
    endloop
  endfacet
  facet normal -0.130466 -0.991453 0
    outer loop
      vertex 66 10.7 0
      vertex 66.44 10.6421 4
      vertex 66 10.7 4
    endloop
  endfacet
  facet normal -0.130466 -0.991453 -0
    outer loop
      vertex 66.44 10.6421 4
      vertex 66 10.7 0
      vertex 66.44 10.6421 0
    endloop
  endfacet
  facet normal -0.991452 0.130469 0
    outer loop
      vertex 67.6421 8.56001 0
      vertex 67.7 9 4
      vertex 67.7 9 0
    endloop
  endfacet
  facet normal -0.991452 0.130469 0
    outer loop
      vertex 67.7 9 4
      vertex 67.6421 8.56001 0
      vertex 67.6421 8.56001 4
    endloop
  endfacet
  facet normal 0.923825 0.382815 0
    outer loop
      vertex 64.5278 8.15 4
      vertex 64.3579 8.56001 0
      vertex 64.3579 8.56001 4
    endloop
  endfacet
  facet normal 0.923825 0.382815 0
    outer loop
      vertex 64.3579 8.56001 0
      vertex 64.5278 8.15 4
      vertex 64.5278 8.15 0
    endloop
  endfacet
  facet normal 0.130533 0.991444 -0
    outer loop
      vertex 66 7.3 0
      vertex 65.56 7.35793 4
      vertex 66 7.3 4
    endloop
  endfacet
  facet normal 0.130533 0.991444 0
    outer loop
      vertex 65.56 7.35793 4
      vertex 66 7.3 0
      vertex 65.56 7.35793 0
    endloop
  endfacet
  facet normal 0.991452 0.130469 0
    outer loop
      vertex 64.3579 8.56001 4
      vertex 64.3 9 0
      vertex 64.3 9 4
    endloop
  endfacet
  facet normal 0.991452 0.130469 0
    outer loop
      vertex 64.3 9 0
      vertex 64.3579 8.56001 4
      vertex 64.3579 8.56001 0
    endloop
  endfacet
  facet normal 0.793419 0.608676 0
    outer loop
      vertex 64.7979 7.79792 4
      vertex 64.5278 8.15 0
      vertex 64.5278 8.15 4
    endloop
  endfacet
  facet normal 0.793419 0.608676 0
    outer loop
      vertex 64.5278 8.15 0
      vertex 64.7979 7.79792 4
      vertex 64.7979 7.79792 0
    endloop
  endfacet
  facet normal 0.991452 -0.130469 0
    outer loop
      vertex 64.3 9 4
      vertex 64.3579 9.43999 0
      vertex 64.3579 9.43999 4
    endloop
  endfacet
  facet normal 0.991452 -0.130469 0
    outer loop
      vertex 64.3579 9.43999 0
      vertex 64.3 9 4
      vertex 64.3 9 0
    endloop
  endfacet
  facet normal -0.382823 0.923822 0
    outer loop
      vertex 66.85 41.5278 0
      vertex 66.44 41.3579 4
      vertex 66.85 41.5278 4
    endloop
  endfacet
  facet normal -0.382823 0.923822 0
    outer loop
      vertex 66.44 41.3579 4
      vertex 66.85 41.5278 0
      vertex 66.44 41.3579 0
    endloop
  endfacet
  facet normal 0.130466 -0.991453 0
    outer loop
      vertex 65.56 44.6421 0
      vertex 66 44.7 4
      vertex 65.56 44.6421 4
    endloop
  endfacet
  facet normal 0.130466 -0.991453 0
    outer loop
      vertex 66 44.7 4
      vertex 65.56 44.6421 0
      vertex 66 44.7 0
    endloop
  endfacet
  facet normal -0.923822 -0.382823 0
    outer loop
      vertex 67.6421 43.44 0
      vertex 67.4722 43.85 4
      vertex 67.4722 43.85 0
    endloop
  endfacet
  facet normal -0.923822 -0.382823 0
    outer loop
      vertex 67.4722 43.85 4
      vertex 67.6421 43.44 0
      vertex 67.6421 43.44 4
    endloop
  endfacet
  facet normal -0.991453 -0.130466 0
    outer loop
      vertex 67.7 43 0
      vertex 67.6421 43.44 4
      vertex 67.6421 43.44 0
    endloop
  endfacet
  facet normal -0.991453 -0.130466 0
    outer loop
      vertex 67.6421 43.44 4
      vertex 67.7 43 0
      vertex 67.7 43 4
    endloop
  endfacet
  facet normal -0.793436 -0.608654 0
    outer loop
      vertex 67.4722 43.85 0
      vertex 67.2021 44.2021 4
      vertex 67.2021 44.2021 0
    endloop
  endfacet
  facet normal -0.793436 -0.608654 0
    outer loop
      vertex 67.2021 44.2021 4
      vertex 67.4722 43.85 0
      vertex 67.4722 43.85 4
    endloop
  endfacet
  facet normal -0.793436 0.608654 0
    outer loop
      vertex 67.2021 41.7979 0
      vertex 67.4722 42.15 4
      vertex 67.4722 42.15 0
    endloop
  endfacet
  facet normal -0.793436 0.608654 0
    outer loop
      vertex 67.4722 42.15 4
      vertex 67.2021 41.7979 0
      vertex 67.2021 41.7979 4
    endloop
  endfacet
  facet normal 0.608654 -0.793436 0
    outer loop
      vertex 64.7979 44.2021 0
      vertex 65.15 44.4722 4
      vertex 64.7979 44.2021 4
    endloop
  endfacet
  facet normal 0.608654 -0.793436 0
    outer loop
      vertex 65.15 44.4722 4
      vertex 64.7979 44.2021 0
      vertex 65.15 44.4722 0
    endloop
  endfacet
  facet normal -0.608654 -0.793436 0
    outer loop
      vertex 66.85 44.4722 0
      vertex 67.2021 44.2021 4
      vertex 66.85 44.4722 4
    endloop
  endfacet
  facet normal -0.608654 -0.793436 -0
    outer loop
      vertex 67.2021 44.2021 4
      vertex 66.85 44.4722 0
      vertex 67.2021 44.2021 0
    endloop
  endfacet
  facet normal 0.793436 -0.608654 0
    outer loop
      vertex 64.5278 43.85 4
      vertex 64.7979 44.2021 0
      vertex 64.7979 44.2021 4
    endloop
  endfacet
  facet normal 0.793436 -0.608654 0
    outer loop
      vertex 64.7979 44.2021 0
      vertex 64.5278 43.85 4
      vertex 64.5278 43.85 0
    endloop
  endfacet
  facet normal 0.382823 0.923822 -0
    outer loop
      vertex 65.56 41.3579 0
      vertex 65.15 41.5278 4
      vertex 65.56 41.3579 4
    endloop
  endfacet
  facet normal 0.382823 0.923822 0
    outer loop
      vertex 65.15 41.5278 4
      vertex 65.56 41.3579 0
      vertex 65.15 41.5278 0
    endloop
  endfacet
  facet normal 0.608654 0.793436 -0
    outer loop
      vertex 65.15 41.5278 0
      vertex 64.7979 41.7979 4
      vertex 65.15 41.5278 4
    endloop
  endfacet
  facet normal 0.608654 0.793436 0
    outer loop
      vertex 64.7979 41.7979 4
      vertex 65.15 41.5278 0
      vertex 64.7979 41.7979 0
    endloop
  endfacet
  facet normal -0.923822 0.382823 0
    outer loop
      vertex 67.4722 42.15 0
      vertex 67.6421 42.56 4
      vertex 67.6421 42.56 0
    endloop
  endfacet
  facet normal -0.923822 0.382823 0
    outer loop
      vertex 67.6421 42.56 4
      vertex 67.4722 42.15 0
      vertex 67.4722 42.15 4
    endloop
  endfacet
  facet normal -0.130466 0.991453 0
    outer loop
      vertex 66.44 41.3579 0
      vertex 66 41.3 4
      vertex 66.44 41.3579 4
    endloop
  endfacet
  facet normal -0.130466 0.991453 0
    outer loop
      vertex 66 41.3 4
      vertex 66.44 41.3579 0
      vertex 66 41.3 0
    endloop
  endfacet
  facet normal -0.608654 0.793436 0
    outer loop
      vertex 67.2021 41.7979 0
      vertex 66.85 41.5278 4
      vertex 67.2021 41.7979 4
    endloop
  endfacet
  facet normal -0.608654 0.793436 0
    outer loop
      vertex 66.85 41.5278 4
      vertex 67.2021 41.7979 0
      vertex 66.85 41.5278 0
    endloop
  endfacet
  facet normal 0.382823 -0.923822 0
    outer loop
      vertex 65.15 44.4722 0
      vertex 65.56 44.6421 4
      vertex 65.15 44.4722 4
    endloop
  endfacet
  facet normal 0.382823 -0.923822 0
    outer loop
      vertex 65.56 44.6421 4
      vertex 65.15 44.4722 0
      vertex 65.56 44.6421 0
    endloop
  endfacet
  facet normal -0.382823 -0.923822 0
    outer loop
      vertex 66.44 44.6421 0
      vertex 66.85 44.4722 4
      vertex 66.44 44.6421 4
    endloop
  endfacet
  facet normal -0.382823 -0.923822 -0
    outer loop
      vertex 66.85 44.4722 4
      vertex 66.44 44.6421 0
      vertex 66.85 44.4722 0
    endloop
  endfacet
  facet normal 0.923822 -0.382823 0
    outer loop
      vertex 64.3579 43.44 4
      vertex 64.5278 43.85 0
      vertex 64.5278 43.85 4
    endloop
  endfacet
  facet normal 0.923822 -0.382823 0
    outer loop
      vertex 64.5278 43.85 0
      vertex 64.3579 43.44 4
      vertex 64.3579 43.44 0
    endloop
  endfacet
  facet normal -0.130466 -0.991453 0
    outer loop
      vertex 66 44.7 0
      vertex 66.44 44.6421 4
      vertex 66 44.7 4
    endloop
  endfacet
  facet normal -0.130466 -0.991453 -0
    outer loop
      vertex 66.44 44.6421 4
      vertex 66 44.7 0
      vertex 66.44 44.6421 0
    endloop
  endfacet
  facet normal -0.991453 0.130466 0
    outer loop
      vertex 67.6421 42.56 0
      vertex 67.7 43 4
      vertex 67.7 43 0
    endloop
  endfacet
  facet normal -0.991453 0.130466 0
    outer loop
      vertex 67.7 43 4
      vertex 67.6421 42.56 0
      vertex 67.6421 42.56 4
    endloop
  endfacet
  facet normal 0.923822 0.382823 0
    outer loop
      vertex 64.5278 42.15 4
      vertex 64.3579 42.56 0
      vertex 64.3579 42.56 4
    endloop
  endfacet
  facet normal 0.923822 0.382823 0
    outer loop
      vertex 64.3579 42.56 0
      vertex 64.5278 42.15 4
      vertex 64.5278 42.15 0
    endloop
  endfacet
  facet normal 0.130466 0.991453 -0
    outer loop
      vertex 66 41.3 0
      vertex 65.56 41.3579 4
      vertex 66 41.3 4
    endloop
  endfacet
  facet normal 0.130466 0.991453 0
    outer loop
      vertex 65.56 41.3579 4
      vertex 66 41.3 0
      vertex 65.56 41.3579 0
    endloop
  endfacet
  facet normal 0.991453 0.130466 0
    outer loop
      vertex 64.3579 42.56 4
      vertex 64.3 43 0
      vertex 64.3 43 4
    endloop
  endfacet
  facet normal 0.991453 0.130466 0
    outer loop
      vertex 64.3 43 0
      vertex 64.3579 42.56 4
      vertex 64.3579 42.56 0
    endloop
  endfacet
  facet normal 0.793436 0.608654 0
    outer loop
      vertex 64.7979 41.7979 4
      vertex 64.5278 42.15 0
      vertex 64.5278 42.15 4
    endloop
  endfacet
  facet normal 0.793436 0.608654 0
    outer loop
      vertex 64.5278 42.15 0
      vertex 64.7979 41.7979 4
      vertex 64.7979 41.7979 0
    endloop
  endfacet
  facet normal 0.991453 -0.130466 0
    outer loop
      vertex 64.3 43 4
      vertex 64.3579 43.44 0
      vertex 64.3579 43.44 4
    endloop
  endfacet
  facet normal 0.991453 -0.130466 0
    outer loop
      vertex 64.3579 43.44 0
      vertex 64.3 43 4
      vertex 64.3 43 0
    endloop
  endfacet
  facet normal -0.382685 -0.923879 0
    outer loop
      vertex 2 0.535898 0
      vertex 2.96472 0.136296 4
      vertex 2 0.535898 4
    endloop
  endfacet
  facet normal -0.382685 -0.923879 -0
    outer loop
      vertex 2.96472 0.136296 4
      vertex 2 0.535898 0
      vertex 2.96472 0.136296 0
    endloop
  endfacet
  facet normal 0 -1 0
    outer loop
      vertex 4 0 0
      vertex 72 0 4
      vertex 4 0 4
    endloop
  endfacet
  facet normal 0 -1 -0
    outer loop
      vertex 72 0 4
      vertex 4 0 0
      vertex 72 0 0
    endloop
  endfacet
  facet normal 0 0 1
    outer loop
      vertex 27.8373 30.2095 4
      vertex 10.85 41.5278 4
      vertex 27.3748 28.847 4
    endloop
  endfacet
  facet normal 0 0 1
    outer loop
      vertex 27 26 4
      vertex 11.6421 9.43999 4
      vertex 11.7 9 4
    endloop
  endfacet
  facet normal 0 0 1
    outer loop
      vertex 27.3748 28.847 4
      vertex 10.85 41.5278 4
      vertex 27.0941 27.4358 4
    endloop
  endfacet
  facet normal 0 0 1
    outer loop
      vertex 27 26 4
      vertex 11.4722 9.85 4
      vertex 11.6421 9.43999 4
    endloop
  endfacet
  facet normal -0 0 1
    outer loop
      vertex 10.44 41.3579 4
      vertex 27.0941 27.4358 4
      vertex 10.85 41.5278 4
    endloop
  endfacet
  facet normal 0 0 1
    outer loop
      vertex 27 26 4
      vertex 11.2021 10.2021 4
      vertex 11.4722 9.85 4
    endloop
  endfacet
  facet normal 0 0 1
    outer loop
      vertex 27.0941 27.4358 4
      vertex 10.44 41.3579 4
      vertex 27 26 4
    endloop
  endfacet
  facet normal 0 0 1
    outer loop
      vertex 27 26 4
      vertex 10.85 10.4722 4
      vertex 11.2021 10.2021 4
    endloop
  endfacet
  facet normal -0 0 1
    outer loop
      vertex 10 41.3 4
      vertex 27 26 4
      vertex 10.44 41.3579 4
    endloop
  endfacet
  facet normal 0 0 1
    outer loop
      vertex 27 26 4
      vertex 10.44 10.6421 4
      vertex 10.85 10.4722 4
    endloop
  endfacet
  facet normal 0 0 1
    outer loop
      vertex 10 10.7 4
      vertex 27 26 4
      vertex 10 41.3 4
    endloop
  endfacet
  facet normal 0 0 1
    outer loop
      vertex 27 26 4
      vertex 10 10.7 4
      vertex 10.44 10.6421 4
    endloop
  endfacet
  facet normal 0 0 1
    outer loop
      vertex 9.56001 41.3579 4
      vertex 10 10.7 4
      vertex 10 41.3 4
    endloop
  endfacet
  facet normal 0 0 1
    outer loop
      vertex 9.56001 41.3579 4
      vertex 9.56001 10.6421 4
      vertex 10 10.7 4
    endloop
  endfacet
  facet normal 0 0 1
    outer loop
      vertex 9.15 41.5278 4
      vertex 9.56001 10.6421 4
      vertex 9.56001 41.3579 4
    endloop
  endfacet
  facet normal 0 0 1
    outer loop
      vertex 9.15 41.5278 4
      vertex 9.15 10.4722 4
      vertex 9.56001 10.6421 4
    endloop
  endfacet
  facet normal 0 0 1
    outer loop
      vertex 8.79792 41.7979 4
      vertex 9.15 10.4722 4
      vertex 9.15 41.5278 4
    endloop
  endfacet
  facet normal 0 0 1
    outer loop
      vertex 8.79792 41.7979 4
      vertex 8.79792 10.2021 4
      vertex 9.15 10.4722 4
    endloop
  endfacet
  facet normal 0 0 1
    outer loop
      vertex 0 48 4
      vertex 8.79792 41.7979 4
      vertex 8.52776 42.15 4
    endloop
  endfacet
  facet normal 0 0 1
    outer loop
      vertex 8.79792 41.7979 4
      vertex 0 48 4
      vertex 8.79792 10.2021 4
    endloop
  endfacet
  facet normal 0 0 1
    outer loop
      vertex 0 48 4
      vertex 8.52776 42.15 4
      vertex 8.35793 42.56 4
    endloop
  endfacet
  facet normal 0 0 1
    outer loop
      vertex 0 4 4
      vertex 8.79792 10.2021 4
      vertex 0 48 4
    endloop
  endfacet
  facet normal 0 0 1
    outer loop
      vertex 0 48 4
      vertex 8.35793 42.56 4
      vertex 8.3 43 4
    endloop
  endfacet
  facet normal 0 0 1
    outer loop
      vertex 8.79792 10.2021 4
      vertex 0 4 4
      vertex 8.52776 9.85 4
    endloop
  endfacet
  facet normal 0 0 1
    outer loop
      vertex 67.2021 41.7979 4
      vertex 76 48 4
      vertex 67.4722 42.15 4
    endloop
  endfacet
  facet normal 0 0 1
    outer loop
      vertex 76 4 4
      vertex 67.6421 9.43999 4
      vertex 67.7 9 4
    endloop
  endfacet
  facet normal 0 0 1
    outer loop
      vertex 76 48 4
      vertex 67.2021 41.7979 4
      vertex 76 4 4
    endloop
  endfacet
  facet normal 0 0 1
    outer loop
      vertex 76 4 4
      vertex 67.4722 9.85 4
      vertex 67.6421 9.43999 4
    endloop
  endfacet
  facet normal -0 0 1
    outer loop
      vertex 67.2021 10.2021 4
      vertex 76 4 4
      vertex 67.2021 41.7979 4
    endloop
  endfacet
  facet normal 0 0 1
    outer loop
      vertex 76 4 4
      vertex 67.2021 10.2021 4
      vertex 67.4722 9.85 4
    endloop
  endfacet
  facet normal -0 0 1
    outer loop
      vertex 66.85 41.5278 4
      vertex 67.2021 10.2021 4
      vertex 67.2021 41.7979 4
    endloop
  endfacet
  facet normal 0 0 1
    outer loop
      vertex 66.85 41.5278 4
      vertex 66.85 10.4722 4
      vertex 67.2021 10.2021 4
    endloop
  endfacet
  facet normal -0 0 1
    outer loop
      vertex 66.44 41.3579 4
      vertex 66.85 10.4722 4
      vertex 66.85 41.5278 4
    endloop
  endfacet
  facet normal 0 0 1
    outer loop
      vertex 66.44 41.3579 4
      vertex 66.44 10.6421 4
      vertex 66.85 10.4722 4
    endloop
  endfacet
  facet normal -0 0 1
    outer loop
      vertex 66 41.3 4
      vertex 66.44 10.6421 4
      vertex 66.44 41.3579 4
    endloop
  endfacet
  facet normal 0 0 1
    outer loop
      vertex 66 41.3 4
      vertex 66 10.7 4
      vertex 66.44 10.6421 4
    endloop
  endfacet
  facet normal 0 0 1
    outer loop
      vertex 49 26 4
      vertex 66 41.3 4
      vertex 65.56 41.3579 4
    endloop
  endfacet
  facet normal 0 0 1
    outer loop
      vertex 66 41.3 4
      vertex 49 26 4
      vertex 66 10.7 4
    endloop
  endfacet
  facet normal 0 0 1
    outer loop
      vertex 48.9059 27.4358 4
      vertex 65.56 41.3579 4
      vertex 65.15 41.5278 4
    endloop
  endfacet
  facet normal 0 0 1
    outer loop
      vertex 66 10.7 4
      vertex 49 26 4
      vertex 65.56 10.6421 4
    endloop
  endfacet
  facet normal 0 0 1
    outer loop
      vertex 48.1627 30.2095 4
      vertex 65.15 41.5278 4
      vertex 64.7979 41.7979 4
    endloop
  endfacet
  facet normal -0 0 1
    outer loop
      vertex 48.9059 24.5642 4
      vertex 65.56 10.6421 4
      vertex 49 26 4
    endloop
  endfacet
  facet normal 0 0 1
    outer loop
      vertex 47.5263 31.5 4
      vertex 64.7979 41.7979 4
      vertex 64.5278 42.15 4
    endloop
  endfacet
  facet normal 0 0 1
    outer loop
      vertex 65.56 10.6421 4
      vertex 48.9059 24.5642 4
      vertex 65.15 10.4722 4
    endloop
  endfacet
  facet normal 0 0 1
    outer loop
      vertex 46.7269 32.6964 4
      vertex 64.5278 42.15 4
      vertex 64.3579 42.56 4
    endloop
  endfacet
  facet normal -0 0 1
    outer loop
      vertex 48.6252 23.153 4
      vertex 65.15 10.4722 4
      vertex 48.9059 24.5642 4
    endloop
  endfacet
  facet normal 0 0 1
    outer loop
      vertex 45.7782 33.7782 4
      vertex 64.3579 42.56 4
      vertex 64.3 43 4
    endloop
  endfacet
  facet normal -0 0 1
    outer loop
      vertex 48.1627 21.7905 4
      vertex 65.15 10.4722 4
      vertex 48.6252 23.153 4
    endloop
  endfacet
  facet normal 0 0 1
    outer loop
      vertex 72 52 4
      vertex 76 48 4
      vertex 75.8637 49.0353 4
    endloop
  endfacet
  facet normal 0 0 1
    outer loop
      vertex 67.6421 42.56 4
      vertex 76 48 4
      vertex 67.7 43 4
    endloop
  endfacet
  facet normal 0 0 1
    outer loop
      vertex 72 52 4
      vertex 75.8637 49.0353 4
      vertex 75.4641 50 4
    endloop
  endfacet
  facet normal 0 0 1
    outer loop
      vertex 67.4722 42.15 4
      vertex 76 48 4
      vertex 67.6421 42.56 4
    endloop
  endfacet
  facet normal 0 0 1
    outer loop
      vertex 72 52 4
      vertex 75.4641 50 4
      vertex 74.8284 50.8284 4
    endloop
  endfacet
  facet normal -0 0 1
    outer loop
      vertex 67.6421 8.56001 4
      vertex 76 4 4
      vertex 67.7 9 4
    endloop
  endfacet
  facet normal 0 0 1
    outer loop
      vertex 72 52 4
      vertex 74.8284 50.8284 4
      vertex 74 51.4641 4
    endloop
  endfacet
  facet normal -0 0 1
    outer loop
      vertex 67.4722 8.15 4
      vertex 76 4 4
      vertex 67.6421 8.56001 4
    endloop
  endfacet
  facet normal 0 0 1
    outer loop
      vertex 72 52 4
      vertex 74 51.4641 4
      vertex 73.0353 51.8637 4
    endloop
  endfacet
  facet normal -0 0 1
    outer loop
      vertex 67.2021 7.79792 4
      vertex 76 4 4
      vertex 67.4722 8.15 4
    endloop
  endfacet
  facet normal 0 0 1
    outer loop
      vertex 67.2021 44.2021 4
      vertex 76 48 4
      vertex 72 52 4
    endloop
  endfacet
  facet normal 0 0 1
    outer loop
      vertex 76 4 4
      vertex 72 0 4
      vertex 75.8637 2.96472 4
    endloop
  endfacet
  facet normal 0 0 1
    outer loop
      vertex 75.8637 2.96472 4
      vertex 72 0 4
      vertex 75.4641 2 4
    endloop
  endfacet
  facet normal 0 0 1
    outer loop
      vertex 76 48 4
      vertex 67.6421 43.44 4
      vertex 67.7 43 4
    endloop
  endfacet
  facet normal 0 0 1
    outer loop
      vertex 76 48 4
      vertex 67.4722 43.85 4
      vertex 67.6421 43.44 4
    endloop
  endfacet
  facet normal 0 0 1
    outer loop
      vertex 76 48 4
      vertex 67.2021 44.2021 4
      vertex 67.4722 43.85 4
    endloop
  endfacet
  facet normal 0 0 1
    outer loop
      vertex 72 52 4
      vertex 66.85 44.4722 4
      vertex 67.2021 44.2021 4
    endloop
  endfacet
  facet normal 0 0 1
    outer loop
      vertex 72 52 4
      vertex 66.44 44.6421 4
      vertex 66.85 44.4722 4
    endloop
  endfacet
  facet normal 0 0 1
    outer loop
      vertex 72 52 4
      vertex 66 44.7 4
      vertex 66.44 44.6421 4
    endloop
  endfacet
  facet normal 0 0 1
    outer loop
      vertex 72 52 4
      vertex 65.56 44.6421 4
      vertex 66 44.7 4
    endloop
  endfacet
  facet normal 0 0 1
    outer loop
      vertex 72 52 4
      vertex 65.15 44.4722 4
      vertex 65.56 44.6421 4
    endloop
  endfacet
  facet normal 0 0 1
    outer loop
      vertex 72 52 4
      vertex 64.7979 44.2021 4
      vertex 65.15 44.4722 4
    endloop
  endfacet
  facet normal 0 0 1
    outer loop
      vertex 65.15 10.4722 4
      vertex 48.1627 21.7905 4
      vertex 64.7979 10.2021 4
    endloop
  endfacet
  facet normal 0 0 1
    outer loop
      vertex 44.6964 34.7269 4
      vertex 64.3 43 4
      vertex 64.3579 43.44 4
    endloop
  endfacet
  facet normal 0 0 1
    outer loop
      vertex 43.5 35.5263 4
      vertex 64.3579 43.44 4
      vertex 64.5278 43.85 4
    endloop
  endfacet
  facet normal 0 0 1
    outer loop
      vertex 40.847 36.6252 4
      vertex 64.5278 43.85 4
      vertex 64.7979 44.2021 4
    endloop
  endfacet
  facet normal 0 0 1
    outer loop
      vertex 65.56 41.3579 4
      vertex 48.9059 27.4358 4
      vertex 49 26 4
    endloop
  endfacet
  facet normal 0 0 1
    outer loop
      vertex 39.4358 36.9059 4
      vertex 64.7979 44.2021 4
      vertex 72 52 4
    endloop
  endfacet
  facet normal 0 0 1
    outer loop
      vertex 65.15 41.5278 4
      vertex 48.6252 28.847 4
      vertex 48.9059 27.4358 4
    endloop
  endfacet
  facet normal 0 0 1
    outer loop
      vertex 65.15 41.5278 4
      vertex 48.1627 30.2095 4
      vertex 48.6252 28.847 4
    endloop
  endfacet
  facet normal 0 0 1
    outer loop
      vertex 64.7979 41.7979 4
      vertex 47.5263 31.5 4
      vertex 48.1627 30.2095 4
    endloop
  endfacet
  facet normal 0 0 1
    outer loop
      vertex 64.5278 42.15 4
      vertex 46.7269 32.6964 4
      vertex 47.5263 31.5 4
    endloop
  endfacet
  facet normal 0 0 1
    outer loop
      vertex 64.3579 42.56 4
      vertex 45.7782 33.7782 4
      vertex 46.7269 32.6964 4
    endloop
  endfacet
  facet normal 0 0 1
    outer loop
      vertex 64.3 43 4
      vertex 44.6964 34.7269 4
      vertex 45.7782 33.7782 4
    endloop
  endfacet
  facet normal 0 0 1
    outer loop
      vertex 64.3579 43.44 4
      vertex 43.5 35.5263 4
      vertex 44.6964 34.7269 4
    endloop
  endfacet
  facet normal 0 0 1
    outer loop
      vertex 64.5278 43.85 4
      vertex 42.2095 36.1627 4
      vertex 43.5 35.5263 4
    endloop
  endfacet
  facet normal 0 0 1
    outer loop
      vertex 64.5278 43.85 4
      vertex 40.847 36.6252 4
      vertex 42.2095 36.1627 4
    endloop
  endfacet
  facet normal 0 0 1
    outer loop
      vertex 64.7979 44.2021 4
      vertex 39.4358 36.9059 4
      vertex 40.847 36.6252 4
    endloop
  endfacet
  facet normal 0 0 1
    outer loop
      vertex 72 52 4
      vertex 38 37 4
      vertex 39.4358 36.9059 4
    endloop
  endfacet
  facet normal -0 0 1
    outer loop
      vertex 4 52 4
      vertex 38 37 4
      vertex 72 52 4
    endloop
  endfacet
  facet normal 0 0 1
    outer loop
      vertex 38 37 4
      vertex 4 52 4
      vertex 36.5642 36.9059 4
    endloop
  endfacet
  facet normal -0 -0 1
    outer loop
      vertex 11.2021 44.2021 4
      vertex 36.5642 36.9059 4
      vertex 4 52 4
    endloop
  endfacet
  facet normal 0 0 1
    outer loop
      vertex 28.4737 31.5 4
      vertex 11.2021 41.7979 4
      vertex 27.8373 30.2095 4
    endloop
  endfacet
  facet normal -0 0 1
    outer loop
      vertex 11.2021 41.7979 4
      vertex 28.4737 31.5 4
      vertex 11.4722 42.15 4
    endloop
  endfacet
  facet normal 0 0 1
    outer loop
      vertex 29.2731 32.6964 4
      vertex 11.4722 42.15 4
      vertex 28.4737 31.5 4
    endloop
  endfacet
  facet normal -0 0 1
    outer loop
      vertex 11.4722 42.15 4
      vertex 29.2731 32.6964 4
      vertex 11.6421 42.56 4
    endloop
  endfacet
  facet normal 0 0 1
    outer loop
      vertex 30.2218 33.7782 4
      vertex 11.6421 42.56 4
      vertex 29.2731 32.6964 4
    endloop
  endfacet
  facet normal -0 0 1
    outer loop
      vertex 11.6421 42.56 4
      vertex 30.2218 33.7782 4
      vertex 11.7 43 4
    endloop
  endfacet
  facet normal 0 0 1
    outer loop
      vertex 31.3036 34.7269 4
      vertex 11.7 43 4
      vertex 30.2218 33.7782 4
    endloop
  endfacet
  facet normal 0 0 1
    outer loop
      vertex 11.6421 43.44 4
      vertex 31.3036 34.7269 4
      vertex 32.5 35.5263 4
    endloop
  endfacet
  facet normal 0 0 1
    outer loop
      vertex 11.4722 43.85 4
      vertex 32.5 35.5263 4
      vertex 33.7905 36.1627 4
    endloop
  endfacet
  facet normal 0 0 1
    outer loop
      vertex 36.5642 36.9059 4
      vertex 11.2021 44.2021 4
      vertex 35.153 36.6252 4
    endloop
  endfacet
  facet normal 0 0 1
    outer loop
      vertex 31.3036 34.7269 4
      vertex 11.6421 43.44 4
      vertex 11.7 43 4
    endloop
  endfacet
  facet normal 0 0 1
    outer loop
      vertex 32.5 35.5263 4
      vertex 11.4722 43.85 4
      vertex 11.6421 43.44 4
    endloop
  endfacet
  facet normal 0 0 1
    outer loop
      vertex 35.153 36.6252 4
      vertex 11.4722 43.85 4
      vertex 33.7905 36.1627 4
    endloop
  endfacet
  facet normal -0 -0 1
    outer loop
      vertex 11.4722 43.85 4
      vertex 35.153 36.6252 4
      vertex 11.2021 44.2021 4
    endloop
  endfacet
  facet normal 0 0 1
    outer loop
      vertex 11.2021 44.2021 4
      vertex 4 52 4
      vertex 10.85 44.4722 4
    endloop
  endfacet
  facet normal 0 0 1
    outer loop
      vertex 10.85 44.4722 4
      vertex 4 52 4
      vertex 10.44 44.6421 4
    endloop
  endfacet
  facet normal 0 0 1
    outer loop
      vertex 8.35793 43.44 4
      vertex 0 48 4
      vertex 8.3 43 4
    endloop
  endfacet
  facet normal 0 0 1
    outer loop
      vertex 8.52776 43.85 4
      vertex 0 48 4
      vertex 8.35793 43.44 4
    endloop
  endfacet
  facet normal 0 0 1
    outer loop
      vertex 8.79792 44.2021 4
      vertex 0 48 4
      vertex 8.52776 43.85 4
    endloop
  endfacet
  facet normal -0 0 1
    outer loop
      vertex 0 48 4
      vertex 8.79792 44.2021 4
      vertex 4 52 4
    endloop
  endfacet
  facet normal 0 0 1
    outer loop
      vertex 9.15 44.4722 4
      vertex 4 52 4
      vertex 8.79792 44.2021 4
    endloop
  endfacet
  facet normal 0 0 1
    outer loop
      vertex 9.56001 44.6421 4
      vertex 4 52 4
      vertex 9.15 44.4722 4
    endloop
  endfacet
  facet normal 0 0 1
    outer loop
      vertex 10 44.7 4
      vertex 4 52 4
      vertex 9.56001 44.6421 4
    endloop
  endfacet
  facet normal 0 0 1
    outer loop
      vertex 10.44 44.6421 4
      vertex 4 52 4
      vertex 10 44.7 4
    endloop
  endfacet
  facet normal 0 0 1
    outer loop
      vertex 75.4641 2 4
      vertex 72 0 4
      vertex 74.8284 1.17157 4
    endloop
  endfacet
  facet normal 0 0 1
    outer loop
      vertex 74.8284 1.17157 4
      vertex 72 0 4
      vertex 74 0.535898 4
    endloop
  endfacet
  facet normal 0 0 1
    outer loop
      vertex 74 0.535898 4
      vertex 72 0 4
      vertex 73.0353 0.136296 4
    endloop
  endfacet
  facet normal 0 0 1
    outer loop
      vertex 76 4 4
      vertex 67.2021 7.79792 4
      vertex 72 0 4
    endloop
  endfacet
  facet normal -0 0 1
    outer loop
      vertex 66.85 7.52776 4
      vertex 72 0 4
      vertex 67.2021 7.79792 4
    endloop
  endfacet
  facet normal -0 0 1
    outer loop
      vertex 66.44 7.35793 4
      vertex 72 0 4
      vertex 66.85 7.52776 4
    endloop
  endfacet
  facet normal -0 0 1
    outer loop
      vertex 66 7.3 4
      vertex 72 0 4
      vertex 66.44 7.35793 4
    endloop
  endfacet
  facet normal 0 0 1
    outer loop
      vertex 65.56 7.35793 4
      vertex 72 0 4
      vertex 66 7.3 4
    endloop
  endfacet
  facet normal 0 0 1
    outer loop
      vertex 65.15 7.52776 4
      vertex 72 0 4
      vertex 65.56 7.35793 4
    endloop
  endfacet
  facet normal 0 0 1
    outer loop
      vertex 64.7979 7.79792 4
      vertex 72 0 4
      vertex 65.15 7.52776 4
    endloop
  endfacet
  facet normal -0 0 1
    outer loop
      vertex 47.5263 20.5 4
      vertex 64.7979 10.2021 4
      vertex 48.1627 21.7905 4
    endloop
  endfacet
  facet normal 0 0 1
    outer loop
      vertex 64.7979 10.2021 4
      vertex 47.5263 20.5 4
      vertex 64.5278 9.85 4
    endloop
  endfacet
  facet normal -0 0 1
    outer loop
      vertex 46.7269 19.3036 4
      vertex 64.5278 9.85 4
      vertex 47.5263 20.5 4
    endloop
  endfacet
  facet normal 0 0 1
    outer loop
      vertex 64.5278 9.85 4
      vertex 46.7269 19.3036 4
      vertex 64.3579 9.43999 4
    endloop
  endfacet
  facet normal -0 0 1
    outer loop
      vertex 45.7782 18.2218 4
      vertex 64.3579 9.43999 4
      vertex 46.7269 19.3036 4
    endloop
  endfacet
  facet normal 0 0 1
    outer loop
      vertex 64.3579 9.43999 4
      vertex 45.7782 18.2218 4
      vertex 64.3 9 4
    endloop
  endfacet
  facet normal -0 0 1
    outer loop
      vertex 44.6964 17.2731 4
      vertex 64.3 9 4
      vertex 45.7782 18.2218 4
    endloop
  endfacet
  facet normal 0 0 1
    outer loop
      vertex 64.3 9 4
      vertex 44.6964 17.2731 4
      vertex 64.3579 8.56001 4
    endloop
  endfacet
  facet normal -0 0 1
    outer loop
      vertex 43.5 16.4737 4
      vertex 64.3579 8.56001 4
      vertex 44.6964 17.2731 4
    endloop
  endfacet
  facet normal 0 0 1
    outer loop
      vertex 64.3579 8.56001 4
      vertex 43.5 16.4737 4
      vertex 64.5278 8.15 4
    endloop
  endfacet
  facet normal -0 0 1
    outer loop
      vertex 42.2095 15.8373 4
      vertex 64.5278 8.15 4
      vertex 43.5 16.4737 4
    endloop
  endfacet
  facet normal -0 0 1
    outer loop
      vertex 40.847 15.3748 4
      vertex 64.5278 8.15 4
      vertex 42.2095 15.8373 4
    endloop
  endfacet
  facet normal 0 0 1
    outer loop
      vertex 64.5278 8.15 4
      vertex 40.847 15.3748 4
      vertex 64.7979 7.79792 4
    endloop
  endfacet
  facet normal -0 0 1
    outer loop
      vertex 39.4358 15.0941 4
      vertex 64.7979 7.79792 4
      vertex 40.847 15.3748 4
    endloop
  endfacet
  facet normal 0 0 1
    outer loop
      vertex 64.7979 7.79792 4
      vertex 39.4358 15.0941 4
      vertex 72 0 4
    endloop
  endfacet
  facet normal -0 0 1
    outer loop
      vertex 38 15 4
      vertex 72 0 4
      vertex 39.4358 15.0941 4
    endloop
  endfacet
  facet normal 0 0 1
    outer loop
      vertex 4 0 4
      vertex 38 15 4
      vertex 36.5642 15.0941 4
    endloop
  endfacet
  facet normal 0 0 1
    outer loop
      vertex 11.2021 7.79792 4
      vertex 36.5642 15.0941 4
      vertex 35.153 15.3748 4
    endloop
  endfacet
  facet normal 0 0 1
    outer loop
      vertex 11.4722 8.15 4
      vertex 35.153 15.3748 4
      vertex 33.7905 15.8373 4
    endloop
  endfacet
  facet normal -0 0 1
    outer loop
      vertex 10.85 41.5278 4
      vertex 27.8373 30.2095 4
      vertex 11.2021 41.7979 4
    endloop
  endfacet
  facet normal 0 0 1
    outer loop
      vertex 27 26 4
      vertex 11.7 9 4
      vertex 27.0941 24.5642 4
    endloop
  endfacet
  facet normal 0 0 1
    outer loop
      vertex 27.0941 24.5642 4
      vertex 11.7 9 4
      vertex 27.3748 23.153 4
    endloop
  endfacet
  facet normal 0 0 1
    outer loop
      vertex 27.3748 23.153 4
      vertex 11.7 9 4
      vertex 27.8373 21.7905 4
    endloop
  endfacet
  facet normal 0 0 1
    outer loop
      vertex 27.8373 21.7905 4
      vertex 11.7 9 4
      vertex 28.4737 20.5 4
    endloop
  endfacet
  facet normal 0 0 1
    outer loop
      vertex 28.4737 20.5 4
      vertex 11.7 9 4
      vertex 29.2731 19.3036 4
    endloop
  endfacet
  facet normal 0 0 1
    outer loop
      vertex 11.7 9 4
      vertex 30.2218 18.2218 4
      vertex 29.2731 19.3036 4
    endloop
  endfacet
  facet normal 0 0 1
    outer loop
      vertex 11.7 9 4
      vertex 31.3036 17.2731 4
      vertex 30.2218 18.2218 4
    endloop
  endfacet
  facet normal 0 0 1
    outer loop
      vertex 11.6421 8.56001 4
      vertex 31.3036 17.2731 4
      vertex 11.7 9 4
    endloop
  endfacet
  facet normal 0 0 1
    outer loop
      vertex 31.3036 17.2731 4
      vertex 11.6421 8.56001 4
      vertex 32.5 16.4737 4
    endloop
  endfacet
  facet normal 0 0 1
    outer loop
      vertex 11.4722 8.15 4
      vertex 32.5 16.4737 4
      vertex 11.6421 8.56001 4
    endloop
  endfacet
  facet normal 0 0 1
    outer loop
      vertex 32.5 16.4737 4
      vertex 11.4722 8.15 4
      vertex 33.7905 15.8373 4
    endloop
  endfacet
  facet normal 0 0 1
    outer loop
      vertex 35.153 15.3748 4
      vertex 11.4722 8.15 4
      vertex 11.2021 7.79792 4
    endloop
  endfacet
  facet normal 0 0 1
    outer loop
      vertex 36.5642 15.0941 4
      vertex 11.2021 7.79792 4
      vertex 4 0 4
    endloop
  endfacet
  facet normal 0 0 1
    outer loop
      vertex 4 0 4
      vertex 11.2021 7.79792 4
      vertex 10.85 7.52776 4
    endloop
  endfacet
  facet normal 0 0 1
    outer loop
      vertex 4 0 4
      vertex 10.85 7.52776 4
      vertex 10.44 7.35793 4
    endloop
  endfacet
  facet normal 0 0 1
    outer loop
      vertex 4 0 4
      vertex 10.44 7.35793 4
      vertex 10 7.3 4
    endloop
  endfacet
  facet normal 0 0 1
    outer loop
      vertex 38 15 4
      vertex 4 0 4
      vertex 72 0 4
    endloop
  endfacet
  facet normal 0 0 1
    outer loop
      vertex 9.56001 7.35793 4
      vertex 4 0 4
      vertex 10 7.3 4
    endloop
  endfacet
  facet normal 0 0 1
    outer loop
      vertex 9.15 7.52776 4
      vertex 4 0 4
      vertex 9.56001 7.35793 4
    endloop
  endfacet
  facet normal 0 0 1
    outer loop
      vertex 8.79792 7.79792 4
      vertex 4 0 4
      vertex 9.15 7.52776 4
    endloop
  endfacet
  facet normal 0 0 1
    outer loop
      vertex 0 4 4
      vertex 8.79792 7.79792 4
      vertex 8.52776 8.15 4
    endloop
  endfacet
  facet normal 0 0 1
    outer loop
      vertex 0 4 4
      vertex 8.52776 8.15 4
      vertex 8.35793 8.56001 4
    endloop
  endfacet
  facet normal 0 0 1
    outer loop
      vertex 0 4 4
      vertex 8.35793 8.56001 4
      vertex 8.3 9 4
    endloop
  endfacet
  facet normal 0 0 1
    outer loop
      vertex 8.52776 9.85 4
      vertex 0 4 4
      vertex 8.35793 9.43999 4
    endloop
  endfacet
  facet normal 0 0 1
    outer loop
      vertex 0 48 4
      vertex 4 52 4
      vertex 2.96472 51.8637 4
    endloop
  endfacet
  facet normal 0 0 1
    outer loop
      vertex 8.35793 9.43999 4
      vertex 0 4 4
      vertex 8.3 9 4
    endloop
  endfacet
  facet normal 0 0 1
    outer loop
      vertex 0 48 4
      vertex 2.96472 51.8637 4
      vertex 2 51.4641 4
    endloop
  endfacet
  facet normal 0 0 1
    outer loop
      vertex 8.79792 7.79792 4
      vertex 0 4 4
      vertex 4 0 4
    endloop
  endfacet
  facet normal 0 0 1
    outer loop
      vertex 0 48 4
      vertex 2 51.4641 4
      vertex 1.17157 50.8284 4
    endloop
  endfacet
  facet normal 0 0 1
    outer loop
      vertex 4 0 4
      vertex 0 4 4
      vertex 2.96472 0.136296 4
    endloop
  endfacet
  facet normal 0 0 1
    outer loop
      vertex 0 48 4
      vertex 1.17157 50.8284 4
      vertex 0.535898 50 4
    endloop
  endfacet
  facet normal 0 0 1
    outer loop
      vertex 2.96472 0.136296 4
      vertex 0 4 4
      vertex 2 0.535898 4
    endloop
  endfacet
  facet normal 0 0 1
    outer loop
      vertex 0 48 4
      vertex 0.535898 50 4
      vertex 0.136296 49.0353 4
    endloop
  endfacet
  facet normal 0 0 1
    outer loop
      vertex 2 0.535898 4
      vertex 0 4 4
      vertex 1.17157 1.17157 4
    endloop
  endfacet
  facet normal 0 0 1
    outer loop
      vertex 1.17157 1.17157 4
      vertex 0 4 4
      vertex 0.535898 2 4
    endloop
  endfacet
  facet normal 0 0 1
    outer loop
      vertex 0.535898 2 4
      vertex 0 4 4
      vertex 0.136296 2.96472 4
    endloop
  endfacet
  facet normal 0 1 -0
    outer loop
      vertex 72 52 0
      vertex 4 52 4
      vertex 72 52 4
    endloop
  endfacet
  facet normal 0 1 0
    outer loop
      vertex 4 52 4
      vertex 72 52 0
      vertex 4 52 0
    endloop
  endfacet
  facet normal -0.130525 -0.991445 0
    outer loop
      vertex 2.96472 0.136296 0
      vertex 4 0 4
      vertex 2.96472 0.136296 4
    endloop
  endfacet
  facet normal -0.130525 -0.991445 -0
    outer loop
      vertex 4 0 4
      vertex 2.96472 0.136296 0
      vertex 4 0 0
    endloop
  endfacet
  facet normal 0.608789 0.793332 -0
    outer loop
      vertex 74.8284 50.8284 0
      vertex 74 51.4641 4
      vertex 74.8284 50.8284 4
    endloop
  endfacet
  facet normal 0.608789 0.793332 0
    outer loop
      vertex 74 51.4641 4
      vertex 74.8284 50.8284 0
      vertex 74 51.4641 0
    endloop
  endfacet
  facet normal 0.382692 -0.923876 0
    outer loop
      vertex 73.0353 0.136296 0
      vertex 74 0.535898 4
      vertex 73.0353 0.136296 4
    endloop
  endfacet
  facet normal 0.382692 -0.923876 0
    outer loop
      vertex 74 0.535898 4
      vertex 73.0353 0.136296 0
      vertex 74 0.535898 0
    endloop
  endfacet
  facet normal 0.608772 -0.793345 0
    outer loop
      vertex 74 0.535898 0
      vertex 74.8284 1.17157 4
      vertex 74 0.535898 4
    endloop
  endfacet
  facet normal 0.608772 -0.793345 0
    outer loop
      vertex 74.8284 1.17157 4
      vertex 74 0.535898 0
      vertex 74.8284 1.17157 0
    endloop
  endfacet
  facet normal -0.608775 0.793343 0
    outer loop
      vertex 2 51.4641 0
      vertex 1.17157 50.8284 4
      vertex 2 51.4641 4
    endloop
  endfacet
  facet normal -0.608775 0.793343 0
    outer loop
      vertex 1.17157 50.8284 4
      vertex 2 51.4641 0
      vertex 1.17157 50.8284 0
    endloop
  endfacet
  facet normal 1 -0 0
    outer loop
      vertex 76 4 4
      vertex 76 48 0
      vertex 76 48 4
    endloop
  endfacet
  facet normal 1 0 0
    outer loop
      vertex 76 48 0
      vertex 76 4 4
      vertex 76 4 0
    endloop
  endfacet
  facet normal -1 0 0
    outer loop
      vertex 0 4 0
      vertex 0 48 4
      vertex 0 48 0
    endloop
  endfacet
  facet normal -1 -0 0
    outer loop
      vertex 0 48 4
      vertex 0 4 0
      vertex 0 4 4
    endloop
  endfacet
  facet normal 0.991445 -0.130529 0
    outer loop
      vertex 75.8637 2.96472 4
      vertex 76 4 0
      vertex 76 4 4
    endloop
  endfacet
  facet normal 0.991445 -0.130529 0
    outer loop
      vertex 76 4 0
      vertex 75.8637 2.96472 4
      vertex 75.8637 2.96472 0
    endloop
  endfacet
  facet normal 0.793332 0.608789 0
    outer loop
      vertex 75.4641 50 4
      vertex 74.8284 50.8284 0
      vertex 74.8284 50.8284 4
    endloop
  endfacet
  facet normal 0.793332 0.608789 0
    outer loop
      vertex 74.8284 50.8284 0
      vertex 75.4641 50 4
      vertex 75.4641 50 0
    endloop
  endfacet
  facet normal 0.130523 -0.991445 0
    outer loop
      vertex 72 0 0
      vertex 73.0353 0.136296 4
      vertex 72 0 4
    endloop
  endfacet
  facet normal 0.130523 -0.991445 0
    outer loop
      vertex 73.0353 0.136296 4
      vertex 72 0 0
      vertex 73.0353 0.136296 0
    endloop
  endfacet
  facet normal -0.608759 -0.793356 0
    outer loop
      vertex 1.17157 1.17157 0
      vertex 2 0.535898 4
      vertex 1.17157 1.17157 4
    endloop
  endfacet
  facet normal -0.608759 -0.793356 -0
    outer loop
      vertex 2 0.535898 4
      vertex 1.17157 1.17157 0
      vertex 2 0.535898 0
    endloop
  endfacet
  facet normal 0.923877 0.38269 0
    outer loop
      vertex 75.8637 49.0353 4
      vertex 75.4641 50 0
      vertex 75.4641 50 4
    endloop
  endfacet
  facet normal 0.923877 0.38269 0
    outer loop
      vertex 75.4641 50 0
      vertex 75.8637 49.0353 4
      vertex 75.8637 49.0353 0
    endloop
  endfacet
  facet normal 0.130526 0.991445 -0
    outer loop
      vertex 73.0353 51.8637 0
      vertex 72 52 4
      vertex 73.0353 51.8637 4
    endloop
  endfacet
  facet normal 0.130526 0.991445 0
    outer loop
      vertex 72 52 4
      vertex 73.0353 51.8637 0
      vertex 72 52 0
    endloop
  endfacet
  facet normal -0.923879 -0.382685 0
    outer loop
      vertex 0.535898 2 0
      vertex 0.136296 2.96472 4
      vertex 0.136296 2.96472 0
    endloop
  endfacet
  facet normal -0.923879 -0.382685 0
    outer loop
      vertex 0.136296 2.96472 4
      vertex 0.535898 2 0
      vertex 0.535898 2 4
    endloop
  endfacet
  facet normal -0 0 -1
    outer loop
      vertex 27.8373 21.7905 0
      vertex 10.85 10.4722 0
      vertex 27.3748 23.153 0
    endloop
  endfacet
  facet normal 0 0 -1
    outer loop
      vertex 27 26 0
      vertex 11.6421 42.56 0
      vertex 11.7 43 0
    endloop
  endfacet
  facet normal -0 0 -1
    outer loop
      vertex 27.3748 23.153 0
      vertex 10.85 10.4722 0
      vertex 27.0941 24.5642 0
    endloop
  endfacet
  facet normal 0 0 -1
    outer loop
      vertex 27 26 0
      vertex 11.4722 42.15 0
      vertex 11.6421 42.56 0
    endloop
  endfacet
  facet normal 0 0 -1
    outer loop
      vertex 10.44 10.6421 0
      vertex 27.0941 24.5642 0
      vertex 10.85 10.4722 0
    endloop
  endfacet
  facet normal 0 0 -1
    outer loop
      vertex 27 26 0
      vertex 11.2021 41.7979 0
      vertex 11.4722 42.15 0
    endloop
  endfacet
  facet normal -0 0 -1
    outer loop
      vertex 27.0941 24.5642 0
      vertex 10.44 10.6421 0
      vertex 27 26 0
    endloop
  endfacet
  facet normal 0 0 -1
    outer loop
      vertex 27 26 0
      vertex 10.85 41.5278 0
      vertex 11.2021 41.7979 0
    endloop
  endfacet
  facet normal 0 0 -1
    outer loop
      vertex 10 10.7 0
      vertex 27 26 0
      vertex 10.44 10.6421 0
    endloop
  endfacet
  facet normal 0 0 -1
    outer loop
      vertex 27 26 0
      vertex 10.44 41.3579 0
      vertex 10.85 41.5278 0
    endloop
  endfacet
  facet normal 0 0 -1
    outer loop
      vertex 10 41.3 0
      vertex 27 26 0
      vertex 10 10.7 0
    endloop
  endfacet
  facet normal 0 0 -1
    outer loop
      vertex 27 26 0
      vertex 10 41.3 0
      vertex 10.44 41.3579 0
    endloop
  endfacet
  facet normal 0 0 -1
    outer loop
      vertex 9.56001 10.6421 0
      vertex 10 41.3 0
      vertex 10 10.7 0
    endloop
  endfacet
  facet normal 0 0 -1
    outer loop
      vertex 9.56001 10.6421 0
      vertex 9.56001 41.3579 0
      vertex 10 41.3 0
    endloop
  endfacet
  facet normal 0 0 -1
    outer loop
      vertex 9.15 10.4722 0
      vertex 9.56001 41.3579 0
      vertex 9.56001 10.6421 0
    endloop
  endfacet
  facet normal 0 0 -1
    outer loop
      vertex 9.15 10.4722 0
      vertex 9.15 41.5278 0
      vertex 9.56001 41.3579 0
    endloop
  endfacet
  facet normal 0 0 -1
    outer loop
      vertex 8.79792 10.2021 0
      vertex 9.15 41.5278 0
      vertex 9.15 10.4722 0
    endloop
  endfacet
  facet normal 0 0 -1
    outer loop
      vertex 8.79792 10.2021 0
      vertex 8.79792 41.7979 0
      vertex 9.15 41.5278 0
    endloop
  endfacet
  facet normal 0 0 -1
    outer loop
      vertex 0 4 0
      vertex 8.79792 10.2021 0
      vertex 8.52776 9.85 0
    endloop
  endfacet
  facet normal -0 0 -1
    outer loop
      vertex 8.79792 10.2021 0
      vertex 0 4 0
      vertex 8.79792 41.7979 0
    endloop
  endfacet
  facet normal 0 0 -1
    outer loop
      vertex 0 4 0
      vertex 8.52776 9.85 0
      vertex 8.35793 9.43999 0
    endloop
  endfacet
  facet normal 0 0 -1
    outer loop
      vertex 0 48 0
      vertex 8.79792 41.7979 0
      vertex 0 4 0
    endloop
  endfacet
  facet normal 0 0 -1
    outer loop
      vertex 0 4 0
      vertex 8.35793 9.43999 0
      vertex 8.3 9 0
    endloop
  endfacet
  facet normal 0 0 -1
    outer loop
      vertex 8.79792 41.7979 0
      vertex 0 48 0
      vertex 8.52776 42.15 0
    endloop
  endfacet
  facet normal 0 0 -1
    outer loop
      vertex 67.2021 10.2021 0
      vertex 76 4 0
      vertex 67.4722 9.85 0
    endloop
  endfacet
  facet normal 0 0 -1
    outer loop
      vertex 76 48 0
      vertex 67.6421 42.56 0
      vertex 67.7 43 0
    endloop
  endfacet
  facet normal 0 0 -1
    outer loop
      vertex 76 4 0
      vertex 67.2021 10.2021 0
      vertex 76 48 0
    endloop
  endfacet
  facet normal 0 0 -1
    outer loop
      vertex 76 48 0
      vertex 67.4722 42.15 0
      vertex 67.6421 42.56 0
    endloop
  endfacet
  facet normal 0 0 -1
    outer loop
      vertex 67.2021 41.7979 0
      vertex 76 48 0
      vertex 67.2021 10.2021 0
    endloop
  endfacet
  facet normal 0 0 -1
    outer loop
      vertex 76 48 0
      vertex 67.2021 41.7979 0
      vertex 67.4722 42.15 0
    endloop
  endfacet
  facet normal 0 0 -1
    outer loop
      vertex 66.85 10.4722 0
      vertex 67.2021 41.7979 0
      vertex 67.2021 10.2021 0
    endloop
  endfacet
  facet normal 0 0 -1
    outer loop
      vertex 66.85 10.4722 0
      vertex 66.85 41.5278 0
      vertex 67.2021 41.7979 0
    endloop
  endfacet
  facet normal 0 0 -1
    outer loop
      vertex 66.44 10.6421 0
      vertex 66.85 41.5278 0
      vertex 66.85 10.4722 0
    endloop
  endfacet
  facet normal 0 0 -1
    outer loop
      vertex 66.44 10.6421 0
      vertex 66.44 41.3579 0
      vertex 66.85 41.5278 0
    endloop
  endfacet
  facet normal 0 0 -1
    outer loop
      vertex 66 10.7 0
      vertex 66.44 41.3579 0
      vertex 66.44 10.6421 0
    endloop
  endfacet
  facet normal 0 0 -1
    outer loop
      vertex 66 10.7 0
      vertex 66 41.3 0
      vertex 66.44 41.3579 0
    endloop
  endfacet
  facet normal 0 0 -1
    outer loop
      vertex 49 26 0
      vertex 66 10.7 0
      vertex 65.56 10.6421 0
    endloop
  endfacet
  facet normal 0 0 -1
    outer loop
      vertex 66 10.7 0
      vertex 49 26 0
      vertex 66 41.3 0
    endloop
  endfacet
  facet normal 0 0 -1
    outer loop
      vertex 48.9059 24.5642 0
      vertex 65.56 10.6421 0
      vertex 65.15 10.4722 0
    endloop
  endfacet
  facet normal -0 0 -1
    outer loop
      vertex 66 41.3 0
      vertex 49 26 0
      vertex 65.56 41.3579 0
    endloop
  endfacet
  facet normal 0 0 -1
    outer loop
      vertex 48.1627 21.7905 0
      vertex 65.15 10.4722 0
      vertex 64.7979 10.2021 0
    endloop
  endfacet
  facet normal 0 0 -1
    outer loop
      vertex 48.9059 27.4358 0
      vertex 65.56 41.3579 0
      vertex 49 26 0
    endloop
  endfacet
  facet normal 0 0 -1
    outer loop
      vertex 47.5263 20.5 0
      vertex 64.7979 10.2021 0
      vertex 64.5278 9.85 0
    endloop
  endfacet
  facet normal -0 0 -1
    outer loop
      vertex 65.56 41.3579 0
      vertex 48.9059 27.4358 0
      vertex 65.15 41.5278 0
    endloop
  endfacet
  facet normal 0 0 -1
    outer loop
      vertex 46.7269 19.3036 0
      vertex 64.5278 9.85 0
      vertex 64.3579 9.43999 0
    endloop
  endfacet
  facet normal 0 0 -1
    outer loop
      vertex 48.6252 28.847 0
      vertex 65.15 41.5278 0
      vertex 48.9059 27.4358 0
    endloop
  endfacet
  facet normal 0 0 -1
    outer loop
      vertex 45.7782 18.2218 0
      vertex 64.3579 9.43999 0
      vertex 64.3 9 0
    endloop
  endfacet
  facet normal 0 0 -1
    outer loop
      vertex 48.1627 30.2095 0
      vertex 65.15 41.5278 0
      vertex 48.6252 28.847 0
    endloop
  endfacet
  facet normal 0 0 -1
    outer loop
      vertex 72 0 0
      vertex 76 4 0
      vertex 75.8637 2.96472 0
    endloop
  endfacet
  facet normal 0 0 -1
    outer loop
      vertex 67.6421 9.43999 0
      vertex 76 4 0
      vertex 67.7 9 0
    endloop
  endfacet
  facet normal 0 0 -1
    outer loop
      vertex 72 0 0
      vertex 75.8637 2.96472 0
      vertex 75.4641 2 0
    endloop
  endfacet
  facet normal 0 0 -1
    outer loop
      vertex 67.4722 9.85 0
      vertex 76 4 0
      vertex 67.6421 9.43999 0
    endloop
  endfacet
  facet normal 0 0 -1
    outer loop
      vertex 72 0 0
      vertex 75.4641 2 0
      vertex 74.8284 1.17157 0
    endloop
  endfacet
  facet normal 0 0 -1
    outer loop
      vertex 67.6421 43.44 0
      vertex 76 48 0
      vertex 67.7 43 0
    endloop
  endfacet
  facet normal 0 0 -1
    outer loop
      vertex 72 0 0
      vertex 74.8284 1.17157 0
      vertex 74 0.535898 0
    endloop
  endfacet
  facet normal 0 0 -1
    outer loop
      vertex 67.4722 43.85 0
      vertex 76 48 0
      vertex 67.6421 43.44 0
    endloop
  endfacet
  facet normal 0 0 -1
    outer loop
      vertex 72 0 0
      vertex 74 0.535898 0
      vertex 73.0353 0.136296 0
    endloop
  endfacet
  facet normal 0 0 -1
    outer loop
      vertex 67.2021 44.2021 0
      vertex 76 48 0
      vertex 67.4722 43.85 0
    endloop
  endfacet
  facet normal 0 0 -1
    outer loop
      vertex 67.2021 7.79792 0
      vertex 76 4 0
      vertex 72 0 0
    endloop
  endfacet
  facet normal 0 0 -1
    outer loop
      vertex 76 48 0
      vertex 72 52 0
      vertex 75.8637 49.0353 0
    endloop
  endfacet
  facet normal 0 0 -1
    outer loop
      vertex 75.8637 49.0353 0
      vertex 72 52 0
      vertex 75.4641 50 0
    endloop
  endfacet
  facet normal 0 0 -1
    outer loop
      vertex 76 4 0
      vertex 67.6421 8.56001 0
      vertex 67.7 9 0
    endloop
  endfacet
  facet normal 0 0 -1
    outer loop
      vertex 76 4 0
      vertex 67.4722 8.15 0
      vertex 67.6421 8.56001 0
    endloop
  endfacet
  facet normal 0 0 -1
    outer loop
      vertex 76 4 0
      vertex 67.2021 7.79792 0
      vertex 67.4722 8.15 0
    endloop
  endfacet
  facet normal 0 0 -1
    outer loop
      vertex 72 0 0
      vertex 66.85 7.52776 0
      vertex 67.2021 7.79792 0
    endloop
  endfacet
  facet normal 0 0 -1
    outer loop
      vertex 72 0 0
      vertex 66.44 7.35793 0
      vertex 66.85 7.52776 0
    endloop
  endfacet
  facet normal 0 0 -1
    outer loop
      vertex 72 0 0
      vertex 66 7.3 0
      vertex 66.44 7.35793 0
    endloop
  endfacet
  facet normal 0 0 -1
    outer loop
      vertex 72 0 0
      vertex 65.56 7.35793 0
      vertex 66 7.3 0
    endloop
  endfacet
  facet normal 0 0 -1
    outer loop
      vertex 72 0 0
      vertex 65.15 7.52776 0
      vertex 65.56 7.35793 0
    endloop
  endfacet
  facet normal 0 0 -1
    outer loop
      vertex 72 0 0
      vertex 64.7979 7.79792 0
      vertex 65.15 7.52776 0
    endloop
  endfacet
  facet normal -0 0 -1
    outer loop
      vertex 65.15 41.5278 0
      vertex 48.1627 30.2095 0
      vertex 64.7979 41.7979 0
    endloop
  endfacet
  facet normal 0 0 -1
    outer loop
      vertex 44.6964 17.2731 0
      vertex 64.3 9 0
      vertex 64.3579 8.56001 0
    endloop
  endfacet
  facet normal 0 0 -1
    outer loop
      vertex 43.5 16.4737 0
      vertex 64.3579 8.56001 0
      vertex 64.5278 8.15 0
    endloop
  endfacet
  facet normal 0 0 -1
    outer loop
      vertex 40.847 15.3748 0
      vertex 64.5278 8.15 0
      vertex 64.7979 7.79792 0
    endloop
  endfacet
  facet normal 0 0 -1
    outer loop
      vertex 65.56 10.6421 0
      vertex 48.9059 24.5642 0
      vertex 49 26 0
    endloop
  endfacet
  facet normal 0 0 -1
    outer loop
      vertex 39.4358 15.0941 0
      vertex 64.7979 7.79792 0
      vertex 72 0 0
    endloop
  endfacet
  facet normal 0 0 -1
    outer loop
      vertex 65.15 10.4722 0
      vertex 48.6252 23.153 0
      vertex 48.9059 24.5642 0
    endloop
  endfacet
  facet normal 0 0 -1
    outer loop
      vertex 65.15 10.4722 0
      vertex 48.1627 21.7905 0
      vertex 48.6252 23.153 0
    endloop
  endfacet
  facet normal 0 0 -1
    outer loop
      vertex 64.7979 10.2021 0
      vertex 47.5263 20.5 0
      vertex 48.1627 21.7905 0
    endloop
  endfacet
  facet normal 0 0 -1
    outer loop
      vertex 64.5278 9.85 0
      vertex 46.7269 19.3036 0
      vertex 47.5263 20.5 0
    endloop
  endfacet
  facet normal 0 0 -1
    outer loop
      vertex 64.3579 9.43999 0
      vertex 45.7782 18.2218 0
      vertex 46.7269 19.3036 0
    endloop
  endfacet
  facet normal 0 0 -1
    outer loop
      vertex 64.3 9 0
      vertex 44.6964 17.2731 0
      vertex 45.7782 18.2218 0
    endloop
  endfacet
  facet normal 0 0 -1
    outer loop
      vertex 64.3579 8.56001 0
      vertex 43.5 16.4737 0
      vertex 44.6964 17.2731 0
    endloop
  endfacet
  facet normal 0 0 -1
    outer loop
      vertex 64.5278 8.15 0
      vertex 42.2095 15.8373 0
      vertex 43.5 16.4737 0
    endloop
  endfacet
  facet normal 0 0 -1
    outer loop
      vertex 64.5278 8.15 0
      vertex 40.847 15.3748 0
      vertex 42.2095 15.8373 0
    endloop
  endfacet
  facet normal 0 0 -1
    outer loop
      vertex 64.7979 7.79792 0
      vertex 39.4358 15.0941 0
      vertex 40.847 15.3748 0
    endloop
  endfacet
  facet normal 0 0 -1
    outer loop
      vertex 72 0 0
      vertex 38 15 0
      vertex 39.4358 15.0941 0
    endloop
  endfacet
  facet normal 0 0 -1
    outer loop
      vertex 4 0 0
      vertex 38 15 0
      vertex 72 0 0
    endloop
  endfacet
  facet normal -0 0 -1
    outer loop
      vertex 38 15 0
      vertex 4 0 0
      vertex 36.5642 15.0941 0
    endloop
  endfacet
  facet normal 0 -0 -1
    outer loop
      vertex 11.2021 7.79792 0
      vertex 36.5642 15.0941 0
      vertex 4 0 0
    endloop
  endfacet
  facet normal -0 0 -1
    outer loop
      vertex 28.4737 20.5 0
      vertex 11.2021 10.2021 0
      vertex 27.8373 21.7905 0
    endloop
  endfacet
  facet normal 0 0 -1
    outer loop
      vertex 11.2021 10.2021 0
      vertex 28.4737 20.5 0
      vertex 11.4722 9.85 0
    endloop
  endfacet
  facet normal -0 0 -1
    outer loop
      vertex 29.2731 19.3036 0
      vertex 11.4722 9.85 0
      vertex 28.4737 20.5 0
    endloop
  endfacet
  facet normal 0 0 -1
    outer loop
      vertex 11.4722 9.85 0
      vertex 29.2731 19.3036 0
      vertex 11.6421 9.43999 0
    endloop
  endfacet
  facet normal -0 0 -1
    outer loop
      vertex 30.2218 18.2218 0
      vertex 11.6421 9.43999 0
      vertex 29.2731 19.3036 0
    endloop
  endfacet
  facet normal 0 0 -1
    outer loop
      vertex 11.6421 9.43999 0
      vertex 30.2218 18.2218 0
      vertex 11.7 9 0
    endloop
  endfacet
  facet normal -0 0 -1
    outer loop
      vertex 31.3036 17.2731 0
      vertex 11.7 9 0
      vertex 30.2218 18.2218 0
    endloop
  endfacet
  facet normal 0 0 -1
    outer loop
      vertex 11.6421 8.56001 0
      vertex 31.3036 17.2731 0
      vertex 32.5 16.4737 0
    endloop
  endfacet
  facet normal 0 0 -1
    outer loop
      vertex 11.4722 8.15 0
      vertex 32.5 16.4737 0
      vertex 33.7905 15.8373 0
    endloop
  endfacet
  facet normal -0 0 -1
    outer loop
      vertex 36.5642 15.0941 0
      vertex 11.2021 7.79792 0
      vertex 35.153 15.3748 0
    endloop
  endfacet
  facet normal 0 0 -1
    outer loop
      vertex 31.3036 17.2731 0
      vertex 11.6421 8.56001 0
      vertex 11.7 9 0
    endloop
  endfacet
  facet normal 0 0 -1
    outer loop
      vertex 32.5 16.4737 0
      vertex 11.4722 8.15 0
      vertex 11.6421 8.56001 0
    endloop
  endfacet
  facet normal -0 0 -1
    outer loop
      vertex 35.153 15.3748 0
      vertex 11.4722 8.15 0
      vertex 33.7905 15.8373 0
    endloop
  endfacet
  facet normal 0 -0 -1
    outer loop
      vertex 11.4722 8.15 0
      vertex 35.153 15.3748 0
      vertex 11.2021 7.79792 0
    endloop
  endfacet
  facet normal 0 0 -1
    outer loop
      vertex 11.2021 7.79792 0
      vertex 4 0 0
      vertex 10.85 7.52776 0
    endloop
  endfacet
  facet normal 0 0 -1
    outer loop
      vertex 10.85 7.52776 0
      vertex 4 0 0
      vertex 10.44 7.35793 0
    endloop
  endfacet
  facet normal -0 0 -1
    outer loop
      vertex 8.35793 8.56001 0
      vertex 0 4 0
      vertex 8.3 9 0
    endloop
  endfacet
  facet normal -0 0 -1
    outer loop
      vertex 8.52776 8.15 0
      vertex 0 4 0
      vertex 8.35793 8.56001 0
    endloop
  endfacet
  facet normal -0 0 -1
    outer loop
      vertex 8.79792 7.79792 0
      vertex 0 4 0
      vertex 8.52776 8.15 0
    endloop
  endfacet
  facet normal 0 0 -1
    outer loop
      vertex 0 4 0
      vertex 8.79792 7.79792 0
      vertex 4 0 0
    endloop
  endfacet
  facet normal -0 0 -1
    outer loop
      vertex 9.15 7.52776 0
      vertex 4 0 0
      vertex 8.79792 7.79792 0
    endloop
  endfacet
  facet normal -0 0 -1
    outer loop
      vertex 9.56001 7.35793 0
      vertex 4 0 0
      vertex 9.15 7.52776 0
    endloop
  endfacet
  facet normal -0 0 -1
    outer loop
      vertex 10 7.3 0
      vertex 4 0 0
      vertex 9.56001 7.35793 0
    endloop
  endfacet
  facet normal 0 0 -1
    outer loop
      vertex 10.44 7.35793 0
      vertex 4 0 0
      vertex 10 7.3 0
    endloop
  endfacet
  facet normal 0 0 -1
    outer loop
      vertex 75.4641 50 0
      vertex 72 52 0
      vertex 74.8284 50.8284 0
    endloop
  endfacet
  facet normal 0 0 -1
    outer loop
      vertex 74.8284 50.8284 0
      vertex 72 52 0
      vertex 74 51.4641 0
    endloop
  endfacet
  facet normal 0 0 -1
    outer loop
      vertex 74 51.4641 0
      vertex 72 52 0
      vertex 73.0353 51.8637 0
    endloop
  endfacet
  facet normal -0 0 -1
    outer loop
      vertex 76 48 0
      vertex 67.2021 44.2021 0
      vertex 72 52 0
    endloop
  endfacet
  facet normal 0 0 -1
    outer loop
      vertex 66.85 44.4722 0
      vertex 72 52 0
      vertex 67.2021 44.2021 0
    endloop
  endfacet
  facet normal 0 0 -1
    outer loop
      vertex 66.44 44.6421 0
      vertex 72 52 0
      vertex 66.85 44.4722 0
    endloop
  endfacet
  facet normal 0 0 -1
    outer loop
      vertex 66 44.7 0
      vertex 72 52 0
      vertex 66.44 44.6421 0
    endloop
  endfacet
  facet normal 0 0 -1
    outer loop
      vertex 65.56 44.6421 0
      vertex 72 52 0
      vertex 66 44.7 0
    endloop
  endfacet
  facet normal 0 0 -1
    outer loop
      vertex 65.15 44.4722 0
      vertex 72 52 0
      vertex 65.56 44.6421 0
    endloop
  endfacet
  facet normal 0 0 -1
    outer loop
      vertex 64.7979 44.2021 0
      vertex 72 52 0
      vertex 65.15 44.4722 0
    endloop
  endfacet
  facet normal 0 0 -1
    outer loop
      vertex 47.5263 31.5 0
      vertex 64.7979 41.7979 0
      vertex 48.1627 30.2095 0
    endloop
  endfacet
  facet normal -0 0 -1
    outer loop
      vertex 64.7979 41.7979 0
      vertex 47.5263 31.5 0
      vertex 64.5278 42.15 0
    endloop
  endfacet
  facet normal 0 0 -1
    outer loop
      vertex 46.7269 32.6964 0
      vertex 64.5278 42.15 0
      vertex 47.5263 31.5 0
    endloop
  endfacet
  facet normal -0 0 -1
    outer loop
      vertex 64.5278 42.15 0
      vertex 46.7269 32.6964 0
      vertex 64.3579 42.56 0
    endloop
  endfacet
  facet normal 0 0 -1
    outer loop
      vertex 45.7782 33.7782 0
      vertex 64.3579 42.56 0
      vertex 46.7269 32.6964 0
    endloop
  endfacet
  facet normal -0 0 -1
    outer loop
      vertex 64.3579 42.56 0
      vertex 45.7782 33.7782 0
      vertex 64.3 43 0
    endloop
  endfacet
  facet normal 0 0 -1
    outer loop
      vertex 44.6964 34.7269 0
      vertex 64.3 43 0
      vertex 45.7782 33.7782 0
    endloop
  endfacet
  facet normal -0 0 -1
    outer loop
      vertex 64.3 43 0
      vertex 44.6964 34.7269 0
      vertex 64.3579 43.44 0
    endloop
  endfacet
  facet normal 0 0 -1
    outer loop
      vertex 43.5 35.5263 0
      vertex 64.3579 43.44 0
      vertex 44.6964 34.7269 0
    endloop
  endfacet
  facet normal -0 0 -1
    outer loop
      vertex 64.3579 43.44 0
      vertex 43.5 35.5263 0
      vertex 64.5278 43.85 0
    endloop
  endfacet
  facet normal 0 0 -1
    outer loop
      vertex 42.2095 36.1627 0
      vertex 64.5278 43.85 0
      vertex 43.5 35.5263 0
    endloop
  endfacet
  facet normal 0 0 -1
    outer loop
      vertex 40.847 36.6252 0
      vertex 64.5278 43.85 0
      vertex 42.2095 36.1627 0
    endloop
  endfacet
  facet normal -0 0 -1
    outer loop
      vertex 64.5278 43.85 0
      vertex 40.847 36.6252 0
      vertex 64.7979 44.2021 0
    endloop
  endfacet
  facet normal 0 0 -1
    outer loop
      vertex 39.4358 36.9059 0
      vertex 64.7979 44.2021 0
      vertex 40.847 36.6252 0
    endloop
  endfacet
  facet normal -0 0 -1
    outer loop
      vertex 64.7979 44.2021 0
      vertex 39.4358 36.9059 0
      vertex 72 52 0
    endloop
  endfacet
  facet normal 0 0 -1
    outer loop
      vertex 38 37 0
      vertex 72 52 0
      vertex 39.4358 36.9059 0
    endloop
  endfacet
  facet normal 0 0 -1
    outer loop
      vertex 4 52 0
      vertex 38 37 0
      vertex 36.5642 36.9059 0
    endloop
  endfacet
  facet normal 0 0 -1
    outer loop
      vertex 11.2021 44.2021 0
      vertex 36.5642 36.9059 0
      vertex 35.153 36.6252 0
    endloop
  endfacet
  facet normal 0 0 -1
    outer loop
      vertex 11.4722 43.85 0
      vertex 35.153 36.6252 0
      vertex 33.7905 36.1627 0
    endloop
  endfacet
  facet normal 0 0 -1
    outer loop
      vertex 10.85 10.4722 0
      vertex 27.8373 21.7905 0
      vertex 11.2021 10.2021 0
    endloop
  endfacet
  facet normal 0 0 -1
    outer loop
      vertex 27 26 0
      vertex 11.7 43 0
      vertex 27.0941 27.4358 0
    endloop
  endfacet
  facet normal 0 0 -1
    outer loop
      vertex 27.0941 27.4358 0
      vertex 11.7 43 0
      vertex 27.3748 28.847 0
    endloop
  endfacet
  facet normal 0 0 -1
    outer loop
      vertex 27.3748 28.847 0
      vertex 11.7 43 0
      vertex 27.8373 30.2095 0
    endloop
  endfacet
  facet normal 0 0 -1
    outer loop
      vertex 27.8373 30.2095 0
      vertex 11.7 43 0
      vertex 28.4737 31.5 0
    endloop
  endfacet
  facet normal 0 0 -1
    outer loop
      vertex 28.4737 31.5 0
      vertex 11.7 43 0
      vertex 29.2731 32.6964 0
    endloop
  endfacet
  facet normal 0 0 -1
    outer loop
      vertex 11.7 43 0
      vertex 30.2218 33.7782 0
      vertex 29.2731 32.6964 0
    endloop
  endfacet
  facet normal 0 0 -1
    outer loop
      vertex 11.7 43 0
      vertex 31.3036 34.7269 0
      vertex 30.2218 33.7782 0
    endloop
  endfacet
  facet normal 0 0 -1
    outer loop
      vertex 11.6421 43.44 0
      vertex 31.3036 34.7269 0
      vertex 11.7 43 0
    endloop
  endfacet
  facet normal 0 0 -1
    outer loop
      vertex 31.3036 34.7269 0
      vertex 11.6421 43.44 0
      vertex 32.5 35.5263 0
    endloop
  endfacet
  facet normal 0 0 -1
    outer loop
      vertex 11.4722 43.85 0
      vertex 32.5 35.5263 0
      vertex 11.6421 43.44 0
    endloop
  endfacet
  facet normal 0 0 -1
    outer loop
      vertex 32.5 35.5263 0
      vertex 11.4722 43.85 0
      vertex 33.7905 36.1627 0
    endloop
  endfacet
  facet normal 0 0 -1
    outer loop
      vertex 35.153 36.6252 0
      vertex 11.4722 43.85 0
      vertex 11.2021 44.2021 0
    endloop
  endfacet
  facet normal 0 0 -1
    outer loop
      vertex 36.5642 36.9059 0
      vertex 11.2021 44.2021 0
      vertex 4 52 0
    endloop
  endfacet
  facet normal 0 0 -1
    outer loop
      vertex 4 52 0
      vertex 11.2021 44.2021 0
      vertex 10.85 44.4722 0
    endloop
  endfacet
  facet normal 0 0 -1
    outer loop
      vertex 4 52 0
      vertex 10.85 44.4722 0
      vertex 10.44 44.6421 0
    endloop
  endfacet
  facet normal 0 0 -1
    outer loop
      vertex 4 52 0
      vertex 10.44 44.6421 0
      vertex 10 44.7 0
    endloop
  endfacet
  facet normal 0 0 -1
    outer loop
      vertex 38 37 0
      vertex 4 52 0
      vertex 72 52 0
    endloop
  endfacet
  facet normal 0 0 -1
    outer loop
      vertex 9.56001 44.6421 0
      vertex 4 52 0
      vertex 10 44.7 0
    endloop
  endfacet
  facet normal 0 0 -1
    outer loop
      vertex 9.15 44.4722 0
      vertex 4 52 0
      vertex 9.56001 44.6421 0
    endloop
  endfacet
  facet normal 0 0 -1
    outer loop
      vertex 8.79792 44.2021 0
      vertex 4 52 0
      vertex 9.15 44.4722 0
    endloop
  endfacet
  facet normal 0 0 -1
    outer loop
      vertex 0 48 0
      vertex 8.79792 44.2021 0
      vertex 8.52776 43.85 0
    endloop
  endfacet
  facet normal 0 0 -1
    outer loop
      vertex 0 48 0
      vertex 8.52776 43.85 0
      vertex 8.35793 43.44 0
    endloop
  endfacet
  facet normal 0 0 -1
    outer loop
      vertex 0 48 0
      vertex 8.35793 43.44 0
      vertex 8.3 43 0
    endloop
  endfacet
  facet normal 0 0 -1
    outer loop
      vertex 8.52776 42.15 0
      vertex 0 48 0
      vertex 8.35793 42.56 0
    endloop
  endfacet
  facet normal 0 0 -1
    outer loop
      vertex 0 4 0
      vertex 4 0 0
      vertex 2.96472 0.136296 0
    endloop
  endfacet
  facet normal 0 0 -1
    outer loop
      vertex 8.35793 42.56 0
      vertex 0 48 0
      vertex 8.3 43 0
    endloop
  endfacet
  facet normal 0 0 -1
    outer loop
      vertex 0 4 0
      vertex 2.96472 0.136296 0
      vertex 2 0.535898 0
    endloop
  endfacet
  facet normal 0 0 -1
    outer loop
      vertex 8.79792 44.2021 0
      vertex 0 48 0
      vertex 4 52 0
    endloop
  endfacet
  facet normal 0 0 -1
    outer loop
      vertex 0 4 0
      vertex 2 0.535898 0
      vertex 1.17157 1.17157 0
    endloop
  endfacet
  facet normal 0 0 -1
    outer loop
      vertex 4 52 0
      vertex 0 48 0
      vertex 2.96472 51.8637 0
    endloop
  endfacet
  facet normal 0 0 -1
    outer loop
      vertex 0 4 0
      vertex 1.17157 1.17157 0
      vertex 0.535898 2 0
    endloop
  endfacet
  facet normal 0 0 -1
    outer loop
      vertex 2.96472 51.8637 0
      vertex 0 48 0
      vertex 2 51.4641 0
    endloop
  endfacet
  facet normal 0 0 -1
    outer loop
      vertex 0 4 0
      vertex 0.535898 2 0
      vertex 0.136296 2.96472 0
    endloop
  endfacet
  facet normal 0 0 -1
    outer loop
      vertex 2 51.4641 0
      vertex 0 48 0
      vertex 1.17157 50.8284 0
    endloop
  endfacet
  facet normal 0 0 -1
    outer loop
      vertex 1.17157 50.8284 0
      vertex 0 48 0
      vertex 0.535898 50 0
    endloop
  endfacet
  facet normal 0 0 -1
    outer loop
      vertex 0.535898 50 0
      vertex 0 48 0
      vertex 0.136296 49.0353 0
    endloop
  endfacet
  facet normal -0.793345 0.608772 0
    outer loop
      vertex 0.535898 50 0
      vertex 1.17157 50.8284 4
      vertex 1.17157 50.8284 0
    endloop
  endfacet
  facet normal -0.793345 0.608772 0
    outer loop
      vertex 1.17157 50.8284 4
      vertex 0.535898 50 0
      vertex 0.535898 50 4
    endloop
  endfacet
  facet normal 0.38269 0.923877 -0
    outer loop
      vertex 74 51.4641 0
      vertex 73.0353 51.8637 4
      vertex 74 51.4641 4
    endloop
  endfacet
  facet normal 0.38269 0.923877 0
    outer loop
      vertex 73.0353 51.8637 4
      vertex 74 51.4641 0
      vertex 73.0353 51.8637 0
    endloop
  endfacet
  facet normal -0.991445 -0.130525 0
    outer loop
      vertex 0.136296 2.96472 0
      vertex 0 4 4
      vertex 0 4 0
    endloop
  endfacet
  facet normal -0.991445 -0.130525 0
    outer loop
      vertex 0 4 4
      vertex 0.136296 2.96472 0
      vertex 0.136296 2.96472 4
    endloop
  endfacet
  facet normal 0.793343 -0.608775 0
    outer loop
      vertex 74.8284 1.17157 4
      vertex 75.4641 2 0
      vertex 75.4641 2 4
    endloop
  endfacet
  facet normal 0.793343 -0.608775 0
    outer loop
      vertex 75.4641 2 0
      vertex 74.8284 1.17157 4
      vertex 74.8284 1.17157 0
    endloop
  endfacet
  facet normal -0.793356 -0.608759 0
    outer loop
      vertex 1.17157 1.17157 0
      vertex 0.535898 2 4
      vertex 0.535898 2 0
    endloop
  endfacet
  facet normal -0.793356 -0.608759 0
    outer loop
      vertex 0.535898 2 4
      vertex 1.17157 1.17157 0
      vertex 1.17157 1.17157 4
    endloop
  endfacet
  facet normal -0.382683 0.92388 0
    outer loop
      vertex 2.96472 51.8637 0
      vertex 2 51.4641 4
      vertex 2.96472 51.8637 4
    endloop
  endfacet
  facet normal -0.382683 0.92388 0
    outer loop
      vertex 2 51.4641 4
      vertex 2.96472 51.8637 0
      vertex 2 51.4641 0
    endloop
  endfacet
  facet normal -0.130529 0.991445 0
    outer loop
      vertex 4 52 0
      vertex 2.96472 51.8637 4
      vertex 4 52 4
    endloop
  endfacet
  facet normal -0.130529 0.991445 0
    outer loop
      vertex 2.96472 51.8637 4
      vertex 4 52 0
      vertex 2.96472 51.8637 0
    endloop
  endfacet
  facet normal 0.991445 0.130526 0
    outer loop
      vertex 76 48 4
      vertex 75.8637 49.0353 0
      vertex 75.8637 49.0353 4
    endloop
  endfacet
  facet normal 0.991445 0.130526 0
    outer loop
      vertex 75.8637 49.0353 0
      vertex 76 48 4
      vertex 76 48 0
    endloop
  endfacet
  facet normal 0.92388 -0.382683 0
    outer loop
      vertex 75.4641 2 4
      vertex 75.8637 2.96472 0
      vertex 75.8637 2.96472 4
    endloop
  endfacet
  facet normal 0.92388 -0.382683 0
    outer loop
      vertex 75.8637 2.96472 0
      vertex 75.4641 2 4
      vertex 75.4641 2 0
    endloop
  endfacet
  facet normal -0.991445 0.130523 0
    outer loop
      vertex 0 48 0
      vertex 0.136296 49.0353 4
      vertex 0.136296 49.0353 0
    endloop
  endfacet
  facet normal -0.991445 0.130523 0
    outer loop
      vertex 0.136296 49.0353 4
      vertex 0 48 0
      vertex 0 48 4
    endloop
  endfacet
  facet normal -0.923876 0.382692 0
    outer loop
      vertex 0.136296 49.0353 0
      vertex 0.535898 50 4
      vertex 0.535898 50 0
    endloop
  endfacet
  facet normal -0.923876 0.382692 0
    outer loop
      vertex 0.535898 50 4
      vertex 0.136296 49.0353 0
      vertex 0.136296 49.0353 4
    endloop
  endfacet
  facet normal -0.195087 0.980786 0
    outer loop
      vertex 40.847 15.3748 0
      vertex 39.4358 15.0941 4
      vertex 40.847 15.3748 4
    endloop
  endfacet
  facet normal -0.195087 0.980786 0
    outer loop
      vertex 39.4358 15.0941 4
      vertex 40.847 15.3748 0
      vertex 39.4358 15.0941 0
    endloop
  endfacet
  facet normal -0.980786 -0.195087 0
    outer loop
      vertex 48.9059 27.4358 0
      vertex 48.6252 28.847 4
      vertex 48.6252 28.847 0
    endloop
  endfacet
  facet normal -0.980786 -0.195087 0
    outer loop
      vertex 48.6252 28.847 4
      vertex 48.9059 27.4358 0
      vertex 48.9059 27.4358 4
    endloop
  endfacet
  facet normal -0.997859 -0.0653981 0
    outer loop
      vertex 49 26 0
      vertex 48.9059 27.4358 4
      vertex 48.9059 27.4358 0
    endloop
  endfacet
  facet normal -0.997859 -0.0653981 0
    outer loop
      vertex 48.9059 27.4358 4
      vertex 49 26 0
      vertex 49 26 4
    endloop
  endfacet
  facet normal 0.997859 0.0653981 0
    outer loop
      vertex 27.0941 24.5642 4
      vertex 27 26 0
      vertex 27 26 4
    endloop
  endfacet
  facet normal 0.997859 0.0653981 0
    outer loop
      vertex 27 26 0
      vertex 27.0941 24.5642 4
      vertex 27.0941 24.5642 0
    endloop
  endfacet
  facet normal 0.321435 0.946931 -0
    outer loop
      vertex 35.153 15.3748 0
      vertex 33.7905 15.8373 4
      vertex 35.153 15.3748 4
    endloop
  endfacet
  facet normal 0.321435 0.946931 0
    outer loop
      vertex 33.7905 15.8373 4
      vertex 35.153 15.3748 0
      vertex 33.7905 15.8373 0
    endloop
  endfacet
  facet normal 0.195087 0.980786 -0
    outer loop
      vertex 36.5642 15.0941 0
      vertex 35.153 15.3748 4
      vertex 36.5642 15.0941 4
    endloop
  endfacet
  facet normal 0.195087 0.980786 0
    outer loop
      vertex 35.153 15.3748 4
      vertex 36.5642 15.0941 0
      vertex 35.153 15.3748 0
    endloop
  endfacet
  facet normal -0.946931 0.321435 0
    outer loop
      vertex 48.1627 21.7905 0
      vertex 48.6252 23.153 4
      vertex 48.6252 23.153 0
    endloop
  endfacet
  facet normal -0.946931 0.321435 0
    outer loop
      vertex 48.6252 23.153 4
      vertex 48.1627 21.7905 0
      vertex 48.1627 21.7905 4
    endloop
  endfacet
  facet normal 0.997859 -0.0653981 0
    outer loop
      vertex 27 26 4
      vertex 27.0941 27.4358 0
      vertex 27.0941 27.4358 4
    endloop
  endfacet
  facet normal 0.997859 -0.0653981 0
    outer loop
      vertex 27.0941 27.4358 0
      vertex 27 26 4
      vertex 27 26 0
    endloop
  endfacet
  facet normal 0.0653981 0.997859 -0
    outer loop
      vertex 38 15 0
      vertex 36.5642 15.0941 4
      vertex 38 15 4
    endloop
  endfacet
  facet normal 0.0653981 0.997859 0
    outer loop
      vertex 36.5642 15.0941 4
      vertex 38 15 0
      vertex 36.5642 15.0941 0
    endloop
  endfacet
  facet normal 0.831472 -0.555566 0
    outer loop
      vertex 28.4737 31.5 4
      vertex 29.2731 32.6964 0
      vertex 29.2731 32.6964 4
    endloop
  endfacet
  facet normal 0.831472 -0.555566 0
    outer loop
      vertex 29.2731 32.6964 0
      vertex 28.4737 31.5 4
      vertex 28.4737 31.5 0
    endloop
  endfacet
  facet normal -0.980786 0.195087 0
    outer loop
      vertex 48.6252 23.153 0
      vertex 48.9059 24.5642 4
      vertex 48.9059 24.5642 0
    endloop
  endfacet
  facet normal -0.980786 0.195087 0
    outer loop
      vertex 48.9059 24.5642 4
      vertex 48.6252 23.153 0
      vertex 48.6252 23.153 4
    endloop
  endfacet
  facet normal 0.555566 0.831472 -0
    outer loop
      vertex 32.5 16.4737 0
      vertex 31.3036 17.2731 4
      vertex 32.5 16.4737 4
    endloop
  endfacet
  facet normal 0.555566 0.831472 0
    outer loop
      vertex 31.3036 17.2731 4
      vertex 32.5 16.4737 0
      vertex 31.3036 17.2731 0
    endloop
  endfacet
  facet normal -0.659341 0.751844 0
    outer loop
      vertex 45.7782 18.2218 0
      vertex 44.6964 17.2731 4
      vertex 45.7782 18.2218 4
    endloop
  endfacet
  facet normal -0.659341 0.751844 0
    outer loop
      vertex 44.6964 17.2731 4
      vertex 45.7782 18.2218 0
      vertex 44.6964 17.2731 0
    endloop
  endfacet
  facet normal 0.980786 0.195087 0
    outer loop
      vertex 27.3748 23.153 4
      vertex 27.0941 24.5642 0
      vertex 27.0941 24.5642 4
    endloop
  endfacet
  facet normal 0.980786 0.195087 0
    outer loop
      vertex 27.0941 24.5642 0
      vertex 27.3748 23.153 4
      vertex 27.3748 23.153 0
    endloop
  endfacet
  facet normal 0.195087 -0.980786 0
    outer loop
      vertex 35.153 36.6252 0
      vertex 36.5642 36.9059 4
      vertex 35.153 36.6252 4
    endloop
  endfacet
  facet normal 0.195087 -0.980786 0
    outer loop
      vertex 36.5642 36.9059 4
      vertex 35.153 36.6252 0
      vertex 36.5642 36.9059 0
    endloop
  endfacet
  facet normal -0.831472 -0.555566 0
    outer loop
      vertex 47.5263 31.5 0
      vertex 46.7269 32.6964 4
      vertex 46.7269 32.6964 0
    endloop
  endfacet
  facet normal -0.831472 -0.555566 0
    outer loop
      vertex 46.7269 32.6964 4
      vertex 47.5263 31.5 0
      vertex 47.5263 31.5 4
    endloop
  endfacet
  facet normal 0.751844 0.659341 0
    outer loop
      vertex 30.2218 18.2218 4
      vertex 29.2731 19.3036 0
      vertex 29.2731 19.3036 4
    endloop
  endfacet
  facet normal 0.751844 0.659341 0
    outer loop
      vertex 29.2731 19.3036 0
      vertex 30.2218 18.2218 4
      vertex 30.2218 18.2218 0
    endloop
  endfacet
  facet normal 0.555566 -0.831472 0
    outer loop
      vertex 31.3036 34.7269 0
      vertex 32.5 35.5263 4
      vertex 31.3036 34.7269 4
    endloop
  endfacet
  facet normal 0.555566 -0.831472 0
    outer loop
      vertex 32.5 35.5263 4
      vertex 31.3036 34.7269 0
      vertex 32.5 35.5263 0
    endloop
  endfacet
  facet normal -0.659341 -0.751844 0
    outer loop
      vertex 44.6964 34.7269 0
      vertex 45.7782 33.7782 4
      vertex 44.6964 34.7269 4
    endloop
  endfacet
  facet normal -0.659341 -0.751844 -0
    outer loop
      vertex 45.7782 33.7782 4
      vertex 44.6964 34.7269 0
      vertex 45.7782 33.7782 0
    endloop
  endfacet
  facet normal -0.442286 -0.896874 0
    outer loop
      vertex 42.2095 36.1627 0
      vertex 43.5 35.5263 4
      vertex 42.2095 36.1627 4
    endloop
  endfacet
  facet normal -0.442286 -0.896874 -0
    outer loop
      vertex 43.5 35.5263 4
      vertex 42.2095 36.1627 0
      vertex 43.5 35.5263 0
    endloop
  endfacet
  facet normal -0.896874 0.442286 0
    outer loop
      vertex 47.5263 20.5 0
      vertex 48.1627 21.7905 4
      vertex 48.1627 21.7905 0
    endloop
  endfacet
  facet normal -0.896874 0.442286 0
    outer loop
      vertex 48.1627 21.7905 4
      vertex 47.5263 20.5 0
      vertex 47.5263 20.5 4
    endloop
  endfacet
  facet normal -0.997859 0.0653981 0
    outer loop
      vertex 48.9059 24.5642 0
      vertex 49 26 4
      vertex 49 26 0
    endloop
  endfacet
  facet normal -0.997859 0.0653981 0
    outer loop
      vertex 49 26 4
      vertex 48.9059 24.5642 0
      vertex 48.9059 24.5642 4
    endloop
  endfacet
  facet normal 0.751844 -0.659341 0
    outer loop
      vertex 29.2731 32.6964 4
      vertex 30.2218 33.7782 0
      vertex 30.2218 33.7782 4
    endloop
  endfacet
  facet normal 0.751844 -0.659341 0
    outer loop
      vertex 30.2218 33.7782 0
      vertex 29.2731 32.6964 4
      vertex 29.2731 32.6964 0
    endloop
  endfacet
  facet normal -0.555566 -0.831472 0
    outer loop
      vertex 43.5 35.5263 0
      vertex 44.6964 34.7269 4
      vertex 43.5 35.5263 4
    endloop
  endfacet
  facet normal -0.555566 -0.831472 -0
    outer loop
      vertex 44.6964 34.7269 4
      vertex 43.5 35.5263 0
      vertex 44.6964 34.7269 0
    endloop
  endfacet
  facet normal 0.946931 -0.321435 0
    outer loop
      vertex 27.3748 28.847 4
      vertex 27.8373 30.2095 0
      vertex 27.8373 30.2095 4
    endloop
  endfacet
  facet normal 0.946931 -0.321435 0
    outer loop
      vertex 27.8373 30.2095 0
      vertex 27.3748 28.847 4
      vertex 27.3748 28.847 0
    endloop
  endfacet
  facet normal 0.831472 0.555566 0
    outer loop
      vertex 29.2731 19.3036 4
      vertex 28.4737 20.5 0
      vertex 28.4737 20.5 4
    endloop
  endfacet
  facet normal 0.831472 0.555566 0
    outer loop
      vertex 28.4737 20.5 0
      vertex 29.2731 19.3036 4
      vertex 29.2731 19.3036 0
    endloop
  endfacet
  facet normal -0.0653981 -0.997859 0
    outer loop
      vertex 38 37 0
      vertex 39.4358 36.9059 4
      vertex 38 37 4
    endloop
  endfacet
  facet normal -0.0653981 -0.997859 -0
    outer loop
      vertex 39.4358 36.9059 4
      vertex 38 37 0
      vertex 39.4358 36.9059 0
    endloop
  endfacet
  facet normal -0.321435 0.946931 0
    outer loop
      vertex 42.2095 15.8373 0
      vertex 40.847 15.3748 4
      vertex 42.2095 15.8373 4
    endloop
  endfacet
  facet normal -0.321435 0.946931 0
    outer loop
      vertex 40.847 15.3748 4
      vertex 42.2095 15.8373 0
      vertex 40.847 15.3748 0
    endloop
  endfacet
  facet normal 0.896874 0.442286 0
    outer loop
      vertex 28.4737 20.5 4
      vertex 27.8373 21.7905 0
      vertex 27.8373 21.7905 4
    endloop
  endfacet
  facet normal 0.896874 0.442286 0
    outer loop
      vertex 27.8373 21.7905 0
      vertex 28.4737 20.5 4
      vertex 28.4737 20.5 0
    endloop
  endfacet
  facet normal -0.555566 0.831472 0
    outer loop
      vertex 44.6964 17.2731 0
      vertex 43.5 16.4737 4
      vertex 44.6964 17.2731 4
    endloop
  endfacet
  facet normal -0.555566 0.831472 0
    outer loop
      vertex 43.5 16.4737 4
      vertex 44.6964 17.2731 0
      vertex 43.5 16.4737 0
    endloop
  endfacet
  facet normal 0.442286 -0.896874 0
    outer loop
      vertex 32.5 35.5263 0
      vertex 33.7905 36.1627 4
      vertex 32.5 35.5263 4
    endloop
  endfacet
  facet normal 0.442286 -0.896874 0
    outer loop
      vertex 33.7905 36.1627 4
      vertex 32.5 35.5263 0
      vertex 33.7905 36.1627 0
    endloop
  endfacet
  facet normal 0.0653981 -0.997859 0
    outer loop
      vertex 36.5642 36.9059 0
      vertex 38 37 4
      vertex 36.5642 36.9059 4
    endloop
  endfacet
  facet normal 0.0653981 -0.997859 0
    outer loop
      vertex 38 37 4
      vertex 36.5642 36.9059 0
      vertex 38 37 0
    endloop
  endfacet
  facet normal -0.195087 -0.980786 0
    outer loop
      vertex 39.4358 36.9059 0
      vertex 40.847 36.6252 4
      vertex 39.4358 36.9059 4
    endloop
  endfacet
  facet normal -0.195087 -0.980786 -0
    outer loop
      vertex 40.847 36.6252 4
      vertex 39.4358 36.9059 0
      vertex 40.847 36.6252 0
    endloop
  endfacet
  facet normal 0.659341 0.751844 -0
    outer loop
      vertex 31.3036 17.2731 0
      vertex 30.2218 18.2218 4
      vertex 31.3036 17.2731 4
    endloop
  endfacet
  facet normal 0.659341 0.751844 0
    outer loop
      vertex 30.2218 18.2218 4
      vertex 31.3036 17.2731 0
      vertex 30.2218 18.2218 0
    endloop
  endfacet
  facet normal -0.751844 0.659341 0
    outer loop
      vertex 45.7782 18.2218 0
      vertex 46.7269 19.3036 4
      vertex 46.7269 19.3036 0
    endloop
  endfacet
  facet normal -0.751844 0.659341 0
    outer loop
      vertex 46.7269 19.3036 4
      vertex 45.7782 18.2218 0
      vertex 45.7782 18.2218 4
    endloop
  endfacet
  facet normal -0.321435 -0.946931 0
    outer loop
      vertex 40.847 36.6252 0
      vertex 42.2095 36.1627 4
      vertex 40.847 36.6252 4
    endloop
  endfacet
  facet normal -0.321435 -0.946931 -0
    outer loop
      vertex 42.2095 36.1627 4
      vertex 40.847 36.6252 0
      vertex 42.2095 36.1627 0
    endloop
  endfacet
  facet normal 0.946931 0.321435 0
    outer loop
      vertex 27.8373 21.7905 4
      vertex 27.3748 23.153 0
      vertex 27.3748 23.153 4
    endloop
  endfacet
  facet normal 0.946931 0.321435 0
    outer loop
      vertex 27.3748 23.153 0
      vertex 27.8373 21.7905 4
      vertex 27.8373 21.7905 0
    endloop
  endfacet
  facet normal -0.831472 0.555566 0
    outer loop
      vertex 46.7269 19.3036 0
      vertex 47.5263 20.5 4
      vertex 47.5263 20.5 0
    endloop
  endfacet
  facet normal -0.831472 0.555566 0
    outer loop
      vertex 47.5263 20.5 4
      vertex 46.7269 19.3036 0
      vertex 46.7269 19.3036 4
    endloop
  endfacet
  facet normal 0.980786 -0.195087 0
    outer loop
      vertex 27.0941 27.4358 4
      vertex 27.3748 28.847 0
      vertex 27.3748 28.847 4
    endloop
  endfacet
  facet normal 0.980786 -0.195087 0
    outer loop
      vertex 27.3748 28.847 0
      vertex 27.0941 27.4358 4
      vertex 27.0941 27.4358 0
    endloop
  endfacet
  facet normal -0.896874 -0.442286 0
    outer loop
      vertex 48.1627 30.2095 0
      vertex 47.5263 31.5 4
      vertex 47.5263 31.5 0
    endloop
  endfacet
  facet normal -0.896874 -0.442286 0
    outer loop
      vertex 47.5263 31.5 4
      vertex 48.1627 30.2095 0
      vertex 48.1627 30.2095 4
    endloop
  endfacet
  facet normal -0.0653981 0.997859 0
    outer loop
      vertex 39.4358 15.0941 0
      vertex 38 15 4
      vertex 39.4358 15.0941 4
    endloop
  endfacet
  facet normal -0.0653981 0.997859 0
    outer loop
      vertex 38 15 4
      vertex 39.4358 15.0941 0
      vertex 38 15 0
    endloop
  endfacet
  facet normal -0.751844 -0.659341 0
    outer loop
      vertex 46.7269 32.6964 0
      vertex 45.7782 33.7782 4
      vertex 45.7782 33.7782 0
    endloop
  endfacet
  facet normal -0.751844 -0.659341 0
    outer loop
      vertex 45.7782 33.7782 4
      vertex 46.7269 32.6964 0
      vertex 46.7269 32.6964 4
    endloop
  endfacet
  facet normal -0.946931 -0.321435 0
    outer loop
      vertex 48.6252 28.847 0
      vertex 48.1627 30.2095 4
      vertex 48.1627 30.2095 0
    endloop
  endfacet
  facet normal -0.946931 -0.321435 0
    outer loop
      vertex 48.1627 30.2095 4
      vertex 48.6252 28.847 0
      vertex 48.6252 28.847 4
    endloop
  endfacet
  facet normal 0.442286 0.896874 -0
    outer loop
      vertex 33.7905 15.8373 0
      vertex 32.5 16.4737 4
      vertex 33.7905 15.8373 4
    endloop
  endfacet
  facet normal 0.442286 0.896874 0
    outer loop
      vertex 32.5 16.4737 4
      vertex 33.7905 15.8373 0
      vertex 32.5 16.4737 0
    endloop
  endfacet
  facet normal 0.896874 -0.442286 0
    outer loop
      vertex 27.8373 30.2095 4
      vertex 28.4737 31.5 0
      vertex 28.4737 31.5 4
    endloop
  endfacet
  facet normal 0.896874 -0.442286 0
    outer loop
      vertex 28.4737 31.5 0
      vertex 27.8373 30.2095 4
      vertex 27.8373 30.2095 0
    endloop
  endfacet
  facet normal 0.321435 -0.946931 0
    outer loop
      vertex 33.7905 36.1627 0
      vertex 35.153 36.6252 4
      vertex 33.7905 36.1627 4
    endloop
  endfacet
  facet normal 0.321435 -0.946931 0
    outer loop
      vertex 35.153 36.6252 4
      vertex 33.7905 36.1627 0
      vertex 35.153 36.6252 0
    endloop
  endfacet
  facet normal -0.442286 0.896874 0
    outer loop
      vertex 43.5 16.4737 0
      vertex 42.2095 15.8373 4
      vertex 43.5 16.4737 4
    endloop
  endfacet
  facet normal -0.442286 0.896874 0
    outer loop
      vertex 42.2095 15.8373 4
      vertex 43.5 16.4737 0
      vertex 42.2095 15.8373 0
    endloop
  endfacet
  facet normal 0.659341 -0.751844 0
    outer loop
      vertex 30.2218 33.7782 0
      vertex 31.3036 34.7269 4
      vertex 30.2218 33.7782 4
    endloop
  endfacet
  facet normal 0.659341 -0.751844 0
    outer loop
      vertex 31.3036 34.7269 4
      vertex 30.2218 33.7782 0
      vertex 31.3036 34.7269 0
    endloop
  endfacet
endsolid OpenSCAD_Model
