solid OpenSCAD_Model
  facet normal 0.991445 -0.130529 0
    outer loop
      vertex 71.8637 2.96472 12
      vertex 72 4 0
      vertex 72 4 12
    endloop
  endfacet
  facet normal 0.991445 -0.130529 0
    outer loop
      vertex 72 4 0
      vertex 71.8637 2.96472 12
      vertex 71.8637 2.96472 0
    endloop
  endfacet
  facet normal 0.92388 -0.382683 0
    outer loop
      vertex 71.4641 2 12
      vertex 71.8637 2.96472 0
      vertex 71.8637 2.96472 12
    endloop
  endfacet
  facet normal 0.92388 -0.382683 0
    outer loop
      vertex 71.8637 2.96472 0
      vertex 71.4641 2 12
      vertex 71.4641 2 0
    endloop
  endfacet
  facet normal 0 1 -0
    outer loop
      vertex 68 92 0
      vertex 4 92 12
      vertex 68 92 12
    endloop
  endfacet
  facet normal 0 1 0
    outer loop
      vertex 4 92 12
      vertex 68 92 0
      vertex 4 92 0
    endloop
  endfacet
  facet normal 0 -1 0
    outer loop
      vertex 4 0 0
      vertex 68 0 12
      vertex 4 0 12
    endloop
  endfacet
  facet normal 0 -1 -0
    outer loop
      vertex 68 0 12
      vertex 4 0 0
      vertex 68 0 0
    endloop
  endfacet
  facet normal -1 0 0
    outer loop
      vertex 0 4 0
      vertex 0 88 12
      vertex 0 88 0
    endloop
  endfacet
  facet normal -1 -0 0
    outer loop
      vertex 0 88 12
      vertex 0 4 0
      vertex 0 4 12
    endloop
  endfacet
  facet normal 0.382692 -0.923876 0
    outer loop
      vertex 69.0353 0.136296 0
      vertex 70 0.535898 12
      vertex 69.0353 0.136296 12
    endloop
  endfacet
  facet normal 0.382692 -0.923876 0
    outer loop
      vertex 70 0.535898 12
      vertex 69.0353 0.136296 0
      vertex 70 0.535898 0
    endloop
  endfacet
  facet normal -0.130525 -0.991445 0
    outer loop
      vertex 2.96472 0.136296 0
      vertex 4 0 12
      vertex 2.96472 0.136296 12
    endloop
  endfacet
  facet normal -0.130525 -0.991445 -0
    outer loop
      vertex 4 0 12
      vertex 2.96472 0.136296 0
      vertex 4 0 0
    endloop
  endfacet
  facet normal -0.793345 0.608772 0
    outer loop
      vertex 0.535898 90 0
      vertex 1.17157 90.8284 12
      vertex 1.17157 90.8284 0
    endloop
  endfacet
  facet normal -0.793345 0.608772 0
    outer loop
      vertex 1.17157 90.8284 12
      vertex 0.535898 90 0
      vertex 0.535898 90 12
    endloop
  endfacet
  facet normal 1 -0 0
    outer loop
      vertex 72 4 12
      vertex 72 88 0
      vertex 72 88 12
    endloop
  endfacet
  facet normal 1 0 0
    outer loop
      vertex 72 88 0
      vertex 72 4 12
      vertex 72 4 0
    endloop
  endfacet
  facet normal -0.991445 -0.130525 0
    outer loop
      vertex 0.136296 2.96472 0
      vertex 0 4 12
      vertex 0 4 0
    endloop
  endfacet
  facet normal -0.991445 -0.130525 0
    outer loop
      vertex 0 4 12
      vertex 0.136296 2.96472 0
      vertex 0.136296 2.96472 12
    endloop
  endfacet
  facet normal 0.608772 -0.793345 0
    outer loop
      vertex 70 0.535898 0
      vertex 70.8284 1.17157 12
      vertex 70 0.535898 12
    endloop
  endfacet
  facet normal 0.608772 -0.793345 0
    outer loop
      vertex 70.8284 1.17157 12
      vertex 70 0.535898 0
      vertex 70.8284 1.17157 0
    endloop
  endfacet
  facet normal 0.991445 0.130526 0
    outer loop
      vertex 72 88 12
      vertex 71.8637 89.0353 0
      vertex 71.8637 89.0353 12
    endloop
  endfacet
  facet normal 0.991445 0.130526 0
    outer loop
      vertex 71.8637 89.0353 0
      vertex 72 88 12
      vertex 72 88 0
    endloop
  endfacet
  facet normal -0.608759 -0.793356 0
    outer loop
      vertex 1.17157 1.17157 0
      vertex 2 0.535898 12
      vertex 1.17157 1.17157 12
    endloop
  endfacet
  facet normal -0.608759 -0.793356 -0
    outer loop
      vertex 2 0.535898 12
      vertex 1.17157 1.17157 0
      vertex 2 0.535898 0
    endloop
  endfacet
  facet normal -0.608775 0.793343 0
    outer loop
      vertex 2 91.4641 0
      vertex 1.17157 90.8284 12
      vertex 2 91.4641 12
    endloop
  endfacet
  facet normal -0.608775 0.793343 0
    outer loop
      vertex 1.17157 90.8284 12
      vertex 2 91.4641 0
      vertex 1.17157 90.8284 0
    endloop
  endfacet
  facet normal -0.923876 0.382692 0
    outer loop
      vertex 0.136296 89.0353 0
      vertex 0.535898 90 12
      vertex 0.535898 90 0
    endloop
  endfacet
  facet normal -0.923876 0.382692 0
    outer loop
      vertex 0.535898 90 12
      vertex 0.136296 89.0353 0
      vertex 0.136296 89.0353 12
    endloop
  endfacet
  facet normal 0.793343 -0.608775 0
    outer loop
      vertex 70.8284 1.17157 12
      vertex 71.4641 2 0
      vertex 71.4641 2 12
    endloop
  endfacet
  facet normal 0.793343 -0.608775 0
    outer loop
      vertex 71.4641 2 0
      vertex 70.8284 1.17157 12
      vertex 70.8284 1.17157 0
    endloop
  endfacet
  facet normal -0.991445 0.130523 0
    outer loop
      vertex 0 88 0
      vertex 0.136296 89.0353 12
      vertex 0.136296 89.0353 0
    endloop
  endfacet
  facet normal -0.991445 0.130523 0
    outer loop
      vertex 0.136296 89.0353 12
      vertex 0 88 0
      vertex 0 88 12
    endloop
  endfacet
  facet normal -0.793356 -0.608759 0
    outer loop
      vertex 1.17157 1.17157 0
      vertex 0.535898 2 12
      vertex 0.535898 2 0
    endloop
  endfacet
  facet normal -0.793356 -0.608759 0
    outer loop
      vertex 0.535898 2 12
      vertex 1.17157 1.17157 0
      vertex 1.17157 1.17157 12
    endloop
  endfacet
  facet normal -0.130529 0.991445 0
    outer loop
      vertex 4 92 0
      vertex 2.96472 91.8637 12
      vertex 4 92 12
    endloop
  endfacet
  facet normal -0.130529 0.991445 0
    outer loop
      vertex 2.96472 91.8637 12
      vertex 4 92 0
      vertex 2.96472 91.8637 0
    endloop
  endfacet
  facet normal -0.382683 0.92388 0
    outer loop
      vertex 2.96472 91.8637 0
      vertex 2 91.4641 12
      vertex 2.96472 91.8637 12
    endloop
  endfacet
  facet normal -0.382683 0.92388 0
    outer loop
      vertex 2 91.4641 12
      vertex 2.96472 91.8637 0
      vertex 2 91.4641 0
    endloop
  endfacet
  facet normal -0.382685 -0.923879 0
    outer loop
      vertex 2 0.535898 0
      vertex 2.96472 0.136296 12
      vertex 2 0.535898 12
    endloop
  endfacet
  facet normal -0.382685 -0.923879 -0
    outer loop
      vertex 2.96472 0.136296 12
      vertex 2 0.535898 0
      vertex 2.96472 0.136296 0
    endloop
  endfacet
  facet normal 0.608789 0.793332 -0
    outer loop
      vertex 70.8284 90.8284 0
      vertex 70 91.4641 12
      vertex 70.8284 90.8284 12
    endloop
  endfacet
  facet normal 0.608789 0.793332 0
    outer loop
      vertex 70 91.4641 12
      vertex 70.8284 90.8284 0
      vertex 70 91.4641 0
    endloop
  endfacet
  facet normal 0.38269 0.923877 -0
    outer loop
      vertex 70 91.4641 0
      vertex 69.0353 91.8637 12
      vertex 70 91.4641 12
    endloop
  endfacet
  facet normal 0.38269 0.923877 0
    outer loop
      vertex 69.0353 91.8637 12
      vertex 70 91.4641 0
      vertex 69.0353 91.8637 0
    endloop
  endfacet
  facet normal 0.130523 -0.991445 0
    outer loop
      vertex 68 0 0
      vertex 69.0353 0.136296 12
      vertex 68 0 12
    endloop
  endfacet
  facet normal 0.130523 -0.991445 0
    outer loop
      vertex 69.0353 0.136296 12
      vertex 68 0 0
      vertex 69.0353 0.136296 0
    endloop
  endfacet
  facet normal 0.793332 0.608789 0
    outer loop
      vertex 71.4641 90 12
      vertex 70.8284 90.8284 0
      vertex 70.8284 90.8284 12
    endloop
  endfacet
  facet normal 0.793332 0.608789 0
    outer loop
      vertex 70.8284 90.8284 0
      vertex 71.4641 90 12
      vertex 71.4641 90 0
    endloop
  endfacet
  facet normal 0.130526 0.991445 -0
    outer loop
      vertex 69.0353 91.8637 0
      vertex 68 92 12
      vertex 69.0353 91.8637 12
    endloop
  endfacet
  facet normal 0.130526 0.991445 0
    outer loop
      vertex 68 92 12
      vertex 69.0353 91.8637 0
      vertex 68 92 0
    endloop
  endfacet
  facet normal 0 0 -1
    outer loop
      vertex 14.6421 78.56 0
      vertex 57.3579 78.56 0
      vertex 14.6421 61.44 0
    endloop
  endfacet
  facet normal 0 0 -1
    outer loop
      vertex 57.3579 78.56 0
      vertex 14.6421 78.56 0
      vertex 14.7 79 0
    endloop
  endfacet
  facet normal 0 0 -1
    outer loop
      vertex 14.4722 61.85 0
      vertex 14.6421 78.56 0
      vertex 14.6421 61.44 0
    endloop
  endfacet
  facet normal 0 0 -1
    outer loop
      vertex 14.4722 61.85 0
      vertex 14.4722 78.15 0
      vertex 14.6421 78.56 0
    endloop
  endfacet
  facet normal 0 0 -1
    outer loop
      vertex 14.2021 62.2021 0
      vertex 14.4722 78.15 0
      vertex 14.4722 61.85 0
    endloop
  endfacet
  facet normal 0 0 -1
    outer loop
      vertex 14.2021 62.2021 0
      vertex 14.2021 77.7979 0
      vertex 14.4722 78.15 0
    endloop
  endfacet
  facet normal 0 0 -1
    outer loop
      vertex 13.85 62.4722 0
      vertex 14.2021 77.7979 0
      vertex 14.2021 62.2021 0
    endloop
  endfacet
  facet normal 0 0 -1
    outer loop
      vertex 13.85 62.4722 0
      vertex 13.85 77.5278 0
      vertex 14.2021 77.7979 0
    endloop
  endfacet
  facet normal 0 0 -1
    outer loop
      vertex 13.44 62.6421 0
      vertex 13.85 77.5278 0
      vertex 13.85 62.4722 0
    endloop
  endfacet
  facet normal 0 0 -1
    outer loop
      vertex 13.44 62.6421 0
      vertex 13.44 77.3579 0
      vertex 13.85 77.5278 0
    endloop
  endfacet
  facet normal 0 0 -1
    outer loop
      vertex 13 62.7 0
      vertex 13.44 77.3579 0
      vertex 13.44 62.6421 0
    endloop
  endfacet
  facet normal 0 0 -1
    outer loop
      vertex 13 62.7 0
      vertex 13 77.3 0
      vertex 13.44 77.3579 0
    endloop
  endfacet
  facet normal 0 0 -1
    outer loop
      vertex 12.56 62.6421 0
      vertex 13 77.3 0
      vertex 13 62.7 0
    endloop
  endfacet
  facet normal 0 0 -1
    outer loop
      vertex 12.56 62.6421 0
      vertex 12.56 77.3579 0
      vertex 13 77.3 0
    endloop
  endfacet
  facet normal 0 0 -1
    outer loop
      vertex 12.15 62.4722 0
      vertex 12.56 77.3579 0
      vertex 12.56 62.6421 0
    endloop
  endfacet
  facet normal 0 0 -1
    outer loop
      vertex 12.15 62.4722 0
      vertex 12.15 77.5278 0
      vertex 12.56 77.3579 0
    endloop
  endfacet
  facet normal 0 0 -1
    outer loop
      vertex 11.7979 62.2021 0
      vertex 12.15 77.5278 0
      vertex 12.15 62.4722 0
    endloop
  endfacet
  facet normal 0 0 -1
    outer loop
      vertex 11.7979 62.2021 0
      vertex 11.7979 77.7979 0
      vertex 12.15 77.5278 0
    endloop
  endfacet
  facet normal 0 0 -1
    outer loop
      vertex 11.5278 61.85 0
      vertex 11.7979 77.7979 0
      vertex 11.7979 62.2021 0
    endloop
  endfacet
  facet normal 0 0 -1
    outer loop
      vertex 11.5278 61.85 0
      vertex 11.5278 78.15 0
      vertex 11.7979 77.7979 0
    endloop
  endfacet
  facet normal 0 0 -1
    outer loop
      vertex 0 88 0
      vertex 11.5278 61.85 0
      vertex 11.3579 61.44 0
    endloop
  endfacet
  facet normal 0 0 -1
    outer loop
      vertex 11.5278 61.85 0
      vertex 0 88 0
      vertex 11.5278 78.15 0
    endloop
  endfacet
  facet normal 0 0 -1
    outer loop
      vertex 0 88 0
      vertex 11.3579 61.44 0
      vertex 11.3 61 0
    endloop
  endfacet
  facet normal 0 0 -1
    outer loop
      vertex 11.5278 78.15 0
      vertex 0 88 0
      vertex 11.3579 78.56 0
    endloop
  endfacet
  facet normal 0 0 -1
    outer loop
      vertex 14.6421 52.56 0
      vertex 57.3579 52.56 0
      vertex 14.6421 39.44 0
    endloop
  endfacet
  facet normal 0 0 -1
    outer loop
      vertex 57.3579 52.56 0
      vertex 14.6421 52.56 0
      vertex 14.7 53 0
    endloop
  endfacet
  facet normal 0 0 -1
    outer loop
      vertex 14.4722 39.85 0
      vertex 14.6421 52.56 0
      vertex 14.6421 39.44 0
    endloop
  endfacet
  facet normal 0 0 -1
    outer loop
      vertex 14.4722 39.85 0
      vertex 14.4722 52.15 0
      vertex 14.6421 52.56 0
    endloop
  endfacet
  facet normal 0 0 -1
    outer loop
      vertex 14.2021 40.2021 0
      vertex 14.4722 52.15 0
      vertex 14.4722 39.85 0
    endloop
  endfacet
  facet normal 0 0 -1
    outer loop
      vertex 14.2021 40.2021 0
      vertex 14.2021 51.7979 0
      vertex 14.4722 52.15 0
    endloop
  endfacet
  facet normal 0 0 -1
    outer loop
      vertex 13.85 40.4722 0
      vertex 14.2021 51.7979 0
      vertex 14.2021 40.2021 0
    endloop
  endfacet
  facet normal 0 0 -1
    outer loop
      vertex 13.85 40.4722 0
      vertex 13.85 51.5278 0
      vertex 14.2021 51.7979 0
    endloop
  endfacet
  facet normal 0 0 -1
    outer loop
      vertex 13.44 40.6421 0
      vertex 13.85 51.5278 0
      vertex 13.85 40.4722 0
    endloop
  endfacet
  facet normal 0 0 -1
    outer loop
      vertex 13.44 40.6421 0
      vertex 13.44 51.3579 0
      vertex 13.85 51.5278 0
    endloop
  endfacet
  facet normal 0 0 -1
    outer loop
      vertex 13 40.7 0
      vertex 13.44 51.3579 0
      vertex 13.44 40.6421 0
    endloop
  endfacet
  facet normal 0 0 -1
    outer loop
      vertex 13 40.7 0
      vertex 13 51.3 0
      vertex 13.44 51.3579 0
    endloop
  endfacet
  facet normal 0 0 -1
    outer loop
      vertex 12.56 40.6421 0
      vertex 13 51.3 0
      vertex 13 40.7 0
    endloop
  endfacet
  facet normal 0 0 -1
    outer loop
      vertex 12.56 40.6421 0
      vertex 12.56 51.3579 0
      vertex 13 51.3 0
    endloop
  endfacet
  facet normal 0 0 -1
    outer loop
      vertex 12.15 40.4722 0
      vertex 12.56 51.3579 0
      vertex 12.56 40.6421 0
    endloop
  endfacet
  facet normal 0 0 -1
    outer loop
      vertex 12.15 40.4722 0
      vertex 12.15 51.5278 0
      vertex 12.56 51.3579 0
    endloop
  endfacet
  facet normal 0 0 -1
    outer loop
      vertex 11.7979 40.2021 0
      vertex 12.15 51.5278 0
      vertex 12.15 40.4722 0
    endloop
  endfacet
  facet normal 0 0 -1
    outer loop
      vertex 11.7979 40.2021 0
      vertex 11.7979 51.7979 0
      vertex 12.15 51.5278 0
    endloop
  endfacet
  facet normal 0 0 -1
    outer loop
      vertex 11.5278 39.85 0
      vertex 11.7979 51.7979 0
      vertex 11.7979 40.2021 0
    endloop
  endfacet
  facet normal 0 0 -1
    outer loop
      vertex 11.5278 39.85 0
      vertex 11.5278 52.15 0
      vertex 11.7979 51.7979 0
    endloop
  endfacet
  facet normal 0 0 -1
    outer loop
      vertex 11.3579 39.44 0
      vertex 11.5278 52.15 0
      vertex 11.5278 39.85 0
    endloop
  endfacet
  facet normal 0 0 -1
    outer loop
      vertex 11.3579 39.44 0
      vertex 11.3579 52.56 0
      vertex 11.5278 52.15 0
    endloop
  endfacet
  facet normal 0 0 -1
    outer loop
      vertex 11.3 39 0
      vertex 11.3579 52.56 0
      vertex 11.3579 39.44 0
    endloop
  endfacet
  facet normal -0 0 -1
    outer loop
      vertex 11.3579 52.56 0
      vertex 11.3 39 0
      vertex 11.3 53 0
    endloop
  endfacet
  facet normal 0 0 -1
    outer loop
      vertex 14.6421 30.56 0
      vertex 57.3579 13.44 0
      vertex 14.6421 13.44 0
    endloop
  endfacet
  facet normal 0 0 -1
    outer loop
      vertex 57.3579 13.44 0
      vertex 14.6421 30.56 0
      vertex 14.7 31 0
    endloop
  endfacet
  facet normal 0 0 -1
    outer loop
      vertex 14.4722 13.85 0
      vertex 14.6421 30.56 0
      vertex 14.6421 13.44 0
    endloop
  endfacet
  facet normal 0 0 -1
    outer loop
      vertex 14.4722 13.85 0
      vertex 14.4722 30.15 0
      vertex 14.6421 30.56 0
    endloop
  endfacet
  facet normal 0 0 -1
    outer loop
      vertex 14.2021 14.2021 0
      vertex 14.4722 30.15 0
      vertex 14.4722 13.85 0
    endloop
  endfacet
  facet normal 0 0 -1
    outer loop
      vertex 14.2021 14.2021 0
      vertex 14.2021 29.7979 0
      vertex 14.4722 30.15 0
    endloop
  endfacet
  facet normal 0 0 -1
    outer loop
      vertex 13.85 14.4722 0
      vertex 14.2021 29.7979 0
      vertex 14.2021 14.2021 0
    endloop
  endfacet
  facet normal 0 0 -1
    outer loop
      vertex 13.85 14.4722 0
      vertex 13.85 29.5278 0
      vertex 14.2021 29.7979 0
    endloop
  endfacet
  facet normal 0 0 -1
    outer loop
      vertex 13.44 14.6421 0
      vertex 13.85 29.5278 0
      vertex 13.85 14.4722 0
    endloop
  endfacet
  facet normal 0 0 -1
    outer loop
      vertex 13.44 14.6421 0
      vertex 13.44 29.3579 0
      vertex 13.85 29.5278 0
    endloop
  endfacet
  facet normal 0 0 -1
    outer loop
      vertex 13 14.7 0
      vertex 13.44 29.3579 0
      vertex 13.44 14.6421 0
    endloop
  endfacet
  facet normal 0 0 -1
    outer loop
      vertex 13 14.7 0
      vertex 13 29.3 0
      vertex 13.44 29.3579 0
    endloop
  endfacet
  facet normal 0 0 -1
    outer loop
      vertex 12.56 14.6421 0
      vertex 13 29.3 0
      vertex 13 14.7 0
    endloop
  endfacet
  facet normal 0 0 -1
    outer loop
      vertex 12.56 14.6421 0
      vertex 12.56 29.3579 0
      vertex 13 29.3 0
    endloop
  endfacet
  facet normal 0 0 -1
    outer loop
      vertex 12.15 14.4722 0
      vertex 12.56 29.3579 0
      vertex 12.56 14.6421 0
    endloop
  endfacet
  facet normal 0 0 -1
    outer loop
      vertex 12.15 14.4722 0
      vertex 12.15 29.5278 0
      vertex 12.56 29.3579 0
    endloop
  endfacet
  facet normal 0 0 -1
    outer loop
      vertex 11.7979 14.2021 0
      vertex 12.15 29.5278 0
      vertex 12.15 14.4722 0
    endloop
  endfacet
  facet normal 0 0 -1
    outer loop
      vertex 11.7979 14.2021 0
      vertex 11.7979 29.7979 0
      vertex 12.15 29.5278 0
    endloop
  endfacet
  facet normal 0 0 -1
    outer loop
      vertex 11.5278 13.85 0
      vertex 11.7979 29.7979 0
      vertex 11.7979 14.2021 0
    endloop
  endfacet
  facet normal 0 0 -1
    outer loop
      vertex 11.5278 13.85 0
      vertex 11.5278 30.15 0
      vertex 11.7979 29.7979 0
    endloop
  endfacet
  facet normal 0 0 -1
    outer loop
      vertex 0 4 0
      vertex 11.5278 13.85 0
      vertex 11.3579 13.44 0
    endloop
  endfacet
  facet normal -0 0 -1
    outer loop
      vertex 11.5278 13.85 0
      vertex 0 4 0
      vertex 11.5278 30.15 0
    endloop
  endfacet
  facet normal 0 0 -1
    outer loop
      vertex 0 4 0
      vertex 11.3579 13.44 0
      vertex 11.3 13 0
    endloop
  endfacet
  facet normal -0 0 -1
    outer loop
      vertex 11.5278 30.15 0
      vertex 0 4 0
      vertex 11.3579 30.56 0
    endloop
  endfacet
  facet normal 0 0 -1
    outer loop
      vertex 60.4722 61.85 0
      vertex 72 88 0
      vertex 60.6421 61.44 0
    endloop
  endfacet
  facet normal 0 0 -1
    outer loop
      vertex 72 88 0
      vertex 60.6421 78.56 0
      vertex 60.7 79 0
    endloop
  endfacet
  facet normal 0 0 -1
    outer loop
      vertex 60.4722 78.15 0
      vertex 72 88 0
      vertex 60.4722 61.85 0
    endloop
  endfacet
  facet normal 0 0 -1
    outer loop
      vertex 72 88 0
      vertex 60.4722 78.15 0
      vertex 60.6421 78.56 0
    endloop
  endfacet
  facet normal 0 0 -1
    outer loop
      vertex 60.2021 62.2021 0
      vertex 60.4722 78.15 0
      vertex 60.4722 61.85 0
    endloop
  endfacet
  facet normal 0 0 -1
    outer loop
      vertex 60.2021 62.2021 0
      vertex 60.2021 77.7979 0
      vertex 60.4722 78.15 0
    endloop
  endfacet
  facet normal 0 0 -1
    outer loop
      vertex 59.85 62.4722 0
      vertex 60.2021 77.7979 0
      vertex 60.2021 62.2021 0
    endloop
  endfacet
  facet normal 0 0 -1
    outer loop
      vertex 59.85 62.4722 0
      vertex 59.85 77.5278 0
      vertex 60.2021 77.7979 0
    endloop
  endfacet
  facet normal 0 0 -1
    outer loop
      vertex 59.44 62.6421 0
      vertex 59.85 77.5278 0
      vertex 59.85 62.4722 0
    endloop
  endfacet
  facet normal 0 0 -1
    outer loop
      vertex 59.44 62.6421 0
      vertex 59.44 77.3579 0
      vertex 59.85 77.5278 0
    endloop
  endfacet
  facet normal 0 0 -1
    outer loop
      vertex 59 62.7 0
      vertex 59.44 77.3579 0
      vertex 59.44 62.6421 0
    endloop
  endfacet
  facet normal 0 0 -1
    outer loop
      vertex 59 62.7 0
      vertex 59 77.3 0
      vertex 59.44 77.3579 0
    endloop
  endfacet
  facet normal 0 0 -1
    outer loop
      vertex 58.56 62.6421 0
      vertex 59 77.3 0
      vertex 59 62.7 0
    endloop
  endfacet
  facet normal 0 0 -1
    outer loop
      vertex 58.56 62.6421 0
      vertex 58.56 77.3579 0
      vertex 59 77.3 0
    endloop
  endfacet
  facet normal 0 0 -1
    outer loop
      vertex 58.15 62.4722 0
      vertex 58.56 77.3579 0
      vertex 58.56 62.6421 0
    endloop
  endfacet
  facet normal 0 0 -1
    outer loop
      vertex 58.15 62.4722 0
      vertex 58.15 77.5278 0
      vertex 58.56 77.3579 0
    endloop
  endfacet
  facet normal 0 0 -1
    outer loop
      vertex 57.7979 62.2021 0
      vertex 58.15 77.5278 0
      vertex 58.15 62.4722 0
    endloop
  endfacet
  facet normal 0 0 -1
    outer loop
      vertex 57.7979 62.2021 0
      vertex 57.7979 77.7979 0
      vertex 58.15 77.5278 0
    endloop
  endfacet
  facet normal 0 0 -1
    outer loop
      vertex 57.5278 61.85 0
      vertex 57.7979 77.7979 0
      vertex 57.7979 62.2021 0
    endloop
  endfacet
  facet normal 0 0 -1
    outer loop
      vertex 57.5278 61.85 0
      vertex 57.5278 78.15 0
      vertex 57.7979 77.7979 0
    endloop
  endfacet
  facet normal 0 0 -1
    outer loop
      vertex 57.3579 61.44 0
      vertex 57.5278 78.15 0
      vertex 57.5278 61.85 0
    endloop
  endfacet
  facet normal 0 0 -1
    outer loop
      vertex 57.3579 61.44 0
      vertex 57.3579 78.56 0
      vertex 57.5278 78.15 0
    endloop
  endfacet
  facet normal 0 0 -1
    outer loop
      vertex 14.7 61 0
      vertex 57.3579 61.44 0
      vertex 57.3 61 0
    endloop
  endfacet
  facet normal 0 0 -1
    outer loop
      vertex 14.6421 61.44 0
      vertex 57.3579 61.44 0
      vertex 14.7 61 0
    endloop
  endfacet
  facet normal 0 0 -1
    outer loop
      vertex 60.6421 39.44 0
      vertex 60.7 53 0
      vertex 60.7 39 0
    endloop
  endfacet
  facet normal 0 0 -1
    outer loop
      vertex 60.6421 39.44 0
      vertex 60.6421 52.56 0
      vertex 60.7 53 0
    endloop
  endfacet
  facet normal 0 0 -1
    outer loop
      vertex 60.4722 39.85 0
      vertex 60.6421 52.56 0
      vertex 60.6421 39.44 0
    endloop
  endfacet
  facet normal 0 0 -1
    outer loop
      vertex 60.4722 39.85 0
      vertex 60.4722 52.15 0
      vertex 60.6421 52.56 0
    endloop
  endfacet
  facet normal 0 0 -1
    outer loop
      vertex 60.2021 40.2021 0
      vertex 60.4722 52.15 0
      vertex 60.4722 39.85 0
    endloop
  endfacet
  facet normal 0 0 -1
    outer loop
      vertex 60.2021 40.2021 0
      vertex 60.2021 51.7979 0
      vertex 60.4722 52.15 0
    endloop
  endfacet
  facet normal 0 0 -1
    outer loop
      vertex 59.85 40.4722 0
      vertex 60.2021 51.7979 0
      vertex 60.2021 40.2021 0
    endloop
  endfacet
  facet normal 0 0 -1
    outer loop
      vertex 59.85 40.4722 0
      vertex 59.85 51.5278 0
      vertex 60.2021 51.7979 0
    endloop
  endfacet
  facet normal 0 0 -1
    outer loop
      vertex 59.44 40.6421 0
      vertex 59.85 51.5278 0
      vertex 59.85 40.4722 0
    endloop
  endfacet
  facet normal 0 0 -1
    outer loop
      vertex 59.44 40.6421 0
      vertex 59.44 51.3579 0
      vertex 59.85 51.5278 0
    endloop
  endfacet
  facet normal 0 0 -1
    outer loop
      vertex 59 40.7 0
      vertex 59.44 51.3579 0
      vertex 59.44 40.6421 0
    endloop
  endfacet
  facet normal 0 0 -1
    outer loop
      vertex 59 40.7 0
      vertex 59 51.3 0
      vertex 59.44 51.3579 0
    endloop
  endfacet
  facet normal 0 0 -1
    outer loop
      vertex 58.56 40.6421 0
      vertex 59 51.3 0
      vertex 59 40.7 0
    endloop
  endfacet
  facet normal 0 0 -1
    outer loop
      vertex 58.56 40.6421 0
      vertex 58.56 51.3579 0
      vertex 59 51.3 0
    endloop
  endfacet
  facet normal 0 0 -1
    outer loop
      vertex 58.15 40.4722 0
      vertex 58.56 51.3579 0
      vertex 58.56 40.6421 0
    endloop
  endfacet
  facet normal 0 0 -1
    outer loop
      vertex 58.15 40.4722 0
      vertex 58.15 51.5278 0
      vertex 58.56 51.3579 0
    endloop
  endfacet
  facet normal 0 0 -1
    outer loop
      vertex 57.7979 40.2021 0
      vertex 58.15 51.5278 0
      vertex 58.15 40.4722 0
    endloop
  endfacet
  facet normal 0 0 -1
    outer loop
      vertex 57.7979 40.2021 0
      vertex 57.7979 51.7979 0
      vertex 58.15 51.5278 0
    endloop
  endfacet
  facet normal 0 0 -1
    outer loop
      vertex 57.5278 39.85 0
      vertex 57.7979 51.7979 0
      vertex 57.7979 40.2021 0
    endloop
  endfacet
  facet normal 0 0 -1
    outer loop
      vertex 57.5278 39.85 0
      vertex 57.5278 52.15 0
      vertex 57.7979 51.7979 0
    endloop
  endfacet
  facet normal 0 0 -1
    outer loop
      vertex 57.3579 39.44 0
      vertex 57.5278 52.15 0
      vertex 57.5278 39.85 0
    endloop
  endfacet
  facet normal 0 0 -1
    outer loop
      vertex 57.3579 39.44 0
      vertex 57.3579 52.56 0
      vertex 57.5278 52.15 0
    endloop
  endfacet
  facet normal 0 0 -1
    outer loop
      vertex 14.7 39 0
      vertex 57.3579 39.44 0
      vertex 57.3 39 0
    endloop
  endfacet
  facet normal 0 0 -1
    outer loop
      vertex 14.6421 39.44 0
      vertex 57.3579 39.44 0
      vertex 14.7 39 0
    endloop
  endfacet
  facet normal 0 0 -1
    outer loop
      vertex 60.4722 13.85 0
      vertex 72 4 0
      vertex 60.6421 13.44 0
    endloop
  endfacet
  facet normal 0 0 -1
    outer loop
      vertex 72 4 0
      vertex 60.6421 30.56 0
      vertex 60.7 31 0
    endloop
  endfacet
  facet normal 0 0 -1
    outer loop
      vertex 60.4722 30.15 0
      vertex 72 4 0
      vertex 60.4722 13.85 0
    endloop
  endfacet
  facet normal 0 0 -1
    outer loop
      vertex 72 4 0
      vertex 60.4722 30.15 0
      vertex 60.6421 30.56 0
    endloop
  endfacet
  facet normal 0 0 -1
    outer loop
      vertex 60.2021 14.2021 0
      vertex 60.4722 30.15 0
      vertex 60.4722 13.85 0
    endloop
  endfacet
  facet normal 0 0 -1
    outer loop
      vertex 60.2021 14.2021 0
      vertex 60.2021 29.7979 0
      vertex 60.4722 30.15 0
    endloop
  endfacet
  facet normal 0 0 -1
    outer loop
      vertex 59.85 14.4722 0
      vertex 60.2021 29.7979 0
      vertex 60.2021 14.2021 0
    endloop
  endfacet
  facet normal 0 0 -1
    outer loop
      vertex 59.85 14.4722 0
      vertex 59.85 29.5278 0
      vertex 60.2021 29.7979 0
    endloop
  endfacet
  facet normal 0 0 -1
    outer loop
      vertex 59.44 14.6421 0
      vertex 59.85 29.5278 0
      vertex 59.85 14.4722 0
    endloop
  endfacet
  facet normal 0 0 -1
    outer loop
      vertex 59.44 14.6421 0
      vertex 59.44 29.3579 0
      vertex 59.85 29.5278 0
    endloop
  endfacet
  facet normal 0 0 -1
    outer loop
      vertex 59 14.7 0
      vertex 59.44 29.3579 0
      vertex 59.44 14.6421 0
    endloop
  endfacet
  facet normal 0 0 -1
    outer loop
      vertex 59 14.7 0
      vertex 59 29.3 0
      vertex 59.44 29.3579 0
    endloop
  endfacet
  facet normal 0 0 -1
    outer loop
      vertex 58.56 14.6421 0
      vertex 59 29.3 0
      vertex 59 14.7 0
    endloop
  endfacet
  facet normal 0 0 -1
    outer loop
      vertex 58.56 14.6421 0
      vertex 58.56 29.3579 0
      vertex 59 29.3 0
    endloop
  endfacet
  facet normal 0 0 -1
    outer loop
      vertex 58.15 14.4722 0
      vertex 58.56 29.3579 0
      vertex 58.56 14.6421 0
    endloop
  endfacet
  facet normal 0 0 -1
    outer loop
      vertex 58.15 14.4722 0
      vertex 58.15 29.5278 0
      vertex 58.56 29.3579 0
    endloop
  endfacet
  facet normal 0 0 -1
    outer loop
      vertex 57.7979 14.2021 0
      vertex 58.15 29.5278 0
      vertex 58.15 14.4722 0
    endloop
  endfacet
  facet normal 0 0 -1
    outer loop
      vertex 57.7979 14.2021 0
      vertex 57.7979 29.7979 0
      vertex 58.15 29.5278 0
    endloop
  endfacet
  facet normal 0 0 -1
    outer loop
      vertex 57.5278 13.85 0
      vertex 57.7979 29.7979 0
      vertex 57.7979 14.2021 0
    endloop
  endfacet
  facet normal 0 0 -1
    outer loop
      vertex 57.5278 13.85 0
      vertex 57.5278 30.15 0
      vertex 57.7979 29.7979 0
    endloop
  endfacet
  facet normal 0 0 -1
    outer loop
      vertex 57.3579 13.44 0
      vertex 57.5278 30.15 0
      vertex 57.5278 13.85 0
    endloop
  endfacet
  facet normal 0 0 -1
    outer loop
      vertex 57.3579 13.44 0
      vertex 57.3579 30.56 0
      vertex 57.5278 30.15 0
    endloop
  endfacet
  facet normal 0 0 -1
    outer loop
      vertex 14.7 13 0
      vertex 57.3579 13.44 0
      vertex 57.3 13 0
    endloop
  endfacet
  facet normal 0 0 -1
    outer loop
      vertex 57.3579 13.44 0
      vertex 14.7 31 0
      vertex 57.3579 30.56 0
    endloop
  endfacet
  facet normal 0 0 -1
    outer loop
      vertex 68 0 0
      vertex 72 4 0
      vertex 71.8637 2.96472 0
    endloop
  endfacet
  facet normal 0 0 -1
    outer loop
      vertex 72 4 0
      vertex 60.7 39 0
      vertex 72 88 0
    endloop
  endfacet
  facet normal 0 0 -1
    outer loop
      vertex 68 0 0
      vertex 71.8637 2.96472 0
      vertex 71.4641 2 0
    endloop
  endfacet
  facet normal 0 0 -1
    outer loop
      vertex 60.7 53 0
      vertex 72 88 0
      vertex 60.7 39 0
    endloop
  endfacet
  facet normal 0 0 -1
    outer loop
      vertex 68 0 0
      vertex 71.4641 2 0
      vertex 70.8284 1.17157 0
    endloop
  endfacet
  facet normal 0 0 -1
    outer loop
      vertex 60.7 61 0
      vertex 72 88 0
      vertex 60.7 53 0
    endloop
  endfacet
  facet normal 0 0 -1
    outer loop
      vertex 68 0 0
      vertex 70.8284 1.17157 0
      vertex 70 0.535898 0
    endloop
  endfacet
  facet normal 0 0 -1
    outer loop
      vertex 60.6421 61.44 0
      vertex 72 88 0
      vertex 60.7 61 0
    endloop
  endfacet
  facet normal 0 0 -1
    outer loop
      vertex 68 0 0
      vertex 70 0.535898 0
      vertex 69.0353 0.136296 0
    endloop
  endfacet
  facet normal 0 0 -1
    outer loop
      vertex 60.6421 79.44 0
      vertex 72 88 0
      vertex 60.7 79 0
    endloop
  endfacet
  facet normal -0 0 -1
    outer loop
      vertex 72 4 0
      vertex 68 0 0
      vertex 60.2021 11.7979 0
    endloop
  endfacet
  facet normal 0 0 -1
    outer loop
      vertex 60.4722 79.85 0
      vertex 72 88 0
      vertex 60.6421 79.44 0
    endloop
  endfacet
  facet normal 0 0 -1
    outer loop
      vertex 60.6421 13.44 0
      vertex 72 4 0
      vertex 60.7 13 0
    endloop
  endfacet
  facet normal 0 0 -1
    outer loop
      vertex 72 4 0
      vertex 60.6421 12.56 0
      vertex 60.7 13 0
    endloop
  endfacet
  facet normal 0 0 -1
    outer loop
      vertex 72 4 0
      vertex 60.4722 12.15 0
      vertex 60.6421 12.56 0
    endloop
  endfacet
  facet normal 0 0 -1
    outer loop
      vertex 72 4 0
      vertex 60.2021 11.7979 0
      vertex 60.4722 12.15 0
    endloop
  endfacet
  facet normal 0 0 -1
    outer loop
      vertex 68 0 0
      vertex 59.85 11.5278 0
      vertex 60.2021 11.7979 0
    endloop
  endfacet
  facet normal 0 0 -1
    outer loop
      vertex 68 0 0
      vertex 59.44 11.3579 0
      vertex 59.85 11.5278 0
    endloop
  endfacet
  facet normal 0 0 -1
    outer loop
      vertex 68 0 0
      vertex 59 11.3 0
      vertex 59.44 11.3579 0
    endloop
  endfacet
  facet normal 0 0 -1
    outer loop
      vertex 68 0 0
      vertex 58.56 11.3579 0
      vertex 59 11.3 0
    endloop
  endfacet
  facet normal 0 0 -1
    outer loop
      vertex 68 0 0
      vertex 58.15 11.5278 0
      vertex 58.56 11.3579 0
    endloop
  endfacet
  facet normal 0 0 -1
    outer loop
      vertex 68 0 0
      vertex 57.7979 11.7979 0
      vertex 58.15 11.5278 0
    endloop
  endfacet
  facet normal 0 0 -1
    outer loop
      vertex 57.3579 30.56 0
      vertex 14.7 31 0
      vertex 57.3 31 0
    endloop
  endfacet
  facet normal 0 0 -1
    outer loop
      vertex 57.3 31 0
      vertex 14.7 31 0
      vertex 57.3 39 0
    endloop
  endfacet
  facet normal 0 0 -1
    outer loop
      vertex 14.7 39 0
      vertex 57.3 39 0
      vertex 14.7 31 0
    endloop
  endfacet
  facet normal 0 0 -1
    outer loop
      vertex 57.3579 52.56 0
      vertex 14.7 53 0
      vertex 57.3 53 0
    endloop
  endfacet
  facet normal 0 0 -1
    outer loop
      vertex 14.6421 13.44 0
      vertex 57.3579 13.44 0
      vertex 14.7 13 0
    endloop
  endfacet
  facet normal 0 0 -1
    outer loop
      vertex 57.3579 12.56 0
      vertex 14.7 13 0
      vertex 57.3 13 0
    endloop
  endfacet
  facet normal 0 0 -1
    outer loop
      vertex 14.6421 12.56 0
      vertex 57.3579 12.56 0
      vertex 57.5278 12.15 0
    endloop
  endfacet
  facet normal 0 0 -1
    outer loop
      vertex 14.4722 12.15 0
      vertex 57.5278 12.15 0
      vertex 57.7979 11.7979 0
    endloop
  endfacet
  facet normal 0 0 -1
    outer loop
      vertex 14.2021 11.7979 0
      vertex 57.7979 11.7979 0
      vertex 68 0 0
    endloop
  endfacet
  facet normal 0 0 -1
    outer loop
      vertex 57.3579 12.56 0
      vertex 14.6421 12.56 0
      vertex 14.7 13 0
    endloop
  endfacet
  facet normal 0 0 -1
    outer loop
      vertex 57.5278 12.15 0
      vertex 14.4722 12.15 0
      vertex 14.6421 12.56 0
    endloop
  endfacet
  facet normal 0 0 -1
    outer loop
      vertex 57.7979 11.7979 0
      vertex 14.2021 11.7979 0
      vertex 14.4722 12.15 0
    endloop
  endfacet
  facet normal 0 0 -1
    outer loop
      vertex 68 0 0
      vertex 13.85 11.5278 0
      vertex 14.2021 11.7979 0
    endloop
  endfacet
  facet normal 0 0 -1
    outer loop
      vertex 4 0 0
      vertex 13.85 11.5278 0
      vertex 68 0 0
    endloop
  endfacet
  facet normal 0 0 -1
    outer loop
      vertex 13.85 11.5278 0
      vertex 4 0 0
      vertex 13.44 11.3579 0
    endloop
  endfacet
  facet normal 0 0 -1
    outer loop
      vertex 13.44 11.3579 0
      vertex 4 0 0
      vertex 13 11.3 0
    endloop
  endfacet
  facet normal -0 0 -1
    outer loop
      vertex 11.3579 30.56 0
      vertex 0 4 0
      vertex 11.3 31 0
    endloop
  endfacet
  facet normal -0 0 -1
    outer loop
      vertex 11.3 31 0
      vertex 0 4 0
      vertex 11.3 39 0
    endloop
  endfacet
  facet normal -0 0 -1
    outer loop
      vertex 11.3 39 0
      vertex 0 4 0
      vertex 11.3 53 0
    endloop
  endfacet
  facet normal 0 0 -1
    outer loop
      vertex 0 88 0
      vertex 11.3 53 0
      vertex 0 4 0
    endloop
  endfacet
  facet normal -0 0 -1
    outer loop
      vertex 11.3579 12.56 0
      vertex 0 4 0
      vertex 11.3 13 0
    endloop
  endfacet
  facet normal -0 0 -1
    outer loop
      vertex 11.5278 12.15 0
      vertex 0 4 0
      vertex 11.3579 12.56 0
    endloop
  endfacet
  facet normal -0 0 -1
    outer loop
      vertex 11.7979 11.7979 0
      vertex 0 4 0
      vertex 11.5278 12.15 0
    endloop
  endfacet
  facet normal 0 0 -1
    outer loop
      vertex 0 4 0
      vertex 11.7979 11.7979 0
      vertex 4 0 0
    endloop
  endfacet
  facet normal -0 0 -1
    outer loop
      vertex 12.15 11.5278 0
      vertex 4 0 0
      vertex 11.7979 11.7979 0
    endloop
  endfacet
  facet normal -0 0 -1
    outer loop
      vertex 12.56 11.3579 0
      vertex 4 0 0
      vertex 12.15 11.5278 0
    endloop
  endfacet
  facet normal -0 0 -1
    outer loop
      vertex 13 11.3 0
      vertex 4 0 0
      vertex 12.56 11.3579 0
    endloop
  endfacet
  facet normal 0 0 -1
    outer loop
      vertex 72 4 0
      vertex 60.7 31 0
      vertex 60.7 39 0
    endloop
  endfacet
  facet normal 0 0 -1
    outer loop
      vertex 60.2021 80.2021 0
      vertex 72 88 0
      vertex 60.4722 79.85 0
    endloop
  endfacet
  facet normal 0 -0 -1
    outer loop
      vertex 68 92 0
      vertex 72 88 0
      vertex 60.2021 80.2021 0
    endloop
  endfacet
  facet normal 0 0 -1
    outer loop
      vertex 72 88 0
      vertex 68 92 0
      vertex 71.8637 89.0353 0
    endloop
  endfacet
  facet normal 0 0 -1
    outer loop
      vertex 71.4641 90 0
      vertex 68 92 0
      vertex 70.8284 90.8284 0
    endloop
  endfacet
  facet normal 0 0 -1
    outer loop
      vertex 70.8284 90.8284 0
      vertex 68 92 0
      vertex 70 91.4641 0
    endloop
  endfacet
  facet normal 0 0 -1
    outer loop
      vertex 70 91.4641 0
      vertex 68 92 0
      vertex 69.0353 91.8637 0
    endloop
  endfacet
  facet normal 0 0 -1
    outer loop
      vertex 71.8637 89.0353 0
      vertex 68 92 0
      vertex 71.4641 90 0
    endloop
  endfacet
  facet normal 0 0 -1
    outer loop
      vertex 59.85 80.4722 0
      vertex 68 92 0
      vertex 60.2021 80.2021 0
    endloop
  endfacet
  facet normal 0 0 -1
    outer loop
      vertex 59.44 80.6421 0
      vertex 68 92 0
      vertex 59.85 80.4722 0
    endloop
  endfacet
  facet normal 0 0 -1
    outer loop
      vertex 59 80.7 0
      vertex 68 92 0
      vertex 59.44 80.6421 0
    endloop
  endfacet
  facet normal 0 0 -1
    outer loop
      vertex 58.56 80.6421 0
      vertex 68 92 0
      vertex 59 80.7 0
    endloop
  endfacet
  facet normal 0 0 -1
    outer loop
      vertex 58.15 80.4722 0
      vertex 68 92 0
      vertex 58.56 80.6421 0
    endloop
  endfacet
  facet normal 0 0 -1
    outer loop
      vertex 57.7979 80.2021 0
      vertex 68 92 0
      vertex 58.15 80.4722 0
    endloop
  endfacet
  facet normal 0 0 -1
    outer loop
      vertex 57.3579 39.44 0
      vertex 14.6421 39.44 0
      vertex 57.3579 52.56 0
    endloop
  endfacet
  facet normal 0 0 -1
    outer loop
      vertex 57.3 53 0
      vertex 14.7 53 0
      vertex 57.3 61 0
    endloop
  endfacet
  facet normal 0 0 -1
    outer loop
      vertex 14.7 61 0
      vertex 57.3 61 0
      vertex 14.7 53 0
    endloop
  endfacet
  facet normal 0 0 -1
    outer loop
      vertex 57.3579 61.44 0
      vertex 14.6421 61.44 0
      vertex 57.3579 78.56 0
    endloop
  endfacet
  facet normal 0 0 -1
    outer loop
      vertex 57.3579 78.56 0
      vertex 14.7 79 0
      vertex 57.3 79 0
    endloop
  endfacet
  facet normal 0 0 -1
    outer loop
      vertex 57.3 79 0
      vertex 14.7 79 0
      vertex 57.3579 79.44 0
    endloop
  endfacet
  facet normal 0 0 -1
    outer loop
      vertex 14.6421 79.44 0
      vertex 57.3579 79.44 0
      vertex 14.7 79 0
    endloop
  endfacet
  facet normal 0 0 -1
    outer loop
      vertex 57.3579 79.44 0
      vertex 14.6421 79.44 0
      vertex 57.5278 79.85 0
    endloop
  endfacet
  facet normal 0 0 -1
    outer loop
      vertex 14.4722 79.85 0
      vertex 57.5278 79.85 0
      vertex 14.6421 79.44 0
    endloop
  endfacet
  facet normal 0 0 -1
    outer loop
      vertex 57.5278 79.85 0
      vertex 14.4722 79.85 0
      vertex 57.7979 80.2021 0
    endloop
  endfacet
  facet normal 0 0 -1
    outer loop
      vertex 14.2021 80.2021 0
      vertex 57.7979 80.2021 0
      vertex 14.4722 79.85 0
    endloop
  endfacet
  facet normal 0 0 -1
    outer loop
      vertex 57.7979 80.2021 0
      vertex 14.2021 80.2021 0
      vertex 68 92 0
    endloop
  endfacet
  facet normal 0 0 -1
    outer loop
      vertex 13.85 80.4722 0
      vertex 68 92 0
      vertex 14.2021 80.2021 0
    endloop
  endfacet
  facet normal 0 0 -1
    outer loop
      vertex 4 92 0
      vertex 13.85 80.4722 0
      vertex 13.44 80.6421 0
    endloop
  endfacet
  facet normal 0 0 -1
    outer loop
      vertex 4 92 0
      vertex 13.44 80.6421 0
      vertex 13 80.7 0
    endloop
  endfacet
  facet normal 0 0 -1
    outer loop
      vertex 4 92 0
      vertex 13 80.7 0
      vertex 12.56 80.6421 0
    endloop
  endfacet
  facet normal 0 0 -1
    outer loop
      vertex 13.85 80.4722 0
      vertex 4 92 0
      vertex 68 92 0
    endloop
  endfacet
  facet normal 0 0 -1
    outer loop
      vertex 12.15 80.4722 0
      vertex 4 92 0
      vertex 12.56 80.6421 0
    endloop
  endfacet
  facet normal 0 0 -1
    outer loop
      vertex 11.7979 80.2021 0
      vertex 4 92 0
      vertex 12.15 80.4722 0
    endloop
  endfacet
  facet normal 0 0 -1
    outer loop
      vertex 0 88 0
      vertex 11.7979 80.2021 0
      vertex 11.5278 79.85 0
    endloop
  endfacet
  facet normal 0 0 -1
    outer loop
      vertex 0 88 0
      vertex 11.5278 79.85 0
      vertex 11.3579 79.44 0
    endloop
  endfacet
  facet normal 0 0 -1
    outer loop
      vertex 0 88 0
      vertex 11.3579 79.44 0
      vertex 11.3 79 0
    endloop
  endfacet
  facet normal 0 0 -1
    outer loop
      vertex 11.3 53 0
      vertex 0 88 0
      vertex 11.3 61 0
    endloop
  endfacet
  facet normal 0 0 -1
    outer loop
      vertex 0 4 0
      vertex 4 0 0
      vertex 2.96472 0.136296 0
    endloop
  endfacet
  facet normal 0 0 -1
    outer loop
      vertex 11.3579 78.56 0
      vertex 0 88 0
      vertex 11.3 79 0
    endloop
  endfacet
  facet normal 0 0 -1
    outer loop
      vertex 0 4 0
      vertex 2.96472 0.136296 0
      vertex 2 0.535898 0
    endloop
  endfacet
  facet normal 0 0 -1
    outer loop
      vertex 11.7979 80.2021 0
      vertex 0 88 0
      vertex 4 92 0
    endloop
  endfacet
  facet normal 0 0 -1
    outer loop
      vertex 0 4 0
      vertex 2 0.535898 0
      vertex 1.17157 1.17157 0
    endloop
  endfacet
  facet normal 0 0 -1
    outer loop
      vertex 4 92 0
      vertex 0 88 0
      vertex 2.96472 91.8637 0
    endloop
  endfacet
  facet normal 0 0 -1
    outer loop
      vertex 0 4 0
      vertex 1.17157 1.17157 0
      vertex 0.535898 2 0
    endloop
  endfacet
  facet normal 0 0 -1
    outer loop
      vertex 2.96472 91.8637 0
      vertex 0 88 0
      vertex 2 91.4641 0
    endloop
  endfacet
  facet normal 0 0 -1
    outer loop
      vertex 0 4 0
      vertex 0.535898 2 0
      vertex 0.136296 2.96472 0
    endloop
  endfacet
  facet normal 0 0 -1
    outer loop
      vertex 2 91.4641 0
      vertex 0 88 0
      vertex 1.17157 90.8284 0
    endloop
  endfacet
  facet normal 0 0 -1
    outer loop
      vertex 1.17157 90.8284 0
      vertex 0 88 0
      vertex 0.535898 90 0
    endloop
  endfacet
  facet normal 0 0 -1
    outer loop
      vertex 0.535898 90 0
      vertex 0 88 0
      vertex 0.136296 89.0353 0
    endloop
  endfacet
  facet normal 0 0 1
    outer loop
      vertex 72 88 12
      vertex 67.8978 64.7765 12
      vertex 68 64 12
    endloop
  endfacet
  facet normal 0 0 1
    outer loop
      vertex 72 88 12
      vertex 67.5981 65.5 12
      vertex 67.8978 64.7765 12
    endloop
  endfacet
  facet normal 0 0 1
    outer loop
      vertex 72 88 12
      vertex 67.1213 66.1213 12
      vertex 67.5981 65.5 12
    endloop
  endfacet
  facet normal 0 0 1
    outer loop
      vertex 72 88 12
      vertex 63 79 12
      vertex 67.1213 66.1213 12
    endloop
  endfacet
  facet normal 0 0 1
    outer loop
      vertex 67.1213 66.1213 12
      vertex 63 79 12
      vertex 66.5 66.5981 12
    endloop
  endfacet
  facet normal 0 0 1
    outer loop
      vertex 66.5 66.5981 12
      vertex 63 79 12
      vertex 65.7765 66.8978 12
    endloop
  endfacet
  facet normal 0 0 1
    outer loop
      vertex 65.7765 66.8978 12
      vertex 63 79 12
      vertex 65 67 12
    endloop
  endfacet
  facet normal 0 0 1
    outer loop
      vertex 72 88 12
      vertex 62.8637 80.0353 12
      vertex 63 79 12
    endloop
  endfacet
  facet normal 0 0 1
    outer loop
      vertex 72 88 12
      vertex 62.4641 81 12
      vertex 62.8637 80.0353 12
    endloop
  endfacet
  facet normal 0 0 1
    outer loop
      vertex 72 88 12
      vertex 61.8284 81.8284 12
      vertex 62.4641 81 12
    endloop
  endfacet
  facet normal 0 0 1
    outer loop
      vertex 68 92 12
      vertex 61 82.4641 12
      vertex 61.8284 81.8284 12
    endloop
  endfacet
  facet normal 0 0 1
    outer loop
      vertex 68 92 12
      vertex 60.0353 82.8637 12
      vertex 61 82.4641 12
    endloop
  endfacet
  facet normal 0 0 1
    outer loop
      vertex 68 92 12
      vertex 59 83 12
      vertex 60.0353 82.8637 12
    endloop
  endfacet
  facet normal 0 0 1
    outer loop
      vertex 68 92 12
      vertex 13 83 12
      vertex 59 83 12
    endloop
  endfacet
  facet normal -0 0 1
    outer loop
      vertex 4 92 12
      vertex 13 83 12
      vertex 68 92 12
    endloop
  endfacet
  facet normal 0 0 1
    outer loop
      vertex 9.1363 80.0353 12
      vertex 0 88 12
      vertex 9 79 12
    endloop
  endfacet
  facet normal 0 0 1
    outer loop
      vertex 9.5359 81 12
      vertex 0 88 12
      vertex 9.1363 80.0353 12
    endloop
  endfacet
  facet normal 0 0 1
    outer loop
      vertex 10.1716 81.8284 12
      vertex 0 88 12
      vertex 9.5359 81 12
    endloop
  endfacet
  facet normal -0 0 1
    outer loop
      vertex 0 88 12
      vertex 10.1716 81.8284 12
      vertex 4 92 12
    endloop
  endfacet
  facet normal 0 0 1
    outer loop
      vertex 11 82.4641 12
      vertex 4 92 12
      vertex 10.1716 81.8284 12
    endloop
  endfacet
  facet normal 0 0 1
    outer loop
      vertex 11.9647 82.8637 12
      vertex 4 92 12
      vertex 11 82.4641 12
    endloop
  endfacet
  facet normal 0 0 1
    outer loop
      vertex 13 83 12
      vertex 4 92 12
      vertex 11.9647 82.8637 12
    endloop
  endfacet
  facet normal 0 0 1
    outer loop
      vertex 68 92 12
      vertex 72 88 12
      vertex 71.8637 89.0353 12
    endloop
  endfacet
  facet normal 0 0 1
    outer loop
      vertex 72 88 12
      vertex 68 64 12
      vertex 72 4 12
    endloop
  endfacet
  facet normal 0 0 1
    outer loop
      vertex 68 92 12
      vertex 71.8637 89.0353 12
      vertex 71.4641 90 12
    endloop
  endfacet
  facet normal -0 0 1
    outer loop
      vertex 68 28 12
      vertex 72 4 12
      vertex 68 64 12
    endloop
  endfacet
  facet normal 0 0 1
    outer loop
      vertex 68 92 12
      vertex 71.4641 90 12
      vertex 70.8284 90.8284 12
    endloop
  endfacet
  facet normal -0 0 1
    outer loop
      vertex 67.8978 27.2235 12
      vertex 72 4 12
      vertex 68 28 12
    endloop
  endfacet
  facet normal 0 0 1
    outer loop
      vertex 68 92 12
      vertex 70.8284 90.8284 12
      vertex 70 91.4641 12
    endloop
  endfacet
  facet normal -0 0 1
    outer loop
      vertex 67.5981 26.5 12
      vertex 72 4 12
      vertex 67.8978 27.2235 12
    endloop
  endfacet
  facet normal 0 0 1
    outer loop
      vertex 68 92 12
      vertex 70 91.4641 12
      vertex 69.0353 91.8637 12
    endloop
  endfacet
  facet normal -0 0 1
    outer loop
      vertex 67.1213 25.8787 12
      vertex 72 4 12
      vertex 67.5981 26.5 12
    endloop
  endfacet
  facet normal 0 0 1
    outer loop
      vertex 61.8284 81.8284 12
      vertex 72 88 12
      vertex 68 92 12
    endloop
  endfacet
  facet normal -0 0 1
    outer loop
      vertex 63 13 12
      vertex 72 4 12
      vertex 67.1213 25.8787 12
    endloop
  endfacet
  facet normal -0 0 1
    outer loop
      vertex 62.8637 11.9647 12
      vertex 72 4 12
      vertex 63 13 12
    endloop
  endfacet
  facet normal -0 0 1
    outer loop
      vertex 62.4641 11 12
      vertex 72 4 12
      vertex 62.8637 11.9647 12
    endloop
  endfacet
  facet normal -0 0 1
    outer loop
      vertex 61.8284 10.1716 12
      vertex 72 4 12
      vertex 62.4641 11 12
    endloop
  endfacet
  facet normal 0 -0 1
    outer loop
      vertex 68 0 12
      vertex 72 4 12
      vertex 61.8284 10.1716 12
    endloop
  endfacet
  facet normal 0 0 1
    outer loop
      vertex 72 4 12
      vertex 68 0 12
      vertex 71.8637 2.96472 12
    endloop
  endfacet
  facet normal 0 0 1
    outer loop
      vertex 63 13 12
      vertex 67.1213 25.8787 12
      vertex 66.5 25.4019 12
    endloop
  endfacet
  facet normal 0 0 1
    outer loop
      vertex 63 13 12
      vertex 66.5 25.4019 12
      vertex 65.7765 25.1022 12
    endloop
  endfacet
  facet normal 0 0 1
    outer loop
      vertex 63 13 12
      vertex 65.7765 25.1022 12
      vertex 65 25 12
    endloop
  endfacet
  facet normal 0 0 1
    outer loop
      vertex 63 13 12
      vertex 65 25 12
      vertex 63 25 12
    endloop
  endfacet
  facet normal 0 0 1
    outer loop
      vertex 71.8637 2.96472 12
      vertex 68 0 12
      vertex 71.4641 2 12
    endloop
  endfacet
  facet normal 0 0 1
    outer loop
      vertex 70.8284 1.17157 12
      vertex 68 0 12
      vertex 70 0.535898 12
    endloop
  endfacet
  facet normal 0 0 1
    outer loop
      vertex 70 0.535898 12
      vertex 68 0 12
      vertex 69.0353 0.136296 12
    endloop
  endfacet
  facet normal 0 0 1
    outer loop
      vertex 71.4641 2 12
      vertex 68 0 12
      vertex 70.8284 1.17157 12
    endloop
  endfacet
  facet normal -0 0 1
    outer loop
      vertex 61 9.5359 12
      vertex 68 0 12
      vertex 61.8284 10.1716 12
    endloop
  endfacet
  facet normal -0 0 1
    outer loop
      vertex 60.0353 9.1363 12
      vertex 68 0 12
      vertex 61 9.5359 12
    endloop
  endfacet
  facet normal -0 0 1
    outer loop
      vertex 59 9 12
      vertex 68 0 12
      vertex 60.0353 9.1363 12
    endloop
  endfacet
  facet normal -0 0 1
    outer loop
      vertex 13 9 12
      vertex 68 0 12
      vertex 59 9 12
    endloop
  endfacet
  facet normal 0 0 1
    outer loop
      vertex 4 0 12
      vertex 13 9 12
      vertex 11.9647 9.1363 12
    endloop
  endfacet
  facet normal 0 0 1
    outer loop
      vertex 13 9 12
      vertex 4 0 12
      vertex 68 0 12
    endloop
  endfacet
  facet normal 0 0 1
    outer loop
      vertex 11 9.5359 12
      vertex 4 0 12
      vertex 11.9647 9.1363 12
    endloop
  endfacet
  facet normal 0 0 1
    outer loop
      vertex 10.1716 10.1716 12
      vertex 4 0 12
      vertex 11 9.5359 12
    endloop
  endfacet
  facet normal 0 0 1
    outer loop
      vertex 0 4 12
      vertex 10.1716 10.1716 12
      vertex 9.5359 11 12
    endloop
  endfacet
  facet normal 0 0 1
    outer loop
      vertex 0 4 12
      vertex 9.5359 11 12
      vertex 9.1363 11.9647 12
    endloop
  endfacet
  facet normal 0 0 1
    outer loop
      vertex 0 4 12
      vertex 9.1363 11.9647 12
      vertex 9 13 12
    endloop
  endfacet
  facet normal 0 0 1
    outer loop
      vertex 9 79 12
      vertex 0 88 12
      vertex 9 13 12
    endloop
  endfacet
  facet normal 0 0 1
    outer loop
      vertex 0 88 12
      vertex 4 92 12
      vertex 2.96472 91.8637 12
    endloop
  endfacet
  facet normal 0 0 1
    outer loop
      vertex 0 4 12
      vertex 9 13 12
      vertex 0 88 12
    endloop
  endfacet
  facet normal 0 0 1
    outer loop
      vertex 0 88 12
      vertex 2.96472 91.8637 12
      vertex 2 91.4641 12
    endloop
  endfacet
  facet normal 0 0 1
    outer loop
      vertex 10.1716 10.1716 12
      vertex 0 4 12
      vertex 4 0 12
    endloop
  endfacet
  facet normal 0 0 1
    outer loop
      vertex 0 88 12
      vertex 2 91.4641 12
      vertex 1.17157 90.8284 12
    endloop
  endfacet
  facet normal 0 0 1
    outer loop
      vertex 4 0 12
      vertex 0 4 12
      vertex 2.96472 0.136296 12
    endloop
  endfacet
  facet normal 0 0 1
    outer loop
      vertex 0 88 12
      vertex 1.17157 90.8284 12
      vertex 0.535898 90 12
    endloop
  endfacet
  facet normal 0 0 1
    outer loop
      vertex 2.96472 0.136296 12
      vertex 0 4 12
      vertex 2 0.535898 12
    endloop
  endfacet
  facet normal 0 0 1
    outer loop
      vertex 0 88 12
      vertex 0.535898 90 12
      vertex 0.136296 89.0353 12
    endloop
  endfacet
  facet normal 0 0 1
    outer loop
      vertex 2 0.535898 12
      vertex 0 4 12
      vertex 1.17157 1.17157 12
    endloop
  endfacet
  facet normal 0 0 1
    outer loop
      vertex 1.17157 1.17157 12
      vertex 0 4 12
      vertex 0.535898 2 12
    endloop
  endfacet
  facet normal 0 0 1
    outer loop
      vertex 0.535898 2 12
      vertex 0 4 12
      vertex 0.136296 2.96472 12
    endloop
  endfacet
  facet normal 0 0 1
    outer loop
      vertex 65 67 12
      vertex 63 79 12
      vertex 63 67 12
    endloop
  endfacet
  facet normal -0.923879 -0.382685 0
    outer loop
      vertex 0.535898 2 0
      vertex 0.136296 2.96472 12
      vertex 0.136296 2.96472 0
    endloop
  endfacet
  facet normal -0.923879 -0.382685 0
    outer loop
      vertex 0.136296 2.96472 12
      vertex 0.535898 2 0
      vertex 0.535898 2 12
    endloop
  endfacet
  facet normal 0.923877 0.38269 0
    outer loop
      vertex 71.8637 89.0353 12
      vertex 71.4641 90 0
      vertex 71.4641 90 12
    endloop
  endfacet
  facet normal 0.923877 0.38269 0
    outer loop
      vertex 71.4641 90 0
      vertex 71.8637 89.0353 12
      vertex 71.8637 89.0353 0
    endloop
  endfacet
  facet normal -0.608789 -0.793332 0
    outer loop
      vertex 10.1716 10.1716 12
      vertex 11 9.5359 40
      vertex 10.1716 10.1716 40
    endloop
  endfacet
  facet normal -0.608789 -0.793332 -0
    outer loop
      vertex 11 9.5359 40
      vertex 10.1716 10.1716 12
      vertex 11 9.5359 12
    endloop
  endfacet
  facet normal -0.991445 -0.130526 0
    outer loop
      vertex 9.1363 11.9647 12
      vertex 9 13 40
      vertex 9 13 12
    endloop
  endfacet
  facet normal -0.991445 -0.130526 0
    outer loop
      vertex 9 13 40
      vertex 9.1363 11.9647 12
      vertex 9.1363 11.9647 40
    endloop
  endfacet
  facet normal 0.608789 -0.793332 0
    outer loop
      vertex 61 9.5359 12
      vertex 61.8284 10.1716 40
      vertex 61 9.5359 40
    endloop
  endfacet
  facet normal 0.608789 -0.793332 0
    outer loop
      vertex 61.8284 10.1716 40
      vertex 61 9.5359 12
      vertex 61.8284 10.1716 12
    endloop
  endfacet
  facet normal 0.991445 -0.130526 0
    outer loop
      vertex 62.8637 11.9647 40
      vertex 63 13 12
      vertex 63 13 40
    endloop
  endfacet
  facet normal 0.991445 -0.130526 0
    outer loop
      vertex 63 13 12
      vertex 62.8637 11.9647 40
      vertex 62.8637 11.9647 12
    endloop
  endfacet
  facet normal -0.923877 0.38269 0
    outer loop
      vertex 9.1363 80.0353 12
      vertex 9.5359 81 40
      vertex 9.5359 81 12
    endloop
  endfacet
  facet normal -0.923877 0.38269 0
    outer loop
      vertex 9.5359 81 40
      vertex 9.1363 80.0353 12
      vertex 9.1363 80.0353 40
    endloop
  endfacet
  facet normal -0.608789 0.793332 0
    outer loop
      vertex 11 82.4641 12
      vertex 10.1716 81.8284 40
      vertex 11 82.4641 40
    endloop
  endfacet
  facet normal -0.608789 0.793332 0
    outer loop
      vertex 10.1716 81.8284 40
      vertex 11 82.4641 12
      vertex 10.1716 81.8284 12
    endloop
  endfacet
  facet normal 0.608789 0.793332 -0
    outer loop
      vertex 61.8284 81.8284 12
      vertex 61 82.4641 40
      vertex 61.8284 81.8284 40
    endloop
  endfacet
  facet normal 0.608789 0.793332 0
    outer loop
      vertex 61 82.4641 40
      vertex 61.8284 81.8284 12
      vertex 61 82.4641 12
    endloop
  endfacet
  facet normal 0 -1 0
    outer loop
      vertex 13 9 40
      vertex 30.7955 9 39.5648
      vertex 32.0119 9 40
    endloop
  endfacet
  facet normal 0 -1 0
    outer loop
      vertex 13 9 40
      vertex 29.589 9 38.9941
      vertex 30.7955 9 39.5648
    endloop
  endfacet
  facet normal 0 -1 0
    outer loop
      vertex 13 9 40
      vertex 28.4442 9 38.308
      vertex 29.589 9 38.9941
    endloop
  endfacet
  facet normal 0 -1 0
    outer loop
      vertex 13 9 40
      vertex 27.3722 9 37.5129
      vertex 28.4442 9 38.308
    endloop
  endfacet
  facet normal 0 -1 0
    outer loop
      vertex 13 9 40
      vertex 26.3833 9 36.6167
      vertex 27.3722 9 37.5129
    endloop
  endfacet
  facet normal 0 -1 0
    outer loop
      vertex 13 9 40
      vertex 25.4871 9 35.6277
      vertex 26.3833 9 36.6167
    endloop
  endfacet
  facet normal 0 -1 0
    outer loop
      vertex 13 9 40
      vertex 24.692 9 34.5558
      vertex 25.4871 9 35.6277
    endloop
  endfacet
  facet normal 0 -1 0
    outer loop
      vertex 13 9 40
      vertex 24.0059 9 33.411
      vertex 24.692 9 34.5558
    endloop
  endfacet
  facet normal 0 -1 0
    outer loop
      vertex 13 9 40
      vertex 23.4352 9 32.2045
      vertex 24.0059 9 33.411
    endloop
  endfacet
  facet normal 0 -1 0
    outer loop
      vertex 13 9 40
      vertex 22.9856 9 30.9479
      vertex 23.4352 9 32.2045
    endloop
  endfacet
  facet normal 0 -1 0
    outer loop
      vertex 13 9 40
      vertex 22.6613 9 29.6532
      vertex 22.9856 9 30.9479
    endloop
  endfacet
  facet normal 0 -1 0
    outer loop
      vertex 13 9 40
      vertex 22.4655 9 28.333
      vertex 22.6613 9 29.6532
    endloop
  endfacet
  facet normal 0 -1 0
    outer loop
      vertex 13 9 40
      vertex 22.4 9 27
      vertex 22.4655 9 28.333
    endloop
  endfacet
  facet normal 0 -1 0
    outer loop
      vertex 13 9 12
      vertex 22.4 9 27
      vertex 13 9 40
    endloop
  endfacet
  facet normal 0 -1 -0
    outer loop
      vertex 22.4 9 27
      vertex 13 9 12
      vertex 22.4655 9 25.667
    endloop
  endfacet
  facet normal 0 -1 -0
    outer loop
      vertex 22.4655 9 25.667
      vertex 13 9 12
      vertex 22.6613 9 24.3468
    endloop
  endfacet
  facet normal 0 -1 -0
    outer loop
      vertex 22.6613 9 24.3468
      vertex 13 9 12
      vertex 22.9856 9 23.0521
    endloop
  endfacet
  facet normal 0 -1 -0
    outer loop
      vertex 22.9856 9 23.0521
      vertex 13 9 12
      vertex 23.4352 9 21.7955
    endloop
  endfacet
  facet normal 0 -1 -0
    outer loop
      vertex 34.667 9 13.4655
      vertex 13 9 12
      vertex 36 9 13.4
    endloop
  endfacet
  facet normal 0 -1 -0
    outer loop
      vertex 33.3468 9 13.6613
      vertex 13 9 12
      vertex 34.667 9 13.4655
    endloop
  endfacet
  facet normal 0 -1 -0
    outer loop
      vertex 32.0521 9 13.9856
      vertex 13 9 12
      vertex 33.3468 9 13.6613
    endloop
  endfacet
  facet normal 0 -1 -0
    outer loop
      vertex 30.7955 9 14.4352
      vertex 13 9 12
      vertex 32.0521 9 13.9856
    endloop
  endfacet
  facet normal 0 -1 -0
    outer loop
      vertex 29.589 9 15.0059
      vertex 13 9 12
      vertex 30.7955 9 14.4352
    endloop
  endfacet
  facet normal 0 -1 -0
    outer loop
      vertex 28.4442 9 15.692
      vertex 13 9 12
      vertex 29.589 9 15.0059
    endloop
  endfacet
  facet normal 0 -1 -0
    outer loop
      vertex 27.3722 9 16.4871
      vertex 13 9 12
      vertex 28.4442 9 15.692
    endloop
  endfacet
  facet normal 0 -1 -0
    outer loop
      vertex 26.3833 9 17.3833
      vertex 13 9 12
      vertex 27.3722 9 16.4871
    endloop
  endfacet
  facet normal 0 -1 -0
    outer loop
      vertex 25.4871 9 18.3722
      vertex 13 9 12
      vertex 26.3833 9 17.3833
    endloop
  endfacet
  facet normal 0 -1 -0
    outer loop
      vertex 24.692 9 19.4442
      vertex 13 9 12
      vertex 25.4871 9 18.3722
    endloop
  endfacet
  facet normal 0 -1 -0
    outer loop
      vertex 24.0059 9 20.589
      vertex 13 9 12
      vertex 24.692 9 19.4442
    endloop
  endfacet
  facet normal 0 -1 -0
    outer loop
      vertex 23.4352 9 21.7955
      vertex 13 9 12
      vertex 24.0059 9 20.589
    endloop
  endfacet
  facet normal 0 -1 0
    outer loop
      vertex 41.2045 9 39.5648
      vertex 59 9 40
      vertex 39.9881 9 40
    endloop
  endfacet
  facet normal 0 -1 0
    outer loop
      vertex 42.411 9 38.9941
      vertex 59 9 40
      vertex 41.2045 9 39.5648
    endloop
  endfacet
  facet normal 0 -1 0
    outer loop
      vertex 43.5558 9 38.308
      vertex 59 9 40
      vertex 42.411 9 38.9941
    endloop
  endfacet
  facet normal 0 -1 0
    outer loop
      vertex 44.6277 9 37.5129
      vertex 59 9 40
      vertex 43.5558 9 38.308
    endloop
  endfacet
  facet normal 0 -1 0
    outer loop
      vertex 45.6167 9 36.6167
      vertex 59 9 40
      vertex 44.6277 9 37.5129
    endloop
  endfacet
  facet normal 0 -1 0
    outer loop
      vertex 46.5129 9 35.6277
      vertex 59 9 40
      vertex 45.6167 9 36.6167
    endloop
  endfacet
  facet normal 0 -1 0
    outer loop
      vertex 47.308 9 34.5558
      vertex 59 9 40
      vertex 46.5129 9 35.6277
    endloop
  endfacet
  facet normal 0 -1 0
    outer loop
      vertex 47.9941 9 33.411
      vertex 59 9 40
      vertex 47.308 9 34.5558
    endloop
  endfacet
  facet normal 0 -1 0
    outer loop
      vertex 48.5648 9 32.2045
      vertex 59 9 40
      vertex 47.9941 9 33.411
    endloop
  endfacet
  facet normal 0 -1 0
    outer loop
      vertex 49.0144 9 30.9479
      vertex 59 9 40
      vertex 48.5648 9 32.2045
    endloop
  endfacet
  facet normal 0 -1 0
    outer loop
      vertex 49.3387 9 29.6532
      vertex 59 9 40
      vertex 49.0144 9 30.9479
    endloop
  endfacet
  facet normal 0 -1 0
    outer loop
      vertex 49.5345 9 28.333
      vertex 59 9 40
      vertex 49.3387 9 29.6532
    endloop
  endfacet
  facet normal 0 -1 0
    outer loop
      vertex 49.6 9 27
      vertex 59 9 40
      vertex 49.5345 9 28.333
    endloop
  endfacet
  facet normal 0 -1 0
    outer loop
      vertex 59 9 12
      vertex 49.6 9 27
      vertex 49.5345 9 25.667
    endloop
  endfacet
  facet normal 0 -1 0
    outer loop
      vertex 59 9 12
      vertex 49.5345 9 25.667
      vertex 49.3387 9 24.3468
    endloop
  endfacet
  facet normal 0 -1 0
    outer loop
      vertex 59 9 12
      vertex 49.3387 9 24.3468
      vertex 49.0144 9 23.0521
    endloop
  endfacet
  facet normal 0 -1 0
    outer loop
      vertex 59 9 12
      vertex 49.0144 9 23.0521
      vertex 48.5648 9 21.7955
    endloop
  endfacet
  facet normal 0 -1 0
    outer loop
      vertex 59 9 12
      vertex 48.5648 9 21.7955
      vertex 47.9941 9 20.589
    endloop
  endfacet
  facet normal 0 -1 0
    outer loop
      vertex 59 9 12
      vertex 36 9 13.4
      vertex 13 9 12
    endloop
  endfacet
  facet normal 0 -1 0
    outer loop
      vertex 49.6 9 27
      vertex 59 9 12
      vertex 59 9 40
    endloop
  endfacet
  facet normal 0 -1 0
    outer loop
      vertex 47.308 9 19.4442
      vertex 59 9 12
      vertex 47.9941 9 20.589
    endloop
  endfacet
  facet normal 0 -1 0
    outer loop
      vertex 46.5129 9 18.3722
      vertex 59 9 12
      vertex 47.308 9 19.4442
    endloop
  endfacet
  facet normal 0 -1 0
    outer loop
      vertex 45.6167 9 17.3833
      vertex 59 9 12
      vertex 46.5129 9 18.3722
    endloop
  endfacet
  facet normal 0 -1 0
    outer loop
      vertex 44.6277 9 16.4871
      vertex 59 9 12
      vertex 45.6167 9 17.3833
    endloop
  endfacet
  facet normal 0 -1 0
    outer loop
      vertex 43.5558 9 15.692
      vertex 59 9 12
      vertex 44.6277 9 16.4871
    endloop
  endfacet
  facet normal 0 -1 0
    outer loop
      vertex 42.411 9 15.0059
      vertex 59 9 12
      vertex 43.5558 9 15.692
    endloop
  endfacet
  facet normal 0 -1 0
    outer loop
      vertex 41.2045 9 14.4352
      vertex 59 9 12
      vertex 42.411 9 15.0059
    endloop
  endfacet
  facet normal 0 -1 0
    outer loop
      vertex 39.9479 9 13.9856
      vertex 59 9 12
      vertex 41.2045 9 14.4352
    endloop
  endfacet
  facet normal 0 -1 0
    outer loop
      vertex 38.6532 9 13.6613
      vertex 59 9 12
      vertex 39.9479 9 13.9856
    endloop
  endfacet
  facet normal 0 -1 0
    outer loop
      vertex 37.333 9 13.4655
      vertex 59 9 12
      vertex 38.6532 9 13.6613
    endloop
  endfacet
  facet normal 0 -1 0
    outer loop
      vertex 36 9 13.4
      vertex 59 9 12
      vertex 37.333 9 13.4655
    endloop
  endfacet
  facet normal 0.923877 -0.38269 0
    outer loop
      vertex 62.4641 11 40
      vertex 62.8637 11.9647 12
      vertex 62.8637 11.9647 40
    endloop
  endfacet
  facet normal 0.923877 -0.38269 0
    outer loop
      vertex 62.8637 11.9647 12
      vertex 62.4641 11 40
      vertex 62.4641 11 12
    endloop
  endfacet
  facet normal 0.923877 0.38269 0
    outer loop
      vertex 62.8637 80.0353 40
      vertex 62.4641 81 12
      vertex 62.4641 81 40
    endloop
  endfacet
  facet normal 0.923877 0.38269 0
    outer loop
      vertex 62.4641 81 12
      vertex 62.8637 80.0353 40
      vertex 62.8637 80.0353 12
    endloop
  endfacet
  facet normal 0.991445 0.130526 0
    outer loop
      vertex 63 79 40
      vertex 62.8637 80.0353 12
      vertex 62.8637 80.0353 40
    endloop
  endfacet
  facet normal 0.991445 0.130526 0
    outer loop
      vertex 62.8637 80.0353 12
      vertex 63 79 40
      vertex 63 79 12
    endloop
  endfacet
  facet normal 0 1 -0
    outer loop
      vertex 59 83 12
      vertex 13 83 40
      vertex 59 83 40
    endloop
  endfacet
  facet normal 0 1 0
    outer loop
      vertex 13 83 40
      vertex 59 83 12
      vertex 13 83 12
    endloop
  endfacet
  facet normal 1 0 0
    outer loop
      vertex 63 79 40
      vertex 63 67 28
      vertex 63 79 12
    endloop
  endfacet
  facet normal 1 -0 0
    outer loop
      vertex 63 60 40
      vertex 63 67 28
      vertex 63 79 40
    endloop
  endfacet
  facet normal 1 0 0
    outer loop
      vertex 63 67 28
      vertex 63 60 40
      vertex 63 60 28
    endloop
  endfacet
  facet normal 1 0 0
    outer loop
      vertex 63 79 12
      vertex 63 67 28
      vertex 63 67 12
    endloop
  endfacet
  facet normal 1 0 0
    outer loop
      vertex 63 42 40
      vertex 63 25 28
      vertex 63 42 28
    endloop
  endfacet
  facet normal 1 -0 0
    outer loop
      vertex 63 13 40
      vertex 63 25 28
      vertex 63 42 40
    endloop
  endfacet
  facet normal 1 0 0
    outer loop
      vertex 63 13 12
      vertex 63 25 28
      vertex 63 13 40
    endloop
  endfacet
  facet normal 1 0 0
    outer loop
      vertex 63 25 28
      vertex 63 13 12
      vertex 63 25 12
    endloop
  endfacet
  facet normal 0 0 1
    outer loop
      vertex 59 83 40
      vertex 63 79 40
      vertex 62.8637 80.0353 40
    endloop
  endfacet
  facet normal 0 0 1
    outer loop
      vertex 59 83 40
      vertex 62.8637 80.0353 40
      vertex 62.4641 81 40
    endloop
  endfacet
  facet normal 0 0 1
    outer loop
      vertex 59 83 40
      vertex 62.4641 81 40
      vertex 61.8284 81.8284 40
    endloop
  endfacet
  facet normal 0 0 1
    outer loop
      vertex 59 83 40
      vertex 61.8284 81.8284 40
      vertex 61 82.4641 40
    endloop
  endfacet
  facet normal 0 0 1
    outer loop
      vertex 59 83 40
      vertex 61 82.4641 40
      vertex 60.0353 82.8637 40
    endloop
  endfacet
  facet normal 0 0 1
    outer loop
      vertex 63 79 40
      vertex 59 83 40
      vertex 56 60 40
    endloop
  endfacet
  facet normal 0 0 1
    outer loop
      vertex 63 79 40
      vertex 56 60 40
      vertex 63 60 40
    endloop
  endfacet
  facet normal 0 0 1
    outer loop
      vertex 56 60 40
      vertex 39.9881 46 40
      vertex 56 42 40
    endloop
  endfacet
  facet normal -0 0 1
    outer loop
      vertex 13 83 40
      vertex 56 60 40
      vertex 59 83 40
    endloop
  endfacet
  facet normal 0 0 1
    outer loop
      vertex 56 60 40
      vertex 32.0119 46 40
      vertex 39.9881 46 40
    endloop
  endfacet
  facet normal 0 0 1
    outer loop
      vertex 56 60 40
      vertex 13 83 40
      vertex 32.0119 46 40
    endloop
  endfacet
  facet normal -0 0 1
    outer loop
      vertex 9 79 40
      vertex 32.0119 46 40
      vertex 13 83 40
    endloop
  endfacet
  facet normal 0 0 1
    outer loop
      vertex 9 13 40
      vertex 32.0119 46 40
      vertex 9 79 40
    endloop
  endfacet
  facet normal 0 0 1
    outer loop
      vertex 9 79 40
      vertex 13 83 40
      vertex 11.9647 82.8637 40
    endloop
  endfacet
  facet normal 0 0 1
    outer loop
      vertex 32.0119 46 40
      vertex 9 13 40
      vertex 32.0119 9 40
    endloop
  endfacet
  facet normal 0 0 1
    outer loop
      vertex 9 79 40
      vertex 11.9647 82.8637 40
      vertex 11 82.4641 40
    endloop
  endfacet
  facet normal 0 0 1
    outer loop
      vertex 32.0119 9 40
      vertex 9 13 40
      vertex 13 9 40
    endloop
  endfacet
  facet normal 0 0 1
    outer loop
      vertex 9 79 40
      vertex 11 82.4641 40
      vertex 10.1716 81.8284 40
    endloop
  endfacet
  facet normal 0 0 1
    outer loop
      vertex 13 9 40
      vertex 9 13 40
      vertex 11.9647 9.1363 40
    endloop
  endfacet
  facet normal 0 0 1
    outer loop
      vertex 9 79 40
      vertex 10.1716 81.8284 40
      vertex 9.5359 81 40
    endloop
  endfacet
  facet normal 0 0 1
    outer loop
      vertex 11.9647 9.1363 40
      vertex 9 13 40
      vertex 11 9.5359 40
    endloop
  endfacet
  facet normal 0 0 1
    outer loop
      vertex 9 79 40
      vertex 9.5359 81 40
      vertex 9.1363 80.0353 40
    endloop
  endfacet
  facet normal 0 0 1
    outer loop
      vertex 11 9.5359 40
      vertex 9 13 40
      vertex 10.1716 10.1716 40
    endloop
  endfacet
  facet normal 0 0 1
    outer loop
      vertex 10.1716 10.1716 40
      vertex 9 13 40
      vertex 9.5359 11 40
    endloop
  endfacet
  facet normal 0 0 1
    outer loop
      vertex 9.5359 11 40
      vertex 9 13 40
      vertex 9.1363 11.9647 40
    endloop
  endfacet
  facet normal -0 0 1
    outer loop
      vertex 56 42 40
      vertex 63 13 40
      vertex 63 42 40
    endloop
  endfacet
  facet normal 0 0 1
    outer loop
      vertex 39.9881 9 40
      vertex 63 13 40
      vertex 56 42 40
    endloop
  endfacet
  facet normal 0 0 1
    outer loop
      vertex 63 13 40
      vertex 59 9 40
      vertex 62.8637 11.9647 40
    endloop
  endfacet
  facet normal 0 0 1
    outer loop
      vertex 62.8637 11.9647 40
      vertex 59 9 40
      vertex 62.4641 11 40
    endloop
  endfacet
  facet normal 0 0 1
    outer loop
      vertex 62.4641 11 40
      vertex 59 9 40
      vertex 61.8284 10.1716 40
    endloop
  endfacet
  facet normal 0 0 1
    outer loop
      vertex 61.8284 10.1716 40
      vertex 59 9 40
      vertex 61 9.5359 40
    endloop
  endfacet
  facet normal 0 0 1
    outer loop
      vertex 61 9.5359 40
      vertex 59 9 40
      vertex 60.0353 9.1363 40
    endloop
  endfacet
  facet normal 0 0 1
    outer loop
      vertex 39.9881 9 40
      vertex 56 42 40
      vertex 39.9881 46 40
    endloop
  endfacet
  facet normal 0 0 1
    outer loop
      vertex 63 13 40
      vertex 39.9881 9 40
      vertex 59 9 40
    endloop
  endfacet
  facet normal -0.793332 0.608789 0
    outer loop
      vertex 9.5359 81 12
      vertex 10.1716 81.8284 40
      vertex 10.1716 81.8284 12
    endloop
  endfacet
  facet normal -0.793332 0.608789 0
    outer loop
      vertex 10.1716 81.8284 40
      vertex 9.5359 81 12
      vertex 9.5359 81 40
    endloop
  endfacet
  facet normal -0.991445 0.130526 0
    outer loop
      vertex 9 79 12
      vertex 9.1363 80.0353 40
      vertex 9.1363 80.0353 12
    endloop
  endfacet
  facet normal -0.991445 0.130526 0
    outer loop
      vertex 9.1363 80.0353 40
      vertex 9 79 12
      vertex 9 79 40
    endloop
  endfacet
  facet normal -0.130526 0.991445 0
    outer loop
      vertex 13 83 12
      vertex 11.9647 82.8637 40
      vertex 13 83 40
    endloop
  endfacet
  facet normal -0.130526 0.991445 0
    outer loop
      vertex 11.9647 82.8637 40
      vertex 13 83 12
      vertex 11.9647 82.8637 12
    endloop
  endfacet
  facet normal -0.38269 0.923877 0
    outer loop
      vertex 11.9647 82.8637 12
      vertex 11 82.4641 40
      vertex 11.9647 82.8637 40
    endloop
  endfacet
  facet normal -0.38269 0.923877 0
    outer loop
      vertex 11 82.4641 40
      vertex 11.9647 82.8637 12
      vertex 11 82.4641 12
    endloop
  endfacet
  facet normal -1 0 0
    outer loop
      vertex 9 13 12
      vertex 9 79 40
      vertex 9 79 12
    endloop
  endfacet
  facet normal -1 -0 0
    outer loop
      vertex 9 79 40
      vertex 9 13 12
      vertex 9 13 40
    endloop
  endfacet
  facet normal -0.793332 -0.608789 0
    outer loop
      vertex 10.1716 10.1716 12
      vertex 9.5359 11 40
      vertex 9.5359 11 12
    endloop
  endfacet
  facet normal -0.793332 -0.608789 0
    outer loop
      vertex 9.5359 11 40
      vertex 10.1716 10.1716 12
      vertex 10.1716 10.1716 40
    endloop
  endfacet
  facet normal -0.38269 -0.923877 0
    outer loop
      vertex 11 9.5359 12
      vertex 11.9647 9.1363 40
      vertex 11 9.5359 40
    endloop
  endfacet
  facet normal -0.38269 -0.923877 -0
    outer loop
      vertex 11.9647 9.1363 40
      vertex 11 9.5359 12
      vertex 11.9647 9.1363 12
    endloop
  endfacet
  facet normal 0.793332 0.608789 0
    outer loop
      vertex 62.4641 81 40
      vertex 61.8284 81.8284 12
      vertex 61.8284 81.8284 40
    endloop
  endfacet
  facet normal 0.793332 0.608789 0
    outer loop
      vertex 61.8284 81.8284 12
      vertex 62.4641 81 40
      vertex 62.4641 81 12
    endloop
  endfacet
  facet normal -0.130526 -0.991445 0
    outer loop
      vertex 11.9647 9.1363 12
      vertex 13 9 40
      vertex 11.9647 9.1363 40
    endloop
  endfacet
  facet normal -0.130526 -0.991445 -0
    outer loop
      vertex 13 9 40
      vertex 11.9647 9.1363 12
      vertex 13 9 12
    endloop
  endfacet
  facet normal 0.38269 0.923877 -0
    outer loop
      vertex 61 82.4641 12
      vertex 60.0353 82.8637 40
      vertex 61 82.4641 40
    endloop
  endfacet
  facet normal 0.38269 0.923877 0
    outer loop
      vertex 60.0353 82.8637 40
      vertex 61 82.4641 12
      vertex 60.0353 82.8637 12
    endloop
  endfacet
  facet normal 0.130526 0.991445 -0
    outer loop
      vertex 60.0353 82.8637 12
      vertex 59 83 40
      vertex 60.0353 82.8637 40
    endloop
  endfacet
  facet normal 0.130526 0.991445 0
    outer loop
      vertex 59 83 40
      vertex 60.0353 82.8637 12
      vertex 59 83 12
    endloop
  endfacet
  facet normal -0.923877 -0.38269 0
    outer loop
      vertex 9.5359 11 12
      vertex 9.1363 11.9647 40
      vertex 9.1363 11.9647 12
    endloop
  endfacet
  facet normal -0.923877 -0.38269 0
    outer loop
      vertex 9.1363 11.9647 40
      vertex 9.5359 11 12
      vertex 9.5359 11 40
    endloop
  endfacet
  facet normal 0.793332 -0.608789 0
    outer loop
      vertex 61.8284 10.1716 40
      vertex 62.4641 11 12
      vertex 62.4641 11 40
    endloop
  endfacet
  facet normal 0.793332 -0.608789 0
    outer loop
      vertex 62.4641 11 12
      vertex 61.8284 10.1716 40
      vertex 61.8284 10.1716 12
    endloop
  endfacet
  facet normal 0.130526 -0.991445 0
    outer loop
      vertex 59 9 12
      vertex 60.0353 9.1363 40
      vertex 59 9 40
    endloop
  endfacet
  facet normal 0.130526 -0.991445 0
    outer loop
      vertex 60.0353 9.1363 40
      vertex 59 9 12
      vertex 60.0353 9.1363 12
    endloop
  endfacet
  facet normal 0.38269 -0.923877 0
    outer loop
      vertex 60.0353 9.1363 12
      vertex 61 9.5359 40
      vertex 60.0353 9.1363 40
    endloop
  endfacet
  facet normal 0.38269 -0.923877 0
    outer loop
      vertex 61 9.5359 40
      vertex 60.0353 9.1363 12
      vertex 61 9.5359 12
    endloop
  endfacet
  facet normal 0 -1 0
    outer loop
      vertex 63 25 12
      vertex 65 25 28
      vertex 63 25 28
    endloop
  endfacet
  facet normal 0 -1 -0
    outer loop
      vertex 65 25 28
      vertex 63 25 12
      vertex 65 25 12
    endloop
  endfacet
  facet normal 0.130491 0.99145 -0
    outer loop
      vertex 65.7765 66.8978 12
      vertex 65 67 28
      vertex 65.7765 66.8978 28
    endloop
  endfacet
  facet normal 0.130491 0.99145 0
    outer loop
      vertex 65 67 28
      vertex 65.7765 66.8978 12
      vertex 65 67 12
    endloop
  endfacet
  facet normal 0.608809 0.793316 -0
    outer loop
      vertex 67.1213 66.1213 12
      vertex 66.5 66.5981 28
      vertex 67.1213 66.1213 28
    endloop
  endfacet
  facet normal 0.608809 0.793316 0
    outer loop
      vertex 66.5 66.5981 28
      vertex 67.1213 66.1213 12
      vertex 66.5 66.5981 12
    endloop
  endfacet
  facet normal 0.923872 0.382701 0
    outer loop
      vertex 67.8978 64.7765 28
      vertex 67.5981 65.5 12
      vertex 67.5981 65.5 28
    endloop
  endfacet
  facet normal 0.923872 0.382701 0
    outer loop
      vertex 67.5981 65.5 12
      vertex 67.8978 64.7765 28
      vertex 67.8978 64.7765 12
    endloop
  endfacet
  facet normal 0.99145 0.130491 0
    outer loop
      vertex 68 64 28
      vertex 67.8978 64.7765 12
      vertex 67.8978 64.7765 28
    endloop
  endfacet
  facet normal 0.99145 0.130491 0
    outer loop
      vertex 67.8978 64.7765 12
      vertex 68 64 28
      vertex 68 64 12
    endloop
  endfacet
  facet normal 1 0 0
    outer loop
      vertex 68 42 28
      vertex 68 28 28
      vertex 68 42 26
    endloop
  endfacet
  facet normal 1 0 0
    outer loop
      vertex 68 60 26
      vertex 68 64 28
      vertex 68 60 28
    endloop
  endfacet
  facet normal 1 0 0
    outer loop
      vertex 68 64 28
      vertex 68 60 26
      vertex 68 64 12
    endloop
  endfacet
  facet normal 1 -0 0
    outer loop
      vertex 68 42 26
      vertex 68 64 12
      vertex 68 60 26
    endloop
  endfacet
  facet normal 1 0 0
    outer loop
      vertex 68 28 12
      vertex 68 42 26
      vertex 68 28 28
    endloop
  endfacet
  facet normal 1 0 0
    outer loop
      vertex 68 42 26
      vertex 68 28 12
      vertex 68 64 12
    endloop
  endfacet
  facet normal 0.382701 0.923872 -0
    outer loop
      vertex 66.5 66.5981 12
      vertex 65.7765 66.8978 28
      vertex 66.5 66.5981 28
    endloop
  endfacet
  facet normal 0.382701 0.923872 0
    outer loop
      vertex 65.7765 66.8978 28
      vertex 66.5 66.5981 12
      vertex 65.7765 66.8978 12
    endloop
  endfacet
  facet normal 0 1 -0
    outer loop
      vertex 65 67 12
      vertex 63 67 28
      vertex 65 67 28
    endloop
  endfacet
  facet normal 0 1 0
    outer loop
      vertex 63 67 28
      vertex 65 67 12
      vertex 63 67 12
    endloop
  endfacet
  facet normal 0.99145 -0.130491 0
    outer loop
      vertex 67.8978 27.2235 28
      vertex 68 28 12
      vertex 68 28 28
    endloop
  endfacet
  facet normal 0.99145 -0.130491 0
    outer loop
      vertex 68 28 12
      vertex 67.8978 27.2235 28
      vertex 67.8978 27.2235 12
    endloop
  endfacet
  facet normal 0.130491 -0.99145 0
    outer loop
      vertex 65 25 12
      vertex 65.7765 25.1022 28
      vertex 65 25 28
    endloop
  endfacet
  facet normal 0.130491 -0.99145 0
    outer loop
      vertex 65.7765 25.1022 28
      vertex 65 25 12
      vertex 65.7765 25.1022 12
    endloop
  endfacet
  facet normal 0.382701 -0.923872 0
    outer loop
      vertex 65.7765 25.1022 12
      vertex 66.5 25.4019 28
      vertex 65.7765 25.1022 28
    endloop
  endfacet
  facet normal 0.382701 -0.923872 0
    outer loop
      vertex 66.5 25.4019 28
      vertex 65.7765 25.1022 12
      vertex 66.5 25.4019 12
    endloop
  endfacet
  facet normal 0 0 1
    outer loop
      vertex 65 67 28
      vertex 68 64 28
      vertex 67.8978 64.7765 28
    endloop
  endfacet
  facet normal 0 0 1
    outer loop
      vertex 65 67 28
      vertex 67.8978 64.7765 28
      vertex 67.5981 65.5 28
    endloop
  endfacet
  facet normal 0 0 1
    outer loop
      vertex 65 67 28
      vertex 67.5981 65.5 28
      vertex 67.1213 66.1213 28
    endloop
  endfacet
  facet normal 0 0 1
    outer loop
      vertex 65 67 28
      vertex 67.1213 66.1213 28
      vertex 66.5 66.5981 28
    endloop
  endfacet
  facet normal 0 0 1
    outer loop
      vertex 65 67 28
      vertex 66.5 66.5981 28
      vertex 65.7765 66.8978 28
    endloop
  endfacet
  facet normal 0 0 1
    outer loop
      vertex 68 64 28
      vertex 65 67 28
      vertex 63 60 28
    endloop
  endfacet
  facet normal 0 0 1
    outer loop
      vertex 63 60 28
      vertex 65 67 28
      vertex 63 67 28
    endloop
  endfacet
  facet normal 0 0 1
    outer loop
      vertex 68 64 28
      vertex 63 60 28
      vertex 68 60 28
    endloop
  endfacet
  facet normal -0 0 1
    outer loop
      vertex 63 42 28
      vertex 68 28 28
      vertex 68 42 28
    endloop
  endfacet
  facet normal 0 0 1
    outer loop
      vertex 63 25 28
      vertex 68 28 28
      vertex 63 42 28
    endloop
  endfacet
  facet normal 0 -0 1
    outer loop
      vertex 65 25 28
      vertex 68 28 28
      vertex 63 25 28
    endloop
  endfacet
  facet normal 0 0 1
    outer loop
      vertex 68 28 28
      vertex 65 25 28
      vertex 67.8978 27.2235 28
    endloop
  endfacet
  facet normal 0 0 1
    outer loop
      vertex 67.8978 27.2235 28
      vertex 65 25 28
      vertex 67.5981 26.5 28
    endloop
  endfacet
  facet normal 0 0 1
    outer loop
      vertex 67.5981 26.5 28
      vertex 65 25 28
      vertex 67.1213 25.8787 28
    endloop
  endfacet
  facet normal 0 0 1
    outer loop
      vertex 66.5 25.4019 28
      vertex 65 25 28
      vertex 65.7765 25.1022 28
    endloop
  endfacet
  facet normal 0 0 1
    outer loop
      vertex 67.1213 25.8787 28
      vertex 65 25 28
      vertex 66.5 25.4019 28
    endloop
  endfacet
  facet normal 0.608809 -0.793316 0
    outer loop
      vertex 66.5 25.4019 12
      vertex 67.1213 25.8787 28
      vertex 66.5 25.4019 28
    endloop
  endfacet
  facet normal 0.608809 -0.793316 0
    outer loop
      vertex 67.1213 25.8787 28
      vertex 66.5 25.4019 12
      vertex 67.1213 25.8787 12
    endloop
  endfacet
  facet normal 0.793316 -0.608809 0
    outer loop
      vertex 67.1213 25.8787 28
      vertex 67.5981 26.5 12
      vertex 67.5981 26.5 28
    endloop
  endfacet
  facet normal 0.793316 -0.608809 0
    outer loop
      vertex 67.5981 26.5 12
      vertex 67.1213 25.8787 28
      vertex 67.1213 25.8787 12
    endloop
  endfacet
  facet normal 0.793316 0.608809 0
    outer loop
      vertex 67.5981 65.5 28
      vertex 67.1213 66.1213 12
      vertex 67.1213 66.1213 28
    endloop
  endfacet
  facet normal 0.793316 0.608809 0
    outer loop
      vertex 67.1213 66.1213 12
      vertex 67.5981 65.5 28
      vertex 67.5981 65.5 12
    endloop
  endfacet
  facet normal 0.923872 -0.382701 0
    outer loop
      vertex 67.5981 26.5 28
      vertex 67.8978 27.2235 12
      vertex 67.8978 27.2235 28
    endloop
  endfacet
  facet normal 0.923872 -0.382701 0
    outer loop
      vertex 67.8978 27.2235 12
      vertex 67.5981 26.5 28
      vertex 67.5981 26.5 12
    endloop
  endfacet
  facet normal -0.382823 0.923822 0
    outer loop
      vertex 13.85 11.5278 0
      vertex 13.44 11.3579 15.99
      vertex 13.85 11.5278 15.99
    endloop
  endfacet
  facet normal -0.382823 0.923822 0
    outer loop
      vertex 13.44 11.3579 15.99
      vertex 13.85 11.5278 0
      vertex 13.44 11.3579 0
    endloop
  endfacet
  facet normal 0.130466 -0.991453 0
    outer loop
      vertex 12.56 14.6421 0
      vertex 13 14.7 15.99
      vertex 12.56 14.6421 15.99
    endloop
  endfacet
  facet normal 0.130466 -0.991453 0
    outer loop
      vertex 13 14.7 15.99
      vertex 12.56 14.6421 0
      vertex 13 14.7 0
    endloop
  endfacet
  facet normal -0.923822 -0.382823 0
    outer loop
      vertex 14.6421 13.44 0
      vertex 14.4722 13.85 15.99
      vertex 14.4722 13.85 0
    endloop
  endfacet
  facet normal -0.923822 -0.382823 0
    outer loop
      vertex 14.4722 13.85 15.99
      vertex 14.6421 13.44 0
      vertex 14.6421 13.44 15.99
    endloop
  endfacet
  facet normal -0.991453 -0.130466 0
    outer loop
      vertex 14.7 13 0
      vertex 14.6421 13.44 15.99
      vertex 14.6421 13.44 0
    endloop
  endfacet
  facet normal -0.991453 -0.130466 0
    outer loop
      vertex 14.6421 13.44 15.99
      vertex 14.7 13 0
      vertex 14.7 13 15.99
    endloop
  endfacet
  facet normal -0.793436 -0.608654 0
    outer loop
      vertex 14.4722 13.85 0
      vertex 14.2021 14.2021 15.99
      vertex 14.2021 14.2021 0
    endloop
  endfacet
  facet normal -0.793436 -0.608654 0
    outer loop
      vertex 14.2021 14.2021 15.99
      vertex 14.4722 13.85 0
      vertex 14.4722 13.85 15.99
    endloop
  endfacet
  facet normal -0.793436 0.608654 0
    outer loop
      vertex 14.2021 11.7979 0
      vertex 14.4722 12.15 15.99
      vertex 14.4722 12.15 0
    endloop
  endfacet
  facet normal -0.793436 0.608654 0
    outer loop
      vertex 14.4722 12.15 15.99
      vertex 14.2021 11.7979 0
      vertex 14.2021 11.7979 15.99
    endloop
  endfacet
  facet normal 0.608654 -0.793436 0
    outer loop
      vertex 11.7979 14.2021 0
      vertex 12.15 14.4722 15.99
      vertex 11.7979 14.2021 15.99
    endloop
  endfacet
  facet normal 0.608654 -0.793436 0
    outer loop
      vertex 12.15 14.4722 15.99
      vertex 11.7979 14.2021 0
      vertex 12.15 14.4722 0
    endloop
  endfacet
  facet normal -0.608654 -0.793436 0
    outer loop
      vertex 13.85 14.4722 0
      vertex 14.2021 14.2021 15.99
      vertex 13.85 14.4722 15.99
    endloop
  endfacet
  facet normal -0.608654 -0.793436 -0
    outer loop
      vertex 14.2021 14.2021 15.99
      vertex 13.85 14.4722 0
      vertex 14.2021 14.2021 0
    endloop
  endfacet
  facet normal 0.793436 -0.608654 0
    outer loop
      vertex 11.5278 13.85 15.99
      vertex 11.7979 14.2021 0
      vertex 11.7979 14.2021 15.99
    endloop
  endfacet
  facet normal 0.793436 -0.608654 0
    outer loop
      vertex 11.7979 14.2021 0
      vertex 11.5278 13.85 15.99
      vertex 11.5278 13.85 0
    endloop
  endfacet
  facet normal 0.382823 0.923822 -0
    outer loop
      vertex 12.56 11.3579 0
      vertex 12.15 11.5278 15.99
      vertex 12.56 11.3579 15.99
    endloop
  endfacet
  facet normal 0.382823 0.923822 0
    outer loop
      vertex 12.15 11.5278 15.99
      vertex 12.56 11.3579 0
      vertex 12.15 11.5278 0
    endloop
  endfacet
  facet normal 0.608654 0.793436 -0
    outer loop
      vertex 12.15 11.5278 0
      vertex 11.7979 11.7979 15.99
      vertex 12.15 11.5278 15.99
    endloop
  endfacet
  facet normal 0.608654 0.793436 0
    outer loop
      vertex 11.7979 11.7979 15.99
      vertex 12.15 11.5278 0
      vertex 11.7979 11.7979 0
    endloop
  endfacet
  facet normal -0.923822 0.382823 0
    outer loop
      vertex 14.4722 12.15 0
      vertex 14.6421 12.56 15.99
      vertex 14.6421 12.56 0
    endloop
  endfacet
  facet normal -0.923822 0.382823 0
    outer loop
      vertex 14.6421 12.56 15.99
      vertex 14.4722 12.15 0
      vertex 14.4722 12.15 15.99
    endloop
  endfacet
  facet normal -0.130466 0.991453 0
    outer loop
      vertex 13.44 11.3579 0
      vertex 13 11.3 15.99
      vertex 13.44 11.3579 15.99
    endloop
  endfacet
  facet normal -0.130466 0.991453 0
    outer loop
      vertex 13 11.3 15.99
      vertex 13.44 11.3579 0
      vertex 13 11.3 0
    endloop
  endfacet
  facet normal -0.608654 0.793436 0
    outer loop
      vertex 14.2021 11.7979 0
      vertex 13.85 11.5278 15.99
      vertex 14.2021 11.7979 15.99
    endloop
  endfacet
  facet normal -0.608654 0.793436 0
    outer loop
      vertex 13.85 11.5278 15.99
      vertex 14.2021 11.7979 0
      vertex 13.85 11.5278 0
    endloop
  endfacet
  facet normal 0.382823 -0.923822 0
    outer loop
      vertex 12.15 14.4722 0
      vertex 12.56 14.6421 15.99
      vertex 12.15 14.4722 15.99
    endloop
  endfacet
  facet normal 0.382823 -0.923822 0
    outer loop
      vertex 12.56 14.6421 15.99
      vertex 12.15 14.4722 0
      vertex 12.56 14.6421 0
    endloop
  endfacet
  facet normal -0.382823 -0.923822 0
    outer loop
      vertex 13.44 14.6421 0
      vertex 13.85 14.4722 15.99
      vertex 13.44 14.6421 15.99
    endloop
  endfacet
  facet normal -0.382823 -0.923822 -0
    outer loop
      vertex 13.85 14.4722 15.99
      vertex 13.44 14.6421 0
      vertex 13.85 14.4722 0
    endloop
  endfacet
  facet normal 0 0 -1
    outer loop
      vertex 14.6421 12.56 15.99
      vertex 14.6421 13.44 15.99
      vertex 14.7 13 15.99
    endloop
  endfacet
  facet normal 0 0 -1
    outer loop
      vertex 14.4722 12.15 15.99
      vertex 14.6421 13.44 15.99
      vertex 14.6421 12.56 15.99
    endloop
  endfacet
  facet normal 0 0 -1
    outer loop
      vertex 14.4722 12.15 15.99
      vertex 14.4722 13.85 15.99
      vertex 14.6421 13.44 15.99
    endloop
  endfacet
  facet normal 0 0 -1
    outer loop
      vertex 14.2021 11.7979 15.99
      vertex 14.4722 13.85 15.99
      vertex 14.4722 12.15 15.99
    endloop
  endfacet
  facet normal 0 0 -1
    outer loop
      vertex 14.2021 11.7979 15.99
      vertex 14.2021 14.2021 15.99
      vertex 14.4722 13.85 15.99
    endloop
  endfacet
  facet normal 0 0 -1
    outer loop
      vertex 13.85 11.5278 15.99
      vertex 14.2021 14.2021 15.99
      vertex 14.2021 11.7979 15.99
    endloop
  endfacet
  facet normal 0 0 -1
    outer loop
      vertex 13.85 11.5278 15.99
      vertex 13.85 14.4722 15.99
      vertex 14.2021 14.2021 15.99
    endloop
  endfacet
  facet normal 0 0 -1
    outer loop
      vertex 13.44 11.3579 15.99
      vertex 13.85 14.4722 15.99
      vertex 13.85 11.5278 15.99
    endloop
  endfacet
  facet normal 0 0 -1
    outer loop
      vertex 13.44 11.3579 15.99
      vertex 13.44 14.6421 15.99
      vertex 13.85 14.4722 15.99
    endloop
  endfacet
  facet normal 0 0 -1
    outer loop
      vertex 13 11.3 15.99
      vertex 13.44 14.6421 15.99
      vertex 13.44 11.3579 15.99
    endloop
  endfacet
  facet normal 0 0 -1
    outer loop
      vertex 13 11.3 15.99
      vertex 13 14.7 15.99
      vertex 13.44 14.6421 15.99
    endloop
  endfacet
  facet normal 0 0 -1
    outer loop
      vertex 12.56 11.3579 15.99
      vertex 13 14.7 15.99
      vertex 13 11.3 15.99
    endloop
  endfacet
  facet normal 0 0 -1
    outer loop
      vertex 12.56 11.3579 15.99
      vertex 12.56 14.6421 15.99
      vertex 13 14.7 15.99
    endloop
  endfacet
  facet normal 0 0 -1
    outer loop
      vertex 12.15 11.5278 15.99
      vertex 12.56 14.6421 15.99
      vertex 12.56 11.3579 15.99
    endloop
  endfacet
  facet normal 0 0 -1
    outer loop
      vertex 12.15 11.5278 15.99
      vertex 12.15 14.4722 15.99
      vertex 12.56 14.6421 15.99
    endloop
  endfacet
  facet normal 0 0 -1
    outer loop
      vertex 11.7979 11.7979 15.99
      vertex 12.15 14.4722 15.99
      vertex 12.15 11.5278 15.99
    endloop
  endfacet
  facet normal 0 0 -1
    outer loop
      vertex 11.7979 11.7979 15.99
      vertex 11.7979 14.2021 15.99
      vertex 12.15 14.4722 15.99
    endloop
  endfacet
  facet normal 0 0 -1
    outer loop
      vertex 11.5278 12.15 15.99
      vertex 11.7979 14.2021 15.99
      vertex 11.7979 11.7979 15.99
    endloop
  endfacet
  facet normal 0 0 -1
    outer loop
      vertex 11.5278 12.15 15.99
      vertex 11.5278 13.85 15.99
      vertex 11.7979 14.2021 15.99
    endloop
  endfacet
  facet normal 0 0 -1
    outer loop
      vertex 11.3579 12.56 15.99
      vertex 11.5278 13.85 15.99
      vertex 11.5278 12.15 15.99
    endloop
  endfacet
  facet normal 0 0 -1
    outer loop
      vertex 11.3579 12.56 15.99
      vertex 11.3579 13.44 15.99
      vertex 11.5278 13.85 15.99
    endloop
  endfacet
  facet normal 0 -0 -1
    outer loop
      vertex 11.3579 13.44 15.99
      vertex 11.3579 12.56 15.99
      vertex 11.3 13 15.99
    endloop
  endfacet
  facet normal 0.923822 -0.382823 0
    outer loop
      vertex 11.3579 13.44 15.99
      vertex 11.5278 13.85 0
      vertex 11.5278 13.85 15.99
    endloop
  endfacet
  facet normal 0.923822 -0.382823 0
    outer loop
      vertex 11.5278 13.85 0
      vertex 11.3579 13.44 15.99
      vertex 11.3579 13.44 0
    endloop
  endfacet
  facet normal -0.130466 -0.991453 0
    outer loop
      vertex 13 14.7 0
      vertex 13.44 14.6421 15.99
      vertex 13 14.7 15.99
    endloop
  endfacet
  facet normal -0.130466 -0.991453 -0
    outer loop
      vertex 13.44 14.6421 15.99
      vertex 13 14.7 0
      vertex 13.44 14.6421 0
    endloop
  endfacet
  facet normal -0.991453 0.130466 0
    outer loop
      vertex 14.6421 12.56 0
      vertex 14.7 13 15.99
      vertex 14.7 13 0
    endloop
  endfacet
  facet normal -0.991453 0.130466 0
    outer loop
      vertex 14.7 13 15.99
      vertex 14.6421 12.56 0
      vertex 14.6421 12.56 15.99
    endloop
  endfacet
  facet normal 0.923822 0.382823 0
    outer loop
      vertex 11.5278 12.15 15.99
      vertex 11.3579 12.56 0
      vertex 11.3579 12.56 15.99
    endloop
  endfacet
  facet normal 0.923822 0.382823 0
    outer loop
      vertex 11.3579 12.56 0
      vertex 11.5278 12.15 15.99
      vertex 11.5278 12.15 0
    endloop
  endfacet
  facet normal 0.130466 0.991453 -0
    outer loop
      vertex 13 11.3 0
      vertex 12.56 11.3579 15.99
      vertex 13 11.3 15.99
    endloop
  endfacet
  facet normal 0.130466 0.991453 0
    outer loop
      vertex 12.56 11.3579 15.99
      vertex 13 11.3 0
      vertex 12.56 11.3579 0
    endloop
  endfacet
  facet normal 0.991453 0.130466 0
    outer loop
      vertex 11.3579 12.56 15.99
      vertex 11.3 13 0
      vertex 11.3 13 15.99
    endloop
  endfacet
  facet normal 0.991453 0.130466 0
    outer loop
      vertex 11.3 13 0
      vertex 11.3579 12.56 15.99
      vertex 11.3579 12.56 0
    endloop
  endfacet
  facet normal 0.793436 0.608654 0
    outer loop
      vertex 11.7979 11.7979 15.99
      vertex 11.5278 12.15 0
      vertex 11.5278 12.15 15.99
    endloop
  endfacet
  facet normal 0.793436 0.608654 0
    outer loop
      vertex 11.5278 12.15 0
      vertex 11.7979 11.7979 15.99
      vertex 11.7979 11.7979 0
    endloop
  endfacet
  facet normal 0.991453 -0.130466 0
    outer loop
      vertex 11.3 13 15.99
      vertex 11.3579 13.44 0
      vertex 11.3579 13.44 15.99
    endloop
  endfacet
  facet normal 0.991453 -0.130466 0
    outer loop
      vertex 11.3579 13.44 0
      vertex 11.3 13 15.99
      vertex 11.3 13 0
    endloop
  endfacet
  facet normal -0.382823 0.923822 0
    outer loop
      vertex 13.85 77.5278 0
      vertex 13.44 77.3579 15.99
      vertex 13.85 77.5278 15.99
    endloop
  endfacet
  facet normal -0.382823 0.923822 0
    outer loop
      vertex 13.44 77.3579 15.99
      vertex 13.85 77.5278 0
      vertex 13.44 77.3579 0
    endloop
  endfacet
  facet normal 0.130466 -0.991453 0
    outer loop
      vertex 12.56 80.6421 0
      vertex 13 80.7 15.99
      vertex 12.56 80.6421 15.99
    endloop
  endfacet
  facet normal 0.130466 -0.991453 0
    outer loop
      vertex 13 80.7 15.99
      vertex 12.56 80.6421 0
      vertex 13 80.7 0
    endloop
  endfacet
  facet normal -0.923822 -0.382823 0
    outer loop
      vertex 14.6421 79.44 0
      vertex 14.4722 79.85 15.99
      vertex 14.4722 79.85 0
    endloop
  endfacet
  facet normal -0.923822 -0.382823 0
    outer loop
      vertex 14.4722 79.85 15.99
      vertex 14.6421 79.44 0
      vertex 14.6421 79.44 15.99
    endloop
  endfacet
  facet normal -0.991453 -0.130466 0
    outer loop
      vertex 14.7 79 0
      vertex 14.6421 79.44 15.99
      vertex 14.6421 79.44 0
    endloop
  endfacet
  facet normal -0.991453 -0.130466 0
    outer loop
      vertex 14.6421 79.44 15.99
      vertex 14.7 79 0
      vertex 14.7 79 15.99
    endloop
  endfacet
  facet normal -0.793436 -0.608654 0
    outer loop
      vertex 14.4722 79.85 0
      vertex 14.2021 80.2021 15.99
      vertex 14.2021 80.2021 0
    endloop
  endfacet
  facet normal -0.793436 -0.608654 0
    outer loop
      vertex 14.2021 80.2021 15.99
      vertex 14.4722 79.85 0
      vertex 14.4722 79.85 15.99
    endloop
  endfacet
  facet normal -0.793436 0.608654 0
    outer loop
      vertex 14.2021 77.7979 0
      vertex 14.4722 78.15 15.99
      vertex 14.4722 78.15 0
    endloop
  endfacet
  facet normal -0.793436 0.608654 0
    outer loop
      vertex 14.4722 78.15 15.99
      vertex 14.2021 77.7979 0
      vertex 14.2021 77.7979 15.99
    endloop
  endfacet
  facet normal 0.608654 -0.793436 0
    outer loop
      vertex 11.7979 80.2021 0
      vertex 12.15 80.4722 15.99
      vertex 11.7979 80.2021 15.99
    endloop
  endfacet
  facet normal 0.608654 -0.793436 0
    outer loop
      vertex 12.15 80.4722 15.99
      vertex 11.7979 80.2021 0
      vertex 12.15 80.4722 0
    endloop
  endfacet
  facet normal -0.608654 -0.793436 0
    outer loop
      vertex 13.85 80.4722 0
      vertex 14.2021 80.2021 15.99
      vertex 13.85 80.4722 15.99
    endloop
  endfacet
  facet normal -0.608654 -0.793436 -0
    outer loop
      vertex 14.2021 80.2021 15.99
      vertex 13.85 80.4722 0
      vertex 14.2021 80.2021 0
    endloop
  endfacet
  facet normal 0.793436 -0.608654 0
    outer loop
      vertex 11.5278 79.85 15.99
      vertex 11.7979 80.2021 0
      vertex 11.7979 80.2021 15.99
    endloop
  endfacet
  facet normal 0.793436 -0.608654 0
    outer loop
      vertex 11.7979 80.2021 0
      vertex 11.5278 79.85 15.99
      vertex 11.5278 79.85 0
    endloop
  endfacet
  facet normal 0.382823 0.923822 -0
    outer loop
      vertex 12.56 77.3579 0
      vertex 12.15 77.5278 15.99
      vertex 12.56 77.3579 15.99
    endloop
  endfacet
  facet normal 0.382823 0.923822 0
    outer loop
      vertex 12.15 77.5278 15.99
      vertex 12.56 77.3579 0
      vertex 12.15 77.5278 0
    endloop
  endfacet
  facet normal 0.608654 0.793436 -0
    outer loop
      vertex 12.15 77.5278 0
      vertex 11.7979 77.7979 15.99
      vertex 12.15 77.5278 15.99
    endloop
  endfacet
  facet normal 0.608654 0.793436 0
    outer loop
      vertex 11.7979 77.7979 15.99
      vertex 12.15 77.5278 0
      vertex 11.7979 77.7979 0
    endloop
  endfacet
  facet normal -0.923822 0.382823 0
    outer loop
      vertex 14.4722 78.15 0
      vertex 14.6421 78.56 15.99
      vertex 14.6421 78.56 0
    endloop
  endfacet
  facet normal -0.923822 0.382823 0
    outer loop
      vertex 14.6421 78.56 15.99
      vertex 14.4722 78.15 0
      vertex 14.4722 78.15 15.99
    endloop
  endfacet
  facet normal -0.130466 0.991453 0
    outer loop
      vertex 13.44 77.3579 0
      vertex 13 77.3 15.99
      vertex 13.44 77.3579 15.99
    endloop
  endfacet
  facet normal -0.130466 0.991453 0
    outer loop
      vertex 13 77.3 15.99
      vertex 13.44 77.3579 0
      vertex 13 77.3 0
    endloop
  endfacet
  facet normal -0.608654 0.793436 0
    outer loop
      vertex 14.2021 77.7979 0
      vertex 13.85 77.5278 15.99
      vertex 14.2021 77.7979 15.99
    endloop
  endfacet
  facet normal -0.608654 0.793436 0
    outer loop
      vertex 13.85 77.5278 15.99
      vertex 14.2021 77.7979 0
      vertex 13.85 77.5278 0
    endloop
  endfacet
  facet normal 0.382823 -0.923822 0
    outer loop
      vertex 12.15 80.4722 0
      vertex 12.56 80.6421 15.99
      vertex 12.15 80.4722 15.99
    endloop
  endfacet
  facet normal 0.382823 -0.923822 0
    outer loop
      vertex 12.56 80.6421 15.99
      vertex 12.15 80.4722 0
      vertex 12.56 80.6421 0
    endloop
  endfacet
  facet normal -0.382823 -0.923822 0
    outer loop
      vertex 13.44 80.6421 0
      vertex 13.85 80.4722 15.99
      vertex 13.44 80.6421 15.99
    endloop
  endfacet
  facet normal -0.382823 -0.923822 -0
    outer loop
      vertex 13.85 80.4722 15.99
      vertex 13.44 80.6421 0
      vertex 13.85 80.4722 0
    endloop
  endfacet
  facet normal 0.923822 -0.382823 0
    outer loop
      vertex 11.3579 79.44 15.99
      vertex 11.5278 79.85 0
      vertex 11.5278 79.85 15.99
    endloop
  endfacet
  facet normal 0.923822 -0.382823 0
    outer loop
      vertex 11.5278 79.85 0
      vertex 11.3579 79.44 15.99
      vertex 11.3579 79.44 0
    endloop
  endfacet
  facet normal -0.130466 -0.991453 0
    outer loop
      vertex 13 80.7 0
      vertex 13.44 80.6421 15.99
      vertex 13 80.7 15.99
    endloop
  endfacet
  facet normal -0.130466 -0.991453 -0
    outer loop
      vertex 13.44 80.6421 15.99
      vertex 13 80.7 0
      vertex 13.44 80.6421 0
    endloop
  endfacet
  facet normal -0.991453 0.130466 0
    outer loop
      vertex 14.6421 78.56 0
      vertex 14.7 79 15.99
      vertex 14.7 79 0
    endloop
  endfacet
  facet normal -0.991453 0.130466 0
    outer loop
      vertex 14.7 79 15.99
      vertex 14.6421 78.56 0
      vertex 14.6421 78.56 15.99
    endloop
  endfacet
  facet normal 0.923822 0.382823 0
    outer loop
      vertex 11.5278 78.15 15.99
      vertex 11.3579 78.56 0
      vertex 11.3579 78.56 15.99
    endloop
  endfacet
  facet normal 0.923822 0.382823 0
    outer loop
      vertex 11.3579 78.56 0
      vertex 11.5278 78.15 15.99
      vertex 11.5278 78.15 0
    endloop
  endfacet
  facet normal 0.130466 0.991453 -0
    outer loop
      vertex 13 77.3 0
      vertex 12.56 77.3579 15.99
      vertex 13 77.3 15.99
    endloop
  endfacet
  facet normal 0.130466 0.991453 0
    outer loop
      vertex 12.56 77.3579 15.99
      vertex 13 77.3 0
      vertex 12.56 77.3579 0
    endloop
  endfacet
  facet normal 0.991453 0.130466 0
    outer loop
      vertex 11.3579 78.56 15.99
      vertex 11.3 79 0
      vertex 11.3 79 15.99
    endloop
  endfacet
  facet normal 0.991453 0.130466 0
    outer loop
      vertex 11.3 79 0
      vertex 11.3579 78.56 15.99
      vertex 11.3579 78.56 0
    endloop
  endfacet
  facet normal 0.793436 0.608654 0
    outer loop
      vertex 11.7979 77.7979 15.99
      vertex 11.5278 78.15 0
      vertex 11.5278 78.15 15.99
    endloop
  endfacet
  facet normal 0.793436 0.608654 0
    outer loop
      vertex 11.5278 78.15 0
      vertex 11.7979 77.7979 15.99
      vertex 11.7979 77.7979 0
    endloop
  endfacet
  facet normal 0.991453 -0.130466 0
    outer loop
      vertex 11.3 79 15.99
      vertex 11.3579 79.44 0
      vertex 11.3579 79.44 15.99
    endloop
  endfacet
  facet normal 0.991453 -0.130466 0
    outer loop
      vertex 11.3579 79.44 0
      vertex 11.3 79 15.99
      vertex 11.3 79 0
    endloop
  endfacet
  facet normal 0 0 -1
    outer loop
      vertex 14.6421 78.56 15.99
      vertex 14.6421 79.44 15.99
      vertex 14.7 79 15.99
    endloop
  endfacet
  facet normal 0 0 -1
    outer loop
      vertex 14.4722 78.15 15.99
      vertex 14.6421 79.44 15.99
      vertex 14.6421 78.56 15.99
    endloop
  endfacet
  facet normal 0 0 -1
    outer loop
      vertex 14.4722 78.15 15.99
      vertex 14.4722 79.85 15.99
      vertex 14.6421 79.44 15.99
    endloop
  endfacet
  facet normal 0 0 -1
    outer loop
      vertex 14.2021 77.7979 15.99
      vertex 14.4722 79.85 15.99
      vertex 14.4722 78.15 15.99
    endloop
  endfacet
  facet normal 0 0 -1
    outer loop
      vertex 14.2021 77.7979 15.99
      vertex 14.2021 80.2021 15.99
      vertex 14.4722 79.85 15.99
    endloop
  endfacet
  facet normal 0 0 -1
    outer loop
      vertex 13.85 77.5278 15.99
      vertex 14.2021 80.2021 15.99
      vertex 14.2021 77.7979 15.99
    endloop
  endfacet
  facet normal 0 0 -1
    outer loop
      vertex 13.85 77.5278 15.99
      vertex 13.85 80.4722 15.99
      vertex 14.2021 80.2021 15.99
    endloop
  endfacet
  facet normal 0 0 -1
    outer loop
      vertex 13.44 77.3579 15.99
      vertex 13.85 80.4722 15.99
      vertex 13.85 77.5278 15.99
    endloop
  endfacet
  facet normal 0 0 -1
    outer loop
      vertex 13.44 77.3579 15.99
      vertex 13.44 80.6421 15.99
      vertex 13.85 80.4722 15.99
    endloop
  endfacet
  facet normal 0 0 -1
    outer loop
      vertex 13 77.3 15.99
      vertex 13.44 80.6421 15.99
      vertex 13.44 77.3579 15.99
    endloop
  endfacet
  facet normal 0 0 -1
    outer loop
      vertex 13 77.3 15.99
      vertex 13 80.7 15.99
      vertex 13.44 80.6421 15.99
    endloop
  endfacet
  facet normal 0 0 -1
    outer loop
      vertex 12.56 77.3579 15.99
      vertex 13 80.7 15.99
      vertex 13 77.3 15.99
    endloop
  endfacet
  facet normal 0 0 -1
    outer loop
      vertex 12.56 77.3579 15.99
      vertex 12.56 80.6421 15.99
      vertex 13 80.7 15.99
    endloop
  endfacet
  facet normal 0 0 -1
    outer loop
      vertex 12.15 77.5278 15.99
      vertex 12.56 80.6421 15.99
      vertex 12.56 77.3579 15.99
    endloop
  endfacet
  facet normal 0 0 -1
    outer loop
      vertex 12.15 77.5278 15.99
      vertex 12.15 80.4722 15.99
      vertex 12.56 80.6421 15.99
    endloop
  endfacet
  facet normal 0 0 -1
    outer loop
      vertex 11.7979 77.7979 15.99
      vertex 12.15 80.4722 15.99
      vertex 12.15 77.5278 15.99
    endloop
  endfacet
  facet normal 0 0 -1
    outer loop
      vertex 11.7979 77.7979 15.99
      vertex 11.7979 80.2021 15.99
      vertex 12.15 80.4722 15.99
    endloop
  endfacet
  facet normal 0 0 -1
    outer loop
      vertex 11.5278 78.15 15.99
      vertex 11.7979 80.2021 15.99
      vertex 11.7979 77.7979 15.99
    endloop
  endfacet
  facet normal 0 0 -1
    outer loop
      vertex 11.5278 78.15 15.99
      vertex 11.5278 79.85 15.99
      vertex 11.7979 80.2021 15.99
    endloop
  endfacet
  facet normal 0 0 -1
    outer loop
      vertex 11.3579 78.56 15.99
      vertex 11.5278 79.85 15.99
      vertex 11.5278 78.15 15.99
    endloop
  endfacet
  facet normal 0 0 -1
    outer loop
      vertex 11.3579 78.56 15.99
      vertex 11.3579 79.44 15.99
      vertex 11.5278 79.85 15.99
    endloop
  endfacet
  facet normal 0 -0 -1
    outer loop
      vertex 11.3579 79.44 15.99
      vertex 11.3579 78.56 15.99
      vertex 11.3 79 15.99
    endloop
  endfacet
  facet normal -0.382823 0.923822 0
    outer loop
      vertex 59.85 11.5278 0
      vertex 59.44 11.3579 15.99
      vertex 59.85 11.5278 15.99
    endloop
  endfacet
  facet normal -0.382823 0.923822 0
    outer loop
      vertex 59.44 11.3579 15.99
      vertex 59.85 11.5278 0
      vertex 59.44 11.3579 0
    endloop
  endfacet
  facet normal 0.130466 -0.991453 0
    outer loop
      vertex 58.56 14.6421 0
      vertex 59 14.7 15.99
      vertex 58.56 14.6421 15.99
    endloop
  endfacet
  facet normal 0.130466 -0.991453 0
    outer loop
      vertex 59 14.7 15.99
      vertex 58.56 14.6421 0
      vertex 59 14.7 0
    endloop
  endfacet
  facet normal -0.923822 -0.382823 0
    outer loop
      vertex 60.6421 13.44 0
      vertex 60.4722 13.85 15.99
      vertex 60.4722 13.85 0
    endloop
  endfacet
  facet normal -0.923822 -0.382823 0
    outer loop
      vertex 60.4722 13.85 15.99
      vertex 60.6421 13.44 0
      vertex 60.6421 13.44 15.99
    endloop
  endfacet
  facet normal -0.991453 -0.130466 0
    outer loop
      vertex 60.7 13 0
      vertex 60.6421 13.44 15.99
      vertex 60.6421 13.44 0
    endloop
  endfacet
  facet normal -0.991453 -0.130466 0
    outer loop
      vertex 60.6421 13.44 15.99
      vertex 60.7 13 0
      vertex 60.7 13 15.99
    endloop
  endfacet
  facet normal -0.793436 -0.608654 0
    outer loop
      vertex 60.4722 13.85 0
      vertex 60.2021 14.2021 15.99
      vertex 60.2021 14.2021 0
    endloop
  endfacet
  facet normal -0.793436 -0.608654 0
    outer loop
      vertex 60.2021 14.2021 15.99
      vertex 60.4722 13.85 0
      vertex 60.4722 13.85 15.99
    endloop
  endfacet
  facet normal -0.793436 0.608654 0
    outer loop
      vertex 60.2021 11.7979 0
      vertex 60.4722 12.15 15.99
      vertex 60.4722 12.15 0
    endloop
  endfacet
  facet normal -0.793436 0.608654 0
    outer loop
      vertex 60.4722 12.15 15.99
      vertex 60.2021 11.7979 0
      vertex 60.2021 11.7979 15.99
    endloop
  endfacet
  facet normal 0 0 -1
    outer loop
      vertex 60.6421 12.56 15.99
      vertex 60.6421 13.44 15.99
      vertex 60.7 13 15.99
    endloop
  endfacet
  facet normal 0 0 -1
    outer loop
      vertex 60.4722 12.15 15.99
      vertex 60.6421 13.44 15.99
      vertex 60.6421 12.56 15.99
    endloop
  endfacet
  facet normal 0 0 -1
    outer loop
      vertex 60.4722 12.15 15.99
      vertex 60.4722 13.85 15.99
      vertex 60.6421 13.44 15.99
    endloop
  endfacet
  facet normal 0 0 -1
    outer loop
      vertex 60.2021 11.7979 15.99
      vertex 60.4722 13.85 15.99
      vertex 60.4722 12.15 15.99
    endloop
  endfacet
  facet normal 0 0 -1
    outer loop
      vertex 60.2021 11.7979 15.99
      vertex 60.2021 14.2021 15.99
      vertex 60.4722 13.85 15.99
    endloop
  endfacet
  facet normal 0 0 -1
    outer loop
      vertex 59.85 11.5278 15.99
      vertex 60.2021 14.2021 15.99
      vertex 60.2021 11.7979 15.99
    endloop
  endfacet
  facet normal 0 0 -1
    outer loop
      vertex 59.85 11.5278 15.99
      vertex 59.85 14.4722 15.99
      vertex 60.2021 14.2021 15.99
    endloop
  endfacet
  facet normal 0 0 -1
    outer loop
      vertex 59.44 11.3579 15.99
      vertex 59.85 14.4722 15.99
      vertex 59.85 11.5278 15.99
    endloop
  endfacet
  facet normal 0 0 -1
    outer loop
      vertex 59.44 11.3579 15.99
      vertex 59.44 14.6421 15.99
      vertex 59.85 14.4722 15.99
    endloop
  endfacet
  facet normal 0 0 -1
    outer loop
      vertex 59 11.3 15.99
      vertex 59.44 14.6421 15.99
      vertex 59.44 11.3579 15.99
    endloop
  endfacet
  facet normal 0 0 -1
    outer loop
      vertex 59 11.3 15.99
      vertex 59 14.7 15.99
      vertex 59.44 14.6421 15.99
    endloop
  endfacet
  facet normal 0 0 -1
    outer loop
      vertex 58.56 11.3579 15.99
      vertex 59 14.7 15.99
      vertex 59 11.3 15.99
    endloop
  endfacet
  facet normal 0 0 -1
    outer loop
      vertex 58.56 11.3579 15.99
      vertex 58.56 14.6421 15.99
      vertex 59 14.7 15.99
    endloop
  endfacet
  facet normal 0 0 -1
    outer loop
      vertex 58.15 11.5278 15.99
      vertex 58.56 14.6421 15.99
      vertex 58.56 11.3579 15.99
    endloop
  endfacet
  facet normal 0 0 -1
    outer loop
      vertex 58.15 11.5278 15.99
      vertex 58.15 14.4722 15.99
      vertex 58.56 14.6421 15.99
    endloop
  endfacet
  facet normal 0 0 -1
    outer loop
      vertex 57.7979 11.7979 15.99
      vertex 58.15 14.4722 15.99
      vertex 58.15 11.5278 15.99
    endloop
  endfacet
  facet normal 0 0 -1
    outer loop
      vertex 57.7979 11.7979 15.99
      vertex 57.7979 14.2021 15.99
      vertex 58.15 14.4722 15.99
    endloop
  endfacet
  facet normal 0 0 -1
    outer loop
      vertex 57.5278 12.15 15.99
      vertex 57.7979 14.2021 15.99
      vertex 57.7979 11.7979 15.99
    endloop
  endfacet
  facet normal 0 0 -1
    outer loop
      vertex 57.5278 12.15 15.99
      vertex 57.5278 13.85 15.99
      vertex 57.7979 14.2021 15.99
    endloop
  endfacet
  facet normal 0 0 -1
    outer loop
      vertex 57.3579 12.56 15.99
      vertex 57.5278 13.85 15.99
      vertex 57.5278 12.15 15.99
    endloop
  endfacet
  facet normal 0 0 -1
    outer loop
      vertex 57.3579 12.56 15.99
      vertex 57.3579 13.44 15.99
      vertex 57.5278 13.85 15.99
    endloop
  endfacet
  facet normal 0 -0 -1
    outer loop
      vertex 57.3579 13.44 15.99
      vertex 57.3579 12.56 15.99
      vertex 57.3 13 15.99
    endloop
  endfacet
  facet normal 0.608654 -0.793436 0
    outer loop
      vertex 57.7979 14.2021 0
      vertex 58.15 14.4722 15.99
      vertex 57.7979 14.2021 15.99
    endloop
  endfacet
  facet normal 0.608654 -0.793436 0
    outer loop
      vertex 58.15 14.4722 15.99
      vertex 57.7979 14.2021 0
      vertex 58.15 14.4722 0
    endloop
  endfacet
  facet normal -0.608654 -0.793436 0
    outer loop
      vertex 59.85 14.4722 0
      vertex 60.2021 14.2021 15.99
      vertex 59.85 14.4722 15.99
    endloop
  endfacet
  facet normal -0.608654 -0.793436 -0
    outer loop
      vertex 60.2021 14.2021 15.99
      vertex 59.85 14.4722 0
      vertex 60.2021 14.2021 0
    endloop
  endfacet
  facet normal 0.793436 -0.608654 0
    outer loop
      vertex 57.5278 13.85 15.99
      vertex 57.7979 14.2021 0
      vertex 57.7979 14.2021 15.99
    endloop
  endfacet
  facet normal 0.793436 -0.608654 0
    outer loop
      vertex 57.7979 14.2021 0
      vertex 57.5278 13.85 15.99
      vertex 57.5278 13.85 0
    endloop
  endfacet
  facet normal 0.382823 0.923822 -0
    outer loop
      vertex 58.56 11.3579 0
      vertex 58.15 11.5278 15.99
      vertex 58.56 11.3579 15.99
    endloop
  endfacet
  facet normal 0.382823 0.923822 0
    outer loop
      vertex 58.15 11.5278 15.99
      vertex 58.56 11.3579 0
      vertex 58.15 11.5278 0
    endloop
  endfacet
  facet normal 0.608654 0.793436 -0
    outer loop
      vertex 58.15 11.5278 0
      vertex 57.7979 11.7979 15.99
      vertex 58.15 11.5278 15.99
    endloop
  endfacet
  facet normal 0.608654 0.793436 0
    outer loop
      vertex 57.7979 11.7979 15.99
      vertex 58.15 11.5278 0
      vertex 57.7979 11.7979 0
    endloop
  endfacet
  facet normal -0.923822 0.382823 0
    outer loop
      vertex 60.4722 12.15 0
      vertex 60.6421 12.56 15.99
      vertex 60.6421 12.56 0
    endloop
  endfacet
  facet normal -0.923822 0.382823 0
    outer loop
      vertex 60.6421 12.56 15.99
      vertex 60.4722 12.15 0
      vertex 60.4722 12.15 15.99
    endloop
  endfacet
  facet normal -0.130466 0.991453 0
    outer loop
      vertex 59.44 11.3579 0
      vertex 59 11.3 15.99
      vertex 59.44 11.3579 15.99
    endloop
  endfacet
  facet normal -0.130466 0.991453 0
    outer loop
      vertex 59 11.3 15.99
      vertex 59.44 11.3579 0
      vertex 59 11.3 0
    endloop
  endfacet
  facet normal -0.608654 0.793436 0
    outer loop
      vertex 60.2021 11.7979 0
      vertex 59.85 11.5278 15.99
      vertex 60.2021 11.7979 15.99
    endloop
  endfacet
  facet normal -0.608654 0.793436 0
    outer loop
      vertex 59.85 11.5278 15.99
      vertex 60.2021 11.7979 0
      vertex 59.85 11.5278 0
    endloop
  endfacet
  facet normal 0.382823 -0.923822 0
    outer loop
      vertex 58.15 14.4722 0
      vertex 58.56 14.6421 15.99
      vertex 58.15 14.4722 15.99
    endloop
  endfacet
  facet normal 0.382823 -0.923822 0
    outer loop
      vertex 58.56 14.6421 15.99
      vertex 58.15 14.4722 0
      vertex 58.56 14.6421 0
    endloop
  endfacet
  facet normal -0.382823 -0.923822 0
    outer loop
      vertex 59.44 14.6421 0
      vertex 59.85 14.4722 15.99
      vertex 59.44 14.6421 15.99
    endloop
  endfacet
  facet normal -0.382823 -0.923822 -0
    outer loop
      vertex 59.85 14.4722 15.99
      vertex 59.44 14.6421 0
      vertex 59.85 14.4722 0
    endloop
  endfacet
  facet normal 0.923822 -0.382823 0
    outer loop
      vertex 57.3579 13.44 15.99
      vertex 57.5278 13.85 0
      vertex 57.5278 13.85 15.99
    endloop
  endfacet
  facet normal 0.923822 -0.382823 0
    outer loop
      vertex 57.5278 13.85 0
      vertex 57.3579 13.44 15.99
      vertex 57.3579 13.44 0
    endloop
  endfacet
  facet normal -0.130466 -0.991453 0
    outer loop
      vertex 59 14.7 0
      vertex 59.44 14.6421 15.99
      vertex 59 14.7 15.99
    endloop
  endfacet
  facet normal -0.130466 -0.991453 -0
    outer loop
      vertex 59.44 14.6421 15.99
      vertex 59 14.7 0
      vertex 59.44 14.6421 0
    endloop
  endfacet
  facet normal -0.991453 0.130466 0
    outer loop
      vertex 60.6421 12.56 0
      vertex 60.7 13 15.99
      vertex 60.7 13 0
    endloop
  endfacet
  facet normal -0.991453 0.130466 0
    outer loop
      vertex 60.7 13 15.99
      vertex 60.6421 12.56 0
      vertex 60.6421 12.56 15.99
    endloop
  endfacet
  facet normal 0.923822 0.382823 0
    outer loop
      vertex 57.5278 12.15 15.99
      vertex 57.3579 12.56 0
      vertex 57.3579 12.56 15.99
    endloop
  endfacet
  facet normal 0.923822 0.382823 0
    outer loop
      vertex 57.3579 12.56 0
      vertex 57.5278 12.15 15.99
      vertex 57.5278 12.15 0
    endloop
  endfacet
  facet normal 0.130466 0.991453 -0
    outer loop
      vertex 59 11.3 0
      vertex 58.56 11.3579 15.99
      vertex 59 11.3 15.99
    endloop
  endfacet
  facet normal 0.130466 0.991453 0
    outer loop
      vertex 58.56 11.3579 15.99
      vertex 59 11.3 0
      vertex 58.56 11.3579 0
    endloop
  endfacet
  facet normal 0.991453 0.130466 0
    outer loop
      vertex 57.3579 12.56 15.99
      vertex 57.3 13 0
      vertex 57.3 13 15.99
    endloop
  endfacet
  facet normal 0.991453 0.130466 0
    outer loop
      vertex 57.3 13 0
      vertex 57.3579 12.56 15.99
      vertex 57.3579 12.56 0
    endloop
  endfacet
  facet normal 0.793436 0.608654 0
    outer loop
      vertex 57.7979 11.7979 15.99
      vertex 57.5278 12.15 0
      vertex 57.5278 12.15 15.99
    endloop
  endfacet
  facet normal 0.793436 0.608654 0
    outer loop
      vertex 57.5278 12.15 0
      vertex 57.7979 11.7979 15.99
      vertex 57.7979 11.7979 0
    endloop
  endfacet
  facet normal 0.991453 -0.130466 0
    outer loop
      vertex 57.3 13 15.99
      vertex 57.3579 13.44 0
      vertex 57.3579 13.44 15.99
    endloop
  endfacet
  facet normal 0.991453 -0.130466 0
    outer loop
      vertex 57.3579 13.44 0
      vertex 57.3 13 15.99
      vertex 57.3 13 0
    endloop
  endfacet
  facet normal -0.382823 0.923822 0
    outer loop
      vertex 59.85 77.5278 0
      vertex 59.44 77.3579 15.99
      vertex 59.85 77.5278 15.99
    endloop
  endfacet
  facet normal -0.382823 0.923822 0
    outer loop
      vertex 59.44 77.3579 15.99
      vertex 59.85 77.5278 0
      vertex 59.44 77.3579 0
    endloop
  endfacet
  facet normal 0.130466 -0.991453 0
    outer loop
      vertex 58.56 80.6421 0
      vertex 59 80.7 15.99
      vertex 58.56 80.6421 15.99
    endloop
  endfacet
  facet normal 0.130466 -0.991453 0
    outer loop
      vertex 59 80.7 15.99
      vertex 58.56 80.6421 0
      vertex 59 80.7 0
    endloop
  endfacet
  facet normal -0.923822 -0.382823 0
    outer loop
      vertex 60.6421 79.44 0
      vertex 60.4722 79.85 15.99
      vertex 60.4722 79.85 0
    endloop
  endfacet
  facet normal -0.923822 -0.382823 0
    outer loop
      vertex 60.4722 79.85 15.99
      vertex 60.6421 79.44 0
      vertex 60.6421 79.44 15.99
    endloop
  endfacet
  facet normal -0.991453 -0.130466 0
    outer loop
      vertex 60.7 79 0
      vertex 60.6421 79.44 15.99
      vertex 60.6421 79.44 0
    endloop
  endfacet
  facet normal -0.991453 -0.130466 0
    outer loop
      vertex 60.6421 79.44 15.99
      vertex 60.7 79 0
      vertex 60.7 79 15.99
    endloop
  endfacet
  facet normal -0.793436 -0.608654 0
    outer loop
      vertex 60.4722 79.85 0
      vertex 60.2021 80.2021 15.99
      vertex 60.2021 80.2021 0
    endloop
  endfacet
  facet normal -0.793436 -0.608654 0
    outer loop
      vertex 60.2021 80.2021 15.99
      vertex 60.4722 79.85 0
      vertex 60.4722 79.85 15.99
    endloop
  endfacet
  facet normal -0.793436 0.608654 0
    outer loop
      vertex 60.2021 77.7979 0
      vertex 60.4722 78.15 15.99
      vertex 60.4722 78.15 0
    endloop
  endfacet
  facet normal -0.793436 0.608654 0
    outer loop
      vertex 60.4722 78.15 15.99
      vertex 60.2021 77.7979 0
      vertex 60.2021 77.7979 15.99
    endloop
  endfacet
  facet normal 0 0 -1
    outer loop
      vertex 60.6421 78.56 15.99
      vertex 60.6421 79.44 15.99
      vertex 60.7 79 15.99
    endloop
  endfacet
  facet normal 0 0 -1
    outer loop
      vertex 60.4722 78.15 15.99
      vertex 60.6421 79.44 15.99
      vertex 60.6421 78.56 15.99
    endloop
  endfacet
  facet normal 0 0 -1
    outer loop
      vertex 60.4722 78.15 15.99
      vertex 60.4722 79.85 15.99
      vertex 60.6421 79.44 15.99
    endloop
  endfacet
  facet normal 0 0 -1
    outer loop
      vertex 60.2021 77.7979 15.99
      vertex 60.4722 79.85 15.99
      vertex 60.4722 78.15 15.99
    endloop
  endfacet
  facet normal 0 0 -1
    outer loop
      vertex 60.2021 77.7979 15.99
      vertex 60.2021 80.2021 15.99
      vertex 60.4722 79.85 15.99
    endloop
  endfacet
  facet normal 0 0 -1
    outer loop
      vertex 59.85 77.5278 15.99
      vertex 60.2021 80.2021 15.99
      vertex 60.2021 77.7979 15.99
    endloop
  endfacet
  facet normal 0 0 -1
    outer loop
      vertex 59.85 77.5278 15.99
      vertex 59.85 80.4722 15.99
      vertex 60.2021 80.2021 15.99
    endloop
  endfacet
  facet normal 0 0 -1
    outer loop
      vertex 59.44 77.3579 15.99
      vertex 59.85 80.4722 15.99
      vertex 59.85 77.5278 15.99
    endloop
  endfacet
  facet normal 0 0 -1
    outer loop
      vertex 59.44 77.3579 15.99
      vertex 59.44 80.6421 15.99
      vertex 59.85 80.4722 15.99
    endloop
  endfacet
  facet normal 0 0 -1
    outer loop
      vertex 59 77.3 15.99
      vertex 59.44 80.6421 15.99
      vertex 59.44 77.3579 15.99
    endloop
  endfacet
  facet normal 0 0 -1
    outer loop
      vertex 59 77.3 15.99
      vertex 59 80.7 15.99
      vertex 59.44 80.6421 15.99
    endloop
  endfacet
  facet normal 0 0 -1
    outer loop
      vertex 58.56 77.3579 15.99
      vertex 59 80.7 15.99
      vertex 59 77.3 15.99
    endloop
  endfacet
  facet normal 0 0 -1
    outer loop
      vertex 58.56 77.3579 15.99
      vertex 58.56 80.6421 15.99
      vertex 59 80.7 15.99
    endloop
  endfacet
  facet normal 0 0 -1
    outer loop
      vertex 58.15 77.5278 15.99
      vertex 58.56 80.6421 15.99
      vertex 58.56 77.3579 15.99
    endloop
  endfacet
  facet normal 0 0 -1
    outer loop
      vertex 58.15 77.5278 15.99
      vertex 58.15 80.4722 15.99
      vertex 58.56 80.6421 15.99
    endloop
  endfacet
  facet normal 0 0 -1
    outer loop
      vertex 57.7979 77.7979 15.99
      vertex 58.15 80.4722 15.99
      vertex 58.15 77.5278 15.99
    endloop
  endfacet
  facet normal 0 0 -1
    outer loop
      vertex 57.7979 77.7979 15.99
      vertex 57.7979 80.2021 15.99
      vertex 58.15 80.4722 15.99
    endloop
  endfacet
  facet normal 0 0 -1
    outer loop
      vertex 57.5278 78.15 15.99
      vertex 57.7979 80.2021 15.99
      vertex 57.7979 77.7979 15.99
    endloop
  endfacet
  facet normal 0 0 -1
    outer loop
      vertex 57.5278 78.15 15.99
      vertex 57.5278 79.85 15.99
      vertex 57.7979 80.2021 15.99
    endloop
  endfacet
  facet normal 0 0 -1
    outer loop
      vertex 57.3579 78.56 15.99
      vertex 57.5278 79.85 15.99
      vertex 57.5278 78.15 15.99
    endloop
  endfacet
  facet normal 0 0 -1
    outer loop
      vertex 57.3579 78.56 15.99
      vertex 57.3579 79.44 15.99
      vertex 57.5278 79.85 15.99
    endloop
  endfacet
  facet normal 0 -0 -1
    outer loop
      vertex 57.3579 79.44 15.99
      vertex 57.3579 78.56 15.99
      vertex 57.3 79 15.99
    endloop
  endfacet
  facet normal 0.608654 -0.793436 0
    outer loop
      vertex 57.7979 80.2021 0
      vertex 58.15 80.4722 15.99
      vertex 57.7979 80.2021 15.99
    endloop
  endfacet
  facet normal 0.608654 -0.793436 0
    outer loop
      vertex 58.15 80.4722 15.99
      vertex 57.7979 80.2021 0
      vertex 58.15 80.4722 0
    endloop
  endfacet
  facet normal -0.608654 -0.793436 0
    outer loop
      vertex 59.85 80.4722 0
      vertex 60.2021 80.2021 15.99
      vertex 59.85 80.4722 15.99
    endloop
  endfacet
  facet normal -0.608654 -0.793436 -0
    outer loop
      vertex 60.2021 80.2021 15.99
      vertex 59.85 80.4722 0
      vertex 60.2021 80.2021 0
    endloop
  endfacet
  facet normal 0.793436 -0.608654 0
    outer loop
      vertex 57.5278 79.85 15.99
      vertex 57.7979 80.2021 0
      vertex 57.7979 80.2021 15.99
    endloop
  endfacet
  facet normal 0.793436 -0.608654 0
    outer loop
      vertex 57.7979 80.2021 0
      vertex 57.5278 79.85 15.99
      vertex 57.5278 79.85 0
    endloop
  endfacet
  facet normal 0.382823 0.923822 -0
    outer loop
      vertex 58.56 77.3579 0
      vertex 58.15 77.5278 15.99
      vertex 58.56 77.3579 15.99
    endloop
  endfacet
  facet normal 0.382823 0.923822 0
    outer loop
      vertex 58.15 77.5278 15.99
      vertex 58.56 77.3579 0
      vertex 58.15 77.5278 0
    endloop
  endfacet
  facet normal 0.608654 0.793436 -0
    outer loop
      vertex 58.15 77.5278 0
      vertex 57.7979 77.7979 15.99
      vertex 58.15 77.5278 15.99
    endloop
  endfacet
  facet normal 0.608654 0.793436 0
    outer loop
      vertex 57.7979 77.7979 15.99
      vertex 58.15 77.5278 0
      vertex 57.7979 77.7979 0
    endloop
  endfacet
  facet normal -0.923822 0.382823 0
    outer loop
      vertex 60.4722 78.15 0
      vertex 60.6421 78.56 15.99
      vertex 60.6421 78.56 0
    endloop
  endfacet
  facet normal -0.923822 0.382823 0
    outer loop
      vertex 60.6421 78.56 15.99
      vertex 60.4722 78.15 0
      vertex 60.4722 78.15 15.99
    endloop
  endfacet
  facet normal -0.130466 0.991453 0
    outer loop
      vertex 59.44 77.3579 0
      vertex 59 77.3 15.99
      vertex 59.44 77.3579 15.99
    endloop
  endfacet
  facet normal -0.130466 0.991453 0
    outer loop
      vertex 59 77.3 15.99
      vertex 59.44 77.3579 0
      vertex 59 77.3 0
    endloop
  endfacet
  facet normal -0.608654 0.793436 0
    outer loop
      vertex 60.2021 77.7979 0
      vertex 59.85 77.5278 15.99
      vertex 60.2021 77.7979 15.99
    endloop
  endfacet
  facet normal -0.608654 0.793436 0
    outer loop
      vertex 59.85 77.5278 15.99
      vertex 60.2021 77.7979 0
      vertex 59.85 77.5278 0
    endloop
  endfacet
  facet normal 0.382823 -0.923822 0
    outer loop
      vertex 58.15 80.4722 0
      vertex 58.56 80.6421 15.99
      vertex 58.15 80.4722 15.99
    endloop
  endfacet
  facet normal 0.382823 -0.923822 0
    outer loop
      vertex 58.56 80.6421 15.99
      vertex 58.15 80.4722 0
      vertex 58.56 80.6421 0
    endloop
  endfacet
  facet normal -0.382823 -0.923822 0
    outer loop
      vertex 59.44 80.6421 0
      vertex 59.85 80.4722 15.99
      vertex 59.44 80.6421 15.99
    endloop
  endfacet
  facet normal -0.382823 -0.923822 -0
    outer loop
      vertex 59.85 80.4722 15.99
      vertex 59.44 80.6421 0
      vertex 59.85 80.4722 0
    endloop
  endfacet
  facet normal 0.923822 -0.382823 0
    outer loop
      vertex 57.3579 79.44 15.99
      vertex 57.5278 79.85 0
      vertex 57.5278 79.85 15.99
    endloop
  endfacet
  facet normal 0.923822 -0.382823 0
    outer loop
      vertex 57.5278 79.85 0
      vertex 57.3579 79.44 15.99
      vertex 57.3579 79.44 0
    endloop
  endfacet
  facet normal -0.130466 -0.991453 0
    outer loop
      vertex 59 80.7 0
      vertex 59.44 80.6421 15.99
      vertex 59 80.7 15.99
    endloop
  endfacet
  facet normal -0.130466 -0.991453 -0
    outer loop
      vertex 59.44 80.6421 15.99
      vertex 59 80.7 0
      vertex 59.44 80.6421 0
    endloop
  endfacet
  facet normal -0.991453 0.130466 0
    outer loop
      vertex 60.6421 78.56 0
      vertex 60.7 79 15.99
      vertex 60.7 79 0
    endloop
  endfacet
  facet normal -0.991453 0.130466 0
    outer loop
      vertex 60.7 79 15.99
      vertex 60.6421 78.56 0
      vertex 60.6421 78.56 15.99
    endloop
  endfacet
  facet normal 0.923822 0.382823 0
    outer loop
      vertex 57.5278 78.15 15.99
      vertex 57.3579 78.56 0
      vertex 57.3579 78.56 15.99
    endloop
  endfacet
  facet normal 0.923822 0.382823 0
    outer loop
      vertex 57.3579 78.56 0
      vertex 57.5278 78.15 15.99
      vertex 57.5278 78.15 0
    endloop
  endfacet
  facet normal 0.130466 0.991453 -0
    outer loop
      vertex 59 77.3 0
      vertex 58.56 77.3579 15.99
      vertex 59 77.3 15.99
    endloop
  endfacet
  facet normal 0.130466 0.991453 0
    outer loop
      vertex 58.56 77.3579 15.99
      vertex 59 77.3 0
      vertex 58.56 77.3579 0
    endloop
  endfacet
  facet normal 0.991453 0.130466 0
    outer loop
      vertex 57.3579 78.56 15.99
      vertex 57.3 79 0
      vertex 57.3 79 15.99
    endloop
  endfacet
  facet normal 0.991453 0.130466 0
    outer loop
      vertex 57.3 79 0
      vertex 57.3579 78.56 15.99
      vertex 57.3579 78.56 0
    endloop
  endfacet
  facet normal 0.793436 0.608654 0
    outer loop
      vertex 57.7979 77.7979 15.99
      vertex 57.5278 78.15 0
      vertex 57.5278 78.15 15.99
    endloop
  endfacet
  facet normal 0.793436 0.608654 0
    outer loop
      vertex 57.5278 78.15 0
      vertex 57.7979 77.7979 15.99
      vertex 57.7979 77.7979 0
    endloop
  endfacet
  facet normal 0.991453 -0.130466 0
    outer loop
      vertex 57.3 79 15.99
      vertex 57.3579 79.44 0
      vertex 57.3579 79.44 15.99
    endloop
  endfacet
  facet normal 0.991453 -0.130466 0
    outer loop
      vertex 57.3579 79.44 0
      vertex 57.3 79 15.99
      vertex 57.3 79 0
    endloop
  endfacet
  facet normal -0.608654 -0.793436 0
    outer loop
      vertex 13.85 40.4722 0
      vertex 14.2021 40.2021 15.99
      vertex 13.85 40.4722 15.99
    endloop
  endfacet
  facet normal -0.608654 -0.793436 -0
    outer loop
      vertex 14.2021 40.2021 15.99
      vertex 13.85 40.4722 0
      vertex 14.2021 40.2021 0
    endloop
  endfacet
  facet normal 0.793436 -0.608654 0
    outer loop
      vertex 11.5278 39.85 15.99
      vertex 11.7979 40.2021 0
      vertex 11.7979 40.2021 15.99
    endloop
  endfacet
  facet normal 0.793436 -0.608654 0
    outer loop
      vertex 11.7979 40.2021 0
      vertex 11.5278 39.85 15.99
      vertex 11.5278 39.85 0
    endloop
  endfacet
  facet normal 1 -0 0
    outer loop
      vertex 11.3 31 15.99
      vertex 11.3 39 0
      vertex 11.3 39 15.99
    endloop
  endfacet
  facet normal 1 0 0
    outer loop
      vertex 11.3 39 0
      vertex 11.3 31 15.99
      vertex 11.3 31 0
    endloop
  endfacet
  facet normal -0.793436 -0.608654 0
    outer loop
      vertex 14.4722 39.85 0
      vertex 14.2021 40.2021 15.99
      vertex 14.2021 40.2021 0
    endloop
  endfacet
  facet normal -0.793436 -0.608654 0
    outer loop
      vertex 14.2021 40.2021 15.99
      vertex 14.4722 39.85 0
      vertex 14.4722 39.85 15.99
    endloop
  endfacet
  facet normal 0.923822 0.382823 0
    outer loop
      vertex 11.5278 30.15 15.99
      vertex 11.3579 30.56 0
      vertex 11.3579 30.56 15.99
    endloop
  endfacet
  facet normal 0.923822 0.382823 0
    outer loop
      vertex 11.3579 30.56 0
      vertex 11.5278 30.15 15.99
      vertex 11.5278 30.15 0
    endloop
  endfacet
  facet normal 0.382823 -0.923822 0
    outer loop
      vertex 12.15 40.4722 0
      vertex 12.56 40.6421 15.99
      vertex 12.15 40.4722 15.99
    endloop
  endfacet
  facet normal 0.382823 -0.923822 0
    outer loop
      vertex 12.56 40.6421 15.99
      vertex 12.15 40.4722 0
      vertex 12.56 40.6421 0
    endloop
  endfacet
  facet normal 0.608654 -0.793436 0
    outer loop
      vertex 11.7979 40.2021 0
      vertex 12.15 40.4722 15.99
      vertex 11.7979 40.2021 15.99
    endloop
  endfacet
  facet normal 0.608654 -0.793436 0
    outer loop
      vertex 12.15 40.4722 15.99
      vertex 11.7979 40.2021 0
      vertex 12.15 40.4722 0
    endloop
  endfacet
  facet normal 0.923822 -0.382823 0
    outer loop
      vertex 11.3579 39.44 15.99
      vertex 11.5278 39.85 0
      vertex 11.5278 39.85 15.99
    endloop
  endfacet
  facet normal 0.923822 -0.382823 0
    outer loop
      vertex 11.5278 39.85 0
      vertex 11.3579 39.44 15.99
      vertex 11.3579 39.44 0
    endloop
  endfacet
  facet normal -0.793436 0.608654 0
    outer loop
      vertex 14.2021 29.7979 0
      vertex 14.4722 30.15 15.99
      vertex 14.4722 30.15 0
    endloop
  endfacet
  facet normal -0.793436 0.608654 0
    outer loop
      vertex 14.4722 30.15 15.99
      vertex 14.2021 29.7979 0
      vertex 14.2021 29.7979 15.99
    endloop
  endfacet
  facet normal -0.991453 -0.130466 0
    outer loop
      vertex 14.7 39 0
      vertex 14.6421 39.44 15.99
      vertex 14.6421 39.44 0
    endloop
  endfacet
  facet normal -0.991453 -0.130466 0
    outer loop
      vertex 14.6421 39.44 15.99
      vertex 14.7 39 0
      vertex 14.7 39 15.99
    endloop
  endfacet
  facet normal 0.382823 0.923822 -0
    outer loop
      vertex 12.56 29.3579 0
      vertex 12.15 29.5278 15.99
      vertex 12.56 29.3579 15.99
    endloop
  endfacet
  facet normal 0.382823 0.923822 0
    outer loop
      vertex 12.15 29.5278 15.99
      vertex 12.56 29.3579 0
      vertex 12.15 29.5278 0
    endloop
  endfacet
  facet normal 0.991453 -0.130466 0
    outer loop
      vertex 11.3 39 15.99
      vertex 11.3579 39.44 0
      vertex 11.3579 39.44 15.99
    endloop
  endfacet
  facet normal 0.991453 -0.130466 0
    outer loop
      vertex 11.3579 39.44 0
      vertex 11.3 39 15.99
      vertex 11.3 39 0
    endloop
  endfacet
  facet normal 0.130466 -0.991453 0
    outer loop
      vertex 12.56 40.6421 0
      vertex 13 40.7 15.99
      vertex 12.56 40.6421 15.99
    endloop
  endfacet
  facet normal 0.130466 -0.991453 0
    outer loop
      vertex 13 40.7 15.99
      vertex 12.56 40.6421 0
      vertex 13 40.7 0
    endloop
  endfacet
  facet normal -1 0 0
    outer loop
      vertex 14.7 31 0
      vertex 14.7 39 15.99
      vertex 14.7 39 0
    endloop
  endfacet
  facet normal -1 -0 0
    outer loop
      vertex 14.7 39 15.99
      vertex 14.7 31 0
      vertex 14.7 31 15.99
    endloop
  endfacet
  facet normal -0.382823 -0.923822 0
    outer loop
      vertex 13.44 40.6421 0
      vertex 13.85 40.4722 15.99
      vertex 13.44 40.6421 15.99
    endloop
  endfacet
  facet normal -0.382823 -0.923822 -0
    outer loop
      vertex 13.85 40.4722 15.99
      vertex 13.44 40.6421 0
      vertex 13.85 40.4722 0
    endloop
  endfacet
  facet normal 0.608654 0.793436 -0
    outer loop
      vertex 12.15 29.5278 0
      vertex 11.7979 29.7979 15.99
      vertex 12.15 29.5278 15.99
    endloop
  endfacet
  facet normal 0.608654 0.793436 0
    outer loop
      vertex 11.7979 29.7979 15.99
      vertex 12.15 29.5278 0
      vertex 11.7979 29.7979 0
    endloop
  endfacet
  facet normal -0.923822 -0.382823 0
    outer loop
      vertex 14.6421 39.44 0
      vertex 14.4722 39.85 15.99
      vertex 14.4722 39.85 0
    endloop
  endfacet
  facet normal -0.923822 -0.382823 0
    outer loop
      vertex 14.4722 39.85 15.99
      vertex 14.6421 39.44 0
      vertex 14.6421 39.44 15.99
    endloop
  endfacet
  facet normal 0.793436 0.608654 0
    outer loop
      vertex 11.7979 29.7979 15.99
      vertex 11.5278 30.15 0
      vertex 11.5278 30.15 15.99
    endloop
  endfacet
  facet normal 0.793436 0.608654 0
    outer loop
      vertex 11.5278 30.15 0
      vertex 11.7979 29.7979 15.99
      vertex 11.7979 29.7979 0
    endloop
  endfacet
  facet normal -0.130466 -0.991453 0
    outer loop
      vertex 13 40.7 0
      vertex 13.44 40.6421 15.99
      vertex 13 40.7 15.99
    endloop
  endfacet
  facet normal -0.130466 -0.991453 -0
    outer loop
      vertex 13.44 40.6421 15.99
      vertex 13 40.7 0
      vertex 13.44 40.6421 0
    endloop
  endfacet
  facet normal -0.608654 0.793436 0
    outer loop
      vertex 14.2021 29.7979 0
      vertex 13.85 29.5278 15.99
      vertex 14.2021 29.7979 15.99
    endloop
  endfacet
  facet normal -0.608654 0.793436 0
    outer loop
      vertex 13.85 29.5278 15.99
      vertex 14.2021 29.7979 0
      vertex 13.85 29.5278 0
    endloop
  endfacet
  facet normal 0.991453 0.130466 0
    outer loop
      vertex 11.3579 30.56 15.99
      vertex 11.3 31 0
      vertex 11.3 31 15.99
    endloop
  endfacet
  facet normal 0.991453 0.130466 0
    outer loop
      vertex 11.3 31 0
      vertex 11.3579 30.56 15.99
      vertex 11.3579 30.56 0
    endloop
  endfacet
  facet normal -0.991453 0.130466 0
    outer loop
      vertex 14.6421 30.56 0
      vertex 14.7 31 15.99
      vertex 14.7 31 0
    endloop
  endfacet
  facet normal -0.991453 0.130466 0
    outer loop
      vertex 14.7 31 15.99
      vertex 14.6421 30.56 0
      vertex 14.6421 30.56 15.99
    endloop
  endfacet
  facet normal -0.923822 0.382823 0
    outer loop
      vertex 14.4722 30.15 0
      vertex 14.6421 30.56 15.99
      vertex 14.6421 30.56 0
    endloop
  endfacet
  facet normal -0.923822 0.382823 0
    outer loop
      vertex 14.6421 30.56 15.99
      vertex 14.4722 30.15 0
      vertex 14.4722 30.15 15.99
    endloop
  endfacet
  facet normal -0.130466 0.991453 0
    outer loop
      vertex 13.44 29.3579 0
      vertex 13 29.3 15.99
      vertex 13.44 29.3579 15.99
    endloop
  endfacet
  facet normal -0.130466 0.991453 0
    outer loop
      vertex 13 29.3 15.99
      vertex 13.44 29.3579 0
      vertex 13 29.3 0
    endloop
  endfacet
  facet normal -0.382823 0.923822 0
    outer loop
      vertex 13.85 29.5278 0
      vertex 13.44 29.3579 15.99
      vertex 13.85 29.5278 15.99
    endloop
  endfacet
  facet normal -0.382823 0.923822 0
    outer loop
      vertex 13.44 29.3579 15.99
      vertex 13.85 29.5278 0
      vertex 13.44 29.3579 0
    endloop
  endfacet
  facet normal 0.130466 0.991453 -0
    outer loop
      vertex 13 29.3 0
      vertex 12.56 29.3579 15.99
      vertex 13 29.3 15.99
    endloop
  endfacet
  facet normal 0.130466 0.991453 0
    outer loop
      vertex 12.56 29.3579 15.99
      vertex 13 29.3 0
      vertex 12.56 29.3579 0
    endloop
  endfacet
  facet normal 0 0 -1
    outer loop
      vertex 11.3 31 15.99
      vertex 14.7 31 15.99
      vertex 14.6421 30.56 15.99
    endloop
  endfacet
  facet normal 0 0 -1
    outer loop
      vertex 14.7 31 15.99
      vertex 11.3 31 15.99
      vertex 14.7 39 15.99
    endloop
  endfacet
  facet normal 0 0 -1
    outer loop
      vertex 11.3 31 15.99
      vertex 14.6421 30.56 15.99
      vertex 14.4722 30.15 15.99
    endloop
  endfacet
  facet normal 0 0 -1
    outer loop
      vertex 11.3 39 15.99
      vertex 14.7 39 15.99
      vertex 11.3 31 15.99
    endloop
  endfacet
  facet normal 0 0 -1
    outer loop
      vertex 11.3 31 15.99
      vertex 14.4722 30.15 15.99
      vertex 14.2021 29.7979 15.99
    endloop
  endfacet
  facet normal 0 0 -1
    outer loop
      vertex 14.7 39 15.99
      vertex 11.3 39 15.99
      vertex 14.6421 39.44 15.99
    endloop
  endfacet
  facet normal 0 0 -1
    outer loop
      vertex 11.3 31 15.99
      vertex 14.2021 29.7979 15.99
      vertex 13.85 29.5278 15.99
    endloop
  endfacet
  facet normal -0 0 -1
    outer loop
      vertex 14.6421 39.44 15.99
      vertex 11.3 39 15.99
      vertex 14.4722 39.85 15.99
    endloop
  endfacet
  facet normal 0 0 -1
    outer loop
      vertex 11.3 31 15.99
      vertex 13.85 29.5278 15.99
      vertex 13.44 29.3579 15.99
    endloop
  endfacet
  facet normal -0 0 -1
    outer loop
      vertex 14.4722 39.85 15.99
      vertex 11.3 39 15.99
      vertex 14.2021 40.2021 15.99
    endloop
  endfacet
  facet normal 0 0 -1
    outer loop
      vertex 11.3 31 15.99
      vertex 13.44 29.3579 15.99
      vertex 13 29.3 15.99
    endloop
  endfacet
  facet normal -0 0 -1
    outer loop
      vertex 14.2021 40.2021 15.99
      vertex 11.3 39 15.99
      vertex 13.85 40.4722 15.99
    endloop
  endfacet
  facet normal 0 0 -1
    outer loop
      vertex 11.3 31 15.99
      vertex 13 29.3 15.99
      vertex 12.56 29.3579 15.99
    endloop
  endfacet
  facet normal -0 0 -1
    outer loop
      vertex 13.85 40.4722 15.99
      vertex 11.3 39 15.99
      vertex 13.44 40.6421 15.99
    endloop
  endfacet
  facet normal 0 0 -1
    outer loop
      vertex 11.3 31 15.99
      vertex 12.56 29.3579 15.99
      vertex 12.15 29.5278 15.99
    endloop
  endfacet
  facet normal -0 0 -1
    outer loop
      vertex 13.44 40.6421 15.99
      vertex 11.3 39 15.99
      vertex 13 40.7 15.99
    endloop
  endfacet
  facet normal 0 0 -1
    outer loop
      vertex 11.3 31 15.99
      vertex 12.15 29.5278 15.99
      vertex 11.7979 29.7979 15.99
    endloop
  endfacet
  facet normal 0 0 -1
    outer loop
      vertex 13 40.7 15.99
      vertex 11.3 39 15.99
      vertex 12.56 40.6421 15.99
    endloop
  endfacet
  facet normal 0 0 -1
    outer loop
      vertex 11.3 31 15.99
      vertex 11.7979 29.7979 15.99
      vertex 11.5278 30.15 15.99
    endloop
  endfacet
  facet normal 0 0 -1
    outer loop
      vertex 12.56 40.6421 15.99
      vertex 11.3 39 15.99
      vertex 12.15 40.4722 15.99
    endloop
  endfacet
  facet normal 0 0 -1
    outer loop
      vertex 11.3 31 15.99
      vertex 11.5278 30.15 15.99
      vertex 11.3579 30.56 15.99
    endloop
  endfacet
  facet normal 0 0 -1
    outer loop
      vertex 12.15 40.4722 15.99
      vertex 11.3 39 15.99
      vertex 11.7979 40.2021 15.99
    endloop
  endfacet
  facet normal 0 0 -1
    outer loop
      vertex 11.7979 40.2021 15.99
      vertex 11.3 39 15.99
      vertex 11.5278 39.85 15.99
    endloop
  endfacet
  facet normal 0 0 -1
    outer loop
      vertex 11.5278 39.85 15.99
      vertex 11.3 39 15.99
      vertex 11.3579 39.44 15.99
    endloop
  endfacet
  facet normal -0.608654 -0.793436 0
    outer loop
      vertex 13.85 62.4722 0
      vertex 14.2021 62.2021 15.99
      vertex 13.85 62.4722 15.99
    endloop
  endfacet
  facet normal -0.608654 -0.793436 -0
    outer loop
      vertex 14.2021 62.2021 15.99
      vertex 13.85 62.4722 0
      vertex 14.2021 62.2021 0
    endloop
  endfacet
  facet normal 0.793436 -0.608654 0
    outer loop
      vertex 11.5278 61.85 15.99
      vertex 11.7979 62.2021 0
      vertex 11.7979 62.2021 15.99
    endloop
  endfacet
  facet normal 0.793436 -0.608654 0
    outer loop
      vertex 11.7979 62.2021 0
      vertex 11.5278 61.85 15.99
      vertex 11.5278 61.85 0
    endloop
  endfacet
  facet normal 1 -0 0
    outer loop
      vertex 11.3 53 15.99
      vertex 11.3 61 0
      vertex 11.3 61 15.99
    endloop
  endfacet
  facet normal 1 0 0
    outer loop
      vertex 11.3 61 0
      vertex 11.3 53 15.99
      vertex 11.3 53 0
    endloop
  endfacet
  facet normal -0.793436 -0.608654 0
    outer loop
      vertex 14.4722 61.85 0
      vertex 14.2021 62.2021 15.99
      vertex 14.2021 62.2021 0
    endloop
  endfacet
  facet normal -0.793436 -0.608654 0
    outer loop
      vertex 14.2021 62.2021 15.99
      vertex 14.4722 61.85 0
      vertex 14.4722 61.85 15.99
    endloop
  endfacet
  facet normal 0.923822 0.382823 0
    outer loop
      vertex 11.5278 52.15 15.99
      vertex 11.3579 52.56 0
      vertex 11.3579 52.56 15.99
    endloop
  endfacet
  facet normal 0.923822 0.382823 0
    outer loop
      vertex 11.3579 52.56 0
      vertex 11.5278 52.15 15.99
      vertex 11.5278 52.15 0
    endloop
  endfacet
  facet normal 0.382823 -0.923822 0
    outer loop
      vertex 12.15 62.4722 0
      vertex 12.56 62.6421 15.99
      vertex 12.15 62.4722 15.99
    endloop
  endfacet
  facet normal 0.382823 -0.923822 0
    outer loop
      vertex 12.56 62.6421 15.99
      vertex 12.15 62.4722 0
      vertex 12.56 62.6421 0
    endloop
  endfacet
  facet normal 0.608654 -0.793436 0
    outer loop
      vertex 11.7979 62.2021 0
      vertex 12.15 62.4722 15.99
      vertex 11.7979 62.2021 15.99
    endloop
  endfacet
  facet normal 0.608654 -0.793436 0
    outer loop
      vertex 12.15 62.4722 15.99
      vertex 11.7979 62.2021 0
      vertex 12.15 62.4722 0
    endloop
  endfacet
  facet normal 0.923822 -0.382823 0
    outer loop
      vertex 11.3579 61.44 15.99
      vertex 11.5278 61.85 0
      vertex 11.5278 61.85 15.99
    endloop
  endfacet
  facet normal 0.923822 -0.382823 0
    outer loop
      vertex 11.5278 61.85 0
      vertex 11.3579 61.44 15.99
      vertex 11.3579 61.44 0
    endloop
  endfacet
  facet normal -0.793436 0.608654 0
    outer loop
      vertex 14.2021 51.7979 0
      vertex 14.4722 52.15 15.99
      vertex 14.4722 52.15 0
    endloop
  endfacet
  facet normal -0.793436 0.608654 0
    outer loop
      vertex 14.4722 52.15 15.99
      vertex 14.2021 51.7979 0
      vertex 14.2021 51.7979 15.99
    endloop
  endfacet
  facet normal 0.382823 0.923822 -0
    outer loop
      vertex 12.56 51.3579 0
      vertex 12.15 51.5278 15.99
      vertex 12.56 51.3579 15.99
    endloop
  endfacet
  facet normal 0.382823 0.923822 0
    outer loop
      vertex 12.15 51.5278 15.99
      vertex 12.56 51.3579 0
      vertex 12.15 51.5278 0
    endloop
  endfacet
  facet normal 0.991453 -0.130466 0
    outer loop
      vertex 11.3 61 15.99
      vertex 11.3579 61.44 0
      vertex 11.3579 61.44 15.99
    endloop
  endfacet
  facet normal 0.991453 -0.130466 0
    outer loop
      vertex 11.3579 61.44 0
      vertex 11.3 61 15.99
      vertex 11.3 61 0
    endloop
  endfacet
  facet normal 0.130466 -0.991453 0
    outer loop
      vertex 12.56 62.6421 0
      vertex 13 62.7 15.99
      vertex 12.56 62.6421 15.99
    endloop
  endfacet
  facet normal 0.130466 -0.991453 0
    outer loop
      vertex 13 62.7 15.99
      vertex 12.56 62.6421 0
      vertex 13 62.7 0
    endloop
  endfacet
  facet normal -1 0 0
    outer loop
      vertex 14.7 53 0
      vertex 14.7 61 15.99
      vertex 14.7 61 0
    endloop
  endfacet
  facet normal -1 -0 0
    outer loop
      vertex 14.7 61 15.99
      vertex 14.7 53 0
      vertex 14.7 53 15.99
    endloop
  endfacet
  facet normal -0.382823 -0.923822 0
    outer loop
      vertex 13.44 62.6421 0
      vertex 13.85 62.4722 15.99
      vertex 13.44 62.6421 15.99
    endloop
  endfacet
  facet normal -0.382823 -0.923822 -0
    outer loop
      vertex 13.85 62.4722 15.99
      vertex 13.44 62.6421 0
      vertex 13.85 62.4722 0
    endloop
  endfacet
  facet normal 0.608654 0.793436 -0
    outer loop
      vertex 12.15 51.5278 0
      vertex 11.7979 51.7979 15.99
      vertex 12.15 51.5278 15.99
    endloop
  endfacet
  facet normal 0.608654 0.793436 0
    outer loop
      vertex 11.7979 51.7979 15.99
      vertex 12.15 51.5278 0
      vertex 11.7979 51.7979 0
    endloop
  endfacet
  facet normal -0.923822 -0.382823 0
    outer loop
      vertex 14.6421 61.44 0
      vertex 14.4722 61.85 15.99
      vertex 14.4722 61.85 0
    endloop
  endfacet
  facet normal -0.923822 -0.382823 0
    outer loop
      vertex 14.4722 61.85 15.99
      vertex 14.6421 61.44 0
      vertex 14.6421 61.44 15.99
    endloop
  endfacet
  facet normal 0.793436 0.608654 0
    outer loop
      vertex 11.7979 51.7979 15.99
      vertex 11.5278 52.15 0
      vertex 11.5278 52.15 15.99
    endloop
  endfacet
  facet normal 0.793436 0.608654 0
    outer loop
      vertex 11.5278 52.15 0
      vertex 11.7979 51.7979 15.99
      vertex 11.7979 51.7979 0
    endloop
  endfacet
  facet normal -0.130466 -0.991453 0
    outer loop
      vertex 13 62.7 0
      vertex 13.44 62.6421 15.99
      vertex 13 62.7 15.99
    endloop
  endfacet
  facet normal -0.130466 -0.991453 -0
    outer loop
      vertex 13.44 62.6421 15.99
      vertex 13 62.7 0
      vertex 13.44 62.6421 0
    endloop
  endfacet
  facet normal -0.608654 0.793436 0
    outer loop
      vertex 14.2021 51.7979 0
      vertex 13.85 51.5278 15.99
      vertex 14.2021 51.7979 15.99
    endloop
  endfacet
  facet normal -0.608654 0.793436 0
    outer loop
      vertex 13.85 51.5278 15.99
      vertex 14.2021 51.7979 0
      vertex 13.85 51.5278 0
    endloop
  endfacet
  facet normal -0.991453 -0.130466 0
    outer loop
      vertex 14.7 61 0
      vertex 14.6421 61.44 15.99
      vertex 14.6421 61.44 0
    endloop
  endfacet
  facet normal -0.991453 -0.130466 0
    outer loop
      vertex 14.6421 61.44 15.99
      vertex 14.7 61 0
      vertex 14.7 61 15.99
    endloop
  endfacet
  facet normal 0.991453 0.130466 0
    outer loop
      vertex 11.3579 52.56 15.99
      vertex 11.3 53 0
      vertex 11.3 53 15.99
    endloop
  endfacet
  facet normal 0.991453 0.130466 0
    outer loop
      vertex 11.3 53 0
      vertex 11.3579 52.56 15.99
      vertex 11.3579 52.56 0
    endloop
  endfacet
  facet normal -0.991453 0.130466 0
    outer loop
      vertex 14.6421 52.56 0
      vertex 14.7 53 15.99
      vertex 14.7 53 0
    endloop
  endfacet
  facet normal -0.991453 0.130466 0
    outer loop
      vertex 14.7 53 15.99
      vertex 14.6421 52.56 0
      vertex 14.6421 52.56 15.99
    endloop
  endfacet
  facet normal -0.923822 0.382823 0
    outer loop
      vertex 14.4722 52.15 0
      vertex 14.6421 52.56 15.99
      vertex 14.6421 52.56 0
    endloop
  endfacet
  facet normal -0.923822 0.382823 0
    outer loop
      vertex 14.6421 52.56 15.99
      vertex 14.4722 52.15 0
      vertex 14.4722 52.15 15.99
    endloop
  endfacet
  facet normal -0.130466 0.991453 0
    outer loop
      vertex 13.44 51.3579 0
      vertex 13 51.3 15.99
      vertex 13.44 51.3579 15.99
    endloop
  endfacet
  facet normal -0.130466 0.991453 0
    outer loop
      vertex 13 51.3 15.99
      vertex 13.44 51.3579 0
      vertex 13 51.3 0
    endloop
  endfacet
  facet normal -0.382823 0.923822 0
    outer loop
      vertex 13.85 51.5278 0
      vertex 13.44 51.3579 15.99
      vertex 13.85 51.5278 15.99
    endloop
  endfacet
  facet normal -0.382823 0.923822 0
    outer loop
      vertex 13.44 51.3579 15.99
      vertex 13.85 51.5278 0
      vertex 13.44 51.3579 0
    endloop
  endfacet
  facet normal 0.130466 0.991453 -0
    outer loop
      vertex 13 51.3 0
      vertex 12.56 51.3579 15.99
      vertex 13 51.3 15.99
    endloop
  endfacet
  facet normal 0.130466 0.991453 0
    outer loop
      vertex 12.56 51.3579 15.99
      vertex 13 51.3 0
      vertex 12.56 51.3579 0
    endloop
  endfacet
  facet normal 0 0 -1
    outer loop
      vertex 11.3 53 15.99
      vertex 14.7 53 15.99
      vertex 14.6421 52.56 15.99
    endloop
  endfacet
  facet normal 0 0 -1
    outer loop
      vertex 14.7 53 15.99
      vertex 11.3 53 15.99
      vertex 14.7 61 15.99
    endloop
  endfacet
  facet normal 0 0 -1
    outer loop
      vertex 11.3 53 15.99
      vertex 14.6421 52.56 15.99
      vertex 14.4722 52.15 15.99
    endloop
  endfacet
  facet normal 0 0 -1
    outer loop
      vertex 11.3 61 15.99
      vertex 14.7 61 15.99
      vertex 11.3 53 15.99
    endloop
  endfacet
  facet normal 0 0 -1
    outer loop
      vertex 11.3 53 15.99
      vertex 14.4722 52.15 15.99
      vertex 14.2021 51.7979 15.99
    endloop
  endfacet
  facet normal 0 0 -1
    outer loop
      vertex 14.7 61 15.99
      vertex 11.3 61 15.99
      vertex 14.6421 61.44 15.99
    endloop
  endfacet
  facet normal 0 0 -1
    outer loop
      vertex 11.3 53 15.99
      vertex 14.2021 51.7979 15.99
      vertex 13.85 51.5278 15.99
    endloop
  endfacet
  facet normal -0 0 -1
    outer loop
      vertex 14.6421 61.44 15.99
      vertex 11.3 61 15.99
      vertex 14.4722 61.85 15.99
    endloop
  endfacet
  facet normal 0 0 -1
    outer loop
      vertex 11.3 53 15.99
      vertex 13.85 51.5278 15.99
      vertex 13.44 51.3579 15.99
    endloop
  endfacet
  facet normal -0 0 -1
    outer loop
      vertex 14.4722 61.85 15.99
      vertex 11.3 61 15.99
      vertex 14.2021 62.2021 15.99
    endloop
  endfacet
  facet normal 0 0 -1
    outer loop
      vertex 11.3 53 15.99
      vertex 13.44 51.3579 15.99
      vertex 13 51.3 15.99
    endloop
  endfacet
  facet normal -0 0 -1
    outer loop
      vertex 14.2021 62.2021 15.99
      vertex 11.3 61 15.99
      vertex 13.85 62.4722 15.99
    endloop
  endfacet
  facet normal 0 0 -1
    outer loop
      vertex 11.3 53 15.99
      vertex 13 51.3 15.99
      vertex 12.56 51.3579 15.99
    endloop
  endfacet
  facet normal -0 0 -1
    outer loop
      vertex 13.85 62.4722 15.99
      vertex 11.3 61 15.99
      vertex 13.44 62.6421 15.99
    endloop
  endfacet
  facet normal 0 0 -1
    outer loop
      vertex 11.3 53 15.99
      vertex 12.56 51.3579 15.99
      vertex 12.15 51.5278 15.99
    endloop
  endfacet
  facet normal -0 0 -1
    outer loop
      vertex 13.44 62.6421 15.99
      vertex 11.3 61 15.99
      vertex 13 62.7 15.99
    endloop
  endfacet
  facet normal 0 0 -1
    outer loop
      vertex 11.3 53 15.99
      vertex 12.15 51.5278 15.99
      vertex 11.7979 51.7979 15.99
    endloop
  endfacet
  facet normal 0 0 -1
    outer loop
      vertex 13 62.7 15.99
      vertex 11.3 61 15.99
      vertex 12.56 62.6421 15.99
    endloop
  endfacet
  facet normal 0 0 -1
    outer loop
      vertex 11.3 53 15.99
      vertex 11.7979 51.7979 15.99
      vertex 11.5278 52.15 15.99
    endloop
  endfacet
  facet normal 0 0 -1
    outer loop
      vertex 12.56 62.6421 15.99
      vertex 11.3 61 15.99
      vertex 12.15 62.4722 15.99
    endloop
  endfacet
  facet normal 0 0 -1
    outer loop
      vertex 11.3 53 15.99
      vertex 11.5278 52.15 15.99
      vertex 11.3579 52.56 15.99
    endloop
  endfacet
  facet normal 0 0 -1
    outer loop
      vertex 12.15 62.4722 15.99
      vertex 11.3 61 15.99
      vertex 11.7979 62.2021 15.99
    endloop
  endfacet
  facet normal 0 0 -1
    outer loop
      vertex 11.7979 62.2021 15.99
      vertex 11.3 61 15.99
      vertex 11.5278 61.85 15.99
    endloop
  endfacet
  facet normal 0 0 -1
    outer loop
      vertex 11.5278 61.85 15.99
      vertex 11.3 61 15.99
      vertex 11.3579 61.44 15.99
    endloop
  endfacet
  facet normal -0.608654 -0.793436 0
    outer loop
      vertex 59.85 40.4722 0
      vertex 60.2021 40.2021 15.99
      vertex 59.85 40.4722 15.99
    endloop
  endfacet
  facet normal -0.608654 -0.793436 -0
    outer loop
      vertex 60.2021 40.2021 15.99
      vertex 59.85 40.4722 0
      vertex 60.2021 40.2021 0
    endloop
  endfacet
  facet normal 0.793436 -0.608654 0
    outer loop
      vertex 57.5278 39.85 15.99
      vertex 57.7979 40.2021 0
      vertex 57.7979 40.2021 15.99
    endloop
  endfacet
  facet normal 0.793436 -0.608654 0
    outer loop
      vertex 57.7979 40.2021 0
      vertex 57.5278 39.85 15.99
      vertex 57.5278 39.85 0
    endloop
  endfacet
  facet normal 1 -0 0
    outer loop
      vertex 57.3 31 15.99
      vertex 57.3 39 0
      vertex 57.3 39 15.99
    endloop
  endfacet
  facet normal 1 0 0
    outer loop
      vertex 57.3 39 0
      vertex 57.3 31 15.99
      vertex 57.3 31 0
    endloop
  endfacet
  facet normal -0.793436 -0.608654 0
    outer loop
      vertex 60.4722 39.85 0
      vertex 60.2021 40.2021 15.99
      vertex 60.2021 40.2021 0
    endloop
  endfacet
  facet normal -0.793436 -0.608654 0
    outer loop
      vertex 60.2021 40.2021 15.99
      vertex 60.4722 39.85 0
      vertex 60.4722 39.85 15.99
    endloop
  endfacet
  facet normal 0.923822 0.382823 0
    outer loop
      vertex 57.5278 30.15 15.99
      vertex 57.3579 30.56 0
      vertex 57.3579 30.56 15.99
    endloop
  endfacet
  facet normal 0.923822 0.382823 0
    outer loop
      vertex 57.3579 30.56 0
      vertex 57.5278 30.15 15.99
      vertex 57.5278 30.15 0
    endloop
  endfacet
  facet normal 0.382823 -0.923822 0
    outer loop
      vertex 58.15 40.4722 0
      vertex 58.56 40.6421 15.99
      vertex 58.15 40.4722 15.99
    endloop
  endfacet
  facet normal 0.382823 -0.923822 0
    outer loop
      vertex 58.56 40.6421 15.99
      vertex 58.15 40.4722 0
      vertex 58.56 40.6421 0
    endloop
  endfacet
  facet normal 0.608654 -0.793436 0
    outer loop
      vertex 57.7979 40.2021 0
      vertex 58.15 40.4722 15.99
      vertex 57.7979 40.2021 15.99
    endloop
  endfacet
  facet normal 0.608654 -0.793436 0
    outer loop
      vertex 58.15 40.4722 15.99
      vertex 57.7979 40.2021 0
      vertex 58.15 40.4722 0
    endloop
  endfacet
  facet normal 0.923822 -0.382823 0
    outer loop
      vertex 57.3579 39.44 15.99
      vertex 57.5278 39.85 0
      vertex 57.5278 39.85 15.99
    endloop
  endfacet
  facet normal 0.923822 -0.382823 0
    outer loop
      vertex 57.5278 39.85 0
      vertex 57.3579 39.44 15.99
      vertex 57.3579 39.44 0
    endloop
  endfacet
  facet normal -0.793436 0.608654 0
    outer loop
      vertex 60.2021 29.7979 0
      vertex 60.4722 30.15 15.99
      vertex 60.4722 30.15 0
    endloop
  endfacet
  facet normal -0.793436 0.608654 0
    outer loop
      vertex 60.4722 30.15 15.99
      vertex 60.2021 29.7979 0
      vertex 60.2021 29.7979 15.99
    endloop
  endfacet
  facet normal 0.382823 0.923822 -0
    outer loop
      vertex 58.56 29.3579 0
      vertex 58.15 29.5278 15.99
      vertex 58.56 29.3579 15.99
    endloop
  endfacet
  facet normal 0.382823 0.923822 0
    outer loop
      vertex 58.15 29.5278 15.99
      vertex 58.56 29.3579 0
      vertex 58.15 29.5278 0
    endloop
  endfacet
  facet normal 0.991453 -0.130466 0
    outer loop
      vertex 57.3 39 15.99
      vertex 57.3579 39.44 0
      vertex 57.3579 39.44 15.99
    endloop
  endfacet
  facet normal 0.991453 -0.130466 0
    outer loop
      vertex 57.3579 39.44 0
      vertex 57.3 39 15.99
      vertex 57.3 39 0
    endloop
  endfacet
  facet normal 0.130466 -0.991453 0
    outer loop
      vertex 58.56 40.6421 0
      vertex 59 40.7 15.99
      vertex 58.56 40.6421 15.99
    endloop
  endfacet
  facet normal 0.130466 -0.991453 0
    outer loop
      vertex 59 40.7 15.99
      vertex 58.56 40.6421 0
      vertex 59 40.7 0
    endloop
  endfacet
  facet normal -1 0 0
    outer loop
      vertex 60.7 31 0
      vertex 60.7 39 15.99
      vertex 60.7 39 0
    endloop
  endfacet
  facet normal -1 -0 0
    outer loop
      vertex 60.7 39 15.99
      vertex 60.7 31 0
      vertex 60.7 31 15.99
    endloop
  endfacet
  facet normal -0.382823 -0.923822 0
    outer loop
      vertex 59.44 40.6421 0
      vertex 59.85 40.4722 15.99
      vertex 59.44 40.6421 15.99
    endloop
  endfacet
  facet normal -0.382823 -0.923822 -0
    outer loop
      vertex 59.85 40.4722 15.99
      vertex 59.44 40.6421 0
      vertex 59.85 40.4722 0
    endloop
  endfacet
  facet normal 0.608654 0.793436 -0
    outer loop
      vertex 58.15 29.5278 0
      vertex 57.7979 29.7979 15.99
      vertex 58.15 29.5278 15.99
    endloop
  endfacet
  facet normal 0.608654 0.793436 0
    outer loop
      vertex 57.7979 29.7979 15.99
      vertex 58.15 29.5278 0
      vertex 57.7979 29.7979 0
    endloop
  endfacet
  facet normal -0.923822 -0.382823 0
    outer loop
      vertex 60.6421 39.44 0
      vertex 60.4722 39.85 15.99
      vertex 60.4722 39.85 0
    endloop
  endfacet
  facet normal -0.923822 -0.382823 0
    outer loop
      vertex 60.4722 39.85 15.99
      vertex 60.6421 39.44 0
      vertex 60.6421 39.44 15.99
    endloop
  endfacet
  facet normal 0.793436 0.608654 0
    outer loop
      vertex 57.7979 29.7979 15.99
      vertex 57.5278 30.15 0
      vertex 57.5278 30.15 15.99
    endloop
  endfacet
  facet normal 0.793436 0.608654 0
    outer loop
      vertex 57.5278 30.15 0
      vertex 57.7979 29.7979 15.99
      vertex 57.7979 29.7979 0
    endloop
  endfacet
  facet normal -0.130466 -0.991453 0
    outer loop
      vertex 59 40.7 0
      vertex 59.44 40.6421 15.99
      vertex 59 40.7 15.99
    endloop
  endfacet
  facet normal -0.130466 -0.991453 -0
    outer loop
      vertex 59.44 40.6421 15.99
      vertex 59 40.7 0
      vertex 59.44 40.6421 0
    endloop
  endfacet
  facet normal -0.608654 0.793436 0
    outer loop
      vertex 60.2021 29.7979 0
      vertex 59.85 29.5278 15.99
      vertex 60.2021 29.7979 15.99
    endloop
  endfacet
  facet normal -0.608654 0.793436 0
    outer loop
      vertex 59.85 29.5278 15.99
      vertex 60.2021 29.7979 0
      vertex 59.85 29.5278 0
    endloop
  endfacet
  facet normal -0.991453 -0.130466 0
    outer loop
      vertex 60.7 39 0
      vertex 60.6421 39.44 15.99
      vertex 60.6421 39.44 0
    endloop
  endfacet
  facet normal -0.991453 -0.130466 0
    outer loop
      vertex 60.6421 39.44 15.99
      vertex 60.7 39 0
      vertex 60.7 39 15.99
    endloop
  endfacet
  facet normal 0.991453 0.130466 0
    outer loop
      vertex 57.3579 30.56 15.99
      vertex 57.3 31 0
      vertex 57.3 31 15.99
    endloop
  endfacet
  facet normal 0.991453 0.130466 0
    outer loop
      vertex 57.3 31 0
      vertex 57.3579 30.56 15.99
      vertex 57.3579 30.56 0
    endloop
  endfacet
  facet normal -0.991453 0.130466 0
    outer loop
      vertex 60.6421 30.56 0
      vertex 60.7 31 15.99
      vertex 60.7 31 0
    endloop
  endfacet
  facet normal -0.991453 0.130466 0
    outer loop
      vertex 60.7 31 15.99
      vertex 60.6421 30.56 0
      vertex 60.6421 30.56 15.99
    endloop
  endfacet
  facet normal -0.923822 0.382823 0
    outer loop
      vertex 60.4722 30.15 0
      vertex 60.6421 30.56 15.99
      vertex 60.6421 30.56 0
    endloop
  endfacet
  facet normal -0.923822 0.382823 0
    outer loop
      vertex 60.6421 30.56 15.99
      vertex 60.4722 30.15 0
      vertex 60.4722 30.15 15.99
    endloop
  endfacet
  facet normal -0.130466 0.991453 0
    outer loop
      vertex 59.44 29.3579 0
      vertex 59 29.3 15.99
      vertex 59.44 29.3579 15.99
    endloop
  endfacet
  facet normal -0.130466 0.991453 0
    outer loop
      vertex 59 29.3 15.99
      vertex 59.44 29.3579 0
      vertex 59 29.3 0
    endloop
  endfacet
  facet normal -0.382823 0.923822 0
    outer loop
      vertex 59.85 29.5278 0
      vertex 59.44 29.3579 15.99
      vertex 59.85 29.5278 15.99
    endloop
  endfacet
  facet normal -0.382823 0.923822 0
    outer loop
      vertex 59.44 29.3579 15.99
      vertex 59.85 29.5278 0
      vertex 59.44 29.3579 0
    endloop
  endfacet
  facet normal 0.130466 0.991453 -0
    outer loop
      vertex 59 29.3 0
      vertex 58.56 29.3579 15.99
      vertex 59 29.3 15.99
    endloop
  endfacet
  facet normal 0.130466 0.991453 0
    outer loop
      vertex 58.56 29.3579 15.99
      vertex 59 29.3 0
      vertex 58.56 29.3579 0
    endloop
  endfacet
  facet normal 0 0 -1
    outer loop
      vertex 57.3 31 15.99
      vertex 60.7 31 15.99
      vertex 60.6421 30.56 15.99
    endloop
  endfacet
  facet normal 0 0 -1
    outer loop
      vertex 60.7 31 15.99
      vertex 57.3 31 15.99
      vertex 60.7 39 15.99
    endloop
  endfacet
  facet normal 0 0 -1
    outer loop
      vertex 57.3 31 15.99
      vertex 60.6421 30.56 15.99
      vertex 60.4722 30.15 15.99
    endloop
  endfacet
  facet normal 0 0 -1
    outer loop
      vertex 57.3 39 15.99
      vertex 60.7 39 15.99
      vertex 57.3 31 15.99
    endloop
  endfacet
  facet normal 0 0 -1
    outer loop
      vertex 57.3 31 15.99
      vertex 60.4722 30.15 15.99
      vertex 60.2021 29.7979 15.99
    endloop
  endfacet
  facet normal 0 0 -1
    outer loop
      vertex 60.7 39 15.99
      vertex 57.3 39 15.99
      vertex 60.6421 39.44 15.99
    endloop
  endfacet
  facet normal 0 0 -1
    outer loop
      vertex 57.3 31 15.99
      vertex 60.2021 29.7979 15.99
      vertex 59.85 29.5278 15.99
    endloop
  endfacet
  facet normal -0 0 -1
    outer loop
      vertex 60.6421 39.44 15.99
      vertex 57.3 39 15.99
      vertex 60.4722 39.85 15.99
    endloop
  endfacet
  facet normal 0 0 -1
    outer loop
      vertex 57.3 31 15.99
      vertex 59.85 29.5278 15.99
      vertex 59.44 29.3579 15.99
    endloop
  endfacet
  facet normal -0 0 -1
    outer loop
      vertex 60.4722 39.85 15.99
      vertex 57.3 39 15.99
      vertex 60.2021 40.2021 15.99
    endloop
  endfacet
  facet normal 0 0 -1
    outer loop
      vertex 57.3 31 15.99
      vertex 59.44 29.3579 15.99
      vertex 59 29.3 15.99
    endloop
  endfacet
  facet normal -0 0 -1
    outer loop
      vertex 60.2021 40.2021 15.99
      vertex 57.3 39 15.99
      vertex 59.85 40.4722 15.99
    endloop
  endfacet
  facet normal 0 0 -1
    outer loop
      vertex 57.3 31 15.99
      vertex 59 29.3 15.99
      vertex 58.56 29.3579 15.99
    endloop
  endfacet
  facet normal -0 0 -1
    outer loop
      vertex 59.85 40.4722 15.99
      vertex 57.3 39 15.99
      vertex 59.44 40.6421 15.99
    endloop
  endfacet
  facet normal 0 0 -1
    outer loop
      vertex 57.3 31 15.99
      vertex 58.56 29.3579 15.99
      vertex 58.15 29.5278 15.99
    endloop
  endfacet
  facet normal -0 0 -1
    outer loop
      vertex 59.44 40.6421 15.99
      vertex 57.3 39 15.99
      vertex 59 40.7 15.99
    endloop
  endfacet
  facet normal 0 0 -1
    outer loop
      vertex 57.3 31 15.99
      vertex 58.15 29.5278 15.99
      vertex 57.7979 29.7979 15.99
    endloop
  endfacet
  facet normal 0 0 -1
    outer loop
      vertex 59 40.7 15.99
      vertex 57.3 39 15.99
      vertex 58.56 40.6421 15.99
    endloop
  endfacet
  facet normal 0 0 -1
    outer loop
      vertex 57.3 31 15.99
      vertex 57.7979 29.7979 15.99
      vertex 57.5278 30.15 15.99
    endloop
  endfacet
  facet normal 0 0 -1
    outer loop
      vertex 58.56 40.6421 15.99
      vertex 57.3 39 15.99
      vertex 58.15 40.4722 15.99
    endloop
  endfacet
  facet normal 0 0 -1
    outer loop
      vertex 57.3 31 15.99
      vertex 57.5278 30.15 15.99
      vertex 57.3579 30.56 15.99
    endloop
  endfacet
  facet normal 0 0 -1
    outer loop
      vertex 58.15 40.4722 15.99
      vertex 57.3 39 15.99
      vertex 57.7979 40.2021 15.99
    endloop
  endfacet
  facet normal 0 0 -1
    outer loop
      vertex 57.7979 40.2021 15.99
      vertex 57.3 39 15.99
      vertex 57.5278 39.85 15.99
    endloop
  endfacet
  facet normal 0 0 -1
    outer loop
      vertex 57.5278 39.85 15.99
      vertex 57.3 39 15.99
      vertex 57.3579 39.44 15.99
    endloop
  endfacet
  facet normal -0.608654 -0.793436 0
    outer loop
      vertex 59.85 62.4722 0
      vertex 60.2021 62.2021 15.99
      vertex 59.85 62.4722 15.99
    endloop
  endfacet
  facet normal -0.608654 -0.793436 -0
    outer loop
      vertex 60.2021 62.2021 15.99
      vertex 59.85 62.4722 0
      vertex 60.2021 62.2021 0
    endloop
  endfacet
  facet normal 0.793436 -0.608654 0
    outer loop
      vertex 57.5278 61.85 15.99
      vertex 57.7979 62.2021 0
      vertex 57.7979 62.2021 15.99
    endloop
  endfacet
  facet normal 0.793436 -0.608654 0
    outer loop
      vertex 57.7979 62.2021 0
      vertex 57.5278 61.85 15.99
      vertex 57.5278 61.85 0
    endloop
  endfacet
  facet normal 1 -0 0
    outer loop
      vertex 57.3 53 15.99
      vertex 57.3 61 0
      vertex 57.3 61 15.99
    endloop
  endfacet
  facet normal 1 0 0
    outer loop
      vertex 57.3 61 0
      vertex 57.3 53 15.99
      vertex 57.3 53 0
    endloop
  endfacet
  facet normal -0.793436 -0.608654 0
    outer loop
      vertex 60.4722 61.85 0
      vertex 60.2021 62.2021 15.99
      vertex 60.2021 62.2021 0
    endloop
  endfacet
  facet normal -0.793436 -0.608654 0
    outer loop
      vertex 60.2021 62.2021 15.99
      vertex 60.4722 61.85 0
      vertex 60.4722 61.85 15.99
    endloop
  endfacet
  facet normal 0.923822 0.382823 0
    outer loop
      vertex 57.5278 52.15 15.99
      vertex 57.3579 52.56 0
      vertex 57.3579 52.56 15.99
    endloop
  endfacet
  facet normal 0.923822 0.382823 0
    outer loop
      vertex 57.3579 52.56 0
      vertex 57.5278 52.15 15.99
      vertex 57.5278 52.15 0
    endloop
  endfacet
  facet normal 0.382823 -0.923822 0
    outer loop
      vertex 58.15 62.4722 0
      vertex 58.56 62.6421 15.99
      vertex 58.15 62.4722 15.99
    endloop
  endfacet
  facet normal 0.382823 -0.923822 0
    outer loop
      vertex 58.56 62.6421 15.99
      vertex 58.15 62.4722 0
      vertex 58.56 62.6421 0
    endloop
  endfacet
  facet normal 0.608654 -0.793436 0
    outer loop
      vertex 57.7979 62.2021 0
      vertex 58.15 62.4722 15.99
      vertex 57.7979 62.2021 15.99
    endloop
  endfacet
  facet normal 0.608654 -0.793436 0
    outer loop
      vertex 58.15 62.4722 15.99
      vertex 57.7979 62.2021 0
      vertex 58.15 62.4722 0
    endloop
  endfacet
  facet normal 0.923822 -0.382823 0
    outer loop
      vertex 57.3579 61.44 15.99
      vertex 57.5278 61.85 0
      vertex 57.5278 61.85 15.99
    endloop
  endfacet
  facet normal 0.923822 -0.382823 0
    outer loop
      vertex 57.5278 61.85 0
      vertex 57.3579 61.44 15.99
      vertex 57.3579 61.44 0
    endloop
  endfacet
  facet normal -0.793436 0.608654 0
    outer loop
      vertex 60.2021 51.7979 0
      vertex 60.4722 52.15 15.99
      vertex 60.4722 52.15 0
    endloop
  endfacet
  facet normal -0.793436 0.608654 0
    outer loop
      vertex 60.4722 52.15 15.99
      vertex 60.2021 51.7979 0
      vertex 60.2021 51.7979 15.99
    endloop
  endfacet
  facet normal -0.991453 -0.130466 0
    outer loop
      vertex 60.7 61 0
      vertex 60.6421 61.44 15.99
      vertex 60.6421 61.44 0
    endloop
  endfacet
  facet normal -0.991453 -0.130466 0
    outer loop
      vertex 60.6421 61.44 15.99
      vertex 60.7 61 0
      vertex 60.7 61 15.99
    endloop
  endfacet
  facet normal 0.382823 0.923822 -0
    outer loop
      vertex 58.56 51.3579 0
      vertex 58.15 51.5278 15.99
      vertex 58.56 51.3579 15.99
    endloop
  endfacet
  facet normal 0.382823 0.923822 0
    outer loop
      vertex 58.15 51.5278 15.99
      vertex 58.56 51.3579 0
      vertex 58.15 51.5278 0
    endloop
  endfacet
  facet normal 0.991453 -0.130466 0
    outer loop
      vertex 57.3 61 15.99
      vertex 57.3579 61.44 0
      vertex 57.3579 61.44 15.99
    endloop
  endfacet
  facet normal 0.991453 -0.130466 0
    outer loop
      vertex 57.3579 61.44 0
      vertex 57.3 61 15.99
      vertex 57.3 61 0
    endloop
  endfacet
  facet normal 0.130466 -0.991453 0
    outer loop
      vertex 58.56 62.6421 0
      vertex 59 62.7 15.99
      vertex 58.56 62.6421 15.99
    endloop
  endfacet
  facet normal 0.130466 -0.991453 0
    outer loop
      vertex 59 62.7 15.99
      vertex 58.56 62.6421 0
      vertex 59 62.7 0
    endloop
  endfacet
  facet normal -1 0 0
    outer loop
      vertex 60.7 53 0
      vertex 60.7 61 15.99
      vertex 60.7 61 0
    endloop
  endfacet
  facet normal -1 -0 0
    outer loop
      vertex 60.7 61 15.99
      vertex 60.7 53 0
      vertex 60.7 53 15.99
    endloop
  endfacet
  facet normal -0.382823 -0.923822 0
    outer loop
      vertex 59.44 62.6421 0
      vertex 59.85 62.4722 15.99
      vertex 59.44 62.6421 15.99
    endloop
  endfacet
  facet normal -0.382823 -0.923822 -0
    outer loop
      vertex 59.85 62.4722 15.99
      vertex 59.44 62.6421 0
      vertex 59.85 62.4722 0
    endloop
  endfacet
  facet normal 0.608654 0.793436 -0
    outer loop
      vertex 58.15 51.5278 0
      vertex 57.7979 51.7979 15.99
      vertex 58.15 51.5278 15.99
    endloop
  endfacet
  facet normal 0.608654 0.793436 0
    outer loop
      vertex 57.7979 51.7979 15.99
      vertex 58.15 51.5278 0
      vertex 57.7979 51.7979 0
    endloop
  endfacet
  facet normal -0.923822 -0.382823 0
    outer loop
      vertex 60.6421 61.44 0
      vertex 60.4722 61.85 15.99
      vertex 60.4722 61.85 0
    endloop
  endfacet
  facet normal -0.923822 -0.382823 0
    outer loop
      vertex 60.4722 61.85 15.99
      vertex 60.6421 61.44 0
      vertex 60.6421 61.44 15.99
    endloop
  endfacet
  facet normal 0.793436 0.608654 0
    outer loop
      vertex 57.7979 51.7979 15.99
      vertex 57.5278 52.15 0
      vertex 57.5278 52.15 15.99
    endloop
  endfacet
  facet normal 0.793436 0.608654 0
    outer loop
      vertex 57.5278 52.15 0
      vertex 57.7979 51.7979 15.99
      vertex 57.7979 51.7979 0
    endloop
  endfacet
  facet normal -0.130466 -0.991453 0
    outer loop
      vertex 59 62.7 0
      vertex 59.44 62.6421 15.99
      vertex 59 62.7 15.99
    endloop
  endfacet
  facet normal -0.130466 -0.991453 -0
    outer loop
      vertex 59.44 62.6421 15.99
      vertex 59 62.7 0
      vertex 59.44 62.6421 0
    endloop
  endfacet
  facet normal -0.608654 0.793436 0
    outer loop
      vertex 60.2021 51.7979 0
      vertex 59.85 51.5278 15.99
      vertex 60.2021 51.7979 15.99
    endloop
  endfacet
  facet normal -0.608654 0.793436 0
    outer loop
      vertex 59.85 51.5278 15.99
      vertex 60.2021 51.7979 0
      vertex 59.85 51.5278 0
    endloop
  endfacet
  facet normal 0.991453 0.130466 0
    outer loop
      vertex 57.3579 52.56 15.99
      vertex 57.3 53 0
      vertex 57.3 53 15.99
    endloop
  endfacet
  facet normal 0.991453 0.130466 0
    outer loop
      vertex 57.3 53 0
      vertex 57.3579 52.56 15.99
      vertex 57.3579 52.56 0
    endloop
  endfacet
  facet normal -0.991453 0.130466 0
    outer loop
      vertex 60.6421 52.56 0
      vertex 60.7 53 15.99
      vertex 60.7 53 0
    endloop
  endfacet
  facet normal -0.991453 0.130466 0
    outer loop
      vertex 60.7 53 15.99
      vertex 60.6421 52.56 0
      vertex 60.6421 52.56 15.99
    endloop
  endfacet
  facet normal -0.923822 0.382823 0
    outer loop
      vertex 60.4722 52.15 0
      vertex 60.6421 52.56 15.99
      vertex 60.6421 52.56 0
    endloop
  endfacet
  facet normal -0.923822 0.382823 0
    outer loop
      vertex 60.6421 52.56 15.99
      vertex 60.4722 52.15 0
      vertex 60.4722 52.15 15.99
    endloop
  endfacet
  facet normal -0.130466 0.991453 0
    outer loop
      vertex 59.44 51.3579 0
      vertex 59 51.3 15.99
      vertex 59.44 51.3579 15.99
    endloop
  endfacet
  facet normal -0.130466 0.991453 0
    outer loop
      vertex 59 51.3 15.99
      vertex 59.44 51.3579 0
      vertex 59 51.3 0
    endloop
  endfacet
  facet normal -0.382823 0.923822 0
    outer loop
      vertex 59.85 51.5278 0
      vertex 59.44 51.3579 15.99
      vertex 59.85 51.5278 15.99
    endloop
  endfacet
  facet normal -0.382823 0.923822 0
    outer loop
      vertex 59.44 51.3579 15.99
      vertex 59.85 51.5278 0
      vertex 59.44 51.3579 0
    endloop
  endfacet
  facet normal 0.130466 0.991453 -0
    outer loop
      vertex 59 51.3 0
      vertex 58.56 51.3579 15.99
      vertex 59 51.3 15.99
    endloop
  endfacet
  facet normal 0.130466 0.991453 0
    outer loop
      vertex 58.56 51.3579 15.99
      vertex 59 51.3 0
      vertex 58.56 51.3579 0
    endloop
  endfacet
  facet normal 0 0 -1
    outer loop
      vertex 57.3 53 15.99
      vertex 60.7 53 15.99
      vertex 60.6421 52.56 15.99
    endloop
  endfacet
  facet normal 0 0 -1
    outer loop
      vertex 60.7 53 15.99
      vertex 57.3 53 15.99
      vertex 60.7 61 15.99
    endloop
  endfacet
  facet normal 0 0 -1
    outer loop
      vertex 57.3 53 15.99
      vertex 60.6421 52.56 15.99
      vertex 60.4722 52.15 15.99
    endloop
  endfacet
  facet normal 0 0 -1
    outer loop
      vertex 57.3 61 15.99
      vertex 60.7 61 15.99
      vertex 57.3 53 15.99
    endloop
  endfacet
  facet normal 0 0 -1
    outer loop
      vertex 57.3 53 15.99
      vertex 60.4722 52.15 15.99
      vertex 60.2021 51.7979 15.99
    endloop
  endfacet
  facet normal 0 0 -1
    outer loop
      vertex 60.7 61 15.99
      vertex 57.3 61 15.99
      vertex 60.6421 61.44 15.99
    endloop
  endfacet
  facet normal 0 0 -1
    outer loop
      vertex 57.3 53 15.99
      vertex 60.2021 51.7979 15.99
      vertex 59.85 51.5278 15.99
    endloop
  endfacet
  facet normal -0 0 -1
    outer loop
      vertex 60.6421 61.44 15.99
      vertex 57.3 61 15.99
      vertex 60.4722 61.85 15.99
    endloop
  endfacet
  facet normal 0 0 -1
    outer loop
      vertex 57.3 53 15.99
      vertex 59.85 51.5278 15.99
      vertex 59.44 51.3579 15.99
    endloop
  endfacet
  facet normal -0 0 -1
    outer loop
      vertex 60.4722 61.85 15.99
      vertex 57.3 61 15.99
      vertex 60.2021 62.2021 15.99
    endloop
  endfacet
  facet normal 0 0 -1
    outer loop
      vertex 57.3 53 15.99
      vertex 59.44 51.3579 15.99
      vertex 59 51.3 15.99
    endloop
  endfacet
  facet normal -0 0 -1
    outer loop
      vertex 60.2021 62.2021 15.99
      vertex 57.3 61 15.99
      vertex 59.85 62.4722 15.99
    endloop
  endfacet
  facet normal 0 0 -1
    outer loop
      vertex 57.3 53 15.99
      vertex 59 51.3 15.99
      vertex 58.56 51.3579 15.99
    endloop
  endfacet
  facet normal -0 0 -1
    outer loop
      vertex 59.85 62.4722 15.99
      vertex 57.3 61 15.99
      vertex 59.44 62.6421 15.99
    endloop
  endfacet
  facet normal 0 0 -1
    outer loop
      vertex 57.3 53 15.99
      vertex 58.56 51.3579 15.99
      vertex 58.15 51.5278 15.99
    endloop
  endfacet
  facet normal -0 0 -1
    outer loop
      vertex 59.44 62.6421 15.99
      vertex 57.3 61 15.99
      vertex 59 62.7 15.99
    endloop
  endfacet
  facet normal 0 0 -1
    outer loop
      vertex 57.3 53 15.99
      vertex 58.15 51.5278 15.99
      vertex 57.7979 51.7979 15.99
    endloop
  endfacet
  facet normal 0 0 -1
    outer loop
      vertex 59 62.7 15.99
      vertex 57.3 61 15.99
      vertex 58.56 62.6421 15.99
    endloop
  endfacet
  facet normal 0 0 -1
    outer loop
      vertex 57.3 53 15.99
      vertex 57.7979 51.7979 15.99
      vertex 57.5278 52.15 15.99
    endloop
  endfacet
  facet normal 0 0 -1
    outer loop
      vertex 58.56 62.6421 15.99
      vertex 57.3 61 15.99
      vertex 58.15 62.4722 15.99
    endloop
  endfacet
  facet normal 0 0 -1
    outer loop
      vertex 57.3 53 15.99
      vertex 57.5278 52.15 15.99
      vertex 57.3579 52.56 15.99
    endloop
  endfacet
  facet normal 0 0 -1
    outer loop
      vertex 58.15 62.4722 15.99
      vertex 57.3 61 15.99
      vertex 57.7979 62.2021 15.99
    endloop
  endfacet
  facet normal 0 0 -1
    outer loop
      vertex 57.7979 62.2021 15.99
      vertex 57.3 61 15.99
      vertex 57.5278 61.85 15.99
    endloop
  endfacet
  facet normal 0 0 -1
    outer loop
      vertex 57.5278 61.85 15.99
      vertex 57.3 61 15.99
      vertex 57.3579 61.44 15.99
    endloop
  endfacet
  facet normal 0.998795 0 -0.0490781
    outer loop
      vertex 22.4655 9 28.333
      vertex 22.4 46 27
      vertex 22.4655 46 28.333
    endloop
  endfacet
  facet normal 0.998795 0 -0.0490781
    outer loop
      vertex 22.4 46 27
      vertex 22.4655 9 28.333
      vertex 22.4 9 27
    endloop
  endfacet
  facet normal -0.98918 0 -0.146706
    outer loop
      vertex 49.5345 9 28.333
      vertex 49.3387 46 29.6532
      vertex 49.5345 46 28.333
    endloop
  endfacet
  facet normal -0.98918 -0 -0.146706
    outer loop
      vertex 49.3387 46 29.6532
      vertex 49.5345 9 28.333
      vertex 49.3387 9 29.6532
    endloop
  endfacet
  facet normal -0.998795 0 -0.0490781
    outer loop
      vertex 49.6 9 27
      vertex 49.5345 46 28.333
      vertex 49.6 46 27
    endloop
  endfacet
  facet normal -0.998795 -0 -0.0490781
    outer loop
      vertex 49.5345 46 28.333
      vertex 49.6 9 27
      vertex 49.5345 9 28.333
    endloop
  endfacet
  facet normal -0.970032 0 -0.242976
    outer loop
      vertex 49.3387 9 29.6532
      vertex 49.0144 46 30.9479
      vertex 49.3387 46 29.6532
    endloop
  endfacet
  facet normal -0.970032 -0 -0.242976
    outer loop
      vertex 49.0144 46 30.9479
      vertex 49.3387 9 29.6532
      vertex 49.0144 9 30.9479
    endloop
  endfacet
  facet normal -0.427597 0 -0.90397
    outer loop
      vertex 41.2045 9 39.5648
      vertex 42.411 46 38.9941
      vertex 42.411 9 38.9941
    endloop
  endfacet
  facet normal -0.427597 0 -0.90397
    outer loop
      vertex 42.411 46 38.9941
      vertex 41.2045 9 39.5648
      vertex 41.2045 46 39.5648
    endloop
  endfacet
  facet normal 0.970032 -0 0.242976
    outer loop
      vertex 22.6613 9 24.3468
      vertex 22.9856 46 23.0521
      vertex 22.6613 46 24.3468
    endloop
  endfacet
  facet normal 0.970032 0 0.242976
    outer loop
      vertex 22.9856 46 23.0521
      vertex 22.6613 9 24.3468
      vertex 22.9856 9 23.0521
    endloop
  endfacet
  facet normal 0.427597 0 -0.90397
    outer loop
      vertex 29.589 9 38.9941
      vertex 30.7955 46 39.5648
      vertex 30.7955 9 39.5648
    endloop
  endfacet
  facet normal 0.427597 0 -0.90397
    outer loop
      vertex 30.7955 46 39.5648
      vertex 29.589 9 38.9941
      vertex 29.589 46 38.9941
    endloop
  endfacet
  facet normal -0.803189 0 0.595724
    outer loop
      vertex 46.5129 9 18.3722
      vertex 47.308 46 19.4442
      vertex 46.5129 46 18.3722
    endloop
  endfacet
  facet normal -0.803189 0 0.595724
    outer loop
      vertex 47.308 46 19.4442
      vertex 46.5129 9 18.3722
      vertex 47.308 9 19.4442
    endloop
  endfacet
  facet normal 0.595724 0 -0.803189
    outer loop
      vertex 27.3722 9 37.5129
      vertex 28.4442 46 38.308
      vertex 28.4442 9 38.308
    endloop
  endfacet
  facet normal 0.595724 0 -0.803189
    outer loop
      vertex 28.4442 46 38.308
      vertex 27.3722 9 37.5129
      vertex 27.3722 46 37.5129
    endloop
  endfacet
  facet normal 0.90397 -0 0.427597
    outer loop
      vertex 23.4352 9 21.7955
      vertex 24.0059 46 20.589
      vertex 23.4352 46 21.7955
    endloop
  endfacet
  facet normal 0.90397 0 0.427597
    outer loop
      vertex 24.0059 46 20.589
      vertex 23.4352 9 21.7955
      vertex 24.0059 9 20.589
    endloop
  endfacet
  facet normal -0.336866 0 -0.941553
    outer loop
      vertex 39.9881 9 40
      vertex 41.2045 46 39.5648
      vertex 41.2045 9 39.5648
    endloop
  endfacet
  facet normal -0.336866 0 -0.941553
    outer loop
      vertex 41.2045 46 39.5648
      vertex 39.9881 9 40
      vertex 39.9881 46 40
    endloop
  endfacet
  facet normal 0.941549 -0 0.336877
    outer loop
      vertex 22.9856 9 23.0521
      vertex 23.4352 46 21.7955
      vertex 22.9856 46 23.0521
    endloop
  endfacet
  facet normal 0.941549 0 0.336877
    outer loop
      vertex 23.4352 46 21.7955
      vertex 22.9856 9 23.0521
      vertex 23.4352 9 21.7955
    endloop
  endfacet
  facet normal 0.941549 0 -0.336877
    outer loop
      vertex 23.4352 9 32.2045
      vertex 22.9856 46 30.9479
      vertex 23.4352 46 32.2045
    endloop
  endfacet
  facet normal 0.941549 0 -0.336877
    outer loop
      vertex 22.9856 46 30.9479
      vertex 23.4352 9 32.2045
      vertex 22.9856 9 30.9479
    endloop
  endfacet
  facet normal -0.514066 0 0.857751
    outer loop
      vertex 42.411 46 15.0059
      vertex 43.5558 9 15.692
      vertex 43.5558 46 15.692
    endloop
  endfacet
  facet normal -0.514066 0 0.857751
    outer loop
      vertex 43.5558 9 15.692
      vertex 42.411 46 15.0059
      vertex 42.411 9 15.0059
    endloop
  endfacet
  facet normal 0.146706 0 0.98918
    outer loop
      vertex 33.3468 46 13.6613
      vertex 34.667 9 13.4655
      vertex 34.667 46 13.4655
    endloop
  endfacet
  facet normal 0.146706 0 0.98918
    outer loop
      vertex 34.667 9 13.4655
      vertex 33.3468 46 13.6613
      vertex 33.3468 9 13.6613
    endloop
  endfacet
  facet normal -0.336877 0 0.941549
    outer loop
      vertex 39.9479 46 13.9856
      vertex 41.2045 9 14.4352
      vertex 41.2045 46 14.4352
    endloop
  endfacet
  facet normal -0.336877 0 0.941549
    outer loop
      vertex 41.2045 9 14.4352
      vertex 39.9479 46 13.9856
      vertex 39.9479 9 13.9856
    endloop
  endfacet
  facet normal -0.0490781 0 0.998795
    outer loop
      vertex 36 46 13.4
      vertex 37.333 9 13.4655
      vertex 37.333 46 13.4655
    endloop
  endfacet
  facet normal -0.0490781 0 0.998795
    outer loop
      vertex 37.333 9 13.4655
      vertex 36 46 13.4
      vertex 36 9 13.4
    endloop
  endfacet
  facet normal 0.671523 0 -0.740983
    outer loop
      vertex 26.3833 9 36.6167
      vertex 27.3722 46 37.5129
      vertex 27.3722 9 37.5129
    endloop
  endfacet
  facet normal 0.671523 0 -0.740983
    outer loop
      vertex 27.3722 46 37.5129
      vertex 26.3833 9 36.6167
      vertex 26.3833 46 36.6167
    endloop
  endfacet
  facet normal -0.941549 0 -0.336877
    outer loop
      vertex 49.0144 9 30.9479
      vertex 48.5648 46 32.2045
      vertex 49.0144 46 30.9479
    endloop
  endfacet
  facet normal -0.941549 -0 -0.336877
    outer loop
      vertex 48.5648 46 32.2045
      vertex 49.0144 9 30.9479
      vertex 48.5648 9 32.2045
    endloop
  endfacet
  facet normal -0.998795 0 0.0490781
    outer loop
      vertex 49.5345 9 25.667
      vertex 49.6 46 27
      vertex 49.5345 46 25.667
    endloop
  endfacet
  facet normal -0.998795 0 0.0490781
    outer loop
      vertex 49.6 46 27
      vertex 49.5345 9 25.667
      vertex 49.6 9 27
    endloop
  endfacet
  facet normal -0.90397 0 -0.427597
    outer loop
      vertex 48.5648 9 32.2045
      vertex 47.9941 46 33.411
      vertex 48.5648 46 32.2045
    endloop
  endfacet
  facet normal -0.90397 -0 -0.427597
    outer loop
      vertex 47.9941 46 33.411
      vertex 48.5648 9 32.2045
      vertex 47.9941 9 33.411
    endloop
  endfacet
  facet normal -0.857751 0 0.514066
    outer loop
      vertex 47.308 9 19.4442
      vertex 47.9941 46 20.589
      vertex 47.308 46 19.4442
    endloop
  endfacet
  facet normal -0.857751 0 0.514066
    outer loop
      vertex 47.9941 46 20.589
      vertex 47.308 9 19.4442
      vertex 47.9941 9 20.589
    endloop
  endfacet
  facet normal 0.671523 0 0.740983
    outer loop
      vertex 26.3833 46 17.3833
      vertex 27.3722 9 16.4871
      vertex 27.3722 46 16.4871
    endloop
  endfacet
  facet normal 0.671523 0 0.740983
    outer loop
      vertex 27.3722 9 16.4871
      vertex 26.3833 46 17.3833
      vertex 26.3833 9 17.3833
    endloop
  endfacet
  facet normal -0.857751 0 -0.514066
    outer loop
      vertex 47.9941 9 33.411
      vertex 47.308 46 34.5558
      vertex 47.9941 46 33.411
    endloop
  endfacet
  facet normal -0.857751 -0 -0.514066
    outer loop
      vertex 47.308 46 34.5558
      vertex 47.9941 9 33.411
      vertex 47.308 9 34.5558
    endloop
  endfacet
  facet normal 0.336866 0 -0.941553
    outer loop
      vertex 30.7955 9 39.5648
      vertex 32.0119 46 40
      vertex 32.0119 9 40
    endloop
  endfacet
  facet normal 0.336866 0 -0.941553
    outer loop
      vertex 32.0119 46 40
      vertex 30.7955 9 39.5648
      vertex 30.7955 46 39.5648
    endloop
  endfacet
  facet normal -0.59576 0 0.803163
    outer loop
      vertex 43.5558 46 15.692
      vertex 44.6277 9 16.4871
      vertex 44.6277 46 16.4871
    endloop
  endfacet
  facet normal -0.59576 0 0.803163
    outer loop
      vertex 44.6277 9 16.4871
      vertex 43.5558 46 15.692
      vertex 43.5558 9 15.692
    endloop
  endfacet
  facet normal 0.98918 0 -0.146706
    outer loop
      vertex 22.6613 9 29.6532
      vertex 22.4655 46 28.333
      vertex 22.6613 46 29.6532
    endloop
  endfacet
  facet normal 0.98918 0 -0.146706
    outer loop
      vertex 22.4655 46 28.333
      vertex 22.6613 9 29.6532
      vertex 22.4655 9 28.333
    endloop
  endfacet
  facet normal -0.514066 0 -0.857751
    outer loop
      vertex 42.411 9 38.9941
      vertex 43.5558 46 38.308
      vertex 43.5558 9 38.308
    endloop
  endfacet
  facet normal -0.514066 0 -0.857751
    outer loop
      vertex 43.5558 46 38.308
      vertex 42.411 9 38.9941
      vertex 42.411 46 38.9941
    endloop
  endfacet
  facet normal 0.242976 0 0.970032
    outer loop
      vertex 32.0521 46 13.9856
      vertex 33.3468 9 13.6613
      vertex 33.3468 46 13.6613
    endloop
  endfacet
  facet normal 0.242976 0 0.970032
    outer loop
      vertex 33.3468 9 13.6613
      vertex 32.0521 46 13.9856
      vertex 32.0521 9 13.9856
    endloop
  endfacet
  facet normal 0.336877 0 0.941549
    outer loop
      vertex 30.7955 46 14.4352
      vertex 32.0521 9 13.9856
      vertex 32.0521 46 13.9856
    endloop
  endfacet
  facet normal 0.336877 0 0.941549
    outer loop
      vertex 32.0521 9 13.9856
      vertex 30.7955 46 14.4352
      vertex 30.7955 9 14.4352
    endloop
  endfacet
  facet normal -0.803163 0 -0.59576
    outer loop
      vertex 47.308 9 34.5558
      vertex 46.5129 46 35.6277
      vertex 47.308 46 34.5558
    endloop
  endfacet
  facet normal -0.803163 -0 -0.59576
    outer loop
      vertex 46.5129 46 35.6277
      vertex 47.308 9 34.5558
      vertex 46.5129 9 35.6277
    endloop
  endfacet
  facet normal -0.740983 0 0.671523
    outer loop
      vertex 45.6167 9 17.3833
      vertex 46.5129 46 18.3722
      vertex 45.6167 46 17.3833
    endloop
  endfacet
  facet normal -0.740983 0 0.671523
    outer loop
      vertex 46.5129 46 18.3722
      vertex 45.6167 9 17.3833
      vertex 46.5129 9 18.3722
    endloop
  endfacet
  facet normal 0.90397 0 -0.427597
    outer loop
      vertex 24.0059 9 33.411
      vertex 23.4352 46 32.2045
      vertex 24.0059 46 33.411
    endloop
  endfacet
  facet normal 0.90397 0 -0.427597
    outer loop
      vertex 23.4352 46 32.2045
      vertex 24.0059 9 33.411
      vertex 23.4352 9 32.2045
    endloop
  endfacet
  facet normal 0.970032 0 -0.242976
    outer loop
      vertex 22.9856 9 30.9479
      vertex 22.6613 46 29.6532
      vertex 22.9856 46 30.9479
    endloop
  endfacet
  facet normal 0.970032 0 -0.242976
    outer loop
      vertex 22.6613 46 29.6532
      vertex 22.9856 9 30.9479
      vertex 22.6613 9 29.6532
    endloop
  endfacet
  facet normal -0.427597 0 0.90397
    outer loop
      vertex 41.2045 46 14.4352
      vertex 42.411 9 15.0059
      vertex 42.411 46 15.0059
    endloop
  endfacet
  facet normal -0.427597 0 0.90397
    outer loop
      vertex 42.411 9 15.0059
      vertex 41.2045 46 14.4352
      vertex 41.2045 9 14.4352
    endloop
  endfacet
  facet normal -0.671486 0 -0.741017
    outer loop
      vertex 44.6277 9 37.5129
      vertex 45.6167 46 36.6167
      vertex 45.6167 9 36.6167
    endloop
  endfacet
  facet normal -0.671486 0 -0.741017
    outer loop
      vertex 45.6167 46 36.6167
      vertex 44.6277 9 37.5129
      vertex 44.6277 46 37.5129
    endloop
  endfacet
  facet normal -0.98918 0 0.146706
    outer loop
      vertex 49.3387 9 24.3468
      vertex 49.5345 46 25.667
      vertex 49.3387 46 24.3468
    endloop
  endfacet
  facet normal -0.98918 0 0.146706
    outer loop
      vertex 49.5345 46 25.667
      vertex 49.3387 9 24.3468
      vertex 49.5345 9 25.667
    endloop
  endfacet
  facet normal -0.970032 0 0.242976
    outer loop
      vertex 49.0144 9 23.0521
      vertex 49.3387 46 24.3468
      vertex 49.0144 46 23.0521
    endloop
  endfacet
  facet normal -0.970032 0 0.242976
    outer loop
      vertex 49.3387 46 24.3468
      vertex 49.0144 9 23.0521
      vertex 49.3387 9 24.3468
    endloop
  endfacet
  facet normal -0.146706 0 0.98918
    outer loop
      vertex 37.333 46 13.4655
      vertex 38.6532 9 13.6613
      vertex 38.6532 46 13.6613
    endloop
  endfacet
  facet normal -0.146706 0 0.98918
    outer loop
      vertex 38.6532 9 13.6613
      vertex 37.333 46 13.4655
      vertex 37.333 9 13.4655
    endloop
  endfacet
  facet normal -0.242976 0 0.970032
    outer loop
      vertex 38.6532 46 13.6613
      vertex 39.9479 9 13.9856
      vertex 39.9479 46 13.9856
    endloop
  endfacet
  facet normal -0.242976 0 0.970032
    outer loop
      vertex 39.9479 9 13.9856
      vertex 38.6532 46 13.6613
      vertex 38.6532 9 13.6613
    endloop
  endfacet
  facet normal -0.59576 0 -0.803163
    outer loop
      vertex 43.5558 9 38.308
      vertex 44.6277 46 37.5129
      vertex 44.6277 9 37.5129
    endloop
  endfacet
  facet normal -0.59576 0 -0.803163
    outer loop
      vertex 44.6277 46 37.5129
      vertex 43.5558 9 38.308
      vertex 43.5558 46 38.308
    endloop
  endfacet
  facet normal 0.595724 0 0.803189
    outer loop
      vertex 27.3722 46 16.4871
      vertex 28.4442 9 15.692
      vertex 28.4442 46 15.692
    endloop
  endfacet
  facet normal 0.595724 0 0.803189
    outer loop
      vertex 28.4442 9 15.692
      vertex 27.3722 46 16.4871
      vertex 27.3722 9 16.4871
    endloop
  endfacet
  facet normal 0.98918 -0 0.146706
    outer loop
      vertex 22.4655 9 25.667
      vertex 22.6613 46 24.3468
      vertex 22.4655 46 25.667
    endloop
  endfacet
  facet normal 0.98918 0 0.146706
    outer loop
      vertex 22.6613 46 24.3468
      vertex 22.4655 9 25.667
      vertex 22.6613 9 24.3468
    endloop
  endfacet
  facet normal 0.803163 0 -0.59576
    outer loop
      vertex 25.4871 9 35.6277
      vertex 24.692 46 34.5558
      vertex 25.4871 46 35.6277
    endloop
  endfacet
  facet normal 0.803163 0 -0.59576
    outer loop
      vertex 24.692 46 34.5558
      vertex 25.4871 9 35.6277
      vertex 24.692 9 34.5558
    endloop
  endfacet
  facet normal 0.514066 0 -0.857751
    outer loop
      vertex 28.4442 9 38.308
      vertex 29.589 46 38.9941
      vertex 29.589 9 38.9941
    endloop
  endfacet
  facet normal 0.514066 0 -0.857751
    outer loop
      vertex 29.589 46 38.9941
      vertex 28.4442 9 38.308
      vertex 28.4442 46 38.308
    endloop
  endfacet
  facet normal 0.803189 -0 0.595724
    outer loop
      vertex 24.692 9 19.4442
      vertex 25.4871 46 18.3722
      vertex 24.692 46 19.4442
    endloop
  endfacet
  facet normal 0.803189 0 0.595724
    outer loop
      vertex 25.4871 46 18.3722
      vertex 24.692 9 19.4442
      vertex 25.4871 9 18.3722
    endloop
  endfacet
  facet normal 0.740983 -0 0.671523
    outer loop
      vertex 25.4871 9 18.3722
      vertex 26.3833 46 17.3833
      vertex 25.4871 46 18.3722
    endloop
  endfacet
  facet normal 0.740983 0 0.671523
    outer loop
      vertex 26.3833 46 17.3833
      vertex 25.4871 9 18.3722
      vertex 26.3833 9 17.3833
    endloop
  endfacet
  facet normal 0.741017 0 -0.671486
    outer loop
      vertex 26.3833 9 36.6167
      vertex 25.4871 46 35.6277
      vertex 26.3833 46 36.6167
    endloop
  endfacet
  facet normal 0.741017 0 -0.671486
    outer loop
      vertex 25.4871 46 35.6277
      vertex 26.3833 9 36.6167
      vertex 25.4871 9 35.6277
    endloop
  endfacet
  facet normal 0.427597 0 0.90397
    outer loop
      vertex 29.589 46 15.0059
      vertex 30.7955 9 14.4352
      vertex 30.7955 46 14.4352
    endloop
  endfacet
  facet normal 0.427597 0 0.90397
    outer loop
      vertex 30.7955 9 14.4352
      vertex 29.589 46 15.0059
      vertex 29.589 9 15.0059
    endloop
  endfacet
  facet normal -0.671486 0 0.741017
    outer loop
      vertex 44.6277 46 16.4871
      vertex 45.6167 9 17.3833
      vertex 45.6167 46 17.3833
    endloop
  endfacet
  facet normal -0.671486 0 0.741017
    outer loop
      vertex 45.6167 9 17.3833
      vertex 44.6277 46 16.4871
      vertex 44.6277 9 16.4871
    endloop
  endfacet
  facet normal 0.0490781 0 0.998795
    outer loop
      vertex 34.667 46 13.4655
      vertex 36 9 13.4
      vertex 36 46 13.4
    endloop
  endfacet
  facet normal 0.0490781 0 0.998795
    outer loop
      vertex 36 9 13.4
      vertex 34.667 46 13.4655
      vertex 34.667 9 13.4655
    endloop
  endfacet
  facet normal -0.741017 0 -0.671486
    outer loop
      vertex 46.5129 9 35.6277
      vertex 45.6167 46 36.6167
      vertex 46.5129 46 35.6277
    endloop
  endfacet
  facet normal -0.741017 -0 -0.671486
    outer loop
      vertex 45.6167 46 36.6167
      vertex 46.5129 9 35.6277
      vertex 45.6167 9 36.6167
    endloop
  endfacet
  facet normal -0.941549 0 0.336877
    outer loop
      vertex 48.5648 9 21.7955
      vertex 49.0144 46 23.0521
      vertex 48.5648 46 21.7955
    endloop
  endfacet
  facet normal -0.941549 0 0.336877
    outer loop
      vertex 49.0144 46 23.0521
      vertex 48.5648 9 21.7955
      vertex 49.0144 9 23.0521
    endloop
  endfacet
  facet normal -0.90397 0 0.427597
    outer loop
      vertex 47.9941 9 20.589
      vertex 48.5648 46 21.7955
      vertex 47.9941 46 20.589
    endloop
  endfacet
  facet normal -0.90397 0 0.427597
    outer loop
      vertex 48.5648 46 21.7955
      vertex 47.9941 9 20.589
      vertex 48.5648 9 21.7955
    endloop
  endfacet
  facet normal 0.998795 -0 0.0490781
    outer loop
      vertex 22.4 9 27
      vertex 22.4655 46 25.667
      vertex 22.4 46 27
    endloop
  endfacet
  facet normal 0.998795 0 0.0490781
    outer loop
      vertex 22.4655 46 25.667
      vertex 22.4 9 27
      vertex 22.4655 9 25.667
    endloop
  endfacet
  facet normal 0.857751 -0 0.514066
    outer loop
      vertex 24.0059 9 20.589
      vertex 24.692 46 19.4442
      vertex 24.0059 46 20.589
    endloop
  endfacet
  facet normal 0.857751 0 0.514066
    outer loop
      vertex 24.692 46 19.4442
      vertex 24.0059 9 20.589
      vertex 24.692 9 19.4442
    endloop
  endfacet
  facet normal 0 -1 0
    outer loop
      vertex 30.7955 46 39.5648
      vertex 39.9881 46 40
      vertex 32.0119 46 40
    endloop
  endfacet
  facet normal 0 -1 0
    outer loop
      vertex 30.7955 46 39.5648
      vertex 41.2045 46 39.5648
      vertex 39.9881 46 40
    endloop
  endfacet
  facet normal 0 -1 0
    outer loop
      vertex 29.589 46 38.9941
      vertex 41.2045 46 39.5648
      vertex 30.7955 46 39.5648
    endloop
  endfacet
  facet normal 0 -1 0
    outer loop
      vertex 29.589 46 38.9941
      vertex 42.411 46 38.9941
      vertex 41.2045 46 39.5648
    endloop
  endfacet
  facet normal 0 -1 0
    outer loop
      vertex 28.4442 46 38.308
      vertex 42.411 46 38.9941
      vertex 29.589 46 38.9941
    endloop
  endfacet
  facet normal 0 -1 0
    outer loop
      vertex 28.4442 46 38.308
      vertex 43.5558 46 38.308
      vertex 42.411 46 38.9941
    endloop
  endfacet
  facet normal 0 -1 0
    outer loop
      vertex 27.3722 46 37.5129
      vertex 43.5558 46 38.308
      vertex 28.4442 46 38.308
    endloop
  endfacet
  facet normal 0 -1 0
    outer loop
      vertex 27.3722 46 37.5129
      vertex 44.6277 46 37.5129
      vertex 43.5558 46 38.308
    endloop
  endfacet
  facet normal 0 -1 0
    outer loop
      vertex 26.3833 46 36.6167
      vertex 44.6277 46 37.5129
      vertex 27.3722 46 37.5129
    endloop
  endfacet
  facet normal 0 -1 0
    outer loop
      vertex 26.3833 46 36.6167
      vertex 45.6167 46 36.6167
      vertex 44.6277 46 37.5129
    endloop
  endfacet
  facet normal 0 -1 0
    outer loop
      vertex 25.4871 46 35.6277
      vertex 45.6167 46 36.6167
      vertex 26.3833 46 36.6167
    endloop
  endfacet
  facet normal 0 -1 0
    outer loop
      vertex 25.4871 46 35.6277
      vertex 46.5129 46 35.6277
      vertex 45.6167 46 36.6167
    endloop
  endfacet
  facet normal 0 -1 0
    outer loop
      vertex 24.692 46 34.5558
      vertex 46.5129 46 35.6277
      vertex 25.4871 46 35.6277
    endloop
  endfacet
  facet normal 0 -1 0
    outer loop
      vertex 24.692 46 34.5558
      vertex 47.308 46 34.5558
      vertex 46.5129 46 35.6277
    endloop
  endfacet
  facet normal 0 -1 0
    outer loop
      vertex 24.0059 46 33.411
      vertex 47.308 46 34.5558
      vertex 24.692 46 34.5558
    endloop
  endfacet
  facet normal 0 -1 0
    outer loop
      vertex 24.0059 46 33.411
      vertex 47.9941 46 33.411
      vertex 47.308 46 34.5558
    endloop
  endfacet
  facet normal 0 -1 0
    outer loop
      vertex 23.4352 46 32.2045
      vertex 47.9941 46 33.411
      vertex 24.0059 46 33.411
    endloop
  endfacet
  facet normal 0 -1 0
    outer loop
      vertex 23.4352 46 32.2045
      vertex 48.5648 46 32.2045
      vertex 47.9941 46 33.411
    endloop
  endfacet
  facet normal 0 -1 0
    outer loop
      vertex 22.9856 46 30.9479
      vertex 48.5648 46 32.2045
      vertex 23.4352 46 32.2045
    endloop
  endfacet
  facet normal 0 -1 0
    outer loop
      vertex 22.9856 46 30.9479
      vertex 49.0144 46 30.9479
      vertex 48.5648 46 32.2045
    endloop
  endfacet
  facet normal 0 -1 0
    outer loop
      vertex 22.6613 46 29.6532
      vertex 49.0144 46 30.9479
      vertex 22.9856 46 30.9479
    endloop
  endfacet
  facet normal 0 -1 0
    outer loop
      vertex 22.6613 46 29.6532
      vertex 49.3387 46 29.6532
      vertex 49.0144 46 30.9479
    endloop
  endfacet
  facet normal 0 -1 0
    outer loop
      vertex 22.4655 46 28.333
      vertex 49.3387 46 29.6532
      vertex 22.6613 46 29.6532
    endloop
  endfacet
  facet normal 0 -1 0
    outer loop
      vertex 22.4655 46 28.333
      vertex 49.5345 46 28.333
      vertex 49.3387 46 29.6532
    endloop
  endfacet
  facet normal 0 -1 0
    outer loop
      vertex 22.4 46 27
      vertex 49.5345 46 28.333
      vertex 22.4655 46 28.333
    endloop
  endfacet
  facet normal 0 -1 0
    outer loop
      vertex 22.4 46 27
      vertex 49.6 46 27
      vertex 49.5345 46 28.333
    endloop
  endfacet
  facet normal 0 -1 0
    outer loop
      vertex 22.4655 46 25.667
      vertex 49.6 46 27
      vertex 22.4 46 27
    endloop
  endfacet
  facet normal 0 -1 0
    outer loop
      vertex 22.4655 46 25.667
      vertex 49.5345 46 25.667
      vertex 49.6 46 27
    endloop
  endfacet
  facet normal 0 -1 0
    outer loop
      vertex 22.6613 46 24.3468
      vertex 49.5345 46 25.667
      vertex 22.4655 46 25.667
    endloop
  endfacet
  facet normal 0 -1 0
    outer loop
      vertex 22.6613 46 24.3468
      vertex 49.3387 46 24.3468
      vertex 49.5345 46 25.667
    endloop
  endfacet
  facet normal 0 -1 0
    outer loop
      vertex 22.9856 46 23.0521
      vertex 49.3387 46 24.3468
      vertex 22.6613 46 24.3468
    endloop
  endfacet
  facet normal 0 -1 0
    outer loop
      vertex 22.9856 46 23.0521
      vertex 49.0144 46 23.0521
      vertex 49.3387 46 24.3468
    endloop
  endfacet
  facet normal 0 -1 0
    outer loop
      vertex 23.4352 46 21.7955
      vertex 49.0144 46 23.0521
      vertex 22.9856 46 23.0521
    endloop
  endfacet
  facet normal 0 -1 0
    outer loop
      vertex 23.4352 46 21.7955
      vertex 48.5648 46 21.7955
      vertex 49.0144 46 23.0521
    endloop
  endfacet
  facet normal 0 -1 0
    outer loop
      vertex 24.0059 46 20.589
      vertex 48.5648 46 21.7955
      vertex 23.4352 46 21.7955
    endloop
  endfacet
  facet normal 0 -1 0
    outer loop
      vertex 24.0059 46 20.589
      vertex 47.9941 46 20.589
      vertex 48.5648 46 21.7955
    endloop
  endfacet
  facet normal 0 -1 0
    outer loop
      vertex 24.692 46 19.4442
      vertex 47.9941 46 20.589
      vertex 24.0059 46 20.589
    endloop
  endfacet
  facet normal 0 -1 0
    outer loop
      vertex 24.692 46 19.4442
      vertex 47.308 46 19.4442
      vertex 47.9941 46 20.589
    endloop
  endfacet
  facet normal 0 -1 0
    outer loop
      vertex 25.4871 46 18.3722
      vertex 47.308 46 19.4442
      vertex 24.692 46 19.4442
    endloop
  endfacet
  facet normal 0 -1 0
    outer loop
      vertex 25.4871 46 18.3722
      vertex 46.5129 46 18.3722
      vertex 47.308 46 19.4442
    endloop
  endfacet
  facet normal 0 -1 0
    outer loop
      vertex 26.3833 46 17.3833
      vertex 46.5129 46 18.3722
      vertex 25.4871 46 18.3722
    endloop
  endfacet
  facet normal 0 -1 0
    outer loop
      vertex 26.3833 46 17.3833
      vertex 45.6167 46 17.3833
      vertex 46.5129 46 18.3722
    endloop
  endfacet
  facet normal 0 -1 0
    outer loop
      vertex 27.3722 46 16.4871
      vertex 45.6167 46 17.3833
      vertex 26.3833 46 17.3833
    endloop
  endfacet
  facet normal 0 -1 0
    outer loop
      vertex 27.3722 46 16.4871
      vertex 44.6277 46 16.4871
      vertex 45.6167 46 17.3833
    endloop
  endfacet
  facet normal 0 -1 0
    outer loop
      vertex 28.4442 46 15.692
      vertex 44.6277 46 16.4871
      vertex 27.3722 46 16.4871
    endloop
  endfacet
  facet normal 0 -1 0
    outer loop
      vertex 28.4442 46 15.692
      vertex 43.5558 46 15.692
      vertex 44.6277 46 16.4871
    endloop
  endfacet
  facet normal 0 -1 0
    outer loop
      vertex 29.589 46 15.0059
      vertex 43.5558 46 15.692
      vertex 28.4442 46 15.692
    endloop
  endfacet
  facet normal 0 -1 0
    outer loop
      vertex 29.589 46 15.0059
      vertex 42.411 46 15.0059
      vertex 43.5558 46 15.692
    endloop
  endfacet
  facet normal 0 -1 0
    outer loop
      vertex 30.7955 46 14.4352
      vertex 42.411 46 15.0059
      vertex 29.589 46 15.0059
    endloop
  endfacet
  facet normal 0 -1 0
    outer loop
      vertex 30.7955 46 14.4352
      vertex 41.2045 46 14.4352
      vertex 42.411 46 15.0059
    endloop
  endfacet
  facet normal 0 -1 0
    outer loop
      vertex 32.0521 46 13.9856
      vertex 41.2045 46 14.4352
      vertex 30.7955 46 14.4352
    endloop
  endfacet
  facet normal 0 -1 0
    outer loop
      vertex 32.0521 46 13.9856
      vertex 39.9479 46 13.9856
      vertex 41.2045 46 14.4352
    endloop
  endfacet
  facet normal 0 -1 0
    outer loop
      vertex 33.3468 46 13.6613
      vertex 39.9479 46 13.9856
      vertex 32.0521 46 13.9856
    endloop
  endfacet
  facet normal 0 -1 0
    outer loop
      vertex 33.3468 46 13.6613
      vertex 38.6532 46 13.6613
      vertex 39.9479 46 13.9856
    endloop
  endfacet
  facet normal 0 -1 0
    outer loop
      vertex 34.667 46 13.4655
      vertex 38.6532 46 13.6613
      vertex 33.3468 46 13.6613
    endloop
  endfacet
  facet normal 0 -1 0
    outer loop
      vertex 34.667 46 13.4655
      vertex 37.333 46 13.4655
      vertex 38.6532 46 13.6613
    endloop
  endfacet
  facet normal -0 -1 0
    outer loop
      vertex 37.333 46 13.4655
      vertex 34.667 46 13.4655
      vertex 36 46 13.4
    endloop
  endfacet
  facet normal 0.857751 0 -0.514066
    outer loop
      vertex 24.692 9 34.5558
      vertex 24.0059 46 33.411
      vertex 24.692 46 34.5558
    endloop
  endfacet
  facet normal 0.857751 0 -0.514066
    outer loop
      vertex 24.0059 46 33.411
      vertex 24.692 9 34.5558
      vertex 24.0059 9 33.411
    endloop
  endfacet
  facet normal 0.514066 0 0.857751
    outer loop
      vertex 28.4442 46 15.692
      vertex 29.589 9 15.0059
      vertex 29.589 46 15.0059
    endloop
  endfacet
  facet normal 0.514066 0 0.857751
    outer loop
      vertex 29.589 9 15.0059
      vertex 28.4442 46 15.692
      vertex 28.4442 9 15.692
    endloop
  endfacet
  facet normal -0 0 1
    outer loop
      vertex 56 60 26
      vertex 68 42 26
      vertex 68 60 26
    endloop
  endfacet
  facet normal 0 0 1
    outer loop
      vertex 68 42 26
      vertex 56 60 26
      vertex 56 42 26
    endloop
  endfacet
  facet normal 1 -0 0
    outer loop
      vertex 56 42 40
      vertex 56 60 26
      vertex 56 60 40
    endloop
  endfacet
  facet normal 1 0 0
    outer loop
      vertex 56 60 26
      vertex 56 42 40
      vertex 56 42 26
    endloop
  endfacet
  facet normal 0 -1 0
    outer loop
      vertex 56 60 40
      vertex 63 60 28
      vertex 63 60 40
    endloop
  endfacet
  facet normal 0 -1 0
    outer loop
      vertex 56 60 26
      vertex 63 60 28
      vertex 56 60 40
    endloop
  endfacet
  facet normal 0 -1 0
    outer loop
      vertex 68 60 26
      vertex 63 60 28
      vertex 56 60 26
    endloop
  endfacet
  facet normal 0 -1 0
    outer loop
      vertex 63 60 28
      vertex 68 60 26
      vertex 68 60 28
    endloop
  endfacet
  facet normal 0 1 0
    outer loop
      vertex 68 42 28
      vertex 68 42 26
      vertex 63 42 28
    endloop
  endfacet
  facet normal 0 1 -0
    outer loop
      vertex 63 42 28
      vertex 56 42 40
      vertex 63 42 40
    endloop
  endfacet
  facet normal 0 1 0
    outer loop
      vertex 63 42 28
      vertex 56 42 26
      vertex 56 42 40
    endloop
  endfacet
  facet normal 0 1 0
    outer loop
      vertex 56 42 26
      vertex 63 42 28
      vertex 68 42 26
    endloop
  endfacet
endsolid OpenSCAD_Model
