solid OpenSCAD_Model
  facet normal -1 0 0
    outer loop
      vertex 0 166 0
      vertex 0 5 0
      vertex 0 166 4
    endloop
  endfacet
  facet normal -1 0 0
    outer loop
      vertex 0 166 4
      vertex 0 171 8
      vertex 0 171 4
    endloop
  endfacet
  facet normal -1 0 0
    outer loop
      vertex 0 5 4
      vertex 0 166 4
      vertex 0 5 0
    endloop
  endfacet
  facet normal -1 0 0
    outer loop
      vertex 0 166 4
      vertex 0 5 4
      vertex 0 171 8
    endloop
  endfacet
  facet normal -1 0 0
    outer loop
      vertex 0 0 8
      vertex 0 5 4
      vertex 0 0 4
    endloop
  endfacet
  facet normal -1 0 0
    outer loop
      vertex 0 5 4
      vertex 0 0 8
      vertex 0 171 8
    endloop
  endfacet
  facet normal -0.382685 -0.923879 0
    outer loop
      vertex 2.5 0.669872 0
      vertex 3.7059 0.17037 4
      vertex 2.5 0.669872 4
    endloop
  endfacet
  facet normal -0.382685 -0.923879 -0
    outer loop
      vertex 3.7059 0.17037 4
      vertex 2.5 0.669872 0
      vertex 3.7059 0.17037 0
    endloop
  endfacet
  facet normal 0.130535 -0.991444 0
    outer loop
      vertex 144 0 0
      vertex 145.294 0.17037 8
      vertex 144 0 8
    endloop
  endfacet
  facet normal 0.130535 -0.991444 0
    outer loop
      vertex 145.294 0.17037 8
      vertex 144 0 0
      vertex 145.294 0.17037 0
    endloop
  endfacet
  facet normal -0.92389 0.382658 0
    outer loop
      vertex 0.17037 167.294 0
      vertex 0.669872 168.5 4
      vertex 0.669872 168.5 0
    endloop
  endfacet
  facet normal -0.92389 0.382658 0
    outer loop
      vertex 0.669872 168.5 4
      vertex 0.17037 167.294 0
      vertex 0.17037 167.294 4
    endloop
  endfacet
  facet normal -0.130525 -0.991445 0
    outer loop
      vertex 3.7059 0.17037 0
      vertex 5 0 4
      vertex 3.7059 0.17037 4
    endloop
  endfacet
  facet normal -0.130525 -0.991445 -0
    outer loop
      vertex 5 0 4
      vertex 3.7059 0.17037 0
      vertex 5 0 0
    endloop
  endfacet
  facet normal -0.991445 -0.130525 0
    outer loop
      vertex 0.17037 3.7059 0
      vertex 0 5 4
      vertex 0 5 0
    endloop
  endfacet
  facet normal -0.991445 -0.130525 0
    outer loop
      vertex 0 5 4
      vertex 0.17037 3.7059 0
      vertex 0.17037 3.7059 4
    endloop
  endfacet
  facet normal 0.608303 0.793705 -0
    outer loop
      vertex 147.536 169.536 0
      vertex 146.5 170.33 8
      vertex 147.536 169.536 8
    endloop
  endfacet
  facet normal 0.608303 0.793705 0
    outer loop
      vertex 146.5 170.33 8
      vertex 147.536 169.536 0
      vertex 146.5 170.33 0
    endloop
  endfacet
  facet normal 0.608591 -0.793484 0
    outer loop
      vertex 146.5 0.669872 0
      vertex 147.536 1.46447 8
      vertex 146.5 0.669872 8
    endloop
  endfacet
  facet normal 0.608591 -0.793484 0
    outer loop
      vertex 147.536 1.46447 8
      vertex 146.5 0.669872 0
      vertex 147.536 1.46447 0
    endloop
  endfacet
  facet normal 0.923755 0.382983 0
    outer loop
      vertex 148.83 167.294 8
      vertex 148.33 168.5 0
      vertex 148.33 168.5 8
    endloop
  endfacet
  facet normal 0.923755 0.382983 0
    outer loop
      vertex 148.33 168.5 0
      vertex 148.83 167.294 8
      vertex 148.83 167.294 0
    endloop
  endfacet
  facet normal 1 -0 0
    outer loop
      vertex 149 5 8
      vertex 149 166 0
      vertex 149 166 8
    endloop
  endfacet
  facet normal 1 0 0
    outer loop
      vertex 149 166 0
      vertex 149 5 8
      vertex 149 5 0
    endloop
  endfacet
  facet normal -0.991444 0.130535 0
    outer loop
      vertex 0 166 0
      vertex 0.17037 167.294 4
      vertex 0.17037 167.294 0
    endloop
  endfacet
  facet normal -0.991444 0.130535 0
    outer loop
      vertex 0.17037 167.294 4
      vertex 0 166 0
      vertex 0 166 4
    endloop
  endfacet
  facet normal 0.923744 -0.38301 0
    outer loop
      vertex 148.33 2.5 8
      vertex 148.83 3.7059 0
      vertex 148.83 3.7059 8
    endloop
  endfacet
  facet normal 0.923744 -0.38301 0
    outer loop
      vertex 148.83 3.7059 0
      vertex 148.33 2.5 8
      vertex 148.33 2.5 0
    endloop
  endfacet
  facet normal -0.608765 -0.79335 0
    outer loop
      vertex 1.46447 1.46447 0
      vertex 2.5 0.669872 4
      vertex 1.46447 1.46447 4
    endloop
  endfacet
  facet normal -0.608765 -0.79335 -0
    outer loop
      vertex 2.5 0.669872 4
      vertex 1.46447 1.46447 0
      vertex 2.5 0.669872 0
    endloop
  endfacet
  facet normal 0 -1 0
    outer loop
      vertex 5 0 4
      vertex 0 0 8
      vertex 0 0 4
    endloop
  endfacet
  facet normal 0 -1 0
    outer loop
      vertex 0 0 8
      vertex 5 0 4
      vertex 144 0 8
    endloop
  endfacet
  facet normal 0 -1 0
    outer loop
      vertex 144 0 0
      vertex 5 0 4
      vertex 5 0 0
    endloop
  endfacet
  facet normal 0 -1 0
    outer loop
      vertex 5 0 4
      vertex 144 0 0
      vertex 144 0 8
    endloop
  endfacet
  facet normal 0.793572 -0.608477 0
    outer loop
      vertex 147.536 1.46447 8
      vertex 148.33 2.5 0
      vertex 148.33 2.5 8
    endloop
  endfacet
  facet normal 0.793572 -0.608477 0
    outer loop
      vertex 148.33 2.5 0
      vertex 147.536 1.46447 8
      vertex 147.536 1.46447 0
    endloop
  endfacet
  facet normal 0.382658 -0.92389 0
    outer loop
      vertex 145.294 0.17037 0
      vertex 146.5 0.669872 8
      vertex 145.294 0.17037 8
    endloop
  endfacet
  facet normal 0.382658 -0.92389 0
    outer loop
      vertex 146.5 0.669872 8
      vertex 145.294 0.17037 0
      vertex 146.5 0.669872 0
    endloop
  endfacet
  facet normal -0.923879 -0.382685 0
    outer loop
      vertex 0.669872 2.5 0
      vertex 0.17037 3.7059 4
      vertex 0.17037 3.7059 0
    endloop
  endfacet
  facet normal -0.923879 -0.382685 0
    outer loop
      vertex 0.17037 3.7059 4
      vertex 0.669872 2.5 0
      vertex 0.669872 2.5 4
    endloop
  endfacet
  facet normal 0.382983 0.923755 -0
    outer loop
      vertex 146.5 170.33 0
      vertex 145.294 170.83 8
      vertex 146.5 170.33 8
    endloop
  endfacet
  facet normal 0.382983 0.923755 0
    outer loop
      vertex 145.294 170.83 8
      vertex 146.5 170.33 0
      vertex 145.294 170.83 0
    endloop
  endfacet
  facet normal -0.79335 -0.608765 0
    outer loop
      vertex 1.46447 1.46447 0
      vertex 0.669872 2.5 4
      vertex 0.669872 2.5 0
    endloop
  endfacet
  facet normal -0.79335 -0.608765 0
    outer loop
      vertex 0.669872 2.5 4
      vertex 1.46447 1.46447 0
      vertex 1.46447 1.46447 4
    endloop
  endfacet
  facet normal 0 1 -0
    outer loop
      vertex 144 171 0
      vertex 109.076 171 8
      vertex 144 171 8
    endloop
  endfacet
  facet normal 0 1 0
    outer loop
      vertex 109.076 171 8
      vertex 144 171 0
      vertex 39.924 171 8
    endloop
  endfacet
  facet normal 0 1 0
    outer loop
      vertex 39.924 171 8
      vertex 5 171 4
      vertex 0 171 8
    endloop
  endfacet
  facet normal 0 1 0
    outer loop
      vertex 5 171 0
      vertex 39.924 171 8
      vertex 144 171 0
    endloop
  endfacet
  facet normal 0 1 0
    outer loop
      vertex 39.924 171 8
      vertex 5 171 0
      vertex 5 171 4
    endloop
  endfacet
  facet normal 0 1 0
    outer loop
      vertex 0 171 8
      vertex 5 171 4
      vertex 0 171 4
    endloop
  endfacet
  facet normal -0.130246 0.991482 0
    outer loop
      vertex 5 171 0
      vertex 3.7059 170.83 4
      vertex 5 171 4
    endloop
  endfacet
  facet normal -0.130246 0.991482 0
    outer loop
      vertex 3.7059 170.83 4
      vertex 5 171 0
      vertex 3.7059 170.83 0
    endloop
  endfacet
  facet normal 0.793705 0.608303 0
    outer loop
      vertex 148.33 168.5 8
      vertex 147.536 169.536 0
      vertex 147.536 169.536 8
    endloop
  endfacet
  facet normal 0.793705 0.608303 0
    outer loop
      vertex 147.536 169.536 0
      vertex 148.33 168.5 8
      vertex 148.33 168.5 0
    endloop
  endfacet
  facet normal -0.793484 0.608591 0
    outer loop
      vertex 0.669872 168.5 0
      vertex 1.46447 169.536 4
      vertex 1.46447 169.536 0
    endloop
  endfacet
  facet normal -0.793484 0.608591 0
    outer loop
      vertex 1.46447 169.536 4
      vertex 0.669872 168.5 0
      vertex 0.669872 168.5 4
    endloop
  endfacet
  facet normal -0.608477 0.793572 0
    outer loop
      vertex 2.5 170.33 0
      vertex 1.46447 169.536 4
      vertex 2.5 170.33 4
    endloop
  endfacet
  facet normal -0.608477 0.793572 0
    outer loop
      vertex 1.46447 169.536 4
      vertex 2.5 170.33 0
      vertex 1.46447 169.536 0
    endloop
  endfacet
  facet normal 0.991482 -0.130246 0
    outer loop
      vertex 148.83 3.7059 8
      vertex 149 5 0
      vertex 149 5 8
    endloop
  endfacet
  facet normal 0.991482 -0.130246 0
    outer loop
      vertex 149 5 0
      vertex 148.83 3.7059 8
      vertex 148.83 3.7059 0
    endloop
  endfacet
  facet normal 0 0 -1
    outer loop
      vertex 35 26.3 0
      vertex 8.99186 43.15 0
      vertex 35.5953 26.2216 0
    endloop
  endfacet
  facet normal 0 0 -1
    outer loop
      vertex 35.5953 26.2216 0
      vertex 9.22163 128.405 0
      vertex 9.3 129 0
    endloop
  endfacet
  facet normal 0 0 -1
    outer loop
      vertex 8.62634 43.6263 0
      vertex 35.5953 26.2216 0
      vertex 8.99186 43.15 0
    endloop
  endfacet
  facet normal 0 0 -1
    outer loop
      vertex 35.5953 26.2216 0
      vertex 8.99186 127.85 0
      vertex 9.22163 128.405 0
    endloop
  endfacet
  facet normal 0 0 -1
    outer loop
      vertex 8.62634 127.374 0
      vertex 35.5953 26.2216 0
      vertex 8.62634 43.6263 0
    endloop
  endfacet
  facet normal 0 0 -1
    outer loop
      vertex 35.5953 26.2216 0
      vertex 8.62634 127.374 0
      vertex 8.99186 127.85 0
    endloop
  endfacet
  facet normal 0 0 -1
    outer loop
      vertex 8.15 43.9919 0
      vertex 8.62634 127.374 0
      vertex 8.62634 43.6263 0
    endloop
  endfacet
  facet normal 0 0 -1
    outer loop
      vertex 8.15 43.9919 0
      vertex 8.15 127.008 0
      vertex 8.62634 127.374 0
    endloop
  endfacet
  facet normal 0 0 -1
    outer loop
      vertex 7.59528 44.2216 0
      vertex 8.15 127.008 0
      vertex 8.15 43.9919 0
    endloop
  endfacet
  facet normal 0 0 -1
    outer loop
      vertex 7.59528 44.2216 0
      vertex 7.59528 126.778 0
      vertex 8.15 127.008 0
    endloop
  endfacet
  facet normal 0 0 -1
    outer loop
      vertex 7 44.3 0
      vertex 7.59528 126.778 0
      vertex 7.59528 44.2216 0
    endloop
  endfacet
  facet normal 0 0 -1
    outer loop
      vertex 7 44.3 0
      vertex 7 126.7 0
      vertex 7.59528 126.778 0
    endloop
  endfacet
  facet normal 0 0 -1
    outer loop
      vertex 6.40472 44.2216 0
      vertex 7 126.7 0
      vertex 7 44.3 0
    endloop
  endfacet
  facet normal 0 0 -1
    outer loop
      vertex 6.40472 44.2216 0
      vertex 6.40472 126.778 0
      vertex 7 126.7 0
    endloop
  endfacet
  facet normal 0 0 -1
    outer loop
      vertex 5.85 43.9919 0
      vertex 6.40472 126.778 0
      vertex 6.40472 44.2216 0
    endloop
  endfacet
  facet normal 0 0 -1
    outer loop
      vertex 5.85 43.9919 0
      vertex 5.85 127.008 0
      vertex 6.40472 126.778 0
    endloop
  endfacet
  facet normal 0 0 -1
    outer loop
      vertex 5.37365 43.6263 0
      vertex 5.85 127.008 0
      vertex 5.85 43.9919 0
    endloop
  endfacet
  facet normal 0 0 -1
    outer loop
      vertex 5.37365 43.6263 0
      vertex 5.37365 127.374 0
      vertex 5.85 127.008 0
    endloop
  endfacet
  facet normal 0 0 -1
    outer loop
      vertex 5.00814 43.15 0
      vertex 5.37365 127.374 0
      vertex 5.37365 43.6263 0
    endloop
  endfacet
  facet normal 0 0 -1
    outer loop
      vertex 5.00814 43.15 0
      vertex 5.00814 127.85 0
      vertex 5.37365 127.374 0
    endloop
  endfacet
  facet normal 0 0 -1
    outer loop
      vertex 4.77837 42.5953 0
      vertex 5.00814 127.85 0
      vertex 5.00814 43.15 0
    endloop
  endfacet
  facet normal 0 0 -1
    outer loop
      vertex 4.77837 42.5953 0
      vertex 4.77837 128.405 0
      vertex 5.00814 127.85 0
    endloop
  endfacet
  facet normal 0 0 -1
    outer loop
      vertex 4.7 42 0
      vertex 4.77837 128.405 0
      vertex 4.77837 42.5953 0
    endloop
  endfacet
  facet normal -0 0 -1
    outer loop
      vertex 4.77837 128.405 0
      vertex 4.7 42 0
      vertex 4.7 129 0
    endloop
  endfacet
  facet normal 0 0 -1
    outer loop
      vertex 144 0 0
      vertex 149 5 0
      vertex 148.83 3.7059 0
    endloop
  endfacet
  facet normal 0 0 -1
    outer loop
      vertex 126.626 25.6263 0
      vertex 149 5 0
      vertex 126.992 25.15 0
    endloop
  endfacet
  facet normal 0 0 -1
    outer loop
      vertex 144 0 0
      vertex 148.83 3.7059 0
      vertex 148.33 2.5 0
    endloop
  endfacet
  facet normal 0 0 -1
    outer loop
      vertex 149 5 0
      vertex 126.626 25.6263 0
      vertex 149 166 0
    endloop
  endfacet
  facet normal 0 0 -1
    outer loop
      vertex 144 0 0
      vertex 148.33 2.5 0
      vertex 147.536 1.46447 0
    endloop
  endfacet
  facet normal 0 0 -1
    outer loop
      vertex 126.15 25.9919 0
      vertex 149 166 0
      vertex 126.626 25.6263 0
    endloop
  endfacet
  facet normal 0 0 -1
    outer loop
      vertex 144 0 0
      vertex 147.536 1.46447 0
      vertex 146.5 0.669872 0
    endloop
  endfacet
  facet normal 0 0 -1
    outer loop
      vertex 125.595 26.2216 0
      vertex 149 166 0
      vertex 126.15 25.9919 0
    endloop
  endfacet
  facet normal 0 0 -1
    outer loop
      vertex 144 0 0
      vertex 146.5 0.669872 0
      vertex 145.294 0.17037 0
    endloop
  endfacet
  facet normal 0 0 -1
    outer loop
      vertex 125 26.3 0
      vertex 149 166 0
      vertex 125.595 26.2216 0
    endloop
  endfacet
  facet normal -0 0 -1
    outer loop
      vertex 149 5 0
      vertex 144 0 0
      vertex 126.626 22.3737 0
    endloop
  endfacet
  facet normal 0 0 -1
    outer loop
      vertex 101.53 163 0
      vertex 149 166 0
      vertex 125 26.3 0
    endloop
  endfacet
  facet normal 0 0 -1
    outer loop
      vertex 149 5 0
      vertex 127.3 24 0
      vertex 127.222 24.5953 0
    endloop
  endfacet
  facet normal 0 0 -1
    outer loop
      vertex 149 5 0
      vertex 127.222 23.4047 0
      vertex 127.3 24 0
    endloop
  endfacet
  facet normal 0 0 -1
    outer loop
      vertex 149 5 0
      vertex 126.992 22.85 0
      vertex 127.222 23.4047 0
    endloop
  endfacet
  facet normal 0 0 -1
    outer loop
      vertex 149 5 0
      vertex 126.626 22.3737 0
      vertex 126.992 22.85 0
    endloop
  endfacet
  facet normal 0 0 -1
    outer loop
      vertex 144 0 0
      vertex 126.15 22.0081 0
      vertex 126.626 22.3737 0
    endloop
  endfacet
  facet normal 0 0 -1
    outer loop
      vertex 144 0 0
      vertex 125.595 21.7784 0
      vertex 126.15 22.0081 0
    endloop
  endfacet
  facet normal 0 0 -1
    outer loop
      vertex 144 0 0
      vertex 125 21.7 0
      vertex 125.595 21.7784 0
    endloop
  endfacet
  facet normal 0 0 -1
    outer loop
      vertex 144 0 0
      vertex 124.405 21.7784 0
      vertex 125 21.7 0
    endloop
  endfacet
  facet normal 0 0 -1
    outer loop
      vertex 144 0 0
      vertex 123.85 22.0081 0
      vertex 124.405 21.7784 0
    endloop
  endfacet
  facet normal 0 0 -1
    outer loop
      vertex 86.15 22.0081 0
      vertex 123.85 22.0081 0
      vertex 144 0 0
    endloop
  endfacet
  facet normal 0 0 -1
    outer loop
      vertex 87.3 24 0
      vertex 122.7 24 0
      vertex 122.778 23.4047 0
    endloop
  endfacet
  facet normal 0 0 -1
    outer loop
      vertex 122.7 24 0
      vertex 101.472 162.56 0
      vertex 101.53 163 0
    endloop
  endfacet
  facet normal 0 0 -1
    outer loop
      vertex 122.7 24 0
      vertex 101.302 162.15 0
      vertex 101.472 162.56 0
    endloop
  endfacet
  facet normal 0 0 -1
    outer loop
      vertex 122.7 24 0
      vertex 101.032 161.798 0
      vertex 101.302 162.15 0
    endloop
  endfacet
  facet normal 0 0 -1
    outer loop
      vertex 122.7 24 0
      vertex 100.68 161.528 0
      vertex 101.032 161.798 0
    endloop
  endfacet
  facet normal 0 0 -1
    outer loop
      vertex 122.7 24 0
      vertex 100.27 161.358 0
      vertex 100.68 161.528 0
    endloop
  endfacet
  facet normal 0 0 -1
    outer loop
      vertex 122.7 24 0
      vertex 99.83 161.3 0
      vertex 100.27 161.358 0
    endloop
  endfacet
  facet normal 0 0 -1
    outer loop
      vertex 122.7 24 0
      vertex 85.5953 26.2216 0
      vertex 99.83 161.3 0
    endloop
  endfacet
  facet normal 0 0 -1
    outer loop
      vertex 85 26.3 0
      vertex 99.83 161.3 0
      vertex 85.5953 26.2216 0
    endloop
  endfacet
  facet normal -0 0 -1
    outer loop
      vertex 99.83 161.3 0
      vertex 85 26.3 0
      vertex 99.39 161.358 0
    endloop
  endfacet
  facet normal 0 0 -1
    outer loop
      vertex 84.4047 26.2216 0
      vertex 99.39 161.358 0
      vertex 85 26.3 0
    endloop
  endfacet
  facet normal 0 0 -1
    outer loop
      vertex 50.87 163 0
      vertex 99.39 161.358 0
      vertex 84.4047 26.2216 0
    endloop
  endfacet
  facet normal 0 0 -1
    outer loop
      vertex 122.7 24 0
      vertex 87.2216 24.5953 0
      vertex 86.9919 25.15 0
    endloop
  endfacet
  facet normal 0 0 -1
    outer loop
      vertex 122.7 24 0
      vertex 87.3 24 0
      vertex 87.2216 24.5953 0
    endloop
  endfacet
  facet normal 0 0 -1
    outer loop
      vertex 87.2216 23.4047 0
      vertex 122.778 23.4047 0
      vertex 123.008 22.85 0
    endloop
  endfacet
  facet normal 0 0 -1
    outer loop
      vertex 86.9919 22.85 0
      vertex 123.008 22.85 0
      vertex 123.374 22.3737 0
    endloop
  endfacet
  facet normal 0 0 -1
    outer loop
      vertex 123.85 22.0081 0
      vertex 86.15 22.0081 0
      vertex 123.374 22.3737 0
    endloop
  endfacet
  facet normal 0 0 -1
    outer loop
      vertex 122.778 23.4047 0
      vertex 87.2216 23.4047 0
      vertex 87.3 24 0
    endloop
  endfacet
  facet normal 0 0 -1
    outer loop
      vertex 123.008 22.85 0
      vertex 86.9919 22.85 0
      vertex 87.2216 23.4047 0
    endloop
  endfacet
  facet normal 0 0 -1
    outer loop
      vertex 123.374 22.3737 0
      vertex 86.6263 22.3737 0
      vertex 86.9919 22.85 0
    endloop
  endfacet
  facet normal -0 0 -1
    outer loop
      vertex 123.374 22.3737 0
      vertex 86.15 22.0081 0
      vertex 86.6263 22.3737 0
    endloop
  endfacet
  facet normal 0 0 -1
    outer loop
      vertex 144 0 0
      vertex 85.5953 21.7784 0
      vertex 86.15 22.0081 0
    endloop
  endfacet
  facet normal 0 0 -1
    outer loop
      vertex 144 0 0
      vertex 85 21.7 0
      vertex 85.5953 21.7784 0
    endloop
  endfacet
  facet normal 0 0 -1
    outer loop
      vertex 5 0 0
      vertex 85 21.7 0
      vertex 144 0 0
    endloop
  endfacet
  facet normal 0 0 -1
    outer loop
      vertex 37.3 24 0
      vertex 82.7 24 0
      vertex 82.7784 23.4047 0
    endloop
  endfacet
  facet normal 0 0 -1
    outer loop
      vertex 82.7 24 0
      vertex 50.8121 162.56 0
      vertex 50.87 163 0
    endloop
  endfacet
  facet normal 0 0 -1
    outer loop
      vertex 82.7 24 0
      vertex 50.6422 162.15 0
      vertex 50.8121 162.56 0
    endloop
  endfacet
  facet normal 0 0 -1
    outer loop
      vertex 82.7 24 0
      vertex 50.3721 161.798 0
      vertex 50.6422 162.15 0
    endloop
  endfacet
  facet normal 0 0 -1
    outer loop
      vertex 82.7 24 0
      vertex 50.02 161.528 0
      vertex 50.3721 161.798 0
    endloop
  endfacet
  facet normal 0 0 -1
    outer loop
      vertex 82.7 24 0
      vertex 49.61 161.358 0
      vertex 50.02 161.528 0
    endloop
  endfacet
  facet normal 0 0 -1
    outer loop
      vertex 82.7 24 0
      vertex 9.3 129 0
      vertex 49.61 161.358 0
    endloop
  endfacet
  facet normal 0 0 -1
    outer loop
      vertex 49.61 161.358 0
      vertex 9.3 129 0
      vertex 49.17 161.3 0
    endloop
  endfacet
  facet normal -0 0 -1
    outer loop
      vertex 49.17 161.3 0
      vertex 9.3 129 0
      vertex 48.73 161.358 0
    endloop
  endfacet
  facet normal 0 0 -1
    outer loop
      vertex 9.22163 129.595 0
      vertex 48.73 161.358 0
      vertex 9.3 129 0
    endloop
  endfacet
  facet normal -0 0 -1
    outer loop
      vertex 48.73 161.358 0
      vertex 9.22163 129.595 0
      vertex 48.32 161.528 0
    endloop
  endfacet
  facet normal 0 0 -1
    outer loop
      vertex 8.99186 130.15 0
      vertex 48.32 161.528 0
      vertex 9.22163 129.595 0
    endloop
  endfacet
  facet normal 0 0 -1
    outer loop
      vertex 82.7 24 0
      vertex 37.2216 24.5953 0
      vertex 36.9919 25.15 0
    endloop
  endfacet
  facet normal 0 0 -1
    outer loop
      vertex 82.7 24 0
      vertex 37.3 24 0
      vertex 37.2216 24.5953 0
    endloop
  endfacet
  facet normal 0 0 -1
    outer loop
      vertex 37.2216 23.4047 0
      vertex 82.7784 23.4047 0
      vertex 83.0081 22.85 0
    endloop
  endfacet
  facet normal 0 0 -1
    outer loop
      vertex 36.9919 22.85 0
      vertex 83.0081 22.85 0
      vertex 83.3737 22.3737 0
    endloop
  endfacet
  facet normal 0 0 -1
    outer loop
      vertex 36.6263 22.3737 0
      vertex 83.3737 22.3737 0
      vertex 83.85 22.0081 0
    endloop
  endfacet
  facet normal 0 0 -1
    outer loop
      vertex 36.15 22.0081 0
      vertex 83.85 22.0081 0
      vertex 84.4047 21.7784 0
    endloop
  endfacet
  facet normal -0 0 -1
    outer loop
      vertex 85 21.7 0
      vertex 5 0 0
      vertex 84.4047 21.7784 0
    endloop
  endfacet
  facet normal 0 0 -1
    outer loop
      vertex 82.7784 23.4047 0
      vertex 37.2216 23.4047 0
      vertex 37.3 24 0
    endloop
  endfacet
  facet normal 0 0 -1
    outer loop
      vertex 83.0081 22.85 0
      vertex 36.9919 22.85 0
      vertex 37.2216 23.4047 0
    endloop
  endfacet
  facet normal 0 0 -1
    outer loop
      vertex 83.3737 22.3737 0
      vertex 36.6263 22.3737 0
      vertex 36.9919 22.85 0
    endloop
  endfacet
  facet normal 0 0 -1
    outer loop
      vertex 83.85 22.0081 0
      vertex 36.15 22.0081 0
      vertex 36.6263 22.3737 0
    endloop
  endfacet
  facet normal 0 -0 -1
    outer loop
      vertex 35.5953 21.7784 0
      vertex 84.4047 21.7784 0
      vertex 5 0 0
    endloop
  endfacet
  facet normal 0 0 -1
    outer loop
      vertex 84.4047 21.7784 0
      vertex 35.5953 21.7784 0
      vertex 36.15 22.0081 0
    endloop
  endfacet
  facet normal 0 0 -1
    outer loop
      vertex 35.5953 21.7784 0
      vertex 5 0 0
      vertex 35 21.7 0
    endloop
  endfacet
  facet normal 0 0 -1
    outer loop
      vertex 7.59528 39.7784 0
      vertex 32.7 24 0
      vertex 32.7784 23.4047 0
    endloop
  endfacet
  facet normal 0 0 -1
    outer loop
      vertex 0 5 0
      vertex 32.7784 23.4047 0
      vertex 33.0081 22.85 0
    endloop
  endfacet
  facet normal 0 0 -1
    outer loop
      vertex 5 0 0
      vertex 33.0081 22.85 0
      vertex 33.3737 22.3737 0
    endloop
  endfacet
  facet normal 0 0 -1
    outer loop
      vertex 32.7 24 0
      vertex 9.22163 41.4047 0
      vertex 9.3 42 0
    endloop
  endfacet
  facet normal 0 0 -1
    outer loop
      vertex 32.7 24 0
      vertex 8.99186 40.85 0
      vertex 9.22163 41.4047 0
    endloop
  endfacet
  facet normal 0 0 -1
    outer loop
      vertex 5 0 0
      vertex 33.3737 22.3737 0
      vertex 33.85 22.0081 0
    endloop
  endfacet
  facet normal 0 0 -1
    outer loop
      vertex 32.7 24 0
      vertex 8.62634 40.3737 0
      vertex 8.99186 40.85 0
    endloop
  endfacet
  facet normal 0 0 -1
    outer loop
      vertex 32.7 24 0
      vertex 8.15 40.0081 0
      vertex 8.62634 40.3737 0
    endloop
  endfacet
  facet normal 0 0 -1
    outer loop
      vertex 32.7 24 0
      vertex 7.59528 39.7784 0
      vertex 8.15 40.0081 0
    endloop
  endfacet
  facet normal -0 0 -1
    outer loop
      vertex 32.7784 23.4047 0
      vertex 0 5 0
      vertex 7.59528 39.7784 0
    endloop
  endfacet
  facet normal 0 0 -1
    outer loop
      vertex 7.59528 39.7784 0
      vertex 0 5 0
      vertex 7 39.7 0
    endloop
  endfacet
  facet normal -0 0 -1
    outer loop
      vertex 7 39.7 0
      vertex 0 5 0
      vertex 6.40472 39.7784 0
    endloop
  endfacet
  facet normal -0 0 -1
    outer loop
      vertex 35 21.7 0
      vertex 5 0 0
      vertex 34.4047 21.7784 0
    endloop
  endfacet
  facet normal 0 0 -1
    outer loop
      vertex 5 0 0
      vertex 33.85 22.0081 0
      vertex 34.4047 21.7784 0
    endloop
  endfacet
  facet normal 0 0 -1
    outer loop
      vertex 33.0081 22.85 0
      vertex 5 0 0
      vertex 0 5 0
    endloop
  endfacet
  facet normal -0 0 -1
    outer loop
      vertex 6.40472 39.7784 0
      vertex 0 5 0
      vertex 5.85 40.0081 0
    endloop
  endfacet
  facet normal -0 0 -1
    outer loop
      vertex 5.85 40.0081 0
      vertex 0 5 0
      vertex 5.37365 40.3737 0
    endloop
  endfacet
  facet normal -0 0 -1
    outer loop
      vertex 5.37365 40.3737 0
      vertex 0 5 0
      vertex 5.00814 40.85 0
    endloop
  endfacet
  facet normal -0 0 -1
    outer loop
      vertex 5.00814 40.85 0
      vertex 0 5 0
      vertex 4.77837 41.4047 0
    endloop
  endfacet
  facet normal -0 0 -1
    outer loop
      vertex 4.77837 41.4047 0
      vertex 0 5 0
      vertex 4.7 42 0
    endloop
  endfacet
  facet normal 0 0 -1
    outer loop
      vertex 0 5 0
      vertex 5 0 0
      vertex 3.7059 0.17037 0
    endloop
  endfacet
  facet normal 0 0 -1
    outer loop
      vertex 149 5 0
      vertex 127.222 24.5953 0
      vertex 126.992 25.15 0
    endloop
  endfacet
  facet normal 0 -0 -1
    outer loop
      vertex 144 171 0
      vertex 149 166 0
      vertex 101.53 163 0
    endloop
  endfacet
  facet normal 0 0 -1
    outer loop
      vertex 148.83 167.294 0
      vertex 144 171 0
      vertex 148.33 168.5 0
    endloop
  endfacet
  facet normal 0 0 -1
    outer loop
      vertex 148.33 168.5 0
      vertex 144 171 0
      vertex 147.536 169.536 0
    endloop
  endfacet
  facet normal 0 0 -1
    outer loop
      vertex 146.5 170.33 0
      vertex 144 171 0
      vertex 145.294 170.83 0
    endloop
  endfacet
  facet normal 0 0 -1
    outer loop
      vertex 149 166 0
      vertex 144 171 0
      vertex 148.83 167.294 0
    endloop
  endfacet
  facet normal 0 0 -1
    outer loop
      vertex 101.53 163 0
      vertex 125 26.3 0
      vertex 124.405 26.2216 0
    endloop
  endfacet
  facet normal 0 0 -1
    outer loop
      vertex 101.53 163 0
      vertex 124.405 26.2216 0
      vertex 123.85 25.9919 0
    endloop
  endfacet
  facet normal 0 0 -1
    outer loop
      vertex 101.53 163 0
      vertex 123.85 25.9919 0
      vertex 123.374 25.6263 0
    endloop
  endfacet
  facet normal 0 0 -1
    outer loop
      vertex 101.53 163 0
      vertex 123.374 25.6263 0
      vertex 123.008 25.15 0
    endloop
  endfacet
  facet normal 0 0 -1
    outer loop
      vertex 101.53 163 0
      vertex 123.008 25.15 0
      vertex 122.778 24.5953 0
    endloop
  endfacet
  facet normal 0 0 -1
    outer loop
      vertex 101.53 163 0
      vertex 122.778 24.5953 0
      vertex 122.7 24 0
    endloop
  endfacet
  facet normal 0 0 -1
    outer loop
      vertex 147.536 169.536 0
      vertex 144 171 0
      vertex 146.5 170.33 0
    endloop
  endfacet
  facet normal 0 0 -1
    outer loop
      vertex 101.472 163.44 0
      vertex 144 171 0
      vertex 101.53 163 0
    endloop
  endfacet
  facet normal 0 0 -1
    outer loop
      vertex 101.302 163.85 0
      vertex 144 171 0
      vertex 101.472 163.44 0
    endloop
  endfacet
  facet normal 0 0 -1
    outer loop
      vertex 101.032 164.202 0
      vertex 144 171 0
      vertex 101.302 163.85 0
    endloop
  endfacet
  facet normal 0 0 -1
    outer loop
      vertex 100.68 164.472 0
      vertex 144 171 0
      vertex 101.032 164.202 0
    endloop
  endfacet
  facet normal 0 0 -1
    outer loop
      vertex 100.27 164.642 0
      vertex 144 171 0
      vertex 100.68 164.472 0
    endloop
  endfacet
  facet normal 0 0 -1
    outer loop
      vertex 99.83 164.7 0
      vertex 144 171 0
      vertex 100.27 164.642 0
    endloop
  endfacet
  facet normal 0 0 -1
    outer loop
      vertex 49.17 164.7 0
      vertex 99.83 164.7 0
      vertex 99.39 164.642 0
    endloop
  endfacet
  facet normal 0 0 -1
    outer loop
      vertex 122.7 24 0
      vertex 86.9919 25.15 0
      vertex 86.6263 25.6263 0
    endloop
  endfacet
  facet normal 0 0 -1
    outer loop
      vertex 122.7 24 0
      vertex 86.6263 25.6263 0
      vertex 86.15 25.9919 0
    endloop
  endfacet
  facet normal 0 0 -1
    outer loop
      vertex 122.7 24 0
      vertex 86.15 25.9919 0
      vertex 85.5953 26.2216 0
    endloop
  endfacet
  facet normal 0 0 -1
    outer loop
      vertex 99.39 161.358 0
      vertex 50.87 163 0
      vertex 98.98 161.528 0
    endloop
  endfacet
  facet normal 0 0 -1
    outer loop
      vertex 98.98 161.528 0
      vertex 50.87 163 0
      vertex 98.6279 161.798 0
    endloop
  endfacet
  facet normal 0 0 -1
    outer loop
      vertex 98.6279 161.798 0
      vertex 50.87 163 0
      vertex 98.3578 162.15 0
    endloop
  endfacet
  facet normal 0 0 -1
    outer loop
      vertex 98.3578 162.15 0
      vertex 50.87 163 0
      vertex 98.1879 162.56 0
    endloop
  endfacet
  facet normal 0 0 -1
    outer loop
      vertex 50.87 163 0
      vertex 84.4047 26.2216 0
      vertex 83.85 25.9919 0
    endloop
  endfacet
  facet normal 0 0 -1
    outer loop
      vertex 50.87 163 0
      vertex 83.85 25.9919 0
      vertex 83.3737 25.6263 0
    endloop
  endfacet
  facet normal 0 0 -1
    outer loop
      vertex 50.87 163 0
      vertex 83.3737 25.6263 0
      vertex 83.0081 25.15 0
    endloop
  endfacet
  facet normal 0 0 -1
    outer loop
      vertex 50.87 163 0
      vertex 83.0081 25.15 0
      vertex 82.7784 24.5953 0
    endloop
  endfacet
  facet normal 0 0 -1
    outer loop
      vertex 50.87 163 0
      vertex 82.7784 24.5953 0
      vertex 82.7 24 0
    endloop
  endfacet
  facet normal 0 0 -1
    outer loop
      vertex 98.1879 162.56 0
      vertex 50.87 163 0
      vertex 98.13 163 0
    endloop
  endfacet
  facet normal 0 0 -1
    outer loop
      vertex 50.87 163 0
      vertex 98.1879 163.44 0
      vertex 98.13 163 0
    endloop
  endfacet
  facet normal 0 0 -1
    outer loop
      vertex 50.8121 163.44 0
      vertex 98.1879 163.44 0
      vertex 50.87 163 0
    endloop
  endfacet
  facet normal 0 0 -1
    outer loop
      vertex 98.1879 163.44 0
      vertex 50.8121 163.44 0
      vertex 98.3578 163.85 0
    endloop
  endfacet
  facet normal 0 0 -1
    outer loop
      vertex 50.6422 163.85 0
      vertex 98.3578 163.85 0
      vertex 50.8121 163.44 0
    endloop
  endfacet
  facet normal 0 0 -1
    outer loop
      vertex 98.3578 163.85 0
      vertex 50.6422 163.85 0
      vertex 98.6279 164.202 0
    endloop
  endfacet
  facet normal 0 0 -1
    outer loop
      vertex 50.3721 164.202 0
      vertex 98.6279 164.202 0
      vertex 50.6422 163.85 0
    endloop
  endfacet
  facet normal 0 0 -1
    outer loop
      vertex 98.6279 164.202 0
      vertex 50.3721 164.202 0
      vertex 98.98 164.472 0
    endloop
  endfacet
  facet normal 0 0 -1
    outer loop
      vertex 50.02 164.472 0
      vertex 98.98 164.472 0
      vertex 50.3721 164.202 0
    endloop
  endfacet
  facet normal 0 0 -1
    outer loop
      vertex 98.98 164.472 0
      vertex 50.02 164.472 0
      vertex 99.39 164.642 0
    endloop
  endfacet
  facet normal 0 0 -1
    outer loop
      vertex 49.61 164.642 0
      vertex 99.39 164.642 0
      vertex 50.02 164.472 0
    endloop
  endfacet
  facet normal 0 0 -1
    outer loop
      vertex 49.17 164.7 0
      vertex 99.39 164.642 0
      vertex 49.61 164.642 0
    endloop
  endfacet
  facet normal 0 0 -1
    outer loop
      vertex 99.83 164.7 0
      vertex 49.17 164.7 0
      vertex 144 171 0
    endloop
  endfacet
  facet normal 0 0 -1
    outer loop
      vertex 82.7 24 0
      vertex 36.9919 25.15 0
      vertex 36.6263 25.6263 0
    endloop
  endfacet
  facet normal 0 0 -1
    outer loop
      vertex 82.7 24 0
      vertex 36.6263 25.6263 0
      vertex 36.15 25.9919 0
    endloop
  endfacet
  facet normal 0 0 -1
    outer loop
      vertex 82.7 24 0
      vertex 36.15 25.9919 0
      vertex 9.3 129 0
    endloop
  endfacet
  facet normal -0 0 -1
    outer loop
      vertex 48.32 161.528 0
      vertex 8.99186 130.15 0
      vertex 47.9679 161.798 0
    endloop
  endfacet
  facet normal 0 0 -1
    outer loop
      vertex 9.3 129 0
      vertex 36.15 25.9919 0
      vertex 35.5953 26.2216 0
    endloop
  endfacet
  facet normal 0 0 -1
    outer loop
      vertex 34.4047 26.2216 0
      vertex 9.22163 42.5953 0
      vertex 35 26.3 0
    endloop
  endfacet
  facet normal 0 0 -1
    outer loop
      vertex 9.22163 42.5953 0
      vertex 34.4047 26.2216 0
      vertex 9.3 42 0
    endloop
  endfacet
  facet normal 0 0 -1
    outer loop
      vertex 9.3 42 0
      vertex 34.4047 26.2216 0
      vertex 33.85 25.9919 0
    endloop
  endfacet
  facet normal 0 0 -1
    outer loop
      vertex 9.3 42 0
      vertex 33.85 25.9919 0
      vertex 33.3737 25.6263 0
    endloop
  endfacet
  facet normal 0 0 -1
    outer loop
      vertex 9.3 42 0
      vertex 33.3737 25.6263 0
      vertex 33.0081 25.15 0
    endloop
  endfacet
  facet normal 0 0 -1
    outer loop
      vertex 9.3 42 0
      vertex 33.0081 25.15 0
      vertex 32.7784 24.5953 0
    endloop
  endfacet
  facet normal 0 0 -1
    outer loop
      vertex 9.3 42 0
      vertex 32.7784 24.5953 0
      vertex 32.7 24 0
    endloop
  endfacet
  facet normal 0 0 -1
    outer loop
      vertex 8.99186 43.15 0
      vertex 35 26.3 0
      vertex 9.22163 42.5953 0
    endloop
  endfacet
  facet normal 0 0 -1
    outer loop
      vertex 8.62634 130.626 0
      vertex 47.9679 161.798 0
      vertex 8.99186 130.15 0
    endloop
  endfacet
  facet normal -0 0 -1
    outer loop
      vertex 47.9679 161.798 0
      vertex 8.62634 130.626 0
      vertex 47.6978 162.15 0
    endloop
  endfacet
  facet normal 0 0 -1
    outer loop
      vertex 8.15 130.992 0
      vertex 47.6978 162.15 0
      vertex 8.62634 130.626 0
    endloop
  endfacet
  facet normal -0 0 -1
    outer loop
      vertex 47.6978 162.15 0
      vertex 8.15 130.992 0
      vertex 47.5279 162.56 0
    endloop
  endfacet
  facet normal 0 0 -1
    outer loop
      vertex 5 171 0
      vertex 47.5279 162.56 0
      vertex 8.15 130.992 0
    endloop
  endfacet
  facet normal 0 0 -1
    outer loop
      vertex 47.5279 162.56 0
      vertex 5 171 0
      vertex 47.47 163 0
    endloop
  endfacet
  facet normal 0 0 -1
    outer loop
      vertex 47.47 163 0
      vertex 5 171 0
      vertex 47.5279 163.44 0
    endloop
  endfacet
  facet normal 0 0 -1
    outer loop
      vertex 47.5279 163.44 0
      vertex 5 171 0
      vertex 47.6978 163.85 0
    endloop
  endfacet
  facet normal 0 0 -1
    outer loop
      vertex 0 166 0
      vertex 8.15 130.992 0
      vertex 7.59528 131.222 0
    endloop
  endfacet
  facet normal 0 0 -1
    outer loop
      vertex 0 166 0
      vertex 7.59528 131.222 0
      vertex 7 131.3 0
    endloop
  endfacet
  facet normal 0 0 -1
    outer loop
      vertex 0 166 0
      vertex 7 131.3 0
      vertex 6.40472 131.222 0
    endloop
  endfacet
  facet normal 0 0 -1
    outer loop
      vertex 0 166 0
      vertex 6.40472 131.222 0
      vertex 5.85 130.992 0
    endloop
  endfacet
  facet normal 0 0 -1
    outer loop
      vertex 0 166 0
      vertex 5.85 130.992 0
      vertex 5.37365 130.626 0
    endloop
  endfacet
  facet normal 0 0 -1
    outer loop
      vertex 49.17 164.7 0
      vertex 5 171 0
      vertex 144 171 0
    endloop
  endfacet
  facet normal 0 0 -1
    outer loop
      vertex 48.73 164.642 0
      vertex 5 171 0
      vertex 49.17 164.7 0
    endloop
  endfacet
  facet normal 0 0 -1
    outer loop
      vertex 48.32 164.472 0
      vertex 5 171 0
      vertex 48.73 164.642 0
    endloop
  endfacet
  facet normal 0 0 -1
    outer loop
      vertex 47.9679 164.202 0
      vertex 5 171 0
      vertex 48.32 164.472 0
    endloop
  endfacet
  facet normal 0 0 -1
    outer loop
      vertex 47.6978 163.85 0
      vertex 5 171 0
      vertex 47.9679 164.202 0
    endloop
  endfacet
  facet normal 0 0 -1
    outer loop
      vertex 0 166 0
      vertex 5.37365 130.626 0
      vertex 5.00814 130.15 0
    endloop
  endfacet
  facet normal 0 0 -1
    outer loop
      vertex 0 166 0
      vertex 5.00814 130.15 0
      vertex 4.77837 129.595 0
    endloop
  endfacet
  facet normal 0 0 -1
    outer loop
      vertex 0 166 0
      vertex 4.77837 129.595 0
      vertex 4.7 129 0
    endloop
  endfacet
  facet normal -0 0 -1
    outer loop
      vertex 4.7 42 0
      vertex 0 5 0
      vertex 4.7 129 0
    endloop
  endfacet
  facet normal 0 0 -1
    outer loop
      vertex 0 166 0
      vertex 4.7 129 0
      vertex 0 5 0
    endloop
  endfacet
  facet normal 0 0 -1
    outer loop
      vertex 0 5 0
      vertex 3.7059 0.17037 0
      vertex 2.5 0.669872 0
    endloop
  endfacet
  facet normal 0 0 -1
    outer loop
      vertex 8.15 130.992 0
      vertex 0 166 0
      vertex 5 171 0
    endloop
  endfacet
  facet normal 0 0 -1
    outer loop
      vertex 0 5 0
      vertex 2.5 0.669872 0
      vertex 1.46447 1.46447 0
    endloop
  endfacet
  facet normal 0 0 -1
    outer loop
      vertex 5 171 0
      vertex 0 166 0
      vertex 3.7059 170.83 0
    endloop
  endfacet
  facet normal 0 0 -1
    outer loop
      vertex 0 5 0
      vertex 1.46447 1.46447 0
      vertex 0.669872 2.5 0
    endloop
  endfacet
  facet normal 0 0 -1
    outer loop
      vertex 3.7059 170.83 0
      vertex 0 166 0
      vertex 2.5 170.33 0
    endloop
  endfacet
  facet normal 0 0 -1
    outer loop
      vertex 0 5 0
      vertex 0.669872 2.5 0
      vertex 0.17037 3.7059 0
    endloop
  endfacet
  facet normal 0 0 -1
    outer loop
      vertex 2.5 170.33 0
      vertex 0 166 0
      vertex 1.46447 169.536 0
    endloop
  endfacet
  facet normal 0 0 -1
    outer loop
      vertex 1.46447 169.536 0
      vertex 0 166 0
      vertex 0.669872 168.5 0
    endloop
  endfacet
  facet normal 0 0 -1
    outer loop
      vertex 0.669872 168.5 0
      vertex 0 166 0
      vertex 0.17037 167.294 0
    endloop
  endfacet
  facet normal 0.130256 0.99148 -0
    outer loop
      vertex 145.294 170.83 0
      vertex 144 171 8
      vertex 145.294 170.83 8
    endloop
  endfacet
  facet normal 0.130256 0.99148 0
    outer loop
      vertex 144 171 8
      vertex 145.294 170.83 0
      vertex 144 171 0
    endloop
  endfacet
  facet normal -0.38301 0.923744 0
    outer loop
      vertex 3.7059 170.83 0
      vertex 2.5 170.33 4
      vertex 3.7059 170.83 4
    endloop
  endfacet
  facet normal -0.38301 0.923744 0
    outer loop
      vertex 2.5 170.33 4
      vertex 3.7059 170.83 0
      vertex 2.5 170.33 0
    endloop
  endfacet
  facet normal 0.99148 0.130256 0
    outer loop
      vertex 149 166 8
      vertex 148.83 167.294 0
      vertex 148.83 167.294 8
    endloop
  endfacet
  facet normal 0.99148 0.130256 0
    outer loop
      vertex 148.83 167.294 0
      vertex 149 166 8
      vertex 149 166 0
    endloop
  endfacet
  facet normal -0 0 1
    outer loop
      vertex 9.22163 128.405 8
      vertex 9.3 42 8
      vertex 9.3 129 8
    endloop
  endfacet
  facet normal 0 0 1
    outer loop
      vertex 9.22163 128.405 8
      vertex 9.22163 42.5953 8
      vertex 9.3 42 8
    endloop
  endfacet
  facet normal -0 0 1
    outer loop
      vertex 8.99186 127.85 8
      vertex 9.22163 42.5953 8
      vertex 9.22163 128.405 8
    endloop
  endfacet
  facet normal 0 0 1
    outer loop
      vertex 8.99186 127.85 8
      vertex 8.99186 43.15 8
      vertex 9.22163 42.5953 8
    endloop
  endfacet
  facet normal -0 0 1
    outer loop
      vertex 8.62634 127.374 8
      vertex 8.99186 43.15 8
      vertex 8.99186 127.85 8
    endloop
  endfacet
  facet normal 0 0 1
    outer loop
      vertex 8.62634 127.374 8
      vertex 8.62634 43.6263 8
      vertex 8.99186 43.15 8
    endloop
  endfacet
  facet normal -0 0 1
    outer loop
      vertex 8.15 127.008 8
      vertex 8.62634 43.6263 8
      vertex 8.62634 127.374 8
    endloop
  endfacet
  facet normal 0 0 1
    outer loop
      vertex 8.15 127.008 8
      vertex 8.15 43.9919 8
      vertex 8.62634 43.6263 8
    endloop
  endfacet
  facet normal -0 0 1
    outer loop
      vertex 7.59528 126.778 8
      vertex 8.15 43.9919 8
      vertex 8.15 127.008 8
    endloop
  endfacet
  facet normal 0 0 1
    outer loop
      vertex 7.59528 126.778 8
      vertex 7.59528 44.2216 8
      vertex 8.15 43.9919 8
    endloop
  endfacet
  facet normal -0 0 1
    outer loop
      vertex 7 126.7 8
      vertex 7.59528 44.2216 8
      vertex 7.59528 126.778 8
    endloop
  endfacet
  facet normal 0 0 1
    outer loop
      vertex 7 126.7 8
      vertex 7 44.3 8
      vertex 7.59528 44.2216 8
    endloop
  endfacet
  facet normal 0 0 1
    outer loop
      vertex 6.40472 126.778 8
      vertex 7 44.3 8
      vertex 7 126.7 8
    endloop
  endfacet
  facet normal 0 0 1
    outer loop
      vertex 6.40472 126.778 8
      vertex 6.40472 44.2216 8
      vertex 7 44.3 8
    endloop
  endfacet
  facet normal 0 0 1
    outer loop
      vertex 5.85 127.008 8
      vertex 6.40472 44.2216 8
      vertex 6.40472 126.778 8
    endloop
  endfacet
  facet normal 0 0 1
    outer loop
      vertex 5.85 127.008 8
      vertex 5.85 43.9919 8
      vertex 6.40472 44.2216 8
    endloop
  endfacet
  facet normal 0 0 1
    outer loop
      vertex 5.37365 127.374 8
      vertex 5.85 43.9919 8
      vertex 5.85 127.008 8
    endloop
  endfacet
  facet normal 0 0 1
    outer loop
      vertex 5.37365 127.374 8
      vertex 5.37365 43.6263 8
      vertex 5.85 43.9919 8
    endloop
  endfacet
  facet normal 0 0 1
    outer loop
      vertex 5.00814 127.85 8
      vertex 5.37365 43.6263 8
      vertex 5.37365 127.374 8
    endloop
  endfacet
  facet normal 0 0 1
    outer loop
      vertex 5.00814 127.85 8
      vertex 5.00814 43.15 8
      vertex 5.37365 43.6263 8
    endloop
  endfacet
  facet normal 0 0 1
    outer loop
      vertex 4.77837 128.405 8
      vertex 5.00814 43.15 8
      vertex 5.00814 127.85 8
    endloop
  endfacet
  facet normal 0 0 1
    outer loop
      vertex 4.77837 128.405 8
      vertex 4.77837 42.5953 8
      vertex 5.00814 43.15 8
    endloop
  endfacet
  facet normal 0 0 1
    outer loop
      vertex 4.7 129 8
      vertex 4.77837 42.5953 8
      vertex 4.77837 128.405 8
    endloop
  endfacet
  facet normal 0 0 1
    outer loop
      vertex 4.77837 42.5953 8
      vertex 4.7 129 8
      vertex 4.7 42 8
    endloop
  endfacet
  facet normal -0 0 1
    outer loop
      vertex 127.222 24.5953 8
      vertex 129 18 8
      vertex 129 85.5 8
    endloop
  endfacet
  facet normal 0 0 1
    outer loop
      vertex 129 18 8
      vertex 127.222 24.5953 8
      vertex 127.3 24 8
    endloop
  endfacet
  facet normal 0 0 1
    outer loop
      vertex 129 85.5 8
      vertex 126.992 25.15 8
      vertex 127.222 24.5953 8
    endloop
  endfacet
  facet normal 0 0 1
    outer loop
      vertex 129 85.5 8
      vertex 126.626 25.6263 8
      vertex 126.992 25.15 8
    endloop
  endfacet
  facet normal 0 0 1
    outer loop
      vertex 129 85.5 8
      vertex 126.15 25.9919 8
      vertex 126.626 25.6263 8
    endloop
  endfacet
  facet normal 0 0 1
    outer loop
      vertex 129 85.5 8
      vertex 125.595 26.2216 8
      vertex 126.15 25.9919 8
    endloop
  endfacet
  facet normal 0 0 1
    outer loop
      vertex 129 85.5 8
      vertex 125 26.3 8
      vertex 125.595 26.2216 8
    endloop
  endfacet
  facet normal 0 0 1
    outer loop
      vertex 129 85.5 8
      vertex 124.405 26.2216 8
      vertex 125 26.3 8
    endloop
  endfacet
  facet normal 0 0 1
    outer loop
      vertex 129 85.5 8
      vertex 123.85 25.9919 8
      vertex 124.405 26.2216 8
    endloop
  endfacet
  facet normal 0 0 1
    outer loop
      vertex 86.15 25.9919 8
      vertex 123.85 25.9919 8
      vertex 129 85.5 8
    endloop
  endfacet
  facet normal 0 0 1
    outer loop
      vertex 123.85 25.9919 8
      vertex 86.15 25.9919 8
      vertex 123.374 25.6263 8
    endloop
  endfacet
  facet normal 0 -0 1
    outer loop
      vertex 86.6263 25.6263 8
      vertex 123.374 25.6263 8
      vertex 86.15 25.9919 8
    endloop
  endfacet
  facet normal 0 0 1
    outer loop
      vertex 123.374 25.6263 8
      vertex 86.6263 25.6263 8
      vertex 123.008 25.15 8
    endloop
  endfacet
  facet normal 0 -0 1
    outer loop
      vertex 86.9919 25.15 8
      vertex 123.008 25.15 8
      vertex 86.6263 25.6263 8
    endloop
  endfacet
  facet normal 0 0 1
    outer loop
      vertex 122.7 24 8
      vertex 87.2216 24.5953 8
      vertex 87.3 24 8
    endloop
  endfacet
  facet normal 0 0 1
    outer loop
      vertex 122.778 24.5953 8
      vertex 87.2216 24.5953 8
      vertex 122.7 24 8
    endloop
  endfacet
  facet normal 0 -0 1
    outer loop
      vertex 87.2216 24.5953 8
      vertex 122.778 24.5953 8
      vertex 86.9919 25.15 8
    endloop
  endfacet
  facet normal 0 0 1
    outer loop
      vertex 123.008 25.15 8
      vertex 86.9919 25.15 8
      vertex 122.778 24.5953 8
    endloop
  endfacet
  facet normal 0 0 1
    outer loop
      vertex 129 85.5 8
      vertex 85.5953 26.2216 8
      vertex 86.15 25.9919 8
    endloop
  endfacet
  facet normal 0 0 1
    outer loop
      vertex 129 85.5 8
      vertex 85 26.3 8
      vertex 85.5953 26.2216 8
    endloop
  endfacet
  facet normal 0 0 1
    outer loop
      vertex 129 85.5 8
      vertex 84.4047 26.2216 8
      vertex 85 26.3 8
    endloop
  endfacet
  facet normal -0 0 1
    outer loop
      vertex 18 85.5 8
      vertex 84.4047 26.2216 8
      vertex 129 85.5 8
    endloop
  endfacet
  facet normal 0 0 1
    outer loop
      vertex 84.4047 26.2216 8
      vertex 18 85.5 8
      vertex 83.85 25.9919 8
    endloop
  endfacet
  facet normal 0 -0 1
    outer loop
      vertex 36.15 25.9919 8
      vertex 83.85 25.9919 8
      vertex 18 85.5 8
    endloop
  endfacet
  facet normal 0 0 1
    outer loop
      vertex 82.7784 24.5953 8
      vertex 37.3 24 8
      vertex 82.7 24 8
    endloop
  endfacet
  facet normal 0 0 1
    outer loop
      vertex 37.2216 24.5953 8
      vertex 82.7784 24.5953 8
      vertex 83.0081 25.15 8
    endloop
  endfacet
  facet normal 0 0 1
    outer loop
      vertex 83.85 25.9919 8
      vertex 36.15 25.9919 8
      vertex 83.3737 25.6263 8
    endloop
  endfacet
  facet normal 0 0 1
    outer loop
      vertex 82.7784 24.5953 8
      vertex 37.2216 24.5953 8
      vertex 37.3 24 8
    endloop
  endfacet
  facet normal 0 0 1
    outer loop
      vertex 83.0081 25.15 8
      vertex 36.9919 25.15 8
      vertex 37.2216 24.5953 8
    endloop
  endfacet
  facet normal 0 0 1
    outer loop
      vertex 83.0081 25.15 8
      vertex 36.6263 25.6263 8
      vertex 36.9919 25.15 8
    endloop
  endfacet
  facet normal 0 -0 1
    outer loop
      vertex 36.6263 25.6263 8
      vertex 83.3737 25.6263 8
      vertex 36.15 25.9919 8
    endloop
  endfacet
  facet normal 0 0 1
    outer loop
      vertex 83.3737 25.6263 8
      vertex 36.6263 25.6263 8
      vertex 83.0081 25.15 8
    endloop
  endfacet
  facet normal 0 0 1
    outer loop
      vertex 36.15 25.9919 8
      vertex 18 85.5 8
      vertex 35.5953 26.2216 8
    endloop
  endfacet
  facet normal 0 0 1
    outer loop
      vertex 35.5953 26.2216 8
      vertex 18 85.5 8
      vertex 35 26.3 8
    endloop
  endfacet
  facet normal 0 0 1
    outer loop
      vertex 35 26.3 8
      vertex 18 85.5 8
      vertex 34.4047 26.2216 8
    endloop
  endfacet
  facet normal 0 0 1
    outer loop
      vertex 33.0081 25.15 8
      vertex 15 18 8
      vertex 32.7784 24.5953 8
    endloop
  endfacet
  facet normal 0 0 1
    outer loop
      vertex 33.3737 25.6263 8
      vertex 15 18 8
      vertex 33.0081 25.15 8
    endloop
  endfacet
  facet normal 0 0 1
    outer loop
      vertex 15 18 8
      vertex 33.3737 25.6263 8
      vertex 18 85.5 8
    endloop
  endfacet
  facet normal 0 0 1
    outer loop
      vertex 33.85 25.9919 8
      vertex 18 85.5 8
      vertex 33.3737 25.6263 8
    endloop
  endfacet
  facet normal 0 0 1
    outer loop
      vertex 34.4047 26.2216 8
      vertex 18 85.5 8
      vertex 33.85 25.9919 8
    endloop
  endfacet
  facet normal 0 0 1
    outer loop
      vertex 144 171 8
      vertex 149 166 8
      vertex 148.83 167.294 8
    endloop
  endfacet
  facet normal 0 0 1
    outer loop
      vertex 149 166 8
      vertex 134 153 8
      vertex 149 5 8
    endloop
  endfacet
  facet normal 0 0 1
    outer loop
      vertex 144 171 8
      vertex 148.83 167.294 8
      vertex 148.33 168.5 8
    endloop
  endfacet
  facet normal -0 0 1
    outer loop
      vertex 134 18 8
      vertex 149 5 8
      vertex 134 153 8
    endloop
  endfacet
  facet normal 0 0 1
    outer loop
      vertex 144 171 8
      vertex 148.33 168.5 8
      vertex 147.536 169.536 8
    endloop
  endfacet
  facet normal 0 -0 1
    outer loop
      vertex 144 0 8
      vertex 149 5 8
      vertex 134 18 8
    endloop
  endfacet
  facet normal 0 0 1
    outer loop
      vertex 144 171 8
      vertex 147.536 169.536 8
      vertex 146.5 170.33 8
    endloop
  endfacet
  facet normal 0 0 1
    outer loop
      vertex 149 5 8
      vertex 144 0 8
      vertex 148.83 3.7059 8
    endloop
  endfacet
  facet normal 0 0 1
    outer loop
      vertex 144 171 8
      vertex 146.5 170.33 8
      vertex 145.294 170.83 8
    endloop
  endfacet
  facet normal 0 0 1
    outer loop
      vertex 148.83 3.7059 8
      vertex 144 0 8
      vertex 148.33 2.5 8
    endloop
  endfacet
  facet normal 0 0 1
    outer loop
      vertex 149 166 8
      vertex 144 171 8
      vertex 134 153 8
    endloop
  endfacet
  facet normal 0 0 1
    outer loop
      vertex 148.33 2.5 8
      vertex 144 0 8
      vertex 147.536 1.46447 8
    endloop
  endfacet
  facet normal 0 0 1
    outer loop
      vertex 147.536 1.46447 8
      vertex 144 0 8
      vertex 146.5 0.669872 8
    endloop
  endfacet
  facet normal 0 0 1
    outer loop
      vertex 144 171 8
      vertex 129 153 8
      vertex 134 153 8
    endloop
  endfacet
  facet normal -0 0 1
    outer loop
      vertex 109.076 171 8
      vertex 129 153 8
      vertex 144 171 8
    endloop
  endfacet
  facet normal -0 0 1
    outer loop
      vertex 101.472 162.56 8
      vertex 129 153 8
      vertex 109.076 171 8
    endloop
  endfacet
  facet normal 0 0 1
    outer loop
      vertex 101.53 163 8
      vertex 109.076 171 8
      vertex 109 170.99 8
    endloop
  endfacet
  facet normal 0 0 1
    outer loop
      vertex 109.076 171 8
      vertex 101.53 163 8
      vertex 101.472 162.56 8
    endloop
  endfacet
  facet normal 0 0 1
    outer loop
      vertex 129 153 8
      vertex 101.472 162.56 8
      vertex 101.302 162.15 8
    endloop
  endfacet
  facet normal -0 0 1
    outer loop
      vertex 101.032 161.798 8
      vertex 129 153 8
      vertex 101.302 162.15 8
    endloop
  endfacet
  facet normal -0 0 1
    outer loop
      vertex 100.68 161.528 8
      vertex 129 153 8
      vertex 101.032 161.798 8
    endloop
  endfacet
  facet normal -0 0 1
    outer loop
      vertex 100.27 161.358 8
      vertex 129 153 8
      vertex 100.68 161.528 8
    endloop
  endfacet
  facet normal -0 0 1
    outer loop
      vertex 99.83 161.3 8
      vertex 129 153 8
      vertex 100.27 161.358 8
    endloop
  endfacet
  facet normal 0 0 1
    outer loop
      vertex 129 153 8
      vertex 99.83 161.3 8
      vertex 129 90.5 8
    endloop
  endfacet
  facet normal 0 0 1
    outer loop
      vertex 99.39 161.358 8
      vertex 129 90.5 8
      vertex 99.83 161.3 8
    endloop
  endfacet
  facet normal 0 0 1
    outer loop
      vertex 98.98 161.528 8
      vertex 129 90.5 8
      vertex 99.39 161.358 8
    endloop
  endfacet
  facet normal 0 0 1
    outer loop
      vertex 50.02 161.528 8
      vertex 98.98 161.528 8
      vertex 98.6279 161.798 8
    endloop
  endfacet
  facet normal 0 0 1
    outer loop
      vertex 50.3721 161.798 8
      vertex 98.6279 161.798 8
      vertex 98.3578 162.15 8
    endloop
  endfacet
  facet normal -0 0 1
    outer loop
      vertex 50.87 163 8
      vertex 98.1879 162.56 8
      vertex 98.13 163 8
    endloop
  endfacet
  facet normal 0 0 1
    outer loop
      vertex 50.8121 162.56 8
      vertex 98.1879 162.56 8
      vertex 50.87 163 8
    endloop
  endfacet
  facet normal 0 0 1
    outer loop
      vertex 98.1879 162.56 8
      vertex 50.8121 162.56 8
      vertex 98.3578 162.15 8
    endloop
  endfacet
  facet normal 0 0 1
    outer loop
      vertex 50.6422 162.15 8
      vertex 98.3578 162.15 8
      vertex 50.8121 162.56 8
    endloop
  endfacet
  facet normal 0 0 1
    outer loop
      vertex 50.3721 161.798 8
      vertex 98.3578 162.15 8
      vertex 50.6422 162.15 8
    endloop
  endfacet
  facet normal 0 0 1
    outer loop
      vertex 98.6279 161.798 8
      vertex 50.3721 161.798 8
      vertex 50.02 161.528 8
    endloop
  endfacet
  facet normal 0 0 1
    outer loop
      vertex 98.98 161.528 8
      vertex 50.02 161.528 8
      vertex 129 90.5 8
    endloop
  endfacet
  facet normal 0 0 1
    outer loop
      vertex 18 90.5 8
      vertex 50.02 161.528 8
      vertex 49.61 161.358 8
    endloop
  endfacet
  facet normal 0 0 1
    outer loop
      vertex 18 90.5 8
      vertex 49.61 161.358 8
      vertex 49.17 161.3 8
    endloop
  endfacet
  facet normal 0 0 1
    outer loop
      vertex 18 90.5 8
      vertex 49.17 161.3 8
      vertex 48.73 161.358 8
    endloop
  endfacet
  facet normal 0 0 1
    outer loop
      vertex 15 153 8
      vertex 48.73 161.358 8
      vertex 48.32 161.528 8
    endloop
  endfacet
  facet normal 0 0 1
    outer loop
      vertex 15 153 8
      vertex 48.32 161.528 8
      vertex 47.9679 161.798 8
    endloop
  endfacet
  facet normal 0 0 1
    outer loop
      vertex 39.924 171 8
      vertex 47.47 163 8
      vertex 40 170.99 8
    endloop
  endfacet
  facet normal 0 0 1
    outer loop
      vertex 47.47 163 8
      vertex 39.924 171 8
      vertex 47.5279 162.56 8
    endloop
  endfacet
  facet normal 0 0 1
    outer loop
      vertex 15 153 8
      vertex 47.5279 162.56 8
      vertex 39.924 171 8
    endloop
  endfacet
  facet normal 0 0 1
    outer loop
      vertex 47.5279 162.56 8
      vertex 15 153 8
      vertex 47.6978 162.15 8
    endloop
  endfacet
  facet normal 0 0 1
    outer loop
      vertex 50.02 161.528 8
      vertex 18 90.5 8
      vertex 129 90.5 8
    endloop
  endfacet
  facet normal 0 0 1
    outer loop
      vertex 47.6978 162.15 8
      vertex 15 153 8
      vertex 47.9679 161.798 8
    endloop
  endfacet
  facet normal 0 0 1
    outer loop
      vertex 18 90.5 8
      vertex 15 153 8
      vertex 18 85.5 8
    endloop
  endfacet
  facet normal 0 0 1
    outer loop
      vertex 48.73 161.358 8
      vertex 15 153 8
      vertex 18 90.5 8
    endloop
  endfacet
  facet normal -0 0 1
    outer loop
      vertex 0 171 8
      vertex 15 153 8
      vertex 39.924 171 8
    endloop
  endfacet
  facet normal 0 0 1
    outer loop
      vertex 10 153 8
      vertex 9.3 129 8
      vertex 10 18 8
    endloop
  endfacet
  facet normal 0 0 1
    outer loop
      vertex 10 153 8
      vertex 9.22163 129.595 8
      vertex 9.3 129 8
    endloop
  endfacet
  facet normal 0 0 1
    outer loop
      vertex 10 153 8
      vertex 8.99186 130.15 8
      vertex 9.22163 129.595 8
    endloop
  endfacet
  facet normal 0 0 1
    outer loop
      vertex 10 153 8
      vertex 8.62634 130.626 8
      vertex 8.99186 130.15 8
    endloop
  endfacet
  facet normal 0 0 1
    outer loop
      vertex 10 153 8
      vertex 8.15 130.992 8
      vertex 8.62634 130.626 8
    endloop
  endfacet
  facet normal 0 0 1
    outer loop
      vertex 10 153 8
      vertex 7.59528 131.222 8
      vertex 8.15 130.992 8
    endloop
  endfacet
  facet normal 0 0 1
    outer loop
      vertex 10 153 8
      vertex 7 131.3 8
      vertex 7.59528 131.222 8
    endloop
  endfacet
  facet normal 0 0 1
    outer loop
      vertex 10 153 8
      vertex 6.40472 131.222 8
      vertex 7 131.3 8
    endloop
  endfacet
  facet normal 0 0 1
    outer loop
      vertex 10 153 8
      vertex 5.85 130.992 8
      vertex 6.40472 131.222 8
    endloop
  endfacet
  facet normal 0 0 1
    outer loop
      vertex 10 153 8
      vertex 5.37365 130.626 8
      vertex 5.85 130.992 8
    endloop
  endfacet
  facet normal 0 0 1
    outer loop
      vertex 10 153 8
      vertex 5.00814 130.15 8
      vertex 5.37365 130.626 8
    endloop
  endfacet
  facet normal 0 0 1
    outer loop
      vertex 0 171 8
      vertex 5.00814 130.15 8
      vertex 10 153 8
    endloop
  endfacet
  facet normal 0 0 1
    outer loop
      vertex 4.7 129 8
      vertex 0 171 8
      vertex 4.7 42 8
    endloop
  endfacet
  facet normal 0 0 1
    outer loop
      vertex 4.77837 129.595 8
      vertex 0 171 8
      vertex 4.7 129 8
    endloop
  endfacet
  facet normal 0 0 1
    outer loop
      vertex 5.00814 130.15 8
      vertex 0 171 8
      vertex 4.77837 129.595 8
    endloop
  endfacet
  facet normal 0 0 1
    outer loop
      vertex 15 153 8
      vertex 0 171 8
      vertex 10 153 8
    endloop
  endfacet
  facet normal 0 0 1
    outer loop
      vertex 146.5 0.669872 8
      vertex 144 0 8
      vertex 145.294 0.17037 8
    endloop
  endfacet
  facet normal -0 0 1
    outer loop
      vertex 129 18 8
      vertex 144 0 8
      vertex 134 18 8
    endloop
  endfacet
  facet normal -0 0 1
    outer loop
      vertex 127.222 23.4047 8
      vertex 129 18 8
      vertex 127.3 24 8
    endloop
  endfacet
  facet normal -0 0 1
    outer loop
      vertex 126.992 22.85 8
      vertex 129 18 8
      vertex 127.222 23.4047 8
    endloop
  endfacet
  facet normal -0 0 1
    outer loop
      vertex 126.626 22.3737 8
      vertex 129 18 8
      vertex 126.992 22.85 8
    endloop
  endfacet
  facet normal -0 0 1
    outer loop
      vertex 126.15 22.0081 8
      vertex 129 18 8
      vertex 126.626 22.3737 8
    endloop
  endfacet
  facet normal -0 0 1
    outer loop
      vertex 125.595 21.7784 8
      vertex 129 18 8
      vertex 126.15 22.0081 8
    endloop
  endfacet
  facet normal -0 0 1
    outer loop
      vertex 125 21.7 8
      vertex 129 18 8
      vertex 125.595 21.7784 8
    endloop
  endfacet
  facet normal 0 0 1
    outer loop
      vertex 124.405 21.7784 8
      vertex 129 18 8
      vertex 125 21.7 8
    endloop
  endfacet
  facet normal 0 0 1
    outer loop
      vertex 123.85 22.0081 8
      vertex 129 18 8
      vertex 124.405 21.7784 8
    endloop
  endfacet
  facet normal -0 0 1
    outer loop
      vertex 86.15 22.0081 8
      vertex 129 18 8
      vertex 123.85 22.0081 8
    endloop
  endfacet
  facet normal 0 0 1
    outer loop
      vertex 86.15 22.0081 8
      vertex 123.85 22.0081 8
      vertex 123.374 22.3737 8
    endloop
  endfacet
  facet normal -0 0 1
    outer loop
      vertex 87.3 24 8
      vertex 122.778 23.4047 8
      vertex 122.7 24 8
    endloop
  endfacet
  facet normal 0 0 1
    outer loop
      vertex 87.2216 23.4047 8
      vertex 122.778 23.4047 8
      vertex 87.3 24 8
    endloop
  endfacet
  facet normal 0 0 1
    outer loop
      vertex 122.778 23.4047 8
      vertex 87.2216 23.4047 8
      vertex 123.008 22.85 8
    endloop
  endfacet
  facet normal 0 0 1
    outer loop
      vertex 86.9919 22.85 8
      vertex 123.008 22.85 8
      vertex 87.2216 23.4047 8
    endloop
  endfacet
  facet normal 0 0 1
    outer loop
      vertex 123.008 22.85 8
      vertex 86.9919 22.85 8
      vertex 123.374 22.3737 8
    endloop
  endfacet
  facet normal 0 0 1
    outer loop
      vertex 86.6263 22.3737 8
      vertex 123.374 22.3737 8
      vertex 86.9919 22.85 8
    endloop
  endfacet
  facet normal 0 0 1
    outer loop
      vertex 86.15 22.0081 8
      vertex 123.374 22.3737 8
      vertex 86.6263 22.3737 8
    endloop
  endfacet
  facet normal 0 0 1
    outer loop
      vertex 129 18 8
      vertex 86.15 22.0081 8
      vertex 144 0 8
    endloop
  endfacet
  facet normal -0 0 1
    outer loop
      vertex 85.5953 21.7784 8
      vertex 144 0 8
      vertex 86.15 22.0081 8
    endloop
  endfacet
  facet normal -0 0 1
    outer loop
      vertex 85 21.7 8
      vertex 144 0 8
      vertex 85.5953 21.7784 8
    endloop
  endfacet
  facet normal 0 0 1
    outer loop
      vertex 0 0 8
      vertex 85 21.7 8
      vertex 84.4047 21.7784 8
    endloop
  endfacet
  facet normal -0 0 1
    outer loop
      vertex 37.3 24 8
      vertex 82.7784 23.4047 8
      vertex 82.7 24 8
    endloop
  endfacet
  facet normal 0 0 1
    outer loop
      vertex 37.2216 23.4047 8
      vertex 82.7784 23.4047 8
      vertex 37.3 24 8
    endloop
  endfacet
  facet normal 0 0 1
    outer loop
      vertex 82.7784 23.4047 8
      vertex 37.2216 23.4047 8
      vertex 83.0081 22.85 8
    endloop
  endfacet
  facet normal 0 0 1
    outer loop
      vertex 36.9919 22.85 8
      vertex 83.0081 22.85 8
      vertex 37.2216 23.4047 8
    endloop
  endfacet
  facet normal 0 0 1
    outer loop
      vertex 83.0081 22.85 8
      vertex 36.9919 22.85 8
      vertex 83.3737 22.3737 8
    endloop
  endfacet
  facet normal 0 0 1
    outer loop
      vertex 36.6263 22.3737 8
      vertex 83.3737 22.3737 8
      vertex 36.9919 22.85 8
    endloop
  endfacet
  facet normal 0 0 1
    outer loop
      vertex 83.3737 22.3737 8
      vertex 36.6263 22.3737 8
      vertex 83.85 22.0081 8
    endloop
  endfacet
  facet normal 0 0 1
    outer loop
      vertex 36.15 22.0081 8
      vertex 83.85 22.0081 8
      vertex 36.6263 22.3737 8
    endloop
  endfacet
  facet normal 0 0 1
    outer loop
      vertex 83.85 22.0081 8
      vertex 36.15 22.0081 8
      vertex 84.4047 21.7784 8
    endloop
  endfacet
  facet normal 0 0 1
    outer loop
      vertex 35.5953 21.7784 8
      vertex 84.4047 21.7784 8
      vertex 36.15 22.0081 8
    endloop
  endfacet
  facet normal 0 0 1
    outer loop
      vertex 0 0 8
      vertex 84.4047 21.7784 8
      vertex 35.5953 21.7784 8
    endloop
  endfacet
  facet normal 0 0 1
    outer loop
      vertex 0 0 8
      vertex 35.5953 21.7784 8
      vertex 35 21.7 8
    endloop
  endfacet
  facet normal 0 0 1
    outer loop
      vertex 0 0 8
      vertex 35 21.7 8
      vertex 34.4047 21.7784 8
    endloop
  endfacet
  facet normal 0 0 1
    outer loop
      vertex 32.7784 24.5953 8
      vertex 15 18 8
      vertex 32.7 24 8
    endloop
  endfacet
  facet normal 0 0 1
    outer loop
      vertex 15 18 8
      vertex 18 85.5 8
      vertex 15 153 8
    endloop
  endfacet
  facet normal 0 0 1
    outer loop
      vertex 32.7 24 8
      vertex 15 18 8
      vertex 32.7784 23.4047 8
    endloop
  endfacet
  facet normal 0 0 1
    outer loop
      vertex 15 18 8
      vertex 33.0081 22.85 8
      vertex 32.7784 23.4047 8
    endloop
  endfacet
  facet normal 0 0 1
    outer loop
      vertex 15 18 8
      vertex 33.3737 22.3737 8
      vertex 33.0081 22.85 8
    endloop
  endfacet
  facet normal 0 0 1
    outer loop
      vertex 15 18 8
      vertex 33.85 22.0081 8
      vertex 33.3737 22.3737 8
    endloop
  endfacet
  facet normal 0 0 1
    outer loop
      vertex 15 18 8
      vertex 34.4047 21.7784 8
      vertex 33.85 22.0081 8
    endloop
  endfacet
  facet normal 0 0 1
    outer loop
      vertex 0 0 8
      vertex 34.4047 21.7784 8
      vertex 15 18 8
    endloop
  endfacet
  facet normal 0 0 1
    outer loop
      vertex 0 0 8
      vertex 15 18 8
      vertex 10 18 8
    endloop
  endfacet
  facet normal -0 0 1
    outer loop
      vertex 9.3 42 8
      vertex 10 18 8
      vertex 9.3 129 8
    endloop
  endfacet
  facet normal -0 0 1
    outer loop
      vertex 9.22163 41.4047 8
      vertex 10 18 8
      vertex 9.3 42 8
    endloop
  endfacet
  facet normal -0 0 1
    outer loop
      vertex 8.99186 40.85 8
      vertex 10 18 8
      vertex 9.22163 41.4047 8
    endloop
  endfacet
  facet normal -0 0 1
    outer loop
      vertex 8.62634 40.3737 8
      vertex 10 18 8
      vertex 8.99186 40.85 8
    endloop
  endfacet
  facet normal -0 0 1
    outer loop
      vertex 8.15 40.0081 8
      vertex 10 18 8
      vertex 8.62634 40.3737 8
    endloop
  endfacet
  facet normal -0 0 1
    outer loop
      vertex 7.59528 39.7784 8
      vertex 10 18 8
      vertex 8.15 40.0081 8
    endloop
  endfacet
  facet normal -0 0 1
    outer loop
      vertex 7 39.7 8
      vertex 10 18 8
      vertex 7.59528 39.7784 8
    endloop
  endfacet
  facet normal 0 0 1
    outer loop
      vertex 6.40472 39.7784 8
      vertex 10 18 8
      vertex 7 39.7 8
    endloop
  endfacet
  facet normal 0 0 1
    outer loop
      vertex 5.85 40.0081 8
      vertex 10 18 8
      vertex 6.40472 39.7784 8
    endloop
  endfacet
  facet normal 0 0 1
    outer loop
      vertex 5.37365 40.3737 8
      vertex 10 18 8
      vertex 5.85 40.0081 8
    endloop
  endfacet
  facet normal 0 0 1
    outer loop
      vertex 5.00814 40.85 8
      vertex 10 18 8
      vertex 5.37365 40.3737 8
    endloop
  endfacet
  facet normal 0 0 1
    outer loop
      vertex 0 0 8
      vertex 5.00814 40.85 8
      vertex 4.77837 41.4047 8
    endloop
  endfacet
  facet normal 0 0 1
    outer loop
      vertex 85 21.7 8
      vertex 0 0 8
      vertex 144 0 8
    endloop
  endfacet
  facet normal 0 0 1
    outer loop
      vertex 5.00814 40.85 8
      vertex 0 0 8
      vertex 10 18 8
    endloop
  endfacet
  facet normal 0 0 1
    outer loop
      vertex 4.7 42 8
      vertex 0 0 8
      vertex 4.77837 41.4047 8
    endloop
  endfacet
  facet normal 0 0 1
    outer loop
      vertex 0 0 8
      vertex 4.7 42 8
      vertex 0 171 8
    endloop
  endfacet
  facet normal 0 0 1
    outer loop
      vertex 109 170.99 8
      vertex 101.472 163.44 8
      vertex 101.53 163 8
    endloop
  endfacet
  facet normal 0 0 1
    outer loop
      vertex 109 170.99 8
      vertex 101.302 163.85 8
      vertex 101.472 163.44 8
    endloop
  endfacet
  facet normal 0 0 1
    outer loop
      vertex 109 170.99 8
      vertex 101.032 164.202 8
      vertex 101.302 163.85 8
    endloop
  endfacet
  facet normal 0 0 1
    outer loop
      vertex 109 170.99 8
      vertex 100.68 164.472 8
      vertex 101.032 164.202 8
    endloop
  endfacet
  facet normal 0 0 1
    outer loop
      vertex 109 170.99 8
      vertex 100.27 164.642 8
      vertex 100.68 164.472 8
    endloop
  endfacet
  facet normal 0 0 1
    outer loop
      vertex 109 170.99 8
      vertex 99.83 164.7 8
      vertex 100.27 164.642 8
    endloop
  endfacet
  facet normal 0 0 1
    outer loop
      vertex 109 170.99 8
      vertex 99.39 164.642 8
      vertex 99.83 164.7 8
    endloop
  endfacet
  facet normal 0 0 1
    outer loop
      vertex 109 170.99 8
      vertex 98.98 164.472 8
      vertex 99.39 164.642 8
    endloop
  endfacet
  facet normal 0 0 1
    outer loop
      vertex 98.1879 163.44 8
      vertex 50.87 163 8
      vertex 98.13 163 8
    endloop
  endfacet
  facet normal 0 0 1
    outer loop
      vertex 50.8121 163.44 8
      vertex 98.1879 163.44 8
      vertex 98.3578 163.85 8
    endloop
  endfacet
  facet normal 0 0 1
    outer loop
      vertex 50.6422 163.85 8
      vertex 98.3578 163.85 8
      vertex 98.6279 164.202 8
    endloop
  endfacet
  facet normal 0 0 1
    outer loop
      vertex 50.3721 164.202 8
      vertex 98.6279 164.202 8
      vertex 98.98 164.472 8
    endloop
  endfacet
  facet normal 0 0 1
    outer loop
      vertex 50.02 164.472 8
      vertex 98.98 164.472 8
      vertex 109 170.99 8
    endloop
  endfacet
  facet normal 0 0 1
    outer loop
      vertex 98.1879 163.44 8
      vertex 50.8121 163.44 8
      vertex 50.87 163 8
    endloop
  endfacet
  facet normal 0 0 1
    outer loop
      vertex 98.3578 163.85 8
      vertex 50.6422 163.85 8
      vertex 50.8121 163.44 8
    endloop
  endfacet
  facet normal 0 0 1
    outer loop
      vertex 98.6279 164.202 8
      vertex 50.3721 164.202 8
      vertex 50.6422 163.85 8
    endloop
  endfacet
  facet normal 0 0 1
    outer loop
      vertex 98.98 164.472 8
      vertex 50.02 164.472 8
      vertex 50.3721 164.202 8
    endloop
  endfacet
  facet normal -0 0 1
    outer loop
      vertex 40 170.99 8
      vertex 50.02 164.472 8
      vertex 109 170.99 8
    endloop
  endfacet
  facet normal 0 0 1
    outer loop
      vertex 50.02 164.472 8
      vertex 40 170.99 8
      vertex 49.61 164.642 8
    endloop
  endfacet
  facet normal 0 0 1
    outer loop
      vertex 47.5279 163.44 8
      vertex 40 170.99 8
      vertex 47.47 163 8
    endloop
  endfacet
  facet normal 0 0 1
    outer loop
      vertex 47.6978 163.85 8
      vertex 40 170.99 8
      vertex 47.5279 163.44 8
    endloop
  endfacet
  facet normal 0 0 1
    outer loop
      vertex 47.9679 164.202 8
      vertex 40 170.99 8
      vertex 47.6978 163.85 8
    endloop
  endfacet
  facet normal 0 0 1
    outer loop
      vertex 48.32 164.472 8
      vertex 40 170.99 8
      vertex 47.9679 164.202 8
    endloop
  endfacet
  facet normal 0 0 1
    outer loop
      vertex 48.73 164.642 8
      vertex 40 170.99 8
      vertex 48.32 164.472 8
    endloop
  endfacet
  facet normal 0 0 1
    outer loop
      vertex 49.17 164.7 8
      vertex 40 170.99 8
      vertex 48.73 164.642 8
    endloop
  endfacet
  facet normal 0 0 1
    outer loop
      vertex 49.61 164.642 8
      vertex 40 170.99 8
      vertex 49.17 164.7 8
    endloop
  endfacet
  facet normal 0 0 -1
    outer loop
      vertex 109.076 171 8
      vertex 110.5 172.49 8
      vertex 110.449 172.102 8
    endloop
  endfacet
  facet normal 0 0 -1
    outer loop
      vertex 109 182.99 8
      vertex 110.5 172.49 8
      vertex 109.076 171 8
    endloop
  endfacet
  facet normal 0 0 -1
    outer loop
      vertex 109.076 171 8
      vertex 110.449 172.102 8
      vertex 110.299 171.74 8
    endloop
  endfacet
  facet normal 0 0 -1
    outer loop
      vertex 110.5 172.49 8
      vertex 109 182.99 8
      vertex 110.5 181.49 8
    endloop
  endfacet
  facet normal 0 0 -1
    outer loop
      vertex 109.076 171 8
      vertex 110.299 171.74 8
      vertex 110.061 171.429 8
    endloop
  endfacet
  facet normal 0 0 -1
    outer loop
      vertex 110.5 181.49 8
      vertex 109 182.99 8
      vertex 110.449 181.878 8
    endloop
  endfacet
  facet normal 0 0 -1
    outer loop
      vertex 109.076 171 8
      vertex 110.061 171.429 8
      vertex 109.75 171.191 8
    endloop
  endfacet
  facet normal 0 0 -1
    outer loop
      vertex 110.449 181.878 8
      vertex 109 182.99 8
      vertex 110.299 182.24 8
    endloop
  endfacet
  facet normal 0 0 -1
    outer loop
      vertex 109.076 171 8
      vertex 109.75 171.191 8
      vertex 109.388 171.041 8
    endloop
  endfacet
  facet normal 0 0 -1
    outer loop
      vertex 110.299 182.24 8
      vertex 109 182.99 8
      vertex 110.061 182.551 8
    endloop
  endfacet
  facet normal 0 0 -1
    outer loop
      vertex 110.061 182.551 8
      vertex 109 182.99 8
      vertex 109.75 182.789 8
    endloop
  endfacet
  facet normal 0 0 -1
    outer loop
      vertex 109.75 182.789 8
      vertex 109 182.99 8
      vertex 109.388 182.939 8
    endloop
  endfacet
  facet normal 0 0 -1
    outer loop
      vertex 109.076 171 8
      vertex 40 182.99 8
      vertex 109 182.99 8
    endloop
  endfacet
  facet normal 0 0 -1
    outer loop
      vertex 39.924 171 8
      vertex 40 182.99 8
      vertex 109.076 171 8
    endloop
  endfacet
  facet normal 0 0 -1
    outer loop
      vertex 39.25 171.191 8
      vertex 39.924 171 8
      vertex 39.6118 171.041 8
    endloop
  endfacet
  facet normal 0 0 -1
    outer loop
      vertex 39.924 171 8
      vertex 38.5 172.49 8
      vertex 40 182.99 8
    endloop
  endfacet
  facet normal 0 0 -1
    outer loop
      vertex 39.924 171 8
      vertex 39.25 171.191 8
      vertex 38.5 172.49 8
    endloop
  endfacet
  facet normal 0 0 -1
    outer loop
      vertex 38.5 181.49 8
      vertex 40 182.99 8
      vertex 38.5 172.49 8
    endloop
  endfacet
  facet normal 0 0 -1
    outer loop
      vertex 38.5 172.49 8
      vertex 39.25 171.191 8
      vertex 38.9393 171.429 8
    endloop
  endfacet
  facet normal 0 0 -1
    outer loop
      vertex 40 182.99 8
      vertex 38.5 181.49 8
      vertex 39.6118 182.939 8
    endloop
  endfacet
  facet normal 0 0 -1
    outer loop
      vertex 38.5 172.49 8
      vertex 38.9393 171.429 8
      vertex 38.701 171.74 8
    endloop
  endfacet
  facet normal 0 0 -1
    outer loop
      vertex 39.6118 182.939 8
      vertex 38.5 181.49 8
      vertex 39.25 182.789 8
    endloop
  endfacet
  facet normal 0 0 -1
    outer loop
      vertex 38.5 172.49 8
      vertex 38.701 171.74 8
      vertex 38.5511 172.102 8
    endloop
  endfacet
  facet normal 0 0 -1
    outer loop
      vertex 39.25 182.789 8
      vertex 38.5 181.49 8
      vertex 38.9393 182.551 8
    endloop
  endfacet
  facet normal 0 0 -1
    outer loop
      vertex 38.9393 182.551 8
      vertex 38.5 181.49 8
      vertex 38.701 182.24 8
    endloop
  endfacet
  facet normal 0 0 -1
    outer loop
      vertex 38.701 182.24 8
      vertex 38.5 181.49 8
      vertex 38.5511 181.878 8
    endloop
  endfacet
  facet normal 0 0 -1
    outer loop
      vertex 0 0 4
      vertex 3.7059 0.17037 4
      vertex 5 0 4
    endloop
  endfacet
  facet normal 0 0 -1
    outer loop
      vertex 0 0 4
      vertex 2.5 0.669872 4
      vertex 3.7059 0.17037 4
    endloop
  endfacet
  facet normal 0 0 -1
    outer loop
      vertex 0 0 4
      vertex 1.46447 1.46447 4
      vertex 2.5 0.669872 4
    endloop
  endfacet
  facet normal 0 0 -1
    outer loop
      vertex 0 0 4
      vertex 0.669872 2.5 4
      vertex 1.46447 1.46447 4
    endloop
  endfacet
  facet normal 0 0 -1
    outer loop
      vertex 0 0 4
      vertex 0.17037 3.7059 4
      vertex 0.669872 2.5 4
    endloop
  endfacet
  facet normal -0 0 -1
    outer loop
      vertex 0.17037 3.7059 4
      vertex 0 0 4
      vertex 0 5 4
    endloop
  endfacet
  facet normal 0 0 -1
    outer loop
      vertex 3.7059 170.83 4
      vertex 0 171 4
      vertex 5 171 4
    endloop
  endfacet
  facet normal 0 0 -1
    outer loop
      vertex 2.5 170.33 4
      vertex 0 171 4
      vertex 3.7059 170.83 4
    endloop
  endfacet
  facet normal 0 0 -1
    outer loop
      vertex 1.46447 169.536 4
      vertex 0 171 4
      vertex 2.5 170.33 4
    endloop
  endfacet
  facet normal 0 0 -1
    outer loop
      vertex 0.669872 168.5 4
      vertex 0 171 4
      vertex 1.46447 169.536 4
    endloop
  endfacet
  facet normal 0 0 -1
    outer loop
      vertex 0.17037 167.294 4
      vertex 0 171 4
      vertex 0.669872 168.5 4
    endloop
  endfacet
  facet normal 0 0 -1
    outer loop
      vertex 0 171 4
      vertex 0.17037 167.294 4
      vertex 0 166 4
    endloop
  endfacet
  facet normal 0.79414 -0.607734 0
    outer loop
      vertex 110.061 171.429 11
      vertex 110.299 171.74 8
      vertex 110.299 171.74 11
    endloop
  endfacet
  facet normal 0.79414 -0.607734 0
    outer loop
      vertex 110.299 171.74 8
      vertex 110.061 171.429 11
      vertex 110.061 171.429 8
    endloop
  endfacet
  facet normal -0.608104 0.793857 0
    outer loop
      vertex 39.25 182.789 8
      vertex 38.9393 182.551 11
      vertex 39.25 182.789 11
    endloop
  endfacet
  facet normal -0.608104 0.793857 0
    outer loop
      vertex 38.9393 182.551 11
      vertex 39.25 182.789 8
      vertex 38.9393 182.551 8
    endloop
  endfacet
  facet normal 0 1 -0
    outer loop
      vertex 109 182.99 8
      vertex 40 182.99 11
      vertex 109 182.99 11
    endloop
  endfacet
  facet normal 0 1 0
    outer loop
      vertex 40 182.99 11
      vertex 109 182.99 8
      vertex 40 182.99 8
    endloop
  endfacet
  facet normal -0.991439 -0.130573 0
    outer loop
      vertex 38.5511 172.102 8
      vertex 38.5 172.49 11
      vertex 38.5 172.49 8
    endloop
  endfacet
  facet normal -0.991439 -0.130573 0
    outer loop
      vertex 38.5 172.49 11
      vertex 38.5511 172.102 8
      vertex 38.5511 172.102 11
    endloop
  endfacet
  facet normal 0.79414 0.607734 0
    outer loop
      vertex 110.299 182.24 11
      vertex 110.061 182.551 8
      vertex 110.061 182.551 11
    endloop
  endfacet
  facet normal 0.79414 0.607734 0
    outer loop
      vertex 110.061 182.551 8
      vertex 110.299 182.24 11
      vertex 110.299 182.24 8
    endloop
  endfacet
  facet normal 0.991472 0.130322 0
    outer loop
      vertex 110.5 181.49 11
      vertex 110.449 181.878 8
      vertex 110.449 181.878 11
    endloop
  endfacet
  facet normal 0.991472 0.130322 0
    outer loop
      vertex 110.449 181.878 8
      vertex 110.5 181.49 11
      vertex 110.5 181.49 8
    endloop
  endfacet
  facet normal -0.130256 0.99148 0
    outer loop
      vertex 40 182.99 8
      vertex 39.6118 182.939 11
      vertex 40 182.99 11
    endloop
  endfacet
  facet normal -0.130256 0.99148 0
    outer loop
      vertex 39.6118 182.939 11
      vertex 40 182.99 8
      vertex 39.6118 182.939 8
    endloop
  endfacet
  facet normal -1 0 0
    outer loop
      vertex 38.5 172.49 8
      vertex 38.5 181.49 11
      vertex 38.5 181.49 8
    endloop
  endfacet
  facet normal -1 -0 0
    outer loop
      vertex 38.5 181.49 11
      vertex 38.5 172.49 8
      vertex 38.5 172.49 11
    endloop
  endfacet
  facet normal -0.793771 -0.608217 0
    outer loop
      vertex 38.9393 171.429 8
      vertex 38.701 171.74 11
      vertex 38.701 171.74 8
    endloop
  endfacet
  facet normal -0.793771 -0.608217 0
    outer loop
      vertex 38.701 171.74 11
      vertex 38.9393 171.429 8
      vertex 38.9393 171.429 11
    endloop
  endfacet
  facet normal 0 -1 0
    outer loop
      vertex 40 170.99 8
      vertex 109 170.99 11
      vertex 40 170.99 11
    endloop
  endfacet
  facet normal 0 -1 -0
    outer loop
      vertex 109 170.99 11
      vertex 40 170.99 8
      vertex 109 170.99 8
    endloop
  endfacet
  facet normal 0.991472 -0.130322 0
    outer loop
      vertex 110.449 172.102 11
      vertex 110.5 172.49 8
      vertex 110.5 172.49 11
    endloop
  endfacet
  facet normal 0.991472 -0.130322 0
    outer loop
      vertex 110.5 172.49 8
      vertex 110.449 172.102 11
      vertex 110.449 172.102 8
    endloop
  endfacet
  facet normal -0.130208 -0.991487 0
    outer loop
      vertex 39.924 171 8
      vertex 39.6118 171.041 11
      vertex 39.6118 171.041 8
    endloop
  endfacet
  facet normal -0.130256 -0.99148 -5.10809e-06
    outer loop
      vertex 39.6118 171.041 11
      vertex 39.924 171 8
      vertex 40 170.99 11
    endloop
  endfacet
  facet normal -0.130455 -0.991454 -0
    outer loop
      vertex 40 170.99 11
      vertex 39.924 171 8
      vertex 40 170.99 8
    endloop
  endfacet
  facet normal 0.130455 -0.991454 0
    outer loop
      vertex 109.076 171 8
      vertex 109 170.99 11
      vertex 109 170.99 8
    endloop
  endfacet
  facet normal 0.130322 -0.991472 -3.40712e-06
    outer loop
      vertex 109 170.99 11
      vertex 109.076 171 8
      vertex 109.388 171.041 11
    endloop
  endfacet
  facet normal 0.13029 -0.991476 0
    outer loop
      vertex 109.388 171.041 11
      vertex 109.076 171 8
      vertex 109.388 171.041 8
    endloop
  endfacet
  facet normal -0.382983 0.923755 0
    outer loop
      vertex 39.6118 182.939 8
      vertex 39.25 182.789 11
      vertex 39.6118 182.939 11
    endloop
  endfacet
  facet normal -0.382983 0.923755 0
    outer loop
      vertex 39.25 182.789 11
      vertex 39.6118 182.939 8
      vertex 39.25 182.789 8
    endloop
  endfacet
  facet normal 0.92383 0.382803 0
    outer loop
      vertex 110.449 181.878 11
      vertex 110.299 182.24 8
      vertex 110.299 182.24 11
    endloop
  endfacet
  facet normal 0.92383 0.382803 0
    outer loop
      vertex 110.299 182.24 8
      vertex 110.449 181.878 11
      vertex 110.449 181.878 8
    endloop
  endfacet
  facet normal 0.382803 0.92383 -0
    outer loop
      vertex 109.75 182.789 8
      vertex 109.388 182.939 11
      vertex 109.75 182.789 11
    endloop
  endfacet
  facet normal 0.382803 0.92383 0
    outer loop
      vertex 109.388 182.939 11
      vertex 109.75 182.789 8
      vertex 109.388 182.939 8
    endloop
  endfacet
  facet normal 0.92383 -0.382803 0
    outer loop
      vertex 110.299 171.74 11
      vertex 110.449 172.102 8
      vertex 110.449 172.102 11
    endloop
  endfacet
  facet normal 0.92383 -0.382803 0
    outer loop
      vertex 110.449 172.102 8
      vertex 110.299 171.74 11
      vertex 110.299 171.74 8
    endloop
  endfacet
  facet normal -0.92392 -0.382585 0
    outer loop
      vertex 38.701 171.74 8
      vertex 38.5511 172.102 11
      vertex 38.5511 172.102 8
    endloop
  endfacet
  facet normal -0.92392 -0.382585 0
    outer loop
      vertex 38.5511 172.102 11
      vertex 38.701 171.74 8
      vertex 38.701 171.74 11
    endloop
  endfacet
  facet normal 1 -0 0
    outer loop
      vertex 110.5 172.49 11
      vertex 110.5 181.49 8
      vertex 110.5 181.49 11
    endloop
  endfacet
  facet normal 1 0 0
    outer loop
      vertex 110.5 181.49 8
      vertex 110.5 172.49 11
      vertex 110.5 172.49 8
    endloop
  endfacet
  facet normal -0.92392 0.382585 0
    outer loop
      vertex 38.5511 181.878 8
      vertex 38.701 182.24 11
      vertex 38.701 182.24 8
    endloop
  endfacet
  facet normal -0.92392 0.382585 0
    outer loop
      vertex 38.701 182.24 11
      vertex 38.5511 181.878 8
      vertex 38.5511 181.878 11
    endloop
  endfacet
  facet normal 0.130322 0.991472 -0
    outer loop
      vertex 109.388 182.939 8
      vertex 109 182.99 11
      vertex 109.388 182.939 11
    endloop
  endfacet
  facet normal 0.130322 0.991472 0
    outer loop
      vertex 109 182.99 11
      vertex 109.388 182.939 8
      vertex 109 182.99 8
    endloop
  endfacet
  facet normal -0.793771 0.608217 0
    outer loop
      vertex 38.701 182.24 8
      vertex 38.9393 182.551 11
      vertex 38.9393 182.551 8
    endloop
  endfacet
  facet normal -0.793771 0.608217 0
    outer loop
      vertex 38.9393 182.551 11
      vertex 38.701 182.24 8
      vertex 38.701 182.24 11
    endloop
  endfacet
  facet normal 0.607734 0.79414 -0
    outer loop
      vertex 110.061 182.551 8
      vertex 109.75 182.789 11
      vertex 110.061 182.551 11
    endloop
  endfacet
  facet normal 0.607734 0.79414 0
    outer loop
      vertex 109.75 182.789 11
      vertex 110.061 182.551 8
      vertex 109.75 182.789 8
    endloop
  endfacet
  facet normal 0 0 1
    outer loop
      vertex 109 182.99 11
      vertex 110.5 181.49 11
      vertex 110.449 181.878 11
    endloop
  endfacet
  facet normal 0 0 1
    outer loop
      vertex 110.5 181.49 11
      vertex 109 182.99 11
      vertex 110.5 172.49 11
    endloop
  endfacet
  facet normal 0 0 1
    outer loop
      vertex 109 182.99 11
      vertex 110.449 181.878 11
      vertex 110.299 182.24 11
    endloop
  endfacet
  facet normal 0 0 1
    outer loop
      vertex 109 170.99 11
      vertex 110.5 172.49 11
      vertex 109 182.99 11
    endloop
  endfacet
  facet normal 0 0 1
    outer loop
      vertex 109 182.99 11
      vertex 110.299 182.24 11
      vertex 110.061 182.551 11
    endloop
  endfacet
  facet normal 0 0 1
    outer loop
      vertex 110.5 172.49 11
      vertex 109 170.99 11
      vertex 110.449 172.102 11
    endloop
  endfacet
  facet normal 0 0 1
    outer loop
      vertex 109 182.99 11
      vertex 110.061 182.551 11
      vertex 109.75 182.789 11
    endloop
  endfacet
  facet normal 0 0 1
    outer loop
      vertex 110.449 172.102 11
      vertex 109 170.99 11
      vertex 110.299 171.74 11
    endloop
  endfacet
  facet normal 0 0 1
    outer loop
      vertex 109 182.99 11
      vertex 109.75 182.789 11
      vertex 109.388 182.939 11
    endloop
  endfacet
  facet normal 0 0 1
    outer loop
      vertex 110.299 171.74 11
      vertex 109 170.99 11
      vertex 110.061 171.429 11
    endloop
  endfacet
  facet normal 0 0 1
    outer loop
      vertex 110.061 171.429 11
      vertex 109 170.99 11
      vertex 109.75 171.191 11
    endloop
  endfacet
  facet normal 0 0 1
    outer loop
      vertex 109.75 171.191 11
      vertex 109 170.99 11
      vertex 109.388 171.041 11
    endloop
  endfacet
  facet normal -0 0 1
    outer loop
      vertex 40 182.99 11
      vertex 109 170.99 11
      vertex 109 182.99 11
    endloop
  endfacet
  facet normal 0 0 1
    outer loop
      vertex 40 182.99 11
      vertex 40 170.99 11
      vertex 109 170.99 11
    endloop
  endfacet
  facet normal 0 0 1
    outer loop
      vertex 38.5 181.49 11
      vertex 40 182.99 11
      vertex 39.6118 182.939 11
    endloop
  endfacet
  facet normal 0 0 1
    outer loop
      vertex 40 182.99 11
      vertex 38.5 181.49 11
      vertex 40 170.99 11
    endloop
  endfacet
  facet normal 0 0 1
    outer loop
      vertex 38.5 181.49 11
      vertex 39.6118 182.939 11
      vertex 39.25 182.789 11
    endloop
  endfacet
  facet normal -0 0 1
    outer loop
      vertex 38.5 172.49 11
      vertex 40 170.99 11
      vertex 38.5 181.49 11
    endloop
  endfacet
  facet normal 0 0 1
    outer loop
      vertex 38.5 181.49 11
      vertex 39.25 182.789 11
      vertex 38.9393 182.551 11
    endloop
  endfacet
  facet normal 0 0 1
    outer loop
      vertex 40 170.99 11
      vertex 38.5 172.49 11
      vertex 39.6118 171.041 11
    endloop
  endfacet
  facet normal 0 0 1
    outer loop
      vertex 38.5 181.49 11
      vertex 38.9393 182.551 11
      vertex 38.701 182.24 11
    endloop
  endfacet
  facet normal 0 0 1
    outer loop
      vertex 39.6118 171.041 11
      vertex 38.5 172.49 11
      vertex 39.25 171.191 11
    endloop
  endfacet
  facet normal 0 0 1
    outer loop
      vertex 38.5 181.49 11
      vertex 38.701 182.24 11
      vertex 38.5511 181.878 11
    endloop
  endfacet
  facet normal 0 0 1
    outer loop
      vertex 39.25 171.191 11
      vertex 38.5 172.49 11
      vertex 38.9393 171.429 11
    endloop
  endfacet
  facet normal 0 0 1
    outer loop
      vertex 38.9393 171.429 11
      vertex 38.5 172.49 11
      vertex 38.701 171.74 11
    endloop
  endfacet
  facet normal 0 0 1
    outer loop
      vertex 38.701 171.74 11
      vertex 38.5 172.49 11
      vertex 38.5511 172.102 11
    endloop
  endfacet
  facet normal -0.382983 -0.923755 0
    outer loop
      vertex 39.25 171.191 8
      vertex 39.6118 171.041 11
      vertex 39.25 171.191 11
    endloop
  endfacet
  facet normal -0.382983 -0.923755 -0
    outer loop
      vertex 39.6118 171.041 11
      vertex 39.25 171.191 8
      vertex 39.6118 171.041 8
    endloop
  endfacet
  facet normal -0.608104 -0.793857 0
    outer loop
      vertex 38.9393 171.429 8
      vertex 39.25 171.191 11
      vertex 38.9393 171.429 11
    endloop
  endfacet
  facet normal -0.608104 -0.793857 -0
    outer loop
      vertex 39.25 171.191 11
      vertex 38.9393 171.429 8
      vertex 39.25 171.191 8
    endloop
  endfacet
  facet normal 0.382803 -0.92383 0
    outer loop
      vertex 109.388 171.041 8
      vertex 109.75 171.191 11
      vertex 109.388 171.041 11
    endloop
  endfacet
  facet normal 0.382803 -0.92383 0
    outer loop
      vertex 109.75 171.191 11
      vertex 109.388 171.041 8
      vertex 109.75 171.191 8
    endloop
  endfacet
  facet normal -0.991439 0.130573 0
    outer loop
      vertex 38.5 181.49 8
      vertex 38.5511 181.878 11
      vertex 38.5511 181.878 8
    endloop
  endfacet
  facet normal -0.991439 0.130573 0
    outer loop
      vertex 38.5511 181.878 11
      vertex 38.5 181.49 8
      vertex 38.5 181.49 11
    endloop
  endfacet
  facet normal 0.607734 -0.79414 0
    outer loop
      vertex 109.75 171.191 8
      vertex 110.061 171.429 11
      vertex 109.75 171.191 11
    endloop
  endfacet
  facet normal 0.607734 -0.79414 0
    outer loop
      vertex 110.061 171.429 11
      vertex 109.75 171.191 8
      vertex 110.061 171.429 8
    endloop
  endfacet
  facet normal 1 -0 0
    outer loop
      vertex 15 18 13
      vertex 15 153 8
      vertex 15 153 13
    endloop
  endfacet
  facet normal 1 0 0
    outer loop
      vertex 15 153 8
      vertex 15 18 13
      vertex 15 18 8
    endloop
  endfacet
  facet normal -0 0 1
    outer loop
      vertex 10 153 13
      vertex 15 18 13
      vertex 15 153 13
    endloop
  endfacet
  facet normal 0 0 1
    outer loop
      vertex 15 18 13
      vertex 10 153 13
      vertex 10 18 13
    endloop
  endfacet
  facet normal -1 0 0
    outer loop
      vertex 10 18 8
      vertex 10 153 13
      vertex 10 153 8
    endloop
  endfacet
  facet normal -1 -0 0
    outer loop
      vertex 10 153 13
      vertex 10 18 8
      vertex 10 18 13
    endloop
  endfacet
  facet normal 0 1 -0
    outer loop
      vertex 15 153 8
      vertex 10 153 13
      vertex 15 153 13
    endloop
  endfacet
  facet normal 0 1 0
    outer loop
      vertex 10 153 13
      vertex 15 153 8
      vertex 10 153 8
    endloop
  endfacet
  facet normal 0 -1 0
    outer loop
      vertex 10 18 8
      vertex 15 18 13
      vertex 10 18 13
    endloop
  endfacet
  facet normal 0 -1 -0
    outer loop
      vertex 15 18 13
      vertex 10 18 8
      vertex 15 18 8
    endloop
  endfacet
  facet normal 1 -0 0
    outer loop
      vertex 134 18 13
      vertex 134 153 8
      vertex 134 153 13
    endloop
  endfacet
  facet normal 1 0 0
    outer loop
      vertex 134 153 8
      vertex 134 18 13
      vertex 134 18 8
    endloop
  endfacet
  facet normal -0 0 1
    outer loop
      vertex 18 90.5 13
      vertex 129 85.5 13
      vertex 129 90.5 13
    endloop
  endfacet
  facet normal 0 0 1
    outer loop
      vertex 129 85.5 13
      vertex 18 90.5 13
      vertex 18 85.5 13
    endloop
  endfacet
  facet normal 0 0 1
    outer loop
      vertex 129 90.5 13
      vertex 134 153 13
      vertex 129 153 13
    endloop
  endfacet
  facet normal 0 0 1
    outer loop
      vertex 134 153 13
      vertex 129 90.5 13
      vertex 134 18 13
    endloop
  endfacet
  facet normal -0 0 1
    outer loop
      vertex 129 85.5 13
      vertex 134 18 13
      vertex 129 90.5 13
    endloop
  endfacet
  facet normal 0 0 1
    outer loop
      vertex 134 18 13
      vertex 129 85.5 13
      vertex 129 18 13
    endloop
  endfacet
  facet normal -1 0 0
    outer loop
      vertex 129 90.5 8
      vertex 129 153 13
      vertex 129 153 8
    endloop
  endfacet
  facet normal -1 -0 0
    outer loop
      vertex 129 153 13
      vertex 129 90.5 8
      vertex 129 90.5 13
    endloop
  endfacet
  facet normal -1 0 0
    outer loop
      vertex 129 18 8
      vertex 129 85.5 13
      vertex 129 85.5 8
    endloop
  endfacet
  facet normal -1 -0 0
    outer loop
      vertex 129 85.5 13
      vertex 129 18 8
      vertex 129 18 13
    endloop
  endfacet
  facet normal 0 1 -0
    outer loop
      vertex 134 153 8
      vertex 129 153 13
      vertex 134 153 13
    endloop
  endfacet
  facet normal 0 1 0
    outer loop
      vertex 129 153 13
      vertex 134 153 8
      vertex 129 153 8
    endloop
  endfacet
  facet normal 0 -1 0
    outer loop
      vertex 129 18 8
      vertex 134 18 13
      vertex 129 18 13
    endloop
  endfacet
  facet normal 0 -1 -0
    outer loop
      vertex 134 18 13
      vertex 129 18 8
      vertex 134 18 8
    endloop
  endfacet
  facet normal -1 0 0
    outer loop
      vertex 18 85.5 8
      vertex 18 90.5 13
      vertex 18 90.5 8
    endloop
  endfacet
  facet normal -1 -0 0
    outer loop
      vertex 18 90.5 13
      vertex 18 85.5 8
      vertex 18 85.5 13
    endloop
  endfacet
  facet normal 0 1 -0
    outer loop
      vertex 129 90.5 8
      vertex 18 90.5 13
      vertex 129 90.5 13
    endloop
  endfacet
  facet normal 0 1 0
    outer loop
      vertex 18 90.5 13
      vertex 129 90.5 8
      vertex 18 90.5 8
    endloop
  endfacet
  facet normal 0 -1 0
    outer loop
      vertex 18 85.5 8
      vertex 129 85.5 13
      vertex 18 85.5 13
    endloop
  endfacet
  facet normal 0 -1 -0
    outer loop
      vertex 129 85.5 13
      vertex 18 85.5 8
      vertex 129 85.5 8
    endloop
  endfacet
  facet normal 0.991445 -0.130522 0
    outer loop
      vertex 4.7 42 8
      vertex 4.77837 42.5953 0
      vertex 4.77837 42.5953 8
    endloop
  endfacet
  facet normal 0.991445 -0.130522 0
    outer loop
      vertex 4.77837 42.5953 0
      vertex 4.7 42 8
      vertex 4.7 42 0
    endloop
  endfacet
  facet normal -0.923876 -0.382692 0
    outer loop
      vertex 9.22163 42.5953 0
      vertex 8.99186 43.15 8
      vertex 8.99186 43.15 0
    endloop
  endfacet
  facet normal -0.923876 -0.382692 0
    outer loop
      vertex 8.99186 43.15 8
      vertex 9.22163 42.5953 0
      vertex 9.22163 42.5953 8
    endloop
  endfacet
  facet normal -0.991445 -0.130522 0
    outer loop
      vertex 9.3 42 0
      vertex 9.22163 42.5953 8
      vertex 9.22163 42.5953 0
    endloop
  endfacet
  facet normal -0.991445 -0.130522 0
    outer loop
      vertex 9.22163 42.5953 8
      vertex 9.3 42 0
      vertex 9.3 42 8
    endloop
  endfacet
  facet normal -0.991445 0.130522 0
    outer loop
      vertex 9.22163 41.4047 0
      vertex 9.3 42 8
      vertex 9.3 42 0
    endloop
  endfacet
  facet normal -0.991445 0.130522 0
    outer loop
      vertex 9.3 42 8
      vertex 9.22163 41.4047 0
      vertex 9.22163 41.4047 8
    endloop
  endfacet
  facet normal 0.991445 0.130522 0
    outer loop
      vertex 4.77837 41.4047 8
      vertex 4.7 42 0
      vertex 4.7 42 8
    endloop
  endfacet
  facet normal 0.991445 0.130522 0
    outer loop
      vertex 4.7 42 0
      vertex 4.77837 41.4047 8
      vertex 4.77837 41.4047 0
    endloop
  endfacet
  facet normal -0.608857 0.79328 0
    outer loop
      vertex 8.62634 40.3737 0
      vertex 8.15 40.0081 8
      vertex 8.62634 40.3737 8
    endloop
  endfacet
  facet normal -0.608857 0.79328 0
    outer loop
      vertex 8.15 40.0081 8
      vertex 8.62634 40.3737 0
      vertex 8.15 40.0081 0
    endloop
  endfacet
  facet normal 0.793327 0.608795 0
    outer loop
      vertex 5.37365 40.3737 8
      vertex 5.00814 40.85 0
      vertex 5.00814 40.85 8
    endloop
  endfacet
  facet normal 0.793327 0.608795 0
    outer loop
      vertex 5.00814 40.85 0
      vertex 5.37365 40.3737 8
      vertex 5.37365 40.3737 0
    endloop
  endfacet
  facet normal 0.38258 0.923922 -0
    outer loop
      vertex 6.40472 39.7784 0
      vertex 5.85 40.0081 8
      vertex 6.40472 39.7784 8
    endloop
  endfacet
  facet normal 0.38258 0.923922 0
    outer loop
      vertex 5.85 40.0081 8
      vertex 6.40472 39.7784 0
      vertex 5.85 40.0081 0
    endloop
  endfacet
  facet normal -0.793319 0.608806 0
    outer loop
      vertex 8.62634 40.3737 0
      vertex 8.99186 40.85 8
      vertex 8.99186 40.85 0
    endloop
  endfacet
  facet normal -0.793319 0.608806 0
    outer loop
      vertex 8.99186 40.85 8
      vertex 8.62634 40.3737 0
      vertex 8.62634 40.3737 8
    endloop
  endfacet
  facet normal -0.923876 0.382692 0
    outer loop
      vertex 8.99186 40.85 0
      vertex 9.22163 41.4047 8
      vertex 9.22163 41.4047 0
    endloop
  endfacet
  facet normal -0.923876 0.382692 0
    outer loop
      vertex 9.22163 41.4047 8
      vertex 8.99186 40.85 0
      vertex 8.99186 40.85 8
    endloop
  endfacet
  facet normal -0.38258 -0.923922 0
    outer loop
      vertex 7.59528 44.2216 0
      vertex 8.15 43.9919 8
      vertex 7.59528 44.2216 8
    endloop
  endfacet
  facet normal -0.38258 -0.923922 -0
    outer loop
      vertex 8.15 43.9919 8
      vertex 7.59528 44.2216 0
      vertex 8.15 43.9919 0
    endloop
  endfacet
  facet normal 0.608849 -0.793286 0
    outer loop
      vertex 5.37365 43.6263 0
      vertex 5.85 43.9919 8
      vertex 5.37365 43.6263 8
    endloop
  endfacet
  facet normal 0.608849 -0.793286 0
    outer loop
      vertex 5.85 43.9919 8
      vertex 5.37365 43.6263 0
      vertex 5.85 43.9919 0
    endloop
  endfacet
  facet normal -0.38258 0.923922 0
    outer loop
      vertex 8.15 40.0081 0
      vertex 7.59528 39.7784 8
      vertex 8.15 40.0081 8
    endloop
  endfacet
  facet normal -0.38258 0.923922 0
    outer loop
      vertex 7.59528 39.7784 8
      vertex 8.15 40.0081 0
      vertex 7.59528 39.7784 0
    endloop
  endfacet
  facet normal -0.130575 -0.991438 0
    outer loop
      vertex 7 44.3 0
      vertex 7.59528 44.2216 8
      vertex 7 44.3 8
    endloop
  endfacet
  facet normal -0.130575 -0.991438 -0
    outer loop
      vertex 7.59528 44.2216 8
      vertex 7 44.3 0
      vertex 7.59528 44.2216 0
    endloop
  endfacet
  facet normal 0.793327 -0.608795 0
    outer loop
      vertex 5.00814 43.15 8
      vertex 5.37365 43.6263 0
      vertex 5.37365 43.6263 8
    endloop
  endfacet
  facet normal 0.793327 -0.608795 0
    outer loop
      vertex 5.37365 43.6263 0
      vertex 5.00814 43.15 8
      vertex 5.00814 43.15 0
    endloop
  endfacet
  facet normal 0.38258 -0.923922 0
    outer loop
      vertex 5.85 43.9919 0
      vertex 6.40472 44.2216 8
      vertex 5.85 43.9919 8
    endloop
  endfacet
  facet normal 0.38258 -0.923922 0
    outer loop
      vertex 6.40472 44.2216 8
      vertex 5.85 43.9919 0
      vertex 6.40472 44.2216 0
    endloop
  endfacet
  facet normal 0.130575 0.991438 -0
    outer loop
      vertex 7 39.7 0
      vertex 6.40472 39.7784 8
      vertex 7 39.7 8
    endloop
  endfacet
  facet normal 0.130575 0.991438 0
    outer loop
      vertex 6.40472 39.7784 8
      vertex 7 39.7 0
      vertex 6.40472 39.7784 0
    endloop
  endfacet
  facet normal 0.923876 0.382692 0
    outer loop
      vertex 5.00814 40.85 8
      vertex 4.77837 41.4047 0
      vertex 4.77837 41.4047 8
    endloop
  endfacet
  facet normal 0.923876 0.382692 0
    outer loop
      vertex 4.77837 41.4047 0
      vertex 5.00814 40.85 8
      vertex 5.00814 40.85 0
    endloop
  endfacet
  facet normal -0.608857 -0.79328 0
    outer loop
      vertex 8.15 43.9919 0
      vertex 8.62634 43.6263 8
      vertex 8.15 43.9919 8
    endloop
  endfacet
  facet normal -0.608857 -0.79328 -0
    outer loop
      vertex 8.62634 43.6263 8
      vertex 8.15 43.9919 0
      vertex 8.62634 43.6263 0
    endloop
  endfacet
  facet normal 0.923876 -0.382692 0
    outer loop
      vertex 4.77837 42.5953 8
      vertex 5.00814 43.15 0
      vertex 5.00814 43.15 8
    endloop
  endfacet
  facet normal 0.923876 -0.382692 0
    outer loop
      vertex 5.00814 43.15 0
      vertex 4.77837 42.5953 8
      vertex 4.77837 42.5953 0
    endloop
  endfacet
  facet normal 0.130575 -0.991438 0
    outer loop
      vertex 6.40472 44.2216 0
      vertex 7 44.3 8
      vertex 6.40472 44.2216 8
    endloop
  endfacet
  facet normal 0.130575 -0.991438 0
    outer loop
      vertex 7 44.3 8
      vertex 6.40472 44.2216 0
      vertex 7 44.3 0
    endloop
  endfacet
  facet normal -0.793319 -0.608806 0
    outer loop
      vertex 8.99186 43.15 0
      vertex 8.62634 43.6263 8
      vertex 8.62634 43.6263 0
    endloop
  endfacet
  facet normal -0.793319 -0.608806 0
    outer loop
      vertex 8.62634 43.6263 8
      vertex 8.99186 43.15 0
      vertex 8.99186 43.15 8
    endloop
  endfacet
  facet normal 0.608849 0.793286 -0
    outer loop
      vertex 5.85 40.0081 0
      vertex 5.37365 40.3737 8
      vertex 5.85 40.0081 8
    endloop
  endfacet
  facet normal 0.608849 0.793286 0
    outer loop
      vertex 5.37365 40.3737 8
      vertex 5.85 40.0081 0
      vertex 5.37365 40.3737 0
    endloop
  endfacet
  facet normal -0.130575 0.991438 0
    outer loop
      vertex 7.59528 39.7784 0
      vertex 7 39.7 8
      vertex 7.59528 39.7784 8
    endloop
  endfacet
  facet normal -0.130575 0.991438 0
    outer loop
      vertex 7 39.7 8
      vertex 7.59528 39.7784 0
      vertex 7 39.7 0
    endloop
  endfacet
  facet normal 0.991437 0.130586 0
    outer loop
      vertex 4.77837 128.405 8
      vertex 4.7 129 0
      vertex 4.7 129 8
    endloop
  endfacet
  facet normal 0.991437 0.130586 0
    outer loop
      vertex 4.7 129 0
      vertex 4.77837 128.405 8
      vertex 4.77837 128.405 0
    endloop
  endfacet
  facet normal -0.383007 -0.923746 0
    outer loop
      vertex 7.59528 131.222 0
      vertex 8.15 130.992 8
      vertex 7.59528 131.222 8
    endloop
  endfacet
  facet normal -0.383007 -0.923746 -0
    outer loop
      vertex 8.15 130.992 8
      vertex 7.59528 131.222 0
      vertex 8.15 130.992 0
    endloop
  endfacet
  facet normal -0.991437 -0.130586 0
    outer loop
      vertex 9.3 129 0
      vertex 9.22163 129.595 8
      vertex 9.22163 129.595 0
    endloop
  endfacet
  facet normal -0.991437 -0.130586 0
    outer loop
      vertex 9.22163 129.595 8
      vertex 9.3 129 0
      vertex 9.3 129 8
    endloop
  endfacet
  facet normal -0.609276 -0.792958 0
    outer loop
      vertex 8.15 130.992 0
      vertex 8.62634 130.626 8
      vertex 8.15 130.992 8
    endloop
  endfacet
  facet normal -0.609276 -0.792958 -0
    outer loop
      vertex 8.62634 130.626 8
      vertex 8.15 130.992 0
      vertex 8.62634 130.626 0
    endloop
  endfacet
  facet normal -0.991437 0.130586 0
    outer loop
      vertex 9.22163 128.405 0
      vertex 9.3 129 8
      vertex 9.3 129 0
    endloop
  endfacet
  facet normal -0.991437 0.130586 0
    outer loop
      vertex 9.3 129 8
      vertex 9.22163 128.405 0
      vertex 9.22163 128.405 8
    endloop
  endfacet
  facet normal 0.923949 -0.382515 0
    outer loop
      vertex 4.77837 129.595 8
      vertex 5.00814 130.15 0
      vertex 5.00814 130.15 8
    endloop
  endfacet
  facet normal 0.923949 -0.382515 0
    outer loop
      vertex 5.00814 130.15 0
      vertex 4.77837 129.595 8
      vertex 4.77837 129.595 0
    endloop
  endfacet
  facet normal 0.383007 -0.923746 0
    outer loop
      vertex 5.85 130.992 0
      vertex 6.40472 131.222 8
      vertex 5.85 130.992 8
    endloop
  endfacet
  facet normal 0.383007 -0.923746 0
    outer loop
      vertex 6.40472 131.222 8
      vertex 5.85 130.992 0
      vertex 6.40472 131.222 0
    endloop
  endfacet
  facet normal -0.793134 0.609047 0
    outer loop
      vertex 8.62634 127.374 0
      vertex 8.99186 127.85 8
      vertex 8.99186 127.85 0
    endloop
  endfacet
  facet normal -0.793134 0.609047 0
    outer loop
      vertex 8.99186 127.85 8
      vertex 8.62634 127.374 0
      vertex 8.62634 127.374 8
    endloop
  endfacet
  facet normal -0.923949 -0.382515 0
    outer loop
      vertex 9.22163 129.595 0
      vertex 8.99186 130.15 8
      vertex 8.99186 130.15 0
    endloop
  endfacet
  facet normal -0.923949 -0.382515 0
    outer loop
      vertex 8.99186 130.15 8
      vertex 9.22163 129.595 0
      vertex 9.22163 129.595 8
    endloop
  endfacet
  facet normal -0.383007 0.923746 0
    outer loop
      vertex 8.15 127.008 0
      vertex 7.59528 126.778 8
      vertex 8.15 127.008 8
    endloop
  endfacet
  facet normal -0.383007 0.923746 0
    outer loop
      vertex 7.59528 126.778 8
      vertex 8.15 127.008 0
      vertex 7.59528 126.778 0
    endloop
  endfacet
  facet normal 0.923949 0.382515 0
    outer loop
      vertex 5.00814 127.85 8
      vertex 4.77837 128.405 0
      vertex 4.77837 128.405 8
    endloop
  endfacet
  facet normal 0.923949 0.382515 0
    outer loop
      vertex 4.77837 128.405 0
      vertex 5.00814 127.85 8
      vertex 5.00814 127.85 0
    endloop
  endfacet
  facet normal 0.383007 0.923746 -0
    outer loop
      vertex 6.40472 126.778 0
      vertex 5.85 127.008 8
      vertex 6.40472 126.778 8
    endloop
  endfacet
  facet normal 0.383007 0.923746 0
    outer loop
      vertex 5.85 127.008 8
      vertex 6.40472 126.778 0
      vertex 5.85 127.008 0
    endloop
  endfacet
  facet normal -0.793134 -0.609047 0
    outer loop
      vertex 8.99186 130.15 0
      vertex 8.62634 130.626 8
      vertex 8.62634 130.626 0
    endloop
  endfacet
  facet normal -0.793134 -0.609047 0
    outer loop
      vertex 8.62634 130.626 8
      vertex 8.99186 130.15 0
      vertex 8.99186 130.15 8
    endloop
  endfacet
  facet normal -0.12992 0.991524 0
    outer loop
      vertex 7.59528 126.778 0
      vertex 7 126.7 8
      vertex 7.59528 126.778 8
    endloop
  endfacet
  facet normal -0.12992 0.991524 0
    outer loop
      vertex 7 126.7 8
      vertex 7.59528 126.778 0
      vertex 7 126.7 0
    endloop
  endfacet
  facet normal -0.923949 0.382515 0
    outer loop
      vertex 8.99186 127.85 0
      vertex 9.22163 128.405 8
      vertex 9.22163 128.405 0
    endloop
  endfacet
  facet normal -0.923949 0.382515 0
    outer loop
      vertex 9.22163 128.405 8
      vertex 8.99186 127.85 0
      vertex 8.99186 127.85 8
    endloop
  endfacet
  facet normal -0.12992 -0.991524 0
    outer loop
      vertex 7 131.3 0
      vertex 7.59528 131.222 8
      vertex 7 131.3 8
    endloop
  endfacet
  facet normal -0.12992 -0.991524 -0
    outer loop
      vertex 7.59528 131.222 8
      vertex 7 131.3 0
      vertex 7.59528 131.222 0
    endloop
  endfacet
  facet normal 0.12992 -0.991524 0
    outer loop
      vertex 6.40472 131.222 0
      vertex 7 131.3 8
      vertex 6.40472 131.222 8
    endloop
  endfacet
  facet normal 0.12992 -0.991524 0
    outer loop
      vertex 7 131.3 8
      vertex 6.40472 131.222 0
      vertex 7 131.3 0
    endloop
  endfacet
  facet normal 0.991437 -0.130586 0
    outer loop
      vertex 4.7 129 8
      vertex 4.77837 129.595 0
      vertex 4.77837 129.595 8
    endloop
  endfacet
  facet normal 0.991437 -0.130586 0
    outer loop
      vertex 4.77837 129.595 0
      vertex 4.7 129 8
      vertex 4.7 129 0
    endloop
  endfacet
  facet normal 0.793142 -0.609037 0
    outer loop
      vertex 5.00814 130.15 8
      vertex 5.37365 130.626 0
      vertex 5.37365 130.626 8
    endloop
  endfacet
  facet normal 0.793142 -0.609037 0
    outer loop
      vertex 5.37365 130.626 0
      vertex 5.00814 130.15 8
      vertex 5.00814 130.15 0
    endloop
  endfacet
  facet normal -0.609276 0.792958 0
    outer loop
      vertex 8.62634 127.374 0
      vertex 8.15 127.008 8
      vertex 8.62634 127.374 8
    endloop
  endfacet
  facet normal -0.609276 0.792958 0
    outer loop
      vertex 8.15 127.008 8
      vertex 8.62634 127.374 0
      vertex 8.15 127.008 0
    endloop
  endfacet
  facet normal 0.609268 -0.792964 0
    outer loop
      vertex 5.37365 130.626 0
      vertex 5.85 130.992 8
      vertex 5.37365 130.626 8
    endloop
  endfacet
  facet normal 0.609268 -0.792964 0
    outer loop
      vertex 5.85 130.992 8
      vertex 5.37365 130.626 0
      vertex 5.85 130.992 0
    endloop
  endfacet
  facet normal 0.12992 0.991524 -0
    outer loop
      vertex 7 126.7 0
      vertex 6.40472 126.778 8
      vertex 7 126.7 8
    endloop
  endfacet
  facet normal 0.12992 0.991524 0
    outer loop
      vertex 6.40472 126.778 8
      vertex 7 126.7 0
      vertex 6.40472 126.778 0
    endloop
  endfacet
  facet normal 0.793142 0.609037 0
    outer loop
      vertex 5.37365 127.374 8
      vertex 5.00814 127.85 0
      vertex 5.00814 127.85 8
    endloop
  endfacet
  facet normal 0.793142 0.609037 0
    outer loop
      vertex 5.00814 127.85 0
      vertex 5.37365 127.374 8
      vertex 5.37365 127.374 0
    endloop
  endfacet
  facet normal 0.609268 0.792964 -0
    outer loop
      vertex 5.85 127.008 0
      vertex 5.37365 127.374 8
      vertex 5.85 127.008 8
    endloop
  endfacet
  facet normal 0.609268 0.792964 0
    outer loop
      vertex 5.37365 127.374 8
      vertex 5.85 127.008 0
      vertex 5.37365 127.374 0
    endloop
  endfacet
  facet normal 0.991453 -0.130466 0
    outer loop
      vertex 47.47 163 8
      vertex 47.5279 163.44 0
      vertex 47.5279 163.44 8
    endloop
  endfacet
  facet normal 0.991453 -0.130466 0
    outer loop
      vertex 47.5279 163.44 0
      vertex 47.47 163 8
      vertex 47.47 163 0
    endloop
  endfacet
  facet normal -0.923822 -0.382823 0
    outer loop
      vertex 50.8121 163.44 0
      vertex 50.6422 163.85 8
      vertex 50.6422 163.85 0
    endloop
  endfacet
  facet normal -0.923822 -0.382823 0
    outer loop
      vertex 50.6422 163.85 8
      vertex 50.8121 163.44 0
      vertex 50.8121 163.44 8
    endloop
  endfacet
  facet normal -0.991453 -0.130466 0
    outer loop
      vertex 50.87 163 0
      vertex 50.8121 163.44 8
      vertex 50.8121 163.44 0
    endloop
  endfacet
  facet normal -0.991453 -0.130466 0
    outer loop
      vertex 50.8121 163.44 8
      vertex 50.87 163 0
      vertex 50.87 163 8
    endloop
  endfacet
  facet normal -0.793352 -0.608763 0
    outer loop
      vertex 50.6422 163.85 0
      vertex 50.3721 164.202 8
      vertex 50.3721 164.202 0
    endloop
  endfacet
  facet normal -0.793352 -0.608763 0
    outer loop
      vertex 50.3721 164.202 8
      vertex 50.6422 163.85 0
      vertex 50.6422 163.85 8
    endloop
  endfacet
  facet normal -0.991453 0.130466 0
    outer loop
      vertex 50.8121 162.56 0
      vertex 50.87 163 8
      vertex 50.87 163 0
    endloop
  endfacet
  facet normal -0.991453 0.130466 0
    outer loop
      vertex 50.87 163 8
      vertex 50.8121 162.56 0
      vertex 50.8121 162.56 8
    endloop
  endfacet
  facet normal 0.793352 -0.608763 0
    outer loop
      vertex 47.6978 163.85 8
      vertex 47.9679 164.202 0
      vertex 47.9679 164.202 8
    endloop
  endfacet
  facet normal 0.793352 -0.608763 0
    outer loop
      vertex 47.9679 164.202 0
      vertex 47.6978 163.85 8
      vertex 47.6978 163.85 0
    endloop
  endfacet
  facet normal 0.130688 0.991424 -0
    outer loop
      vertex 49.17 161.3 0
      vertex 48.73 161.358 8
      vertex 49.17 161.3 8
    endloop
  endfacet
  facet normal 0.130688 0.991424 0
    outer loop
      vertex 48.73 161.358 8
      vertex 49.17 161.3 0
      vertex 48.73 161.358 0
    endloop
  endfacet
  facet normal 0.383015 0.923742 -0
    outer loop
      vertex 48.73 161.358 0
      vertex 48.32 161.528 8
      vertex 48.73 161.358 8
    endloop
  endfacet
  facet normal 0.383015 0.923742 0
    outer loop
      vertex 48.32 161.528 8
      vertex 48.73 161.358 0
      vertex 48.32 161.528 0
    endloop
  endfacet
  facet normal -0.608512 -0.793545 0
    outer loop
      vertex 50.02 164.472 0
      vertex 50.3721 164.202 8
      vertex 50.02 164.472 8
    endloop
  endfacet
  facet normal -0.608512 -0.793545 -0
    outer loop
      vertex 50.3721 164.202 8
      vertex 50.02 164.472 0
      vertex 50.3721 164.202 0
    endloop
  endfacet
  facet normal 0.923822 0.382823 0
    outer loop
      vertex 47.6978 162.15 8
      vertex 47.5279 162.56 0
      vertex 47.5279 162.56 8
    endloop
  endfacet
  facet normal 0.923822 0.382823 0
    outer loop
      vertex 47.5279 162.56 0
      vertex 47.6978 162.15 8
      vertex 47.6978 162.15 0
    endloop
  endfacet
  facet normal -0.383015 0.923742 0
    outer loop
      vertex 50.02 161.528 0
      vertex 49.61 161.358 8
      vertex 50.02 161.528 8
    endloop
  endfacet
  facet normal -0.383015 0.923742 0
    outer loop
      vertex 49.61 161.358 8
      vertex 50.02 161.528 0
      vertex 49.61 161.358 0
    endloop
  endfacet
  facet normal 0.923822 -0.382823 0
    outer loop
      vertex 47.5279 163.44 8
      vertex 47.6978 163.85 0
      vertex 47.6978 163.85 8
    endloop
  endfacet
  facet normal 0.923822 -0.382823 0
    outer loop
      vertex 47.6978 163.85 0
      vertex 47.5279 163.44 8
      vertex 47.5279 163.44 0
    endloop
  endfacet
  facet normal -0.923822 0.382823 0
    outer loop
      vertex 50.6422 162.15 0
      vertex 50.8121 162.56 8
      vertex 50.8121 162.56 0
    endloop
  endfacet
  facet normal -0.923822 0.382823 0
    outer loop
      vertex 50.8121 162.56 8
      vertex 50.6422 162.15 0
      vertex 50.6422 162.15 8
    endloop
  endfacet
  facet normal 0.608512 -0.793545 0
    outer loop
      vertex 47.9679 164.202 0
      vertex 48.32 164.472 8
      vertex 47.9679 164.202 8
    endloop
  endfacet
  facet normal 0.608512 -0.793545 0
    outer loop
      vertex 48.32 164.472 8
      vertex 47.9679 164.202 0
      vertex 48.32 164.472 0
    endloop
  endfacet
  facet normal -0.608512 0.793545 0
    outer loop
      vertex 50.3721 161.798 0
      vertex 50.02 161.528 8
      vertex 50.3721 161.798 8
    endloop
  endfacet
  facet normal -0.608512 0.793545 0
    outer loop
      vertex 50.02 161.528 8
      vertex 50.3721 161.798 0
      vertex 50.02 161.528 0
    endloop
  endfacet
  facet normal 0.383015 -0.923742 0
    outer loop
      vertex 48.32 164.472 0
      vertex 48.73 164.642 8
      vertex 48.32 164.472 8
    endloop
  endfacet
  facet normal 0.383015 -0.923742 0
    outer loop
      vertex 48.73 164.642 8
      vertex 48.32 164.472 0
      vertex 48.73 164.642 0
    endloop
  endfacet
  facet normal -0.130688 -0.991424 0
    outer loop
      vertex 49.17 164.7 0
      vertex 49.61 164.642 8
      vertex 49.17 164.7 8
    endloop
  endfacet
  facet normal -0.130688 -0.991424 -0
    outer loop
      vertex 49.61 164.642 8
      vertex 49.17 164.7 0
      vertex 49.61 164.642 0
    endloop
  endfacet
  facet normal -0.793352 0.608763 0
    outer loop
      vertex 50.3721 161.798 0
      vertex 50.6422 162.15 8
      vertex 50.6422 162.15 0
    endloop
  endfacet
  facet normal -0.793352 0.608763 0
    outer loop
      vertex 50.6422 162.15 8
      vertex 50.3721 161.798 0
      vertex 50.3721 161.798 8
    endloop
  endfacet
  facet normal -0.383015 -0.923742 0
    outer loop
      vertex 49.61 164.642 0
      vertex 50.02 164.472 8
      vertex 49.61 164.642 8
    endloop
  endfacet
  facet normal -0.383015 -0.923742 -0
    outer loop
      vertex 50.02 164.472 8
      vertex 49.61 164.642 0
      vertex 50.02 164.472 0
    endloop
  endfacet
  facet normal 0.608512 0.793545 -0
    outer loop
      vertex 48.32 161.528 0
      vertex 47.9679 161.798 8
      vertex 48.32 161.528 8
    endloop
  endfacet
  facet normal 0.608512 0.793545 0
    outer loop
      vertex 47.9679 161.798 8
      vertex 48.32 161.528 0
      vertex 47.9679 161.798 0
    endloop
  endfacet
  facet normal 0.991453 0.130466 0
    outer loop
      vertex 47.5279 162.56 8
      vertex 47.47 163 0
      vertex 47.47 163 8
    endloop
  endfacet
  facet normal 0.991453 0.130466 0
    outer loop
      vertex 47.47 163 0
      vertex 47.5279 162.56 8
      vertex 47.5279 162.56 0
    endloop
  endfacet
  facet normal 0.130688 -0.991424 0
    outer loop
      vertex 48.73 164.642 0
      vertex 49.17 164.7 8
      vertex 48.73 164.642 8
    endloop
  endfacet
  facet normal 0.130688 -0.991424 0
    outer loop
      vertex 49.17 164.7 8
      vertex 48.73 164.642 0
      vertex 49.17 164.7 0
    endloop
  endfacet
  facet normal 0.793352 0.608763 0
    outer loop
      vertex 47.9679 161.798 8
      vertex 47.6978 162.15 0
      vertex 47.6978 162.15 8
    endloop
  endfacet
  facet normal 0.793352 0.608763 0
    outer loop
      vertex 47.6978 162.15 0
      vertex 47.9679 161.798 8
      vertex 47.9679 161.798 0
    endloop
  endfacet
  facet normal -0.130688 0.991424 0
    outer loop
      vertex 49.61 161.358 0
      vertex 49.17 161.3 8
      vertex 49.61 161.358 8
    endloop
  endfacet
  facet normal -0.130688 0.991424 0
    outer loop
      vertex 49.17 161.3 8
      vertex 49.61 161.358 0
      vertex 49.17 161.3 0
    endloop
  endfacet
  facet normal -0.383015 0.923742 0
    outer loop
      vertex 100.68 161.528 0
      vertex 100.27 161.358 8
      vertex 100.68 161.528 8
    endloop
  endfacet
  facet normal -0.383015 0.923742 0
    outer loop
      vertex 100.27 161.358 8
      vertex 100.68 161.528 0
      vertex 100.27 161.358 0
    endloop
  endfacet
  facet normal 0.130688 -0.991424 0
    outer loop
      vertex 99.39 164.642 0
      vertex 99.83 164.7 8
      vertex 99.39 164.642 8
    endloop
  endfacet
  facet normal 0.130688 -0.991424 0
    outer loop
      vertex 99.83 164.7 8
      vertex 99.39 164.642 0
      vertex 99.83 164.7 0
    endloop
  endfacet
  facet normal -0.923742 -0.383015 0
    outer loop
      vertex 101.472 163.44 0
      vertex 101.302 163.85 8
      vertex 101.302 163.85 0
    endloop
  endfacet
  facet normal -0.923742 -0.383015 0
    outer loop
      vertex 101.302 163.85 8
      vertex 101.472 163.44 0
      vertex 101.472 163.44 8
    endloop
  endfacet
  facet normal -0.991424 -0.130688 0
    outer loop
      vertex 101.53 163 0
      vertex 101.472 163.44 8
      vertex 101.472 163.44 0
    endloop
  endfacet
  facet normal -0.991424 -0.130688 0
    outer loop
      vertex 101.472 163.44 8
      vertex 101.53 163 0
      vertex 101.53 163 8
    endloop
  endfacet
  facet normal -0.793461 -0.608621 0
    outer loop
      vertex 101.302 163.85 0
      vertex 101.032 164.202 8
      vertex 101.032 164.202 0
    endloop
  endfacet
  facet normal -0.793461 -0.608621 0
    outer loop
      vertex 101.032 164.202 8
      vertex 101.302 163.85 0
      vertex 101.302 163.85 8
    endloop
  endfacet
  facet normal -0.793461 0.608621 0
    outer loop
      vertex 101.032 161.798 0
      vertex 101.302 162.15 8
      vertex 101.302 162.15 0
    endloop
  endfacet
  facet normal -0.793461 0.608621 0
    outer loop
      vertex 101.302 162.15 8
      vertex 101.032 161.798 0
      vertex 101.032 161.798 8
    endloop
  endfacet
  facet normal 0.608512 -0.793545 0
    outer loop
      vertex 98.6279 164.202 0
      vertex 98.98 164.472 8
      vertex 98.6279 164.202 8
    endloop
  endfacet
  facet normal 0.608512 -0.793545 0
    outer loop
      vertex 98.98 164.472 8
      vertex 98.6279 164.202 0
      vertex 98.98 164.472 0
    endloop
  endfacet
  facet normal -0.608621 -0.793461 0
    outer loop
      vertex 100.68 164.472 0
      vertex 101.032 164.202 8
      vertex 100.68 164.472 8
    endloop
  endfacet
  facet normal -0.608621 -0.793461 -0
    outer loop
      vertex 101.032 164.202 8
      vertex 100.68 164.472 0
      vertex 101.032 164.202 0
    endloop
  endfacet
  facet normal 0.793352 -0.608763 0
    outer loop
      vertex 98.3578 163.85 8
      vertex 98.6279 164.202 0
      vertex 98.6279 164.202 8
    endloop
  endfacet
  facet normal 0.793352 -0.608763 0
    outer loop
      vertex 98.6279 164.202 0
      vertex 98.3578 163.85 8
      vertex 98.3578 163.85 0
    endloop
  endfacet
  facet normal 0.383015 0.923742 -0
    outer loop
      vertex 99.39 161.358 0
      vertex 98.98 161.528 8
      vertex 99.39 161.358 8
    endloop
  endfacet
  facet normal 0.383015 0.923742 0
    outer loop
      vertex 98.98 161.528 8
      vertex 99.39 161.358 0
      vertex 98.98 161.528 0
    endloop
  endfacet
  facet normal 0.608512 0.793545 -0
    outer loop
      vertex 98.98 161.528 0
      vertex 98.6279 161.798 8
      vertex 98.98 161.528 8
    endloop
  endfacet
  facet normal 0.608512 0.793545 0
    outer loop
      vertex 98.6279 161.798 8
      vertex 98.98 161.528 0
      vertex 98.6279 161.798 0
    endloop
  endfacet
  facet normal -0.923742 0.383015 0
    outer loop
      vertex 101.302 162.15 0
      vertex 101.472 162.56 8
      vertex 101.472 162.56 0
    endloop
  endfacet
  facet normal -0.923742 0.383015 0
    outer loop
      vertex 101.472 162.56 8
      vertex 101.302 162.15 0
      vertex 101.302 162.15 8
    endloop
  endfacet
  facet normal -0.130688 0.991424 0
    outer loop
      vertex 100.27 161.358 0
      vertex 99.83 161.3 8
      vertex 100.27 161.358 8
    endloop
  endfacet
  facet normal -0.130688 0.991424 0
    outer loop
      vertex 99.83 161.3 8
      vertex 100.27 161.358 0
      vertex 99.83 161.3 0
    endloop
  endfacet
  facet normal -0.608621 0.793461 0
    outer loop
      vertex 101.032 161.798 0
      vertex 100.68 161.528 8
      vertex 101.032 161.798 8
    endloop
  endfacet
  facet normal -0.608621 0.793461 0
    outer loop
      vertex 100.68 161.528 8
      vertex 101.032 161.798 0
      vertex 100.68 161.528 0
    endloop
  endfacet
  facet normal 0.383015 -0.923742 0
    outer loop
      vertex 98.98 164.472 0
      vertex 99.39 164.642 8
      vertex 98.98 164.472 8
    endloop
  endfacet
  facet normal 0.383015 -0.923742 0
    outer loop
      vertex 99.39 164.642 8
      vertex 98.98 164.472 0
      vertex 99.39 164.642 0
    endloop
  endfacet
  facet normal -0.383015 -0.923742 0
    outer loop
      vertex 100.27 164.642 0
      vertex 100.68 164.472 8
      vertex 100.27 164.642 8
    endloop
  endfacet
  facet normal -0.383015 -0.923742 -0
    outer loop
      vertex 100.68 164.472 8
      vertex 100.27 164.642 0
      vertex 100.68 164.472 0
    endloop
  endfacet
  facet normal 0.923822 -0.382823 0
    outer loop
      vertex 98.1879 163.44 8
      vertex 98.3578 163.85 0
      vertex 98.3578 163.85 8
    endloop
  endfacet
  facet normal 0.923822 -0.382823 0
    outer loop
      vertex 98.3578 163.85 0
      vertex 98.1879 163.44 8
      vertex 98.1879 163.44 0
    endloop
  endfacet
  facet normal -0.130688 -0.991424 0
    outer loop
      vertex 99.83 164.7 0
      vertex 100.27 164.642 8
      vertex 99.83 164.7 8
    endloop
  endfacet
  facet normal -0.130688 -0.991424 -0
    outer loop
      vertex 100.27 164.642 8
      vertex 99.83 164.7 0
      vertex 100.27 164.642 0
    endloop
  endfacet
  facet normal -0.991424 0.130688 0
    outer loop
      vertex 101.472 162.56 0
      vertex 101.53 163 8
      vertex 101.53 163 0
    endloop
  endfacet
  facet normal -0.991424 0.130688 0
    outer loop
      vertex 101.53 163 8
      vertex 101.472 162.56 0
      vertex 101.472 162.56 8
    endloop
  endfacet
  facet normal 0.923822 0.382823 0
    outer loop
      vertex 98.3578 162.15 8
      vertex 98.1879 162.56 0
      vertex 98.1879 162.56 8
    endloop
  endfacet
  facet normal 0.923822 0.382823 0
    outer loop
      vertex 98.1879 162.56 0
      vertex 98.3578 162.15 8
      vertex 98.3578 162.15 0
    endloop
  endfacet
  facet normal 0.130688 0.991424 -0
    outer loop
      vertex 99.83 161.3 0
      vertex 99.39 161.358 8
      vertex 99.83 161.3 8
    endloop
  endfacet
  facet normal 0.130688 0.991424 0
    outer loop
      vertex 99.39 161.358 8
      vertex 99.83 161.3 0
      vertex 99.39 161.358 0
    endloop
  endfacet
  facet normal 0.991453 0.130466 0
    outer loop
      vertex 98.1879 162.56 8
      vertex 98.13 163 0
      vertex 98.13 163 8
    endloop
  endfacet
  facet normal 0.991453 0.130466 0
    outer loop
      vertex 98.13 163 0
      vertex 98.1879 162.56 8
      vertex 98.1879 162.56 0
    endloop
  endfacet
  facet normal 0.793352 0.608763 0
    outer loop
      vertex 98.6279 161.798 8
      vertex 98.3578 162.15 0
      vertex 98.3578 162.15 8
    endloop
  endfacet
  facet normal 0.793352 0.608763 0
    outer loop
      vertex 98.3578 162.15 0
      vertex 98.6279 161.798 8
      vertex 98.6279 161.798 0
    endloop
  endfacet
  facet normal 0.991453 -0.130466 0
    outer loop
      vertex 98.13 163 8
      vertex 98.1879 163.44 0
      vertex 98.1879 163.44 8
    endloop
  endfacet
  facet normal 0.991453 -0.130466 0
    outer loop
      vertex 98.1879 163.44 0
      vertex 98.13 163 8
      vertex 98.13 163 0
    endloop
  endfacet
  facet normal 0.991439 -0.130571 0
    outer loop
      vertex 32.7 24 8
      vertex 32.7784 24.5953 0
      vertex 32.7784 24.5953 8
    endloop
  endfacet
  facet normal 0.991439 -0.130571 0
    outer loop
      vertex 32.7784 24.5953 0
      vertex 32.7 24 8
      vertex 32.7 24 0
    endloop
  endfacet
  facet normal -0.923917 -0.382592 0
    outer loop
      vertex 37.2216 24.5953 0
      vertex 36.9919 25.15 8
      vertex 36.9919 25.15 0
    endloop
  endfacet
  facet normal -0.923917 -0.382592 0
    outer loop
      vertex 36.9919 25.15 8
      vertex 37.2216 24.5953 0
      vertex 37.2216 24.5953 8
    endloop
  endfacet
  facet normal -0.991439 -0.130571 0
    outer loop
      vertex 37.3 24 0
      vertex 37.2216 24.5953 8
      vertex 37.2216 24.5953 0
    endloop
  endfacet
  facet normal -0.991439 -0.130571 0
    outer loop
      vertex 37.2216 24.5953 8
      vertex 37.3 24 0
      vertex 37.3 24 8
    endloop
  endfacet
  facet normal -0.991439 0.130571 0
    outer loop
      vertex 37.2216 23.4047 0
      vertex 37.3 24 8
      vertex 37.3 24 0
    endloop
  endfacet
  facet normal -0.991439 0.130571 0
    outer loop
      vertex 37.3 24 8
      vertex 37.2216 23.4047 0
      vertex 37.2216 23.4047 8
    endloop
  endfacet
  facet normal 0.991439 0.130571 0
    outer loop
      vertex 32.7784 23.4047 8
      vertex 32.7 24 0
      vertex 32.7 24 8
    endloop
  endfacet
  facet normal 0.991439 0.130571 0
    outer loop
      vertex 32.7 24 0
      vertex 32.7784 23.4047 8
      vertex 32.7784 23.4047 0
    endloop
  endfacet
  facet normal -0.608889 0.793255 0
    outer loop
      vertex 36.6263 22.3737 0
      vertex 36.15 22.0081 8
      vertex 36.6263 22.3737 8
    endloop
  endfacet
  facet normal -0.608889 0.793255 0
    outer loop
      vertex 36.15 22.0081 8
      vertex 36.6263 22.3737 0
      vertex 36.15 22.0081 0
    endloop
  endfacet
  facet normal 0.793255 0.608889 0
    outer loop
      vertex 33.3737 22.3737 8
      vertex 33.0081 22.85 0
      vertex 33.0081 22.85 8
    endloop
  endfacet
  facet normal 0.793255 0.608889 0
    outer loop
      vertex 33.0081 22.85 0
      vertex 33.3737 22.3737 8
      vertex 33.3737 22.3737 0
    endloop
  endfacet
  facet normal 0.382592 0.923917 -0
    outer loop
      vertex 34.4047 21.7784 0
      vertex 33.85 22.0081 8
      vertex 34.4047 21.7784 8
    endloop
  endfacet
  facet normal 0.382592 0.923917 0
    outer loop
      vertex 33.85 22.0081 8
      vertex 34.4047 21.7784 0
      vertex 33.85 22.0081 0
    endloop
  endfacet
  facet normal -0.793255 0.608889 0
    outer loop
      vertex 36.6263 22.3737 0
      vertex 36.9919 22.85 8
      vertex 36.9919 22.85 0
    endloop
  endfacet
  facet normal -0.793255 0.608889 0
    outer loop
      vertex 36.9919 22.85 8
      vertex 36.6263 22.3737 0
      vertex 36.6263 22.3737 8
    endloop
  endfacet
  facet normal -0.923917 0.382592 0
    outer loop
      vertex 36.9919 22.85 0
      vertex 37.2216 23.4047 8
      vertex 37.2216 23.4047 0
    endloop
  endfacet
  facet normal -0.923917 0.382592 0
    outer loop
      vertex 37.2216 23.4047 8
      vertex 36.9919 22.85 0
      vertex 36.9919 22.85 8
    endloop
  endfacet
  facet normal -0.382592 -0.923917 0
    outer loop
      vertex 35.5953 26.2216 0
      vertex 36.15 25.9919 8
      vertex 35.5953 26.2216 8
    endloop
  endfacet
  facet normal -0.382592 -0.923917 -0
    outer loop
      vertex 36.15 25.9919 8
      vertex 35.5953 26.2216 0
      vertex 36.15 25.9919 0
    endloop
  endfacet
  facet normal 0.608889 -0.793255 0
    outer loop
      vertex 33.3737 25.6263 0
      vertex 33.85 25.9919 8
      vertex 33.3737 25.6263 8
    endloop
  endfacet
  facet normal 0.608889 -0.793255 0
    outer loop
      vertex 33.85 25.9919 8
      vertex 33.3737 25.6263 0
      vertex 33.85 25.9919 0
    endloop
  endfacet
  facet normal -0.382592 0.923917 0
    outer loop
      vertex 36.15 22.0081 0
      vertex 35.5953 21.7784 8
      vertex 36.15 22.0081 8
    endloop
  endfacet
  facet normal -0.382592 0.923917 0
    outer loop
      vertex 35.5953 21.7784 8
      vertex 36.15 22.0081 0
      vertex 35.5953 21.7784 0
    endloop
  endfacet
  facet normal -0.130571 -0.991439 0
    outer loop
      vertex 35 26.3 0
      vertex 35.5953 26.2216 8
      vertex 35 26.3 8
    endloop
  endfacet
  facet normal -0.130571 -0.991439 -0
    outer loop
      vertex 35.5953 26.2216 8
      vertex 35 26.3 0
      vertex 35.5953 26.2216 0
    endloop
  endfacet
  facet normal 0.793255 -0.608889 0
    outer loop
      vertex 33.0081 25.15 8
      vertex 33.3737 25.6263 0
      vertex 33.3737 25.6263 8
    endloop
  endfacet
  facet normal 0.793255 -0.608889 0
    outer loop
      vertex 33.3737 25.6263 0
      vertex 33.0081 25.15 8
      vertex 33.0081 25.15 0
    endloop
  endfacet
  facet normal 0.382592 -0.923917 0
    outer loop
      vertex 33.85 25.9919 0
      vertex 34.4047 26.2216 8
      vertex 33.85 25.9919 8
    endloop
  endfacet
  facet normal 0.382592 -0.923917 0
    outer loop
      vertex 34.4047 26.2216 8
      vertex 33.85 25.9919 0
      vertex 34.4047 26.2216 0
    endloop
  endfacet
  facet normal 0.130571 0.991439 -0
    outer loop
      vertex 35 21.7 0
      vertex 34.4047 21.7784 8
      vertex 35 21.7 8
    endloop
  endfacet
  facet normal 0.130571 0.991439 0
    outer loop
      vertex 34.4047 21.7784 8
      vertex 35 21.7 0
      vertex 34.4047 21.7784 0
    endloop
  endfacet
  facet normal 0.923917 0.382592 0
    outer loop
      vertex 33.0081 22.85 8
      vertex 32.7784 23.4047 0
      vertex 32.7784 23.4047 8
    endloop
  endfacet
  facet normal 0.923917 0.382592 0
    outer loop
      vertex 32.7784 23.4047 0
      vertex 33.0081 22.85 8
      vertex 33.0081 22.85 0
    endloop
  endfacet
  facet normal -0.608889 -0.793255 0
    outer loop
      vertex 36.15 25.9919 0
      vertex 36.6263 25.6263 8
      vertex 36.15 25.9919 8
    endloop
  endfacet
  facet normal -0.608889 -0.793255 -0
    outer loop
      vertex 36.6263 25.6263 8
      vertex 36.15 25.9919 0
      vertex 36.6263 25.6263 0
    endloop
  endfacet
  facet normal 0.923917 -0.382592 0
    outer loop
      vertex 32.7784 24.5953 8
      vertex 33.0081 25.15 0
      vertex 33.0081 25.15 8
    endloop
  endfacet
  facet normal 0.923917 -0.382592 0
    outer loop
      vertex 33.0081 25.15 0
      vertex 32.7784 24.5953 8
      vertex 32.7784 24.5953 0
    endloop
  endfacet
  facet normal 0.130571 -0.991439 0
    outer loop
      vertex 34.4047 26.2216 0
      vertex 35 26.3 8
      vertex 34.4047 26.2216 8
    endloop
  endfacet
  facet normal 0.130571 -0.991439 0
    outer loop
      vertex 35 26.3 8
      vertex 34.4047 26.2216 0
      vertex 35 26.3 0
    endloop
  endfacet
  facet normal -0.793255 -0.608889 0
    outer loop
      vertex 36.9919 25.15 0
      vertex 36.6263 25.6263 8
      vertex 36.6263 25.6263 0
    endloop
  endfacet
  facet normal -0.793255 -0.608889 0
    outer loop
      vertex 36.6263 25.6263 8
      vertex 36.9919 25.15 0
      vertex 36.9919 25.15 8
    endloop
  endfacet
  facet normal 0.608889 0.793255 -0
    outer loop
      vertex 33.85 22.0081 0
      vertex 33.3737 22.3737 8
      vertex 33.85 22.0081 8
    endloop
  endfacet
  facet normal 0.608889 0.793255 0
    outer loop
      vertex 33.3737 22.3737 8
      vertex 33.85 22.0081 0
      vertex 33.3737 22.3737 0
    endloop
  endfacet
  facet normal -0.130571 0.991439 0
    outer loop
      vertex 35.5953 21.7784 0
      vertex 35 21.7 8
      vertex 35.5953 21.7784 8
    endloop
  endfacet
  facet normal -0.130571 0.991439 0
    outer loop
      vertex 35 21.7 8
      vertex 35.5953 21.7784 0
      vertex 35 21.7 0
    endloop
  endfacet
  facet normal 0.991439 -0.130571 0
    outer loop
      vertex 82.7 24 8
      vertex 82.7784 24.5953 0
      vertex 82.7784 24.5953 8
    endloop
  endfacet
  facet normal 0.991439 -0.130571 0
    outer loop
      vertex 82.7784 24.5953 0
      vertex 82.7 24 8
      vertex 82.7 24 0
    endloop
  endfacet
  facet normal -0.923917 -0.382592 0
    outer loop
      vertex 87.2216 24.5953 0
      vertex 86.9919 25.15 8
      vertex 86.9919 25.15 0
    endloop
  endfacet
  facet normal -0.923917 -0.382592 0
    outer loop
      vertex 86.9919 25.15 8
      vertex 87.2216 24.5953 0
      vertex 87.2216 24.5953 8
    endloop
  endfacet
  facet normal -0.991439 -0.130571 0
    outer loop
      vertex 87.3 24 0
      vertex 87.2216 24.5953 8
      vertex 87.2216 24.5953 0
    endloop
  endfacet
  facet normal -0.991439 -0.130571 0
    outer loop
      vertex 87.2216 24.5953 8
      vertex 87.3 24 0
      vertex 87.3 24 8
    endloop
  endfacet
  facet normal -0.991439 0.130571 0
    outer loop
      vertex 87.2216 23.4047 0
      vertex 87.3 24 8
      vertex 87.3 24 0
    endloop
  endfacet
  facet normal -0.991439 0.130571 0
    outer loop
      vertex 87.3 24 8
      vertex 87.2216 23.4047 0
      vertex 87.2216 23.4047 8
    endloop
  endfacet
  facet normal 0.991439 0.130571 0
    outer loop
      vertex 82.7784 23.4047 8
      vertex 82.7 24 0
      vertex 82.7 24 8
    endloop
  endfacet
  facet normal 0.991439 0.130571 0
    outer loop
      vertex 82.7 24 0
      vertex 82.7784 23.4047 8
      vertex 82.7784 23.4047 0
    endloop
  endfacet
  facet normal -0.608889 0.793255 0
    outer loop
      vertex 86.6263 22.3737 0
      vertex 86.15 22.0081 8
      vertex 86.6263 22.3737 8
    endloop
  endfacet
  facet normal -0.608889 0.793255 0
    outer loop
      vertex 86.15 22.0081 8
      vertex 86.6263 22.3737 0
      vertex 86.15 22.0081 0
    endloop
  endfacet
  facet normal 0.793255 0.608889 0
    outer loop
      vertex 83.3737 22.3737 8
      vertex 83.0081 22.85 0
      vertex 83.0081 22.85 8
    endloop
  endfacet
  facet normal 0.793255 0.608889 0
    outer loop
      vertex 83.0081 22.85 0
      vertex 83.3737 22.3737 8
      vertex 83.3737 22.3737 0
    endloop
  endfacet
  facet normal 0.382592 0.923917 -0
    outer loop
      vertex 84.4047 21.7784 0
      vertex 83.85 22.0081 8
      vertex 84.4047 21.7784 8
    endloop
  endfacet
  facet normal 0.382592 0.923917 0
    outer loop
      vertex 83.85 22.0081 8
      vertex 84.4047 21.7784 0
      vertex 83.85 22.0081 0
    endloop
  endfacet
  facet normal -0.793255 0.608889 0
    outer loop
      vertex 86.6263 22.3737 0
      vertex 86.9919 22.85 8
      vertex 86.9919 22.85 0
    endloop
  endfacet
  facet normal -0.793255 0.608889 0
    outer loop
      vertex 86.9919 22.85 8
      vertex 86.6263 22.3737 0
      vertex 86.6263 22.3737 8
    endloop
  endfacet
  facet normal -0.923917 0.382592 0
    outer loop
      vertex 86.9919 22.85 0
      vertex 87.2216 23.4047 8
      vertex 87.2216 23.4047 0
    endloop
  endfacet
  facet normal -0.923917 0.382592 0
    outer loop
      vertex 87.2216 23.4047 8
      vertex 86.9919 22.85 0
      vertex 86.9919 22.85 8
    endloop
  endfacet
  facet normal -0.382592 -0.923917 0
    outer loop
      vertex 85.5953 26.2216 0
      vertex 86.15 25.9919 8
      vertex 85.5953 26.2216 8
    endloop
  endfacet
  facet normal -0.382592 -0.923917 -0
    outer loop
      vertex 86.15 25.9919 8
      vertex 85.5953 26.2216 0
      vertex 86.15 25.9919 0
    endloop
  endfacet
  facet normal 0.608889 -0.793255 0
    outer loop
      vertex 83.3737 25.6263 0
      vertex 83.85 25.9919 8
      vertex 83.3737 25.6263 8
    endloop
  endfacet
  facet normal 0.608889 -0.793255 0
    outer loop
      vertex 83.85 25.9919 8
      vertex 83.3737 25.6263 0
      vertex 83.85 25.9919 0
    endloop
  endfacet
  facet normal -0.382592 0.923917 0
    outer loop
      vertex 86.15 22.0081 0
      vertex 85.5953 21.7784 8
      vertex 86.15 22.0081 8
    endloop
  endfacet
  facet normal -0.382592 0.923917 0
    outer loop
      vertex 85.5953 21.7784 8
      vertex 86.15 22.0081 0
      vertex 85.5953 21.7784 0
    endloop
  endfacet
  facet normal -0.130571 -0.991439 0
    outer loop
      vertex 85 26.3 0
      vertex 85.5953 26.2216 8
      vertex 85 26.3 8
    endloop
  endfacet
  facet normal -0.130571 -0.991439 -0
    outer loop
      vertex 85.5953 26.2216 8
      vertex 85 26.3 0
      vertex 85.5953 26.2216 0
    endloop
  endfacet
  facet normal 0.793255 -0.608889 0
    outer loop
      vertex 83.0081 25.15 8
      vertex 83.3737 25.6263 0
      vertex 83.3737 25.6263 8
    endloop
  endfacet
  facet normal 0.793255 -0.608889 0
    outer loop
      vertex 83.3737 25.6263 0
      vertex 83.0081 25.15 8
      vertex 83.0081 25.15 0
    endloop
  endfacet
  facet normal 0.382592 -0.923917 0
    outer loop
      vertex 83.85 25.9919 0
      vertex 84.4047 26.2216 8
      vertex 83.85 25.9919 8
    endloop
  endfacet
  facet normal 0.382592 -0.923917 0
    outer loop
      vertex 84.4047 26.2216 8
      vertex 83.85 25.9919 0
      vertex 84.4047 26.2216 0
    endloop
  endfacet
  facet normal 0.130571 0.991439 -0
    outer loop
      vertex 85 21.7 0
      vertex 84.4047 21.7784 8
      vertex 85 21.7 8
    endloop
  endfacet
  facet normal 0.130571 0.991439 0
    outer loop
      vertex 84.4047 21.7784 8
      vertex 85 21.7 0
      vertex 84.4047 21.7784 0
    endloop
  endfacet
  facet normal 0.923917 0.382592 0
    outer loop
      vertex 83.0081 22.85 8
      vertex 82.7784 23.4047 0
      vertex 82.7784 23.4047 8
    endloop
  endfacet
  facet normal 0.923917 0.382592 0
    outer loop
      vertex 82.7784 23.4047 0
      vertex 83.0081 22.85 8
      vertex 83.0081 22.85 0
    endloop
  endfacet
  facet normal -0.608889 -0.793255 0
    outer loop
      vertex 86.15 25.9919 0
      vertex 86.6263 25.6263 8
      vertex 86.15 25.9919 8
    endloop
  endfacet
  facet normal -0.608889 -0.793255 -0
    outer loop
      vertex 86.6263 25.6263 8
      vertex 86.15 25.9919 0
      vertex 86.6263 25.6263 0
    endloop
  endfacet
  facet normal 0.923917 -0.382592 0
    outer loop
      vertex 82.7784 24.5953 8
      vertex 83.0081 25.15 0
      vertex 83.0081 25.15 8
    endloop
  endfacet
  facet normal 0.923917 -0.382592 0
    outer loop
      vertex 83.0081 25.15 0
      vertex 82.7784 24.5953 8
      vertex 82.7784 24.5953 0
    endloop
  endfacet
  facet normal 0.130571 -0.991439 0
    outer loop
      vertex 84.4047 26.2216 0
      vertex 85 26.3 8
      vertex 84.4047 26.2216 8
    endloop
  endfacet
  facet normal 0.130571 -0.991439 0
    outer loop
      vertex 85 26.3 8
      vertex 84.4047 26.2216 0
      vertex 85 26.3 0
    endloop
  endfacet
  facet normal -0.793255 -0.608889 0
    outer loop
      vertex 86.9919 25.15 0
      vertex 86.6263 25.6263 8
      vertex 86.6263 25.6263 0
    endloop
  endfacet
  facet normal -0.793255 -0.608889 0
    outer loop
      vertex 86.6263 25.6263 8
      vertex 86.9919 25.15 0
      vertex 86.9919 25.15 8
    endloop
  endfacet
  facet normal 0.608889 0.793255 -0
    outer loop
      vertex 83.85 22.0081 0
      vertex 83.3737 22.3737 8
      vertex 83.85 22.0081 8
    endloop
  endfacet
  facet normal 0.608889 0.793255 0
    outer loop
      vertex 83.3737 22.3737 8
      vertex 83.85 22.0081 0
      vertex 83.3737 22.3737 0
    endloop
  endfacet
  facet normal -0.130571 0.991439 0
    outer loop
      vertex 85.5953 21.7784 0
      vertex 85 21.7 8
      vertex 85.5953 21.7784 8
    endloop
  endfacet
  facet normal -0.130571 0.991439 0
    outer loop
      vertex 85 21.7 8
      vertex 85.5953 21.7784 0
      vertex 85 21.7 0
    endloop
  endfacet
  facet normal 0.991525 -0.129916 0
    outer loop
      vertex 122.7 24 8
      vertex 122.778 24.5953 0
      vertex 122.778 24.5953 8
    endloop
  endfacet
  facet normal 0.991525 -0.129916 0
    outer loop
      vertex 122.778 24.5953 0
      vertex 122.7 24 8
      vertex 122.7 24 0
    endloop
  endfacet
  facet normal -0.923741 -0.383018 0
    outer loop
      vertex 127.222 24.5953 0
      vertex 126.992 25.15 8
      vertex 126.992 25.15 0
    endloop
  endfacet
  facet normal -0.923741 -0.383018 0
    outer loop
      vertex 126.992 25.15 8
      vertex 127.222 24.5953 0
      vertex 127.222 24.5953 8
    endloop
  endfacet
  facet normal -0.991525 -0.129916 0
    outer loop
      vertex 127.3 24 0
      vertex 127.222 24.5953 8
      vertex 127.222 24.5953 0
    endloop
  endfacet
  facet normal -0.991525 -0.129916 0
    outer loop
      vertex 127.222 24.5953 8
      vertex 127.3 24 0
      vertex 127.3 24 8
    endloop
  endfacet
  facet normal -0.991525 0.129916 0
    outer loop
      vertex 127.222 23.4047 0
      vertex 127.3 24 8
      vertex 127.3 24 0
    endloop
  endfacet
  facet normal -0.991525 0.129916 0
    outer loop
      vertex 127.3 24 8
      vertex 127.222 23.4047 0
      vertex 127.222 23.4047 8
    endloop
  endfacet
  facet normal 0.991525 0.129916 0
    outer loop
      vertex 122.778 23.4047 8
      vertex 122.7 24 0
      vertex 122.7 24 8
    endloop
  endfacet
  facet normal 0.991525 0.129916 0
    outer loop
      vertex 122.7 24 0
      vertex 122.778 23.4047 8
      vertex 122.778 23.4047 0
    endloop
  endfacet
  facet normal -0.609131 0.79307 0
    outer loop
      vertex 126.626 22.3737 0
      vertex 126.15 22.0081 8
      vertex 126.626 22.3737 8
    endloop
  endfacet
  facet normal -0.609131 0.79307 0
    outer loop
      vertex 126.15 22.0081 8
      vertex 126.626 22.3737 0
      vertex 126.15 22.0081 0
    endloop
  endfacet
  facet normal 0.792933 0.609308 0
    outer loop
      vertex 123.374 22.3737 8
      vertex 123.008 22.85 0
      vertex 123.008 22.85 8
    endloop
  endfacet
  facet normal 0.792933 0.609308 0
    outer loop
      vertex 123.008 22.85 0
      vertex 123.374 22.3737 8
      vertex 123.374 22.3737 0
    endloop
  endfacet
  facet normal 0.382416 0.92399 -0
    outer loop
      vertex 124.405 21.7784 0
      vertex 123.85 22.0081 8
      vertex 124.405 21.7784 8
    endloop
  endfacet
  facet normal 0.382416 0.92399 0
    outer loop
      vertex 123.85 22.0081 8
      vertex 124.405 21.7784 0
      vertex 123.85 22.0081 0
    endloop
  endfacet
  facet normal -0.792933 0.609308 0
    outer loop
      vertex 126.626 22.3737 0
      vertex 126.992 22.85 8
      vertex 126.992 22.85 0
    endloop
  endfacet
  facet normal -0.792933 0.609308 0
    outer loop
      vertex 126.992 22.85 8
      vertex 126.626 22.3737 0
      vertex 126.626 22.3737 8
    endloop
  endfacet
  facet normal -0.923741 0.383018 0
    outer loop
      vertex 126.992 22.85 0
      vertex 127.222 23.4047 8
      vertex 127.222 23.4047 0
    endloop
  endfacet
  facet normal -0.923741 0.383018 0
    outer loop
      vertex 127.222 23.4047 8
      vertex 126.992 22.85 0
      vertex 126.992 22.85 8
    endloop
  endfacet
  facet normal -0.382416 -0.92399 0
    outer loop
      vertex 125.595 26.2216 0
      vertex 126.15 25.9919 8
      vertex 125.595 26.2216 8
    endloop
  endfacet
  facet normal -0.382416 -0.92399 -0
    outer loop
      vertex 126.15 25.9919 8
      vertex 125.595 26.2216 0
      vertex 126.15 25.9919 0
    endloop
  endfacet
  facet normal 0.609131 -0.79307 0
    outer loop
      vertex 123.374 25.6263 0
      vertex 123.85 25.9919 8
      vertex 123.374 25.6263 8
    endloop
  endfacet
  facet normal 0.609131 -0.79307 0
    outer loop
      vertex 123.85 25.9919 8
      vertex 123.374 25.6263 0
      vertex 123.85 25.9919 0
    endloop
  endfacet
  facet normal -0.382416 0.92399 0
    outer loop
      vertex 126.15 22.0081 0
      vertex 125.595 21.7784 8
      vertex 126.15 22.0081 8
    endloop
  endfacet
  facet normal -0.382416 0.92399 0
    outer loop
      vertex 125.595 21.7784 8
      vertex 126.15 22.0081 0
      vertex 125.595 21.7784 0
    endloop
  endfacet
  facet normal -0.130636 -0.99143 0
    outer loop
      vertex 125 26.3 0
      vertex 125.595 26.2216 8
      vertex 125 26.3 8
    endloop
  endfacet
  facet normal -0.130636 -0.99143 -0
    outer loop
      vertex 125.595 26.2216 8
      vertex 125 26.3 0
      vertex 125.595 26.2216 0
    endloop
  endfacet
  facet normal 0.792933 -0.609308 0
    outer loop
      vertex 123.008 25.15 8
      vertex 123.374 25.6263 0
      vertex 123.374 25.6263 8
    endloop
  endfacet
  facet normal 0.792933 -0.609308 0
    outer loop
      vertex 123.374 25.6263 0
      vertex 123.008 25.15 8
      vertex 123.008 25.15 0
    endloop
  endfacet
  facet normal 0.382416 -0.92399 0
    outer loop
      vertex 123.85 25.9919 0
      vertex 124.405 26.2216 8
      vertex 123.85 25.9919 8
    endloop
  endfacet
  facet normal 0.382416 -0.92399 0
    outer loop
      vertex 124.405 26.2216 8
      vertex 123.85 25.9919 0
      vertex 124.405 26.2216 0
    endloop
  endfacet
  facet normal 0.130636 0.99143 -0
    outer loop
      vertex 125 21.7 0
      vertex 124.405 21.7784 8
      vertex 125 21.7 8
    endloop
  endfacet
  facet normal 0.130636 0.99143 0
    outer loop
      vertex 124.405 21.7784 8
      vertex 125 21.7 0
      vertex 124.405 21.7784 0
    endloop
  endfacet
  facet normal 0.923741 0.383018 0
    outer loop
      vertex 123.008 22.85 8
      vertex 122.778 23.4047 0
      vertex 122.778 23.4047 8
    endloop
  endfacet
  facet normal 0.923741 0.383018 0
    outer loop
      vertex 122.778 23.4047 0
      vertex 123.008 22.85 8
      vertex 123.008 22.85 0
    endloop
  endfacet
  facet normal -0.609131 -0.79307 0
    outer loop
      vertex 126.15 25.9919 0
      vertex 126.626 25.6263 8
      vertex 126.15 25.9919 8
    endloop
  endfacet
  facet normal -0.609131 -0.79307 -0
    outer loop
      vertex 126.626 25.6263 8
      vertex 126.15 25.9919 0
      vertex 126.626 25.6263 0
    endloop
  endfacet
  facet normal 0.923741 -0.383018 0
    outer loop
      vertex 122.778 24.5953 8
      vertex 123.008 25.15 0
      vertex 123.008 25.15 8
    endloop
  endfacet
  facet normal 0.923741 -0.383018 0
    outer loop
      vertex 123.008 25.15 0
      vertex 122.778 24.5953 8
      vertex 122.778 24.5953 0
    endloop
  endfacet
  facet normal 0.130636 -0.99143 0
    outer loop
      vertex 124.405 26.2216 0
      vertex 125 26.3 8
      vertex 124.405 26.2216 8
    endloop
  endfacet
  facet normal 0.130636 -0.99143 0
    outer loop
      vertex 125 26.3 8
      vertex 124.405 26.2216 0
      vertex 125 26.3 0
    endloop
  endfacet
  facet normal -0.792933 -0.609308 0
    outer loop
      vertex 126.992 25.15 0
      vertex 126.626 25.6263 8
      vertex 126.626 25.6263 0
    endloop
  endfacet
  facet normal -0.792933 -0.609308 0
    outer loop
      vertex 126.626 25.6263 8
      vertex 126.992 25.15 0
      vertex 126.992 25.15 8
    endloop
  endfacet
  facet normal 0.609131 0.79307 -0
    outer loop
      vertex 123.85 22.0081 0
      vertex 123.374 22.3737 8
      vertex 123.85 22.0081 8
    endloop
  endfacet
  facet normal 0.609131 0.79307 0
    outer loop
      vertex 123.374 22.3737 8
      vertex 123.85 22.0081 0
      vertex 123.374 22.3737 0
    endloop
  endfacet
  facet normal -0.130636 0.99143 0
    outer loop
      vertex 125.595 21.7784 0
      vertex 125 21.7 8
      vertex 125.595 21.7784 8
    endloop
  endfacet
  facet normal -0.130636 0.99143 0
    outer loop
      vertex 125 21.7 8
      vertex 125.595 21.7784 0
      vertex 125 21.7 0
    endloop
  endfacet
endsolid OpenSCAD_Model
