solid OpenSCAD_Model
  facet normal 0.130491 0.99145 -0
    outer loop
      vertex 55.7765 21.8978 0
      vertex 55 22 28
      vertex 55.7765 21.8978 28
    endloop
  endfacet
  facet normal 0.130491 0.99145 0
    outer loop
      vertex 55 22 28
      vertex 55.7765 21.8978 0
      vertex 55 22 0
    endloop
  endfacet
  facet normal -0.991446 0.130518 0
    outer loop
      vertex 0 19 0
      vertex 0.102222 19.7765 28
      vertex 0.102222 19.7765 0
    endloop
  endfacet
  facet normal -0.991446 0.130518 0
    outer loop
      vertex 0.102222 19.7765 28
      vertex 0 19 0
      vertex 0 19 28
    endloop
  endfacet
  facet normal -0.130497 0.991449 0
    outer loop
      vertex 3 22 0
      vertex 2.22354 21.8978 28
      vertex 3 22 28
    endloop
  endfacet
  facet normal -0.130497 0.991449 0
    outer loop
      vertex 2.22354 21.8978 28
      vertex 3 22 0
      vertex 2.22354 21.8978 0
    endloop
  endfacet
  facet normal -1 0 0
    outer loop
      vertex 0 3 0
      vertex 0 19 28
      vertex 0 19 0
    endloop
  endfacet
  facet normal -1 -0 0
    outer loop
      vertex 0 19 28
      vertex 0 3 0
      vertex 0 3 28
    endloop
  endfacet
  facet normal -0.923879 -0.382684 0
    outer loop
      vertex 0.401923 1.5 0
      vertex 0.102222 2.22354 28
      vertex 0.102222 2.22354 0
    endloop
  endfacet
  facet normal -0.923879 -0.382684 0
    outer loop
      vertex 0.102222 2.22354 28
      vertex 0.401923 1.5 0
      vertex 0.401923 1.5 28
    endloop
  endfacet
  facet normal 0 0 1
    outer loop
      vertex 55 22 28
      vertex 58 19 28
      vertex 57.8978 19.7765 28
    endloop
  endfacet
  facet normal 0 0 1
    outer loop
      vertex 58 19 28
      vertex 55 22 28
      vertex 58 3 28
    endloop
  endfacet
  facet normal 0 0 1
    outer loop
      vertex 55 22 28
      vertex 57.8978 19.7765 28
      vertex 57.5981 20.5 28
    endloop
  endfacet
  facet normal 0 0 1
    outer loop
      vertex 55 0 28
      vertex 58 3 28
      vertex 55 22 28
    endloop
  endfacet
  facet normal 0 0 1
    outer loop
      vertex 55 22 28
      vertex 57.5981 20.5 28
      vertex 57.1213 21.1213 28
    endloop
  endfacet
  facet normal 0 0 1
    outer loop
      vertex 58 3 28
      vertex 55 0 28
      vertex 57.8978 2.22354 28
    endloop
  endfacet
  facet normal 0 0 1
    outer loop
      vertex 55 22 28
      vertex 57.1213 21.1213 28
      vertex 56.5 21.5981 28
    endloop
  endfacet
  facet normal 0 0 1
    outer loop
      vertex 57.8978 2.22354 28
      vertex 55 0 28
      vertex 57.5981 1.5 28
    endloop
  endfacet
  facet normal 0 0 1
    outer loop
      vertex 55 22 28
      vertex 56.5 21.5981 28
      vertex 55.7765 21.8978 28
    endloop
  endfacet
  facet normal 0 0 1
    outer loop
      vertex 57.5981 1.5 28
      vertex 55 0 28
      vertex 57.1213 0.878679 28
    endloop
  endfacet
  facet normal 0 0 1
    outer loop
      vertex 57.1213 0.878679 28
      vertex 55 0 28
      vertex 56.5 0.401923 28
    endloop
  endfacet
  facet normal 0 0 1
    outer loop
      vertex 56.5 0.401923 28
      vertex 55 0 28
      vertex 55.7765 0.102222 28
    endloop
  endfacet
  facet normal -0 0 1
    outer loop
      vertex 3 22 28
      vertex 55 0 28
      vertex 55 22 28
    endloop
  endfacet
  facet normal 0 0 1
    outer loop
      vertex 3 22 28
      vertex 3 0 28
      vertex 55 0 28
    endloop
  endfacet
  facet normal 0 0 1
    outer loop
      vertex 0 19 28
      vertex 3 22 28
      vertex 2.22354 21.8978 28
    endloop
  endfacet
  facet normal 0 0 1
    outer loop
      vertex 3 22 28
      vertex 0 19 28
      vertex 3 0 28
    endloop
  endfacet
  facet normal 0 0 1
    outer loop
      vertex 0 19 28
      vertex 2.22354 21.8978 28
      vertex 1.5 21.5981 28
    endloop
  endfacet
  facet normal -0 0 1
    outer loop
      vertex 0 3 28
      vertex 3 0 28
      vertex 0 19 28
    endloop
  endfacet
  facet normal 0 0 1
    outer loop
      vertex 0 19 28
      vertex 1.5 21.5981 28
      vertex 0.878679 21.1213 28
    endloop
  endfacet
  facet normal 0 0 1
    outer loop
      vertex 3 0 28
      vertex 0 3 28
      vertex 2.22354 0.102222 28
    endloop
  endfacet
  facet normal 0 0 1
    outer loop
      vertex 0 19 28
      vertex 0.878679 21.1213 28
      vertex 0.401923 20.5 28
    endloop
  endfacet
  facet normal 0 0 1
    outer loop
      vertex 2.22354 0.102222 28
      vertex 0 3 28
      vertex 1.5 0.401923 28
    endloop
  endfacet
  facet normal 0 0 1
    outer loop
      vertex 0 19 28
      vertex 0.401923 20.5 28
      vertex 0.102222 19.7765 28
    endloop
  endfacet
  facet normal 0 0 1
    outer loop
      vertex 1.5 0.401923 28
      vertex 0 3 28
      vertex 0.878679 0.878679 28
    endloop
  endfacet
  facet normal 0 0 1
    outer loop
      vertex 0.878679 0.878679 28
      vertex 0 3 28
      vertex 0.401923 1.5 28
    endloop
  endfacet
  facet normal 0 0 1
    outer loop
      vertex 0.401923 1.5 28
      vertex 0 3 28
      vertex 0.102222 2.22354 28
    endloop
  endfacet
  facet normal -0.382683 0.92388 0
    outer loop
      vertex 2.22354 21.8978 0
      vertex 1.5 21.5981 28
      vertex 2.22354 21.8978 28
    endloop
  endfacet
  facet normal -0.382683 0.92388 0
    outer loop
      vertex 1.5 21.5981 28
      vertex 2.22354 21.8978 0
      vertex 1.5 21.5981 0
    endloop
  endfacet
  facet normal 0.92388 -0.382683 0
    outer loop
      vertex 57.5981 1.5 28
      vertex 57.8978 2.22354 0
      vertex 57.8978 2.22354 28
    endloop
  endfacet
  facet normal 0.92388 -0.382683 0
    outer loop
      vertex 57.8978 2.22354 0
      vertex 57.5981 1.5 28
      vertex 57.5981 1.5 0
    endloop
  endfacet
  facet normal 0.382701 0.923872 -0
    outer loop
      vertex 56.5 21.5981 0
      vertex 55.7765 21.8978 28
      vertex 56.5 21.5981 28
    endloop
  endfacet
  facet normal 0.382701 0.923872 0
    outer loop
      vertex 55.7765 21.8978 28
      vertex 56.5 21.5981 0
      vertex 55.7765 21.8978 0
    endloop
  endfacet
  facet normal 0 1 0
    outer loop
      vertex 55 22 28
      vertex 29.5618 22 25.4362
      vertex 3 22 28
    endloop
  endfacet
  facet normal 0 1 0
    outer loop
      vertex 55 22 28
      vertex 30.6801 22 25.3261
      vertex 29.5618 22 25.4362
    endloop
  endfacet
  facet normal 0 1 0
    outer loop
      vertex 55 22 28
      vertex 31.7821 22 25.1069
      vertex 30.6801 22 25.3261
    endloop
  endfacet
  facet normal 0 1 0
    outer loop
      vertex 55 22 28
      vertex 32.8574 22 24.7807
      vertex 31.7821 22 25.1069
    endloop
  endfacet
  facet normal 0 1 0
    outer loop
      vertex 55 22 28
      vertex 33.8955 22 24.3507
      vertex 32.8574 22 24.7807
    endloop
  endfacet
  facet normal 0 1 0
    outer loop
      vertex 55 22 28
      vertex 34.8865 22 23.821
      vertex 33.8955 22 24.3507
    endloop
  endfacet
  facet normal 0 1 0
    outer loop
      vertex 55 22 28
      vertex 35.8208 22 23.1967
      vertex 34.8865 22 23.821
    endloop
  endfacet
  facet normal 0 1 0
    outer loop
      vertex 55 22 28
      vertex 36.6894 22 22.4839
      vertex 35.8208 22 23.1967
    endloop
  endfacet
  facet normal 0 1 0
    outer loop
      vertex 55 22 28
      vertex 37.4839 22 21.6894
      vertex 36.6894 22 22.4839
    endloop
  endfacet
  facet normal 0 1 0
    outer loop
      vertex 55 22 28
      vertex 38.1967 22 20.8208
      vertex 37.4839 22 21.6894
    endloop
  endfacet
  facet normal 0 1 0
    outer loop
      vertex 55 22 28
      vertex 38.821 22 19.8865
      vertex 38.1967 22 20.8208
    endloop
  endfacet
  facet normal 0 1 0
    outer loop
      vertex 55 22 28
      vertex 39.3507 22 18.8955
      vertex 38.821 22 19.8865
    endloop
  endfacet
  facet normal 0 1 0
    outer loop
      vertex 55 22 28
      vertex 39.7807 22 17.8574
      vertex 39.3507 22 18.8955
    endloop
  endfacet
  facet normal 0 1 0
    outer loop
      vertex 55 22 28
      vertex 40.1069 22 16.7821
      vertex 39.7807 22 17.8574
    endloop
  endfacet
  facet normal 0 1 0
    outer loop
      vertex 55 22 28
      vertex 40.3261 22 15.6801
      vertex 40.1069 22 16.7821
    endloop
  endfacet
  facet normal 0 1 0
    outer loop
      vertex 55 22 28
      vertex 40.4362 22 14.5618
      vertex 40.3261 22 15.6801
    endloop
  endfacet
  facet normal 0 1 0
    outer loop
      vertex 55 22 28
      vertex 40.4362 22 13.4382
      vertex 40.4362 22 14.5618
    endloop
  endfacet
  facet normal 0 1 -0
    outer loop
      vertex 55 22 0
      vertex 40.4362 22 13.4382
      vertex 55 22 28
    endloop
  endfacet
  facet normal 0 1 0
    outer loop
      vertex 40.4362 22 13.4382
      vertex 55 22 0
      vertex 40.3261 22 12.3199
    endloop
  endfacet
  facet normal 0 1 0
    outer loop
      vertex 40.3261 22 12.3199
      vertex 55 22 0
      vertex 40.1069 22 11.2179
    endloop
  endfacet
  facet normal 0 1 0
    outer loop
      vertex 40.1069 22 11.2179
      vertex 55 22 0
      vertex 39.7807 22 10.1426
    endloop
  endfacet
  facet normal 0 1 0
    outer loop
      vertex 39.7807 22 10.1426
      vertex 55 22 0
      vertex 39.3507 22 9.10449
    endloop
  endfacet
  facet normal 0 1 0
    outer loop
      vertex 39.3507 22 9.10449
      vertex 55 22 0
      vertex 38.821 22 8.11352
    endloop
  endfacet
  facet normal 0 1 0
    outer loop
      vertex 29.5618 22 2.56379
      vertex 55 22 0
      vertex 28.4382 22 2.56379
    endloop
  endfacet
  facet normal 0 1 0
    outer loop
      vertex 30.6801 22 2.67393
      vertex 55 22 0
      vertex 29.5618 22 2.56379
    endloop
  endfacet
  facet normal 0 1 0
    outer loop
      vertex 31.7821 22 2.89314
      vertex 55 22 0
      vertex 30.6801 22 2.67393
    endloop
  endfacet
  facet normal 0 1 0
    outer loop
      vertex 32.8574 22 3.21932
      vertex 55 22 0
      vertex 31.7821 22 2.89314
    endloop
  endfacet
  facet normal 0 1 0
    outer loop
      vertex 33.8955 22 3.64932
      vertex 55 22 0
      vertex 32.8574 22 3.21932
    endloop
  endfacet
  facet normal 0 1 0
    outer loop
      vertex 34.8865 22 4.17901
      vertex 55 22 0
      vertex 33.8955 22 3.64932
    endloop
  endfacet
  facet normal 0 1 0
    outer loop
      vertex 35.8208 22 4.80327
      vertex 55 22 0
      vertex 34.8865 22 4.17901
    endloop
  endfacet
  facet normal 0 1 0
    outer loop
      vertex 36.6894 22 5.51611
      vertex 55 22 0
      vertex 35.8208 22 4.80327
    endloop
  endfacet
  facet normal 0 1 0
    outer loop
      vertex 37.4839 22 6.31065
      vertex 55 22 0
      vertex 36.6894 22 5.51611
    endloop
  endfacet
  facet normal 0 1 0
    outer loop
      vertex 38.1967 22 7.17924
      vertex 55 22 0
      vertex 37.4839 22 6.31065
    endloop
  endfacet
  facet normal 0 1 0
    outer loop
      vertex 38.821 22 8.11352
      vertex 55 22 0
      vertex 38.1967 22 7.17924
    endloop
  endfacet
  facet normal 0 1 -0
    outer loop
      vertex 28.4382 22 25.4362
      vertex 3 22 28
      vertex 29.5618 22 25.4362
    endloop
  endfacet
  facet normal 0 1 -0
    outer loop
      vertex 27.3199 22 25.3261
      vertex 3 22 28
      vertex 28.4382 22 25.4362
    endloop
  endfacet
  facet normal 0 1 -0
    outer loop
      vertex 26.2179 22 25.1069
      vertex 3 22 28
      vertex 27.3199 22 25.3261
    endloop
  endfacet
  facet normal 0 1 -0
    outer loop
      vertex 25.1426 22 24.7807
      vertex 3 22 28
      vertex 26.2179 22 25.1069
    endloop
  endfacet
  facet normal 0 1 -0
    outer loop
      vertex 24.1045 22 24.3507
      vertex 3 22 28
      vertex 25.1426 22 24.7807
    endloop
  endfacet
  facet normal 0 1 -0
    outer loop
      vertex 23.1135 22 23.821
      vertex 3 22 28
      vertex 24.1045 22 24.3507
    endloop
  endfacet
  facet normal 0 1 -0
    outer loop
      vertex 22.1792 22 23.1967
      vertex 3 22 28
      vertex 23.1135 22 23.821
    endloop
  endfacet
  facet normal 0 1 -0
    outer loop
      vertex 21.3106 22 22.4839
      vertex 3 22 28
      vertex 22.1792 22 23.1967
    endloop
  endfacet
  facet normal 0 1 -0
    outer loop
      vertex 20.5161 22 21.6894
      vertex 3 22 28
      vertex 21.3106 22 22.4839
    endloop
  endfacet
  facet normal 0 1 -0
    outer loop
      vertex 19.8033 22 20.8208
      vertex 3 22 28
      vertex 20.5161 22 21.6894
    endloop
  endfacet
  facet normal 0 1 -0
    outer loop
      vertex 19.179 22 19.8865
      vertex 3 22 28
      vertex 19.8033 22 20.8208
    endloop
  endfacet
  facet normal 0 1 -0
    outer loop
      vertex 18.6493 22 18.8955
      vertex 3 22 28
      vertex 19.179 22 19.8865
    endloop
  endfacet
  facet normal 0 1 -0
    outer loop
      vertex 18.2193 22 17.8574
      vertex 3 22 28
      vertex 18.6493 22 18.8955
    endloop
  endfacet
  facet normal 0 1 -0
    outer loop
      vertex 17.8931 22 16.7821
      vertex 3 22 28
      vertex 18.2193 22 17.8574
    endloop
  endfacet
  facet normal 0 1 -0
    outer loop
      vertex 17.6739 22 15.6801
      vertex 3 22 28
      vertex 17.8931 22 16.7821
    endloop
  endfacet
  facet normal 0 1 -0
    outer loop
      vertex 17.5638 22 14.5618
      vertex 3 22 28
      vertex 17.6739 22 15.6801
    endloop
  endfacet
  facet normal 0 1 -0
    outer loop
      vertex 17.5638 22 13.4382
      vertex 3 22 28
      vertex 17.5638 22 14.5618
    endloop
  endfacet
  facet normal 0 1 0
    outer loop
      vertex 3 22 0
      vertex 17.5638 22 13.4382
      vertex 17.6739 22 12.3199
    endloop
  endfacet
  facet normal 0 1 0
    outer loop
      vertex 3 22 0
      vertex 17.6739 22 12.3199
      vertex 17.8931 22 11.2179
    endloop
  endfacet
  facet normal 0 1 0
    outer loop
      vertex 3 22 0
      vertex 17.8931 22 11.2179
      vertex 18.2193 22 10.1426
    endloop
  endfacet
  facet normal 0 1 0
    outer loop
      vertex 3 22 0
      vertex 18.2193 22 10.1426
      vertex 18.6493 22 9.10449
    endloop
  endfacet
  facet normal 0 1 0
    outer loop
      vertex 3 22 0
      vertex 18.6493 22 9.10449
      vertex 19.179 22 8.11352
    endloop
  endfacet
  facet normal 0 1 0
    outer loop
      vertex 3 22 0
      vertex 19.179 22 8.11352
      vertex 19.8033 22 7.17924
    endloop
  endfacet
  facet normal 0 1 0
    outer loop
      vertex 17.5638 22 13.4382
      vertex 3 22 0
      vertex 3 22 28
    endloop
  endfacet
  facet normal 0 1 0
    outer loop
      vertex 20.5161 22 6.31065
      vertex 3 22 0
      vertex 19.8033 22 7.17924
    endloop
  endfacet
  facet normal 0 1 0
    outer loop
      vertex 21.3106 22 5.51611
      vertex 3 22 0
      vertex 20.5161 22 6.31065
    endloop
  endfacet
  facet normal 0 1 0
    outer loop
      vertex 22.1792 22 4.80327
      vertex 3 22 0
      vertex 21.3106 22 5.51611
    endloop
  endfacet
  facet normal 0 1 0
    outer loop
      vertex 23.1135 22 4.17901
      vertex 3 22 0
      vertex 22.1792 22 4.80327
    endloop
  endfacet
  facet normal 0 1 0
    outer loop
      vertex 24.1045 22 3.64932
      vertex 3 22 0
      vertex 23.1135 22 4.17901
    endloop
  endfacet
  facet normal 0 1 0
    outer loop
      vertex 25.1426 22 3.21932
      vertex 3 22 0
      vertex 24.1045 22 3.64932
    endloop
  endfacet
  facet normal 0 1 0
    outer loop
      vertex 26.2179 22 2.89314
      vertex 3 22 0
      vertex 25.1426 22 3.21932
    endloop
  endfacet
  facet normal 0 1 0
    outer loop
      vertex 27.3199 22 2.67393
      vertex 3 22 0
      vertex 26.2179 22 2.89314
    endloop
  endfacet
  facet normal 0 1 0
    outer loop
      vertex 28.4382 22 2.56379
      vertex 3 22 0
      vertex 27.3199 22 2.67393
    endloop
  endfacet
  facet normal 0 1 0
    outer loop
      vertex 3 22 0
      vertex 28.4382 22 2.56379
      vertex 55 22 0
    endloop
  endfacet
  facet normal -0.793354 -0.608761 0
    outer loop
      vertex 0.878679 0.878679 0
      vertex 0.401923 1.5 28
      vertex 0.401923 1.5 0
    endloop
  endfacet
  facet normal -0.793354 -0.608761 0
    outer loop
      vertex 0.401923 1.5 28
      vertex 0.878679 0.878679 0
      vertex 0.878679 0.878679 28
    endloop
  endfacet
  facet normal -0.608796 0.793326 0
    outer loop
      vertex 1.5 21.5981 0
      vertex 0.878679 21.1213 28
      vertex 1.5 21.5981 28
    endloop
  endfacet
  facet normal -0.608796 0.793326 0
    outer loop
      vertex 0.878679 21.1213 28
      vertex 1.5 21.5981 0
      vertex 0.878679 21.1213 0
    endloop
  endfacet
  facet normal 0 -1 0
    outer loop
      vertex 40.732 0 21
      vertex 45.56 0 15.6421
      vertex 46 0 15.7
    endloop
  endfacet
  facet normal 0 -1 0
    outer loop
      vertex 40.732 0 21
      vertex 45.15 0 15.4722
      vertex 45.56 0 15.6421
    endloop
  endfacet
  facet normal 0 -1 0
    outer loop
      vertex 40.732 0 21
      vertex 44.7979 0 15.2021
      vertex 45.15 0 15.4722
    endloop
  endfacet
  facet normal 0 -1 0
    outer loop
      vertex 40.732 0 21
      vertex 44.5278 0 14.85
      vertex 44.7979 0 15.2021
    endloop
  endfacet
  facet normal 0 -1 0
    outer loop
      vertex 40.732 0 21
      vertex 44.3579 0 14.44
      vertex 44.5278 0 14.85
    endloop
  endfacet
  facet normal 0 -1 0
    outer loop
      vertex 40.732 0 21
      vertex 44.3 0 14
      vertex 44.3579 0 14.44
    endloop
  endfacet
  facet normal 0 -1 0
    outer loop
      vertex 40.732 0 7
      vertex 44.3 0 14
      vertex 40.732 0 21
    endloop
  endfacet
  facet normal 0 -1 -0
    outer loop
      vertex 44.3 0 14
      vertex 40.732 0 7
      vertex 44.3579 0 13.56
    endloop
  endfacet
  facet normal 0 -1 -0
    outer loop
      vertex 45.56 0 12.3579
      vertex 40.732 0 7
      vertex 46 0 12.3
    endloop
  endfacet
  facet normal 0 -1 -0
    outer loop
      vertex 45.15 0 12.5278
      vertex 40.732 0 7
      vertex 45.56 0 12.3579
    endloop
  endfacet
  facet normal 0 -1 -0
    outer loop
      vertex 44.7979 0 12.7979
      vertex 40.732 0 7
      vertex 45.15 0 12.5278
    endloop
  endfacet
  facet normal 0 -1 -0
    outer loop
      vertex 44.5278 0 13.15
      vertex 40.732 0 7
      vertex 44.7979 0 12.7979
    endloop
  endfacet
  facet normal 0 -1 -0
    outer loop
      vertex 44.3579 0 13.56
      vertex 40.732 0 7
      vertex 44.5278 0 13.15
    endloop
  endfacet
  facet normal 0 -1 0
    outer loop
      vertex 3 0 28
      vertex 17.2679 0 21
      vertex 55 0 28
    endloop
  endfacet
  facet normal 0 -1 0
    outer loop
      vertex 11.56 0 15.6421
      vertex 17.2679 0 21
      vertex 3 0 28
    endloop
  endfacet
  facet normal 0 -1 0
    outer loop
      vertex 17.2679 0 21
      vertex 11.56 0 15.6421
      vertex 12 0 15.7
    endloop
  endfacet
  facet normal 0 -1 0
    outer loop
      vertex 3 0 28
      vertex 11.15 0 15.4722
      vertex 11.56 0 15.6421
    endloop
  endfacet
  facet normal 0 -1 0
    outer loop
      vertex 3 0 28
      vertex 10.7979 0 15.2021
      vertex 11.15 0 15.4722
    endloop
  endfacet
  facet normal 0 -1 0
    outer loop
      vertex 3 0 28
      vertex 10.5278 0 14.85
      vertex 10.7979 0 15.2021
    endloop
  endfacet
  facet normal 0 -1 0
    outer loop
      vertex 3 0 28
      vertex 10.3579 0 14.44
      vertex 10.5278 0 14.85
    endloop
  endfacet
  facet normal 0 -1 0
    outer loop
      vertex 3 0 28
      vertex 10.3 0 14
      vertex 10.3579 0 14.44
    endloop
  endfacet
  facet normal 0 -1 0
    outer loop
      vertex 3 0 0
      vertex 10.3 0 14
      vertex 3 0 28
    endloop
  endfacet
  facet normal 0 -1 -0
    outer loop
      vertex 10.3 0 14
      vertex 3 0 0
      vertex 10.3579 0 13.56
    endloop
  endfacet
  facet normal 0 -1 0
    outer loop
      vertex 11.56 0 12.3579
      vertex 17.2679 0 7
      vertex 12 0 12.3
    endloop
  endfacet
  facet normal 0 -1 0
    outer loop
      vertex 3 0 0
      vertex 11.56 0 12.3579
      vertex 11.15 0 12.5278
    endloop
  endfacet
  facet normal 0 -1 0
    outer loop
      vertex 3 0 0
      vertex 11.15 0 12.5278
      vertex 10.7979 0 12.7979
    endloop
  endfacet
  facet normal 0 -1 -0
    outer loop
      vertex 17.2679 0 7
      vertex 3 0 0
      vertex 40.732 0 7
    endloop
  endfacet
  facet normal 0 -1 -0
    outer loop
      vertex 11.56 0 12.3579
      vertex 3 0 0
      vertex 17.2679 0 7
    endloop
  endfacet
  facet normal 0 -1 -0
    outer loop
      vertex 10.5278 0 13.15
      vertex 3 0 0
      vertex 10.7979 0 12.7979
    endloop
  endfacet
  facet normal 0 -1 -0
    outer loop
      vertex 10.3579 0 13.56
      vertex 3 0 0
      vertex 10.5278 0 13.15
    endloop
  endfacet
  facet normal 0 -1 0
    outer loop
      vertex 40.732 0 21
      vertex 55 0 28
      vertex 17.2679 0 21
    endloop
  endfacet
  facet normal 0 -1 0
    outer loop
      vertex 46.44 0 15.6421
      vertex 40.732 0 21
      vertex 46 0 15.7
    endloop
  endfacet
  facet normal 0 -1 0
    outer loop
      vertex 40.732 0 21
      vertex 46.44 0 15.6421
      vertex 55 0 28
    endloop
  endfacet
  facet normal 0 -1 0
    outer loop
      vertex 46.85 0 15.4722
      vertex 55 0 28
      vertex 46.44 0 15.6421
    endloop
  endfacet
  facet normal 0 -1 0
    outer loop
      vertex 47.2021 0 15.2021
      vertex 55 0 28
      vertex 46.85 0 15.4722
    endloop
  endfacet
  facet normal 0 -1 0
    outer loop
      vertex 47.4722 0 14.85
      vertex 55 0 28
      vertex 47.2021 0 15.2021
    endloop
  endfacet
  facet normal 0 -1 0
    outer loop
      vertex 47.6421 0 14.44
      vertex 55 0 28
      vertex 47.4722 0 14.85
    endloop
  endfacet
  facet normal 0 -1 0
    outer loop
      vertex 47.7 0 14
      vertex 55 0 28
      vertex 47.6421 0 14.44
    endloop
  endfacet
  facet normal 0 -1 0
    outer loop
      vertex 55 0 0
      vertex 47.7 0 14
      vertex 47.6421 0 13.56
    endloop
  endfacet
  facet normal 0 -1 0
    outer loop
      vertex 55 0 0
      vertex 47.6421 0 13.56
      vertex 47.4722 0 13.15
    endloop
  endfacet
  facet normal 0 -1 0
    outer loop
      vertex 40.732 0 7
      vertex 46.44 0 12.3579
      vertex 46 0 12.3
    endloop
  endfacet
  facet normal 0 -1 0
    outer loop
      vertex 55 0 0
      vertex 46.44 0 12.3579
      vertex 40.732 0 7
    endloop
  endfacet
  facet normal 0 -1 0
    outer loop
      vertex 46.44 0 12.3579
      vertex 55 0 0
      vertex 46.85 0 12.5278
    endloop
  endfacet
  facet normal 0 -1 0
    outer loop
      vertex 47.7 0 14
      vertex 55 0 0
      vertex 55 0 28
    endloop
  endfacet
  facet normal 0 -1 0
    outer loop
      vertex 47.2021 0 12.7979
      vertex 55 0 0
      vertex 47.4722 0 13.15
    endloop
  endfacet
  facet normal 0 -1 0
    outer loop
      vertex 46.85 0 12.5278
      vertex 55 0 0
      vertex 47.2021 0 12.7979
    endloop
  endfacet
  facet normal 0 -1 0
    outer loop
      vertex 55 0 0
      vertex 40.732 0 7
      vertex 3 0 0
    endloop
  endfacet
  facet normal 0 -1 0
    outer loop
      vertex 12.44 0 15.6421
      vertex 17.2679 0 21
      vertex 12 0 15.7
    endloop
  endfacet
  facet normal 0 -1 0
    outer loop
      vertex 12.85 0 15.4722
      vertex 17.2679 0 21
      vertex 12.44 0 15.6421
    endloop
  endfacet
  facet normal 0 -1 0
    outer loop
      vertex 13.2021 0 15.2021
      vertex 17.2679 0 21
      vertex 12.85 0 15.4722
    endloop
  endfacet
  facet normal 0 -1 0
    outer loop
      vertex 13.4722 0 14.85
      vertex 17.2679 0 21
      vertex 13.2021 0 15.2021
    endloop
  endfacet
  facet normal 0 -1 0
    outer loop
      vertex 13.6421 0 14.44
      vertex 17.2679 0 21
      vertex 13.4722 0 14.85
    endloop
  endfacet
  facet normal 0 -1 0
    outer loop
      vertex 13.7 0 14
      vertex 17.2679 0 21
      vertex 13.6421 0 14.44
    endloop
  endfacet
  facet normal 0 -1 0
    outer loop
      vertex 17.2679 0 7
      vertex 13.7 0 14
      vertex 13.6421 0 13.56
    endloop
  endfacet
  facet normal 0 -1 0
    outer loop
      vertex 17.2679 0 7
      vertex 13.6421 0 13.56
      vertex 13.4722 0 13.15
    endloop
  endfacet
  facet normal 0 -1 0
    outer loop
      vertex 13.7 0 14
      vertex 17.2679 0 7
      vertex 17.2679 0 21
    endloop
  endfacet
  facet normal 0 -1 0
    outer loop
      vertex 13.2021 0 12.7979
      vertex 17.2679 0 7
      vertex 13.4722 0 13.15
    endloop
  endfacet
  facet normal 0 -1 0
    outer loop
      vertex 12.85 0 12.5278
      vertex 17.2679 0 7
      vertex 13.2021 0 12.7979
    endloop
  endfacet
  facet normal 0 -1 0
    outer loop
      vertex 12.44 0 12.3579
      vertex 17.2679 0 7
      vertex 12.85 0 12.5278
    endloop
  endfacet
  facet normal 0 -1 0
    outer loop
      vertex 17.2679 0 7
      vertex 12.44 0 12.3579
      vertex 12 0 12.3
    endloop
  endfacet
  facet normal 0.382702 -0.923872 0
    outer loop
      vertex 55.7765 0.102222 0
      vertex 56.5 0.401923 28
      vertex 55.7765 0.102222 28
    endloop
  endfacet
  facet normal 0.382702 -0.923872 0
    outer loop
      vertex 56.5 0.401923 28
      vertex 55.7765 0.102222 0
      vertex 56.5 0.401923 0
    endloop
  endfacet
  facet normal 0.991449 -0.130497 0
    outer loop
      vertex 57.8978 2.22354 28
      vertex 58 3 0
      vertex 58 3 28
    endloop
  endfacet
  facet normal 0.991449 -0.130497 0
    outer loop
      vertex 58 3 0
      vertex 57.8978 2.22354 28
      vertex 57.8978 2.22354 0
    endloop
  endfacet
  facet normal 0.130518 -0.991446 0
    outer loop
      vertex 55 0 0
      vertex 55.7765 0.102222 28
      vertex 55 0 28
    endloop
  endfacet
  facet normal 0.130518 -0.991446 0
    outer loop
      vertex 55.7765 0.102222 28
      vertex 55 0 0
      vertex 55.7765 0.102222 0
    endloop
  endfacet
  facet normal 1 -0 0
    outer loop
      vertex 58 3 28
      vertex 58 19 0
      vertex 58 19 28
    endloop
  endfacet
  facet normal 1 0 0
    outer loop
      vertex 58 19 0
      vertex 58 3 28
      vertex 58 3 0
    endloop
  endfacet
  facet normal 0.793326 -0.608796 0
    outer loop
      vertex 57.1213 0.878679 28
      vertex 57.5981 1.5 0
      vertex 57.5981 1.5 28
    endloop
  endfacet
  facet normal 0.793326 -0.608796 0
    outer loop
      vertex 57.5981 1.5 0
      vertex 57.1213 0.878679 28
      vertex 57.1213 0.878679 0
    endloop
  endfacet
  facet normal 0.793316 0.608809 0
    outer loop
      vertex 57.5981 20.5 28
      vertex 57.1213 21.1213 0
      vertex 57.1213 21.1213 28
    endloop
  endfacet
  facet normal 0.793316 0.608809 0
    outer loop
      vertex 57.1213 21.1213 0
      vertex 57.5981 20.5 28
      vertex 57.5981 20.5 0
    endloop
  endfacet
  facet normal -0.923872 0.382702 0
    outer loop
      vertex 0.102222 19.7765 0
      vertex 0.401923 20.5 28
      vertex 0.401923 20.5 0
    endloop
  endfacet
  facet normal -0.923872 0.382702 0
    outer loop
      vertex 0.401923 20.5 28
      vertex 0.102222 19.7765 0
      vertex 0.102222 19.7765 28
    endloop
  endfacet
  facet normal -0.130525 -0.991445 0
    outer loop
      vertex 2.22354 0.102222 0
      vertex 3 0 28
      vertex 2.22354 0.102222 28
    endloop
  endfacet
  facet normal -0.130525 -0.991445 -0
    outer loop
      vertex 3 0 28
      vertex 2.22354 0.102222 0
      vertex 3 0 0
    endloop
  endfacet
  facet normal 0.923872 0.382701 0
    outer loop
      vertex 57.8978 19.7765 28
      vertex 57.5981 20.5 0
      vertex 57.5981 20.5 28
    endloop
  endfacet
  facet normal 0.923872 0.382701 0
    outer loop
      vertex 57.5981 20.5 0
      vertex 57.8978 19.7765 28
      vertex 57.8978 19.7765 0
    endloop
  endfacet
  facet normal 0.608809 0.793316 -0
    outer loop
      vertex 57.1213 21.1213 0
      vertex 56.5 21.5981 28
      vertex 57.1213 21.1213 28
    endloop
  endfacet
  facet normal 0.608809 0.793316 0
    outer loop
      vertex 56.5 21.5981 28
      vertex 57.1213 21.1213 0
      vertex 56.5 21.5981 0
    endloop
  endfacet
  facet normal 0.608774 -0.793344 0
    outer loop
      vertex 56.5 0.401923 0
      vertex 57.1213 0.878679 28
      vertex 56.5 0.401923 28
    endloop
  endfacet
  facet normal 0.608774 -0.793344 0
    outer loop
      vertex 57.1213 0.878679 28
      vertex 56.5 0.401923 0
      vertex 57.1213 0.878679 0
    endloop
  endfacet
  facet normal -0.991445 -0.130525 0
    outer loop
      vertex 0.102222 2.22354 0
      vertex 0 3 28
      vertex 0 3 0
    endloop
  endfacet
  facet normal -0.991445 -0.130525 0
    outer loop
      vertex 0 3 28
      vertex 0.102222 2.22354 0
      vertex 0.102222 2.22354 28
    endloop
  endfacet
  facet normal -0.793344 0.608774 0
    outer loop
      vertex 0.401923 20.5 0
      vertex 0.878679 21.1213 28
      vertex 0.878679 21.1213 0
    endloop
  endfacet
  facet normal -0.793344 0.608774 0
    outer loop
      vertex 0.878679 21.1213 28
      vertex 0.401923 20.5 0
      vertex 0.401923 20.5 28
    endloop
  endfacet
  facet normal -0.608761 -0.793354 0
    outer loop
      vertex 0.878679 0.878679 0
      vertex 1.5 0.401923 28
      vertex 0.878679 0.878679 28
    endloop
  endfacet
  facet normal -0.608761 -0.793354 -0
    outer loop
      vertex 1.5 0.401923 28
      vertex 0.878679 0.878679 0
      vertex 1.5 0.401923 0
    endloop
  endfacet
  facet normal -0.382684 -0.923879 0
    outer loop
      vertex 1.5 0.401923 0
      vertex 2.22354 0.102222 28
      vertex 1.5 0.401923 28
    endloop
  endfacet
  facet normal -0.382684 -0.923879 -0
    outer loop
      vertex 2.22354 0.102222 28
      vertex 1.5 0.401923 0
      vertex 2.22354 0.102222 0
    endloop
  endfacet
  facet normal 0.99145 0.130491 0
    outer loop
      vertex 58 19 28
      vertex 57.8978 19.7765 0
      vertex 57.8978 19.7765 28
    endloop
  endfacet
  facet normal 0.99145 0.130491 0
    outer loop
      vertex 57.8978 19.7765 0
      vertex 58 19 28
      vertex 58 19 0
    endloop
  endfacet
  facet normal 0 0 -1
    outer loop
      vertex 55 0 0
      vertex 58 3 0
      vertex 57.8978 2.22354 0
    endloop
  endfacet
  facet normal -0 0 -1
    outer loop
      vertex 58 3 0
      vertex 55 0 0
      vertex 58 19 0
    endloop
  endfacet
  facet normal 0 0 -1
    outer loop
      vertex 55 0 0
      vertex 57.8978 2.22354 0
      vertex 57.5981 1.5 0
    endloop
  endfacet
  facet normal 0 0 -1
    outer loop
      vertex 55 22 0
      vertex 58 19 0
      vertex 55 0 0
    endloop
  endfacet
  facet normal 0 0 -1
    outer loop
      vertex 55 0 0
      vertex 57.5981 1.5 0
      vertex 57.1213 0.878679 0
    endloop
  endfacet
  facet normal 0 0 -1
    outer loop
      vertex 58 19 0
      vertex 55 22 0
      vertex 57.8978 19.7765 0
    endloop
  endfacet
  facet normal 0 0 -1
    outer loop
      vertex 55 0 0
      vertex 57.1213 0.878679 0
      vertex 56.5 0.401923 0
    endloop
  endfacet
  facet normal 0 0 -1
    outer loop
      vertex 57.8978 19.7765 0
      vertex 55 22 0
      vertex 57.5981 20.5 0
    endloop
  endfacet
  facet normal 0 0 -1
    outer loop
      vertex 55 0 0
      vertex 56.5 0.401923 0
      vertex 55.7765 0.102222 0
    endloop
  endfacet
  facet normal 0 0 -1
    outer loop
      vertex 57.5981 20.5 0
      vertex 55 22 0
      vertex 57.1213 21.1213 0
    endloop
  endfacet
  facet normal 0 0 -1
    outer loop
      vertex 57.1213 21.1213 0
      vertex 55 22 0
      vertex 56.5 21.5981 0
    endloop
  endfacet
  facet normal 0 0 -1
    outer loop
      vertex 56.5 21.5981 0
      vertex 55 22 0
      vertex 55.7765 21.8978 0
    endloop
  endfacet
  facet normal 0 0 -1
    outer loop
      vertex 3 0 0
      vertex 55 22 0
      vertex 55 0 0
    endloop
  endfacet
  facet normal 0 0 -1
    outer loop
      vertex 3 0 0
      vertex 3 22 0
      vertex 55 22 0
    endloop
  endfacet
  facet normal 0 0 -1
    outer loop
      vertex 0 3 0
      vertex 3 0 0
      vertex 2.22354 0.102222 0
    endloop
  endfacet
  facet normal 0 0 -1
    outer loop
      vertex 3 0 0
      vertex 0 3 0
      vertex 3 22 0
    endloop
  endfacet
  facet normal 0 0 -1
    outer loop
      vertex 0 3 0
      vertex 2.22354 0.102222 0
      vertex 1.5 0.401923 0
    endloop
  endfacet
  facet normal 0 0 -1
    outer loop
      vertex 0 19 0
      vertex 3 22 0
      vertex 0 3 0
    endloop
  endfacet
  facet normal 0 0 -1
    outer loop
      vertex 0 3 0
      vertex 1.5 0.401923 0
      vertex 0.878679 0.878679 0
    endloop
  endfacet
  facet normal 0 0 -1
    outer loop
      vertex 3 22 0
      vertex 0 19 0
      vertex 2.22354 21.8978 0
    endloop
  endfacet
  facet normal 0 0 -1
    outer loop
      vertex 0 3 0
      vertex 0.878679 0.878679 0
      vertex 0.401923 1.5 0
    endloop
  endfacet
  facet normal 0 0 -1
    outer loop
      vertex 2.22354 21.8978 0
      vertex 0 19 0
      vertex 1.5 21.5981 0
    endloop
  endfacet
  facet normal 0 0 -1
    outer loop
      vertex 0 3 0
      vertex 0.401923 1.5 0
      vertex 0.102222 2.22354 0
    endloop
  endfacet
  facet normal 0 0 -1
    outer loop
      vertex 1.5 21.5981 0
      vertex 0 19 0
      vertex 0.878679 21.1213 0
    endloop
  endfacet
  facet normal 0 0 -1
    outer loop
      vertex 0.878679 21.1213 0
      vertex 0 19 0
      vertex 0.401923 20.5 0
    endloop
  endfacet
  facet normal 0 0 -1
    outer loop
      vertex 0.401923 20.5 0
      vertex 0 19 0
      vertex 0.102222 19.7765 0
    endloop
  endfacet
  facet normal 0.382656 -0.923891 0
    outer loop
      vertex 39.5176 -6.93185 7
      vertex 40 -6.73205 21
      vertex 39.5176 -6.93185 21
    endloop
  endfacet
  facet normal 0.382656 -0.923891 0
    outer loop
      vertex 40 -6.73205 21
      vertex 39.5176 -6.93185 7
      vertex 40 -6.73205 7
    endloop
  endfacet
  facet normal -0.92388 -0.382683 0
    outer loop
      vertex 17.2679 -6 7
      vertex 17.0681 -5.51764 21
      vertex 17.0681 -5.51764 7
    endloop
  endfacet
  facet normal -0.92388 -0.382683 0
    outer loop
      vertex 17.0681 -5.51764 21
      vertex 17.2679 -6 7
      vertex 17.2679 -6 21
    endloop
  endfacet
  facet normal 0.923812 0.382845 0
    outer loop
      vertex 40.9319 -0.482362 21
      vertex 40.732 0 7
      vertex 40.732 0 21
    endloop
  endfacet
  facet normal 0.923812 0.382845 0
    outer loop
      vertex 40.732 0 7
      vertex 40.9319 -0.482362 21
      vertex 40.9319 -0.482362 7
    endloop
  endfacet
  facet normal 0.130539 -0.991443 0
    outer loop
      vertex 39 -7 7
      vertex 39.5176 -6.93185 21
      vertex 39 -7 21
    endloop
  endfacet
  facet normal 0.130539 -0.991443 0
    outer loop
      vertex 39.5176 -6.93185 21
      vertex 39 -7 7
      vertex 39.5176 -6.93185 7
    endloop
  endfacet
  facet normal 0.793385 -0.60872 0
    outer loop
      vertex 40.4142 -6.41421 21
      vertex 40.732 -6 7
      vertex 40.732 -6 21
    endloop
  endfacet
  facet normal 0.793385 -0.60872 0
    outer loop
      vertex 40.732 -6 7
      vertex 40.4142 -6.41421 21
      vertex 40.4142 -6.41421 7
    endloop
  endfacet
  facet normal 0.991457 0.130435 0
    outer loop
      vertex 41 -1 21
      vertex 40.9319 -0.482362 7
      vertex 40.9319 -0.482362 21
    endloop
  endfacet
  facet normal 0.991457 0.130435 0
    outer loop
      vertex 40.9319 -0.482362 7
      vertex 41 -1 21
      vertex 41 -1 7
    endloop
  endfacet
  facet normal -1 0 0
    outer loop
      vertex 17 -5 7
      vertex 17 -1 21
      vertex 17 -1 7
    endloop
  endfacet
  facet normal -1 -0 0
    outer loop
      vertex 17 -1 21
      vertex 17 -5 7
      vertex 17 -5 21
    endloop
  endfacet
  facet normal -0.130539 -0.991443 0
    outer loop
      vertex 18.4824 -6.93185 7
      vertex 19 -7 21
      vertex 18.4824 -6.93185 21
    endloop
  endfacet
  facet normal -0.130539 -0.991443 -0
    outer loop
      vertex 19 -7 21
      vertex 18.4824 -6.93185 7
      vertex 19 -7 7
    endloop
  endfacet
  facet normal 0 0 1
    outer loop
      vertex 40.732 0 21
      vertex 41 -1 21
      vertex 40.9319 -0.482362 21
    endloop
  endfacet
  facet normal 0 0 1
    outer loop
      vertex 41 -1 21
      vertex 39 -7 21
      vertex 41 -5 21
    endloop
  endfacet
  facet normal 0 0 1
    outer loop
      vertex 41 -1 21
      vertex 40.732 0 21
      vertex 39 -7 21
    endloop
  endfacet
  facet normal 0 0 1
    outer loop
      vertex 41 -5 21
      vertex 39 -7 21
      vertex 40.9319 -5.51764 21
    endloop
  endfacet
  facet normal 0 0 1
    outer loop
      vertex 40.9319 -5.51764 21
      vertex 39 -7 21
      vertex 40.732 -6 21
    endloop
  endfacet
  facet normal 0 0 1
    outer loop
      vertex 40.732 -6 21
      vertex 39 -7 21
      vertex 40.4142 -6.41421 21
    endloop
  endfacet
  facet normal 0 0 1
    outer loop
      vertex 40.4142 -6.41421 21
      vertex 39 -7 21
      vertex 40 -6.73205 21
    endloop
  endfacet
  facet normal 0 0 1
    outer loop
      vertex 40 -6.73205 21
      vertex 39 -7 21
      vertex 39.5176 -6.93185 21
    endloop
  endfacet
  facet normal 0 0 1
    outer loop
      vertex 40.732 0 21
      vertex 19 -7 21
      vertex 39 -7 21
    endloop
  endfacet
  facet normal -0 0 1
    outer loop
      vertex 17.2679 0 21
      vertex 19 -7 21
      vertex 40.732 0 21
    endloop
  endfacet
  facet normal -0 0 1
    outer loop
      vertex 17 -1 21
      vertex 19 -7 21
      vertex 17.2679 0 21
    endloop
  endfacet
  facet normal -0 0 1
    outer loop
      vertex 17 -5 21
      vertex 19 -7 21
      vertex 17 -1 21
    endloop
  endfacet
  facet normal 0 0 1
    outer loop
      vertex 19 -7 21
      vertex 17 -5 21
      vertex 18.4824 -6.93185 21
    endloop
  endfacet
  facet normal 0 0 1
    outer loop
      vertex 18.4824 -6.93185 21
      vertex 17 -5 21
      vertex 18 -6.73205 21
    endloop
  endfacet
  facet normal 0 0 1
    outer loop
      vertex 17 -1 21
      vertex 17.2679 0 21
      vertex 17.0681 -0.482362 21
    endloop
  endfacet
  facet normal 0 0 1
    outer loop
      vertex 18 -6.73205 21
      vertex 17 -5 21
      vertex 17.5858 -6.41421 21
    endloop
  endfacet
  facet normal 0 0 1
    outer loop
      vertex 17.5858 -6.41421 21
      vertex 17 -5 21
      vertex 17.2679 -6 21
    endloop
  endfacet
  facet normal 0 0 1
    outer loop
      vertex 17.2679 -6 21
      vertex 17 -5 21
      vertex 17.0681 -5.51764 21
    endloop
  endfacet
  facet normal -0.991457 -0.130435 0
    outer loop
      vertex 17.0681 -5.51764 7
      vertex 17 -5 21
      vertex 17 -5 7
    endloop
  endfacet
  facet normal -0.991457 -0.130435 0
    outer loop
      vertex 17 -5 21
      vertex 17.0681 -5.51764 7
      vertex 17.0681 -5.51764 21
    endloop
  endfacet
  facet normal 1 -0 0
    outer loop
      vertex 41 -5 21
      vertex 41 -1 7
      vertex 41 -1 21
    endloop
  endfacet
  facet normal 1 0 0
    outer loop
      vertex 41 -1 7
      vertex 41 -5 21
      vertex 41 -5 7
    endloop
  endfacet
  facet normal 0.608777 -0.793341 0
    outer loop
      vertex 40 -6.73205 7
      vertex 40.4142 -6.41421 21
      vertex 40 -6.73205 21
    endloop
  endfacet
  facet normal 0.608777 -0.793341 0
    outer loop
      vertex 40.4142 -6.41421 21
      vertex 40 -6.73205 7
      vertex 40.4142 -6.41421 7
    endloop
  endfacet
  facet normal -0.608777 -0.793341 0
    outer loop
      vertex 17.5858 -6.41421 7
      vertex 18 -6.73205 21
      vertex 17.5858 -6.41421 21
    endloop
  endfacet
  facet normal -0.608777 -0.793341 -0
    outer loop
      vertex 18 -6.73205 21
      vertex 17.5858 -6.41421 7
      vertex 18 -6.73205 7
    endloop
  endfacet
  facet normal 0 -1 0
    outer loop
      vertex 19 -7 7
      vertex 39 -7 21
      vertex 19 -7 21
    endloop
  endfacet
  facet normal 0 -1 -0
    outer loop
      vertex 39 -7 21
      vertex 19 -7 7
      vertex 39 -7 7
    endloop
  endfacet
  facet normal -0.793293 -0.60884 0
    outer loop
      vertex 17.5858 -6.41421 7
      vertex 17.2679 -6 21
      vertex 17.2679 -6 7
    endloop
  endfacet
  facet normal -0.793293 -0.60884 0
    outer loop
      vertex 17.2679 -6 21
      vertex 17.5858 -6.41421 7
      vertex 17.5858 -6.41421 21
    endloop
  endfacet
  facet normal -0.991457 0.130435 0
    outer loop
      vertex 17 -1 7
      vertex 17.0681 -0.482362 21
      vertex 17.0681 -0.482362 7
    endloop
  endfacet
  facet normal -0.991457 0.130435 0
    outer loop
      vertex 17.0681 -0.482362 21
      vertex 17 -1 7
      vertex 17 -1 21
    endloop
  endfacet
  facet normal 0.923812 -0.382847 0
    outer loop
      vertex 40.732 -6 21
      vertex 40.9319 -5.51764 7
      vertex 40.9319 -5.51764 21
    endloop
  endfacet
  facet normal 0.923812 -0.382847 0
    outer loop
      vertex 40.9319 -5.51764 7
      vertex 40.732 -6 21
      vertex 40.732 -6 7
    endloop
  endfacet
  facet normal -0.382656 -0.923891 0
    outer loop
      vertex 18 -6.73205 7
      vertex 18.4824 -6.93185 21
      vertex 18 -6.73205 21
    endloop
  endfacet
  facet normal -0.382656 -0.923891 -0
    outer loop
      vertex 18.4824 -6.93185 21
      vertex 18 -6.73205 7
      vertex 18.4824 -6.93185 7
    endloop
  endfacet
  facet normal 0.991457 -0.130435 0
    outer loop
      vertex 40.9319 -5.51764 21
      vertex 41 -5 7
      vertex 41 -5 21
    endloop
  endfacet
  facet normal 0.991457 -0.130435 0
    outer loop
      vertex 41 -5 7
      vertex 40.9319 -5.51764 21
      vertex 40.9319 -5.51764 7
    endloop
  endfacet
  facet normal -0.92388 0.382682 0
    outer loop
      vertex 17.0681 -0.482362 7
      vertex 17.2679 0 21
      vertex 17.2679 0 7
    endloop
  endfacet
  facet normal -0.92388 0.382682 0
    outer loop
      vertex 17.2679 0 21
      vertex 17.0681 -0.482362 7
      vertex 17.0681 -0.482362 21
    endloop
  endfacet
  facet normal 0 0 -1
    outer loop
      vertex 39 -7 7
      vertex 41 -5 7
      vertex 40.9319 -5.51764 7
    endloop
  endfacet
  facet normal -0 0 -1
    outer loop
      vertex 41 -5 7
      vertex 39 -7 7
      vertex 41 -1 7
    endloop
  endfacet
  facet normal 0 0 -1
    outer loop
      vertex 39 -7 7
      vertex 40.9319 -5.51764 7
      vertex 40.732 -6 7
    endloop
  endfacet
  facet normal 0 -0 -1
    outer loop
      vertex 40.732 0 7
      vertex 41 -1 7
      vertex 39 -7 7
    endloop
  endfacet
  facet normal 0 0 -1
    outer loop
      vertex 39 -7 7
      vertex 40.732 -6 7
      vertex 40.4142 -6.41421 7
    endloop
  endfacet
  facet normal 0 0 -1
    outer loop
      vertex 39 -7 7
      vertex 40.4142 -6.41421 7
      vertex 40 -6.73205 7
    endloop
  endfacet
  facet normal 0 0 -1
    outer loop
      vertex 39 -7 7
      vertex 40 -6.73205 7
      vertex 39.5176 -6.93185 7
    endloop
  endfacet
  facet normal 0 0 -1
    outer loop
      vertex 41 -1 7
      vertex 40.732 0 7
      vertex 40.9319 -0.482362 7
    endloop
  endfacet
  facet normal 0 0 -1
    outer loop
      vertex 19 -7 7
      vertex 40.732 0 7
      vertex 39 -7 7
    endloop
  endfacet
  facet normal 0 0 -1
    outer loop
      vertex 17 -5 7
      vertex 19 -7 7
      vertex 18.4824 -6.93185 7
    endloop
  endfacet
  facet normal 0 0 -1
    outer loop
      vertex 17 -5 7
      vertex 18.4824 -6.93185 7
      vertex 18 -6.73205 7
    endloop
  endfacet
  facet normal 0 0 -1
    outer loop
      vertex 17 -5 7
      vertex 18 -6.73205 7
      vertex 17.5858 -6.41421 7
    endloop
  endfacet
  facet normal 0 0 -1
    outer loop
      vertex 17 -5 7
      vertex 17.5858 -6.41421 7
      vertex 17.2679 -6 7
    endloop
  endfacet
  facet normal 0 0 -1
    outer loop
      vertex 19 -7 7
      vertex 17.2679 0 7
      vertex 40.732 0 7
    endloop
  endfacet
  facet normal 0 0 -1
    outer loop
      vertex 17 -5 7
      vertex 17.2679 -6 7
      vertex 17.0681 -5.51764 7
    endloop
  endfacet
  facet normal 0 0 -1
    outer loop
      vertex 19 -7 7
      vertex 17 -5 7
      vertex 17 -1 7
    endloop
  endfacet
  facet normal 0 0 -1
    outer loop
      vertex 19 -7 7
      vertex 17 -1 7
      vertex 17.2679 0 7
    endloop
  endfacet
  facet normal 0 0 -1
    outer loop
      vertex 17.2679 0 7
      vertex 17 -1 7
      vertex 17.0681 -0.482362 7
    endloop
  endfacet
  facet normal -0.382823 0 0.923822
    outer loop
      vertex 12.44 11 12.3579
      vertex 12.85 0 12.5278
      vertex 12.85 11 12.5278
    endloop
  endfacet
  facet normal -0.382823 0 0.923822
    outer loop
      vertex 12.85 0 12.5278
      vertex 12.44 11 12.3579
      vertex 12.44 0 12.3579
    endloop
  endfacet
  facet normal -0.923822 0 -0.382823
    outer loop
      vertex 13.6421 0 14.44
      vertex 13.4722 11 14.85
      vertex 13.6421 11 14.44
    endloop
  endfacet
  facet normal -0.923822 -0 -0.382823
    outer loop
      vertex 13.4722 11 14.85
      vertex 13.6421 0 14.44
      vertex 13.4722 0 14.85
    endloop
  endfacet
  facet normal -0.991453 0 -0.130466
    outer loop
      vertex 13.7 0 14
      vertex 13.6421 11 14.44
      vertex 13.7 11 14
    endloop
  endfacet
  facet normal -0.991453 -0 -0.130466
    outer loop
      vertex 13.6421 11 14.44
      vertex 13.7 0 14
      vertex 13.6421 0 14.44
    endloop
  endfacet
  facet normal -0.793436 0 0.608654
    outer loop
      vertex 13.2021 0 12.7979
      vertex 13.4722 11 13.15
      vertex 13.2021 11 12.7979
    endloop
  endfacet
  facet normal -0.793436 0 0.608654
    outer loop
      vertex 13.4722 11 13.15
      vertex 13.2021 0 12.7979
      vertex 13.4722 0 13.15
    endloop
  endfacet
  facet normal 0.608654 0 -0.793436
    outer loop
      vertex 10.7979 0 15.2021
      vertex 11.15 11 15.4722
      vertex 11.15 0 15.4722
    endloop
  endfacet
  facet normal 0.608654 0 -0.793436
    outer loop
      vertex 11.15 11 15.4722
      vertex 10.7979 0 15.2021
      vertex 10.7979 11 15.2021
    endloop
  endfacet
  facet normal 0.793436 0 -0.608654
    outer loop
      vertex 10.7979 0 15.2021
      vertex 10.5278 11 14.85
      vertex 10.7979 11 15.2021
    endloop
  endfacet
  facet normal 0.793436 0 -0.608654
    outer loop
      vertex 10.5278 11 14.85
      vertex 10.7979 0 15.2021
      vertex 10.5278 0 14.85
    endloop
  endfacet
  facet normal 0.382823 0 0.923822
    outer loop
      vertex 11.15 11 12.5278
      vertex 11.56 0 12.3579
      vertex 11.56 11 12.3579
    endloop
  endfacet
  facet normal 0.382823 0 0.923822
    outer loop
      vertex 11.56 0 12.3579
      vertex 11.15 11 12.5278
      vertex 11.15 0 12.5278
    endloop
  endfacet
  facet normal 0.991453 -0 0.130466
    outer loop
      vertex 10.3 0 14
      vertex 10.3579 11 13.56
      vertex 10.3 11 14
    endloop
  endfacet
  facet normal 0.991453 0 0.130466
    outer loop
      vertex 10.3579 11 13.56
      vertex 10.3 0 14
      vertex 10.3579 0 13.56
    endloop
  endfacet
  facet normal 0.608654 0 0.793436
    outer loop
      vertex 10.7979 11 12.7979
      vertex 11.15 0 12.5278
      vertex 11.15 11 12.5278
    endloop
  endfacet
  facet normal 0.608654 0 0.793436
    outer loop
      vertex 11.15 0 12.5278
      vertex 10.7979 11 12.7979
      vertex 10.7979 0 12.7979
    endloop
  endfacet
  facet normal -0.793436 0 -0.608654
    outer loop
      vertex 13.4722 0 14.85
      vertex 13.2021 11 15.2021
      vertex 13.4722 11 14.85
    endloop
  endfacet
  facet normal -0.793436 -0 -0.608654
    outer loop
      vertex 13.2021 11 15.2021
      vertex 13.4722 0 14.85
      vertex 13.2021 0 15.2021
    endloop
  endfacet
  facet normal -0.923822 0 0.382823
    outer loop
      vertex 13.4722 0 13.15
      vertex 13.6421 11 13.56
      vertex 13.4722 11 13.15
    endloop
  endfacet
  facet normal -0.923822 0 0.382823
    outer loop
      vertex 13.6421 11 13.56
      vertex 13.4722 0 13.15
      vertex 13.6421 0 13.56
    endloop
  endfacet
  facet normal -0.130466 0 0.991453
    outer loop
      vertex 12 11 12.3
      vertex 12.44 0 12.3579
      vertex 12.44 11 12.3579
    endloop
  endfacet
  facet normal -0.130466 0 0.991453
    outer loop
      vertex 12.44 0 12.3579
      vertex 12 11 12.3
      vertex 12 0 12.3
    endloop
  endfacet
  facet normal 0.991453 0 -0.130466
    outer loop
      vertex 10.3579 0 14.44
      vertex 10.3 11 14
      vertex 10.3579 11 14.44
    endloop
  endfacet
  facet normal 0.991453 0 -0.130466
    outer loop
      vertex 10.3 11 14
      vertex 10.3579 0 14.44
      vertex 10.3 0 14
    endloop
  endfacet
  facet normal -0.608654 0 -0.793436
    outer loop
      vertex 12.85 0 15.4722
      vertex 13.2021 11 15.2021
      vertex 13.2021 0 15.2021
    endloop
  endfacet
  facet normal -0.608654 0 -0.793436
    outer loop
      vertex 13.2021 11 15.2021
      vertex 12.85 0 15.4722
      vertex 12.85 11 15.4722
    endloop
  endfacet
  facet normal -0.608654 0 0.793436
    outer loop
      vertex 12.85 11 12.5278
      vertex 13.2021 0 12.7979
      vertex 13.2021 11 12.7979
    endloop
  endfacet
  facet normal -0.608654 0 0.793436
    outer loop
      vertex 13.2021 0 12.7979
      vertex 12.85 11 12.5278
      vertex 12.85 0 12.5278
    endloop
  endfacet
  facet normal 0.130466 0 0.991453
    outer loop
      vertex 11.56 11 12.3579
      vertex 12 0 12.3
      vertex 12 11 12.3
    endloop
  endfacet
  facet normal 0.130466 0 0.991453
    outer loop
      vertex 12 0 12.3
      vertex 11.56 11 12.3579
      vertex 11.56 0 12.3579
    endloop
  endfacet
  facet normal -0.382823 0 -0.923822
    outer loop
      vertex 12.44 0 15.6421
      vertex 12.85 11 15.4722
      vertex 12.85 0 15.4722
    endloop
  endfacet
  facet normal -0.382823 0 -0.923822
    outer loop
      vertex 12.85 11 15.4722
      vertex 12.44 0 15.6421
      vertex 12.44 11 15.6421
    endloop
  endfacet
  facet normal -0.130466 0 -0.991453
    outer loop
      vertex 12 0 15.7
      vertex 12.44 11 15.6421
      vertex 12.44 0 15.6421
    endloop
  endfacet
  facet normal -0.130466 0 -0.991453
    outer loop
      vertex 12.44 11 15.6421
      vertex 12 0 15.7
      vertex 12 11 15.7
    endloop
  endfacet
  facet normal 0.923822 0 -0.382823
    outer loop
      vertex 10.5278 0 14.85
      vertex 10.3579 11 14.44
      vertex 10.5278 11 14.85
    endloop
  endfacet
  facet normal 0.923822 0 -0.382823
    outer loop
      vertex 10.3579 11 14.44
      vertex 10.5278 0 14.85
      vertex 10.3579 0 14.44
    endloop
  endfacet
  facet normal 0.130466 0 -0.991453
    outer loop
      vertex 11.56 0 15.6421
      vertex 12 11 15.7
      vertex 12 0 15.7
    endloop
  endfacet
  facet normal 0.130466 0 -0.991453
    outer loop
      vertex 12 11 15.7
      vertex 11.56 0 15.6421
      vertex 11.56 11 15.6421
    endloop
  endfacet
  facet normal 0.923822 -0 0.382823
    outer loop
      vertex 10.3579 0 13.56
      vertex 10.5278 11 13.15
      vertex 10.3579 11 13.56
    endloop
  endfacet
  facet normal 0.923822 0 0.382823
    outer loop
      vertex 10.5278 11 13.15
      vertex 10.3579 0 13.56
      vertex 10.5278 0 13.15
    endloop
  endfacet
  facet normal 0.382823 0 -0.923822
    outer loop
      vertex 11.15 0 15.4722
      vertex 11.56 11 15.6421
      vertex 11.56 0 15.6421
    endloop
  endfacet
  facet normal 0.382823 0 -0.923822
    outer loop
      vertex 11.56 11 15.6421
      vertex 11.15 0 15.4722
      vertex 11.15 11 15.4722
    endloop
  endfacet
  facet normal 0 -1 0
    outer loop
      vertex 11.56 11 15.6421
      vertex 12.44 11 15.6421
      vertex 12 11 15.7
    endloop
  endfacet
  facet normal 0 -1 0
    outer loop
      vertex 11.15 11 15.4722
      vertex 12.44 11 15.6421
      vertex 11.56 11 15.6421
    endloop
  endfacet
  facet normal 0 -1 0
    outer loop
      vertex 11.15 11 15.4722
      vertex 12.85 11 15.4722
      vertex 12.44 11 15.6421
    endloop
  endfacet
  facet normal 0 -1 0
    outer loop
      vertex 10.7979 11 15.2021
      vertex 12.85 11 15.4722
      vertex 11.15 11 15.4722
    endloop
  endfacet
  facet normal 0 -1 0
    outer loop
      vertex 10.7979 11 15.2021
      vertex 13.2021 11 15.2021
      vertex 12.85 11 15.4722
    endloop
  endfacet
  facet normal 0 -1 0
    outer loop
      vertex 10.5278 11 14.85
      vertex 13.2021 11 15.2021
      vertex 10.7979 11 15.2021
    endloop
  endfacet
  facet normal 0 -1 0
    outer loop
      vertex 10.5278 11 14.85
      vertex 13.4722 11 14.85
      vertex 13.2021 11 15.2021
    endloop
  endfacet
  facet normal 0 -1 0
    outer loop
      vertex 10.3579 11 14.44
      vertex 13.4722 11 14.85
      vertex 10.5278 11 14.85
    endloop
  endfacet
  facet normal 0 -1 0
    outer loop
      vertex 10.3579 11 14.44
      vertex 13.6421 11 14.44
      vertex 13.4722 11 14.85
    endloop
  endfacet
  facet normal 0 -1 0
    outer loop
      vertex 10.3 11 14
      vertex 13.6421 11 14.44
      vertex 10.3579 11 14.44
    endloop
  endfacet
  facet normal 0 -1 0
    outer loop
      vertex 10.3 11 14
      vertex 13.7 11 14
      vertex 13.6421 11 14.44
    endloop
  endfacet
  facet normal 0 -1 0
    outer loop
      vertex 10.3579 11 13.56
      vertex 13.7 11 14
      vertex 10.3 11 14
    endloop
  endfacet
  facet normal 0 -1 0
    outer loop
      vertex 10.3579 11 13.56
      vertex 13.6421 11 13.56
      vertex 13.7 11 14
    endloop
  endfacet
  facet normal 0 -1 0
    outer loop
      vertex 10.5278 11 13.15
      vertex 13.6421 11 13.56
      vertex 10.3579 11 13.56
    endloop
  endfacet
  facet normal 0 -1 0
    outer loop
      vertex 10.5278 11 13.15
      vertex 13.4722 11 13.15
      vertex 13.6421 11 13.56
    endloop
  endfacet
  facet normal 0 -1 0
    outer loop
      vertex 10.7979 11 12.7979
      vertex 13.4722 11 13.15
      vertex 10.5278 11 13.15
    endloop
  endfacet
  facet normal 0 -1 0
    outer loop
      vertex 10.7979 11 12.7979
      vertex 13.2021 11 12.7979
      vertex 13.4722 11 13.15
    endloop
  endfacet
  facet normal 0 -1 0
    outer loop
      vertex 11.15 11 12.5278
      vertex 13.2021 11 12.7979
      vertex 10.7979 11 12.7979
    endloop
  endfacet
  facet normal 0 -1 0
    outer loop
      vertex 11.15 11 12.5278
      vertex 12.85 11 12.5278
      vertex 13.2021 11 12.7979
    endloop
  endfacet
  facet normal 0 -1 0
    outer loop
      vertex 11.56 11 12.3579
      vertex 12.85 11 12.5278
      vertex 11.15 11 12.5278
    endloop
  endfacet
  facet normal 0 -1 0
    outer loop
      vertex 11.56 11 12.3579
      vertex 12.44 11 12.3579
      vertex 12.85 11 12.5278
    endloop
  endfacet
  facet normal -0 -1 0
    outer loop
      vertex 12.44 11 12.3579
      vertex 11.56 11 12.3579
      vertex 12 11 12.3
    endloop
  endfacet
  facet normal -0.991453 0 0.130466
    outer loop
      vertex 13.6421 0 13.56
      vertex 13.7 11 14
      vertex 13.6421 11 13.56
    endloop
  endfacet
  facet normal -0.991453 0 0.130466
    outer loop
      vertex 13.7 11 14
      vertex 13.6421 0 13.56
      vertex 13.7 0 14
    endloop
  endfacet
  facet normal 0.793436 -0 0.608654
    outer loop
      vertex 10.5278 0 13.15
      vertex 10.7979 11 12.7979
      vertex 10.5278 11 13.15
    endloop
  endfacet
  facet normal 0.793436 0 0.608654
    outer loop
      vertex 10.7979 11 12.7979
      vertex 10.5278 0 13.15
      vertex 10.7979 0 12.7979
    endloop
  endfacet
  facet normal -0.382823 0 0.923822
    outer loop
      vertex 46.44 11 12.3579
      vertex 46.85 0 12.5278
      vertex 46.85 11 12.5278
    endloop
  endfacet
  facet normal -0.382823 0 0.923822
    outer loop
      vertex 46.85 0 12.5278
      vertex 46.44 11 12.3579
      vertex 46.44 0 12.3579
    endloop
  endfacet
  facet normal -0.923822 0 -0.382823
    outer loop
      vertex 47.6421 0 14.44
      vertex 47.4722 11 14.85
      vertex 47.6421 11 14.44
    endloop
  endfacet
  facet normal -0.923822 -0 -0.382823
    outer loop
      vertex 47.4722 11 14.85
      vertex 47.6421 0 14.44
      vertex 47.4722 0 14.85
    endloop
  endfacet
  facet normal -0.991453 0 -0.130466
    outer loop
      vertex 47.7 0 14
      vertex 47.6421 11 14.44
      vertex 47.7 11 14
    endloop
  endfacet
  facet normal -0.991453 -0 -0.130466
    outer loop
      vertex 47.6421 11 14.44
      vertex 47.7 0 14
      vertex 47.6421 0 14.44
    endloop
  endfacet
  facet normal -0.793436 0 0.608654
    outer loop
      vertex 47.2021 0 12.7979
      vertex 47.4722 11 13.15
      vertex 47.2021 11 12.7979
    endloop
  endfacet
  facet normal -0.793436 0 0.608654
    outer loop
      vertex 47.4722 11 13.15
      vertex 47.2021 0 12.7979
      vertex 47.4722 0 13.15
    endloop
  endfacet
  facet normal 0.608654 0 -0.793436
    outer loop
      vertex 44.7979 0 15.2021
      vertex 45.15 11 15.4722
      vertex 45.15 0 15.4722
    endloop
  endfacet
  facet normal 0.608654 0 -0.793436
    outer loop
      vertex 45.15 11 15.4722
      vertex 44.7979 0 15.2021
      vertex 44.7979 11 15.2021
    endloop
  endfacet
  facet normal 0.793436 0 -0.608654
    outer loop
      vertex 44.7979 0 15.2021
      vertex 44.5278 11 14.85
      vertex 44.7979 11 15.2021
    endloop
  endfacet
  facet normal 0.793436 0 -0.608654
    outer loop
      vertex 44.5278 11 14.85
      vertex 44.7979 0 15.2021
      vertex 44.5278 0 14.85
    endloop
  endfacet
  facet normal 0.382823 0 0.923822
    outer loop
      vertex 45.15 11 12.5278
      vertex 45.56 0 12.3579
      vertex 45.56 11 12.3579
    endloop
  endfacet
  facet normal 0.382823 0 0.923822
    outer loop
      vertex 45.56 0 12.3579
      vertex 45.15 11 12.5278
      vertex 45.15 0 12.5278
    endloop
  endfacet
  facet normal 0.991453 -0 0.130466
    outer loop
      vertex 44.3 0 14
      vertex 44.3579 11 13.56
      vertex 44.3 11 14
    endloop
  endfacet
  facet normal 0.991453 0 0.130466
    outer loop
      vertex 44.3579 11 13.56
      vertex 44.3 0 14
      vertex 44.3579 0 13.56
    endloop
  endfacet
  facet normal 0.608654 0 0.793436
    outer loop
      vertex 44.7979 11 12.7979
      vertex 45.15 0 12.5278
      vertex 45.15 11 12.5278
    endloop
  endfacet
  facet normal 0.608654 0 0.793436
    outer loop
      vertex 45.15 0 12.5278
      vertex 44.7979 11 12.7979
      vertex 44.7979 0 12.7979
    endloop
  endfacet
  facet normal -0.793436 0 -0.608654
    outer loop
      vertex 47.4722 0 14.85
      vertex 47.2021 11 15.2021
      vertex 47.4722 11 14.85
    endloop
  endfacet
  facet normal -0.793436 -0 -0.608654
    outer loop
      vertex 47.2021 11 15.2021
      vertex 47.4722 0 14.85
      vertex 47.2021 0 15.2021
    endloop
  endfacet
  facet normal -0.923822 0 0.382823
    outer loop
      vertex 47.4722 0 13.15
      vertex 47.6421 11 13.56
      vertex 47.4722 11 13.15
    endloop
  endfacet
  facet normal -0.923822 0 0.382823
    outer loop
      vertex 47.6421 11 13.56
      vertex 47.4722 0 13.15
      vertex 47.6421 0 13.56
    endloop
  endfacet
  facet normal -0.130466 0 0.991453
    outer loop
      vertex 46 11 12.3
      vertex 46.44 0 12.3579
      vertex 46.44 11 12.3579
    endloop
  endfacet
  facet normal -0.130466 0 0.991453
    outer loop
      vertex 46.44 0 12.3579
      vertex 46 11 12.3
      vertex 46 0 12.3
    endloop
  endfacet
  facet normal -0.608654 0 -0.793436
    outer loop
      vertex 46.85 0 15.4722
      vertex 47.2021 11 15.2021
      vertex 47.2021 0 15.2021
    endloop
  endfacet
  facet normal -0.608654 0 -0.793436
    outer loop
      vertex 47.2021 11 15.2021
      vertex 46.85 0 15.4722
      vertex 46.85 11 15.4722
    endloop
  endfacet
  facet normal -0.608654 0 0.793436
    outer loop
      vertex 46.85 11 12.5278
      vertex 47.2021 0 12.7979
      vertex 47.2021 11 12.7979
    endloop
  endfacet
  facet normal -0.608654 0 0.793436
    outer loop
      vertex 47.2021 0 12.7979
      vertex 46.85 11 12.5278
      vertex 46.85 0 12.5278
    endloop
  endfacet
  facet normal 0.130466 0 0.991453
    outer loop
      vertex 45.56 11 12.3579
      vertex 46 0 12.3
      vertex 46 11 12.3
    endloop
  endfacet
  facet normal 0.130466 0 0.991453
    outer loop
      vertex 46 0 12.3
      vertex 45.56 11 12.3579
      vertex 45.56 0 12.3579
    endloop
  endfacet
  facet normal -0.382823 0 -0.923822
    outer loop
      vertex 46.44 0 15.6421
      vertex 46.85 11 15.4722
      vertex 46.85 0 15.4722
    endloop
  endfacet
  facet normal -0.382823 0 -0.923822
    outer loop
      vertex 46.85 11 15.4722
      vertex 46.44 0 15.6421
      vertex 46.44 11 15.6421
    endloop
  endfacet
  facet normal -0.130466 0 -0.991453
    outer loop
      vertex 46 0 15.7
      vertex 46.44 11 15.6421
      vertex 46.44 0 15.6421
    endloop
  endfacet
  facet normal -0.130466 0 -0.991453
    outer loop
      vertex 46.44 11 15.6421
      vertex 46 0 15.7
      vertex 46 11 15.7
    endloop
  endfacet
  facet normal 0.923822 0 -0.382823
    outer loop
      vertex 44.5278 0 14.85
      vertex 44.3579 11 14.44
      vertex 44.5278 11 14.85
    endloop
  endfacet
  facet normal 0.923822 0 -0.382823
    outer loop
      vertex 44.3579 11 14.44
      vertex 44.5278 0 14.85
      vertex 44.3579 0 14.44
    endloop
  endfacet
  facet normal 0.130466 0 -0.991453
    outer loop
      vertex 45.56 0 15.6421
      vertex 46 11 15.7
      vertex 46 0 15.7
    endloop
  endfacet
  facet normal 0.130466 0 -0.991453
    outer loop
      vertex 46 11 15.7
      vertex 45.56 0 15.6421
      vertex 45.56 11 15.6421
    endloop
  endfacet
  facet normal 0.923822 -0 0.382823
    outer loop
      vertex 44.3579 0 13.56
      vertex 44.5278 11 13.15
      vertex 44.3579 11 13.56
    endloop
  endfacet
  facet normal 0.923822 0 0.382823
    outer loop
      vertex 44.5278 11 13.15
      vertex 44.3579 0 13.56
      vertex 44.5278 0 13.15
    endloop
  endfacet
  facet normal 0.382823 0 -0.923822
    outer loop
      vertex 45.15 0 15.4722
      vertex 45.56 11 15.6421
      vertex 45.56 0 15.6421
    endloop
  endfacet
  facet normal 0.382823 0 -0.923822
    outer loop
      vertex 45.56 11 15.6421
      vertex 45.15 0 15.4722
      vertex 45.15 11 15.4722
    endloop
  endfacet
  facet normal 0 -1 0
    outer loop
      vertex 45.56 11 15.6421
      vertex 46.44 11 15.6421
      vertex 46 11 15.7
    endloop
  endfacet
  facet normal 0 -1 0
    outer loop
      vertex 45.15 11 15.4722
      vertex 46.44 11 15.6421
      vertex 45.56 11 15.6421
    endloop
  endfacet
  facet normal 0 -1 0
    outer loop
      vertex 45.15 11 15.4722
      vertex 46.85 11 15.4722
      vertex 46.44 11 15.6421
    endloop
  endfacet
  facet normal 0 -1 0
    outer loop
      vertex 44.7979 11 15.2021
      vertex 46.85 11 15.4722
      vertex 45.15 11 15.4722
    endloop
  endfacet
  facet normal 0 -1 0
    outer loop
      vertex 44.7979 11 15.2021
      vertex 47.2021 11 15.2021
      vertex 46.85 11 15.4722
    endloop
  endfacet
  facet normal 0 -1 0
    outer loop
      vertex 44.5278 11 14.85
      vertex 47.2021 11 15.2021
      vertex 44.7979 11 15.2021
    endloop
  endfacet
  facet normal 0 -1 0
    outer loop
      vertex 44.5278 11 14.85
      vertex 47.4722 11 14.85
      vertex 47.2021 11 15.2021
    endloop
  endfacet
  facet normal 0 -1 0
    outer loop
      vertex 44.3579 11 14.44
      vertex 47.4722 11 14.85
      vertex 44.5278 11 14.85
    endloop
  endfacet
  facet normal 0 -1 0
    outer loop
      vertex 44.3579 11 14.44
      vertex 47.6421 11 14.44
      vertex 47.4722 11 14.85
    endloop
  endfacet
  facet normal 0 -1 0
    outer loop
      vertex 44.3 11 14
      vertex 47.6421 11 14.44
      vertex 44.3579 11 14.44
    endloop
  endfacet
  facet normal 0 -1 0
    outer loop
      vertex 44.3 11 14
      vertex 47.7 11 14
      vertex 47.6421 11 14.44
    endloop
  endfacet
  facet normal 0 -1 0
    outer loop
      vertex 44.3579 11 13.56
      vertex 47.7 11 14
      vertex 44.3 11 14
    endloop
  endfacet
  facet normal 0 -1 0
    outer loop
      vertex 44.3579 11 13.56
      vertex 47.6421 11 13.56
      vertex 47.7 11 14
    endloop
  endfacet
  facet normal 0 -1 0
    outer loop
      vertex 44.5278 11 13.15
      vertex 47.6421 11 13.56
      vertex 44.3579 11 13.56
    endloop
  endfacet
  facet normal 0 -1 0
    outer loop
      vertex 44.5278 11 13.15
      vertex 47.4722 11 13.15
      vertex 47.6421 11 13.56
    endloop
  endfacet
  facet normal 0 -1 0
    outer loop
      vertex 44.7979 11 12.7979
      vertex 47.4722 11 13.15
      vertex 44.5278 11 13.15
    endloop
  endfacet
  facet normal 0 -1 0
    outer loop
      vertex 44.7979 11 12.7979
      vertex 47.2021 11 12.7979
      vertex 47.4722 11 13.15
    endloop
  endfacet
  facet normal 0 -1 0
    outer loop
      vertex 45.15 11 12.5278
      vertex 47.2021 11 12.7979
      vertex 44.7979 11 12.7979
    endloop
  endfacet
  facet normal 0 -1 0
    outer loop
      vertex 45.15 11 12.5278
      vertex 46.85 11 12.5278
      vertex 47.2021 11 12.7979
    endloop
  endfacet
  facet normal 0 -1 0
    outer loop
      vertex 45.56 11 12.3579
      vertex 46.85 11 12.5278
      vertex 45.15 11 12.5278
    endloop
  endfacet
  facet normal 0 -1 0
    outer loop
      vertex 45.56 11 12.3579
      vertex 46.44 11 12.3579
      vertex 46.85 11 12.5278
    endloop
  endfacet
  facet normal -0 -1 0
    outer loop
      vertex 46.44 11 12.3579
      vertex 45.56 11 12.3579
      vertex 46 11 12.3
    endloop
  endfacet
  facet normal -0.991453 0 0.130466
    outer loop
      vertex 47.6421 0 13.56
      vertex 47.7 11 14
      vertex 47.6421 11 13.56
    endloop
  endfacet
  facet normal -0.991453 0 0.130466
    outer loop
      vertex 47.7 11 14
      vertex 47.6421 0 13.56
      vertex 47.7 0 14
    endloop
  endfacet
  facet normal 0.793436 -0 0.608654
    outer loop
      vertex 44.5278 0 13.15
      vertex 44.7979 11 12.7979
      vertex 44.5278 11 13.15
    endloop
  endfacet
  facet normal 0.793436 0 0.608654
    outer loop
      vertex 44.7979 11 12.7979
      vertex 44.5278 0 13.15
      vertex 44.7979 0 12.7979
    endloop
  endfacet
  facet normal 0.991453 0 -0.130466
    outer loop
      vertex 44.3579 0 14.44
      vertex 44.3 11 14
      vertex 44.3579 11 14.44
    endloop
  endfacet
  facet normal 0.991453 0 -0.130466
    outer loop
      vertex 44.3 11 14
      vertex 44.3579 0 14.44
      vertex 44.3 0 14
    endloop
  endfacet
  facet normal 0.514063 0.857752 -0
    outer loop
      vertex 23.609 11.9142 13.4382
      vertex 22.6464 12.4911 14.5618
      vertex 23.609 11.9142 14.5618
    endloop
  endfacet
  facet normal 0.514063 0.857752 0
    outer loop
      vertex 22.6464 12.4911 14.5618
      vertex 23.609 11.9142 13.4382
      vertex 22.6464 12.4911 13.4382
    endloop
  endfacet
  facet normal -0.193198 0.0286113 -0.980743
    outer loop
      vertex 31.7687 21.7273 25.1069
      vertex 31.7287 21.4572 25.1069
      vertex 30.6478 21.6722 25.3261
    endloop
  endfacet
  facet normal 0.639584 0.302492 -0.706704
    outer loop
      vertex 21.896 19.0574 22.4839
      vertex 22.2186 18.3753 22.4839
      vertex 21.1619 18.7534 21.6894
    endloop
  endfacet
  facet normal 0.492036 0.820873 -0.289945
    outer loop
      vertex 23.0106 13.0362 17.8574
      vertex 23.918 12.4923 17.8574
      vertex 22.8294 12.765 16.7821
    endloop
  endfacet
  facet normal -0.737358 0.668367 0.0979218
    outer loop
      vertex 37.0866 13.9134 13.4382
      vertex 37.8403 14.7449 13.4382
      vertex 37.0087 13.9913 12.3199
    endloop
  endfacet
  facet normal 0.492044 0.820864 0.289956
    outer loop
      vertex 23.7643 12.2046 11.2179
      vertex 23.918 12.4923 10.1426
      vertex 22.8294 12.765 11.2179
    endloop
  endfacet
  facet normal 0.476931 0.28587 -0.831153
    outer loop
      vertex 23.8086 19.2251 23.821
      vertex 24.1056 18.7296 23.821
      vertex 22.9846 18.7847 23.1967
    endloop
  endfacet
  facet normal 0.280244 0.783165 0.555082
    outer loop
      vertex 26.1491 12.6019 8.11352
      vertex 25.4806 13.5033 7.17924
      vertex 25.2417 12.9266 8.11352
    endloop
  endfacet
  facet normal -0.355644 0.751931 0.555082
    outer loop
      vertex 32.7583 12.9266 8.11352
      vertex 33.3353 13.8892 7.17924
      vertex 32.5194 13.5033 7.17924
    endloop
  endfacet
  facet normal 0.46672 0.069183 0.881695
    outer loop
      vertex 23.2266 20.8516 4.17901
      vertex 24.1986 21.0449 3.64932
      vertex 23.1419 21.423 4.17901
    endloop
  endfacet
  facet normal -0.504253 0.841274 0.194902
    outer loop
      vertex 35.2924 12.5827 12.3199
      vertex 35.1706 12.765 11.2179
      vertex 34.3391 12.0113 12.3199
    endloop
  endfacet
  facet normal -0.568259 0.42153 -0.706678
    outer loop
      vertex 35.3935 17.728 22.4839
      vertex 36.0541 17.2866 21.6894
      vertex 34.9439 17.1219 22.4839
    endloop
  endfacet
  facet normal 0.0706292 0.281903 -0.95684
    outer loop
      vertex 28.1924 19.3377 25.1069
      vertex 28.2475 18.2167 24.7807
      vertex 27.8803 18.3087 24.7807
    endloop
  endfacet
  facet normal 0.570083 0.768735 -0.289917
    outer loop
      vertex 22.1608 13.6664 17.8574
      vertex 23.0106 13.0362 17.8574
      vertex 21.9539 13.4143 16.7821
    endloop
  endfacet
  facet normal -0.129419 0.872617 0.470946
    outer loop
      vertex 31.0193 11.8482 9.10449
      vertex 30.916 12.3677 8.11352
      vertex 29.9626 12.2263 8.11352
    endloop
  endfacet
  facet normal 0.0453946 0.922903 0.382347
    outer loop
      vertex 29 11.6493 9.10449
      vertex 27.9855 11.6992 9.10449
      vertex 27.9433 11.2712 10.1426
    endloop
  endfacet
  facet normal -0.872628 0.1294 0.470931
    outer loop
      vertex 39.1518 19.9807 9.10449
      vertex 39.3008 20.9855 9.10449
      vertex 38.7737 21.0374 8.11352
    endloop
  endfacet
  facet normal 0.994 0.048862 -0.0978623
    outer loop
      vertex 17.6739 22 15.6801
      vertex 17.6189 20.8791 14.5618
      vertex 17.5638 22 14.5618
    endloop
  endfacet
  facet normal -0.558569 0.616352 -0.555078
    outer loop
      vertex 35.5031 15.4969 20.8208
      vertex 35.9445 15.0555 19.8865
      vertex 34.8343 14.8908 20.8208
    endloop
  endfacet
  facet normal 0.475071 0.792573 -0.382276
    outer loop
      vertex 24.1207 12.8715 18.8955
      vertex 23.918 12.4923 17.8574
      vertex 23.2495 13.3937 18.8955
    endloop
  endfacet
  facet normal -0.886673 0.419334 -0.194858
    outer loop
      vertex 39.2614 17.7496 16.7821
      vertex 39.4639 17.6657 15.6801
      vertex 38.9887 16.6609 15.6801
    endloop
  endfacet
  facet normal -0.0408286 0.830765 -0.555124
    outer loop
      vertex 29.9014 12.8476 20.8208
      vertex 29.9626 12.2263 19.8865
      vertex 29 12.8033 20.8208
    endloop
  endfacet
  facet normal 0.803207 0.5957 0
    outer loop
      vertex 20.1597 14.7449 14.5618
      vertex 19.4911 15.6464 13.4382
      vertex 19.4911 15.6464 14.5618
    endloop
  endfacet
  facet normal 0.803207 0.5957 0
    outer loop
      vertex 19.4911 15.6464 13.4382
      vertex 20.1597 14.7449 14.5618
      vertex 20.1597 14.7449 13.4382
    endloop
  endfacet
  facet normal 0.668367 0.737358 0.0979218
    outer loop
      vertex 21.7449 13.1597 13.4382
      vertex 20.9913 13.9913 12.3199
      vertex 20.9134 13.9134 13.4382
    endloop
  endfacet
  facet normal -0.187308 0.52352 0.831169
    outer loop
      vertex 31.6102 15.6984 4.80327
      vertex 31.2527 16.5616 4.17901
      vertex 30.7088 16.367 4.17901
    endloop
  endfacet
  facet normal 0.23248 0.928382 -0.289932
    outer loop
      vertex 25.8705 11.6835 17.8574
      vertex 26.8968 11.4265 17.8574
      vertex 25.7758 11.3714 16.7821
    endloop
  endfacet
  facet normal -0.397612 0.663343 -0.633941
    outer loop
      vertex 34.1094 14.3532 20.8208
      vertex 33.3353 13.8892 20.8208
      vertex 32.9993 14.5179 21.6894
    endloop
  endfacet
  facet normal -0.706681 0.0347856 0.706676
    outer loop
      vertex 37.443 21.1684 6.31065
      vertex 36.6894 22 5.51611
      vertex 36.6523 21.2463 5.51611
    endloop
  endfacet
  facet normal 0.0469483 0.955882 0.289974
    outer loop
      vertex 29 10.8931 11.2179
      vertex 29 11.2193 10.1426
      vertex 27.9433 11.2712 10.1426
    endloop
  endfacet
  facet normal -0.377149 0.797458 0.470977
    outer loop
      vertex 32.961 12.4372 9.10449
      vertex 33.8793 12.8715 9.10449
      vertex 32.7583 12.9266 8.11352
    endloop
  endfacet
  facet normal -0.993996 0.0488894 0.0978896
    outer loop
      vertex 40.3811 20.8791 13.4382
      vertex 40.3261 22 12.3199
      vertex 40.2715 20.8899 12.3199
    endloop
  endfacet
  facet normal -0.19515 0.21534 0.956841
    outer loop
      vertex 31.4471 19.0182 3.21932
      vertex 31.7276 19.2724 3.21932
      vertex 30.765 19.8494 2.89314
    endloop
  endfacet
  facet normal -0.726732 0.658702 -0.194866
    outer loop
      vertex 37.5857 14.9539 16.7821
      vertex 37.0087 13.9913 15.6801
      vertex 36.8537 14.1463 16.7821
    endloop
  endfacet
  facet normal 0.397612 0.663343 -0.633941
    outer loop
      vertex 25.0007 14.5179 21.6894
      vertex 24.6647 13.8892 20.8208
      vertex 23.8906 14.3532 20.8208
    endloop
  endfacet
  facet normal -0.713409 0.427622 -0.555146
    outer loop
      vertex 37.1108 17.6647 20.8208
      vertex 37.1659 16.5437 19.8865
      vertex 36.6468 16.8906 20.8208
    endloop
  endfacet
  facet normal -0.0980134 0.00482033 0.995173
    outer loop
      vertex 30.672 21.8353 2.67393
      vertex 30.6801 22 2.67393
      vertex 29.5618 22 2.56379
    endloop
  endfacet
  facet normal -0.772467 0.0379917 0.633918
    outer loop
      vertex 38.1967 22 7.17924
      vertex 37.4839 22 6.31065
      vertex 37.443 21.1684 6.31065
    endloop
  endfacet
  facet normal -0.346306 0.163784 0.923714
    outer loop
      vertex 33.3175 19.6923 3.64932
      vertex 33.5229 20.1266 3.64932
      vertex 32.5638 20.5238 3.21932
    endloop
  endfacet
  facet normal -0.970201 0.143987 0.194878
    outer loop
      vertex 40.1084 19.7904 12.3199
      vertex 40.0534 20.9113 11.2179
      vertex 39.8934 19.8332 11.2179
    endloop
  endfacet
  facet normal -0.914023 0.135539 0.38235
    outer loop
      vertex 39.7288 20.9433 10.1426
      vertex 39.3008 20.9855 9.10449
      vertex 39.1518 19.9807 9.10449
    endloop
  endfacet
  facet normal 0.568259 0.42153 -0.706678
    outer loop
      vertex 22.6065 17.728 22.4839
      vertex 23.0561 17.1219 22.4839
      vertex 21.9459 17.2866 21.6894
    endloop
  endfacet
  facet normal 0.24258 0.404726 -0.881676
    outer loop
      vertex 26.2802 17.9295 24.3507
      vertex 26.6923 17.6825 24.3507
      vertex 26.2251 16.8086 23.821
    endloop
  endfacet
  facet normal 0.584267 0.787811 -0.194902
    outer loop
      vertex 22.8294 12.765 16.7821
      vertex 22.7076 12.5827 15.6801
      vertex 21.9539 13.4143 16.7821
    endloop
  endfacet
  facet normal 0.951448 0.238259 -0.194881
    outer loop
      vertex 18.1066 19.8332 16.7821
      vertex 18.1616 18.7122 15.6801
      vertex 17.8916 19.7904 15.6801
    endloop
  endfacet
  facet normal 0.937003 0.335316 -0.0979198
    outer loop
      vertex 18.5361 17.6657 15.6801
      vertex 18.4343 17.6236 14.5618
      vertex 18.1616 18.7122 15.6801
    endloop
  endfacet
  facet normal 0.870042 0.311301 0.382253
    outer loop
      vertex 19.4372 18.039 9.10449
      vertex 19.095 18.9954 9.10449
      vertex 19.04 17.8744 10.1426
    endloop
  endfacet
  facet normal 0.658702 0.726732 0.194866
    outer loop
      vertex 21.9539 13.4143 11.2179
      vertex 21.1463 14.1463 11.2179
      vertex 20.9913 13.9913 12.3199
    endloop
  endfacet
  facet normal 0.519323 0.573046 0.633973
    outer loop
      vertex 23.1657 14.8908 7.17924
      vertex 23.001 16.001 6.31065
      vertex 22.4969 15.4969 7.17924
    endloop
  endfacet
  facet normal 0.820864 0.492044 -0.289956
    outer loop
      vertex 19.4923 16.918 17.8574
      vertex 19.765 15.8294 16.7821
      vertex 19.2046 16.7643 16.7821
    endloop
  endfacet
  facet normal 0.47039 0.426304 -0.772656
    outer loop
      vertex 24.177 17.177 23.1967
      vertex 23.5628 16.5628 22.4839
      vertex 23.0561 17.1219 22.4839
    endloop
  endfacet
  facet normal 0.668394 0.737338 0.097888
    outer loop
      vertex 21.7449 13.1597 13.4382
      vertex 21.8148 13.2448 12.3199
      vertex 20.9913 13.9913 12.3199
    endloop
  endfacet
  facet normal 0.316796 0.349627 0.881703
    outer loop
      vertex 25.2657 17.4497 4.17901
      vertex 25.5384 18.5384 3.64932
      vertex 24.8376 17.8376 4.17901
    endloop
  endfacet
  facet normal 0.504253 0.841274 0.194902
    outer loop
      vertex 23.6609 12.0113 12.3199
      vertex 22.8294 12.765 11.2179
      vertex 22.7076 12.5827 12.3199
    endloop
  endfacet
  facet normal 0.202104 0.806847 0.555114
    outer loop
      vertex 27.2058 12.98 7.17924
      vertex 26.3303 13.1993 7.17924
      vertex 26.1491 12.6019 8.11352
    endloop
  endfacet
  facet normal 0.0432956 0.881107 0.470931
    outer loop
      vertex 29 12.179 8.11352
      vertex 28.0374 12.2263 8.11352
      vertex 27.9855 11.6992 9.10449
    endloop
  endfacet
  facet normal -0.143923 0.970223 -0.194815
    outer loop
      vertex 31.2096 10.8916 15.6801
      vertex 30.1101 10.7285 15.6801
      vertex 30.0887 10.9466 16.7821
    endloop
  endfacet
  facet normal -0.0481411 0.979648 0.194863
    outer loop
      vertex 30.0887 10.9466 11.2179
      vertex 29 10.8931 11.2179
      vertex 29 10.6739 12.3199
    endloop
  endfacet
  facet normal 0.830587 0.297214 -0.470945
    outer loop
      vertex 19.6019 19.1491 19.8865
      vertex 19.9266 18.2417 19.8865
      vertex 19.095 18.9954 18.8955
    endloop
  endfacet
  facet normal 0.822772 0.122026 -0.555117
    outer loop
      vertex 19.98 20.2058 20.8208
      vertex 19.3677 20.084 19.8865
      vertex 19.2263 21.0374 19.8865
    endloop
  endfacet
  facet normal -0.330446 0.923485 -0.194885
    outer loop
      vertex 33.2504 11.7386 16.7821
      vertex 32.2878 11.1616 15.6801
      vertex 32.2242 11.3714 16.7821
    endloop
  endfacet
  facet normal 0.122015 0.822769 -0.555125
    outer loop
      vertex 28.0986 12.8476 20.8208
      vertex 28.0374 12.2263 19.8865
      vertex 27.2058 12.98 20.8208
    endloop
  endfacet
  facet normal 0.592405 0.653641 0.470967
    outer loop
      vertex 22.4336 13.9988 9.10449
      vertex 22.7696 14.4083 8.11352
      vertex 22.0555 15.0555 8.11352
    endloop
  endfacet
  facet normal -0.0408283 0.830759 0.555133
    outer loop
      vertex 29.9626 12.2263 8.11352
      vertex 29.9014 12.8476 7.17924
      vertex 29 12.8033 7.17924
    endloop
  endfacet
  facet normal -0.202104 0.806847 0.555114
    outer loop
      vertex 31.8509 12.6019 8.11352
      vertex 31.6697 13.1993 7.17924
      vertex 30.7942 12.98 7.17924
    endloop
  endfacet
  facet normal -0.322486 0.90106 0.289989
    outer loop
      vertex 33.2504 11.7386 11.2179
      vertex 33.1256 12.04 10.1426
      vertex 32.1295 11.6835 10.1426
    endloop
  endfacet
  facet normal -0.377166 0.797439 0.470995
    outer loop
      vertex 33.8793 12.8715 9.10449
      vertex 33.6296 13.3387 8.11352
      vertex 32.7583 12.9266 8.11352
    endloop
  endfacet
  facet normal 0.167507 0.100457 0.980739
    outer loop
      vertex 27.6031 21.0666 2.67393
      vertex 27.5183 21.208 2.67393
      vertex 26.5464 20.6885 2.89314
    endloop
  endfacet
  facet normal 0.615859 0.154301 0.772599
    outer loop
      vertex 21.6418 19.7679 5.51611
      vertex 22.4729 20.02 4.80327
      vertex 21.4584 20.4999 5.51611
    endloop
  endfacet
  facet normal 0.0930632 0.371615 0.923711
    outer loop
      vertex 28.0449 17.1986 3.64932
      vertex 28.2475 18.2167 3.21932
      vertex 27.5789 17.3153 3.64932
    endloop
  endfacet
  facet normal 0.355642 0.751931 0.555084
    outer loop
      vertex 25.2417 12.9266 8.11352
      vertex 24.6647 13.8892 7.17924
      vertex 24.3704 13.3387 8.11352
    endloop
  endfacet
  facet normal 0.726732 0.658702 0.194866
    outer loop
      vertex 20.9913 13.9913 12.3199
      vertex 21.1463 14.1463 11.2179
      vertex 20.4143 14.9539 11.2179
    endloop
  endfacet
  facet normal 0.539369 0.135131 0.831157
    outer loop
      vertex 23.367 20.2912 4.17901
      vertex 23.2266 20.8516 4.17901
      vertex 22.3103 20.6693 4.80327
    endloop
  endfacet
  facet normal 0.0142623 0.290248 0.956845
    outer loop
      vertex 29 18.1426 3.21932
      vertex 29 19.2179 2.89314
      vertex 28.7273 19.2313 2.89314
    endloop
  endfacet
  facet normal -0.404725 0.24259 -0.881674
    outer loop
      vertex 34.1914 19.2251 23.821
      vertex 33.8944 18.7296 23.821
      vertex 33.0705 19.2802 24.3507
    endloop
  endfacet
  facet normal -0.937003 0.335316 -0.0979198
    outer loop
      vertex 39.8384 18.7122 15.6801
      vertex 39.5657 17.6236 14.5618
      vertex 39.4639 17.6657 15.6801
    endloop
  endfacet
  facet normal -0.923485 0.330446 -0.194885
    outer loop
      vertex 39.6286 18.7758 16.7821
      vertex 39.8384 18.7122 15.6801
      vertex 39.2614 17.7496 16.7821
    endloop
  endfacet
  facet normal -0.984429 0.145953 -0.0979655
    outer loop
      vertex 40.3811 20.8791 14.5618
      vertex 40.2165 19.7689 14.5618
      vertex 40.1084 19.7904 15.6801
    endloop
  endfacet
  facet normal 0.0691841 0.466727 -0.881691
    outer loop
      vertex 28.0449 17.1986 24.3507
      vertex 28.423 16.1419 23.821
      vertex 27.8516 16.2266 23.821
    endloop
  endfacet
  facet normal -0.395064 0.835338 -0.382275
    outer loop
      vertex 33.8793 12.8715 18.8955
      vertex 34.082 12.4923 17.8574
      vertex 32.961 12.4372 18.8955
    endloop
  endfacet
  facet normal -0.955888 0.0469735 -0.289951
    outer loop
      vertex 40.1069 22 16.7821
      vertex 40.0534 20.9113 16.7821
      vertex 39.7288 20.9433 17.8574
    endloop
  endfacet
  facet normal -0.426318 0.470406 0.772639
    outer loop
      vertex 33.8781 16.0561 5.51611
      vertex 34.4372 16.5628 5.51611
      vertex 33.823 17.177 4.80327
    endloop
  endfacet
  facet normal -0.841266 0.504274 0.194881
    outer loop
      vertex 38.9887 16.6609 12.3199
      vertex 38.7954 16.7643 11.2179
      vertex 38.235 15.8294 11.2179
    endloop
  endfacet
  facet normal -0.290264 0.0142631 -0.95684
    outer loop
      vertex 31.7821 22 25.1069
      vertex 32.8574 22 24.7807
      vertex 31.7687 21.7273 25.1069
    endloop
  endfacet
  facet normal 0.460747 0.621172 -0.633922
    outer loop
      vertex 24.2866 14.9459 21.6894
      vertex 23.8906 14.3532 20.8208
      vertex 23.6179 15.4419 21.6894
    endloop
  endfacet
  facet normal -0.555372 0.0273284 -0.831153
    outer loop
      vertex 35.8208 22 23.1967
      vertex 35.7879 21.3314 23.1967
      vertex 34.8581 21.423 23.821
    endloop
  endfacet
  facet normal -0.466739 0.0692301 -0.881682
    outer loop
      vertex 33.8719 21.5202 24.3507
      vertex 34.8581 21.423 23.821
      vertex 33.8014 21.0449 24.3507
    endloop
  endfacet
  facet normal 0.0886891 0.0419355 -0.995176
    outer loop
      vertex 28.4809 21.785 25.4362
      vertex 27.5183 21.208 25.3261
      vertex 27.4478 21.3571 25.3261
    endloop
  endfacet
  facet normal 0.149398 0.249279 -0.956839
    outer loop
      vertex 27.6885 19.5464 25.1069
      vertex 27.1816 18.5981 24.7807
      vertex 26.8569 18.7927 24.7807
    endloop
  endfacet
  facet normal 0.914021 0.135539 -0.382353
    outer loop
      vertex 18.6992 20.9855 18.8955
      vertex 18.8482 19.9807 18.8955
      vertex 18.2712 20.9433 17.8574
    endloop
  endfacet
  facet normal 0.841274 0.504253 -0.194902
    outer loop
      vertex 19.765 15.8294 16.7821
      vertex 19.5827 15.7076 15.6801
      vertex 19.0113 16.6609 15.6801
    endloop
  endfacet
  facet normal 0.881093 0.0433381 -0.470953
    outer loop
      vertex 19.179 22 19.8865
      vertex 18.6992 20.9855 18.8955
      vertex 18.6493 22 18.8955
    endloop
  endfacet
  facet normal 0.965372 0.241809 -0.0979058
    outer loop
      vertex 18.1616 18.7122 15.6801
      vertex 18.0562 18.6802 14.5618
      vertex 17.7835 19.7689 14.5618
    endloop
  endfacet
  facet normal 0.792574 0.475073 0.382272
    outer loop
      vertex 20.0362 16.0106 10.1426
      vertex 20.3937 16.2495 9.10449
      vertex 19.4923 16.918 10.1426
    endloop
  endfacet
  facet normal 0.684648 0.620542 -0.382341
    outer loop
      vertex 21.681 14.681 18.8955
      vertex 21.3769 14.3769 17.8574
      vertex 20.6664 15.1608 17.8574
    endloop
  endfacet
  facet normal 0.419349 0.886662 -0.194875
    outer loop
      vertex 23.7643 12.2046 16.7821
      vertex 24.7496 11.7386 16.7821
      vertex 23.6609 12.0113 15.6801
    endloop
  endfacet
  facet normal 0.937008 0.335305 0.0979079
    outer loop
      vertex 18.4343 17.6236 13.4382
      vertex 18.1616 18.7122 12.3199
      vertex 18.0562 18.6802 13.4382
    endloop
  endfacet
  facet normal 0.39761 0.66334 0.633945
    outer loop
      vertex 24.6647 13.8892 7.17924
      vertex 25.0007 14.5179 6.31065
      vertex 23.8906 14.3532 7.17924
    endloop
  endfacet
  facet normal -0.326375 0.544528 0.772637
    outer loop
      vertex 33.272 15.6065 5.51611
      vertex 32.7894 16.3287 4.80327
      vertex 32.2153 15.9846 4.80327
    endloop
  endfacet
  facet normal 0.550425 0.742226 0.382274
    outer loop
      vertex 23.0106 13.0362 10.1426
      vertex 23.2495 13.3937 9.10449
      vertex 22.1608 13.6664 10.1426
    endloop
  endfacet
  facet normal -0.0408218 0.830763 0.555128
    outer loop
      vertex 29.9626 12.2263 8.11352
      vertex 29 12.8033 7.17924
      vertex 29 12.179 8.11352
    endloop
  endfacet
  facet normal -0.224522 0.896361 0.382265
    outer loop
      vertex 31.1032 11.4265 10.1426
      vertex 32.0046 12.095 9.10449
      vertex 31.0193 11.8482 9.10449
    endloop
  endfacet
  facet normal 0.5957 0.803207 -0
    outer loop
      vertex 22.6464 12.4911 13.4382
      vertex 21.7449 13.1597 14.5618
      vertex 22.6464 12.4911 14.5618
    endloop
  endfacet
  facet normal 0.5957 0.803207 0
    outer loop
      vertex 21.7449 13.1597 14.5618
      vertex 22.6464 12.4911 13.4382
      vertex 21.7449 13.1597 13.4382
    endloop
  endfacet
  facet normal -0.297182 0.83058 0.470978
    outer loop
      vertex 32.961 12.4372 9.10449
      vertex 32.7583 12.9266 8.11352
      vertex 32.0046 12.095 9.10449
    endloop
  endfacet
  facet normal -0.22446 0.896355 0.382315
    outer loop
      vertex 32.1295 11.6835 10.1426
      vertex 32.0046 12.095 9.10449
      vertex 31.1032 11.4265 10.1426
    endloop
  endfacet
  facet normal 0.36069 0.129029 -0.923718
    outer loop
      vertex 25.3087 20.8803 24.7807
      vertex 24.4771 20.1266 24.3507
      vertex 24.3153 20.5789 24.3507
    endloop
  endfacet
  facet normal -0.0692301 0.466739 -0.881682
    outer loop
      vertex 29.9551 17.1986 24.3507
      vertex 29.577 16.1419 23.821
      vertex 29.4798 17.1281 24.3507
    endloop
  endfacet
  facet normal 0.260556 0.728162 -0.633948
    outer loop
      vertex 25.7534 14.1619 21.6894
      vertex 26.5373 13.8814 21.6894
      vertex 25.4806 13.5033 20.8208
    endloop
  endfacet
  facet normal 0.768711 0.570102 -0.289944
    outer loop
      vertex 20.0362 16.0106 17.8574
      vertex 20.4143 14.9539 16.7821
      vertex 19.765 15.8294 16.7821
    endloop
  endfacet
  facet normal -0.0481841 0.979654 -0.194822
    outer loop
      vertex 30.0887 10.9466 16.7821
      vertex 30.1101 10.7285 15.6801
      vertex 29 10.6739 15.6801
    endloop
  endfacet
  facet normal 0.419334 0.886673 0.194858
    outer loop
      vertex 24.6657 11.5361 12.3199
      vertex 24.7496 11.7386 11.2179
      vertex 23.6609 12.0113 12.3199
    endloop
  endfacet
  facet normal 0.395053 0.835351 0.382259
    outer loop
      vertex 24.8744 12.04 10.1426
      vertex 25.039 12.4372 9.10449
      vertex 23.918 12.4923 10.1426
    endloop
  endfacet
  facet normal 0.0231808 0.471277 -0.881681
    outer loop
      vertex 28.5202 17.1281 24.3507
      vertex 29 17.1045 24.3507
      vertex 28.423 16.1419 23.821
    endloop
  endfacet
  facet normal 0.419349 0.886662 0.194875
    outer loop
      vertex 24.7496 11.7386 11.2179
      vertex 23.7643 12.2046 11.2179
      vertex 23.6609 12.0113 12.3199
    endloop
  endfacet
  facet normal 0.048862 0.994 -0.0978623
    outer loop
      vertex 29 10.6739 15.6801
      vertex 29 10.5638 14.5618
      vertex 27.8791 10.6189 14.5618
    endloop
  endfacet
  facet normal -0.0142785 0.290252 0.956844
    outer loop
      vertex 29.3781 18.1612 3.21932
      vertex 29.2727 19.2313 2.89314
      vertex 29 18.1426 3.21932
    endloop
  endfacet
  facet normal 0.0188223 0.382618 0.923715
    outer loop
      vertex 29 18.1426 3.21932
      vertex 28.6219 18.1612 3.21932
      vertex 28.5202 17.1281 3.64932
    endloop
  endfacet
  facet normal 0.285848 0.476911 0.831172
    outer loop
      vertex 25.7847 15.9846 4.80327
      vertex 25.7296 17.1056 4.17901
      vertex 25.2106 16.3287 4.80327
    endloop
  endfacet
  facet normal 0.232489 0.928376 0.289941
    outer loop
      vertex 26.8332 11.1066 11.2179
      vertex 26.8968 11.4265 10.1426
      vertex 25.7758 11.3714 11.2179
    endloop
  endfacet
  facet normal 0.519348 0.573039 0.633959
    outer loop
      vertex 23.1657 14.8908 7.17924
      vertex 23.6179 15.4419 6.31065
      vertex 23.001 16.001 6.31065
    endloop
  endfacet
  facet normal 0.606898 0.363688 0.706687
    outer loop
      vertex 22.6065 17.728 5.51611
      vertex 22.2186 18.3753 5.51611
      vertex 21.5179 18.0007 6.31065
    endloop
  endfacet
  facet normal -0.616347 0.558565 0.555087
    outer loop
      vertex 35.9445 15.0555 8.11352
      vertex 36.1092 16.1657 7.17924
      vertex 35.5031 15.4969 7.17924
    endloop
  endfacet
  facet normal -0.297212 0.830582 0.470956
    outer loop
      vertex 32.0046 12.095 9.10449
      vertex 32.7583 12.9266 8.11352
      vertex 31.8509 12.6019 8.11352
    endloop
  endfacet
  facet normal -0.202119 0.806835 0.555126
    outer loop
      vertex 30.916 12.3677 8.11352
      vertex 31.8509 12.6019 8.11352
      vertex 30.7942 12.98 7.17924
    endloop
  endfacet
  facet normal -0.330665 0.699118 0.633952
    outer loop
      vertex 32.5194 13.5033 7.17924
      vertex 33.3353 13.8892 7.17924
      vertex 32.2466 14.1619 6.31065
    endloop
  endfacet
  facet normal -0.363688 0.606898 0.706687
    outer loop
      vertex 32.9993 14.5179 6.31065
      vertex 33.272 15.6065 5.51611
      vertex 32.6247 15.2186 5.51611
    endloop
  endfacet
  facet normal -0.23834 0.666172 0.706689
    outer loop
      vertex 32.2466 14.1619 6.31065
      vertex 31.9426 14.896 5.51611
      vertex 31.2321 14.6418 5.51611
    endloop
  endfacet
  facet normal -0.145953 0.984429 0.0979655
    outer loop
      vertex 31.2311 10.7835 13.4382
      vertex 31.2096 10.8916 12.3199
      vertex 30.1209 10.6189 13.4382
    endloop
  endfacet
  facet normal -0.853601 0.511641 -0.0979186
    outer loop
      vertex 38.9887 16.6609 15.6801
      vertex 38.5089 15.6464 14.5618
      vertex 38.4173 15.7076 15.6801
    endloop
  endfacet
  facet normal -0.965381 0.241748 0.0979659
    outer loop
      vertex 40.2165 19.7689 13.4382
      vertex 40.1084 19.7904 12.3199
      vertex 39.8384 18.7122 12.3199
    endloop
  endfacet
  facet normal 0.853601 0.511641 0.0979186
    outer loop
      vertex 19.4911 15.6464 13.4382
      vertex 19.5827 15.7076 12.3199
      vertex 19.0113 16.6609 12.3199
    endloop
  endfacet
  facet normal 0.970223 0.143923 0.194815
    outer loop
      vertex 17.8916 19.7904 12.3199
      vertex 17.9466 20.9113 11.2179
      vertex 17.7285 20.8899 12.3199
    endloop
  endfacet
  facet normal 0.783165 0.280244 0.555082
    outer loop
      vertex 19.9266 18.2417 8.11352
      vertex 20.5033 18.4806 7.17924
      vertex 19.6019 19.1491 8.11352
    endloop
  endfacet
  facet normal 0.923485 0.330446 0.194885
    outer loop
      vertex 18.7386 17.7496 11.2179
      vertex 18.3714 18.7758 11.2179
      vertex 18.1616 18.7122 12.3199
    endloop
  endfacet
  facet normal 0.37159 0.0931 0.923717
    outer loop
      vertex 25.3087 20.8803 3.21932
      vertex 25.2167 21.2475 3.21932
      vertex 24.3153 20.5789 3.64932
    endloop
  endfacet
  facet normal 0.914023 0.135539 0.38235
    outer loop
      vertex 18.8482 19.9807 9.10449
      vertex 18.6992 20.9855 9.10449
      vertex 18.2712 20.9433 10.1426
    endloop
  endfacet
  facet normal 0.621181 0.46068 0.633962
    outer loop
      vertex 21.8908 16.1657 7.17924
      vertex 22.4419 16.6179 6.31065
      vertex 21.3532 16.8906 7.17924
    endloop
  endfacet
  facet normal 0.568278 0.421514 0.706672
    outer loop
      vertex 22.4419 16.6179 6.31065
      vertex 23.0561 17.1219 5.51611
      vertex 21.9459 17.2866 6.31065
    endloop
  endfacet
  facet normal 0.444276 0.15893 0.88168
    outer loop
      vertex 24.4771 20.1266 3.64932
      vertex 24.3153 20.5789 3.64932
      vertex 23.5616 19.7473 4.17901
    endloop
  endfacet
  facet normal 0.444258 0.15895 0.881686
    outer loop
      vertex 23.5616 19.7473 4.17901
      vertex 24.3153 20.5789 3.64932
      vertex 23.367 20.2912 4.17901
    endloop
  endfacet
  facet normal -0.0561732 0.378941 0.923714
    outer loop
      vertex 29.4798 17.1281 3.64932
      vertex 29.7525 18.2167 3.21932
      vertex 29.3781 18.1612 3.21932
    endloop
  endfacet
  facet normal -0.901096 0.322435 -0.289935
    outer loop
      vertex 39.3165 18.8705 17.8574
      vertex 39.6286 18.7758 16.7821
      vertex 39.2614 17.7496 16.7821
    endloop
  endfacet
  facet normal -0.783166 0.280196 -0.555105
    outer loop
      vertex 37.8007 19.3303 20.8208
      vertex 38.3981 19.1491 19.8865
      vertex 37.4967 18.4806 20.8208
    endloop
  endfacet
  facet normal -0.615838 0.154296 -0.772616
    outer loop
      vertex 36.5416 20.4999 22.4839
      vertex 36.3582 19.7679 22.4839
      vertex 35.5271 20.02 23.1967
    endloop
  endfacet
  facet normal -0.80684 0.20212 -0.555118
    outer loop
      vertex 38.6323 20.084 19.8865
      vertex 38.3981 19.1491 19.8865
      vertex 38.02 20.2058 20.8208
    endloop
  endfacet
  facet normal -0.639584 0.302492 -0.706704
    outer loop
      vertex 36.104 19.0574 22.4839
      vertex 36.8381 18.7534 21.6894
      vertex 35.7814 18.3753 22.4839
    endloop
  endfacet
  facet normal -0.550424 0.742225 -0.382277
    outer loop
      vertex 35.8392 13.6664 17.8574
      vertex 34.9894 13.0362 17.8574
      vertex 34.7505 13.3937 18.8955
    endloop
  endfacet
  facet normal -0.42153 0.568259 -0.706678
    outer loop
      vertex 33.8781 16.0561 22.4839
      vertex 33.7134 14.9459 21.6894
      vertex 33.272 15.6065 22.4839
    endloop
  endfacet
  facet normal -0.765029 0.113431 -0.633927
    outer loop
      vertex 37.443 21.1684 21.6894
      vertex 38.1524 21.0986 20.8208
      vertex 37.3209 20.3449 21.6894
    endloop
  endfacet
  facet normal -0.989187 0.146658 0
    outer loop
      vertex 40.2165 19.7689 13.4382
      vertex 40.3811 20.8791 14.5618
      vertex 40.3811 20.8791 13.4382
    endloop
  endfacet
  facet normal -0.989187 0.146658 0
    outer loop
      vertex 40.3811 20.8791 14.5618
      vertex 40.2165 19.7689 13.4382
      vertex 40.2165 19.7689 14.5618
    endloop
  endfacet
  facet normal -0.984425 0.14603 -0.0978898
    outer loop
      vertex 40.2715 20.8899 15.6801
      vertex 40.3811 20.8791 14.5618
      vertex 40.1084 19.7904 15.6801
    endloop
  endfacet
  facet normal -0.865161 0.409151 0.289986
    outer loop
      vertex 39.2614 17.7496 11.2179
      vertex 38.96 17.8744 10.1426
      vertex 38.5077 16.918 10.1426
    endloop
  endfacet
  facet normal -0.984425 0.14603 0.0978898
    outer loop
      vertex 40.3811 20.8791 13.4382
      vertex 40.2715 20.8899 12.3199
      vertex 40.1084 19.7904 12.3199
    endloop
  endfacet
  facet normal -0.544578 0.326343 0.772616
    outer loop
      vertex 35.3935 17.728 5.51611
      vertex 35.7814 18.3753 5.51611
      vertex 35.0154 18.7847 4.80327
    endloop
  endfacet
  facet normal -0.726732 0.658702 0.194866
    outer loop
      vertex 37.0087 13.9913 12.3199
      vertex 37.5857 14.9539 11.2179
      vertex 36.8537 14.1463 11.2179
    endloop
  endfacet
  facet normal -0.865156 0.409178 0.289962
    outer loop
      vertex 38.7954 16.7643 11.2179
      vertex 39.2614 17.7496 11.2179
      vertex 38.5077 16.918 10.1426
    endloop
  endfacet
  facet normal -0.509873 0.378137 -0.772685
    outer loop
      vertex 34.6712 18.2106 23.1967
      vertex 35.3935 17.728 22.4839
      vertex 34.2725 17.673 23.1967
    endloop
  endfacet
  facet normal -0.621184 0.460682 -0.633957
    outer loop
      vertex 36.6468 16.8906 20.8208
      vertex 36.1092 16.1657 20.8208
      vertex 35.5581 16.6179 21.6894
    endloop
  endfacet
  facet normal -0.28586 0.476932 -0.831155
    outer loop
      vertex 32.2704 17.1056 23.821
      vertex 32.7894 16.3287 23.1967
      vertex 32.2153 15.9846 23.1967
    endloop
  endfacet
  facet normal -0.42655 0.201757 -0.881674
    outer loop
      vertex 34.4384 19.7473 23.821
      vertex 34.1914 19.2251 23.821
      vertex 33.3175 19.6923 24.3507
    endloop
  endfacet
  facet normal 0.0979807 0.00480123 -0.995177
    outer loop
      vertex 28.4382 22 25.4362
      vertex 28.4409 21.9449 25.4362
      vertex 27.328 21.8353 25.3261
    endloop
  endfacet
  facet normal -0.475133 0.524253 -0.706688
    outer loop
      vertex 34.999 16.001 21.6894
      vertex 34.3821 15.4419 21.6894
      vertex 33.8781 16.0561 22.4839
    endloop
  endfacet
  facet normal -0.750223 0.18792 -0.633917
    outer loop
      vertex 38.02 20.2058 20.8208
      vertex 37.8007 19.3303 20.8208
      vertex 37.3209 20.3449 21.6894
    endloop
  endfacet
  facet normal -0.706697 0.034757 0.706662
    outer loop
      vertex 37.443 21.1684 6.31065
      vertex 37.4839 22 6.31065
      vertex 36.6894 22 5.51611
    endloop
  endfacet
  facet normal -0.666147 0.238365 0.706704
    outer loop
      vertex 36.8381 18.7534 6.31065
      vertex 37.1186 19.5373 6.31065
      vertex 36.3582 19.7679 5.51611
    endloop
  endfacet
  facet normal 0.290264 0.0142631 -0.95684
    outer loop
      vertex 26.2179 22 25.1069
      vertex 26.2313 21.7273 25.1069
      vertex 25.1426 22 24.7807
    endloop
  endfacet
  facet normal 0.290268 0.0142793 -0.956839
    outer loop
      vertex 26.2313 21.7273 25.1069
      vertex 25.1612 21.6219 24.7807
      vertex 25.1426 22 24.7807
    endloop
  endfacet
  facet normal 0.686284 0.171911 -0.706725
    outer loop
      vertex 21.6418 19.7679 22.4839
      vertex 20.8814 19.5373 21.6894
      vertex 20.6791 20.3449 21.6894
    endloop
  endfacet
  facet normal 0.328581 0.196926 -0.923718
    outer loop
      vertex 25.5981 20.1816 24.7807
      vertex 25.7927 19.8569 24.7807
      vertex 24.9295 19.2802 24.3507
    endloop
  endfacet
  facet normal -0.0834879 0.176568 -0.980741
    outer loop
      vertex 29.792 20.5183 25.3261
      vertex 30.3115 19.5464 25.1069
      vertex 29.6429 20.4478 25.3261
    endloop
  endfacet
  facet normal 0.0841063 0.0504994 -0.995176
    outer loop
      vertex 28.5045 21.7352 25.4362
      vertex 28.5329 21.6879 25.4362
      vertex 27.5183 21.208 25.3261
    endloop
  endfacet
  facet normal 0.0408286 0.830765 -0.555124
    outer loop
      vertex 28.0986 12.8476 20.8208
      vertex 29 12.8033 20.8208
      vertex 28.0374 12.2263 19.8865
    endloop
  endfacet
  facet normal -0.470393 0.426294 -0.77266
    outer loop
      vertex 34.2725 17.673 23.1967
      vertex 34.9439 17.1219 22.4839
      vertex 33.823 17.177 23.1967
    endloop
  endfacet
  facet normal 0.881113 0.0432959 -0.47092
    outer loop
      vertex 19.179 22 19.8865
      vertex 19.2263 21.0374 19.8865
      vertex 18.6992 20.9855 18.8955
    endloop
  endfacet
  facet normal 0.765036 0.113453 -0.633915
    outer loop
      vertex 20.6791 20.3449 21.6894
      vertex 19.98 20.2058 20.8208
      vertex 19.8476 21.0986 20.8208
    endloop
  endfacet
  facet normal 0.699864 0.103798 -0.706694
    outer loop
      vertex 21.3477 21.2463 22.4839
      vertex 21.4584 20.4999 22.4839
      vertex 20.557 21.1684 21.6894
    endloop
  endfacet
  facet normal 0.772458 0.0379631 -0.63393
    outer loop
      vertex 20.557 21.1684 21.6894
      vertex 19.8476 21.0986 20.8208
      vertex 19.8033 22 20.8208
    endloop
  endfacet
  facet normal 0.923485 0.330446 -0.194885
    outer loop
      vertex 18.3714 18.7758 16.7821
      vertex 18.7386 17.7496 16.7821
      vertex 18.1616 18.7122 15.6801
    endloop
  endfacet
  facet normal 0.951445 0.238266 -0.194888
    outer loop
      vertex 18.3714 18.7758 16.7821
      vertex 18.1616 18.7122 15.6801
      vertex 18.1066 19.8332 16.7821
    endloop
  endfacet
  facet normal 0.984425 0.14603 -0.0978898
    outer loop
      vertex 17.7285 20.8899 15.6801
      vertex 17.8916 19.7904 15.6801
      vertex 17.6189 20.8791 14.5618
    endloop
  endfacet
  facet normal 0.923481 0.330476 -0.194856
    outer loop
      vertex 18.7386 17.7496 16.7821
      vertex 18.5361 17.6657 15.6801
      vertex 18.1616 18.7122 15.6801
    endloop
  endfacet
  facet normal 0.841266 0.504274 -0.194881
    outer loop
      vertex 19.2046 16.7643 16.7821
      vertex 19.765 15.8294 16.7821
      vertex 19.0113 16.6609 15.6801
    endloop
  endfacet
  facet normal 0.658702 0.726732 -0.194866
    outer loop
      vertex 21.1463 14.1463 16.7821
      vertex 21.9539 13.4143 16.7821
      vertex 20.9913 13.9913 15.6801
    endloop
  endfacet
  facet normal 0.820873 0.492036 -0.289945
    outer loop
      vertex 20.0362 16.0106 17.8574
      vertex 19.765 15.8294 16.7821
      vertex 19.4923 16.918 17.8574
    endloop
  endfacet
  facet normal 0.709122 0.642724 -0.289918
    outer loop
      vertex 20.6664 15.1608 17.8574
      vertex 21.3769 14.3769 17.8574
      vertex 20.4143 14.9539 16.7821
    endloop
  endfacet
  facet normal 0.584247 0.78782 -0.194922
    outer loop
      vertex 21.9539 13.4143 16.7821
      vertex 22.7076 12.5827 15.6801
      vertex 21.8148 13.2448 15.6801
    endloop
  endfacet
  facet normal 0.65362 0.592479 -0.470902
    outer loop
      vertex 22.0555 15.0555 19.8865
      vertex 21.681 14.681 18.8955
      vertex 20.9988 15.4336 18.8955
    endloop
  endfacet
  facet normal 0.592838 0.799347 0.0979181
    outer loop
      vertex 22.6464 12.4911 13.4382
      vertex 22.7076 12.5827 12.3199
      vertex 21.7449 13.1597 13.4382
    endloop
  endfacet
  facet normal 0.504253 0.841274 -0.194902
    outer loop
      vertex 22.8294 12.765 16.7821
      vertex 23.6609 12.0113 15.6801
      vertex 22.7076 12.5827 15.6801
    endloop
  endfacet
  facet normal 0.653616 0.592475 0.470913
    outer loop
      vertex 21.681 14.681 9.10449
      vertex 22.0555 15.0555 8.11352
      vertex 20.9988 15.4336 9.10449
    endloop
  endfacet
  facet normal 0.558578 0.616317 0.555107
    outer loop
      vertex 22.7696 14.4083 8.11352
      vertex 23.1657 14.8908 7.17924
      vertex 22.0555 15.0555 8.11352
    endloop
  endfacet
  facet normal -0.0481841 0.979654 0.194822
    outer loop
      vertex 30.1101 10.7285 12.3199
      vertex 30.0887 10.9466 11.2179
      vertex 29 10.6739 12.3199
    endloop
  endfacet
  facet normal -0.0432956 0.881107 0.470931
    outer loop
      vertex 30.0145 11.6992 9.10449
      vertex 29.9626 12.2263 8.11352
      vertex 29 12.179 8.11352
    endloop
  endfacet
  facet normal 0.475072 0.792575 0.382273
    outer loop
      vertex 23.918 12.4923 10.1426
      vertex 24.1207 12.8715 9.10449
      vertex 23.2495 13.3937 9.10449
    endloop
  endfacet
  facet normal 0.475073 0.792574 0.382272
    outer loop
      vertex 23.918 12.4923 10.1426
      vertex 23.2495 13.3937 9.10449
      vertex 23.0106 13.0362 10.1426
    endloop
  endfacet
  facet normal 0.0433378 0.881087 0.470965
    outer loop
      vertex 29 11.6493 9.10449
      vertex 29 12.179 8.11352
      vertex 27.9855 11.6992 9.10449
    endloop
  endfacet
  facet normal 0.311301 0.870042 0.382253
    outer loop
      vertex 25.9954 12.095 9.10449
      vertex 25.039 12.4372 9.10449
      vertex 24.8744 12.04 10.1426
    endloop
  endfacet
  facet normal 0.377166 0.797439 0.470995
    outer loop
      vertex 25.2417 12.9266 8.11352
      vertex 24.3704 13.3387 8.11352
      vertex 24.1207 12.8715 9.10449
    endloop
  endfacet
  facet normal 0.330476 0.923481 0.194856
    outer loop
      vertex 25.7122 11.1616 12.3199
      vertex 24.7496 11.7386 11.2179
      vertex 24.6657 11.5361 12.3199
    endloop
  endfacet
  facet normal -0.742226 0.550425 0.382274
    outer loop
      vertex 37.9638 16.0106 10.1426
      vertex 37.6063 16.2495 9.10449
      vertex 37.3336 15.1608 10.1426
    endloop
  endfacet
  facet normal -0.14603 0.984425 0.0978898
    outer loop
      vertex 30.1209 10.6189 13.4382
      vertex 31.2096 10.8916 12.3199
      vertex 30.1101 10.7285 12.3199
    endloop
  endfacet
  facet normal 0.621172 0.460747 -0.633922
    outer loop
      vertex 21.9459 17.2866 21.6894
      vertex 22.4419 16.6179 21.6894
      vertex 21.3532 16.8906 20.8208
    endloop
  endfacet
  facet normal 0.355647 0.751936 -0.555074
    outer loop
      vertex 25.4806 13.5033 20.8208
      vertex 25.2417 12.9266 19.8865
      vertex 24.6647 13.8892 20.8208
    endloop
  endfacet
  facet normal -0.214344 0.855724 -0.47095
    outer loop
      vertex 31.8509 12.6019 19.8865
      vertex 32.0046 12.095 18.8955
      vertex 31.0193 11.8482 18.8955
    endloop
  endfacet
  facet normal 0.242976 0.970032 -0
    outer loop
      vertex 26.7689 10.7835 13.4382
      vertex 25.6802 11.0562 14.5618
      vertex 26.7689 10.7835 14.5618
    endloop
  endfacet
  facet normal 0.242976 0.970032 0
    outer loop
      vertex 25.6802 11.0562 14.5618
      vertex 26.7689 10.7835 13.4382
      vertex 25.6802 11.0562 13.4382
    endloop
  endfacet
  facet normal -0.122026 0.822772 -0.555117
    outer loop
      vertex 30.7942 12.98 20.8208
      vertex 30.916 12.3677 19.8865
      vertex 29.9626 12.2263 19.8865
    endloop
  endfacet
  facet normal -0.377169 0.797445 -0.470984
    outer loop
      vertex 33.6296 13.3387 19.8865
      vertex 33.8793 12.8715 18.8955
      vertex 32.7583 12.9266 19.8865
    endloop
  endfacet
  facet normal 0.592812 0.79937 0.0978843
    outer loop
      vertex 22.7076 12.5827 12.3199
      vertex 21.8148 13.2448 12.3199
      vertex 21.7449 13.1597 13.4382
    endloop
  endfacet
  facet normal 0.511596 0.853635 0.0978626
    outer loop
      vertex 23.609 11.9142 13.4382
      vertex 23.6609 12.0113 12.3199
      vertex 22.6464 12.4911 13.4382
    endloop
  endfacet
  facet normal -0.0488894 0.993996 -0.0978896
    outer loop
      vertex 30.1101 10.7285 15.6801
      vertex 30.1209 10.6189 14.5618
      vertex 29 10.6739 15.6801
    endloop
  endfacet
  facet normal 0.140495 0.946675 0.289944
    outer loop
      vertex 27.9113 10.9466 11.2179
      vertex 26.8968 11.4265 10.1426
      vertex 26.8332 11.1066 11.2179
    endloop
  endfacet
  facet normal 0.22446 0.896354 -0.382318
    outer loop
      vertex 25.9954 12.095 18.8955
      vertex 26.8968 11.4265 17.8574
      vertex 25.8705 11.6835 17.8574
    endloop
  endfacet
  facet normal 0.322435 0.901096 0.289935
    outer loop
      vertex 25.7758 11.3714 11.2179
      vertex 25.8705 11.6835 10.1426
      vertex 24.7496 11.7386 11.2179
    endloop
  endfacet
  facet normal 0.241748 0.965381 0.0979659
    outer loop
      vertex 26.7689 10.7835 13.4382
      vertex 26.7904 10.8916 12.3199
      vertex 25.7122 11.1616 12.3199
    endloop
  endfacet
  facet normal -0.287478 0.0425736 0.956841
    outer loop
      vertex 32.7833 21.2475 3.21932
      vertex 31.7687 21.7273 2.89314
      vertex 31.7287 21.4572 2.89314
    endloop
  endfacet
  facet normal -0.30769 0.228196 0.923717
    outer loop
      vertex 32.7843 18.8943 3.64932
      vertex 33.0705 19.2802 3.64932
      vertex 32.2073 19.8569 3.21932
    endloop
  endfacet
  facet normal 0.183908 0.0657661 0.980741
    outer loop
      vertex 27.4478 21.3571 2.67393
      vertex 27.3923 21.5123 2.67393
      vertex 26.3377 21.1924 2.89314
    endloop
  endfacet
  facet normal -0.21387 0.597776 0.772608
    outer loop
      vertex 31.9426 14.896 5.51611
      vertex 31.6102 15.6984 4.80327
      vertex 31.2321 14.6418 5.51611
    endloop
  endfacet
  facet normal -0.0931383 0.62799 0.772628
    outer loop
      vertex 29.7537 14.3477 5.51611
      vertex 30.5001 14.4584 5.51611
      vertex 29.6686 15.2121 4.80327
    endloop
  endfacet
  facet normal 0.297212 0.830582 0.470956
    outer loop
      vertex 25.9954 12.095 9.10449
      vertex 26.1491 12.6019 8.11352
      vertex 25.2417 12.9266 8.11352
    endloop
  endfacet
  facet normal 0.122014 0.822763 0.555133
    outer loop
      vertex 28.0374 12.2263 8.11352
      vertex 28.0986 12.8476 7.17924
      vertex 27.2058 12.98 7.17924
    endloop
  endfacet
  facet normal 0.0475099 0.189447 0.980741
    outer loop
      vertex 28.6722 20.3522 2.67393
      vertex 28.5123 20.3923 2.67393
      vertex 28.4572 19.2713 2.89314
    endloop
  endfacet
  facet normal 0.0347856 0.706681 0.706676
    outer loop
      vertex 29 14.3106 5.51611
      vertex 28.2463 14.3477 5.51611
      vertex 28.1684 13.557 6.31065
    endloop
  endfacet
  facet normal 0.616317 0.558578 0.555107
    outer loop
      vertex 22.0555 15.0555 8.11352
      vertex 21.8908 16.1657 7.17924
      vertex 21.4083 15.7696 8.11352
    endloop
  endfacet
  facet normal 0.872628 0.1294 0.470931
    outer loop
      vertex 18.8482 19.9807 9.10449
      vertex 19.2263 21.0374 8.11352
      vertex 18.6992 20.9855 9.10449
    endloop
  endfacet
  facet normal 0.0931406 0.627988 0.772629
    outer loop
      vertex 28.3314 15.2121 4.80327
      vertex 27.6693 15.3103 4.80327
      vertex 27.4999 14.4584 5.51611
    endloop
  endfacet
  facet normal 0.213899 0.597779 0.772598
    outer loop
      vertex 26.7679 14.6418 5.51611
      vertex 27.02 15.4729 4.80327
      vertex 26.3898 15.6984 4.80327
    endloop
  endfacet
  facet normal -0.620543 0.684649 0.382338
    outer loop
      vertex 36.6231 14.3769 10.1426
      vertex 36.319 14.681 9.10449
      vertex 35.8392 13.6664 10.1426
    endloop
  endfacet
  facet normal -0.280244 0.783165 0.555082
    outer loop
      vertex 32.7583 12.9266 8.11352
      vertex 32.5194 13.5033 7.17924
      vertex 31.8509 12.6019 8.11352
    endloop
  endfacet
  facet normal -0.122026 0.822767 0.555126
    outer loop
      vertex 30.916 12.3677 8.11352
      vertex 30.7942 12.98 7.17924
      vertex 29.9626 12.2263 8.11352
    endloop
  endfacet
  facet normal -0.421514 0.568278 0.706672
    outer loop
      vertex 34.3821 15.4419 6.31065
      vertex 33.8781 16.0561 5.51611
      vertex 33.7134 14.9459 6.31065
    endloop
  endfacet
  facet normal -0.302508 0.6396 0.706683
    outer loop
      vertex 32.9993 14.5179 6.31065
      vertex 32.6247 15.2186 5.51611
      vertex 32.2466 14.1619 6.31065
    endloop
  endfacet
  facet normal -0.570102 0.768711 0.289944
    outer loop
      vertex 35.1706 12.765 11.2179
      vertex 36.0461 13.4143 11.2179
      vertex 34.9894 13.0362 10.1426
    endloop
  endfacet
  facet normal 0.0453298 0.92293 0.382291
    outer loop
      vertex 29 11.2193 10.1426
      vertex 29 11.6493 9.10449
      vertex 27.9433 11.2712 10.1426
    endloop
  endfacet
  facet normal -0.426308 0.470409 0.772643
    outer loop
      vertex 33.8781 16.0561 5.51611
      vertex 33.823 17.177 4.80327
      vertex 33.327 16.7275 4.80327
    endloop
  endfacet
  facet normal -0.573929 0.27144 0.77261
    outer loop
      vertex 35.7814 18.3753 5.51611
      vertex 36.104 19.0574 5.51611
      vertex 35.3016 19.3898 4.80327
    endloop
  endfacet
  facet normal -0.311366 0.86999 0.38232
    outer loop
      vertex 32.1295 11.6835 10.1426
      vertex 33.1256 12.04 10.1426
      vertex 32.0046 12.095 9.10449
    endloop
  endfacet
  facet normal -0.311301 0.870042 0.382253
    outer loop
      vertex 33.1256 12.04 10.1426
      vertex 32.961 12.4372 9.10449
      vertex 32.0046 12.095 9.10449
    endloop
  endfacet
  facet normal -0.584267 0.787811 0.194902
    outer loop
      vertex 35.2924 12.5827 12.3199
      vertex 36.0461 13.4143 11.2179
      vertex 35.1706 12.765 11.2179
    endloop
  endfacet
  facet normal -0.592812 0.79937 0.0978843
    outer loop
      vertex 36.2551 13.1597 13.4382
      vertex 36.1852 13.2448 12.3199
      vertex 35.2924 12.5827 12.3199
    endloop
  endfacet
  facet normal 0.965372 0.241809 0.0979058
    outer loop
      vertex 18.0562 18.6802 13.4382
      vertex 18.1616 18.7122 12.3199
      vertex 17.7835 19.7689 13.4382
    endloop
  endfacet
  facet normal 0.728188 0.260526 0.633931
    outer loop
      vertex 20.5033 18.4806 7.17924
      vertex 20.8814 19.5373 6.31065
      vertex 20.1993 19.3303 7.17924
    endloop
  endfacet
  facet normal 0.855722 0.214365 0.470944
    outer loop
      vertex 19.6019 19.1491 8.11352
      vertex 19.3677 20.084 8.11352
      vertex 18.8482 19.9807 9.10449
    endloop
  endfacet
  facet normal 0.555348 0.0273272 0.831169
    outer loop
      vertex 22.2121 21.3314 4.80327
      vertex 23.1419 21.423 4.17901
      vertex 22.1792 22 4.80327
    endloop
  endfacet
  facet normal 0.371615 0.0930632 0.923711
    outer loop
      vertex 24.3153 20.5789 3.64932
      vertex 25.2167 21.2475 3.21932
      vertex 24.1986 21.0449 3.64932
    endloop
  endfacet
  facet normal -0.281887 0.0706252 0.956845
    outer loop
      vertex 32.6913 20.8803 3.21932
      vertex 32.7833 21.2475 3.21932
      vertex 31.6623 21.1924 2.89314
    endloop
  endfacet
  facet normal -0.742199 0.550441 -0.382302
    outer loop
      vertex 37.6063 16.2495 18.8955
      vertex 37.3336 15.1608 17.8574
      vertex 37.0012 15.4336 18.8955
    endloop
  endfacet
  facet normal -0.830586 0.297184 -0.470966
    outer loop
      vertex 38.905 18.9954 18.8955
      vertex 38.5628 18.039 18.8955
      vertex 38.0734 18.2417 19.8865
    endloop
  endfacet
  facet normal -0.946674 0.140486 -0.289952
    outer loop
      vertex 39.7288 20.9433 17.8574
      vertex 40.0534 20.9113 16.7821
      vertex 39.5735 19.8968 17.8574
    endloop
  endfacet
  facet normal -0.881113 0.0432959 -0.47092
    outer loop
      vertex 38.821 22 19.8865
      vertex 39.3008 20.9855 18.8955
      vertex 38.7737 21.0374 19.8865
    endloop
  endfacet
  facet normal -0.371615 0.0930632 -0.923711
    outer loop
      vertex 33.8014 21.0449 24.3507
      vertex 33.6847 20.5789 24.3507
      vertex 32.7833 21.2475 24.7807
    endloop
  endfacet
  facet normal -0.597759 0.213892 -0.772615
    outer loop
      vertex 35.5271 20.02 23.1967
      vertex 36.3582 19.7679 22.4839
      vertex 35.3016 19.3898 23.1967
    endloop
  endfacet
  facet normal -0.627967 0.0931375 -0.772647
    outer loop
      vertex 35.7879 21.3314 23.1967
      vertex 36.5416 20.4999 22.4839
      vertex 35.6897 20.6693 23.1967
    endloop
  endfacet
  facet normal -0.523544 0.187317 -0.831153
    outer loop
      vertex 34.633 20.2912 23.821
      vertex 35.3016 19.3898 23.1967
      vertex 34.4384 19.7473 23.821
    endloop
  endfacet
  facet normal -0.297184 0.830586 -0.470966
    outer loop
      vertex 32.7583 12.9266 19.8865
      vertex 32.961 12.4372 18.8955
      vertex 32.0046 12.095 18.8955
    endloop
  endfacet
  facet normal -0.495475 0.668099 -0.555112
    outer loop
      vertex 34.8343 14.8908 20.8208
      vertex 34.4562 13.8341 19.8865
      vertex 34.1094 14.3532 20.8208
    endloop
  endfacet
  facet normal -0.0469483 0.955882 -0.289974
    outer loop
      vertex 29 11.2193 17.8574
      vertex 30.0567 11.2712 17.8574
      vertex 29 10.8931 16.7821
    endloop
  endfacet
  facet normal -0.322435 0.901096 -0.289935
    outer loop
      vertex 33.2504 11.7386 16.7821
      vertex 32.2242 11.3714 16.7821
      vertex 32.1295 11.6835 17.8574
    endloop
  endfacet
  facet normal -0.51935 0.573041 -0.633955
    outer loop
      vertex 34.999 16.001 21.6894
      vertex 34.8343 14.8908 20.8208
      vertex 34.3821 15.4419 21.6894
    endloop
  endfacet
  facet normal -0.708559 0.525492 -0.470959
    outer loop
      vertex 37.6063 16.2495 18.8955
      vertex 37.0012 15.4336 18.8955
      vertex 36.5917 15.7696 19.8865
    endloop
  endfacet
  facet normal -0.955882 0.0469483 -0.289974
    outer loop
      vertex 39.7807 22 17.8574
      vertex 40.1069 22 16.7821
      vertex 39.7288 20.9433 17.8574
    endloop
  endfacet
  facet normal -0.799347 0.592838 0.0979181
    outer loop
      vertex 38.5089 15.6464 13.4382
      vertex 38.4173 15.7076 12.3199
      vertex 37.8403 14.7449 13.4382
    endloop
  endfacet
  facet normal -0.853635 0.511596 0.0978626
    outer loop
      vertex 39.0858 16.609 13.4382
      vertex 38.9887 16.6609 12.3199
      vertex 38.5089 15.6464 13.4382
    endloop
  endfacet
  facet normal -0.855724 0.214344 -0.47095
    outer loop
      vertex 39.1518 19.9807 18.8955
      vertex 38.905 18.9954 18.8955
      vertex 38.3981 19.1491 19.8865
    endloop
  endfacet
  facet normal -0.330476 0.923481 -0.194856
    outer loop
      vertex 33.2504 11.7386 16.7821
      vertex 33.3343 11.5361 15.6801
      vertex 32.2878 11.1616 15.6801
    endloop
  endfacet
  facet normal -0.653616 0.592475 0.470913
    outer loop
      vertex 36.319 14.681 9.10449
      vertex 37.0012 15.4336 9.10449
      vertex 35.9445 15.0555 8.11352
    endloop
  endfacet
  facet normal -0.78782 0.584247 0.194922
    outer loop
      vertex 37.7552 14.8148 12.3199
      vertex 38.4173 15.7076 12.3199
      vertex 37.5857 14.9539 11.2179
    endloop
  endfacet
  facet normal -0.855722 0.214365 0.470944
    outer loop
      vertex 39.1518 19.9807 9.10449
      vertex 38.6323 20.084 8.11352
      vertex 38.3981 19.1491 8.11352
    endloop
  endfacet
  facet normal -0.822767 0.122026 0.555126
    outer loop
      vertex 38.6323 20.084 8.11352
      vertex 38.7737 21.0374 8.11352
      vertex 38.02 20.2058 7.17924
    endloop
  endfacet
  facet normal -0.830582 0.297212 0.470956
    outer loop
      vertex 38.905 18.9954 9.10449
      vertex 38.3981 19.1491 8.11352
      vertex 38.0734 18.2417 8.11352
    endloop
  endfacet
  facet normal -0.66334 0.39761 0.633945
    outer loop
      vertex 36.6468 16.8906 7.17924
      vertex 37.1108 17.6647 7.17924
      vertex 36.4821 18.0007 6.31065
    endloop
  endfacet
  facet normal -0.835351 0.395053 0.382259
    outer loop
      vertex 38.96 17.8744 10.1426
      vertex 38.5628 18.039 9.10449
      vertex 38.5077 16.918 10.1426
    endloop
  endfacet
  facet normal -0.806835 0.202119 0.555126
    outer loop
      vertex 38.3981 19.1491 8.11352
      vertex 38.6323 20.084 8.11352
      vertex 38.02 20.2058 7.17924
    endloop
  endfacet
  facet normal -0.792575 0.475072 0.382273
    outer loop
      vertex 38.5077 16.918 10.1426
      vertex 38.1285 17.1207 9.10449
      vertex 37.6063 16.2495 9.10449
    endloop
  endfacet
  facet normal -0.965372 0.241809 -0.0979058
    outer loop
      vertex 40.2165 19.7689 14.5618
      vertex 39.9438 18.6802 14.5618
      vertex 39.8384 18.7122 15.6801
    endloop
  endfacet
  facet normal -0.668367 0.737358 0.0979218
    outer loop
      vertex 37.0866 13.9134 13.4382
      vertex 37.0087 13.9913 12.3199
      vertex 36.2551 13.1597 13.4382
    endloop
  endfacet
  facet normal -0.713496 0.427563 -0.55508
    outer loop
      vertex 37.6613 17.3704 19.8865
      vertex 37.1659 16.5437 19.8865
      vertex 37.1108 17.6647 20.8208
    endloop
  endfacet
  facet normal -0.820864 0.492044 -0.289956
    outer loop
      vertex 38.5077 16.918 17.8574
      vertex 38.7954 16.7643 16.7821
      vertex 38.235 15.8294 16.7821
    endloop
  endfacet
  facet normal -0.639584 0.3025 -0.7067
    outer loop
      vertex 36.8381 18.7534 21.6894
      vertex 36.4821 18.0007 21.6894
      vertex 35.7814 18.3753 22.4839
    endloop
  endfacet
  facet normal -0.699121 0.330666 -0.633948
    outer loop
      vertex 37.4967 18.4806 20.8208
      vertex 37.1108 17.6647 20.8208
      vertex 36.8381 18.7534 21.6894
    endloop
  endfacet
  facet normal 0.238359 0.66613 -0.706722
    outer loop
      vertex 26.7679 14.6418 22.4839
      vertex 26.5373 13.8814 21.6894
      vertex 25.7534 14.1619 21.6894
    endloop
  endfacet
  facet normal -0.103798 0.699864 -0.706694
    outer loop
      vertex 30.5001 14.4584 22.4839
      vertex 29.8316 13.557 21.6894
      vertex 29.7537 14.3477 22.4839
    endloop
  endfacet
  facet normal -0.50265 0.237753 -0.831154
    outer loop
      vertex 34.4384 19.7473 23.821
      vertex 35.0154 18.7847 23.1967
      vertex 34.1914 19.2251 23.821
    endloop
  endfacet
  facet normal -0.378982 0.281111 -0.881674
    outer loop
      vertex 33.8944 18.7296 23.821
      vertex 33.5503 18.2657 23.821
      vertex 33.0705 19.2802 24.3507
    endloop
  endfacet
  facet normal -0.346306 0.163784 -0.923714
    outer loop
      vertex 33.5229 20.1266 24.3507
      vertex 33.3175 19.6923 24.3507
      vertex 32.5638 20.5238 24.7807
    endloop
  endfacet
  facet normal -0.772471 0.0379919 -0.633913
    outer loop
      vertex 37.4839 22 21.6894
      vertex 38.1967 22 20.8208
      vertex 37.443 21.1684 21.6894
    endloop
  endfacet
  facet normal -0.346266 0.163824 -0.923722
    outer loop
      vertex 32.5638 20.5238 24.7807
      vertex 33.3175 19.6923 24.3507
      vertex 32.4019 20.1816 24.7807
    endloop
  endfacet
  facet normal -0.914021 0.135539 -0.382353
    outer loop
      vertex 39.3008 20.9855 18.8955
      vertex 39.7288 20.9433 17.8574
      vertex 39.1518 19.9807 18.8955
    endloop
  endfacet
  facet normal -0.872634 0.129401 -0.47092
    outer loop
      vertex 39.3008 20.9855 18.8955
      vertex 39.1518 19.9807 18.8955
      vertex 38.7737 21.0374 19.8865
    endloop
  endfacet
  facet normal -0.573916 0.271451 0.772616
    outer loop
      vertex 35.7814 18.3753 5.51611
      vertex 35.3016 19.3898 4.80327
      vertex 35.0154 18.7847 4.80327
    endloop
  endfacet
  facet normal -0.92293 0.0453298 0.382291
    outer loop
      vertex 39.7288 20.9433 10.1426
      vertex 39.7807 22 10.1426
      vertex 39.3507 22 9.10449
    endloop
  endfacet
  facet normal -0.550004 0.0815743 0.831169
    outer loop
      vertex 35.6897 20.6693 4.80327
      vertex 35.7879 21.3314 4.80327
      vertex 34.8581 21.423 4.17901
    endloop
  endfacet
  facet normal 0.555375 0.0273356 -0.83115
    outer loop
      vertex 23.1135 22 23.821
      vertex 23.1419 21.423 23.821
      vertex 22.1792 22 23.1967
    endloop
  endfacet
  facet normal 0.1675 0.100453 -0.980741
    outer loop
      vertex 27.5183 21.208 25.3261
      vertex 27.6031 21.0666 25.3261
      vertex 26.5464 20.6885 25.1069
    endloop
  endfacet
  facet normal 0.0329366 0.0924005 -0.995177
    outer loop
      vertex 28.785 21.4809 25.4362
      vertex 28.8369 21.4624 25.4362
      vertex 28.5123 20.3923 25.3261
    endloop
  endfacet
  facet normal 0.1932 0.0286661 -0.980741
    outer loop
      vertex 27.328 21.8353 25.3261
      vertex 27.3522 21.6722 25.3261
      vertex 26.2313 21.7273 25.1069
    endloop
  endfacet
  facet normal 0.215375 0.195147 -0.956834
    outer loop
      vertex 26.8494 20.235 25.1069
      vertex 27.0327 20.0327 25.1069
      vertex 26.2724 19.2724 24.7807
    endloop
  endfacet
  facet normal -0.196926 0.328581 -0.923718
    outer loop
      vertex 31.1431 18.7927 24.7807
      vertex 31.7198 17.9295 24.3507
      vertex 30.8184 18.5981 24.7807
    endloop
  endfacet
  facet normal -0.363736 0.606878 -0.706679
    outer loop
      vertex 33.272 15.6065 22.4839
      vertex 33.7134 14.9459 21.6894
      vertex 32.9993 14.5179 21.6894
    endloop
  endfacet
  facet normal 0.52353 0.187331 -0.831158
    outer loop
      vertex 23.367 20.2912 23.821
      vertex 22.6984 19.3898 23.1967
      vertex 22.4729 20.02 23.1967
    endloop
  endfacet
  facet normal 0.444265 0.158952 -0.881682
    outer loop
      vertex 24.3153 20.5789 24.3507
      vertex 23.5616 19.7473 23.821
      vertex 23.367 20.2912 23.821
    endloop
  endfacet
  facet normal 0.446585 0.331284 -0.831152
    outer loop
      vertex 24.1056 18.7296 23.821
      vertex 23.7275 17.673 23.1967
      vertex 23.3287 18.2106 23.1967
    endloop
  endfacet
  facet normal 0.606882 0.363679 -0.706704
    outer loop
      vertex 22.2186 18.3753 22.4839
      vertex 22.6065 17.728 22.4839
      vertex 21.5179 18.0007 21.6894
    endloop
  endfacet
  facet normal 0.666155 0.238334 -0.706706
    outer loop
      vertex 21.6418 19.7679 22.4839
      vertex 21.896 19.0574 22.4839
      vertex 21.1619 18.7534 21.6894
    endloop
  endfacet
  facet normal 0.143987 0.970201 -0.194878
    outer loop
      vertex 26.8332 11.1066 16.7821
      vertex 27.9113 10.9466 16.7821
      vertex 26.7904 10.8916 15.6801
    endloop
  endfacet
  facet normal 0.835349 0.395053 -0.382262
    outer loop
      vertex 19.4372 18.039 18.8955
      vertex 19.4923 16.918 17.8574
      vertex 19.04 17.8744 17.8574
    endloop
  endfacet
  facet normal 0.872634 0.129401 -0.47092
    outer loop
      vertex 19.2263 21.0374 19.8865
      vertex 18.8482 19.9807 18.8955
      vertex 18.6992 20.9855 18.8955
    endloop
  endfacet
  facet normal 0.699854 0.103767 -0.706709
    outer loop
      vertex 21.4584 20.4999 22.4839
      vertex 20.6791 20.3449 21.6894
      vertex 20.557 21.1684 21.6894
    endloop
  endfacet
  facet normal 0.615838 0.154296 -0.772616
    outer loop
      vertex 22.4729 20.02 23.1967
      vertex 21.6418 19.7679 22.4839
      vertex 21.4584 20.4999 22.4839
    endloop
  endfacet
  facet normal 0.855724 0.214344 -0.47095
    outer loop
      vertex 19.6019 19.1491 19.8865
      vertex 19.095 18.9954 18.8955
      vertex 18.8482 19.9807 18.8955
    endloop
  endfacet
  facet normal 0.914042 0.135643 -0.382268
    outer loop
      vertex 18.8482 19.9807 18.8955
      vertex 18.4265 19.8968 17.8574
      vertex 18.2712 20.9433 17.8574
    endloop
  endfacet
  facet normal 0.955882 0.0469483 -0.289974
    outer loop
      vertex 18.2193 22 17.8574
      vertex 18.2712 20.9433 17.8574
      vertex 17.8931 22 16.7821
    endloop
  endfacet
  facet normal 0.90106 0.322486 -0.289989
    outer loop
      vertex 19.04 17.8744 17.8574
      vertex 18.7386 17.7496 16.7821
      vertex 18.6835 18.8705 17.8574
    endloop
  endfacet
  facet normal 0.397594 0.663369 -0.633924
    outer loop
      vertex 24.2866 14.9459 21.6894
      vertex 25.0007 14.5179 21.6894
      vertex 23.8906 14.3532 20.8208
    endloop
  endfacet
  facet normal 0.592812 0.79937 -0.0978843
    outer loop
      vertex 21.8148 13.2448 15.6801
      vertex 22.7076 12.5827 15.6801
      vertex 21.7449 13.1597 14.5618
    endloop
  endfacet
  facet normal 0.768735 0.570083 -0.289917
    outer loop
      vertex 20.6664 15.1608 17.8574
      vertex 20.4143 14.9539 16.7821
      vertex 20.0362 16.0106 17.8574
    endloop
  endfacet
  facet normal 0.853635 0.511596 -0.0978626
    outer loop
      vertex 19.0113 16.6609 15.6801
      vertex 19.4911 15.6464 14.5618
      vertex 18.9142 16.609 14.5618
    endloop
  endfacet
  facet normal 0.89964 0.425524 -0.0978626
    outer loop
      vertex 19.0113 16.6609 15.6801
      vertex 18.9142 16.609 14.5618
      vertex 18.4343 17.6236 14.5618
    endloop
  endfacet
  facet normal 0.899658 0.425475 -0.0979144
    outer loop
      vertex 18.5361 17.6657 15.6801
      vertex 19.0113 16.6609 15.6801
      vertex 18.4343 17.6236 14.5618
    endloop
  endfacet
  facet normal 0.901096 0.322435 -0.289935
    outer loop
      vertex 18.6835 18.8705 17.8574
      vertex 18.7386 17.7496 16.7821
      vertex 18.3714 18.7758 16.7821
    endloop
  endfacet
  facet normal 0.886673 0.419334 0.194858
    outer loop
      vertex 19.0113 16.6609 12.3199
      vertex 18.7386 17.7496 11.2179
      vertex 18.5361 17.6657 12.3199
    endloop
  endfacet
  facet normal 0.799347 0.592838 -0.0979181
    outer loop
      vertex 19.5827 15.7076 15.6801
      vertex 20.1597 14.7449 14.5618
      vertex 19.4911 15.6464 14.5618
    endloop
  endfacet
  facet normal 0.511641 0.853601 0.0979186
    outer loop
      vertex 23.6609 12.0113 12.3199
      vertex 22.7076 12.5827 12.3199
      vertex 22.6464 12.4911 13.4382
    endloop
  endfacet
  facet normal 0.335305 0.937008 -0.0979079
    outer loop
      vertex 25.7122 11.1616 15.6801
      vertex 25.6802 11.0562 14.5618
      vertex 24.6236 11.4343 14.5618
    endloop
  endfacet
  facet normal 0.671594 0.740919 -0
    outer loop
      vertex 21.7449 13.1597 13.4382
      vertex 20.9134 13.9134 14.5618
      vertex 21.7449 13.1597 14.5618
    endloop
  endfacet
  facet normal 0.671594 0.740919 0
    outer loop
      vertex 20.9134 13.9134 14.5618
      vertex 21.7449 13.1597 13.4382
      vertex 20.9134 13.9134 13.4382
    endloop
  endfacet
  facet normal 0.726732 0.658702 -0.194866
    outer loop
      vertex 21.1463 14.1463 16.7821
      vertex 20.9913 13.9913 15.6801
      vertex 20.4143 14.9539 16.7821
    endloop
  endfacet
  facet normal 0.709116 0.642735 -0.289907
    outer loop
      vertex 21.3769 14.3769 17.8574
      vertex 21.1463 14.1463 16.7821
      vertex 20.4143 14.9539 16.7821
    endloop
  endfacet
  facet normal 0.726685 0.658737 -0.194921
    outer loop
      vertex 20.4143 14.9539 16.7821
      vertex 20.9913 13.9913 15.6801
      vertex 20.2448 14.8148 15.6801
    endloop
  endfacet
  facet normal -0.135643 0.914043 0.382264
    outer loop
      vertex 31.1032 11.4265 10.1426
      vertex 31.0193 11.8482 9.10449
      vertex 30.0567 11.2712 10.1426
    endloop
  endfacet
  facet normal -0.0433378 0.881087 0.470965
    outer loop
      vertex 30.0145 11.6992 9.10449
      vertex 29 12.179 8.11352
      vertex 29 11.6493 9.10449
    endloop
  endfacet
  facet normal 0.135643 0.914043 0.382264
    outer loop
      vertex 27.9433 11.2712 10.1426
      vertex 26.9807 11.8482 9.10449
      vertex 26.8968 11.4265 10.1426
    endloop
  endfacet
  facet normal -0.0453946 0.922903 0.382347
    outer loop
      vertex 30.0567 11.2712 10.1426
      vertex 30.0145 11.6992 9.10449
      vertex 29 11.6493 9.10449
    endloop
  endfacet
  facet normal -0.280194 0.783161 0.555113
    outer loop
      vertex 31.8509 12.6019 8.11352
      vertex 32.5194 13.5033 7.17924
      vertex 31.6697 13.1993 7.17924
    endloop
  endfacet
  facet normal 0.187925 0.750215 0.633926
    outer loop
      vertex 27.3449 13.6791 6.31065
      vertex 26.5373 13.8814 6.31065
      vertex 26.3303 13.1993 7.17924
    endloop
  endfacet
  facet normal 0.495541 0.668057 0.555103
    outer loop
      vertex 23.5437 13.8341 8.11352
      vertex 23.1657 14.8908 7.17924
      vertex 22.7696 14.4083 8.11352
    endloop
  endfacet
  facet normal 0.11343 0.765026 0.633932
    outer loop
      vertex 28.0986 12.8476 7.17924
      vertex 28.1684 13.557 6.31065
      vertex 27.3449 13.6791 6.31065
    endloop
  endfacet
  facet normal 0.504274 0.841266 0.194881
    outer loop
      vertex 23.6609 12.0113 12.3199
      vertex 23.7643 12.2046 11.2179
      vertex 22.8294 12.765 11.2179
    endloop
  endfacet
  facet normal 0.409178 0.865156 0.289962
    outer loop
      vertex 24.7496 11.7386 11.2179
      vertex 23.918 12.4923 10.1426
      vertex 23.7643 12.2046 11.2179
    endloop
  endfacet
  facet normal 0.570083 0.768735 0.289917
    outer loop
      vertex 23.0106 13.0362 10.1426
      vertex 22.1608 13.6664 10.1426
      vertex 21.9539 13.4143 11.2179
    endloop
  endfacet
  facet normal 0.584247 0.78782 0.194922
    outer loop
      vertex 22.7076 12.5827 12.3199
      vertex 21.9539 13.4143 11.2179
      vertex 21.8148 13.2448 12.3199
    endloop
  endfacet
  facet normal 0.224522 0.896361 0.382265
    outer loop
      vertex 26.8968 11.4265 10.1426
      vertex 26.9807 11.8482 9.10449
      vertex 25.9954 12.095 9.10449
    endloop
  endfacet
  facet normal 0.214342 0.855718 0.470961
    outer loop
      vertex 26.9807 11.8482 9.10449
      vertex 26.1491 12.6019 8.11352
      vertex 25.9954 12.095 9.10449
    endloop
  endfacet
  facet normal 0.453524 0.756625 0.470993
    outer loop
      vertex 24.1207 12.8715 9.10449
      vertex 24.3704 13.3387 8.11352
      vertex 23.2495 13.3937 9.10449
    endloop
  endfacet
  facet normal 0.297182 0.83058 0.470978
    outer loop
      vertex 25.9954 12.095 9.10449
      vertex 25.2417 12.9266 8.11352
      vertex 25.039 12.4372 9.10449
    endloop
  endfacet
  facet normal -0.238259 0.951448 0.194881
    outer loop
      vertex 31.2096 10.8916 12.3199
      vertex 32.2878 11.1616 12.3199
      vertex 31.1668 11.1066 11.2179
    endloop
  endfacet
  facet normal 0.143987 0.970201 0.194878
    outer loop
      vertex 27.9113 10.9466 11.2179
      vertex 26.8332 11.1066 11.2179
      vertex 26.7904 10.8916 12.3199
    endloop
  endfacet
  facet normal -0.241809 0.965372 0.0979058
    outer loop
      vertex 32.3198 11.0562 13.4382
      vertex 32.2878 11.1616 12.3199
      vertex 31.2311 10.7835 13.4382
    endloop
  endfacet
  facet normal -0.202105 0.806853 -0.555106
    outer loop
      vertex 31.6697 13.1993 20.8208
      vertex 31.8509 12.6019 19.8865
      vertex 30.7942 12.98 20.8208
    endloop
  endfacet
  facet normal 0.0408221 0.830768 -0.55512
    outer loop
      vertex 29 12.8033 20.8208
      vertex 29 12.179 19.8865
      vertex 28.0374 12.2263 19.8865
    endloop
  endfacet
  facet normal 0.453527 0.75663 -0.470982
    outer loop
      vertex 24.3704 13.3387 19.8865
      vertex 24.1207 12.8715 18.8955
      vertex 23.2495 13.3937 18.8955
    endloop
  endfacet
  facet normal 0.395064 0.835338 -0.382275
    outer loop
      vertex 24.1207 12.8715 18.8955
      vertex 25.039 12.4372 18.8955
      vertex 23.918 12.4923 17.8574
    endloop
  endfacet
  facet normal 0.214367 0.855727 -0.470933
    outer loop
      vertex 27.084 12.3677 19.8865
      vertex 26.9807 11.8482 18.8955
      vertex 26.1491 12.6019 19.8865
    endloop
  endfacet
  facet normal -0.476924 0.285938 -0.831133
    outer loop
      vertex 35.0154 18.7847 23.1967
      vertex 34.6712 18.2106 23.1967
      vertex 33.8944 18.7296 23.821
    endloop
  endfacet
  facet normal -0.0273356 0.555375 -0.83115
    outer loop
      vertex 29 16.1135 23.821
      vertex 29.577 16.1419 23.821
      vertex 29 15.1792 23.1967
    endloop
  endfacet
  facet normal 0.0481411 0.979648 -0.194863
    outer loop
      vertex 29 10.8931 16.7821
      vertex 29 10.6739 15.6801
      vertex 27.9113 10.9466 16.7821
    endloop
  endfacet
  facet normal 0.048862 0.994 0.0978623
    outer loop
      vertex 29 10.5638 13.4382
      vertex 29 10.6739 12.3199
      vertex 27.8791 10.6189 13.4382
    endloop
  endfacet
  facet normal 0.297214 0.830587 -0.470945
    outer loop
      vertex 26.1491 12.6019 19.8865
      vertex 25.9954 12.095 18.8955
      vertex 25.2417 12.9266 19.8865
    endloop
  endfacet
  facet normal -0.0469735 0.955888 -0.289951
    outer loop
      vertex 30.0567 11.2712 17.8574
      vertex 30.0887 10.9466 16.7821
      vertex 29 10.8931 16.7821
    endloop
  endfacet
  facet normal -0.143923 0.970223 0.194815
    outer loop
      vertex 30.1101 10.7285 12.3199
      vertex 31.2096 10.8916 12.3199
      vertex 30.0887 10.9466 11.2179
    endloop
  endfacet
  facet normal 0.0481841 0.979654 -0.194822
    outer loop
      vertex 27.9113 10.9466 16.7821
      vertex 29 10.6739 15.6801
      vertex 27.8899 10.7285 15.6801
    endloop
  endfacet
  facet normal 0.241809 0.965372 0.0979058
    outer loop
      vertex 26.7689 10.7835 13.4382
      vertex 25.7122 11.1616 12.3199
      vertex 25.6802 11.0562 13.4382
    endloop
  endfacet
  facet normal 0.0490976 0.998794 -0
    outer loop
      vertex 29 10.5638 13.4382
      vertex 27.8791 10.6189 14.5618
      vertex 29 10.5638 14.5618
    endloop
  endfacet
  facet normal 0.0490976 0.998794 0
    outer loop
      vertex 27.8791 10.6189 14.5618
      vertex 29 10.5638 13.4382
      vertex 27.8791 10.6189 13.4382
    endloop
  endfacet
  facet normal 0.336923 0.941532 -0
    outer loop
      vertex 25.6802 11.0562 13.4382
      vertex 24.6236 11.4343 14.5618
      vertex 25.6802 11.0562 14.5618
    endloop
  endfacet
  facet normal 0.336923 0.941532 0
    outer loop
      vertex 24.6236 11.4343 14.5618
      vertex 25.6802 11.0562 13.4382
      vertex 24.6236 11.4343 13.4382
    endloop
  endfacet
  facet normal 0.511596 0.853635 -0.0978626
    outer loop
      vertex 23.6609 12.0113 15.6801
      vertex 23.609 11.9142 14.5618
      vertex 22.6464 12.4911 14.5618
    endloop
  endfacet
  facet normal 0.241809 0.965372 -0.0979058
    outer loop
      vertex 25.7122 11.1616 15.6801
      vertex 26.7689 10.7835 14.5618
      vertex 25.6802 11.0562 14.5618
    endloop
  endfacet
  facet normal 0.330446 0.923485 0.194885
    outer loop
      vertex 25.7122 11.1616 12.3199
      vertex 25.7758 11.3714 11.2179
      vertex 24.7496 11.7386 11.2179
    endloop
  endfacet
  facet normal 0.238266 0.951445 0.194888
    outer loop
      vertex 26.8332 11.1066 11.2179
      vertex 25.7758 11.3714 11.2179
      vertex 25.7122 11.1616 12.3199
    endloop
  endfacet
  facet normal 0.426543 0.201755 0.881678
    outer loop
      vertex 23.8086 19.2251 4.17901
      vertex 24.6825 19.6923 3.64932
      vertex 23.5616 19.7473 4.17901
    endloop
  endfacet
  facet normal -0.0815743 0.550004 0.831169
    outer loop
      vertex 29.6686 15.2121 4.80327
      vertex 30.3307 15.3103 4.80327
      vertex 29.577 16.1419 4.17901
    endloop
  endfacet
  facet normal 0.573916 0.271451 0.772616
    outer loop
      vertex 22.9846 18.7847 4.80327
      vertex 22.6984 19.3898 4.80327
      vertex 22.2186 18.3753 5.51611
    endloop
  endfacet
  facet normal -0.0970648 0.0144261 0.995174
    outer loop
      vertex 30.6478 21.6722 2.67393
      vertex 29.5591 21.9449 2.56379
      vertex 29.551 21.8904 2.56379
    endloop
  endfacet
  facet normal -0.069183 0.46672 0.881695
    outer loop
      vertex 30.1484 16.2266 4.17901
      vertex 29.9551 17.1986 3.64932
      vertex 29.577 16.1419 4.17901
    endloop
  endfacet
  facet normal -0.281107 0.378976 0.881678
    outer loop
      vertex 32.2704 17.1056 4.17901
      vertex 32.7343 17.4497 4.17901
      vertex 31.7198 17.9295 3.64932
    endloop
  endfacet
  facet normal -0.187919 0.75022 0.633922
    outer loop
      vertex 30.7942 12.98 7.17924
      vertex 31.6697 13.1993 7.17924
      vertex 30.6551 13.6791 6.31065
    endloop
  endfacet
  facet normal 0.0408218 0.830763 0.555128
    outer loop
      vertex 29 12.179 8.11352
      vertex 29 12.8033 7.17924
      vertex 28.0374 12.2263 8.11352
    endloop
  endfacet
  facet normal 0.330665 0.699118 0.633952
    outer loop
      vertex 25.4806 13.5033 7.17924
      vertex 25.7534 14.1619 6.31065
      vertex 24.6647 13.8892 7.17924
    endloop
  endfacet
  facet normal 0.33066 0.699124 0.633948
    outer loop
      vertex 25.7534 14.1619 6.31065
      vertex 25.0007 14.5179 6.31065
      vertex 24.6647 13.8892 7.17924
    endloop
  endfacet
  facet normal 0.6396 0.3025 0.706686
    outer loop
      vertex 22.2186 18.3753 5.51611
      vertex 21.896 19.0574 5.51611
      vertex 21.1619 18.7534 6.31065
    endloop
  endfacet
  facet normal 0.765033 0.113452 0.633919
    outer loop
      vertex 19.98 20.2058 7.17924
      vertex 20.6791 20.3449 6.31065
      vertex 19.8476 21.0986 7.17924
    endloop
  endfacet
  facet normal 0.621169 0.460745 0.633926
    outer loop
      vertex 22.4419 16.6179 6.31065
      vertex 21.9459 17.2866 6.31065
      vertex 21.3532 16.8906 7.17924
    endloop
  endfacet
  facet normal 0.797458 0.377149 0.470977
    outer loop
      vertex 19.8715 17.1207 9.10449
      vertex 19.9266 18.2417 8.11352
      vertex 19.4372 18.039 9.10449
    endloop
  endfacet
  facet normal 0.524266 0.475145 0.70667
    outer loop
      vertex 23.001 16.001 6.31065
      vertex 23.0561 17.1219 5.51611
      vertex 22.4419 16.6179 6.31065
    endloop
  endfacet
  facet normal 0.66334 0.39761 0.633945
    outer loop
      vertex 21.3532 16.8906 7.17924
      vertex 21.5179 18.0007 6.31065
      vertex 20.8892 17.6647 7.17924
    endloop
  endfacet
  facet normal 0.46068 0.621181 0.633962
    outer loop
      vertex 23.8906 14.3532 7.17924
      vertex 23.6179 15.4419 6.31065
      vertex 23.1657 14.8908 7.17924
    endloop
  endfacet
  facet normal 0.45346 0.756712 0.470916
    outer loop
      vertex 24.3704 13.3387 8.11352
      vertex 23.5437 13.8341 8.11352
      vertex 23.2495 13.3937 9.10449
    endloop
  endfacet
  facet normal 0.421541 0.568274 0.70666
    outer loop
      vertex 24.2866 14.9459 6.31065
      vertex 24.728 15.6065 5.51611
      vertex 24.1219 16.0561 5.51611
    endloop
  endfacet
  facet normal 0.524277 0.475141 0.706664
    outer loop
      vertex 23.5628 16.5628 5.51611
      vertex 23.0561 17.1219 5.51611
      vertex 23.001 16.001 6.31065
    endloop
  endfacet
  facet normal 0.0706252 0.281887 0.956845
    outer loop
      vertex 28.2475 18.2167 3.21932
      vertex 28.1924 19.3377 2.89314
      vertex 27.8803 18.3087 3.21932
    endloop
  endfacet
  facet normal 0.37335 0.412042 0.831162
    outer loop
      vertex 25.2657 17.4497 4.17901
      vertex 24.8376 17.8376 4.17901
      vertex 24.673 16.7275 4.80327
    endloop
  endfacet
  facet normal -0.570083 0.768735 0.289917
    outer loop
      vertex 36.0461 13.4143 11.2179
      vertex 35.8392 13.6664 10.1426
      vertex 34.9894 13.0362 10.1426
    endloop
  endfacet
  facet normal -0.592475 0.653616 0.470913
    outer loop
      vertex 36.319 14.681 9.10449
      vertex 35.9445 15.0555 8.11352
      vertex 35.5664 13.9988 9.10449
    endloop
  endfacet
  facet normal 0.355644 0.751931 0.555082
    outer loop
      vertex 25.2417 12.9266 8.11352
      vertex 25.4806 13.5033 7.17924
      vertex 24.6647 13.8892 7.17924
    endloop
  endfacet
  facet normal 0.0931383 0.62799 0.772628
    outer loop
      vertex 28.2463 14.3477 5.51611
      vertex 28.3314 15.2121 4.80327
      vertex 27.4999 14.4584 5.51611
    endloop
  endfacet
  facet normal -0.214365 0.855722 0.470944
    outer loop
      vertex 31.0193 11.8482 9.10449
      vertex 31.8509 12.6019 8.11352
      vertex 30.916 12.3677 8.11352
    endloop
  endfacet
  facet normal -0.214342 0.855718 0.470961
    outer loop
      vertex 32.0046 12.095 9.10449
      vertex 31.8509 12.6019 8.11352
      vertex 31.0193 11.8482 9.10449
    endloop
  endfacet
  facet normal -0.427598 0.713469 0.555087
    outer loop
      vertex 33.6296 13.3387 8.11352
      vertex 34.4562 13.8341 8.11352
      vertex 33.3353 13.8892 7.17924
    endloop
  endfacet
  facet normal -0.592405 0.653641 0.470967
    outer loop
      vertex 35.5664 13.9988 9.10449
      vertex 35.9445 15.0555 8.11352
      vertex 35.2304 14.4083 8.11352
    endloop
  endfacet
  facet normal -0.31696 0.349569 0.881668
    outer loop
      vertex 32.7343 17.4497 4.17901
      vertex 32.4616 18.5384 3.64932
      vertex 32.1057 18.2157 3.64932
    endloop
  endfacet
  facet normal -0.558578 0.616317 0.555107
    outer loop
      vertex 35.2304 14.4083 8.11352
      vertex 35.9445 15.0555 8.11352
      vertex 34.8343 14.8908 7.17924
    endloop
  endfacet
  facet normal -0.615842 0.154221 0.772629
    outer loop
      vertex 36.5416 20.4999 5.51611
      vertex 35.6897 20.6693 4.80327
      vertex 35.5271 20.02 4.80327
    endloop
  endfacet
  facet normal -0.699118 0.330665 0.633952
    outer loop
      vertex 37.1108 17.6647 7.17924
      vertex 37.4967 18.4806 7.17924
      vertex 36.8381 18.7534 6.31065
    endloop
  endfacet
  facet normal -0.425524 0.89964 -0.0978626
    outer loop
      vertex 34.3391 12.0113 15.6801
      vertex 34.391 11.9142 14.5618
      vertex 33.3764 11.4343 14.5618
    endloop
  endfacet
  facet normal -0.525509 0.708549 0.470955
    outer loop
      vertex 34.7505 13.3937 9.10449
      vertex 35.2304 14.4083 8.11352
      vertex 34.4562 13.8341 8.11352
    endloop
  endfacet
  facet normal -0.232489 0.928376 0.289941
    outer loop
      vertex 31.1668 11.1066 11.2179
      vertex 32.2242 11.3714 11.2179
      vertex 31.1032 11.4265 10.1426
    endloop
  endfacet
  facet normal -0.238266 0.951445 0.194888
    outer loop
      vertex 32.2878 11.1616 12.3199
      vertex 32.2242 11.3714 11.2179
      vertex 31.1668 11.1066 11.2179
    endloop
  endfacet
  facet normal -0.726685 0.658737 0.194921
    outer loop
      vertex 37.7552 14.8148 12.3199
      vertex 37.5857 14.9539 11.2179
      vertex 37.0087 13.9913 12.3199
    endloop
  endfacet
  facet normal -0.726685 0.658737 -0.194921
    outer loop
      vertex 37.5857 14.9539 16.7821
      vertex 37.7552 14.8148 15.6801
      vertex 37.0087 13.9913 15.6801
    endloop
  endfacet
  facet normal -0.65362 0.592479 -0.470902
    outer loop
      vertex 37.0012 15.4336 18.8955
      vertex 36.319 14.681 18.8955
      vertex 35.9445 15.0555 19.8865
    endloop
  endfacet
  facet normal -0.0453298 0.922928 -0.382294
    outer loop
      vertex 29 11.6493 18.8955
      vertex 30.0567 11.2712 17.8574
      vertex 29 11.2193 17.8574
    endloop
  endfacet
  facet normal -0.419349 0.886662 -0.194875
    outer loop
      vertex 34.2357 12.2046 16.7821
      vertex 34.3391 12.0113 15.6801
      vertex 33.2504 11.7386 16.7821
    endloop
  endfacet
  facet normal 0.984429 0.145953 0.0979655
    outer loop
      vertex 17.7835 19.7689 13.4382
      vertex 17.8916 19.7904 12.3199
      vertex 17.6189 20.8791 13.4382
    endloop
  endfacet
  facet normal 0.663366 0.397593 0.633928
    outer loop
      vertex 21.9459 17.2866 6.31065
      vertex 21.5179 18.0007 6.31065
      vertex 21.3532 16.8906 7.17924
    endloop
  endfacet
  facet normal 0.273615 0.0978568 0.956848
    outer loop
      vertex 25.4362 20.5238 3.21932
      vertex 26.4297 20.9353 2.89314
      vertex 25.3087 20.8803 3.21932
    endloop
  endfacet
  facet normal 0.52352 0.187308 0.831169
    outer loop
      vertex 23.5616 19.7473 4.17901
      vertex 23.367 20.2912 4.17901
      vertex 22.6984 19.3898 4.80327
    endloop
  endfacet
  facet normal 0.615842 0.154221 0.772629
    outer loop
      vertex 22.4729 20.02 4.80327
      vertex 22.3103 20.6693 4.80327
      vertex 21.4584 20.4999 5.51611
    endloop
  endfacet
  facet normal 0.426544 0.201732 0.881682
    outer loop
      vertex 24.6825 19.6923 3.64932
      vertex 24.4771 20.1266 3.64932
      vertex 23.5616 19.7473 4.17901
    endloop
  endfacet
  facet normal 0.176574 0.0834936 0.98074
    outer loop
      vertex 26.5464 20.6885 2.89314
      vertex 27.4478 21.3571 2.67393
      vertex 26.4297 20.9353 2.89314
    endloop
  endfacet
  facet normal 0.065807 0.183902 0.980739
    outer loop
      vertex 28.1924 19.3377 2.89314
      vertex 28.3571 20.4478 2.67393
      vertex 27.9353 19.4297 2.89314
    endloop
  endfacet
  facet normal 0.0286673 0.193208 0.980739
    outer loop
      vertex 28.7273 19.2313 2.89314
      vertex 28.8353 20.328 2.67393
      vertex 28.6722 20.3522 2.67393
    endloop
  endfacet
  facet normal -0.183908 0.0657661 0.980741
    outer loop
      vertex 31.6623 21.1924 2.89314
      vertex 30.6077 21.5123 2.67393
      vertex 30.5522 21.3571 2.67393
    endloop
  endfacet
  facet normal -0.0657661 0.183908 0.980741
    outer loop
      vertex 29.8076 19.3377 2.89314
      vertex 29.6429 20.4478 2.67393
      vertex 29.4877 20.3923 2.67393
    endloop
  endfacet
  facet normal -0.597779 0.213899 0.772598
    outer loop
      vertex 36.3582 19.7679 5.51611
      vertex 35.5271 20.02 4.80327
      vertex 35.3016 19.3898 4.80327
    endloop
  endfacet
  facet normal -0.470409 0.426308 0.772643
    outer loop
      vertex 34.9439 17.1219 5.51611
      vertex 34.2725 17.673 4.80327
      vertex 33.823 17.177 4.80327
    endloop
  endfacet
  facet normal -0.750218 0.187926 -0.633922
    outer loop
      vertex 37.3209 20.3449 21.6894
      vertex 37.8007 19.3303 20.8208
      vertex 37.1186 19.5373 21.6894
    endloop
  endfacet
  facet normal -0.806853 0.202105 -0.555106
    outer loop
      vertex 38.02 20.2058 20.8208
      vertex 38.3981 19.1491 19.8865
      vertex 37.8007 19.3303 20.8208
    endloop
  endfacet
  facet normal -0.928382 0.23248 -0.289932
    outer loop
      vertex 39.5735 19.8968 17.8574
      vertex 39.6286 18.7758 16.7821
      vertex 39.3165 18.8705 17.8574
    endloop
  endfacet
  facet normal -0.979648 0.0481411 -0.194863
    outer loop
      vertex 40.1069 22 16.7821
      vertex 40.3261 22 15.6801
      vertex 40.0534 20.9113 16.7821
    endloop
  endfacet
  facet normal -0.822772 0.122026 -0.555117
    outer loop
      vertex 38.7737 21.0374 19.8865
      vertex 38.6323 20.084 19.8865
      vertex 38.02 20.2058 20.8208
    endloop
  endfacet
  facet normal -0.896354 0.22446 -0.382318
    outer loop
      vertex 39.5735 19.8968 17.8574
      vertex 39.3165 18.8705 17.8574
      vertex 38.905 18.9954 18.8955
    endloop
  endfacet
  facet normal -0.57391 0.271431 -0.772627
    outer loop
      vertex 36.104 19.0574 22.4839
      vertex 35.7814 18.3753 22.4839
      vertex 35.3016 19.3898 23.1967
    endloop
  endfacet
  facet normal -0.699127 0.330662 -0.633944
    outer loop
      vertex 36.8381 18.7534 21.6894
      vertex 37.1108 17.6647 20.8208
      vertex 36.4821 18.0007 21.6894
    endloop
  endfacet
  facet normal -0.187926 0.750218 -0.633922
    outer loop
      vertex 31.4627 13.8814 21.6894
      vertex 31.6697 13.1993 20.8208
      vertex 30.6551 13.6791 21.6894
    endloop
  endfacet
  facet normal -0.238359 0.66613 -0.706722
    outer loop
      vertex 32.2466 14.1619 21.6894
      vertex 31.4627 13.8814 21.6894
      vertex 31.2321 14.6418 22.4839
    endloop
  endfacet
  facet normal -0.196935 0.328571 -0.92372
    outer loop
      vertex 31.7198 17.9295 24.3507
      vertex 31.3077 17.6825 24.3507
      vertex 30.8184 18.5981 24.7807
    endloop
  endfacet
  facet normal -0.260527 0.728191 -0.633926
    outer loop
      vertex 32.5194 13.5033 20.8208
      vertex 31.6697 13.1993 20.8208
      vertex 31.4627 13.8814 21.6894
    endloop
  endfacet
  facet normal -0.214367 0.855727 -0.470933
    outer loop
      vertex 31.8509 12.6019 19.8865
      vertex 31.0193 11.8482 18.8955
      vertex 30.916 12.3677 19.8865
    endloop
  endfacet
  facet normal -0.377152 0.797463 -0.470966
    outer loop
      vertex 33.8793 12.8715 18.8955
      vertex 32.961 12.4372 18.8955
      vertex 32.7583 12.9266 19.8865
    endloop
  endfacet
  facet normal -0.550441 0.742199 -0.382302
    outer loop
      vertex 35.5664 13.9988 18.8955
      vertex 35.8392 13.6664 17.8574
      vertex 34.7505 13.3937 18.8955
    endloop
  endfacet
  facet normal -0.460682 0.621184 -0.633957
    outer loop
      vertex 34.3821 15.4419 21.6894
      vertex 34.8343 14.8908 20.8208
      vertex 34.1094 14.3532 20.8208
    endloop
  endfacet
  facet normal -0.519325 0.573048 -0.633969
    outer loop
      vertex 34.999 16.001 21.6894
      vertex 35.5031 15.4969 20.8208
      vertex 34.8343 14.8908 20.8208
    endloop
  endfacet
  facet normal -0.70854 0.52557 -0.470902
    outer loop
      vertex 37.1659 16.5437 19.8865
      vertex 37.6063 16.2495 18.8955
      vertex 36.5917 15.7696 19.8865
    endloop
  endfacet
  facet normal -0.857752 0.514063 0
    outer loop
      vertex 38.5089 15.6464 13.4382
      vertex 39.0858 16.609 14.5618
      vertex 39.0858 16.609 13.4382
    endloop
  endfacet
  facet normal -0.857752 0.514063 0
    outer loop
      vertex 39.0858 16.609 14.5618
      vertex 38.5089 15.6464 13.4382
      vertex 38.5089 15.6464 14.5618
    endloop
  endfacet
  facet normal -0.984429 0.145953 0.0979655
    outer loop
      vertex 40.2165 19.7689 13.4382
      vertex 40.3811 20.8791 13.4382
      vertex 40.1084 19.7904 12.3199
    endloop
  endfacet
  facet normal -0.592479 0.65362 -0.470902
    outer loop
      vertex 35.9445 15.0555 19.8865
      vertex 36.319 14.681 18.8955
      vertex 35.5664 13.9988 18.8955
    endloop
  endfacet
  facet normal -0.870041 0.311301 -0.382257
    outer loop
      vertex 38.905 18.9954 18.8955
      vertex 38.96 17.8744 17.8574
      vertex 38.5628 18.039 18.8955
    endloop
  endfacet
  facet normal -0.799347 0.592838 -0.0979181
    outer loop
      vertex 38.4173 15.7076 15.6801
      vertex 38.5089 15.6464 14.5618
      vertex 37.8403 14.7449 14.5618
    endloop
  endfacet
  facet normal -0.797445 0.377169 -0.470984
    outer loop
      vertex 38.0734 18.2417 19.8865
      vertex 38.1285 17.1207 18.8955
      vertex 37.6613 17.3704 19.8865
    endloop
  endfacet
  facet normal -0.928376 0.232489 0.289941
    outer loop
      vertex 39.6286 18.7758 11.2179
      vertex 39.8934 19.8332 11.2179
      vertex 39.5735 19.8968 10.1426
    endloop
  endfacet
  facet normal -0.994 0.048862 0.0978623
    outer loop
      vertex 40.3811 20.8791 13.4382
      vertex 40.4362 22 13.4382
      vertex 40.3261 22 12.3199
    endloop
  endfacet
  facet normal -0.955888 0.0469735 0.289951
    outer loop
      vertex 40.0534 20.9113 11.2179
      vertex 40.1069 22 11.2179
      vertex 39.7288 20.9433 10.1426
    endloop
  endfacet
  facet normal -0.979654 0.0481841 0.194822
    outer loop
      vertex 40.2715 20.8899 12.3199
      vertex 40.3261 22 12.3199
      vertex 40.0534 20.9113 11.2179
    endloop
  endfacet
  facet normal -0.830759 0.0408283 0.555133
    outer loop
      vertex 38.7737 21.0374 8.11352
      vertex 38.1967 22 7.17924
      vertex 38.1524 21.0986 7.17924
    endloop
  endfacet
  facet normal -0.822763 0.122014 0.555133
    outer loop
      vertex 38.7737 21.0374 8.11352
      vertex 38.1524 21.0986 7.17924
      vertex 38.02 20.2058 7.17924
    endloop
  endfacet
  facet normal -0.83058 0.297182 0.470978
    outer loop
      vertex 38.5628 18.039 9.10449
      vertex 38.905 18.9954 9.10449
      vertex 38.0734 18.2417 8.11352
    endloop
  endfacet
  facet normal -0.756712 0.45346 0.470916
    outer loop
      vertex 37.6063 16.2495 9.10449
      vertex 37.6613 17.3704 8.11352
      vertex 37.1659 16.5437 8.11352
    endloop
  endfacet
  facet normal -0.653641 0.592405 0.470967
    outer loop
      vertex 37.0012 15.4336 9.10449
      vertex 36.5917 15.7696 8.11352
      vertex 35.9445 15.0555 8.11352
    endloop
  endfacet
  facet normal -0.713491 0.42756 0.555088
    outer loop
      vertex 37.1659 16.5437 8.11352
      vertex 37.6613 17.3704 8.11352
      vertex 37.1108 17.6647 7.17924
    endloop
  endfacet
  facet normal -0.756625 0.453524 0.470993
    outer loop
      vertex 38.1285 17.1207 9.10449
      vertex 37.6613 17.3704 8.11352
      vertex 37.6063 16.2495 9.10449
    endloop
  endfacet
  facet normal -0.797458 0.377149 0.470977
    outer loop
      vertex 38.1285 17.1207 9.10449
      vertex 38.5628 18.039 9.10449
      vertex 38.0734 18.2417 8.11352
    endloop
  endfacet
  facet normal -0.886662 0.419349 0.194875
    outer loop
      vertex 38.9887 16.6609 12.3199
      vertex 39.2614 17.7496 11.2179
      vertex 38.7954 16.7643 11.2179
    endloop
  endfacet
  facet normal -0.709116 0.642735 0.289907
    outer loop
      vertex 36.8537 14.1463 11.2179
      vertex 37.5857 14.9539 11.2179
      vertex 36.6231 14.3769 10.1426
    endloop
  endfacet
  facet normal -0.965372 0.241809 0.0979058
    outer loop
      vertex 39.9438 18.6802 13.4382
      vertex 40.2165 19.7689 13.4382
      vertex 39.8384 18.7122 12.3199
    endloop
  endfacet
  facet normal -0.937008 0.335305 0.0979079
    outer loop
      vertex 39.9438 18.6802 13.4382
      vertex 39.8384 18.7122 12.3199
      vertex 39.5657 17.6236 13.4382
    endloop
  endfacet
  facet normal -0.573897 0.271441 -0.772633
    outer loop
      vertex 35.3016 19.3898 23.1967
      vertex 35.7814 18.3753 22.4839
      vertex 35.0154 18.7847 23.1967
    endloop
  endfacet
  facet normal -0.502657 0.237746 -0.831151
    outer loop
      vertex 35.3016 19.3898 23.1967
      vertex 35.0154 18.7847 23.1967
      vertex 34.4384 19.7473 23.821
    endloop
  endfacet
  facet normal 0.0979782 0.0048186 -0.995177
    outer loop
      vertex 28.4382 22 25.4362
      vertex 27.328 21.8353 25.3261
      vertex 27.3199 22 25.3261
    endloop
  endfacet
  facet normal -0.70668 0.0347561 -0.70668
    outer loop
      vertex 37.4839 22 21.6894
      vertex 37.443 21.1684 21.6894
      vertex 36.6894 22 22.4839
    endloop
  endfacet
  facet normal -0.466727 0.0691841 -0.881691
    outer loop
      vertex 34.8581 21.423 23.821
      vertex 34.7734 20.8516 23.821
      vertex 33.8014 21.0449 24.3507
    endloop
  endfacet
  facet normal -0.287477 0.0426148 -0.956839
    outer loop
      vertex 32.8388 21.6219 24.7807
      vertex 32.7833 21.2475 24.7807
      vertex 31.7687 21.7273 25.1069
    endloop
  endfacet
  facet normal -0.444283 0.158932 -0.881676
    outer loop
      vertex 33.6847 20.5789 24.3507
      vertex 34.4384 19.7473 23.821
      vertex 33.5229 20.1266 24.3507
    endloop
  endfacet
  facet normal -0.37159 0.0931 -0.923717
    outer loop
      vertex 32.7833 21.2475 24.7807
      vertex 33.6847 20.5789 24.3507
      vertex 32.6913 20.8803 24.7807
    endloop
  endfacet
  facet normal 0.19508 0.0095859 -0.98074
    outer loop
      vertex 27.3199 22 25.3261
      vertex 26.2313 21.7273 25.1069
      vertex 26.2179 22 25.1069
    endloop
  endfacet
  facet normal 0.195078 0.00959401 -0.980741
    outer loop
      vertex 27.3199 22 25.3261
      vertex 27.328 21.8353 25.3261
      vertex 26.2313 21.7273 25.1069
    endloop
  endfacet
  facet normal -0.1932 0.0286661 -0.980741
    outer loop
      vertex 30.672 21.8353 25.3261
      vertex 31.7687 21.7273 25.1069
      vertex 30.6478 21.6722 25.3261
    endloop
  endfacet
  facet normal 0.360709 0.129005 -0.923714
    outer loop
      vertex 25.3087 20.8803 24.7807
      vertex 25.4362 20.5238 24.7807
      vertex 24.4771 20.1266 24.3507
    endloop
  endfacet
  facet normal -0.00959401 0.195078 -0.980741
    outer loop
      vertex 29.1647 20.328 25.3261
      vertex 29.2727 19.2313 25.1069
      vertex 29 20.3199 25.3261
    endloop
  endfacet
  facet normal -0.0095859 0.19508 -0.98074
    outer loop
      vertex 29 20.3199 25.3261
      vertex 29.2727 19.2313 25.1069
      vertex 29 19.2179 25.1069
    endloop
  endfacet
  facet normal -0.0048186 0.0979782 -0.995177
    outer loop
      vertex 29 21.4382 25.4362
      vertex 29.1647 20.328 25.3261
      vertex 29 20.3199 25.3261
    endloop
  endfacet
  facet normal 0.163824 0.346266 -0.923722
    outer loop
      vertex 27.1816 18.5981 24.7807
      vertex 27.5238 18.4362 24.7807
      vertex 26.6923 17.6825 24.3507
    endloop
  endfacet
  facet normal 0.183894 0.0658041 -0.980741
    outer loop
      vertex 27.4478 21.3571 25.3261
      vertex 26.4297 20.9353 25.1069
      vertex 26.3377 21.1924 25.1069
    endloop
  endfacet
  facet normal 0.273631 0.0978623 -0.956843
    outer loop
      vertex 26.4297 20.9353 25.1069
      vertex 25.4362 20.5238 24.7807
      vertex 25.3087 20.8803 24.7807
    endloop
  endfacet
  facet normal -0.0561732 0.378941 -0.923714
    outer loop
      vertex 29.7525 18.2167 24.7807
      vertex 29.4798 17.1281 24.3507
      vertex 29.3781 18.1612 24.7807
    endloop
  endfacet
  facet normal -0.0142793 0.290268 -0.956839
    outer loop
      vertex 29.2727 19.2313 25.1069
      vertex 29.3781 18.1612 24.7807
      vertex 29 18.1426 24.7807
    endloop
  endfacet
  facet normal -0.171911 0.686284 -0.706725
    outer loop
      vertex 31.2321 14.6418 22.4839
      vertex 31.4627 13.8814 21.6894
      vertex 30.6551 13.6791 21.6894
    endloop
  endfacet
  facet normal -0.426304 0.47039 -0.772656
    outer loop
      vertex 34.4372 16.5628 22.4839
      vertex 33.8781 16.0561 22.4839
      vertex 33.823 17.177 23.1967
    endloop
  endfacet
  facet normal -0.404726 0.24258 -0.881676
    outer loop
      vertex 33.3175 19.6923 24.3507
      vertex 34.1914 19.2251 23.821
      vertex 33.0705 19.2802 24.3507
    endloop
  endfacet
  facet normal -0.328571 0.196935 -0.92372
    outer loop
      vertex 33.3175 19.6923 24.3507
      vertex 33.0705 19.2802 24.3507
      vertex 32.4019 20.1816 24.7807
    endloop
  endfacet
  facet normal 0.573897 0.271441 -0.772633
    outer loop
      vertex 22.6984 19.3898 23.1967
      vertex 22.9846 18.7847 23.1967
      vertex 22.2186 18.3753 22.4839
    endloop
  endfacet
  facet normal 0.66613 0.238359 -0.706722
    outer loop
      vertex 21.6418 19.7679 22.4839
      vertex 21.1619 18.7534 21.6894
      vertex 20.8814 19.5373 21.6894
    endloop
  endfacet
  facet normal 0.550055 0.081536 -0.831138
    outer loop
      vertex 23.1419 21.423 23.821
      vertex 23.2266 20.8516 23.821
      vertex 22.3103 20.6693 23.1967
    endloop
  endfacet
  facet normal 0.0979139 0.273627 -0.956839
    outer loop
      vertex 27.9353 19.4297 25.1069
      vertex 28.1924 19.3377 25.1069
      vertex 27.8803 18.3087 24.7807
    endloop
  endfacet
  facet normal 0.363679 0.606882 -0.706704
    outer loop
      vertex 25.3753 15.2186 22.4839
      vertex 25.0007 14.5179 21.6894
      vertex 24.728 15.6065 22.4839
    endloop
  endfacet
  facet normal 0.113431 0.765029 -0.633927
    outer loop
      vertex 28.1684 13.557 21.6894
      vertex 28.0986 12.8476 20.8208
      vertex 27.3449 13.6791 21.6894
    endloop
  endfacet
  facet normal 0.103798 0.699864 -0.706694
    outer loop
      vertex 28.2463 14.3477 22.4839
      vertex 28.1684 13.557 21.6894
      vertex 27.4999 14.4584 22.4839
    endloop
  endfacet
  facet normal -0.11467 0.457699 -0.881681
    outer loop
      vertex 30.4211 17.3153 24.3507
      vertex 30.7088 16.367 23.821
      vertex 30.1484 16.2266 23.821
    endloop
  endfacet
  facet normal 0.0312008 0.634068 -0.772648
    outer loop
      vertex 28.3314 15.2121 23.1967
      vertex 29 15.1792 23.1967
      vertex 28.2463 14.3477 22.4839
    endloop
  endfacet
  facet normal 0.158952 0.444265 -0.881682
    outer loop
      vertex 27.5789 17.3153 24.3507
      vertex 27.2912 16.367 23.821
      vertex 26.7473 16.5616 23.821
    endloop
  endfacet
  facet normal 0.42153 0.568259 -0.706678
    outer loop
      vertex 24.728 15.6065 22.4839
      vertex 24.2866 14.9459 21.6894
      vertex 24.1219 16.0561 22.4839
    endloop
  endfacet
  facet normal 0.525492 0.708559 -0.470959
    outer loop
      vertex 22.7696 14.4083 19.8865
      vertex 23.2495 13.3937 18.8955
      vertex 22.4336 13.9988 18.8955
    endloop
  endfacet
  facet normal 0.426294 0.470393 -0.77266
    outer loop
      vertex 24.177 17.177 23.1967
      vertex 24.673 16.7275 23.1967
      vertex 24.1219 16.0561 22.4839
    endloop
  endfacet
  facet normal 0.830768 0.0408221 -0.55512
    outer loop
      vertex 19.8033 22 20.8208
      vertex 19.2263 21.0374 19.8865
      vertex 19.179 22 19.8865
    endloop
  endfacet
  facet normal 0.765029 0.113431 -0.633927
    outer loop
      vertex 20.557 21.1684 21.6894
      vertex 20.6791 20.3449 21.6894
      vertex 19.8476 21.0986 20.8208
    endloop
  endfacet
  facet normal 0.750223 0.18792 -0.633917
    outer loop
      vertex 20.6791 20.3449 21.6894
      vertex 20.1993 19.3303 20.8208
      vertex 19.98 20.2058 20.8208
    endloop
  endfacet
  facet normal 0.523544 0.187317 -0.831153
    outer loop
      vertex 23.367 20.2912 23.821
      vertex 23.5616 19.7473 23.821
      vertex 22.6984 19.3898 23.1967
    endloop
  endfacet
  facet normal 0.699121 0.330666 -0.633948
    outer loop
      vertex 21.1619 18.7534 21.6894
      vertex 20.8892 17.6647 20.8208
      vertex 20.5033 18.4806 20.8208
    endloop
  endfacet
  facet normal 0.872623 0.12942 -0.470935
    outer loop
      vertex 19.2263 21.0374 19.8865
      vertex 19.3677 20.084 19.8865
      vertex 18.8482 19.9807 18.8955
    endloop
  endfacet
  facet normal 0.412045 0.373416 -0.831131
    outer loop
      vertex 24.8376 17.8376 23.821
      vertex 24.177 17.177 23.1967
      vertex 23.7275 17.673 23.1967
    endloop
  endfacet
  facet normal 0.686292 0.171948 -0.706708
    outer loop
      vertex 21.4584 20.4999 22.4839
      vertex 21.6418 19.7679 22.4839
      vertex 20.6791 20.3449 21.6894
    endloop
  endfacet
  facet normal 0.92293 0.0453298 0.382291
    outer loop
      vertex 18.2712 20.9433 10.1426
      vertex 18.6493 22 9.10449
      vertex 18.2193 22 10.1426
    endloop
  endfacet
  facet normal 0.928376 0.232489 -0.289941
    outer loop
      vertex 18.4265 19.8968 17.8574
      vertex 18.3714 18.7758 16.7821
      vertex 18.1066 19.8332 16.7821
    endloop
  endfacet
  facet normal 0.979654 0.0481841 -0.194822
    outer loop
      vertex 17.9466 20.9113 16.7821
      vertex 17.7285 20.8899 15.6801
      vertex 17.6739 22 15.6801
    endloop
  endfacet
  facet normal 0.979648 0.0481411 -0.194863
    outer loop
      vertex 17.8931 22 16.7821
      vertex 17.9466 20.9113 16.7821
      vertex 17.6739 22 15.6801
    endloop
  endfacet
  facet normal 0.928382 0.23248 -0.289932
    outer loop
      vertex 18.4265 19.8968 17.8574
      vertex 18.6835 18.8705 17.8574
      vertex 18.3714 18.7758 16.7821
    endloop
  endfacet
  facet normal 0.922928 0.0453298 -0.382294
    outer loop
      vertex 18.6493 22 18.8955
      vertex 18.2712 20.9433 17.8574
      vertex 18.2193 22 17.8574
    endloop
  endfacet
  facet normal 0.922902 0.0453946 -0.38235
    outer loop
      vertex 18.6493 22 18.8955
      vertex 18.6992 20.9855 18.8955
      vertex 18.2712 20.9433 17.8574
    endloop
  endfacet
  facet normal 0.620587 0.684629 -0.382301
    outer loop
      vertex 22.4336 13.9988 18.8955
      vertex 22.1608 13.6664 17.8574
      vertex 21.681 14.681 18.8955
    endloop
  endfacet
  facet normal 0.592479 0.65362 -0.470902
    outer loop
      vertex 22.0555 15.0555 19.8865
      vertex 22.4336 13.9988 18.8955
      vertex 21.681 14.681 18.8955
    endloop
  endfacet
  facet normal 0.78317 0.280246 -0.555073
    outer loop
      vertex 20.5033 18.4806 20.8208
      vertex 19.9266 18.2417 19.8865
      vertex 19.6019 19.1491 19.8865
    endloop
  endfacet
  facet normal 0.519325 0.573048 -0.633969
    outer loop
      vertex 23.001 16.001 21.6894
      vertex 23.1657 14.8908 20.8208
      vertex 22.4969 15.4969 20.8208
    endloop
  endfacet
  facet normal 0.79937 0.592812 -0.0978843
    outer loop
      vertex 20.2448 14.8148 15.6801
      vertex 20.1597 14.7449 14.5618
      vertex 19.5827 15.7076 15.6801
    endloop
  endfacet
  facet normal 0.799347 0.592838 0.0979181
    outer loop
      vertex 20.1597 14.7449 13.4382
      vertex 19.5827 15.7076 12.3199
      vertex 19.4911 15.6464 13.4382
    endloop
  endfacet
  facet normal 0.853601 0.511641 -0.0979186
    outer loop
      vertex 19.5827 15.7076 15.6801
      vertex 19.4911 15.6464 14.5618
      vertex 19.0113 16.6609 15.6801
    endloop
  endfacet
  facet normal 0.857752 0.514063 0
    outer loop
      vertex 19.4911 15.6464 14.5618
      vertex 18.9142 16.609 13.4382
      vertex 18.9142 16.609 14.5618
    endloop
  endfacet
  facet normal 0.857752 0.514063 0
    outer loop
      vertex 18.9142 16.609 13.4382
      vertex 19.4911 15.6464 14.5618
      vertex 19.4911 15.6464 13.4382
    endloop
  endfacet
  facet normal 0.886673 0.419334 -0.194858
    outer loop
      vertex 18.7386 17.7496 16.7821
      vertex 19.0113 16.6609 15.6801
      vertex 18.5361 17.6657 15.6801
    endloop
  endfacet
  facet normal 0.886662 0.419349 -0.194875
    outer loop
      vertex 19.2046 16.7643 16.7821
      vertex 19.0113 16.6609 15.6801
      vertex 18.7386 17.7496 16.7821
    endloop
  endfacet
  facet normal 0.742226 0.550425 0.382274
    outer loop
      vertex 20.6664 15.1608 10.1426
      vertex 20.3937 16.2495 9.10449
      vertex 20.0362 16.0106 10.1426
    endloop
  endfacet
  facet normal 0.708554 0.525489 0.47097
    outer loop
      vertex 20.9988 15.4336 9.10449
      vertex 21.4083 15.7696 8.11352
      vertex 20.3937 16.2495 9.10449
    endloop
  endfacet
  facet normal 0.737358 0.668367 0.0979218
    outer loop
      vertex 20.9134 13.9134 13.4382
      vertex 20.9913 13.9913 12.3199
      vertex 20.1597 14.7449 13.4382
    endloop
  endfacet
  facet normal 0.787811 0.584267 0.194902
    outer loop
      vertex 20.4143 14.9539 11.2179
      vertex 19.765 15.8294 11.2179
      vertex 19.5827 15.7076 12.3199
    endloop
  endfacet
  facet normal 0.787811 0.584267 -0.194902
    outer loop
      vertex 19.765 15.8294 16.7821
      vertex 20.4143 14.9539 16.7821
      vertex 19.5827 15.7076 15.6801
    endloop
  endfacet
  facet normal 0.78782 0.584247 -0.194922
    outer loop
      vertex 20.4143 14.9539 16.7821
      vertex 20.2448 14.8148 15.6801
      vertex 19.5827 15.7076 15.6801
    endloop
  endfacet
  facet normal 0.740919 0.671594 0
    outer loop
      vertex 20.9134 13.9134 14.5618
      vertex 20.1597 14.7449 13.4382
      vertex 20.1597 14.7449 14.5618
    endloop
  endfacet
  facet normal 0.740919 0.671594 0
    outer loop
      vertex 20.1597 14.7449 13.4382
      vertex 20.9134 13.9134 14.5618
      vertex 20.9134 13.9134 13.4382
    endloop
  endfacet
  facet normal 0.668367 0.737358 -0.0979218
    outer loop
      vertex 20.9913 13.9913 15.6801
      vertex 21.7449 13.1597 14.5618
      vertex 20.9134 13.9134 14.5618
    endloop
  endfacet
  facet normal 0.511641 0.853601 -0.0979186
    outer loop
      vertex 22.7076 12.5827 15.6801
      vertex 23.6609 12.0113 15.6801
      vertex 22.6464 12.4911 14.5618
    endloop
  endfacet
  facet normal 0.592838 0.799347 -0.0979181
    outer loop
      vertex 22.7076 12.5827 15.6801
      vertex 22.6464 12.4911 14.5618
      vertex 21.7449 13.1597 14.5618
    endloop
  endfacet
  facet normal 0.140486 0.946674 0.289952
    outer loop
      vertex 27.9113 10.9466 11.2179
      vertex 27.9433 11.2712 10.1426
      vertex 26.8968 11.4265 10.1426
    endloop
  endfacet
  facet normal 0.0469735 0.955888 0.289951
    outer loop
      vertex 29 10.8931 11.2179
      vertex 27.9433 11.2712 10.1426
      vertex 27.9113 10.9466 11.2179
    endloop
  endfacet
  facet normal -0.0815324 0.550031 0.831155
    outer loop
      vertex 30.3307 15.3103 4.80327
      vertex 30.1484 16.2266 4.17901
      vertex 29.577 16.1419 4.17901
    endloop
  endfacet
  facet normal -0.187925 0.750215 0.633926
    outer loop
      vertex 31.6697 13.1993 7.17924
      vertex 31.4627 13.8814 6.31065
      vertex 30.6551 13.6791 6.31065
    endloop
  endfacet
  facet normal 0.525566 0.708535 0.470913
    outer loop
      vertex 23.2495 13.3937 9.10449
      vertex 23.5437 13.8341 8.11352
      vertex 22.7696 14.4083 8.11352
    endloop
  endfacet
  facet normal 0.550442 0.7422 0.382299
    outer loop
      vertex 23.2495 13.3937 9.10449
      vertex 22.4336 13.9988 9.10449
      vertex 22.1608 13.6664 10.1426
    endloop
  endfacet
  facet normal 0.620588 0.68463 0.382298
    outer loop
      vertex 22.1608 13.6664 10.1426
      vertex 22.4336 13.9988 9.10449
      vertex 21.681 14.681 9.10449
    endloop
  endfacet
  facet normal 0.525489 0.708554 0.47097
    outer loop
      vertex 23.2495 13.3937 9.10449
      vertex 22.7696 14.4083 8.11352
      vertex 22.4336 13.9988 9.10449
    endloop
  endfacet
  facet normal 0.492036 0.820873 0.289945
    outer loop
      vertex 23.918 12.4923 10.1426
      vertex 23.0106 13.0362 10.1426
      vertex 22.8294 12.765 11.2179
    endloop
  endfacet
  facet normal 0.658737 0.726685 0.194921
    outer loop
      vertex 21.8148 13.2448 12.3199
      vertex 21.9539 13.4143 11.2179
      vertex 20.9913 13.9913 12.3199
    endloop
  endfacet
  facet normal 0.129419 0.872617 0.470946
    outer loop
      vertex 28.0374 12.2263 8.11352
      vertex 27.084 12.3677 8.11352
      vertex 26.9807 11.8482 9.10449
    endloop
  endfacet
  facet normal 0.214365 0.855722 0.470944
    outer loop
      vertex 26.9807 11.8482 9.10449
      vertex 27.084 12.3677 8.11352
      vertex 26.1491 12.6019 8.11352
    endloop
  endfacet
  facet normal 0.135539 0.914023 0.38235
    outer loop
      vertex 27.9433 11.2712 10.1426
      vertex 27.9855 11.6992 9.10449
      vertex 26.9807 11.8482 9.10449
    endloop
  endfacet
  facet normal 0.1294 0.872628 0.470931
    outer loop
      vertex 27.9855 11.6992 9.10449
      vertex 28.0374 12.2263 8.11352
      vertex 26.9807 11.8482 9.10449
    endloop
  endfacet
  facet normal 0.377149 0.797458 0.470977
    outer loop
      vertex 25.039 12.4372 9.10449
      vertex 25.2417 12.9266 8.11352
      vertex 24.1207 12.8715 9.10449
    endloop
  endfacet
  facet normal 0.395065 0.835339 0.382272
    outer loop
      vertex 25.039 12.4372 9.10449
      vertex 24.1207 12.8715 9.10449
      vertex 23.918 12.4923 10.1426
    endloop
  endfacet
  facet normal -0.140486 0.946674 0.289952
    outer loop
      vertex 30.0887 10.9466 11.2179
      vertex 31.1032 11.4265 10.1426
      vertex 30.0567 11.2712 10.1426
    endloop
  endfacet
  facet normal -0.0469735 0.955888 0.289951
    outer loop
      vertex 30.0887 10.9466 11.2179
      vertex 30.0567 11.2712 10.1426
      vertex 29 10.8931 11.2179
    endloop
  endfacet
  facet normal -0.409151 0.865161 -0.289986
    outer loop
      vertex 34.082 12.4923 17.8574
      vertex 33.2504 11.7386 16.7821
      vertex 33.1256 12.04 17.8574
    endloop
  endfacet
  facet normal 0.419334 0.886673 -0.194858
    outer loop
      vertex 24.7496 11.7386 16.7821
      vertex 24.6657 11.5361 15.6801
      vertex 23.6609 12.0113 15.6801
    endloop
  endfacet
  facet normal 0.570102 0.768711 -0.289944
    outer loop
      vertex 23.0106 13.0362 17.8574
      vertex 22.8294 12.765 16.7821
      vertex 21.9539 13.4143 16.7821
    endloop
  endfacet
  facet normal -0.0433381 0.881093 -0.470953
    outer loop
      vertex 29 12.179 19.8865
      vertex 30.0145 11.6992 18.8955
      vertex 29 11.6493 18.8955
    endloop
  endfacet
  facet normal 0.280246 0.78317 -0.555073
    outer loop
      vertex 25.4806 13.5033 20.8208
      vertex 26.1491 12.6019 19.8865
      vertex 25.2417 12.9266 19.8865
    endloop
  endfacet
  facet normal 0.395053 0.835349 -0.382262
    outer loop
      vertex 25.039 12.4372 18.8955
      vertex 24.8744 12.04 17.8574
      vertex 23.918 12.4923 17.8574
    endloop
  endfacet
  facet normal 0.409178 0.865156 -0.289962
    outer loop
      vertex 23.918 12.4923 17.8574
      vertex 24.7496 11.7386 16.7821
      vertex 23.7643 12.2046 16.7821
    endloop
  endfacet
  facet normal 0.0347847 0.706664 -0.706694
    outer loop
      vertex 28.2463 14.3477 22.4839
      vertex 29 14.3106 22.4839
      vertex 28.1684 13.557 21.6894
    endloop
  endfacet
  facet normal -0.122015 0.822769 -0.555125
    outer loop
      vertex 30.7942 12.98 20.8208
      vertex 29.9626 12.2263 19.8865
      vertex 29.9014 12.8476 20.8208
    endloop
  endfacet
  facet normal -0.143987 0.970201 -0.194878
    outer loop
      vertex 31.1668 11.1066 16.7821
      vertex 31.2096 10.8916 15.6801
      vertex 30.0887 10.9466 16.7821
    endloop
  endfacet
  facet normal -0.23248 0.928382 -0.289932
    outer loop
      vertex 32.1295 11.6835 17.8574
      vertex 32.2242 11.3714 16.7821
      vertex 31.1032 11.4265 17.8574
    endloop
  endfacet
  facet normal -0.241748 0.965381 0.0979659
    outer loop
      vertex 31.2311 10.7835 13.4382
      vertex 32.2878 11.1616 12.3199
      vertex 31.2096 10.8916 12.3199
    endloop
  endfacet
  facet normal -0.048862 0.994 0.0978623
    outer loop
      vertex 30.1209 10.6189 13.4382
      vertex 29 10.6739 12.3199
      vertex 29 10.5638 13.4382
    endloop
  endfacet
  facet normal -0.0490976 0.998794 0
    outer loop
      vertex 30.1209 10.6189 13.4382
      vertex 29 10.5638 14.5618
      vertex 30.1209 10.6189 14.5618
    endloop
  endfacet
  facet normal -0.0490976 0.998794 0
    outer loop
      vertex 29 10.5638 14.5618
      vertex 30.1209 10.6189 13.4382
      vertex 29 10.5638 13.4382
    endloop
  endfacet
  facet normal -0.0488894 0.993996 0.0978896
    outer loop
      vertex 30.1209 10.6189 13.4382
      vertex 30.1101 10.7285 12.3199
      vertex 29 10.6739 12.3199
    endloop
  endfacet
  facet normal 0.425524 0.89964 0.0978626
    outer loop
      vertex 24.6236 11.4343 13.4382
      vertex 23.6609 12.0113 12.3199
      vertex 23.609 11.9142 13.4382
    endloop
  endfacet
  facet normal 0.425475 0.899658 0.0979144
    outer loop
      vertex 24.6236 11.4343 13.4382
      vertex 24.6657 11.5361 12.3199
      vertex 23.6609 12.0113 12.3199
    endloop
  endfacet
  facet normal 0.238266 0.951445 -0.194888
    outer loop
      vertex 25.7758 11.3714 16.7821
      vertex 26.8332 11.1066 16.7821
      vertex 25.7122 11.1616 15.6801
    endloop
  endfacet
  facet normal 0.241748 0.965381 -0.0979659
    outer loop
      vertex 26.7904 10.8916 15.6801
      vertex 26.7689 10.7835 14.5618
      vertex 25.7122 11.1616 15.6801
    endloop
  endfacet
  facet normal 0.145953 0.984429 -0.0979655
    outer loop
      vertex 26.7904 10.8916 15.6801
      vertex 27.8791 10.6189 14.5618
      vertex 26.7689 10.7835 14.5618
    endloop
  endfacet
  facet normal 0.238259 0.951448 0.194881
    outer loop
      vertex 26.7904 10.8916 12.3199
      vertex 26.8332 11.1066 11.2179
      vertex 25.7122 11.1616 12.3199
    endloop
  endfacet
  facet normal 0.330476 0.923481 -0.194856
    outer loop
      vertex 24.7496 11.7386 16.7821
      vertex 25.7122 11.1616 15.6801
      vertex 24.6657 11.5361 15.6801
    endloop
  endfacet
  facet normal 0.330446 0.923485 -0.194885
    outer loop
      vertex 25.7758 11.3714 16.7821
      vertex 25.7122 11.1616 15.6801
      vertex 24.7496 11.7386 16.7821
    endloop
  endfacet
  facet normal 0.23248 0.928382 0.289932
    outer loop
      vertex 26.8968 11.4265 10.1426
      vertex 25.8705 11.6835 10.1426
      vertex 25.7758 11.3714 11.2179
    endloop
  endfacet
  facet normal 0.0481841 0.979654 0.194822
    outer loop
      vertex 29 10.6739 12.3199
      vertex 27.9113 10.9466 11.2179
      vertex 27.8899 10.7285 12.3199
    endloop
  endfacet
  facet normal 0.335305 0.937008 0.0979079
    outer loop
      vertex 25.6802 11.0562 13.4382
      vertex 25.7122 11.1616 12.3199
      vertex 24.6236 11.4343 13.4382
    endloop
  endfacet
  facet normal 0.335316 0.937003 0.0979198
    outer loop
      vertex 25.7122 11.1616 12.3199
      vertex 24.6657 11.5361 12.3199
      vertex 24.6236 11.4343 13.4382
    endloop
  endfacet
  facet normal 0.27144 0.573929 0.77261
    outer loop
      vertex 26.0574 14.896 5.51611
      vertex 26.3898 15.6984 4.80327
      vertex 25.3753 15.2186 5.51611
    endloop
  endfacet
  facet normal 0.0979084 0.273611 0.956844
    outer loop
      vertex 28.1924 19.3377 2.89314
      vertex 27.9353 19.4297 2.89314
      vertex 27.8803 18.3087 3.21932
    endloop
  endfacet
  facet normal -0.378941 0.0561732 0.923714
    outer loop
      vertex 33.8719 21.5202 3.64932
      vertex 32.8388 21.6219 3.21932
      vertex 32.7833 21.2475 3.21932
    endloop
  endfacet
  facet normal -0.316796 0.349627 0.881703
    outer loop
      vertex 32.7343 17.4497 4.17901
      vertex 33.1624 17.8376 4.17901
      vertex 32.4616 18.5384 3.64932
    endloop
  endfacet
  facet normal 0.100367 0.16754 0.980743
    outer loop
      vertex 27.6885 19.5464 2.89314
      vertex 28.0666 20.6031 2.67393
      vertex 27.4543 19.6867 2.89314
    endloop
  endfacet
  facet normal 0.257331 0.283806 0.923707
    outer loop
      vertex 25.8943 18.2157 3.64932
      vertex 26.2724 19.2724 3.21932
      vertex 25.5384 18.5384 3.64932
    endloop
  endfacet
  facet normal 0.173159 0.233397 0.95684
    outer loop
      vertex 27.4543 19.6867 2.89314
      vertex 27.235 19.8494 2.89314
      vertex 26.8569 18.7927 3.21932
    endloop
  endfacet
  facet normal -0.0931406 0.627988 0.772629
    outer loop
      vertex 30.5001 14.4584 5.51611
      vertex 30.3307 15.3103 4.80327
      vertex 29.6686 15.2121 4.80327
    endloop
  endfacet
  facet normal -0.031212 0.634083 0.772635
    outer loop
      vertex 29.7537 14.3477 5.51611
      vertex 29 15.1792 4.80327
      vertex 29 14.3106 5.51611
    endloop
  endfacet
  facet normal 0.0379629 0.772455 0.633934
    outer loop
      vertex 29 12.8033 7.17924
      vertex 28.1684 13.557 6.31065
      vertex 28.0986 12.8476 7.17924
    endloop
  endfacet
  facet normal 0.0408283 0.830759 0.555133
    outer loop
      vertex 29 12.8033 7.17924
      vertex 28.0986 12.8476 7.17924
      vertex 28.0374 12.2263 8.11352
    endloop
  endfacet
  facet normal -0.10377 0.699871 0.706691
    outer loop
      vertex 30.6551 13.6791 6.31065
      vertex 30.5001 14.4584 5.51611
      vertex 29.8316 13.557 6.31065
    endloop
  endfacet
  facet normal -0.11343 0.765026 0.633932
    outer loop
      vertex 29.9014 12.8476 7.17924
      vertex 30.6551 13.6791 6.31065
      vertex 29.8316 13.557 6.31065
    endloop
  endfacet
  facet normal 0.668057 0.495541 0.555103
    outer loop
      vertex 21.4083 15.7696 8.11352
      vertex 21.8908 16.1657 7.17924
      vertex 20.8341 16.5437 8.11352
    endloop
  endfacet
  facet normal 0.708535 0.525566 0.470913
    outer loop
      vertex 21.4083 15.7696 8.11352
      vertex 20.8341 16.5437 8.11352
      vertex 20.3937 16.2495 9.10449
    endloop
  endfacet
  facet normal 0.751931 0.355642 0.555084
    outer loop
      vertex 20.3387 17.3704 8.11352
      vertex 20.8892 17.6647 7.17924
      vertex 19.9266 18.2417 8.11352
    endloop
  endfacet
  facet normal 0.970201 0.143987 0.194878
    outer loop
      vertex 18.1066 19.8332 11.2179
      vertex 17.9466 20.9113 11.2179
      vertex 17.8916 19.7904 12.3199
    endloop
  endfacet
  facet normal 0.573039 0.519348 0.633959
    outer loop
      vertex 23.001 16.001 6.31065
      vertex 22.4419 16.6179 6.31065
      vertex 21.8908 16.1657 7.17924
    endloop
  endfacet
  facet normal 0.573046 0.519323 0.633973
    outer loop
      vertex 22.4969 15.4969 7.17924
      vertex 23.001 16.001 6.31065
      vertex 21.8908 16.1657 7.17924
    endloop
  endfacet
  facet normal 0.363745 0.606893 0.706661
    outer loop
      vertex 25.0007 14.5179 6.31065
      vertex 24.728 15.6065 5.51611
      vertex 24.2866 14.9459 6.31065
    endloop
  endfacet
  facet normal 0.397593 0.663366 0.633928
    outer loop
      vertex 25.0007 14.5179 6.31065
      vertex 24.2866 14.9459 6.31065
      vertex 23.8906 14.3532 7.17924
    endloop
  endfacet
  facet normal 0.475141 0.524277 0.706664
    outer loop
      vertex 24.1219 16.0561 5.51611
      vertex 23.5628 16.5628 5.51611
      vertex 23.001 16.001 6.31065
    endloop
  endfacet
  facet normal 0.257233 0.283847 0.923722
    outer loop
      vertex 26.5529 19.0182 3.21932
      vertex 26.2724 19.2724 3.21932
      vertex 25.8943 18.2157 3.64932
    endloop
  endfacet
  facet normal 0.42756 0.713491 0.555088
    outer loop
      vertex 24.3704 13.3387 8.11352
      vertex 24.6647 13.8892 7.17924
      vertex 23.5437 13.8341 8.11352
    endloop
  endfacet
  facet normal 0.460745 0.621169 0.633926
    outer loop
      vertex 23.8906 14.3532 7.17924
      vertex 24.2866 14.9459 6.31065
      vertex 23.6179 15.4419 6.31065
    endloop
  endfacet
  facet normal 0.426308 0.470409 0.772643
    outer loop
      vertex 24.673 16.7275 4.80327
      vertex 24.177 17.177 4.80327
      vertex 24.1219 16.0561 5.51611
    endloop
  endfacet
  facet normal 0.378233 0.509875 0.772637
    outer loop
      vertex 24.728 15.6065 5.51611
      vertex 25.2106 16.3287 4.80327
      vertex 24.673 16.7275 4.80327
    endloop
  endfacet
  facet normal -0.0231804 0.47127 0.881684
    outer loop
      vertex 29.577 16.1419 4.17901
      vertex 29.4798 17.1281 3.64932
      vertex 29 17.1045 3.64932
    endloop
  endfacet
  facet normal -0.0692291 0.466732 0.881685
    outer loop
      vertex 29.577 16.1419 4.17901
      vertex 29.9551 17.1986 3.64932
      vertex 29.4798 17.1281 3.64932
    endloop
  endfacet
  facet normal 0.378222 0.509876 0.772641
    outer loop
      vertex 24.728 15.6065 5.51611
      vertex 24.673 16.7275 4.80327
      vertex 24.1219 16.0561 5.51611
    endloop
  endfacet
  facet normal 0.412042 0.37335 0.831162
    outer loop
      vertex 24.8376 17.8376 4.17901
      vertex 24.4497 18.2657 4.17901
      vertex 23.7275 17.673 4.80327
    endloop
  endfacet
  facet normal -0.42763 0.713423 0.555122
    outer loop
      vertex 34.4562 13.8341 8.11352
      vertex 34.1094 14.3532 7.17924
      vertex 33.3353 13.8892 7.17924
    endloop
  endfacet
  facet normal -0.4955 0.668088 0.555101
    outer loop
      vertex 35.2304 14.4083 8.11352
      vertex 34.8343 14.8908 7.17924
      vertex 34.4562 13.8341 8.11352
    endloop
  endfacet
  facet normal -0.135539 0.914023 0.38235
    outer loop
      vertex 30.0567 11.2712 10.1426
      vertex 31.0193 11.8482 9.10449
      vertex 30.0145 11.6992 9.10449
    endloop
  endfacet
  facet normal -0.1294 0.872628 0.470931
    outer loop
      vertex 30.0145 11.6992 9.10449
      vertex 31.0193 11.8482 9.10449
      vertex 29.9626 12.2263 8.11352
    endloop
  endfacet
  facet normal -0.355642 0.751931 0.555084
    outer loop
      vertex 33.6296 13.3387 8.11352
      vertex 33.3353 13.8892 7.17924
      vertex 32.7583 12.9266 8.11352
    endloop
  endfacet
  facet normal -0.642724 0.709122 0.289918
    outer loop
      vertex 36.0461 13.4143 11.2179
      vertex 36.6231 14.3769 10.1426
      vertex 35.8392 13.6664 10.1426
    endloop
  endfacet
  facet normal -0.237742 0.502627 0.831171
    outer loop
      vertex 32.2153 15.9846 4.80327
      vertex 31.7749 16.8086 4.17901
      vertex 31.2527 16.5616 4.17901
    endloop
  endfacet
  facet normal -0.228196 0.30769 0.923717
    outer loop
      vertex 31.7198 17.9295 3.64932
      vertex 32.1057 18.2157 3.64932
      vertex 31.1431 18.7927 3.21932
    endloop
  endfacet
  facet normal -0.519323 0.573046 0.633973
    outer loop
      vertex 35.5031 15.4969 7.17924
      vertex 34.999 16.001 6.31065
      vertex 34.8343 14.8908 7.17924
    endloop
  endfacet
  facet normal -0.6396 0.302508 0.706683
    outer loop
      vertex 36.4821 18.0007 6.31065
      vertex 36.8381 18.7534 6.31065
      vertex 35.7814 18.3753 5.51611
    endloop
  endfacet
  facet normal -0.6396 0.3025 0.706686
    outer loop
      vertex 36.8381 18.7534 6.31065
      vertex 36.104 19.0574 5.51611
      vertex 35.7814 18.3753 5.51611
    endloop
  endfacet
  facet normal -0.349569 0.31696 0.881668
    outer loop
      vertex 33.5503 18.2657 4.17901
      vertex 32.7843 18.8943 3.64932
      vertex 32.4616 18.5384 3.64932
    endloop
  endfacet
  facet normal -0.395065 0.835339 0.382272
    outer loop
      vertex 34.082 12.4923 10.1426
      vertex 33.8793 12.8715 9.10449
      vertex 32.961 12.4372 9.10449
    endloop
  endfacet
  facet normal -0.475072 0.792575 0.382273
    outer loop
      vertex 34.082 12.4923 10.1426
      vertex 34.7505 13.3937 9.10449
      vertex 33.8793 12.8715 9.10449
    endloop
  endfacet
  facet normal -0.492036 0.820873 0.289945
    outer loop
      vertex 35.1706 12.765 11.2179
      vertex 34.9894 13.0362 10.1426
      vertex 34.082 12.4923 10.1426
    endloop
  endfacet
  facet normal -0.514063 0.857752 0
    outer loop
      vertex 35.3536 12.4911 13.4382
      vertex 34.391 11.9142 14.5618
      vertex 35.3536 12.4911 14.5618
    endloop
  endfacet
  facet normal -0.514063 0.857752 0
    outer loop
      vertex 34.391 11.9142 14.5618
      vertex 35.3536 12.4911 13.4382
      vertex 34.391 11.9142 13.4382
    endloop
  endfacet
  facet normal -0.322435 0.901096 0.289935
    outer loop
      vertex 32.2242 11.3714 11.2179
      vertex 33.2504 11.7386 11.2179
      vertex 32.1295 11.6835 10.1426
    endloop
  endfacet
  facet normal -0.23248 0.928382 0.289932
    outer loop
      vertex 32.2242 11.3714 11.2179
      vertex 32.1295 11.6835 10.1426
      vertex 31.1032 11.4265 10.1426
    endloop
  endfacet
  facet normal -0.419349 0.886662 0.194875
    outer loop
      vertex 34.3391 12.0113 12.3199
      vertex 34.2357 12.2046 11.2179
      vertex 33.2504 11.7386 11.2179
    endloop
  endfacet
  facet normal -0.409178 0.865156 0.289962
    outer loop
      vertex 34.2357 12.2046 11.2179
      vertex 34.082 12.4923 10.1426
      vertex 33.2504 11.7386 11.2179
    endloop
  endfacet
  facet normal -0.143987 0.970201 0.194878
    outer loop
      vertex 31.2096 10.8916 12.3199
      vertex 31.1668 11.1066 11.2179
      vertex 30.0887 10.9466 11.2179
    endloop
  endfacet
  facet normal -0.140495 0.946675 0.289944
    outer loop
      vertex 31.1668 11.1066 11.2179
      vertex 31.1032 11.4265 10.1426
      vertex 30.0887 10.9466 11.2179
    endloop
  endfacet
  facet normal -0.79937 0.592812 0.0978843
    outer loop
      vertex 37.8403 14.7449 13.4382
      vertex 38.4173 15.7076 12.3199
      vertex 37.7552 14.8148 12.3199
    endloop
  endfacet
  facet normal -0.671594 0.740919 0
    outer loop
      vertex 37.0866 13.9134 13.4382
      vertex 36.2551 13.1597 14.5618
      vertex 37.0866 13.9134 14.5618
    endloop
  endfacet
  facet normal -0.671594 0.740919 0
    outer loop
      vertex 36.2551 13.1597 14.5618
      vertex 37.0866 13.9134 13.4382
      vertex 36.2551 13.1597 13.4382
    endloop
  endfacet
  facet normal -0.668367 0.737358 -0.0979218
    outer loop
      vertex 37.0087 13.9913 15.6801
      vertex 37.0866 13.9134 14.5618
      vertex 36.2551 13.1597 14.5618
    endloop
  endfacet
  facet normal -0.616352 0.558569 -0.555078
    outer loop
      vertex 36.1092 16.1657 20.8208
      vertex 35.9445 15.0555 19.8865
      vertex 35.5031 15.4969 20.8208
    endloop
  endfacet
  facet normal -0.525492 0.708559 -0.470959
    outer loop
      vertex 35.2304 14.4083 19.8865
      vertex 35.5664 13.9988 18.8955
      vertex 34.7505 13.3937 18.8955
    endloop
  endfacet
  facet normal 0.965381 0.241748 0.0979659
    outer loop
      vertex 18.1616 18.7122 12.3199
      vertex 17.8916 19.7904 12.3199
      vertex 17.7835 19.7689 13.4382
    endloop
  endfacet
  facet normal 0.896355 0.22446 0.382315
    outer loop
      vertex 18.6835 18.8705 10.1426
      vertex 19.095 18.9954 9.10449
      vertex 18.4265 19.8968 10.1426
    endloop
  endfacet
  facet normal 0.979654 0.0481841 0.194822
    outer loop
      vertex 17.7285 20.8899 12.3199
      vertex 17.9466 20.9113 11.2179
      vertex 17.6739 22 12.3199
    endloop
  endfacet
  facet normal 0.820873 0.492036 0.289945
    outer loop
      vertex 19.765 15.8294 11.2179
      vertex 20.0362 16.0106 10.1426
      vertex 19.4923 16.918 10.1426
    endloop
  endfacet
  facet normal 0.899658 0.425475 0.0979144
    outer loop
      vertex 19.0113 16.6609 12.3199
      vertex 18.5361 17.6657 12.3199
      vertex 18.4343 17.6236 13.4382
    endloop
  endfacet
  facet normal 0.937008 0.335305 -0.0979079
    outer loop
      vertex 18.1616 18.7122 15.6801
      vertex 18.4343 17.6236 14.5618
      vertex 18.0562 18.6802 14.5618
    endloop
  endfacet
  facet normal 0.989187 0.146658 0
    outer loop
      vertex 17.7835 19.7689 14.5618
      vertex 17.6189 20.8791 13.4382
      vertex 17.6189 20.8791 14.5618
    endloop
  endfacet
  facet normal 0.989187 0.146658 0
    outer loop
      vertex 17.6189 20.8791 13.4382
      vertex 17.7835 19.7689 14.5618
      vertex 17.7835 19.7689 13.4382
    endloop
  endfacet
  facet normal 0.550031 0.0815324 0.831155
    outer loop
      vertex 23.2266 20.8516 4.17901
      vertex 23.1419 21.423 4.17901
      vertex 22.3103 20.6693 4.80327
    endloop
  endfacet
  facet normal 0.68631 0.171952 0.70669
    outer loop
      vertex 21.6418 19.7679 5.51611
      vertex 21.4584 20.4999 5.51611
      vertex 20.6791 20.3449 6.31065
    endloop
  endfacet
  facet normal 0.360709 0.129005 0.923714
    outer loop
      vertex 25.4362 20.5238 3.21932
      vertex 25.3087 20.8803 3.21932
      vertex 24.4771 20.1266 3.64932
    endloop
  endfacet
  facet normal 0.156849 0.116368 0.980743
    outer loop
      vertex 26.8494 20.235 2.89314
      vertex 27.6031 21.0666 2.67393
      vertex 26.6867 20.4543 2.89314
    endloop
  endfacet
  facet normal 0.349569 0.31696 0.881668
    outer loop
      vertex 25.5384 18.5384 3.64932
      vertex 25.2157 18.8943 3.64932
      vertex 24.4497 18.2657 4.17901
    endloop
  endfacet
  facet normal 0.446586 0.331257 0.831161
    outer loop
      vertex 24.4497 18.2657 4.17901
      vertex 24.1056 18.7296 4.17901
      vertex 23.7275 17.673 4.80327
    endloop
  endfacet
  facet normal 0.470409 0.426308 0.772643
    outer loop
      vertex 24.177 17.177 4.80327
      vertex 23.7275 17.673 4.80327
      vertex 23.0561 17.1219 5.51611
    endloop
  endfacet
  facet normal 0.328571 0.196935 0.92372
    outer loop
      vertex 24.9295 19.2802 3.64932
      vertex 25.5981 20.1816 3.21932
      vertex 24.6825 19.6923 3.64932
    endloop
  endfacet
  facet normal 0.568274 0.421541 0.70666
    outer loop
      vertex 23.0561 17.1219 5.51611
      vertex 22.6065 17.728 5.51611
      vertex 21.9459 17.2866 6.31065
    endloop
  endfacet
  facet normal 0.606893 0.363745 0.706661
    outer loop
      vertex 21.9459 17.2866 6.31065
      vertex 22.6065 17.728 5.51611
      vertex 21.5179 18.0007 6.31065
    endloop
  endfacet
  facet normal 0.751931 0.355644 0.555082
    outer loop
      vertex 20.8892 17.6647 7.17924
      vertex 20.5033 18.4806 7.17924
      vertex 19.9266 18.2417 8.11352
    endloop
  endfacet
  facet normal 0.901096 0.322435 0.289935
    outer loop
      vertex 18.7386 17.7496 11.2179
      vertex 18.6835 18.8705 10.1426
      vertex 18.3714 18.7758 11.2179
    endloop
  endfacet
  facet normal 0.62799 0.0931383 0.772628
    outer loop
      vertex 21.4584 20.4999 5.51611
      vertex 22.2121 21.3314 4.80327
      vertex 21.3477 21.2463 5.51611
    endloop
  endfacet
  facet normal 0.634083 0.031212 0.772635
    outer loop
      vertex 21.3477 21.2463 5.51611
      vertex 22.1792 22 4.80327
      vertex 21.3106 22 5.51611
    endloop
  endfacet
  facet normal 0.699118 0.330665 0.633952
    outer loop
      vertex 20.8892 17.6647 7.17924
      vertex 21.1619 18.7534 6.31065
      vertex 20.5033 18.4806 7.17924
    endloop
  endfacet
  facet normal -0.0583996 0.0788751 0.995172
    outer loop
      vertex 30.0658 20.7013 2.67393
      vertex 29.3564 21.5657 2.56379
      vertex 29.3121 21.5329 2.56379
    endloop
  endfacet
  facet normal -0.0658863 0.0727309 0.995173
    outer loop
      vertex 30.0658 20.7013 2.67393
      vertex 30.188 20.812 2.67393
      vertex 29.3564 21.5657 2.56379
    endloop
  endfacet
  facet normal -0.523506 0.187323 0.831175
    outer loop
      vertex 35.3016 19.3898 4.80327
      vertex 35.5271 20.02 4.80327
      vertex 34.633 20.2912 4.17901
    endloop
  endfacet
  facet normal -0.446586 0.331257 0.831161
    outer loop
      vertex 34.2725 17.673 4.80327
      vertex 33.8944 18.7296 4.17901
      vertex 33.5503 18.2657 4.17901
    endloop
  endfacet
  facet normal -0.830765 0.0408286 -0.555124
    outer loop
      vertex 38.1967 22 20.8208
      vertex 38.7737 21.0374 19.8865
      vertex 38.1524 21.0986 20.8208
    endloop
  endfacet
  facet normal -0.686284 0.171911 -0.706725
    outer loop
      vertex 37.3209 20.3449 21.6894
      vertex 37.1186 19.5373 21.6894
      vertex 36.3582 19.7679 22.4839
    endloop
  endfacet
  facet normal -0.699854 0.103767 -0.706709
    outer loop
      vertex 37.443 21.1684 21.6894
      vertex 37.3209 20.3449 21.6894
      vertex 36.5416 20.4999 22.4839
    endloop
  endfacet
  facet normal -0.634062 0.031211 -0.772652
    outer loop
      vertex 36.6894 22 22.4839
      vertex 36.6523 21.2463 22.4839
      vertex 35.8208 22 23.1967
    endloop
  endfacet
  facet normal -0.951445 0.238266 -0.194888
    outer loop
      vertex 39.8934 19.8332 16.7821
      vertex 39.8384 18.7122 15.6801
      vertex 39.6286 18.7758 16.7821
    endloop
  endfacet
  facet normal -0.928376 0.232489 -0.289941
    outer loop
      vertex 39.8934 19.8332 16.7821
      vertex 39.6286 18.7758 16.7821
      vertex 39.5735 19.8968 17.8574
    endloop
  endfacet
  facet normal -0.946675 0.140495 -0.289944
    outer loop
      vertex 40.0534 20.9113 16.7821
      vertex 39.8934 19.8332 16.7821
      vertex 39.5735 19.8968 17.8574
    endloop
  endfacet
  facet normal -0.923481 0.330476 -0.194856
    outer loop
      vertex 39.8384 18.7122 15.6801
      vertex 39.4639 17.6657 15.6801
      vertex 39.2614 17.7496 16.7821
    endloop
  endfacet
  facet normal -0.914042 0.135643 -0.382268
    outer loop
      vertex 39.7288 20.9433 17.8574
      vertex 39.5735 19.8968 17.8574
      vertex 39.1518 19.9807 18.8955
    endloop
  endfacet
  facet normal -0.89636 0.224522 -0.382268
    outer loop
      vertex 39.1518 19.9807 18.8955
      vertex 39.5735 19.8968 17.8574
      vertex 38.905 18.9954 18.8955
    endloop
  endfacet
  facet normal -0.881093 0.0433381 -0.470953
    outer loop
      vertex 39.3507 22 18.8955
      vertex 39.3008 20.9855 18.8955
      vertex 38.821 22 19.8865
    endloop
  endfacet
  facet normal -0.922902 0.0453946 -0.38235
    outer loop
      vertex 39.3507 22 18.8955
      vertex 39.7288 20.9433 17.8574
      vertex 39.3008 20.9855 18.8955
    endloop
  endfacet
  facet normal -0.855727 0.214367 -0.470933
    outer loop
      vertex 38.6323 20.084 19.8865
      vertex 39.1518 19.9807 18.8955
      vertex 38.3981 19.1491 19.8865
    endloop
  endfacet
  facet normal -0.872623 0.12942 -0.470935
    outer loop
      vertex 38.7737 21.0374 19.8865
      vertex 39.1518 19.9807 18.8955
      vertex 38.6323 20.084 19.8865
    endloop
  endfacet
  facet normal -0.869989 0.311365 -0.382323
    outer loop
      vertex 39.3165 18.8705 17.8574
      vertex 38.96 17.8744 17.8574
      vertex 38.905 18.9954 18.8955
    endloop
  endfacet
  facet normal -0.751936 0.355647 -0.555074
    outer loop
      vertex 37.4967 18.4806 20.8208
      vertex 38.0734 18.2417 19.8865
      vertex 37.1108 17.6647 20.8208
    endloop
  endfacet
  facet normal -0.54456 0.326332 -0.772633
    outer loop
      vertex 35.7814 18.3753 22.4839
      vertex 35.3935 17.728 22.4839
      vertex 35.0154 18.7847 23.1967
    endloop
  endfacet
  facet normal -0.544434 0.326414 -0.772688
    outer loop
      vertex 35.0154 18.7847 23.1967
      vertex 35.3935 17.728 22.4839
      vertex 34.6712 18.2106 23.1967
    endloop
  endfacet
  facet normal -0.606882 0.363679 -0.706704
    outer loop
      vertex 35.7814 18.3753 22.4839
      vertex 36.4821 18.0007 21.6894
      vertex 35.3935 17.728 22.4839
    endloop
  endfacet
  facet normal -0.606878 0.363736 -0.706679
    outer loop
      vertex 36.4821 18.0007 21.6894
      vertex 36.0541 17.2866 21.6894
      vertex 35.3935 17.728 22.4839
    endloop
  endfacet
  facet normal -0.728191 0.260527 -0.633926
    outer loop
      vertex 37.8007 19.3303 20.8208
      vertex 37.4967 18.4806 20.8208
      vertex 37.1186 19.5373 21.6894
    endloop
  endfacet
  facet normal -0.686292 0.171948 -0.706708
    outer loop
      vertex 36.5416 20.4999 22.4839
      vertex 37.3209 20.3449 21.6894
      vertex 36.3582 19.7679 22.4839
    endloop
  endfacet
  facet normal -0.113453 0.765036 -0.633915
    outer loop
      vertex 30.6551 13.6791 21.6894
      vertex 30.7942 12.98 20.8208
      vertex 29.9014 12.8476 20.8208
    endloop
  endfacet
  facet normal -0.18792 0.750223 -0.633917
    outer loop
      vertex 31.6697 13.1993 20.8208
      vertex 30.7942 12.98 20.8208
      vertex 30.6551 13.6791 21.6894
    endloop
  endfacet
  facet normal -0.260556 0.728162 -0.633948
    outer loop
      vertex 32.2466 14.1619 21.6894
      vertex 32.5194 13.5033 20.8208
      vertex 31.4627 13.8814 21.6894
    endloop
  endfacet
  facet normal -0.330662 0.699127 -0.633944
    outer loop
      vertex 32.9993 14.5179 21.6894
      vertex 33.3353 13.8892 20.8208
      vertex 32.2466 14.1619 21.6894
    endloop
  endfacet
  facet normal -0.584247 0.78782 -0.194922
    outer loop
      vertex 36.0461 13.4143 16.7821
      vertex 36.1852 13.2448 15.6801
      vertex 35.2924 12.5827 15.6801
    endloop
  endfacet
  facet normal -0.241809 0.965372 -0.0979058
    outer loop
      vertex 32.2878 11.1616 15.6801
      vertex 32.3198 11.0562 14.5618
      vertex 31.2311 10.7835 14.5618
    endloop
  endfacet
  facet normal -0.330666 0.699121 -0.633948
    outer loop
      vertex 33.3353 13.8892 20.8208
      vertex 32.5194 13.5033 20.8208
      vertex 32.2466 14.1619 21.6894
    endloop
  endfacet
  facet normal -0.297214 0.830587 -0.470945
    outer loop
      vertex 32.7583 12.9266 19.8865
      vertex 32.0046 12.095 18.8955
      vertex 31.8509 12.6019 19.8865
    endloop
  endfacet
  facet normal -0.12942 0.872623 -0.470935
    outer loop
      vertex 30.916 12.3677 19.8865
      vertex 31.0193 11.8482 18.8955
      vertex 29.9626 12.2263 19.8865
    endloop
  endfacet
  facet normal -0.20212 0.80684 -0.555118
    outer loop
      vertex 31.8509 12.6019 19.8865
      vertex 30.916 12.3677 19.8865
      vertex 30.7942 12.98 20.8208
    endloop
  endfacet
  facet normal -0.311365 0.869989 -0.382323
    outer loop
      vertex 33.1256 12.04 17.8574
      vertex 32.1295 11.6835 17.8574
      vertex 32.0046 12.095 18.8955
    endloop
  endfacet
  facet normal -0.232489 0.928376 -0.289941
    outer loop
      vertex 32.2242 11.3714 16.7821
      vertex 31.1668 11.1066 16.7821
      vertex 31.1032 11.4265 17.8574
    endloop
  endfacet
  facet normal -0.355647 0.751936 -0.555074
    outer loop
      vertex 33.3353 13.8892 20.8208
      vertex 32.7583 12.9266 19.8865
      vertex 32.5194 13.5033 20.8208
    endloop
  endfacet
  facet normal -0.355644 0.751936 -0.555076
    outer loop
      vertex 33.3353 13.8892 20.8208
      vertex 33.6296 13.3387 19.8865
      vertex 32.7583 12.9266 19.8865
    endloop
  endfacet
  facet normal -0.573048 0.519325 -0.633969
    outer loop
      vertex 36.1092 16.1657 20.8208
      vertex 35.5031 15.4969 20.8208
      vertex 34.999 16.001 21.6894
    endloop
  endfacet
  facet normal -0.668079 0.49546 -0.555148
    outer loop
      vertex 36.6468 16.8906 20.8208
      vertex 37.1659 16.5437 19.8865
      vertex 36.1092 16.1657 20.8208
    endloop
  endfacet
  facet normal -0.621172 0.460747 -0.633922
    outer loop
      vertex 36.0541 17.2866 21.6894
      vertex 36.6468 16.8906 20.8208
      vertex 35.5581 16.6179 21.6894
    endloop
  endfacet
  facet normal -0.495503 0.668093 -0.555093
    outer loop
      vertex 34.8343 14.8908 20.8208
      vertex 35.2304 14.4083 19.8865
      vertex 34.4562 13.8341 19.8865
    endloop
  endfacet
  facet normal -0.568264 0.421503 -0.70669
    outer loop
      vertex 36.0541 17.2866 21.6894
      vertex 35.5581 16.6179 21.6894
      vertex 34.9439 17.1219 22.4839
    endloop
  endfacet
  facet normal -0.573041 0.51935 -0.633955
    outer loop
      vertex 35.5581 16.6179 21.6894
      vertex 36.1092 16.1657 20.8208
      vertex 34.999 16.001 21.6894
    endloop
  endfacet
  facet normal -0.75663 0.453527 -0.470982
    outer loop
      vertex 37.6613 17.3704 19.8865
      vertex 38.1285 17.1207 18.8955
      vertex 37.6063 16.2495 18.8955
    endloop
  endfacet
  facet normal -0.787811 0.584267 -0.194902
    outer loop
      vertex 38.235 15.8294 16.7821
      vertex 38.4173 15.7076 15.6801
      vertex 37.5857 14.9539 16.7821
    endloop
  endfacet
  facet normal -0.751936 0.355644 -0.555076
    outer loop
      vertex 38.0734 18.2417 19.8865
      vertex 37.6613 17.3704 19.8865
      vertex 37.1108 17.6647 20.8208
    endloop
  endfacet
  facet normal -0.797463 0.377152 -0.470966
    outer loop
      vertex 38.5628 18.039 18.8955
      vertex 38.1285 17.1207 18.8955
      vertex 38.0734 18.2417 19.8865
    endloop
  endfacet
  facet normal -0.886673 0.419334 0.194858
    outer loop
      vertex 39.4639 17.6657 12.3199
      vertex 39.2614 17.7496 11.2179
      vertex 38.9887 16.6609 12.3199
    endloop
  endfacet
  facet normal -0.820864 0.492044 0.289956
    outer loop
      vertex 38.7954 16.7643 11.2179
      vertex 38.5077 16.918 10.1426
      vertex 38.235 15.8294 11.2179
    endloop
  endfacet
  facet normal -0.994 0.048862 -0.0978623
    outer loop
      vertex 40.4362 22 14.5618
      vertex 40.3811 20.8791 14.5618
      vertex 40.3261 22 15.6801
    endloop
  endfacet
  facet normal -0.998794 0.0490976 0
    outer loop
      vertex 40.3811 20.8791 13.4382
      vertex 40.4362 22 14.5618
      vertex 40.4362 22 13.4382
    endloop
  endfacet
  facet normal -0.998794 0.0490976 0
    outer loop
      vertex 40.4362 22 14.5618
      vertex 40.3811 20.8791 13.4382
      vertex 40.3811 20.8791 14.5618
    endloop
  endfacet
  facet normal -0.946674 0.140486 0.289952
    outer loop
      vertex 40.0534 20.9113 11.2179
      vertex 39.7288 20.9433 10.1426
      vertex 39.5735 19.8968 10.1426
    endloop
  endfacet
  facet normal -0.979648 0.0481411 0.194863
    outer loop
      vertex 40.3261 22 12.3199
      vertex 40.1069 22 11.2179
      vertex 40.0534 20.9113 11.2179
    endloop
  endfacet
  facet normal -0.896355 0.22446 0.382315
    outer loop
      vertex 39.3165 18.8705 10.1426
      vertex 39.5735 19.8968 10.1426
      vertex 38.905 18.9954 9.10449
    endloop
  endfacet
  facet normal -0.928382 0.23248 0.289932
    outer loop
      vertex 39.6286 18.7758 11.2179
      vertex 39.5735 19.8968 10.1426
      vertex 39.3165 18.8705 10.1426
    endloop
  endfacet
  facet normal -0.872617 0.129419 0.470946
    outer loop
      vertex 39.1518 19.9807 9.10449
      vertex 38.7737 21.0374 8.11352
      vertex 38.6323 20.084 8.11352
    endloop
  endfacet
  facet normal -0.86999 0.311366 0.38232
    outer loop
      vertex 38.96 17.8744 10.1426
      vertex 39.3165 18.8705 10.1426
      vertex 38.905 18.9954 9.10449
    endloop
  endfacet
  facet normal -0.686301 0.171915 0.706707
    outer loop
      vertex 37.1186 19.5373 6.31065
      vertex 37.3209 20.3449 6.31065
      vertex 36.3582 19.7679 5.51611
    endloop
  endfacet
  facet normal -0.75022 0.187919 0.633922
    outer loop
      vertex 37.8007 19.3303 7.17924
      vertex 38.02 20.2058 7.17924
      vertex 37.3209 20.3449 6.31065
    endloop
  endfacet
  facet normal -0.806847 0.202104 0.555114
    outer loop
      vertex 38.3981 19.1491 8.11352
      vertex 38.02 20.2058 7.17924
      vertex 37.8007 19.3303 7.17924
    endloop
  endfacet
  facet normal -0.699124 0.33066 0.633948
    outer loop
      vertex 37.1108 17.6647 7.17924
      vertex 36.8381 18.7534 6.31065
      vertex 36.4821 18.0007 6.31065
    endloop
  endfacet
  facet normal -0.524266 0.475145 0.70667
    outer loop
      vertex 34.999 16.001 6.31065
      vertex 35.5581 16.6179 6.31065
      vertex 34.9439 17.1219 5.51611
    endloop
  endfacet
  facet normal -0.668057 0.495541 0.555103
    outer loop
      vertex 36.5917 15.7696 8.11352
      vertex 37.1659 16.5437 8.11352
      vertex 36.1092 16.1657 7.17924
    endloop
  endfacet
  facet normal -0.708535 0.525566 0.470913
    outer loop
      vertex 37.6063 16.2495 9.10449
      vertex 37.1659 16.5437 8.11352
      vertex 36.5917 15.7696 8.11352
    endloop
  endfacet
  facet normal -0.768735 0.570083 0.289917
    outer loop
      vertex 37.5857 14.9539 11.2179
      vertex 37.9638 16.0106 10.1426
      vertex 37.3336 15.1608 10.1426
    endloop
  endfacet
  facet normal -0.792574 0.475073 0.382272
    outer loop
      vertex 37.9638 16.0106 10.1426
      vertex 38.5077 16.918 10.1426
      vertex 37.6063 16.2495 9.10449
    endloop
  endfacet
  facet normal -0.751931 0.355642 0.555084
    outer loop
      vertex 37.6613 17.3704 8.11352
      vertex 38.0734 18.2417 8.11352
      vertex 37.1108 17.6647 7.17924
    endloop
  endfacet
  facet normal -0.835339 0.395065 0.382272
    outer loop
      vertex 38.5077 16.918 10.1426
      vertex 38.5628 18.039 9.10449
      vertex 38.1285 17.1207 9.10449
    endloop
  endfacet
  facet normal -0.550425 0.742226 0.382274
    outer loop
      vertex 34.9894 13.0362 10.1426
      vertex 35.8392 13.6664 10.1426
      vertex 34.7505 13.3937 9.10449
    endloop
  endfacet
  facet normal -0.642735 0.709116 0.289907
    outer loop
      vertex 36.8537 14.1463 11.2179
      vertex 36.6231 14.3769 10.1426
      vertex 36.0461 13.4143 11.2179
    endloop
  endfacet
  facet normal -0.853601 0.511641 0.0979186
    outer loop
      vertex 38.5089 15.6464 13.4382
      vertex 38.9887 16.6609 12.3199
      vertex 38.4173 15.7076 12.3199
    endloop
  endfacet
  facet normal -0.737338 0.668394 0.097888
    outer loop
      vertex 37.8403 14.7449 13.4382
      vertex 37.7552 14.8148 12.3199
      vertex 37.0087 13.9913 12.3199
    endloop
  endfacet
  facet normal -0.90106 0.322486 0.289989
    outer loop
      vertex 39.2614 17.7496 11.2179
      vertex 39.3165 18.8705 10.1426
      vertex 38.96 17.8744 10.1426
    endloop
  endfacet
  facet normal -0.901096 0.322435 0.289935
    outer loop
      vertex 39.6286 18.7758 11.2179
      vertex 39.3165 18.8705 10.1426
      vertex 39.2614 17.7496 11.2179
    endloop
  endfacet
  facet normal -0.116344 0.156863 -0.980744
    outer loop
      vertex 30.0658 20.7013 25.3261
      vertex 30.765 19.8494 25.1069
      vertex 29.9334 20.6031 25.3261
    endloop
  endfacet
  facet normal -0.772458 0.0379631 -0.63393
    outer loop
      vertex 38.1967 22 20.8208
      vertex 38.1524 21.0986 20.8208
      vertex 37.443 21.1684 21.6894
    endloop
  endfacet
  facet normal -0.378948 0.0562084 -0.923709
    outer loop
      vertex 33.8719 21.5202 24.3507
      vertex 33.8014 21.0449 24.3507
      vertex 32.7833 21.2475 24.7807
    endloop
  endfacet
  facet normal -0.550055 0.081536 -0.831138
    outer loop
      vertex 34.8581 21.423 23.821
      vertex 35.6897 20.6693 23.1967
      vertex 34.7734 20.8516 23.821
    endloop
  endfacet
  facet normal -0.382619 0.01882 -0.923714
    outer loop
      vertex 33.8955 22 24.3507
      vertex 33.8719 21.5202 24.3507
      vertex 32.8574 22 24.7807
    endloop
  endfacet
  facet normal -0.47127 0.0231959 -0.881684
    outer loop
      vertex 34.8865 22 23.821
      vertex 34.8581 21.423 23.821
      vertex 33.8955 22 24.3507
    endloop
  endfacet
  facet normal -0.378941 0.0561732 -0.923714
    outer loop
      vertex 32.8388 21.6219 24.7807
      vertex 33.8719 21.5202 24.3507
      vertex 32.7833 21.2475 24.7807
    endloop
  endfacet
  facet normal -0.36069 0.129029 -0.923718
    outer loop
      vertex 33.6847 20.5789 24.3507
      vertex 33.5229 20.1266 24.3507
      vertex 32.6913 20.8803 24.7807
    endloop
  endfacet
  facet normal -0.360709 0.129005 -0.923714
    outer loop
      vertex 32.6913 20.8803 24.7807
      vertex 33.5229 20.1266 24.3507
      vertex 32.5638 20.5238 24.7807
    endloop
  endfacet
  facet normal -0.426551 0.201735 -0.881679
    outer loop
      vertex 33.5229 20.1266 24.3507
      vertex 34.4384 19.7473 23.821
      vertex 33.3175 19.6923 24.3507
    endloop
  endfacet
  facet normal -0.457693 0.114668 0.881685
    outer loop
      vertex 34.633 20.2912 4.17901
      vertex 34.7734 20.8516 4.17901
      vertex 33.6847 20.5789 3.64932
    endloop
  endfacet
  facet normal -0.287461 0.0426124 0.956844
    outer loop
      vertex 32.7833 21.2475 3.21932
      vertex 32.8388 21.6219 3.21932
      vertex 31.7687 21.7273 2.89314
    endloop
  endfacet
  facet normal 0.550028 0.0815779 -0.831152
    outer loop
      vertex 23.1419 21.423 23.821
      vertex 22.3103 20.6693 23.1967
      vertex 22.2121 21.3314 23.1967
    endloop
  endfacet
  facet normal -0.0657633 0.1839 -0.980743
    outer loop
      vertex 29.6429 20.4478 25.3261
      vertex 29.8076 19.3377 25.1069
      vertex 29.4877 20.3923 25.3261
    endloop
  endfacet
  facet normal 0.0419355 0.0886891 -0.995176
    outer loop
      vertex 28.785 21.4809 25.4362
      vertex 28.3571 20.4478 25.3261
      vertex 28.208 20.5183 25.3261
    endloop
  endfacet
  facet normal 0.176567 0.08349 -0.980741
    outer loop
      vertex 27.4478 21.3571 25.3261
      vertex 26.5464 20.6885 25.1069
      vertex 26.4297 20.9353 25.1069
    endloop
  endfacet
  facet normal -0.281903 0.0706292 -0.95684
    outer loop
      vertex 32.7833 21.2475 24.7807
      vertex 32.6913 20.8803 24.7807
      vertex 31.6623 21.1924 25.1069
    endloop
  endfacet
  facet normal 0.273627 0.0979139 -0.956839
    outer loop
      vertex 26.3377 21.1924 25.1069
      vertex 26.4297 20.9353 25.1069
      vertex 25.3087 20.8803 24.7807
    endloop
  endfacet
  facet normal 0.176568 0.0834879 -0.980741
    outer loop
      vertex 27.4478 21.3571 25.3261
      vertex 27.5183 21.208 25.3261
      vertex 26.5464 20.6885 25.1069
    endloop
  endfacet
  facet normal 0.189439 0.0475029 -0.980743
    outer loop
      vertex 27.3923 21.5123 25.3261
      vertex 26.3377 21.1924 25.1069
      vertex 26.2713 21.4572 25.1069
    endloop
  endfacet
  facet normal 0.0978623 0.273631 -0.956843
    outer loop
      vertex 27.9353 19.4297 25.1069
      vertex 27.8803 18.3087 24.7807
      vertex 27.5238 18.4362 24.7807
    endloop
  endfacet
  facet normal 0.0330339 0.092376 -0.995176
    outer loop
      vertex 28.785 21.4809 25.4362
      vertex 28.5123 20.3923 25.3261
      vertex 28.3571 20.4478 25.3261
    endloop
  endfacet
  facet normal -0.37821 0.509859 -0.772658
    outer loop
      vertex 33.327 16.7275 23.1967
      vertex 33.8781 16.0561 22.4839
      vertex 33.272 15.6065 22.4839
    endloop
  endfacet
  facet normal -0.412045 0.373416 -0.831131
    outer loop
      vertex 34.2725 17.673 23.1967
      vertex 33.823 17.177 23.1967
      vertex 33.1624 17.8376 23.821
    endloop
  endfacet
  facet normal -0.0426148 0.287477 -0.956839
    outer loop
      vertex 29.7525 18.2167 24.7807
      vertex 29.3781 18.1612 24.7807
      vertex 29.2727 19.2313 25.1069
    endloop
  endfacet
  facet normal -0.0562084 0.378948 -0.923709
    outer loop
      vertex 29.7525 18.2167 24.7807
      vertex 29.9551 17.1986 24.3507
      vertex 29.4798 17.1281 24.3507
    endloop
  endfacet
  facet normal -0.135074 0.53938 -0.831158
    outer loop
      vertex 30.7088 16.367 23.821
      vertex 30.98 15.4729 23.1967
      vertex 30.3307 15.3103 23.1967
    endloop
  endfacet
  facet normal -0.103767 0.699854 -0.706709
    outer loop
      vertex 30.5001 14.4584 22.4839
      vertex 30.6551 13.6791 21.6894
      vertex 29.8316 13.557 21.6894
    endloop
  endfacet
  facet normal -0.379013 0.281092 -0.881667
    outer loop
      vertex 33.0705 19.2802 24.3507
      vertex 33.5503 18.2657 23.821
      vertex 32.7843 18.8943 24.3507
    endloop
  endfacet
  facet normal -0.30769 0.228196 -0.923717
    outer loop
      vertex 33.0705 19.2802 24.3507
      vertex 32.7843 18.8943 24.3507
      vertex 32.2073 19.8569 24.7807
    endloop
  endfacet
  facet normal 0.476932 0.28586 -0.831155
    outer loop
      vertex 24.1056 18.7296 23.821
      vertex 23.3287 18.2106 23.1967
      vertex 22.9846 18.7847 23.1967
    endloop
  endfacet
  facet normal 0.509859 0.37821 -0.772658
    outer loop
      vertex 23.7275 17.673 23.1967
      vertex 23.0561 17.1219 22.4839
      vertex 22.6065 17.728 22.4839
    endloop
  endfacet
  facet normal 0.728162 0.260556 -0.633948
    outer loop
      vertex 20.8814 19.5373 21.6894
      vertex 21.1619 18.7534 21.6894
      vertex 20.5033 18.4806 20.8208
    endloop
  endfacet
  facet normal 0.57391 0.271431 -0.772627
    outer loop
      vertex 22.6984 19.3898 23.1967
      vertex 22.2186 18.3753 22.4839
      vertex 21.896 19.0574 22.4839
    endloop
  endfacet
  facet normal 0.634068 0.0312008 -0.772648
    outer loop
      vertex 22.1792 22 23.1967
      vertex 22.2121 21.3314 23.1967
      vertex 21.3477 21.2463 22.4839
    endloop
  endfacet
  facet normal 0.404725 0.24259 -0.881674
    outer loop
      vertex 24.9295 19.2802 24.3507
      vertex 24.1056 18.7296 23.821
      vertex 23.8086 19.2251 23.821
    endloop
  endfacet
  facet normal 0.457692 0.114619 -0.881692
    outer loop
      vertex 24.1986 21.0449 24.3507
      vertex 24.3153 20.5789 24.3507
      vertex 23.2266 20.8516 23.821
    endloop
  endfacet
  facet normal 0.382618 0.0188223 -0.923715
    outer loop
      vertex 25.1426 22 24.7807
      vertex 25.1612 21.6219 24.7807
      vertex 24.1281 21.5202 24.3507
    endloop
  endfacet
  facet normal 0.466727 0.0691841 -0.881691
    outer loop
      vertex 24.1986 21.0449 24.3507
      vertex 23.2266 20.8516 23.821
      vertex 23.1419 21.423 23.821
    endloop
  endfacet
  facet normal 0.262701 0.124288 -0.956839
    outer loop
      vertex 26.5464 20.6885 25.1069
      vertex 25.5981 20.1816 24.7807
      vertex 25.4362 20.5238 24.7807
    endloop
  endfacet
  facet normal 0.283806 0.257331 -0.923707
    outer loop
      vertex 26.2724 19.2724 24.7807
      vertex 25.5384 18.5384 24.3507
      vertex 25.2157 18.8943 24.3507
    endloop
  endfacet
  facet normal 0.280196 0.783166 -0.555105
    outer loop
      vertex 26.3303 13.1993 20.8208
      vertex 26.1491 12.6019 19.8865
      vertex 25.4806 13.5033 20.8208
    endloop
  endfacet
  facet normal 0.0931352 0.627969 -0.772646
    outer loop
      vertex 28.3314 15.2121 23.1967
      vertex 28.2463 14.3477 22.4839
      vertex 27.4999 14.4584 22.4839
    endloop
  endfacet
  facet normal 0.171948 0.686292 -0.706708
    outer loop
      vertex 27.4999 14.4584 22.4839
      vertex 27.3449 13.6791 21.6894
      vertex 26.7679 14.6418 22.4839
    endloop
  endfacet
  facet normal -0.0379631 0.772458 -0.63393
    outer loop
      vertex 29.8316 13.557 21.6894
      vertex 29.9014 12.8476 20.8208
      vertex 29 12.8033 20.8208
    endloop
  endfacet
  facet normal -0.081536 0.550055 -0.831138
    outer loop
      vertex 30.1484 16.2266 23.821
      vertex 30.3307 15.3103 23.1967
      vertex 29.577 16.1419 23.821
    endloop
  endfacet
  facet normal 0.0231959 0.47127 -0.881684
    outer loop
      vertex 29 17.1045 24.3507
      vertex 29 16.1135 23.821
      vertex 28.423 16.1419 23.821
    endloop
  endfacet
  facet normal 0.103767 0.699854 -0.706709
    outer loop
      vertex 27.4999 14.4584 22.4839
      vertex 28.1684 13.557 21.6894
      vertex 27.3449 13.6791 21.6894
    endloop
  endfacet
  facet normal 0.237753 0.50265 -0.831154
    outer loop
      vertex 26.2251 16.8086 23.821
      vertex 26.7473 16.5616 23.821
      vertex 25.7847 15.9846 23.1967
    endloop
  endfacet
  facet normal 0.283847 0.257233 -0.923722
    outer loop
      vertex 26.0182 19.5529 24.7807
      vertex 26.2724 19.2724 24.7807
      vertex 25.2157 18.8943 24.3507
    endloop
  endfacet
  facet normal 0.237746 0.502657 -0.831151
    outer loop
      vertex 26.7473 16.5616 23.821
      vertex 26.3898 15.6984 23.1967
      vertex 25.7847 15.9846 23.1967
    endloop
  endfacet
  facet normal 0.331272 0.446606 -0.831145
    outer loop
      vertex 25.2657 17.4497 23.821
      vertex 25.7296 17.1056 23.821
      vertex 24.673 16.7275 23.1967
    endloop
  endfacet
  facet normal 0.606878 0.363736 -0.706679
    outer loop
      vertex 22.6065 17.728 22.4839
      vertex 21.9459 17.2866 21.6894
      vertex 21.5179 18.0007 21.6894
    endloop
  endfacet
  facet normal 0.271431 0.57391 -0.772627
    outer loop
      vertex 26.3898 15.6984 23.1967
      vertex 26.0574 14.896 22.4839
      vertex 25.3753 15.2186 22.4839
    endloop
  endfacet
  facet normal 0.213863 0.597756 -0.772626
    outer loop
      vertex 26.3898 15.6984 23.1967
      vertex 26.7679 14.6418 22.4839
      vertex 26.0574 14.896 22.4839
    endloop
  endfacet
  facet normal 0.830765 0.0408286 -0.555124
    outer loop
      vertex 19.8033 22 20.8208
      vertex 19.8476 21.0986 20.8208
      vertex 19.2263 21.0374 19.8865
    endloop
  endfacet
  facet normal 0.822769 0.122015 -0.555125
    outer loop
      vertex 19.8476 21.0986 20.8208
      vertex 19.98 20.2058 20.8208
      vertex 19.2263 21.0374 19.8865
    endloop
  endfacet
  facet normal 0.457699 0.11467 -0.881681
    outer loop
      vertex 24.3153 20.5789 24.3507
      vertex 23.367 20.2912 23.821
      vertex 23.2266 20.8516 23.821
    endloop
  endfacet
  facet normal 0.627969 0.0931352 -0.772646
    outer loop
      vertex 22.2121 21.3314 23.1967
      vertex 21.4584 20.4999 22.4839
      vertex 21.3477 21.2463 22.4839
    endloop
  endfacet
  facet normal 0.751936 0.355644 -0.555076
    outer loop
      vertex 20.8892 17.6647 20.8208
      vertex 20.3387 17.3704 19.8865
      vertex 19.9266 18.2417 19.8865
    endloop
  endfacet
  facet normal 0.750218 0.187926 -0.633922
    outer loop
      vertex 20.6791 20.3449 21.6894
      vertex 20.8814 19.5373 21.6894
      vertex 20.1993 19.3303 20.8208
    endloop
  endfacet
  facet normal 0.792573 0.475071 -0.382276
    outer loop
      vertex 19.8715 17.1207 18.8955
      vertex 20.3937 16.2495 18.8955
      vertex 19.4923 16.918 17.8574
    endloop
  endfacet
  facet normal 0.792573 0.475072 -0.382275
    outer loop
      vertex 20.3937 16.2495 18.8955
      vertex 20.0362 16.0106 17.8574
      vertex 19.4923 16.918 17.8574
    endloop
  endfacet
  facet normal 0.946675 0.140495 -0.289944
    outer loop
      vertex 18.4265 19.8968 17.8574
      vertex 18.1066 19.8332 16.7821
      vertex 17.9466 20.9113 16.7821
    endloop
  endfacet
  facet normal 0.970201 0.143987 -0.194878
    outer loop
      vertex 17.9466 20.9113 16.7821
      vertex 18.1066 19.8332 16.7821
      vertex 17.8916 19.7904 15.6801
    endloop
  endfacet
  facet normal 0.592409 0.653645 -0.470956
    outer loop
      vertex 22.7696 14.4083 19.8865
      vertex 22.4336 13.9988 18.8955
      vertex 22.0555 15.0555 19.8865
    endloop
  endfacet
  facet normal 0.550441 0.742199 -0.382302
    outer loop
      vertex 22.4336 13.9988 18.8955
      vertex 23.2495 13.3937 18.8955
      vertex 22.1608 13.6664 17.8574
    endloop
  endfacet
  facet normal 0.835338 0.395064 -0.382275
    outer loop
      vertex 19.8715 17.1207 18.8955
      vertex 19.4923 16.918 17.8574
      vertex 19.4372 18.039 18.8955
    endloop
  endfacet
  facet normal 0.620542 0.684648 -0.382341
    outer loop
      vertex 21.681 14.681 18.8955
      vertex 22.1608 13.6664 17.8574
      vertex 21.3769 14.3769 17.8574
    endloop
  endfacet
  facet normal 0.475129 0.524264 -0.706682
    outer loop
      vertex 23.5628 16.5628 22.4839
      vertex 24.1219 16.0561 22.4839
      vertex 23.001 16.001 21.6894
    endloop
  endfacet
  facet normal 0.470393 0.426294 -0.77266
    outer loop
      vertex 23.7275 17.673 23.1967
      vertex 24.177 17.177 23.1967
      vertex 23.0561 17.1219 22.4839
    endloop
  endfacet
  facet normal 0.737358 0.668367 -0.0979218
    outer loop
      vertex 20.9913 13.9913 15.6801
      vertex 20.9134 13.9134 14.5618
      vertex 20.1597 14.7449 14.5618
    endloop
  endfacet
  facet normal 0.737338 0.668394 -0.097888
    outer loop
      vertex 20.2448 14.8148 15.6801
      vertex 20.9913 13.9913 15.6801
      vertex 20.1597 14.7449 14.5618
    endloop
  endfacet
  facet normal 0.903979 0.427577 0
    outer loop
      vertex 18.9142 16.609 14.5618
      vertex 18.4343 17.6236 13.4382
      vertex 18.4343 17.6236 14.5618
    endloop
  endfacet
  facet normal 0.903979 0.427577 0
    outer loop
      vertex 18.4343 17.6236 13.4382
      vertex 18.9142 16.609 14.5618
      vertex 18.9142 16.609 13.4382
    endloop
  endfacet
  facet normal 0.865161 0.409151 -0.289986
    outer loop
      vertex 19.04 17.8744 17.8574
      vertex 19.4923 16.918 17.8574
      vertex 18.7386 17.7496 16.7821
    endloop
  endfacet
  facet normal 0.865156 0.409178 -0.289962
    outer loop
      vertex 19.4923 16.918 17.8574
      vertex 19.2046 16.7643 16.7821
      vertex 18.7386 17.7496 16.7821
    endloop
  endfacet
  facet normal 0.709122 0.642724 0.289918
    outer loop
      vertex 21.3769 14.3769 10.1426
      vertex 20.6664 15.1608 10.1426
      vertex 20.4143 14.9539 11.2179
    endloop
  endfacet
  facet normal 0.768711 0.570102 0.289944
    outer loop
      vertex 20.4143 14.9539 11.2179
      vertex 20.0362 16.0106 10.1426
      vertex 19.765 15.8294 11.2179
    endloop
  endfacet
  facet normal 0.737338 0.668394 0.097888
    outer loop
      vertex 20.9913 13.9913 12.3199
      vertex 20.2448 14.8148 12.3199
      vertex 20.1597 14.7449 13.4382
    endloop
  endfacet
  facet normal 0.79937 0.592812 0.0978843
    outer loop
      vertex 20.1597 14.7449 13.4382
      vertex 20.2448 14.8148 12.3199
      vertex 19.5827 15.7076 12.3199
    endloop
  endfacet
  facet normal 0.570102 0.768711 0.289944
    outer loop
      vertex 22.8294 12.765 11.2179
      vertex 23.0106 13.0362 10.1426
      vertex 21.9539 13.4143 11.2179
    endloop
  endfacet
  facet normal 0.584267 0.787811 0.194902
    outer loop
      vertex 22.7076 12.5827 12.3199
      vertex 22.8294 12.765 11.2179
      vertex 21.9539 13.4143 11.2179
    endloop
  endfacet
  facet normal 0.658737 0.726685 -0.194921
    outer loop
      vertex 21.9539 13.4143 16.7821
      vertex 21.8148 13.2448 15.6801
      vertex 20.9913 13.9913 15.6801
    endloop
  endfacet
  facet normal 0.668394 0.737338 -0.097888
    outer loop
      vertex 21.8148 13.2448 15.6801
      vertex 21.7449 13.1597 14.5618
      vertex 20.9913 13.9913 15.6801
    endloop
  endfacet
  facet normal 0.427577 0.903979 -0
    outer loop
      vertex 24.6236 11.4343 13.4382
      vertex 23.609 11.9142 14.5618
      vertex 24.6236 11.4343 14.5618
    endloop
  endfacet
  facet normal 0.427577 0.903979 0
    outer loop
      vertex 23.609 11.9142 14.5618
      vertex 24.6236 11.4343 13.4382
      vertex 23.609 11.9142 13.4382
    endloop
  endfacet
  facet normal 0.0481411 0.979648 0.194863
    outer loop
      vertex 29 10.6739 12.3199
      vertex 29 10.8931 11.2179
      vertex 27.9113 10.9466 11.2179
    endloop
  endfacet
  facet normal -0.171915 0.686301 0.706707
    outer loop
      vertex 31.4627 13.8814 6.31065
      vertex 31.2321 14.6418 5.51611
      vertex 30.6551 13.6791 6.31065
    endloop
  endfacet
  facet normal -0.238365 0.666147 0.706704
    outer loop
      vertex 31.4627 13.8814 6.31065
      vertex 32.2466 14.1619 6.31065
      vertex 31.2321 14.6418 5.51611
    endloop
  endfacet
  facet normal -0.171952 0.68631 0.70669
    outer loop
      vertex 30.6551 13.6791 6.31065
      vertex 31.2321 14.6418 5.51611
      vertex 30.5001 14.4584 5.51611
    endloop
  endfacet
  facet normal -0.0379917 0.772467 0.633918
    outer loop
      vertex 29.8316 13.557 6.31065
      vertex 29 13.5161 6.31065
      vertex 29 12.8033 7.17924
    endloop
  endfacet
  facet normal 0.592475 0.653616 0.470913
    outer loop
      vertex 22.4336 13.9988 9.10449
      vertex 22.0555 15.0555 8.11352
      vertex 21.681 14.681 9.10449
    endloop
  endfacet
  facet normal 0.653641 0.592405 0.470967
    outer loop
      vertex 22.0555 15.0555 8.11352
      vertex 21.4083 15.7696 8.11352
      vertex 20.9988 15.4336 9.10449
    endloop
  endfacet
  facet normal -0.0453298 0.92293 0.382291
    outer loop
      vertex 30.0567 11.2712 10.1426
      vertex 29 11.6493 9.10449
      vertex 29 11.2193 10.1426
    endloop
  endfacet
  facet normal -0.0469483 0.955882 0.289974
    outer loop
      vertex 30.0567 11.2712 10.1426
      vertex 29 11.2193 10.1426
      vertex 29 10.8931 11.2179
    endloop
  endfacet
  facet normal -0.322486 0.90106 -0.289989
    outer loop
      vertex 33.1256 12.04 17.8574
      vertex 33.2504 11.7386 16.7821
      vertex 32.1295 11.6835 17.8574
    endloop
  endfacet
  facet normal -0.238266 0.951445 -0.194888
    outer loop
      vertex 32.2242 11.3714 16.7821
      vertex 32.2878 11.1616 15.6801
      vertex 31.1668 11.1066 16.7821
    endloop
  endfacet
  facet normal -0.425475 0.899658 0.0979144
    outer loop
      vertex 33.3764 11.4343 13.4382
      vertex 34.3391 12.0113 12.3199
      vertex 33.3343 11.5361 12.3199
    endloop
  endfacet
  facet normal -0.335305 0.937008 0.0979079
    outer loop
      vertex 32.3198 11.0562 13.4382
      vertex 33.3764 11.4343 13.4382
      vertex 32.2878 11.1616 12.3199
    endloop
  endfacet
  facet normal -0.511596 0.853635 0.0978626
    outer loop
      vertex 34.391 11.9142 13.4382
      vertex 35.3536 12.4911 13.4382
      vertex 34.3391 12.0113 12.3199
    endloop
  endfacet
  facet normal -0.409178 0.865156 -0.289962
    outer loop
      vertex 34.082 12.4923 17.8574
      vertex 34.2357 12.2046 16.7821
      vertex 33.2504 11.7386 16.7821
    endloop
  endfacet
  facet normal -0.419334 0.886673 -0.194858
    outer loop
      vertex 34.3391 12.0113 15.6801
      vertex 33.3343 11.5361 15.6801
      vertex 33.2504 11.7386 16.7821
    endloop
  endfacet
  facet normal 0.475072 0.792573 -0.382275
    outer loop
      vertex 23.2495 13.3937 18.8955
      vertex 23.918 12.4923 17.8574
      vertex 23.0106 13.0362 17.8574
    endloop
  endfacet
  facet normal 0.550424 0.742225 -0.382277
    outer loop
      vertex 23.2495 13.3937 18.8955
      vertex 23.0106 13.0362 17.8574
      vertex 22.1608 13.6664 17.8574
    endloop
  endfacet
  facet normal 0.377169 0.797445 -0.470984
    outer loop
      vertex 24.3704 13.3387 19.8865
      vertex 25.2417 12.9266 19.8865
      vertex 24.1207 12.8715 18.8955
    endloop
  endfacet
  facet normal 0.355644 0.751936 -0.555076
    outer loop
      vertex 24.6647 13.8892 20.8208
      vertex 25.2417 12.9266 19.8865
      vertex 24.3704 13.3387 19.8865
    endloop
  endfacet
  facet normal 0.140486 0.946674 -0.289952
    outer loop
      vertex 27.9433 11.2712 17.8574
      vertex 27.9113 10.9466 16.7821
      vertex 26.8968 11.4265 17.8574
    endloop
  endfacet
  facet normal 0.311301 0.870041 -0.382257
    outer loop
      vertex 25.039 12.4372 18.8955
      vertex 25.9954 12.095 18.8955
      vertex 24.8744 12.04 17.8574
    endloop
  endfacet
  facet normal 0.297184 0.830586 -0.470966
    outer loop
      vertex 25.2417 12.9266 19.8865
      vertex 25.9954 12.095 18.8955
      vertex 25.039 12.4372 18.8955
    endloop
  endfacet
  facet normal 0.377152 0.797463 -0.470966
    outer loop
      vertex 25.2417 12.9266 19.8865
      vertex 25.039 12.4372 18.8955
      vertex 24.1207 12.8715 18.8955
    endloop
  endfacet
  facet normal -0.0379919 0.772471 -0.633913
    outer loop
      vertex 29 13.5161 21.6894
      vertex 29.8316 13.557 21.6894
      vertex 29 12.8033 20.8208
    endloop
  endfacet
  facet normal 0.0379631 0.772458 -0.63393
    outer loop
      vertex 28.1684 13.557 21.6894
      vertex 29 12.8033 20.8208
      vertex 28.0986 12.8476 20.8208
    endloop
  endfacet
  facet normal -0.0481411 0.979648 -0.194863
    outer loop
      vertex 29 10.8931 16.7821
      vertex 30.0887 10.9466 16.7821
      vertex 29 10.6739 15.6801
    endloop
  endfacet
  facet normal -0.140486 0.946674 -0.289952
    outer loop
      vertex 31.1032 11.4265 17.8574
      vertex 30.0887 10.9466 16.7821
      vertex 30.0567 11.2712 17.8574
    endloop
  endfacet
  facet normal -0.146658 0.989187 0
    outer loop
      vertex 31.2311 10.7835 13.4382
      vertex 30.1209 10.6189 14.5618
      vertex 31.2311 10.7835 14.5618
    endloop
  endfacet
  facet normal -0.146658 0.989187 0
    outer loop
      vertex 30.1209 10.6189 14.5618
      vertex 31.2311 10.7835 13.4382
      vertex 30.1209 10.6189 13.4382
    endloop
  endfacet
  facet normal 0.335316 0.937003 -0.0979198
    outer loop
      vertex 24.6657 11.5361 15.6801
      vertex 25.7122 11.1616 15.6801
      vertex 24.6236 11.4343 14.5618
    endloop
  endfacet
  facet normal 0.425475 0.899658 -0.0979144
    outer loop
      vertex 24.6657 11.5361 15.6801
      vertex 24.6236 11.4343 14.5618
      vertex 23.6609 12.0113 15.6801
    endloop
  endfacet
  facet normal 0.143923 0.970223 -0.194815
    outer loop
      vertex 27.9113 10.9466 16.7821
      vertex 27.8899 10.7285 15.6801
      vertex 26.7904 10.8916 15.6801
    endloop
  endfacet
  facet normal 0.238259 0.951448 -0.194881
    outer loop
      vertex 26.8332 11.1066 16.7821
      vertex 26.7904 10.8916 15.6801
      vertex 25.7122 11.1616 15.6801
    endloop
  endfacet
  facet normal 0.146658 0.989187 -0
    outer loop
      vertex 27.8791 10.6189 13.4382
      vertex 26.7689 10.7835 14.5618
      vertex 27.8791 10.6189 14.5618
    endloop
  endfacet
  facet normal 0.146658 0.989187 0
    outer loop
      vertex 26.7689 10.7835 14.5618
      vertex 27.8791 10.6189 13.4382
      vertex 26.7689 10.7835 13.4382
    endloop
  endfacet
  facet normal -0.048862 0.994 -0.0978623
    outer loop
      vertex 29 10.6739 15.6801
      vertex 30.1209 10.6189 14.5618
      vertex 29 10.5638 14.5618
    endloop
  endfacet
  facet normal 0.409151 0.865161 -0.289986
    outer loop
      vertex 24.8744 12.04 17.8574
      vertex 24.7496 11.7386 16.7821
      vertex 23.918 12.4923 17.8574
    endloop
  endfacet
  facet normal 0.311365 0.869989 -0.382323
    outer loop
      vertex 25.9954 12.095 18.8955
      vertex 25.8705 11.6835 17.8574
      vertex 24.8744 12.04 17.8574
    endloop
  endfacet
  facet normal 0.492044 0.820864 -0.289956
    outer loop
      vertex 23.918 12.4923 17.8574
      vertex 23.7643 12.2046 16.7821
      vertex 22.8294 12.765 16.7821
    endloop
  endfacet
  facet normal 0.504274 0.841266 -0.194881
    outer loop
      vertex 23.7643 12.2046 16.7821
      vertex 23.6609 12.0113 15.6801
      vertex 22.8294 12.765 16.7821
    endloop
  endfacet
  facet normal 0.322486 0.90106 0.289989
    outer loop
      vertex 25.8705 11.6835 10.1426
      vertex 24.8744 12.04 10.1426
      vertex 24.7496 11.7386 11.2179
    endloop
  endfacet
  facet normal 0.409151 0.865161 0.289986
    outer loop
      vertex 24.7496 11.7386 11.2179
      vertex 24.8744 12.04 10.1426
      vertex 23.918 12.4923 10.1426
    endloop
  endfacet
  facet normal 0.331269 0.446565 0.831168
    outer loop
      vertex 25.2106 16.3287 4.80327
      vertex 25.7296 17.1056 4.17901
      vertex 24.673 16.7275 4.80327
    endloop
  endfacet
  facet normal 0.01882 0.382619 0.923714
    outer loop
      vertex 29 17.1045 3.64932
      vertex 29 18.1426 3.21932
      vertex 28.5202 17.1281 3.64932
    endloop
  endfacet
  facet normal 0.0286125 0.193206 0.980741
    outer loop
      vertex 28.7273 19.2313 2.89314
      vertex 28.6722 20.3522 2.67393
      vertex 28.4572 19.2713 2.89314
    endloop
  endfacet
  facet normal -0.0142623 0.290248 0.956845
    outer loop
      vertex 29.2727 19.2313 2.89314
      vertex 29 19.2179 2.89314
      vertex 29 18.1426 3.21932
    endloop
  endfacet
  facet normal -0.249265 0.14939 0.956844
    outer loop
      vertex 32.2073 19.8569 3.21932
      vertex 32.4019 20.1816 3.21932
      vertex 31.4536 20.6885 2.89314
    endloop
  endfacet
  facet normal 0.379008 0.281088 0.88167
    outer loop
      vertex 25.2157 18.8943 3.64932
      vertex 24.9295 19.2802 3.64932
      vertex 24.4497 18.2657 4.17901
    endloop
  endfacet
  facet normal 0.328581 0.196926 0.923718
    outer loop
      vertex 25.7927 19.8569 3.21932
      vertex 25.5981 20.1816 3.21932
      vertex 24.9295 19.2802 3.64932
    endloop
  endfacet
  facet normal 0.14935 0.249307 0.956839
    outer loop
      vertex 27.6885 19.5464 2.89314
      vertex 27.4543 19.6867 2.89314
      vertex 26.8569 18.7927 3.21932
    endloop
  endfacet
  facet normal 0.116368 0.156849 0.980743
    outer loop
      vertex 27.4543 19.6867 2.89314
      vertex 28.0666 20.6031 2.67393
      vertex 27.235 19.8494 2.89314
    endloop
  endfacet
  facet normal 0.0231956 0.471263 0.881688
    outer loop
      vertex 29 16.1135 4.17901
      vertex 29 17.1045 3.64932
      vertex 28.423 16.1419 4.17901
    endloop
  endfacet
  facet normal 0.271451 0.573916 0.772616
    outer loop
      vertex 26.3898 15.6984 4.80327
      vertex 25.7847 15.9846 4.80327
      vertex 25.3753 15.2186 5.51611
    endloop
  endfacet
  facet normal 0.382618 0.0188223 0.923715
    outer loop
      vertex 25.1612 21.6219 3.21932
      vertex 25.1426 22 3.21932
      vertex 24.1281 21.5202 3.64932
    endloop
  endfacet
  facet normal 0.47127 0.0231804 0.881684
    outer loop
      vertex 24.1281 21.5202 3.64932
      vertex 24.1045 22 3.64932
      vertex 23.1419 21.423 4.17901
    endloop
  endfacet
  facet normal -0.27144 0.573929 0.77261
    outer loop
      vertex 31.9426 14.896 5.51611
      vertex 32.6247 15.2186 5.51611
      vertex 31.6102 15.6984 4.80327
    endloop
  endfacet
  facet normal -0.3025 0.6396 0.706686
    outer loop
      vertex 32.2466 14.1619 6.31065
      vertex 32.6247 15.2186 5.51611
      vertex 31.9426 14.896 5.51611
    endloop
  endfacet
  facet normal -0.103801 0.699882 0.706676
    outer loop
      vertex 29.8316 13.557 6.31065
      vertex 30.5001 14.4584 5.51611
      vertex 29.7537 14.3477 5.51611
    endloop
  endfacet
  facet normal -0.0379629 0.772455 0.633934
    outer loop
      vertex 29.9014 12.8476 7.17924
      vertex 29.8316 13.557 6.31065
      vertex 29 12.8033 7.17924
    endloop
  endfacet
  facet normal 0.122026 0.822767 0.555126
    outer loop
      vertex 28.0374 12.2263 8.11352
      vertex 27.2058 12.98 7.17924
      vertex 27.084 12.3677 8.11352
    endloop
  endfacet
  facet normal 0.202119 0.806835 0.555126
    outer loop
      vertex 27.084 12.3677 8.11352
      vertex 27.2058 12.98 7.17924
      vertex 26.1491 12.6019 8.11352
    endloop
  endfacet
  facet normal 0.0273272 0.555348 0.831169
    outer loop
      vertex 29 15.1792 4.80327
      vertex 28.423 16.1419 4.17901
      vertex 28.3314 15.2121 4.80327
    endloop
  endfacet
  facet normal 0.031212 0.634083 0.772635
    outer loop
      vertex 29 14.3106 5.51611
      vertex 29 15.1792 4.80327
      vertex 28.2463 14.3477 5.51611
    endloop
  endfacet
  facet normal 0.756625 0.453524 0.470993
    outer loop
      vertex 20.3937 16.2495 9.10449
      vertex 20.3387 17.3704 8.11352
      vertex 19.8715 17.1207 9.10449
    endloop
  endfacet
  facet normal 0.797439 0.377166 0.470995
    outer loop
      vertex 20.3387 17.3704 8.11352
      vertex 19.9266 18.2417 8.11352
      vertex 19.8715 17.1207 9.10449
    endloop
  endfacet
  facet normal 0.668075 0.495457 0.555156
    outer loop
      vertex 21.8908 16.1657 7.17924
      vertex 21.3532 16.8906 7.17924
      vertex 20.8341 16.5437 8.11352
    endloop
  endfacet
  facet normal 0.713405 0.427619 0.555154
    outer loop
      vertex 21.3532 16.8906 7.17924
      vertex 20.8892 17.6647 7.17924
      vertex 20.8341 16.5437 8.11352
    endloop
  endfacet
  facet normal 0.154221 0.615842 0.772629
    outer loop
      vertex 27.4999 14.4584 5.51611
      vertex 27.6693 15.3103 4.80327
      vertex 27.02 15.4729 4.80327
    endloop
  endfacet
  facet normal 0.21387 0.597776 0.772608
    outer loop
      vertex 26.7679 14.6418 5.51611
      vertex 26.3898 15.6984 4.80327
      vertex 26.0574 14.896 5.51611
    endloop
  endfacet
  facet normal 0.427619 0.713405 0.555154
    outer loop
      vertex 24.6647 13.8892 7.17924
      vertex 23.8906 14.3532 7.17924
      vertex 23.5437 13.8341 8.11352
    endloop
  endfacet
  facet normal 0.495457 0.668075 0.555156
    outer loop
      vertex 23.5437 13.8341 8.11352
      vertex 23.8906 14.3532 7.17924
      vertex 23.1657 14.8908 7.17924
    endloop
  endfacet
  facet normal 0.23834 0.666172 0.706689
    outer loop
      vertex 26.7679 14.6418 5.51611
      vertex 26.0574 14.896 5.51611
      vertex 25.7534 14.1619 6.31065
    endloop
  endfacet
  facet normal 0.171915 0.686301 0.706707
    outer loop
      vertex 27.3449 13.6791 6.31065
      vertex 26.7679 14.6418 5.51611
      vertex 26.5373 13.8814 6.31065
    endloop
  endfacet
  facet normal 0.421514 0.568278 0.706672
    outer loop
      vertex 24.2866 14.9459 6.31065
      vertex 24.1219 16.0561 5.51611
      vertex 23.6179 15.4419 6.31065
    endloop
  endfacet
  facet normal 0.475145 0.524266 0.70667
    outer loop
      vertex 23.6179 15.4419 6.31065
      vertex 24.1219 16.0561 5.51611
      vertex 23.001 16.001 6.31065
    endloop
  endfacet
  facet normal 0.363688 0.606898 0.706687
    outer loop
      vertex 25.0007 14.5179 6.31065
      vertex 25.3753 15.2186 5.51611
      vertex 24.728 15.6065 5.51611
    endloop
  endfacet
  facet normal 0.135068 0.539357 0.831175
    outer loop
      vertex 27.6693 15.3103 4.80327
      vertex 27.2912 16.367 4.17901
      vertex 27.02 15.4729 4.80327
    endloop
  endfacet
  facet normal 0.331257 0.446586 0.831161
    outer loop
      vertex 25.7296 17.1056 4.17901
      vertex 25.2657 17.4497 4.17901
      vertex 24.673 16.7275 4.80327
    endloop
  endfacet
  facet normal 0.0692291 0.466732 0.881685
    outer loop
      vertex 28.423 16.1419 4.17901
      vertex 28.5202 17.1281 3.64932
      vertex 28.0449 17.1986 3.64932
    endloop
  endfacet
  facet normal -0.573046 0.519323 0.633973
    outer loop
      vertex 35.5031 15.4969 7.17924
      vertex 36.1092 16.1657 7.17924
      vertex 34.999 16.001 6.31065
    endloop
  endfacet
  facet normal -0.558565 0.616347 0.555087
    outer loop
      vertex 35.9445 15.0555 8.11352
      vertex 35.5031 15.4969 7.17924
      vertex 34.8343 14.8908 7.17924
    endloop
  endfacet
  facet normal -0.475073 0.792574 0.382272
    outer loop
      vertex 34.9894 13.0362 10.1426
      vertex 34.7505 13.3937 9.10449
      vertex 34.082 12.4923 10.1426
    endloop
  endfacet
  facet normal -0.525489 0.708554 0.47097
    outer loop
      vertex 35.5664 13.9988 9.10449
      vertex 35.2304 14.4083 8.11352
      vertex 34.7505 13.3937 9.10449
    endloop
  endfacet
  facet normal -0.260526 0.728188 0.633931
    outer loop
      vertex 31.6697 13.1993 7.17924
      vertex 32.5194 13.5033 7.17924
      vertex 31.4627 13.8814 6.31065
    endloop
  endfacet
  facet normal -0.260554 0.728159 0.633953
    outer loop
      vertex 32.5194 13.5033 7.17924
      vertex 32.2466 14.1619 6.31065
      vertex 31.4627 13.8814 6.31065
    endloop
  endfacet
  facet normal -0.285857 0.47691 0.831169
    outer loop
      vertex 32.2153 15.9846 4.80327
      vertex 32.2704 17.1056 4.17901
      vertex 31.7749 16.8086 4.17901
    endloop
  endfacet
  facet normal -0.326343 0.544578 0.772616
    outer loop
      vertex 32.6247 15.2186 5.51611
      vertex 33.272 15.6065 5.51611
      vertex 32.2153 15.9846 4.80327
    endloop
  endfacet
  facet normal -0.502635 0.237736 0.831168
    outer loop
      vertex 35.0154 18.7847 4.80327
      vertex 35.3016 19.3898 4.80327
      vertex 34.4384 19.7473 4.17901
    endloop
  endfacet
  facet normal -0.349627 0.316796 0.881703
    outer loop
      vertex 33.1624 17.8376 4.17901
      vertex 33.5503 18.2657 4.17901
      vertex 32.4616 18.5384 3.64932
    endloop
  endfacet
  facet normal -0.37335 0.412042 0.831162
    outer loop
      vertex 33.327 16.7275 4.80327
      vertex 33.1624 17.8376 4.17901
      vertex 32.7343 17.4497 4.17901
    endloop
  endfacet
  facet normal -0.470406 0.426318 0.772639
    outer loop
      vertex 34.4372 16.5628 5.51611
      vertex 34.9439 17.1219 5.51611
      vertex 33.823 17.177 4.80327
    endloop
  endfacet
  facet normal -0.606898 0.363688 0.706687
    outer loop
      vertex 36.4821 18.0007 6.31065
      vertex 35.7814 18.3753 5.51611
      vertex 35.3935 17.728 5.51611
    endloop
  endfacet
  facet normal -0.568274 0.421541 0.70666
    outer loop
      vertex 36.0541 17.2866 6.31065
      vertex 35.3935 17.728 5.51611
      vertex 34.9439 17.1219 5.51611
    endloop
  endfacet
  facet normal -0.750215 0.187925 0.633926
    outer loop
      vertex 37.8007 19.3303 7.17924
      vertex 37.3209 20.3449 6.31065
      vertex 37.1186 19.5373 6.31065
    endloop
  endfacet
  facet normal -0.597776 0.21387 0.772608
    outer loop
      vertex 36.104 19.0574 5.51611
      vertex 36.3582 19.7679 5.51611
      vertex 35.3016 19.3898 4.80327
    endloop
  endfacet
  facet normal -0.453524 0.756625 0.470993
    outer loop
      vertex 33.8793 12.8715 9.10449
      vertex 34.7505 13.3937 9.10449
      vertex 33.6296 13.3387 8.11352
    endloop
  endfacet
  facet normal -0.45349 0.756671 0.470953
    outer loop
      vertex 34.7505 13.3937 9.10449
      vertex 34.4562 13.8341 8.11352
      vertex 33.6296 13.3387 8.11352
    endloop
  endfacet
  facet normal -0.409151 0.865161 0.289986
    outer loop
      vertex 33.2504 11.7386 11.2179
      vertex 34.082 12.4923 10.1426
      vertex 33.1256 12.04 10.1426
    endloop
  endfacet
  facet normal -0.395053 0.835351 0.382259
    outer loop
      vertex 33.1256 12.04 10.1426
      vertex 34.082 12.4923 10.1426
      vertex 32.961 12.4372 9.10449
    endloop
  endfacet
  facet normal -0.592838 0.799347 -0.0979181
    outer loop
      vertex 36.2551 13.1597 14.5618
      vertex 35.3536 12.4911 14.5618
      vertex 35.2924 12.5827 15.6801
    endloop
  endfacet
  facet normal -0.737358 0.668367 -0.0979218
    outer loop
      vertex 37.8403 14.7449 14.5618
      vertex 37.0866 13.9134 14.5618
      vertex 37.0087 13.9913 15.6801
    endloop
  endfacet
  facet normal -0.740919 0.671594 0
    outer loop
      vertex 37.0866 13.9134 13.4382
      vertex 37.8403 14.7449 14.5618
      vertex 37.8403 14.7449 13.4382
    endloop
  endfacet
  facet normal -0.740919 0.671594 0
    outer loop
      vertex 37.8403 14.7449 14.5618
      vertex 37.0866 13.9134 13.4382
      vertex 37.0866 13.9134 14.5618
    endloop
  endfacet
  facet normal -0.841266 0.504274 -0.194881
    outer loop
      vertex 38.7954 16.7643 16.7821
      vertex 38.9887 16.6609 15.6801
      vertex 38.235 15.8294 16.7821
    endloop
  endfacet
  facet normal -0.886662 0.419349 -0.194875
    outer loop
      vertex 39.2614 17.7496 16.7821
      vertex 38.9887 16.6609 15.6801
      vertex 38.7954 16.7643 16.7821
    endloop
  endfacet
  facet normal -0.835338 0.395064 -0.382275
    outer loop
      vertex 38.5628 18.039 18.8955
      vertex 38.5077 16.918 17.8574
      vertex 38.1285 17.1207 18.8955
    endloop
  endfacet
  facet normal -0.820873 0.492036 -0.289945
    outer loop
      vertex 38.5077 16.918 17.8574
      vertex 38.235 15.8294 16.7821
      vertex 37.9638 16.0106 17.8574
    endloop
  endfacet
  facet normal -0.709116 0.642735 -0.289907
    outer loop
      vertex 37.5857 14.9539 16.7821
      vertex 36.8537 14.1463 16.7821
      vertex 36.6231 14.3769 17.8574
    endloop
  endfacet
  facet normal -0.453493 0.756676 -0.470941
    outer loop
      vertex 34.4562 13.8341 19.8865
      vertex 34.7505 13.3937 18.8955
      vertex 33.6296 13.3387 19.8865
    endloop
  endfacet
  facet normal -0.427633 0.713427 -0.555114
    outer loop
      vertex 34.1094 14.3532 20.8208
      vertex 34.4562 13.8341 19.8865
      vertex 33.3353 13.8892 20.8208
    endloop
  endfacet
  facet normal -0.427601 0.713474 -0.555079
    outer loop
      vertex 34.4562 13.8341 19.8865
      vertex 33.6296 13.3387 19.8865
      vertex 33.3353 13.8892 20.8208
    endloop
  endfacet
  facet normal 0.984425 0.14603 0.0978898
    outer loop
      vertex 17.8916 19.7904 12.3199
      vertex 17.7285 20.8899 12.3199
      vertex 17.6189 20.8791 13.4382
    endloop
  endfacet
  facet normal 0.993996 0.0488894 0.0978896
    outer loop
      vertex 17.7285 20.8899 12.3199
      vertex 17.6739 22 12.3199
      vertex 17.6189 20.8791 13.4382
    endloop
  endfacet
  facet normal 0.835351 0.395053 0.382259
    outer loop
      vertex 19.4923 16.918 10.1426
      vertex 19.4372 18.039 9.10449
      vertex 19.04 17.8744 10.1426
    endloop
  endfacet
  facet normal 0.872617 0.129419 0.470946
    outer loop
      vertex 19.3677 20.084 8.11352
      vertex 19.2263 21.0374 8.11352
      vertex 18.8482 19.9807 9.10449
    endloop
  endfacet
  facet normal 0.946675 0.140495 0.289944
    outer loop
      vertex 18.1066 19.8332 11.2179
      vertex 18.4265 19.8968 10.1426
      vertex 17.9466 20.9113 11.2179
    endloop
  endfacet
  facet normal 0.855718 0.214342 0.470961
    outer loop
      vertex 19.095 18.9954 9.10449
      vertex 19.6019 19.1491 8.11352
      vertex 18.8482 19.9807 9.10449
    endloop
  endfacet
  facet normal 0.768735 0.570083 0.289917
    outer loop
      vertex 20.4143 14.9539 11.2179
      vertex 20.6664 15.1608 10.1426
      vertex 20.0362 16.0106 10.1426
    endloop
  endfacet
  facet normal 0.709116 0.642735 0.289907
    outer loop
      vertex 21.1463 14.1463 11.2179
      vertex 21.3769 14.3769 10.1426
      vertex 20.4143 14.9539 11.2179
    endloop
  endfacet
  facet normal 0.965381 0.241748 -0.0979659
    outer loop
      vertex 17.8916 19.7904 15.6801
      vertex 18.1616 18.7122 15.6801
      vertex 17.7835 19.7689 14.5618
    endloop
  endfacet
  facet normal 0.984429 0.145953 -0.0979655
    outer loop
      vertex 17.8916 19.7904 15.6801
      vertex 17.7835 19.7689 14.5618
      vertex 17.6189 20.8791 14.5618
    endloop
  endfacet
  facet normal 0.928382 0.23248 0.289932
    outer loop
      vertex 18.6835 18.8705 10.1426
      vertex 18.4265 19.8968 10.1426
      vertex 18.3714 18.7758 11.2179
    endloop
  endfacet
  facet normal 0.937003 0.335316 0.0979198
    outer loop
      vertex 18.4343 17.6236 13.4382
      vertex 18.5361 17.6657 12.3199
      vertex 18.1616 18.7122 12.3199
    endloop
  endfacet
  facet normal 0.994 0.048862 0.0978623
    outer loop
      vertex 17.6189 20.8791 13.4382
      vertex 17.6739 22 12.3199
      vertex 17.5638 22 13.4382
    endloop
  endfacet
  facet normal 0.998794 0.0490976 0
    outer loop
      vertex 17.6189 20.8791 14.5618
      vertex 17.5638 22 13.4382
      vertex 17.5638 22 14.5618
    endloop
  endfacet
  facet normal 0.998794 0.0490976 0
    outer loop
      vertex 17.5638 22 13.4382
      vertex 17.6189 20.8791 14.5618
      vertex 17.6189 20.8791 13.4382
    endloop
  endfacet
  facet normal 0.446565 0.331269 0.831168
    outer loop
      vertex 23.7275 17.673 4.80327
      vertex 24.1056 18.7296 4.17901
      vertex 23.3287 18.2106 4.80327
    endloop
  endfacet
  facet normal 0.666172 0.23834 0.706689
    outer loop
      vertex 21.896 19.0574 5.51611
      vertex 21.6418 19.7679 5.51611
      vertex 21.1619 18.7534 6.31065
    endloop
  endfacet
  facet normal 0.765026 0.11343 0.633932
    outer loop
      vertex 20.6791 20.3449 6.31065
      vertex 20.557 21.1684 6.31065
      vertex 19.8476 21.0986 7.17924
    endloop
  endfacet
  facet normal 0.550004 0.0815743 0.831169
    outer loop
      vertex 22.3103 20.6693 4.80327
      vertex 23.1419 21.423 4.17901
      vertex 22.2121 21.3314 4.80327
    endloop
  endfacet
  facet normal 0.457693 0.114668 0.881685
    outer loop
      vertex 23.367 20.2912 4.17901
      vertex 24.3153 20.5789 3.64932
      vertex 23.2266 20.8516 4.17901
    endloop
  endfacet
  facet normal 0.457685 0.114618 0.881696
    outer loop
      vertex 24.3153 20.5789 3.64932
      vertex 24.1986 21.0449 3.64932
      vertex 23.2266 20.8516 4.17901
    endloop
  endfacet
  facet normal 0.40472 0.242577 0.881679
    outer loop
      vertex 24.9295 19.2802 3.64932
      vertex 24.6825 19.6923 3.64932
      vertex 23.8086 19.2251 4.17901
    endloop
  endfacet
  facet normal 0.349627 0.316796 0.881703
    outer loop
      vertex 24.8376 17.8376 4.17901
      vertex 25.5384 18.5384 3.64932
      vertex 24.4497 18.2657 4.17901
    endloop
  endfacet
  facet normal 0.412027 0.373399 0.831148
    outer loop
      vertex 24.177 17.177 4.80327
      vertex 24.8376 17.8376 4.17901
      vertex 23.7275 17.673 4.80327
    endloop
  endfacet
  facet normal 0.373399 0.412027 0.831148
    outer loop
      vertex 24.673 16.7275 4.80327
      vertex 24.8376 17.8376 4.17901
      vertex 24.177 17.177 4.80327
    endloop
  endfacet
  facet normal 0.30769 0.228196 0.923717
    outer loop
      vertex 25.2157 18.8943 3.64932
      vertex 25.7927 19.8569 3.21932
      vertex 24.9295 19.2802 3.64932
    endloop
  endfacet
  facet normal 0.233406 0.173135 0.956842
    outer loop
      vertex 26.0182 19.5529 3.21932
      vertex 26.8494 20.235 2.89314
      vertex 25.7927 19.8569 3.21932
    endloop
  endfacet
  facet normal 0.728159 0.260554 0.633953
    outer loop
      vertex 21.1619 18.7534 6.31065
      vertex 20.8814 19.5373 6.31065
      vertex 20.5033 18.4806 7.17924
    endloop
  endfacet
  facet normal 0.634089 0.0312018 0.77263
    outer loop
      vertex 22.2121 21.3314 4.80327
      vertex 22.1792 22 4.80327
      vertex 21.3477 21.2463 5.51611
    endloop
  endfacet
  facet normal 0.502635 0.237736 0.831168
    outer loop
      vertex 22.9846 18.7847 4.80327
      vertex 23.5616 19.7473 4.17901
      vertex 22.6984 19.3898 4.80327
    endloop
  endfacet
  facet normal 0.509876 0.378222 0.772641
    outer loop
      vertex 23.0561 17.1219 5.51611
      vertex 23.7275 17.673 4.80327
      vertex 22.6065 17.728 5.51611
    endloop
  endfacet
  facet normal 0.666147 0.238365 0.706704
    outer loop
      vertex 21.1619 18.7534 6.31065
      vertex 21.6418 19.7679 5.51611
      vertex 20.8814 19.5373 6.31065
    endloop
  endfacet
  facet normal 0.75022 0.187919 0.633922
    outer loop
      vertex 20.1993 19.3303 7.17924
      vertex 20.6791 20.3449 6.31065
      vertex 19.98 20.2058 7.17924
    endloop
  endfacet
  facet normal 0.627988 0.0931406 0.772629
    outer loop
      vertex 22.3103 20.6693 4.80327
      vertex 22.2121 21.3314 4.80327
      vertex 21.4584 20.4999 5.51611
    endloop
  endfacet
  facet normal 0.539357 0.135068 0.831175
    outer loop
      vertex 22.4729 20.02 4.80327
      vertex 23.367 20.2912 4.17901
      vertex 22.3103 20.6693 4.80327
    endloop
  endfacet
  facet normal 0.555351 0.0273344 0.831167
    outer loop
      vertex 23.1419 21.423 4.17901
      vertex 23.1135 22 4.17901
      vertex 22.1792 22 4.80327
    endloop
  endfacet
  facet normal 0.699871 0.10377 0.706691
    outer loop
      vertex 20.6791 20.3449 6.31065
      vertex 21.4584 20.4999 5.51611
      vertex 20.557 21.1684 6.31065
    endloop
  endfacet
  facet normal 0.0329484 0.0924337 0.995174
    outer loop
      vertex 28.8369 21.4624 2.56379
      vertex 28.785 21.4809 2.56379
      vertex 28.5123 20.3923 2.67393
    endloop
  endfacet
  facet normal 0.195087 0.00959443 0.980739
    outer loop
      vertex 27.328 21.8353 2.67393
      vertex 27.3199 22 2.67393
      vertex 26.2313 21.7273 2.89314
    endloop
  endfacet
  facet normal -0.0330458 0.0924093 0.995173
    outer loop
      vertex 29.4877 20.3923 2.67393
      vertex 29.6429 20.4478 2.67393
      vertex 29.215 21.4809 2.56379
    endloop
  endfacet
  facet normal 0.129029 0.36069 0.923718
    outer loop
      vertex 27.5789 17.3153 3.64932
      vertex 27.8803 18.3087 3.21932
      vertex 27.1266 17.4771 3.64932
    endloop
  endfacet
  facet normal -0.257233 0.283847 0.923722
    outer loop
      vertex 32.1057 18.2157 3.64932
      vertex 31.7276 19.2724 3.21932
      vertex 31.4471 19.0182 3.21932
    endloop
  endfacet
  facet normal -0.233406 0.173135 0.956842
    outer loop
      vertex 31.9818 19.5529 3.21932
      vertex 32.2073 19.8569 3.21932
      vertex 31.1506 20.235 2.89314
    endloop
  endfacet
  facet normal -0.196935 0.328571 0.92372
    outer loop
      vertex 31.3077 17.6825 3.64932
      vertex 31.7198 17.9295 3.64932
      vertex 30.8184 18.5981 3.21932
    endloop
  endfacet
  facet normal -0.100367 0.16754 0.980743
    outer loop
      vertex 30.3115 19.5464 2.89314
      vertex 30.5457 19.6867 2.89314
      vertex 29.9334 20.6031 2.67393
    endloop
  endfacet
  facet normal -0.539357 0.135068 0.831175
    outer loop
      vertex 35.5271 20.02 4.80327
      vertex 35.6897 20.6693 4.80327
      vertex 34.633 20.2912 4.17901
    endloop
  endfacet
  facet normal -0.444276 0.15893 0.88168
    outer loop
      vertex 34.4384 19.7473 4.17901
      vertex 33.6847 20.5789 3.64932
      vertex 33.5229 20.1266 3.64932
    endloop
  endfacet
  facet normal -0.0658409 0.0727809 0.995172
    outer loop
      vertex 30.188 20.812 2.67393
      vertex 29.3973 21.6027 2.56379
      vertex 29.3564 21.5657 2.56379
    endloop
  endfacet
  facet normal -0.765036 0.113453 -0.633915
    outer loop
      vertex 38.1524 21.0986 20.8208
      vertex 38.02 20.2058 20.8208
      vertex 37.3209 20.3449 21.6894
    endloop
  endfacet
  facet normal -0.822769 0.122015 -0.555125
    outer loop
      vertex 38.1524 21.0986 20.8208
      vertex 38.7737 21.0374 19.8865
      vertex 38.02 20.2058 20.8208
    endloop
  endfacet
  facet normal -0.89964 0.425524 0.0978626
    outer loop
      vertex 39.0858 16.609 13.4382
      vertex 39.5657 17.6236 13.4382
      vertex 38.9887 16.6609 12.3199
    endloop
  endfacet
  facet normal -0.993996 0.0488894 -0.0978896
    outer loop
      vertex 40.3261 22 15.6801
      vertex 40.3811 20.8791 14.5618
      vertex 40.2715 20.8899 15.6801
    endloop
  endfacet
  facet normal -0.970223 0.143923 -0.194815
    outer loop
      vertex 40.2715 20.8899 15.6801
      vertex 40.1084 19.7904 15.6801
      vertex 40.0534 20.9113 16.7821
    endloop
  endfacet
  facet normal -0.922928 0.0453298 -0.382294
    outer loop
      vertex 39.7807 22 17.8574
      vertex 39.7288 20.9433 17.8574
      vertex 39.3507 22 18.8955
    endloop
  endfacet
  facet normal -0.792573 0.475071 -0.382276
    outer loop
      vertex 38.1285 17.1207 18.8955
      vertex 38.5077 16.918 17.8574
      vertex 37.6063 16.2495 18.8955
    endloop
  endfacet
  facet normal -0.792573 0.475072 -0.382275
    outer loop
      vertex 38.5077 16.918 17.8574
      vertex 37.9638 16.0106 17.8574
      vertex 37.6063 16.2495 18.8955
    endloop
  endfacet
  facet normal -0.666155 0.238334 -0.706706
    outer loop
      vertex 36.3582 19.7679 22.4839
      vertex 36.8381 18.7534 21.6894
      vertex 36.104 19.0574 22.4839
    endloop
  endfacet
  facet normal -0.597756 0.213863 -0.772626
    outer loop
      vertex 36.3582 19.7679 22.4839
      vertex 36.104 19.0574 22.4839
      vertex 35.3016 19.3898 23.1967
    endloop
  endfacet
  facet normal -0.66613 0.238359 -0.706722
    outer loop
      vertex 37.1186 19.5373 21.6894
      vertex 36.8381 18.7534 21.6894
      vertex 36.3582 19.7679 22.4839
    endloop
  endfacet
  facet normal -0.728162 0.260556 -0.633948
    outer loop
      vertex 37.1186 19.5373 21.6894
      vertex 37.4967 18.4806 20.8208
      vertex 36.8381 18.7534 21.6894
    endloop
  endfacet
  facet normal -0.113431 0.765029 -0.633927
    outer loop
      vertex 30.6551 13.6791 21.6894
      vertex 29.9014 12.8476 20.8208
      vertex 29.8316 13.557 21.6894
    endloop
  endfacet
  facet normal -0.171948 0.686292 -0.706708
    outer loop
      vertex 31.2321 14.6418 22.4839
      vertex 30.6551 13.6791 21.6894
      vertex 30.5001 14.4584 22.4839
    endloop
  endfacet
  facet normal -0.311301 0.870041 -0.382257
    outer loop
      vertex 32.961 12.4372 18.8955
      vertex 33.1256 12.04 17.8574
      vertex 32.0046 12.095 18.8955
    endloop
  endfacet
  facet normal -0.395053 0.835349 -0.382262
    outer loop
      vertex 34.082 12.4923 17.8574
      vertex 33.1256 12.04 17.8574
      vertex 32.961 12.4372 18.8955
    endloop
  endfacet
  facet normal -0.280246 0.78317 -0.555073
    outer loop
      vertex 32.5194 13.5033 20.8208
      vertex 32.7583 12.9266 19.8865
      vertex 31.8509 12.6019 19.8865
    endloop
  endfacet
  facet normal -0.280196 0.783166 -0.555105
    outer loop
      vertex 32.5194 13.5033 20.8208
      vertex 31.8509 12.6019 19.8865
      vertex 31.6697 13.1993 20.8208
    endloop
  endfacet
  facet normal -0.0408221 0.830768 -0.55512
    outer loop
      vertex 29 12.8033 20.8208
      vertex 29.9626 12.2263 19.8865
      vertex 29 12.179 19.8865
    endloop
  endfacet
  facet normal -0.140495 0.946675 -0.289944
    outer loop
      vertex 31.1032 11.4265 17.8574
      vertex 31.1668 11.1066 16.7821
      vertex 30.0887 10.9466 16.7821
    endloop
  endfacet
  facet normal -0.524253 0.475133 -0.706688
    outer loop
      vertex 35.5581 16.6179 21.6894
      vertex 34.999 16.001 21.6894
      vertex 34.9439 17.1219 22.4839
    endloop
  endfacet
  facet normal -0.475129 0.524264 -0.706682
    outer loop
      vertex 34.4372 16.5628 22.4839
      vertex 34.999 16.001 21.6894
      vertex 33.8781 16.0561 22.4839
    endloop
  endfacet
  facet normal -0.525512 0.708554 -0.470944
    outer loop
      vertex 35.2304 14.4083 19.8865
      vertex 34.7505 13.3937 18.8955
      vertex 34.4562 13.8341 19.8865
    endloop
  endfacet
  facet normal -0.620542 0.684648 -0.382341
    outer loop
      vertex 36.319 14.681 18.8955
      vertex 36.6231 14.3769 17.8574
      vertex 35.8392 13.6664 17.8574
    endloop
  endfacet
  facet normal -0.756717 0.453463 -0.470905
    outer loop
      vertex 37.6613 17.3704 19.8865
      vertex 37.6063 16.2495 18.8955
      vertex 37.1659 16.5437 19.8865
    endloop
  endfacet
  facet normal -0.668061 0.495544 -0.555094
    outer loop
      vertex 37.1659 16.5437 19.8865
      vertex 36.5917 15.7696 19.8865
      vertex 36.1092 16.1657 20.8208
    endloop
  endfacet
  facet normal -0.663343 0.397612 -0.633941
    outer loop
      vertex 37.1108 17.6647 20.8208
      vertex 36.6468 16.8906 20.8208
      vertex 36.4821 18.0007 21.6894
    endloop
  endfacet
  facet normal -0.663369 0.397594 -0.633924
    outer loop
      vertex 36.4821 18.0007 21.6894
      vertex 36.6468 16.8906 20.8208
      vertex 36.0541 17.2866 21.6894
    endloop
  endfacet
  facet normal -0.970201 0.143987 -0.194878
    outer loop
      vertex 40.0534 20.9113 16.7821
      vertex 40.1084 19.7904 15.6801
      vertex 39.8934 19.8332 16.7821
    endloop
  endfacet
  facet normal -0.979654 0.0481841 -0.194822
    outer loop
      vertex 40.3261 22 15.6801
      vertex 40.2715 20.8899 15.6801
      vertex 40.0534 20.9113 16.7821
    endloop
  endfacet
  facet normal -0.841274 0.504253 -0.194902
    outer loop
      vertex 38.9887 16.6609 15.6801
      vertex 38.4173 15.7076 15.6801
      vertex 38.235 15.8294 16.7821
    endloop
  endfacet
  facet normal -0.737338 0.668394 -0.097888
    outer loop
      vertex 37.7552 14.8148 15.6801
      vertex 37.8403 14.7449 14.5618
      vertex 37.0087 13.9913 15.6801
    endloop
  endfacet
  facet normal -0.923481 0.330476 0.194856
    outer loop
      vertex 39.4639 17.6657 12.3199
      vertex 39.8384 18.7122 12.3199
      vertex 39.2614 17.7496 11.2179
    endloop
  endfacet
  facet normal -0.923485 0.330446 0.194885
    outer loop
      vertex 39.8384 18.7122 12.3199
      vertex 39.6286 18.7758 11.2179
      vertex 39.2614 17.7496 11.2179
    endloop
  endfacet
  facet normal -0.903979 0.427577 0
    outer loop
      vertex 39.0858 16.609 13.4382
      vertex 39.5657 17.6236 14.5618
      vertex 39.5657 17.6236 13.4382
    endloop
  endfacet
  facet normal -0.903979 0.427577 0
    outer loop
      vertex 39.5657 17.6236 14.5618
      vertex 39.0858 16.609 13.4382
      vertex 39.0858 16.609 14.5618
    endloop
  endfacet
  facet normal -0.899658 0.425475 -0.0979144
    outer loop
      vertex 39.4639 17.6657 15.6801
      vertex 39.5657 17.6236 14.5618
      vertex 38.9887 16.6609 15.6801
    endloop
  endfacet
  facet normal -0.970223 0.143923 0.194815
    outer loop
      vertex 40.1084 19.7904 12.3199
      vertex 40.2715 20.8899 12.3199
      vertex 40.0534 20.9113 11.2179
    endloop
  endfacet
  facet normal -0.946675 0.140495 0.289944
    outer loop
      vertex 39.8934 19.8332 11.2179
      vertex 40.0534 20.9113 11.2179
      vertex 39.5735 19.8968 10.1426
    endloop
  endfacet
  facet normal -0.914043 0.135643 0.382264
    outer loop
      vertex 39.5735 19.8968 10.1426
      vertex 39.7288 20.9433 10.1426
      vertex 39.1518 19.9807 9.10449
    endloop
  endfacet
  facet normal -0.881087 0.0433378 0.470965
    outer loop
      vertex 39.3008 20.9855 9.10449
      vertex 39.3507 22 9.10449
      vertex 38.821 22 8.11352
    endloop
  endfacet
  facet normal -0.870042 0.311301 0.382253
    outer loop
      vertex 38.96 17.8744 10.1426
      vertex 38.905 18.9954 9.10449
      vertex 38.5628 18.039 9.10449
    endloop
  endfacet
  facet normal -0.797439 0.377166 0.470995
    outer loop
      vertex 38.1285 17.1207 9.10449
      vertex 38.0734 18.2417 8.11352
      vertex 37.6613 17.3704 8.11352
    endloop
  endfacet
  facet normal -0.772455 0.0379629 0.633934
    outer loop
      vertex 38.1524 21.0986 7.17924
      vertex 38.1967 22 7.17924
      vertex 37.443 21.1684 6.31065
    endloop
  endfacet
  facet normal -0.765033 0.113452 0.633919
    outer loop
      vertex 38.02 20.2058 7.17924
      vertex 38.1524 21.0986 7.17924
      vertex 37.3209 20.3449 6.31065
    endloop
  endfacet
  facet normal -0.783165 0.280244 0.555082
    outer loop
      vertex 38.0734 18.2417 8.11352
      vertex 38.3981 19.1491 8.11352
      vertex 37.4967 18.4806 7.17924
    endloop
  endfacet
  facet normal -0.751931 0.355644 0.555082
    outer loop
      vertex 38.0734 18.2417 8.11352
      vertex 37.4967 18.4806 7.17924
      vertex 37.1108 17.6647 7.17924
    endloop
  endfacet
  facet normal -0.713405 0.427619 0.555154
    outer loop
      vertex 37.1659 16.5437 8.11352
      vertex 37.1108 17.6647 7.17924
      vertex 36.6468 16.8906 7.17924
    endloop
  endfacet
  facet normal -0.668075 0.495457 0.555156
    outer loop
      vertex 37.1659 16.5437 8.11352
      vertex 36.6468 16.8906 7.17924
      vertex 36.1092 16.1657 7.17924
    endloop
  endfacet
  facet normal -0.708554 0.525489 0.47097
    outer loop
      vertex 37.0012 15.4336 9.10449
      vertex 37.6063 16.2495 9.10449
      vertex 36.5917 15.7696 8.11352
    endloop
  endfacet
  facet normal -0.616317 0.558578 0.555107
    outer loop
      vertex 36.5917 15.7696 8.11352
      vertex 36.1092 16.1657 7.17924
      vertex 35.9445 15.0555 8.11352
    endloop
  endfacet
  facet normal -0.841274 0.504253 0.194902
    outer loop
      vertex 38.4173 15.7076 12.3199
      vertex 38.9887 16.6609 12.3199
      vertex 38.235 15.8294 11.2179
    endloop
  endfacet
  facet normal -0.787811 0.584267 0.194902
    outer loop
      vertex 38.4173 15.7076 12.3199
      vertex 38.235 15.8294 11.2179
      vertex 37.5857 14.9539 11.2179
    endloop
  endfacet
  facet normal -0.709122 0.642724 0.289918
    outer loop
      vertex 37.5857 14.9539 11.2179
      vertex 37.3336 15.1608 10.1426
      vertex 36.6231 14.3769 10.1426
    endloop
  endfacet
  facet normal -0.684649 0.620543 0.382338
    outer loop
      vertex 36.6231 14.3769 10.1426
      vertex 37.3336 15.1608 10.1426
      vertex 36.319 14.681 9.10449
    endloop
  endfacet
  facet normal -0.584247 0.78782 0.194922
    outer loop
      vertex 36.1852 13.2448 12.3199
      vertex 36.0461 13.4143 11.2179
      vertex 35.2924 12.5827 12.3199
    endloop
  endfacet
  facet normal -0.658702 0.726732 0.194866
    outer loop
      vertex 37.0087 13.9913 12.3199
      vertex 36.8537 14.1463 11.2179
      vertex 36.0461 13.4143 11.2179
    endloop
  endfacet
  facet normal -0.0924005 0.0329366 -0.995177
    outer loop
      vertex 29.5376 21.8369 25.4362
      vertex 30.6077 21.5123 25.3261
      vertex 29.5191 21.785 25.4362
    endloop
  endfacet
  facet normal -0.634068 0.0312008 -0.772648
    outer loop
      vertex 35.8208 22 23.1967
      vertex 36.6523 21.2463 22.4839
      vertex 35.7879 21.3314 23.1967
    endloop
  endfacet
  facet normal -0.627969 0.0931352 -0.772646
    outer loop
      vertex 36.6523 21.2463 22.4839
      vertex 36.5416 20.4999 22.4839
      vertex 35.7879 21.3314 23.1967
    endloop
  endfacet
  facet normal -0.550028 0.0815779 -0.831152
    outer loop
      vertex 35.7879 21.3314 23.1967
      vertex 35.6897 20.6693 23.1967
      vertex 34.8581 21.423 23.821
    endloop
  endfacet
  facet normal -0.52353 0.187331 -0.831158
    outer loop
      vertex 35.5271 20.02 23.1967
      vertex 35.3016 19.3898 23.1967
      vertex 34.633 20.2912 23.821
    endloop
  endfacet
  facet normal -0.457692 0.114619 -0.881692
    outer loop
      vertex 33.8014 21.0449 24.3507
      vertex 34.7734 20.8516 23.821
      vertex 33.6847 20.5789 24.3507
    endloop
  endfacet
  facet normal -0.539392 0.135137 -0.83114
    outer loop
      vertex 34.7734 20.8516 23.821
      vertex 35.6897 20.6693 23.1967
      vertex 34.633 20.2912 23.821
    endloop
  endfacet
  facet normal -0.471277 0.0231808 -0.881681
    outer loop
      vertex 33.8955 22 24.3507
      vertex 34.8581 21.423 23.821
      vertex 33.8719 21.5202 24.3507
    endloop
  endfacet
  facet normal 0.0951515 0.0238623 -0.995177
    outer loop
      vertex 28.449 21.8904 25.4362
      vertex 27.3923 21.5123 25.3261
      vertex 27.3522 21.6722 25.3261
    endloop
  endfacet
  facet normal -0.189439 0.0475029 -0.980743
    outer loop
      vertex 31.7287 21.4572 25.1069
      vertex 31.6623 21.1924 25.1069
      vertex 30.6077 21.5123 25.3261
    endloop
  endfacet
  facet normal -0.382618 0.0188223 -0.923715
    outer loop
      vertex 32.8574 22 24.7807
      vertex 33.8719 21.5202 24.3507
      vertex 32.8388 21.6219 24.7807
    endloop
  endfacet
  facet normal -0.290268 0.0142793 -0.956839
    outer loop
      vertex 32.8574 22 24.7807
      vertex 32.8388 21.6219 24.7807
      vertex 31.7687 21.7273 25.1069
    endloop
  endfacet
  facet normal -0.634089 0.0312018 0.77263
    outer loop
      vertex 36.6523 21.2463 5.51611
      vertex 35.8208 22 4.80327
      vertex 35.7879 21.3314 4.80327
    endloop
  endfacet
  facet normal -0.466732 0.0692291 0.881685
    outer loop
      vertex 34.8581 21.423 4.17901
      vertex 33.8719 21.5202 3.64932
      vertex 33.8014 21.0449 3.64932
    endloop
  endfacet
  facet normal -0.404719 0.242586 0.881677
    outer loop
      vertex 33.8944 18.7296 4.17901
      vertex 34.1914 19.2251 4.17901
      vertex 33.0705 19.2802 3.64932
    endloop
  endfacet
  facet normal -0.0924093 0.0330458 0.995173
    outer loop
      vertex 30.5522 21.3571 2.67393
      vertex 30.6077 21.5123 2.67393
      vertex 29.5191 21.785 2.56379
    endloop
  endfacet
  facet normal 0.471277 0.0231808 -0.881681
    outer loop
      vertex 24.1045 22 24.3507
      vertex 24.1281 21.5202 24.3507
      vertex 23.1419 21.423 23.821
    endloop
  endfacet
  facet normal 0.772471 0.0379919 -0.633913
    outer loop
      vertex 20.5161 22 21.6894
      vertex 20.557 21.1684 21.6894
      vertex 19.8033 22 20.8208
    endloop
  endfacet
  facet normal 0.0561732 0.378941 -0.923714
    outer loop
      vertex 28.6219 18.1612 24.7807
      vertex 28.5202 17.1281 24.3507
      vertex 28.2475 18.2167 24.7807
    endloop
  endfacet
  facet normal 0.116362 0.156843 -0.980745
    outer loop
      vertex 28.0666 20.6031 25.3261
      vertex 27.4543 19.6867 25.1069
      vertex 27.235 19.8494 25.1069
    endloop
  endfacet
  facet normal 0.173168 0.23341 -0.956835
    outer loop
      vertex 27.235 19.8494 25.1069
      vertex 27.4543 19.6867 25.1069
      vertex 26.8569 18.7927 24.7807
    endloop
  endfacet
  facet normal 0.092376 0.0330339 -0.995176
    outer loop
      vertex 28.4809 21.785 25.4362
      vertex 27.4478 21.3571 25.3261
      vertex 27.3923 21.5123 25.3261
    endloop
  endfacet
  facet normal -0.124288 0.262701 -0.956839
    outer loop
      vertex 30.8184 18.5981 24.7807
      vertex 30.4762 18.4362 24.7807
      vertex 30.3115 19.5464 25.1069
    endloop
  endfacet
  facet normal -0.100362 0.167533 -0.980745
    outer loop
      vertex 30.5457 19.6867 25.1069
      vertex 30.3115 19.5464 25.1069
      vertex 29.9334 20.6031 25.3261
    endloop
  endfacet
  facet normal -0.273627 0.0979139 -0.956839
    outer loop
      vertex 31.6623 21.1924 25.1069
      vertex 32.6913 20.8803 24.7807
      vertex 31.5703 20.9353 25.1069
    endloop
  endfacet
  facet normal -0.0584393 0.0787918 -0.995177
    outer loop
      vertex 30.0658 20.7013 25.3261
      vertex 29.9334 20.6031 25.3261
      vertex 29.3121 21.5329 25.4362
    endloop
  endfacet
  facet normal 0.189439 0.0475078 -0.980743
    outer loop
      vertex 27.3522 21.6722 25.3261
      vertex 27.3923 21.5123 25.3261
      vertex 26.2713 21.4572 25.1069
    endloop
  endfacet
  facet normal 0.287494 0.042576 -0.956836
    outer loop
      vertex 26.2313 21.7273 25.1069
      vertex 26.2713 21.4572 25.1069
      vertex 25.2167 21.2475 24.7807
    endloop
  endfacet
  facet normal 0.1839 0.0657633 -0.980743
    outer loop
      vertex 27.3923 21.5123 25.3261
      vertex 27.4478 21.3571 25.3261
      vertex 26.3377 21.1924 25.1069
    endloop
  endfacet
  facet normal 0.0426148 0.287477 -0.956839
    outer loop
      vertex 28.7273 19.2313 25.1069
      vertex 28.6219 18.1612 24.7807
      vertex 28.2475 18.2167 24.7807
    endloop
  endfacet
  facet normal 0.0188223 0.382618 -0.923715
    outer loop
      vertex 28.6219 18.1612 24.7807
      vertex 29 18.1426 24.7807
      vertex 28.5202 17.1281 24.3507
    endloop
  endfacet
  facet normal -0.154216 0.615821 -0.772646
    outer loop
      vertex 30.98 15.4729 23.1967
      vertex 30.5001 14.4584 22.4839
      vertex 30.3307 15.3103 23.1967
    endloop
  endfacet
  facet normal -0.421503 0.568264 -0.70669
    outer loop
      vertex 33.8781 16.0561 22.4839
      vertex 34.3821 15.4419 21.6894
      vertex 33.7134 14.9459 21.6894
    endloop
  endfacet
  facet normal -0.0930632 0.371615 -0.923711
    outer loop
      vertex 30.4211 17.3153 24.3507
      vertex 29.9551 17.1986 24.3507
      vertex 29.7525 18.2167 24.7807
    endloop
  endfacet
  facet normal 0.114619 0.457692 -0.881692
    outer loop
      vertex 28.0449 17.1986 24.3507
      vertex 27.8516 16.2266 23.821
      vertex 27.5789 17.3153 24.3507
    endloop
  endfacet
  facet normal -0.124224 0.262712 -0.956844
    outer loop
      vertex 30.3115 19.5464 25.1069
      vertex 30.4762 18.4362 24.7807
      vertex 30.0647 19.4297 25.1069
    endloop
  endfacet
  facet normal -0.0979139 0.273627 -0.956839
    outer loop
      vertex 30.0647 19.4297 25.1069
      vertex 30.1197 18.3087 24.7807
      vertex 29.8076 19.3377 25.1069
    endloop
  endfacet
  facet normal -0.135137 0.539392 -0.83114
    outer loop
      vertex 30.7088 16.367 23.821
      vertex 30.3307 15.3103 23.1967
      vertex 30.1484 16.2266 23.821
    endloop
  endfacet
  facet normal -0.0931352 0.627969 -0.772646
    outer loop
      vertex 30.5001 14.4584 22.4839
      vertex 29.7537 14.3477 22.4839
      vertex 29.6686 15.2121 23.1967
    endloop
  endfacet
  facet normal -0.271431 0.57391 -0.772627
    outer loop
      vertex 32.6247 15.2186 22.4839
      vertex 31.9426 14.896 22.4839
      vertex 31.6102 15.6984 23.1967
    endloop
  endfacet
  facet normal -0.3025 0.639584 -0.7067
    outer loop
      vertex 32.6247 15.2186 22.4839
      vertex 32.9993 14.5179 21.6894
      vertex 32.2466 14.1619 21.6894
    endloop
  endfacet
  facet normal -0.476931 0.28587 -0.831153
    outer loop
      vertex 34.1914 19.2251 23.821
      vertex 35.0154 18.7847 23.1967
      vertex 33.8944 18.7296 23.821
    endloop
  endfacet
  facet normal -0.201735 0.426551 -0.881679
    outer loop
      vertex 31.3077 17.6825 24.3507
      vertex 31.2527 16.5616 23.821
      vertex 30.8734 17.4771 24.3507
    endloop
  endfacet
  facet normal 0.502657 0.237746 -0.831151
    outer loop
      vertex 23.5616 19.7473 23.821
      vertex 22.9846 18.7847 23.1967
      vertex 22.6984 19.3898 23.1967
    endloop
  endfacet
  facet normal 0.50265 0.237753 -0.831154
    outer loop
      vertex 23.5616 19.7473 23.821
      vertex 23.8086 19.2251 23.821
      vertex 22.9846 18.7847 23.1967
    endloop
  endfacet
  facet normal 0.382619 0.01882 -0.923714
    outer loop
      vertex 25.1426 22 24.7807
      vertex 24.1281 21.5202 24.3507
      vertex 24.1045 22 24.3507
    endloop
  endfacet
  facet normal 0.555372 0.0273284 -0.831153
    outer loop
      vertex 23.1419 21.423 23.821
      vertex 22.2121 21.3314 23.1967
      vertex 22.1792 22 23.1967
    endloop
  endfacet
  facet normal 0.444283 0.158932 -0.881676
    outer loop
      vertex 24.3153 20.5789 24.3507
      vertex 24.4771 20.1266 24.3507
      vertex 23.5616 19.7473 23.821
    endloop
  endfacet
  facet normal 0.42655 0.201757 -0.881674
    outer loop
      vertex 24.6825 19.6923 24.3507
      vertex 23.8086 19.2251 23.821
      vertex 23.5616 19.7473 23.821
    endloop
  endfacet
  facet normal 0.281904 0.0706889 -0.956835
    outer loop
      vertex 26.2713 21.4572 25.1069
      vertex 26.3377 21.1924 25.1069
      vertex 25.2167 21.2475 24.7807
    endloop
  endfacet
  facet normal 0.281903 0.0706292 -0.95684
    outer loop
      vertex 26.3377 21.1924 25.1069
      vertex 25.3087 20.8803 24.7807
      vertex 25.2167 21.2475 24.7807
    endloop
  endfacet
  facet normal 0.215352 0.195161 -0.956836
    outer loop
      vertex 26.8494 20.235 25.1069
      vertex 26.2724 19.2724 24.7807
      vertex 26.0182 19.5529 24.7807
    endloop
  endfacet
  facet normal 0.195147 0.215375 -0.956834
    outer loop
      vertex 27.0327 20.0327 25.1069
      vertex 27.235 19.8494 25.1069
      vertex 26.2724 19.2724 24.7807
    endloop
  endfacet
  facet normal 0.167533 0.100362 -0.980745
    outer loop
      vertex 27.6031 21.0666 25.3261
      vertex 26.6867 20.4543 25.1069
      vertex 26.5464 20.6885 25.1069
    endloop
  endfacet
  facet normal 0.249279 0.149398 -0.956839
    outer loop
      vertex 26.5464 20.6885 25.1069
      vertex 25.7927 19.8569 24.7807
      vertex 25.5981 20.1816 24.7807
    endloop
  endfacet
  facet normal 0.202105 0.806853 -0.555106
    outer loop
      vertex 26.3303 13.1993 20.8208
      vertex 27.2058 12.98 20.8208
      vertex 26.1491 12.6019 19.8865
    endloop
  endfacet
  facet normal 0.135643 0.914042 -0.382268
    outer loop
      vertex 26.9807 11.8482 18.8955
      vertex 27.9433 11.2712 17.8574
      vertex 26.8968 11.4265 17.8574
    endloop
  endfacet
  facet normal 0.421503 0.568264 -0.70669
    outer loop
      vertex 24.1219 16.0561 22.4839
      vertex 24.2866 14.9459 21.6894
      vertex 23.6179 15.4419 21.6894
    endloop
  endfacet
  facet normal 0.330662 0.699127 -0.633944
    outer loop
      vertex 25.0007 14.5179 21.6894
      vertex 25.7534 14.1619 21.6894
      vertex 24.6647 13.8892 20.8208
    endloop
  endfacet
  facet normal 0.0273356 0.555375 -0.83115
    outer loop
      vertex 29 16.1135 23.821
      vertex 29 15.1792 23.1967
      vertex 28.423 16.1419 23.821
    endloop
  endfacet
  facet normal 0.154296 0.615838 -0.772616
    outer loop
      vertex 27.02 15.4729 23.1967
      vertex 27.4999 14.4584 22.4839
      vertex 26.7679 14.6418 22.4839
    endloop
  endfacet
  facet normal 0.0379919 0.772471 -0.633913
    outer loop
      vertex 29 13.5161 21.6894
      vertex 29 12.8033 20.8208
      vertex 28.1684 13.557 21.6894
    endloop
  endfacet
  facet normal -0.0347847 0.706664 -0.706694
    outer loop
      vertex 29.7537 14.3477 22.4839
      vertex 29.8316 13.557 21.6894
      vertex 29 14.3106 22.4839
    endloop
  endfacet
  facet normal 0.135074 0.53938 -0.831158
    outer loop
      vertex 27.2912 16.367 23.821
      vertex 27.6693 15.3103 23.1967
      vertex 27.02 15.4729 23.1967
    endloop
  endfacet
  facet normal -0.0312008 0.634068 -0.772648
    outer loop
      vertex 29.6686 15.2121 23.1967
      vertex 29.7537 14.3477 22.4839
      vertex 29 15.1792 23.1967
    endloop
  endfacet
  facet normal 0.349632 0.316801 -0.8817
    outer loop
      vertex 25.5384 18.5384 24.3507
      vertex 24.8376 17.8376 23.821
      vertex 24.4497 18.2657 23.821
    endloop
  endfacet
  facet normal 0.573048 0.519325 -0.633969
    outer loop
      vertex 23.001 16.001 21.6894
      vertex 22.4969 15.4969 20.8208
      vertex 21.8908 16.1657 20.8208
    endloop
  endfacet
  facet normal 0.100453 0.1675 -0.980741
    outer loop
      vertex 28.0666 20.6031 25.3261
      vertex 28.208 20.5183 25.3261
      vertex 27.6885 19.5464 25.1069
    endloop
  endfacet
  facet normal 0.257233 0.283847 -0.923722
    outer loop
      vertex 26.2724 19.2724 24.7807
      vertex 26.5529 19.0182 24.7807
      vertex 25.8943 18.2157 24.3507
    endloop
  endfacet
  facet normal 0.228215 0.307661 -0.923722
    outer loop
      vertex 26.5529 19.0182 24.7807
      vertex 26.8569 18.7927 24.7807
      vertex 25.8943 18.2157 24.3507
    endloop
  endfacet
  facet normal 0.281111 0.378982 -0.881674
    outer loop
      vertex 26.2802 17.9295 24.3507
      vertex 25.7296 17.1056 23.821
      vertex 25.2657 17.4497 23.821
    endloop
  endfacet
  facet normal 0.426304 0.47039 -0.772656
    outer loop
      vertex 24.177 17.177 23.1967
      vertex 24.1219 16.0561 22.4839
      vertex 23.5628 16.5628 22.4839
    endloop
  endfacet
  facet normal 0.373416 0.412045 -0.831131
    outer loop
      vertex 24.8376 17.8376 23.821
      vertex 24.673 16.7275 23.1967
      vertex 24.177 17.177 23.1967
    endloop
  endfacet
  facet normal 0.597756 0.213863 -0.772626
    outer loop
      vertex 22.6984 19.3898 23.1967
      vertex 21.896 19.0574 22.4839
      vertex 21.6418 19.7679 22.4839
    endloop
  endfacet
  facet normal 0.597759 0.213892 -0.772615
    outer loop
      vertex 22.4729 20.02 23.1967
      vertex 22.6984 19.3898 23.1967
      vertex 21.6418 19.7679 22.4839
    endloop
  endfacet
  facet normal 0.627967 0.0931375 -0.772647
    outer loop
      vertex 22.2121 21.3314 23.1967
      vertex 22.3103 20.6693 23.1967
      vertex 21.4584 20.4999 22.4839
    endloop
  endfacet
  facet normal 0.615821 0.154216 -0.772646
    outer loop
      vertex 22.3103 20.6693 23.1967
      vertex 22.4729 20.02 23.1967
      vertex 21.4584 20.4999 22.4839
    endloop
  endfacet
  facet normal 0.855727 0.214367 -0.470933
    outer loop
      vertex 19.3677 20.084 19.8865
      vertex 19.6019 19.1491 19.8865
      vertex 18.8482 19.9807 18.8955
    endloop
  endfacet
  facet normal 0.80684 0.20212 -0.555118
    outer loop
      vertex 19.98 20.2058 20.8208
      vertex 19.6019 19.1491 19.8865
      vertex 19.3677 20.084 19.8865
    endloop
  endfacet
  facet normal 0.89636 0.224522 -0.382268
    outer loop
      vertex 18.8482 19.9807 18.8955
      vertex 19.095 18.9954 18.8955
      vertex 18.4265 19.8968 17.8574
    endloop
  endfacet
  facet normal 0.896354 0.22446 -0.382318
    outer loop
      vertex 19.095 18.9954 18.8955
      vertex 18.6835 18.8705 17.8574
      vertex 18.4265 19.8968 17.8574
    endloop
  endfacet
  facet normal 0.653645 0.592409 -0.470956
    outer loop
      vertex 21.4083 15.7696 19.8865
      vertex 22.0555 15.0555 19.8865
      vertex 20.9988 15.4336 18.8955
    endloop
  endfacet
  facet normal 0.728191 0.260527 -0.633926
    outer loop
      vertex 20.8814 19.5373 21.6894
      vertex 20.5033 18.4806 20.8208
      vertex 20.1993 19.3303 20.8208
    endloop
  endfacet
  facet normal 0.970223 0.143923 -0.194815
    outer loop
      vertex 17.9466 20.9113 16.7821
      vertex 17.8916 19.7904 15.6801
      vertex 17.7285 20.8899 15.6801
    endloop
  endfacet
  facet normal 0.993996 0.0488894 -0.0978896
    outer loop
      vertex 17.6739 22 15.6801
      vertex 17.7285 20.8899 15.6801
      vertex 17.6189 20.8791 14.5618
    endloop
  endfacet
  facet normal 0.642735 0.709116 -0.289907
    outer loop
      vertex 21.3769 14.3769 17.8574
      vertex 21.9539 13.4143 16.7821
      vertex 21.1463 14.1463 16.7821
    endloop
  endfacet
  facet normal 0.642724 0.709122 -0.289918
    outer loop
      vertex 22.1608 13.6664 17.8574
      vertex 21.9539 13.4143 16.7821
      vertex 21.3769 14.3769 17.8574
    endloop
  endfacet
  facet normal 0.524264 0.475129 -0.706682
    outer loop
      vertex 23.0561 17.1219 22.4839
      vertex 23.5628 16.5628 22.4839
      vertex 23.001 16.001 21.6894
    endloop
  endfacet
  facet normal 0.70854 0.52557 -0.470902
    outer loop
      vertex 20.8341 16.5437 19.8865
      vertex 21.4083 15.7696 19.8865
      vertex 20.3937 16.2495 18.8955
    endloop
  endfacet
  facet normal 0.663369 0.397594 -0.633924
    outer loop
      vertex 21.5179 18.0007 21.6894
      vertex 21.9459 17.2866 21.6894
      vertex 21.3532 16.8906 20.8208
    endloop
  endfacet
  facet normal 0.509857 0.37822 -0.772654
    outer loop
      vertex 23.3287 18.2106 23.1967
      vertex 23.7275 17.673 23.1967
      vertex 22.6065 17.728 22.4839
    endloop
  endfacet
  facet normal 0.568264 0.421503 -0.70669
    outer loop
      vertex 23.0561 17.1219 22.4839
      vertex 22.4419 16.6179 21.6894
      vertex 21.9459 17.2866 21.6894
    endloop
  endfacet
  facet normal 0.524253 0.475133 -0.706688
    outer loop
      vertex 23.0561 17.1219 22.4839
      vertex 23.001 16.001 21.6894
      vertex 22.4419 16.6179 21.6894
    endloop
  endfacet
  facet normal 0.89964 0.425524 0.0978626
    outer loop
      vertex 18.9142 16.609 13.4382
      vertex 19.0113 16.6609 12.3199
      vertex 18.4343 17.6236 13.4382
    endloop
  endfacet
  facet normal 0.853635 0.511596 0.0978626
    outer loop
      vertex 19.4911 15.6464 13.4382
      vertex 19.0113 16.6609 12.3199
      vertex 18.9142 16.609 13.4382
    endloop
  endfacet
  facet normal 0.870041 0.311301 -0.382257
    outer loop
      vertex 19.095 18.9954 18.8955
      vertex 19.4372 18.039 18.8955
      vertex 19.04 17.8744 17.8574
    endloop
  endfacet
  facet normal 0.869989 0.311365 -0.382323
    outer loop
      vertex 19.095 18.9954 18.8955
      vertex 19.04 17.8744 17.8574
      vertex 18.6835 18.8705 17.8574
    endloop
  endfacet
  facet normal 0.68463 0.620588 0.382298
    outer loop
      vertex 21.681 14.681 9.10449
      vertex 20.9988 15.4336 9.10449
      vertex 20.6664 15.1608 10.1426
    endloop
  endfacet
  facet normal 0.7422 0.550442 0.382299
    outer loop
      vertex 20.6664 15.1608 10.1426
      vertex 20.9988 15.4336 9.10449
      vertex 20.3937 16.2495 9.10449
    endloop
  endfacet
  facet normal 0.684649 0.620543 0.382338
    outer loop
      vertex 21.3769 14.3769 10.1426
      vertex 21.681 14.681 9.10449
      vertex 20.6664 15.1608 10.1426
    endloop
  endfacet
  facet normal 0.620543 0.684649 0.382338
    outer loop
      vertex 22.1608 13.6664 10.1426
      vertex 21.681 14.681 9.10449
      vertex 21.3769 14.3769 10.1426
    endloop
  endfacet
  facet normal 0.642735 0.709116 0.289907
    outer loop
      vertex 21.9539 13.4143 11.2179
      vertex 21.3769 14.3769 10.1426
      vertex 21.1463 14.1463 11.2179
    endloop
  endfacet
  facet normal 0.642724 0.709122 0.289918
    outer loop
      vertex 21.9539 13.4143 11.2179
      vertex 22.1608 13.6664 10.1426
      vertex 21.3769 14.3769 10.1426
    endloop
  endfacet
  facet normal 0.0312018 0.634089 0.77263
    outer loop
      vertex 29 15.1792 4.80327
      vertex 28.3314 15.2121 4.80327
      vertex 28.2463 14.3477 5.51611
    endloop
  endfacet
  facet normal -0.213899 0.597779 0.772598
    outer loop
      vertex 31.2321 14.6418 5.51611
      vertex 31.6102 15.6984 4.80327
      vertex 30.98 15.4729 4.80327
    endloop
  endfacet
  facet normal 0.616347 0.558565 0.555087
    outer loop
      vertex 22.0555 15.0555 8.11352
      vertex 22.4969 15.4969 7.17924
      vertex 21.8908 16.1657 7.17924
    endloop
  endfacet
  facet normal 0.558565 0.616347 0.555087
    outer loop
      vertex 23.1657 14.8908 7.17924
      vertex 22.4969 15.4969 7.17924
      vertex 22.0555 15.0555 8.11352
    endloop
  endfacet
  facet normal -0.14603 0.984425 -0.0978898
    outer loop
      vertex 31.2096 10.8916 15.6801
      vertex 30.1209 10.6189 14.5618
      vertex 30.1101 10.7285 15.6801
    endloop
  endfacet
  facet normal -0.145953 0.984429 -0.0979655
    outer loop
      vertex 31.2096 10.8916 15.6801
      vertex 31.2311 10.7835 14.5618
      vertex 30.1209 10.6189 14.5618
    endloop
  endfacet
  facet normal -0.335305 0.937008 -0.0979079
    outer loop
      vertex 33.3764 11.4343 14.5618
      vertex 32.3198 11.0562 14.5618
      vertex 32.2878 11.1616 15.6801
    endloop
  endfacet
  facet normal -0.336923 0.941532 0
    outer loop
      vertex 33.3764 11.4343 13.4382
      vertex 32.3198 11.0562 14.5618
      vertex 33.3764 11.4343 14.5618
    endloop
  endfacet
  facet normal -0.336923 0.941532 0
    outer loop
      vertex 32.3198 11.0562 14.5618
      vertex 33.3764 11.4343 13.4382
      vertex 32.3198 11.0562 13.4382
    endloop
  endfacet
  facet normal -0.330446 0.923485 0.194885
    outer loop
      vertex 32.2878 11.1616 12.3199
      vertex 33.2504 11.7386 11.2179
      vertex 32.2242 11.3714 11.2179
    endloop
  endfacet
  facet normal -0.335316 0.937003 0.0979198
    outer loop
      vertex 33.3764 11.4343 13.4382
      vertex 33.3343 11.5361 12.3199
      vertex 32.2878 11.1616 12.3199
    endloop
  endfacet
  facet normal -0.592838 0.799347 0.0979181
    outer loop
      vertex 35.3536 12.4911 13.4382
      vertex 36.2551 13.1597 13.4382
      vertex 35.2924 12.5827 12.3199
    endloop
  endfacet
  facet normal -0.511641 0.853601 0.0979186
    outer loop
      vertex 35.3536 12.4911 13.4382
      vertex 35.2924 12.5827 12.3199
      vertex 34.3391 12.0113 12.3199
    endloop
  endfacet
  facet normal -0.658702 0.726732 -0.194866
    outer loop
      vertex 36.8537 14.1463 16.7821
      vertex 37.0087 13.9913 15.6801
      vertex 36.0461 13.4143 16.7821
    endloop
  endfacet
  facet normal -0.5957 0.803207 0
    outer loop
      vertex 36.2551 13.1597 13.4382
      vertex 35.3536 12.4911 14.5618
      vertex 36.2551 13.1597 14.5618
    endloop
  endfacet
  facet normal -0.5957 0.803207 0
    outer loop
      vertex 35.3536 12.4911 14.5618
      vertex 36.2551 13.1597 13.4382
      vertex 35.3536 12.4911 13.4382
    endloop
  endfacet
  facet normal -0.427577 0.903979 0
    outer loop
      vertex 34.391 11.9142 13.4382
      vertex 33.3764 11.4343 14.5618
      vertex 34.391 11.9142 14.5618
    endloop
  endfacet
  facet normal -0.427577 0.903979 0
    outer loop
      vertex 33.3764 11.4343 14.5618
      vertex 34.391 11.9142 13.4382
      vertex 33.3764 11.4343 13.4382
    endloop
  endfacet
  facet normal -0.425524 0.89964 0.0978626
    outer loop
      vertex 34.391 11.9142 13.4382
      vertex 34.3391 12.0113 12.3199
      vertex 33.3764 11.4343 13.4382
    endloop
  endfacet
  facet normal -0.238259 0.951448 -0.194881
    outer loop
      vertex 32.2878 11.1616 15.6801
      vertex 31.2096 10.8916 15.6801
      vertex 31.1668 11.1066 16.7821
    endloop
  endfacet
  facet normal -0.241748 0.965381 -0.0979659
    outer loop
      vertex 32.2878 11.1616 15.6801
      vertex 31.2311 10.7835 14.5618
      vertex 31.2096 10.8916 15.6801
    endloop
  endfacet
  facet normal -0.504253 0.841274 -0.194902
    outer loop
      vertex 35.1706 12.765 16.7821
      vertex 35.2924 12.5827 15.6801
      vertex 34.3391 12.0113 15.6801
    endloop
  endfacet
  facet normal -0.584267 0.787811 -0.194902
    outer loop
      vertex 36.0461 13.4143 16.7821
      vertex 35.2924 12.5827 15.6801
      vertex 35.1706 12.765 16.7821
    endloop
  endfacet
  facet normal 0.453463 0.756717 -0.470905
    outer loop
      vertex 23.5437 13.8341 19.8865
      vertex 24.3704 13.3387 19.8865
      vertex 23.2495 13.3937 18.8955
    endloop
  endfacet
  facet normal 0.427563 0.713496 -0.55508
    outer loop
      vertex 24.6647 13.8892 20.8208
      vertex 24.3704 13.3387 19.8865
      vertex 23.5437 13.8341 19.8865
    endloop
  endfacet
  facet normal 0.0469735 0.955888 -0.289951
    outer loop
      vertex 27.9433 11.2712 17.8574
      vertex 29 10.8931 16.7821
      vertex 27.9113 10.9466 16.7821
    endloop
  endfacet
  facet normal 0.0469483 0.955882 -0.289974
    outer loop
      vertex 29 11.2193 17.8574
      vertex 29 10.8931 16.7821
      vertex 27.9433 11.2712 17.8574
    endloop
  endfacet
  facet normal -0.242976 0.970032 0
    outer loop
      vertex 32.3198 11.0562 13.4382
      vertex 31.2311 10.7835 14.5618
      vertex 32.3198 11.0562 14.5618
    endloop
  endfacet
  facet normal -0.242976 0.970032 0
    outer loop
      vertex 31.2311 10.7835 14.5618
      vertex 32.3198 11.0562 13.4382
      vertex 31.2311 10.7835 13.4382
    endloop
  endfacet
  facet normal 0.425524 0.89964 -0.0978626
    outer loop
      vertex 23.6609 12.0113 15.6801
      vertex 24.6236 11.4343 14.5618
      vertex 23.609 11.9142 14.5618
    endloop
  endfacet
  facet normal 0.140495 0.946675 -0.289944
    outer loop
      vertex 26.8968 11.4265 17.8574
      vertex 27.9113 10.9466 16.7821
      vertex 26.8332 11.1066 16.7821
    endloop
  endfacet
  facet normal 0.232489 0.928376 -0.289941
    outer loop
      vertex 26.8968 11.4265 17.8574
      vertex 26.8332 11.1066 16.7821
      vertex 25.7758 11.3714 16.7821
    endloop
  endfacet
  facet normal 0.14603 0.984425 -0.0978898
    outer loop
      vertex 27.8899 10.7285 15.6801
      vertex 27.8791 10.6189 14.5618
      vertex 26.7904 10.8916 15.6801
    endloop
  endfacet
  facet normal 0.0488894 0.993996 -0.0978896
    outer loop
      vertex 27.8899 10.7285 15.6801
      vertex 29 10.6739 15.6801
      vertex 27.8791 10.6189 14.5618
    endloop
  endfacet
  facet normal 0.0488894 0.993996 0.0978896
    outer loop
      vertex 29 10.6739 12.3199
      vertex 27.8899 10.7285 12.3199
      vertex 27.8791 10.6189 13.4382
    endloop
  endfacet
  facet normal 0.145953 0.984429 0.0979655
    outer loop
      vertex 27.8791 10.6189 13.4382
      vertex 26.7904 10.8916 12.3199
      vertex 26.7689 10.7835 13.4382
    endloop
  endfacet
  facet normal 0.322486 0.90106 -0.289989
    outer loop
      vertex 24.8744 12.04 17.8574
      vertex 25.8705 11.6835 17.8574
      vertex 24.7496 11.7386 16.7821
    endloop
  endfacet
  facet normal 0.322435 0.901096 -0.289935
    outer loop
      vertex 25.8705 11.6835 17.8574
      vertex 25.7758 11.3714 16.7821
      vertex 24.7496 11.7386 16.7821
    endloop
  endfacet
  facet normal 0.311366 0.86999 0.38232
    outer loop
      vertex 25.8705 11.6835 10.1426
      vertex 25.9954 12.095 9.10449
      vertex 24.8744 12.04 10.1426
    endloop
  endfacet
  facet normal 0.22446 0.896355 0.382315
    outer loop
      vertex 26.8968 11.4265 10.1426
      vertex 25.9954 12.095 9.10449
      vertex 25.8705 11.6835 10.1426
    endloop
  endfacet
  facet normal -0.01882 0.382619 0.923714
    outer loop
      vertex 29.4798 17.1281 3.64932
      vertex 29 18.1426 3.21932
      vertex 29 17.1045 3.64932
    endloop
  endfacet
  facet normal -0.0188223 0.382618 0.923715
    outer loop
      vertex 29.4798 17.1281 3.64932
      vertex 29.3781 18.1612 3.21932
      vertex 29 18.1426 3.21932
    endloop
  endfacet
  facet normal 0.0273344 0.555351 0.831167
    outer loop
      vertex 29 15.1792 4.80327
      vertex 29 16.1135 4.17901
      vertex 28.423 16.1419 4.17901
    endloop
  endfacet
  facet normal 0.0815743 0.550004 0.831169
    outer loop
      vertex 28.3314 15.2121 4.80327
      vertex 28.423 16.1419 4.17901
      vertex 27.6693 15.3103 4.80327
    endloop
  endfacet
  facet normal 0.249265 0.14939 0.956844
    outer loop
      vertex 25.7927 19.8569 3.21932
      vertex 26.5464 20.6885 2.89314
      vertex 25.5981 20.1816 3.21932
    endloop
  endfacet
  facet normal 0.0727809 0.0658409 0.995172
    outer loop
      vertex 28.6027 21.6027 2.56379
      vertex 28.5657 21.6436 2.56379
      vertex 27.812 20.812 2.67393
    endloop
  endfacet
  facet normal 0.21534 0.19515 0.956841
    outer loop
      vertex 26.2724 19.2724 3.21932
      vertex 26.8494 20.235 2.89314
      vertex 26.0182 19.5529 3.21932
    endloop
  endfacet
  facet normal 0.307661 0.228215 0.923722
    outer loop
      vertex 26.0182 19.5529 3.21932
      vertex 25.7927 19.8569 3.21932
      vertex 25.2157 18.8943 3.64932
    endloop
  endfacet
  facet normal 0.14939 0.249265 0.956844
    outer loop
      vertex 27.1816 18.5981 3.21932
      vertex 27.6885 19.5464 2.89314
      vertex 26.8569 18.7927 3.21932
    endloop
  endfacet
  facet normal 0.195136 0.215363 0.956839
    outer loop
      vertex 27.235 19.8494 2.89314
      vertex 27.0327 20.0327 2.89314
      vertex 26.2724 19.2724 3.21932
    endloop
  endfacet
  facet normal 0.0834916 0.176576 0.98074
    outer loop
      vertex 28.3571 20.4478 2.67393
      vertex 28.208 20.5183 2.67393
      vertex 27.6885 19.5464 2.89314
    endloop
  endfacet
  facet normal 0.100457 0.167507 0.980739
    outer loop
      vertex 28.208 20.5183 2.67393
      vertex 28.0666 20.6031 2.67393
      vertex 27.6885 19.5464 2.89314
    endloop
  endfacet
  facet normal 0.281107 0.378976 0.881678
    outer loop
      vertex 25.7296 17.1056 4.17901
      vertex 26.2802 17.9295 3.64932
      vertex 25.2657 17.4497 4.17901
    endloop
  endfacet
  facet normal 0.19515 0.21534 0.956841
    outer loop
      vertex 26.5529 19.0182 3.21932
      vertex 27.235 19.8494 2.89314
      vertex 26.2724 19.2724 3.21932
    endloop
  endfacet
  facet normal 0.196935 0.328571 0.92372
    outer loop
      vertex 26.6923 17.6825 3.64932
      vertex 27.1816 18.5981 3.21932
      vertex 26.2802 17.9295 3.64932
    endloop
  endfacet
  facet normal 0.0931 0.37159 0.923717
    outer loop
      vertex 28.2475 18.2167 3.21932
      vertex 27.8803 18.3087 3.21932
      vertex 27.5789 17.3153 3.64932
    endloop
  endfacet
  facet normal 0.382619 0.01882 0.923714
    outer loop
      vertex 24.1281 21.5202 3.64932
      vertex 25.1426 22 3.21932
      vertex 24.1045 22 3.64932
    endloop
  endfacet
  facet normal 0.36069 0.129029 0.923718
    outer loop
      vertex 24.4771 20.1266 3.64932
      vertex 25.3087 20.8803 3.21932
      vertex 24.3153 20.5789 3.64932
    endloop
  endfacet
  facet normal 0.15687 0.116349 0.980742
    outer loop
      vertex 27.7013 20.9342 2.67393
      vertex 27.6031 21.0666 2.67393
      vertex 26.8494 20.235 2.89314
    endloop
  endfacet
  facet normal 0.378941 0.0561732 0.923714
    outer loop
      vertex 25.2167 21.2475 3.21932
      vertex 25.1612 21.6219 3.21932
      vertex 24.1281 21.5202 3.64932
    endloop
  endfacet
  facet normal 0.466732 0.0692291 0.881685
    outer loop
      vertex 24.1986 21.0449 3.64932
      vertex 24.1281 21.5202 3.64932
      vertex 23.1419 21.423 4.17901
    endloop
  endfacet
  facet normal -0.113452 0.765033 0.633919
    outer loop
      vertex 30.7942 12.98 7.17924
      vertex 30.6551 13.6791 6.31065
      vertex 29.9014 12.8476 7.17924
    endloop
  endfacet
  facet normal -0.122014 0.822763 0.555133
    outer loop
      vertex 29.9626 12.2263 8.11352
      vertex 30.7942 12.98 7.17924
      vertex 29.9014 12.8476 7.17924
    endloop
  endfacet
  facet normal 0.713491 0.42756 0.555088
    outer loop
      vertex 20.8341 16.5437 8.11352
      vertex 20.8892 17.6647 7.17924
      vertex 20.3387 17.3704 8.11352
    endloop
  endfacet
  facet normal 0.756712 0.45346 0.470916
    outer loop
      vertex 20.3937 16.2495 9.10449
      vertex 20.8341 16.5437 8.11352
      vertex 20.3387 17.3704 8.11352
    endloop
  endfacet
  facet normal 0.302508 0.6396 0.706683
    outer loop
      vertex 25.7534 14.1619 6.31065
      vertex 25.3753 15.2186 5.51611
      vertex 25.0007 14.5179 6.31065
    endloop
  endfacet
  facet normal 0.103801 0.699882 0.706676
    outer loop
      vertex 28.1684 13.557 6.31065
      vertex 28.2463 14.3477 5.51611
      vertex 27.4999 14.4584 5.51611
    endloop
  endfacet
  facet normal 0.3025 0.6396 0.706686
    outer loop
      vertex 25.7534 14.1619 6.31065
      vertex 26.0574 14.896 5.51611
      vertex 25.3753 15.2186 5.51611
    endloop
  endfacet
  facet normal 0.10377 0.699871 0.706691
    outer loop
      vertex 28.1684 13.557 6.31065
      vertex 27.4999 14.4584 5.51611
      vertex 27.3449 13.6791 6.31065
    endloop
  endfacet
  facet normal 0.0231804 0.47127 0.881684
    outer loop
      vertex 29 17.1045 3.64932
      vertex 28.5202 17.1281 3.64932
      vertex 28.423 16.1419 4.17901
    endloop
  endfacet
  facet normal 0.201732 0.426544 0.881682
    outer loop
      vertex 26.7473 16.5616 4.17901
      vertex 27.1266 17.4771 3.64932
      vertex 26.6923 17.6825 3.64932
    endloop
  endfacet
  facet normal 0.326343 0.544578 0.772616
    outer loop
      vertex 25.3753 15.2186 5.51611
      vertex 25.7847 15.9846 4.80327
      vertex 24.728 15.6065 5.51611
    endloop
  endfacet
  facet normal 0.326375 0.544528 0.772637
    outer loop
      vertex 25.7847 15.9846 4.80327
      vertex 25.2106 16.3287 4.80327
      vertex 24.728 15.6065 5.51611
    endloop
  endfacet
  facet normal -0.421541 0.568274 0.70666
    outer loop
      vertex 33.7134 14.9459 6.31065
      vertex 33.8781 16.0561 5.51611
      vertex 33.272 15.6065 5.51611
    endloop
  endfacet
  facet normal -0.519348 0.573039 0.633959
    outer loop
      vertex 34.8343 14.8908 7.17924
      vertex 34.999 16.001 6.31065
      vertex 34.3821 15.4419 6.31065
    endloop
  endfacet
  facet normal -0.363745 0.606893 0.706661
    outer loop
      vertex 33.7134 14.9459 6.31065
      vertex 33.272 15.6065 5.51611
      vertex 32.9993 14.5179 6.31065
    endloop
  endfacet
  facet normal -0.495472 0.668094 0.55512
    outer loop
      vertex 34.4562 13.8341 8.11352
      vertex 34.8343 14.8908 7.17924
      vertex 34.1094 14.3532 7.17924
    endloop
  endfacet
  facet normal -0.524277 0.475141 0.706664
    outer loop
      vertex 34.999 16.001 6.31065
      vertex 34.9439 17.1219 5.51611
      vertex 34.4372 16.5628 5.51611
    endloop
  endfacet
  facet normal -0.573039 0.519348 0.633959
    outer loop
      vertex 36.1092 16.1657 7.17924
      vertex 35.5581 16.6179 6.31065
      vertex 34.999 16.001 6.31065
    endloop
  endfacet
  facet normal -0.550442 0.7422 0.382299
    outer loop
      vertex 35.8392 13.6664 10.1426
      vertex 35.5664 13.9988 9.10449
      vertex 34.7505 13.3937 9.10449
    endloop
  endfacet
  facet normal -0.620588 0.68463 0.382298
    outer loop
      vertex 35.8392 13.6664 10.1426
      vertex 36.319 14.681 9.10449
      vertex 35.5664 13.9988 9.10449
    endloop
  endfacet
  facet normal -0.373399 0.412027 0.831148
    outer loop
      vertex 33.327 16.7275 4.80327
      vertex 33.823 17.177 4.80327
      vertex 33.1624 17.8376 4.17901
    endloop
  endfacet
  facet normal -0.412027 0.373399 0.831148
    outer loop
      vertex 33.823 17.177 4.80327
      vertex 34.2725 17.673 4.80327
      vertex 33.1624 17.8376 4.17901
    endloop
  endfacet
  facet normal -0.271451 0.573916 0.772616
    outer loop
      vertex 32.6247 15.2186 5.51611
      vertex 32.2153 15.9846 4.80327
      vertex 31.6102 15.6984 4.80327
    endloop
  endfacet
  facet normal -0.237736 0.502635 0.831168
    outer loop
      vertex 31.6102 15.6984 4.80327
      vertex 32.2153 15.9846 4.80327
      vertex 31.2527 16.5616 4.17901
    endloop
  endfacet
  facet normal -0.568278 0.421514 0.706672
    outer loop
      vertex 35.5581 16.6179 6.31065
      vertex 36.0541 17.2866 6.31065
      vertex 34.9439 17.1219 5.51611
    endloop
  endfacet
  facet normal -0.509876 0.378222 0.772641
    outer loop
      vertex 34.9439 17.1219 5.51611
      vertex 35.3935 17.728 5.51611
      vertex 34.2725 17.673 4.80327
    endloop
  endfacet
  facet normal -0.555348 0.0273272 0.831169
    outer loop
      vertex 35.7879 21.3314 4.80327
      vertex 35.8208 22 4.80327
      vertex 34.8581 21.423 4.17901
    endloop
  endfacet
  facet normal -0.666172 0.23834 0.706689
    outer loop
      vertex 36.8381 18.7534 6.31065
      vertex 36.3582 19.7679 5.51611
      vertex 36.104 19.0574 5.51611
    endloop
  endfacet
  facet normal -0.728159 0.260554 0.633953
    outer loop
      vertex 37.4967 18.4806 7.17924
      vertex 37.1186 19.5373 6.31065
      vertex 36.8381 18.7534 6.31065
    endloop
  endfacet
  facet normal -0.492044 0.820864 0.289956
    outer loop
      vertex 34.2357 12.2046 11.2179
      vertex 35.1706 12.765 11.2179
      vertex 34.082 12.4923 10.1426
    endloop
  endfacet
  facet normal -0.504274 0.841266 0.194881
    outer loop
      vertex 34.3391 12.0113 12.3199
      vertex 35.1706 12.765 11.2179
      vertex 34.2357 12.2046 11.2179
    endloop
  endfacet
  facet normal -0.570102 0.768711 -0.289944
    outer loop
      vertex 36.0461 13.4143 16.7821
      vertex 35.1706 12.765 16.7821
      vertex 34.9894 13.0362 17.8574
    endloop
  endfacet
  facet normal -0.658737 0.726685 -0.194921
    outer loop
      vertex 37.0087 13.9913 15.6801
      vertex 36.1852 13.2448 15.6801
      vertex 36.0461 13.4143 16.7821
    endloop
  endfacet
  facet normal -0.803207 0.5957 0
    outer loop
      vertex 37.8403 14.7449 13.4382
      vertex 38.5089 15.6464 14.5618
      vertex 38.5089 15.6464 13.4382
    endloop
  endfacet
  facet normal -0.803207 0.5957 0
    outer loop
      vertex 38.5089 15.6464 14.5618
      vertex 37.8403 14.7449 13.4382
      vertex 37.8403 14.7449 14.5618
    endloop
  endfacet
  facet normal -0.853635 0.511596 -0.0978626
    outer loop
      vertex 38.9887 16.6609 15.6801
      vertex 39.0858 16.609 14.5618
      vertex 38.5089 15.6464 14.5618
    endloop
  endfacet
  facet normal -0.89964 0.425524 -0.0978626
    outer loop
      vertex 39.5657 17.6236 14.5618
      vertex 39.0858 16.609 14.5618
      vertex 38.9887 16.6609 15.6801
    endloop
  endfacet
  facet normal -0.865156 0.409178 -0.289962
    outer loop
      vertex 39.2614 17.7496 16.7821
      vertex 38.7954 16.7643 16.7821
      vertex 38.5077 16.918 17.8574
    endloop
  endfacet
  facet normal -0.835349 0.395053 -0.382262
    outer loop
      vertex 38.5628 18.039 18.8955
      vertex 38.96 17.8744 17.8574
      vertex 38.5077 16.918 17.8574
    endloop
  endfacet
  facet normal -0.742225 0.550424 -0.382277
    outer loop
      vertex 37.6063 16.2495 18.8955
      vertex 37.9638 16.0106 17.8574
      vertex 37.3336 15.1608 17.8574
    endloop
  endfacet
  facet normal -0.642735 0.709116 -0.289907
    outer loop
      vertex 36.6231 14.3769 17.8574
      vertex 36.8537 14.1463 16.7821
      vertex 36.0461 13.4143 16.7821
    endloop
  endfacet
  facet normal -0.709122 0.642724 -0.289918
    outer loop
      vertex 37.3336 15.1608 17.8574
      vertex 37.5857 14.9539 16.7821
      vertex 36.6231 14.3769 17.8574
    endloop
  endfacet
  facet normal -0.620587 0.684629 -0.382301
    outer loop
      vertex 36.319 14.681 18.8955
      vertex 35.8392 13.6664 17.8574
      vertex 35.5664 13.9988 18.8955
    endloop
  endfacet
  facet normal -0.453527 0.75663 -0.470982
    outer loop
      vertex 34.7505 13.3937 18.8955
      vertex 33.8793 12.8715 18.8955
      vertex 33.6296 13.3387 19.8865
    endloop
  endfacet
  facet normal -0.475071 0.792573 -0.382276
    outer loop
      vertex 34.7505 13.3937 18.8955
      vertex 34.082 12.4923 17.8574
      vertex 33.8793 12.8715 18.8955
    endloop
  endfacet
  facet normal 0.979648 0.0481411 0.194863
    outer loop
      vertex 17.9466 20.9113 11.2179
      vertex 17.8931 22 11.2179
      vertex 17.6739 22 12.3199
    endloop
  endfacet
  facet normal 0.955882 0.0469483 0.289974
    outer loop
      vertex 18.2712 20.9433 10.1426
      vertex 18.2193 22 10.1426
      vertex 17.8931 22 11.2179
    endloop
  endfacet
  facet normal 0.955888 0.0469735 0.289951
    outer loop
      vertex 17.9466 20.9113 11.2179
      vertex 18.2712 20.9433 10.1426
      vertex 17.8931 22 11.2179
    endloop
  endfacet
  facet normal 0.946674 0.140486 0.289952
    outer loop
      vertex 18.4265 19.8968 10.1426
      vertex 18.2712 20.9433 10.1426
      vertex 17.9466 20.9113 11.2179
    endloop
  endfacet
  facet normal 0.806835 0.202119 0.555126
    outer loop
      vertex 19.6019 19.1491 8.11352
      vertex 19.98 20.2058 7.17924
      vertex 19.3677 20.084 8.11352
    endloop
  endfacet
  facet normal 0.922903 0.0453946 0.382347
    outer loop
      vertex 18.6992 20.9855 9.10449
      vertex 18.6493 22 9.10449
      vertex 18.2712 20.9433 10.1426
    endloop
  endfacet
  facet normal 0.881087 0.0433378 0.470965
    outer loop
      vertex 18.6992 20.9855 9.10449
      vertex 19.179 22 8.11352
      vertex 18.6493 22 9.10449
    endloop
  endfacet
  facet normal 0.835339 0.395065 0.382272
    outer loop
      vertex 19.4923 16.918 10.1426
      vertex 19.8715 17.1207 9.10449
      vertex 19.4372 18.039 9.10449
    endloop
  endfacet
  facet normal 0.792575 0.475072 0.382273
    outer loop
      vertex 20.3937 16.2495 9.10449
      vertex 19.8715 17.1207 9.10449
      vertex 19.4923 16.918 10.1426
    endloop
  endfacet
  facet normal 0.726685 0.658737 0.194921
    outer loop
      vertex 20.9913 13.9913 12.3199
      vertex 20.4143 14.9539 11.2179
      vertex 20.2448 14.8148 12.3199
    endloop
  endfacet
  facet normal 0.78782 0.584247 0.194922
    outer loop
      vertex 20.2448 14.8148 12.3199
      vertex 20.4143 14.9539 11.2179
      vertex 19.5827 15.7076 12.3199
    endloop
  endfacet
  facet normal 0.970032 0.242976 0
    outer loop
      vertex 18.0562 18.6802 14.5618
      vertex 17.7835 19.7689 13.4382
      vertex 17.7835 19.7689 14.5618
    endloop
  endfacet
  facet normal 0.970032 0.242976 0
    outer loop
      vertex 17.7835 19.7689 13.4382
      vertex 18.0562 18.6802 14.5618
      vertex 18.0562 18.6802 13.4382
    endloop
  endfacet
  facet normal 0.941532 0.336923 0
    outer loop
      vertex 18.4343 17.6236 14.5618
      vertex 18.0562 18.6802 13.4382
      vertex 18.0562 18.6802 14.5618
    endloop
  endfacet
  facet normal 0.941532 0.336923 0
    outer loop
      vertex 18.0562 18.6802 13.4382
      vertex 18.4343 17.6236 14.5618
      vertex 18.4343 17.6236 13.4382
    endloop
  endfacet
  facet normal 0.865161 0.409151 0.289986
    outer loop
      vertex 19.4923 16.918 10.1426
      vertex 19.04 17.8744 10.1426
      vertex 18.7386 17.7496 11.2179
    endloop
  endfacet
  facet normal 0.951448 0.238259 0.194881
    outer loop
      vertex 18.1616 18.7122 12.3199
      vertex 18.1066 19.8332 11.2179
      vertex 17.8916 19.7904 12.3199
    endloop
  endfacet
  facet normal 0.544578 0.326343 0.772616
    outer loop
      vertex 22.6065 17.728 5.51611
      vertex 22.9846 18.7847 4.80327
      vertex 22.2186 18.3753 5.51611
    endloop
  endfacet
  facet normal 0.509875 0.378233 0.772637
    outer loop
      vertex 23.7275 17.673 4.80327
      vertex 23.3287 18.2106 4.80327
      vertex 22.6065 17.728 5.51611
    endloop
  endfacet
  facet normal 0.426318 0.470406 0.772639
    outer loop
      vertex 24.1219 16.0561 5.51611
      vertex 24.177 17.177 4.80327
      vertex 23.5628 16.5628 5.51611
    endloop
  endfacet
  facet normal 0.470406 0.426318 0.772639
    outer loop
      vertex 23.5628 16.5628 5.51611
      vertex 24.177 17.177 4.80327
      vertex 23.0561 17.1219 5.51611
    endloop
  endfacet
  facet normal 0.283847 0.257233 0.923722
    outer loop
      vertex 26.2724 19.2724 3.21932
      vertex 26.0182 19.5529 3.21932
      vertex 25.2157 18.8943 3.64932
    endloop
  endfacet
  facet normal 0.283806 0.257331 0.923707
    outer loop
      vertex 25.5384 18.5384 3.64932
      vertex 26.2724 19.2724 3.21932
      vertex 25.2157 18.8943 3.64932
    endloop
  endfacet
  facet normal 0.573929 0.27144 0.77261
    outer loop
      vertex 22.2186 18.3753 5.51611
      vertex 22.6984 19.3898 4.80327
      vertex 21.896 19.0574 5.51611
    endloop
  endfacet
  facet normal 0.597776 0.21387 0.772608
    outer loop
      vertex 21.896 19.0574 5.51611
      vertex 22.6984 19.3898 4.80327
      vertex 21.6418 19.7679 5.51611
    endloop
  endfacet
  facet normal 0.686301 0.171915 0.706707
    outer loop
      vertex 20.8814 19.5373 6.31065
      vertex 21.6418 19.7679 5.51611
      vertex 20.6791 20.3449 6.31065
    endloop
  endfacet
  facet normal 0.750215 0.187925 0.633926
    outer loop
      vertex 20.8814 19.5373 6.31065
      vertex 20.6791 20.3449 6.31065
      vertex 20.1993 19.3303 7.17924
    endloop
  endfacet
  facet normal 0.6396 0.302508 0.706683
    outer loop
      vertex 21.5179 18.0007 6.31065
      vertex 22.2186 18.3753 5.51611
      vertex 21.1619 18.7534 6.31065
    endloop
  endfacet
  facet normal 0.699124 0.33066 0.633948
    outer loop
      vertex 21.5179 18.0007 6.31065
      vertex 21.1619 18.7534 6.31065
      vertex 20.8892 17.6647 7.17924
    endloop
  endfacet
  facet normal 0.783161 0.280194 0.555113
    outer loop
      vertex 20.5033 18.4806 7.17924
      vertex 20.1993 19.3303 7.17924
      vertex 19.6019 19.1491 8.11352
    endloop
  endfacet
  facet normal 0.806847 0.202104 0.555114
    outer loop
      vertex 20.1993 19.3303 7.17924
      vertex 19.98 20.2058 7.17924
      vertex 19.6019 19.1491 8.11352
    endloop
  endfacet
  facet normal 0.699882 0.103801 0.706676
    outer loop
      vertex 21.4584 20.4999 5.51611
      vertex 21.3477 21.2463 5.51611
      vertex 20.557 21.1684 6.31065
    endloop
  endfacet
  facet normal 0.706681 0.0347856 0.706676
    outer loop
      vertex 21.3477 21.2463 5.51611
      vertex 21.3106 22 5.51611
      vertex 20.557 21.1684 6.31065
    endloop
  endfacet
  facet normal 0.471263 0.0231956 0.881688
    outer loop
      vertex 23.1419 21.423 4.17901
      vertex 24.1045 22 3.64932
      vertex 23.1135 22 4.17901
    endloop
  endfacet
  facet normal 0.772455 0.0379629 0.633934
    outer loop
      vertex 19.8476 21.0986 7.17924
      vertex 20.557 21.1684 6.31065
      vertex 19.8033 22 7.17924
    endloop
  endfacet
  facet normal 0.830759 0.0408283 0.555133
    outer loop
      vertex 19.8476 21.0986 7.17924
      vertex 19.8033 22 7.17924
      vertex 19.2263 21.0374 8.11352
    endloop
  endfacet
  facet normal -0.0841366 0.0505175 0.995173
    outer loop
      vertex 30.4817 21.208 2.67393
      vertex 29.4955 21.7352 2.56379
      vertex 29.4671 21.6879 2.56379
    endloop
  endfacet
  facet normal -0.193206 0.0286125 0.980741
    outer loop
      vertex 31.7287 21.4572 2.89314
      vertex 31.7687 21.7273 2.89314
      vertex 30.6478 21.6722 2.67393
    endloop
  endfacet
  facet normal -0.156849 0.116368 0.980743
    outer loop
      vertex 31.1506 20.235 2.89314
      vertex 31.3133 20.4543 2.89314
      vertex 30.3969 21.0666 2.67393
    endloop
  endfacet
  facet normal 0.00958632 0.195089 0.980739
    outer loop
      vertex 29 19.2179 2.89314
      vertex 29 20.3199 2.67393
      vertex 28.7273 19.2313 2.89314
    endloop
  endfacet
  facet normal -0.281888 0.070685 0.95684
    outer loop
      vertex 32.7833 21.2475 3.21932
      vertex 31.7287 21.4572 2.89314
      vertex 31.6623 21.1924 2.89314
    endloop
  endfacet
  facet normal -0.262686 0.124281 0.956844
    outer loop
      vertex 32.4019 20.1816 3.21932
      vertex 32.5638 20.5238 3.21932
      vertex 31.4536 20.6885 2.89314
    endloop
  endfacet
  facet normal -0.0979084 0.273611 0.956844
    outer loop
      vertex 30.1197 18.3087 3.21932
      vertex 30.0647 19.4297 2.89314
      vertex 29.8076 19.3377 2.89314
    endloop
  endfacet
  facet normal -0.281088 0.379008 0.88167
    outer loop
      vertex 32.7343 17.4497 4.17901
      vertex 32.1057 18.2157 3.64932
      vertex 31.7198 17.9295 3.64932
    endloop
  endfacet
  facet normal -0.328571 0.196935 0.92372
    outer loop
      vertex 33.0705 19.2802 3.64932
      vertex 33.3175 19.6923 3.64932
      vertex 32.4019 20.1816 3.21932
    endloop
  endfacet
  facet normal -0.262697 0.124217 0.956849
    outer loop
      vertex 32.5638 20.5238 3.21932
      vertex 31.5703 20.9353 2.89314
      vertex 31.4536 20.6885 2.89314
    endloop
  endfacet
  facet normal -0.14939 0.249265 0.956844
    outer loop
      vertex 30.8184 18.5981 3.21932
      vertex 31.1431 18.7927 3.21932
      vertex 30.3115 19.5464 2.89314
    endloop
  endfacet
  facet normal -0.0426124 0.287461 0.956844
    outer loop
      vertex 29.3781 18.1612 3.21932
      vertex 29.7525 18.2167 3.21932
      vertex 29.2727 19.2313 2.89314
    endloop
  endfacet
  facet normal -0.233397 0.173159 0.95684
    outer loop
      vertex 32.2073 19.8569 3.21932
      vertex 31.3133 20.4543 2.89314
      vertex 31.1506 20.235 2.89314
    endloop
  endfacet
  facet normal -0.307661 0.228215 0.923722
    outer loop
      vertex 32.7843 18.8943 3.64932
      vertex 32.2073 19.8569 3.21932
      vertex 31.9818 19.5529 3.21932
    endloop
  endfacet
  facet normal -0.201755 0.426543 0.881678
    outer loop
      vertex 31.7749 16.8086 4.17901
      vertex 31.3077 17.6825 3.64932
      vertex 31.2527 16.5616 4.17901
    endloop
  endfacet
  facet normal -0.196926 0.328581 0.923718
    outer loop
      vertex 31.7198 17.9295 3.64932
      vertex 31.1431 18.7927 3.21932
      vertex 30.8184 18.5981 3.21932
    endloop
  endfacet
  facet normal -0.550031 0.0815324 0.831155
    outer loop
      vertex 35.6897 20.6693 4.80327
      vertex 34.8581 21.423 4.17901
      vertex 34.7734 20.8516 4.17901
    endloop
  endfacet
  facet normal -0.539369 0.135131 0.831157
    outer loop
      vertex 35.6897 20.6693 4.80327
      vertex 34.7734 20.8516 4.17901
      vertex 34.633 20.2912 4.17901
    endloop
  endfacet
  facet normal 0.0886772 0.0420238 0.995174
    outer loop
      vertex 28.5045 21.7352 2.56379
      vertex 28.4809 21.785 2.56379
      vertex 27.5183 21.208 2.67393
    endloop
  endfacet
  facet normal -0.706664 0.0347847 -0.706694
    outer loop
      vertex 36.6894 22 22.4839
      vertex 37.443 21.1684 21.6894
      vertex 36.6523 21.2463 22.4839
    endloop
  endfacet
  facet normal -0.699864 0.103798 -0.706694
    outer loop
      vertex 36.6523 21.2463 22.4839
      vertex 37.443 21.1684 21.6894
      vertex 36.5416 20.4999 22.4839
    endloop
  endfacet
  facet normal -0.951448 0.238259 -0.194881
    outer loop
      vertex 39.8934 19.8332 16.7821
      vertex 40.1084 19.7904 15.6801
      vertex 39.8384 18.7122 15.6801
    endloop
  endfacet
  facet normal -0.965381 0.241748 -0.0979659
    outer loop
      vertex 40.1084 19.7904 15.6801
      vertex 40.2165 19.7689 14.5618
      vertex 39.8384 18.7122 15.6801
    endloop
  endfacet
  facet normal -0.830768 0.0408221 -0.55512
    outer loop
      vertex 38.821 22 19.8865
      vertex 38.7737 21.0374 19.8865
      vertex 38.1967 22 20.8208
    endloop
  endfacet
  facet normal -0.865161 0.409151 -0.289986
    outer loop
      vertex 38.96 17.8744 17.8574
      vertex 39.2614 17.7496 16.7821
      vertex 38.5077 16.918 17.8574
    endloop
  endfacet
  facet normal -0.90106 0.322486 -0.289989
    outer loop
      vertex 39.3165 18.8705 17.8574
      vertex 39.2614 17.7496 16.7821
      vertex 38.96 17.8744 17.8574
    endloop
  endfacet
  facet normal -0.830587 0.297214 -0.470945
    outer loop
      vertex 38.3981 19.1491 19.8865
      vertex 38.905 18.9954 18.8955
      vertex 38.0734 18.2417 19.8865
    endloop
  endfacet
  facet normal -0.78317 0.280246 -0.555073
    outer loop
      vertex 38.3981 19.1491 19.8865
      vertex 38.0734 18.2417 19.8865
      vertex 37.4967 18.4806 20.8208
    endloop
  endfacet
  facet normal -0.0432959 0.881113 -0.47092
    outer loop
      vertex 29.9626 12.2263 19.8865
      vertex 30.0145 11.6992 18.8955
      vertex 29 12.179 19.8865
    endloop
  endfacet
  facet normal 0.0433381 0.881093 -0.470953
    outer loop
      vertex 29 12.179 19.8865
      vertex 29 11.6493 18.8955
      vertex 27.9855 11.6992 18.8955
    endloop
  endfacet
  facet normal -0.616321 0.558581 -0.555099
    outer loop
      vertex 36.1092 16.1657 20.8208
      vertex 36.5917 15.7696 19.8865
      vertex 35.9445 15.0555 19.8865
    endloop
  endfacet
  facet normal -0.653645 0.592409 -0.470956
    outer loop
      vertex 36.5917 15.7696 19.8865
      vertex 37.0012 15.4336 18.8955
      vertex 35.9445 15.0555 19.8865
    endloop
  endfacet
  facet normal -0.592409 0.653645 -0.470956
    outer loop
      vertex 35.9445 15.0555 19.8865
      vertex 35.5664 13.9988 18.8955
      vertex 35.2304 14.4083 19.8865
    endloop
  endfacet
  facet normal -0.558581 0.616321 -0.555099
    outer loop
      vertex 35.9445 15.0555 19.8865
      vertex 35.2304 14.4083 19.8865
      vertex 34.8343 14.8908 20.8208
    endloop
  endfacet
  facet normal -0.941532 0.336923 0
    outer loop
      vertex 39.5657 17.6236 13.4382
      vertex 39.9438 18.6802 14.5618
      vertex 39.9438 18.6802 13.4382
    endloop
  endfacet
  facet normal -0.941532 0.336923 0
    outer loop
      vertex 39.9438 18.6802 14.5618
      vertex 39.5657 17.6236 13.4382
      vertex 39.5657 17.6236 14.5618
    endloop
  endfacet
  facet normal -0.937008 0.335305 -0.0979079
    outer loop
      vertex 39.8384 18.7122 15.6801
      vertex 39.9438 18.6802 14.5618
      vertex 39.5657 17.6236 14.5618
    endloop
  endfacet
  facet normal -0.937003 0.335316 0.0979198
    outer loop
      vertex 39.5657 17.6236 13.4382
      vertex 39.8384 18.7122 12.3199
      vertex 39.4639 17.6657 12.3199
    endloop
  endfacet
  facet normal -0.899658 0.425475 0.0979144
    outer loop
      vertex 39.5657 17.6236 13.4382
      vertex 39.4639 17.6657 12.3199
      vertex 38.9887 16.6609 12.3199
    endloop
  endfacet
  facet normal -0.951448 0.238259 0.194881
    outer loop
      vertex 40.1084 19.7904 12.3199
      vertex 39.8934 19.8332 11.2179
      vertex 39.8384 18.7122 12.3199
    endloop
  endfacet
  facet normal -0.951445 0.238266 0.194888
    outer loop
      vertex 39.8384 18.7122 12.3199
      vertex 39.8934 19.8332 11.2179
      vertex 39.6286 18.7758 11.2179
    endloop
  endfacet
  facet normal -0.881107 0.0432956 0.470931
    outer loop
      vertex 39.3008 20.9855 9.10449
      vertex 38.821 22 8.11352
      vertex 38.7737 21.0374 8.11352
    endloop
  endfacet
  facet normal -0.922903 0.0453946 0.382347
    outer loop
      vertex 39.7288 20.9433 10.1426
      vertex 39.3507 22 9.10449
      vertex 39.3008 20.9855 9.10449
    endloop
  endfacet
  facet normal -0.896361 0.224522 0.382265
    outer loop
      vertex 39.5735 19.8968 10.1426
      vertex 39.1518 19.9807 9.10449
      vertex 38.905 18.9954 9.10449
    endloop
  endfacet
  facet normal -0.855718 0.214342 0.470961
    outer loop
      vertex 38.905 18.9954 9.10449
      vertex 39.1518 19.9807 9.10449
      vertex 38.3981 19.1491 8.11352
    endloop
  endfacet
  facet normal -0.830763 0.0408218 0.555128
    outer loop
      vertex 38.7737 21.0374 8.11352
      vertex 38.821 22 8.11352
      vertex 38.1967 22 7.17924
    endloop
  endfacet
  facet normal -0.728188 0.260526 0.633931
    outer loop
      vertex 37.4967 18.4806 7.17924
      vertex 37.8007 19.3303 7.17924
      vertex 37.1186 19.5373 6.31065
    endloop
  endfacet
  facet normal -0.783161 0.280194 0.555113
    outer loop
      vertex 38.3981 19.1491 8.11352
      vertex 37.8007 19.3303 7.17924
      vertex 37.4967 18.4806 7.17924
    endloop
  endfacet
  facet normal -0.768711 0.570102 0.289944
    outer loop
      vertex 38.235 15.8294 11.2179
      vertex 37.9638 16.0106 10.1426
      vertex 37.5857 14.9539 11.2179
    endloop
  endfacet
  facet normal -0.820873 0.492036 0.289945
    outer loop
      vertex 38.235 15.8294 11.2179
      vertex 38.5077 16.918 10.1426
      vertex 37.9638 16.0106 10.1426
    endloop
  endfacet
  facet normal -0.7422 0.550442 0.382299
    outer loop
      vertex 37.3336 15.1608 10.1426
      vertex 37.6063 16.2495 9.10449
      vertex 37.0012 15.4336 9.10449
    endloop
  endfacet
  facet normal -0.68463 0.620588 0.382298
    outer loop
      vertex 37.3336 15.1608 10.1426
      vertex 37.0012 15.4336 9.10449
      vertex 36.319 14.681 9.10449
    endloop
  endfacet
  facet normal -0.457699 0.11467 -0.881681
    outer loop
      vertex 34.7734 20.8516 23.821
      vertex 34.633 20.2912 23.821
      vertex 33.6847 20.5789 24.3507
    endloop
  endfacet
  facet normal -0.444265 0.158952 -0.881682
    outer loop
      vertex 34.633 20.2912 23.821
      vertex 34.4384 19.7473 23.821
      vertex 33.6847 20.5789 24.3507
    endloop
  endfacet
  facet normal -0.53938 0.135074 -0.831158
    outer loop
      vertex 35.6897 20.6693 23.1967
      vertex 35.5271 20.02 23.1967
      vertex 34.633 20.2912 23.821
    endloop
  endfacet
  facet normal -0.615821 0.154216 -0.772646
    outer loop
      vertex 35.6897 20.6693 23.1967
      vertex 36.5416 20.4999 22.4839
      vertex 35.5271 20.02 23.1967
    endloop
  endfacet
  facet normal -0.555375 0.0273356 -0.83115
    outer loop
      vertex 34.8865 22 23.821
      vertex 35.8208 22 23.1967
      vertex 34.8581 21.423 23.821
    endloop
  endfacet
  facet normal -0.273631 0.0978623 -0.956843
    outer loop
      vertex 32.6913 20.8803 24.7807
      vertex 32.5638 20.5238 24.7807
      vertex 31.5703 20.9353 25.1069
    endloop
  endfacet
  facet normal -0.412042 0.37335 0.831162
    outer loop
      vertex 34.2725 17.673 4.80327
      vertex 33.5503 18.2657 4.17901
      vertex 33.1624 17.8376 4.17901
    endloop
  endfacet
  facet normal -0.379008 0.281088 0.88167
    outer loop
      vertex 33.5503 18.2657 4.17901
      vertex 33.0705 19.2802 3.64932
      vertex 32.7843 18.8943 3.64932
    endloop
  endfacet
  facet normal -0.47127 0.0231804 0.881684
    outer loop
      vertex 34.8581 21.423 4.17901
      vertex 33.8955 22 3.64932
      vertex 33.8719 21.5202 3.64932
    endloop
  endfacet
  facet normal -0.378948 0.0562084 0.923709
    outer loop
      vertex 33.8014 21.0449 3.64932
      vertex 33.8719 21.5202 3.64932
      vertex 32.7833 21.2475 3.21932
    endloop
  endfacet
  facet normal -0.37159 0.0931 0.923717
    outer loop
      vertex 33.6847 20.5789 3.64932
      vertex 32.7833 21.2475 3.21932
      vertex 32.6913 20.8803 3.21932
    endloop
  endfacet
  facet normal 0.0142793 0.290268 -0.956839
    outer loop
      vertex 28.7273 19.2313 25.1069
      vertex 29 18.1426 24.7807
      vertex 28.6219 18.1612 24.7807
    endloop
  endfacet
  facet normal 0.042576 0.287494 -0.956836
    outer loop
      vertex 28.4572 19.2713 25.1069
      vertex 28.7273 19.2313 25.1069
      vertex 28.2475 18.2167 24.7807
    endloop
  endfacet
  facet normal -0.0970298 0.0144209 -0.995177
    outer loop
      vertex 29.5591 21.9449 25.4362
      vertex 30.6478 21.6722 25.3261
      vertex 29.551 21.8904 25.4362
    endloop
  endfacet
  facet normal -0.0419355 0.0886891 -0.995176
    outer loop
      vertex 29.792 20.5183 25.3261
      vertex 29.6429 20.4478 25.3261
      vertex 29.215 21.4809 25.4362
    endloop
  endfacet
  facet normal 0.0658172 0.0727547 -0.995176
    outer loop
      vertex 28.6027 21.6027 25.4362
      vertex 28.6436 21.5657 25.4362
      vertex 27.812 20.812 25.3261
    endloop
  endfacet
  facet normal -0.00480123 0.0979807 -0.995177
    outer loop
      vertex 29.0551 21.4409 25.4362
      vertex 29.1647 20.328 25.3261
      vertex 29 21.4382 25.4362
    endloop
  endfacet
  facet normal -0.0886453 0.0420086 -0.995177
    outer loop
      vertex 29.5191 21.785 25.4362
      vertex 30.4817 21.208 25.3261
      vertex 29.4955 21.7352 25.4362
    endloop
  endfacet
  facet normal -0.0706292 0.281903 -0.95684
    outer loop
      vertex 29.8076 19.3377 25.1069
      vertex 30.1197 18.3087 24.7807
      vertex 29.7525 18.2167 24.7807
    endloop
  endfacet
  facet normal 0.0238348 0.0951613 -0.995176
    outer loop
      vertex 28.8369 21.4624 25.4362
      vertex 28.8904 21.449 25.4362
      vertex 28.5123 20.3923 25.3261
    endloop
  endfacet
  facet normal -0.307661 0.228215 -0.923722
    outer loop
      vertex 32.2073 19.8569 24.7807
      vertex 32.7843 18.8943 24.3507
      vertex 31.9818 19.5529 24.7807
    endloop
  endfacet
  facet normal -0.283847 0.257233 -0.923722
    outer loop
      vertex 31.9818 19.5529 24.7807
      vertex 32.7843 18.8943 24.3507
      vertex 31.7276 19.2724 24.7807
    endloop
  endfacet
  facet normal -0.281904 0.0706889 -0.956835
    outer loop
      vertex 31.7287 21.4572 25.1069
      vertex 32.7833 21.2475 24.7807
      vertex 31.6623 21.1924 25.1069
    endloop
  endfacet
  facet normal -0.287494 0.042576 -0.956836
    outer loop
      vertex 31.7687 21.7273 25.1069
      vertex 32.7833 21.2475 24.7807
      vertex 31.7287 21.4572 25.1069
    endloop
  endfacet
  facet normal -0.144738 0.131117 -0.980744
    outer loop
      vertex 30.2987 20.9342 25.3261
      vertex 31.1506 20.235 25.1069
      vertex 30.188 20.812 25.3261
    endloop
  endfacet
  facet normal -0.1839 0.0657633 -0.980743
    outer loop
      vertex 30.6077 21.5123 25.3261
      vertex 31.6623 21.1924 25.1069
      vertex 30.5522 21.3571 25.3261
    endloop
  endfacet
  facet normal -0.149358 0.249321 -0.956834
    outer loop
      vertex 30.5457 19.6867 25.1069
      vertex 31.1431 18.7927 24.7807
      vertex 30.3115 19.5464 25.1069
    endloop
  endfacet
  facet normal -0.195161 0.215352 -0.956836
    outer loop
      vertex 31.7276 19.2724 24.7807
      vertex 31.4471 19.0182 24.7807
      vertex 30.765 19.8494 25.1069
    endloop
  endfacet
  facet normal -0.195078 0.00959401 -0.980741
    outer loop
      vertex 30.6801 22 25.3261
      vertex 31.7687 21.7273 25.1069
      vertex 30.672 21.8353 25.3261
    endloop
  endfacet
  facet normal -0.0979782 0.0048186 -0.995177
    outer loop
      vertex 30.6801 22 25.3261
      vertex 30.672 21.8353 25.3261
      vertex 29.5618 22 25.4362
    endloop
  endfacet
  facet normal 0.0583786 0.0788467 -0.995176
    outer loop
      vertex 28.6436 21.5657 25.4362
      vertex 28.6879 21.5329 25.4362
      vertex 27.9342 20.7013 25.3261
    endloop
  endfacet
  facet normal -0.0727547 0.0658172 -0.995176
    outer loop
      vertex 29.4343 21.6436 25.4362
      vertex 30.188 20.812 25.3261
      vertex 29.3973 21.6027 25.4362
    endloop
  endfacet
  facet normal -0.183894 0.0658041 -0.980741
    outer loop
      vertex 31.6623 21.1924 25.1069
      vertex 31.5703 20.9353 25.1069
      vertex 30.5522 21.3571 25.3261
    endloop
  endfacet
  facet normal 0.193198 0.0286113 -0.980743
    outer loop
      vertex 27.3522 21.6722 25.3261
      vertex 26.2713 21.4572 25.1069
      vertex 26.2313 21.7273 25.1069
    endloop
  endfacet
  facet normal 0.156863 0.116344 -0.980744
    outer loop
      vertex 27.6031 21.0666 25.3261
      vertex 27.7013 20.9342 25.3261
      vertex 26.8494 20.235 25.1069
    endloop
  endfacet
  facet normal 0.0787918 0.0584393 -0.995177
    outer loop
      vertex 28.5329 21.6879 25.4362
      vertex 27.7013 20.9342 25.3261
      vertex 27.6031 21.0666 25.3261
    endloop
  endfacet
  facet normal -0.524264 0.475129 -0.706682
    outer loop
      vertex 34.9439 17.1219 22.4839
      vertex 34.999 16.001 21.6894
      vertex 34.4372 16.5628 22.4839
    endloop
  endfacet
  facet normal -0.41206 0.373367 -0.831146
    outer loop
      vertex 33.5503 18.2657 23.821
      vertex 34.2725 17.673 23.1967
      vertex 33.1624 17.8376 23.821
    endloop
  endfacet
  facet normal -0.397594 0.663369 -0.633924
    outer loop
      vertex 33.7134 14.9459 21.6894
      vertex 34.1094 14.3532 20.8208
      vertex 32.9993 14.5179 21.6894
    endloop
  endfacet
  facet normal -0.460747 0.621172 -0.633922
    outer loop
      vertex 34.3821 15.4419 21.6894
      vertex 34.1094 14.3532 20.8208
      vertex 33.7134 14.9459 21.6894
    endloop
  endfacet
  facet normal -0.0273284 0.555372 -0.831153
    outer loop
      vertex 29.577 16.1419 23.821
      vertex 29.6686 15.2121 23.1967
      vertex 29 15.1792 23.1967
    endloop
  endfacet
  facet normal -0.0231959 0.47127 -0.881684
    outer loop
      vertex 29 17.1045 24.3507
      vertex 29.577 16.1419 23.821
      vertex 29 16.1135 23.821
    endloop
  endfacet
  facet normal -0.0931375 0.627967 -0.772647
    outer loop
      vertex 30.3307 15.3103 23.1967
      vertex 30.5001 14.4584 22.4839
      vertex 29.6686 15.2121 23.1967
    endloop
  endfacet
  facet normal -0.0815779 0.550028 -0.831152
    outer loop
      vertex 30.3307 15.3103 23.1967
      vertex 29.6686 15.2121 23.1967
      vertex 29.577 16.1419 23.821
    endloop
  endfacet
  facet normal -0.0188223 0.382618 -0.923715
    outer loop
      vertex 29.3781 18.1612 24.7807
      vertex 29.4798 17.1281 24.3507
      vertex 29 18.1426 24.7807
    endloop
  endfacet
  facet normal -0.0231808 0.471277 -0.881681
    outer loop
      vertex 29.4798 17.1281 24.3507
      vertex 29.577 16.1419 23.821
      vertex 29 17.1045 24.3507
    endloop
  endfacet
  facet normal -0.0931 0.37159 -0.923717
    outer loop
      vertex 30.1197 18.3087 24.7807
      vertex 30.4211 17.3153 24.3507
      vertex 29.7525 18.2167 24.7807
    endloop
  endfacet
  facet normal -0.0978623 0.273631 -0.956843
    outer loop
      vertex 30.4762 18.4362 24.7807
      vertex 30.1197 18.3087 24.7807
      vertex 30.0647 19.4297 25.1069
    endloop
  endfacet
  facet normal -0.129029 0.36069 -0.923718
    outer loop
      vertex 30.8734 17.4771 24.3507
      vertex 30.4211 17.3153 24.3507
      vertex 30.1197 18.3087 24.7807
    endloop
  endfacet
  facet normal -0.163824 0.346266 -0.923722
    outer loop
      vertex 30.8184 18.5981 24.7807
      vertex 31.3077 17.6825 24.3507
      vertex 30.4762 18.4362 24.7807
    endloop
  endfacet
  facet normal -0.154296 0.615838 -0.772616
    outer loop
      vertex 30.98 15.4729 23.1967
      vertex 31.2321 14.6418 22.4839
      vertex 30.5001 14.4584 22.4839
    endloop
  endfacet
  facet normal -0.302492 0.639584 -0.706704
    outer loop
      vertex 32.6247 15.2186 22.4839
      vertex 32.2466 14.1619 21.6894
      vertex 31.9426 14.896 22.4839
    endloop
  endfacet
  facet normal -0.326364 0.54451 -0.772655
    outer loop
      vertex 32.7894 16.3287 23.1967
      vertex 33.272 15.6065 22.4839
      vertex 32.2153 15.9846 23.1967
    endloop
  endfacet
  facet normal -0.28587 0.476931 -0.831153
    outer loop
      vertex 32.2704 17.1056 23.821
      vertex 32.2153 15.9846 23.1967
      vertex 31.7749 16.8086 23.821
    endloop
  endfacet
  facet normal -0.281092 0.379013 -0.881667
    outer loop
      vertex 32.1057 18.2157 24.3507
      vertex 32.7343 17.4497 23.821
      vertex 31.7198 17.9295 24.3507
    endloop
  endfacet
  facet normal -0.316964 0.349574 -0.881664
    outer loop
      vertex 32.4616 18.5384 24.3507
      vertex 32.7343 17.4497 23.821
      vertex 32.1057 18.2157 24.3507
    endloop
  endfacet
  facet normal -0.37822 0.509857 -0.772654
    outer loop
      vertex 33.327 16.7275 23.1967
      vertex 33.272 15.6065 22.4839
      vertex 32.7894 16.3287 23.1967
    endloop
  endfacet
  facet normal -0.228196 0.30769 -0.923717
    outer loop
      vertex 32.1057 18.2157 24.3507
      vertex 31.7198 17.9295 24.3507
      vertex 31.1431 18.7927 24.7807
    endloop
  endfacet
  facet normal 0.539392 0.135137 -0.83114
    outer loop
      vertex 23.2266 20.8516 23.821
      vertex 23.367 20.2912 23.821
      vertex 22.3103 20.6693 23.1967
    endloop
  endfacet
  facet normal 0.53938 0.135074 -0.831158
    outer loop
      vertex 23.367 20.2912 23.821
      vertex 22.4729 20.02 23.1967
      vertex 22.3103 20.6693 23.1967
    endloop
  endfacet
  facet normal 0.378948 0.0562084 -0.923709
    outer loop
      vertex 25.2167 21.2475 24.7807
      vertex 24.1986 21.0449 24.3507
      vertex 24.1281 21.5202 24.3507
    endloop
  endfacet
  facet normal 0.371615 0.0930632 -0.923711
    outer loop
      vertex 25.2167 21.2475 24.7807
      vertex 24.3153 20.5789 24.3507
      vertex 24.1986 21.0449 24.3507
    endloop
  endfacet
  facet normal 0.70668 0.0347561 -0.70668
    outer loop
      vertex 21.3106 22 22.4839
      vertex 20.557 21.1684 21.6894
      vertex 20.5161 22 21.6894
    endloop
  endfacet
  facet normal 0.706664 0.0347847 -0.706694
    outer loop
      vertex 21.3106 22 22.4839
      vertex 21.3477 21.2463 22.4839
      vertex 20.557 21.1684 21.6894
    endloop
  endfacet
  facet normal 0.47127 0.0231959 -0.881684
    outer loop
      vertex 24.1045 22 24.3507
      vertex 23.1419 21.423 23.821
      vertex 23.1135 22 23.821
    endloop
  endfacet
  facet normal 0.328571 0.196935 -0.92372
    outer loop
      vertex 25.5981 20.1816 24.7807
      vertex 24.9295 19.2802 24.3507
      vertex 24.6825 19.6923 24.3507
    endloop
  endfacet
  facet normal 0.404726 0.24258 -0.881676
    outer loop
      vertex 24.6825 19.6923 24.3507
      vertex 24.9295 19.2802 24.3507
      vertex 23.8086 19.2251 23.821
    endloop
  endfacet
  facet normal 0.426551 0.201735 -0.881679
    outer loop
      vertex 24.4771 20.1266 24.3507
      vertex 24.6825 19.6923 24.3507
      vertex 23.5616 19.7473 23.821
    endloop
  endfacet
  facet normal 0.262712 0.124224 -0.956844
    outer loop
      vertex 26.4297 20.9353 25.1069
      vertex 26.5464 20.6885 25.1069
      vertex 25.4362 20.5238 24.7807
    endloop
  endfacet
  facet normal 0.307661 0.228215 -0.923722
    outer loop
      vertex 25.7927 19.8569 24.7807
      vertex 26.0182 19.5529 24.7807
      vertex 25.2157 18.8943 24.3507
    endloop
  endfacet
  facet normal 0.316964 0.349574 -0.881664
    outer loop
      vertex 25.5384 18.5384 24.3507
      vertex 25.8943 18.2157 24.3507
      vertex 25.2657 17.4497 23.821
    endloop
  endfacet
  facet normal 0.18792 0.750223 -0.633917
    outer loop
      vertex 27.3449 13.6791 21.6894
      vertex 27.2058 12.98 20.8208
      vertex 26.3303 13.1993 20.8208
    endloop
  endfacet
  facet normal 0.113453 0.765036 -0.633915
    outer loop
      vertex 27.3449 13.6791 21.6894
      vertex 28.0986 12.8476 20.8208
      vertex 27.2058 12.98 20.8208
    endloop
  endfacet
  facet normal 0.260527 0.728191 -0.633926
    outer loop
      vertex 26.5373 13.8814 21.6894
      vertex 26.3303 13.1993 20.8208
      vertex 25.4806 13.5033 20.8208
    endloop
  endfacet
  facet normal 0.330666 0.699121 -0.633948
    outer loop
      vertex 25.7534 14.1619 21.6894
      vertex 25.4806 13.5033 20.8208
      vertex 24.6647 13.8892 20.8208
    endloop
  endfacet
  facet normal 0.154216 0.615821 -0.772646
    outer loop
      vertex 27.6693 15.3103 23.1967
      vertex 27.4999 14.4584 22.4839
      vertex 27.02 15.4729 23.1967
    endloop
  endfacet
  facet normal 0.0931375 0.627967 -0.772647
    outer loop
      vertex 27.6693 15.3103 23.1967
      vertex 28.3314 15.2121 23.1967
      vertex 27.4999 14.4584 22.4839
    endloop
  endfacet
  facet normal -0.0347561 0.70668 -0.70668
    outer loop
      vertex 29 14.3106 22.4839
      vertex 29.8316 13.557 21.6894
      vertex 29 13.5161 21.6894
    endloop
  endfacet
  facet normal 0.0347561 0.70668 -0.70668
    outer loop
      vertex 29 14.3106 22.4839
      vertex 29 13.5161 21.6894
      vertex 28.1684 13.557 21.6894
    endloop
  endfacet
  facet normal 0.213892 0.597759 -0.772615
    outer loop
      vertex 27.02 15.4729 23.1967
      vertex 26.7679 14.6418 22.4839
      vertex 26.3898 15.6984 23.1967
    endloop
  endfacet
  facet normal 0.11467 0.457699 -0.881681
    outer loop
      vertex 27.5789 17.3153 24.3507
      vertex 27.8516 16.2266 23.821
      vertex 27.2912 16.367 23.821
    endloop
  endfacet
  facet normal 0.129005 0.360709 -0.923714
    outer loop
      vertex 27.5238 18.4362 24.7807
      vertex 27.8803 18.3087 24.7807
      vertex 27.1266 17.4771 24.3507
    endloop
  endfacet
  facet normal 0.201757 0.42655 -0.881674
    outer loop
      vertex 26.6923 17.6825 24.3507
      vertex 26.7473 16.5616 23.821
      vertex 26.2251 16.8086 23.821
    endloop
  endfacet
  facet normal 0.326332 0.54456 -0.772633
    outer loop
      vertex 25.7847 15.9846 23.1967
      vertex 25.3753 15.2186 22.4839
      vertex 24.728 15.6065 22.4839
    endloop
  endfacet
  facet normal 0.238334 0.666155 -0.706706
    outer loop
      vertex 26.0574 14.896 22.4839
      vertex 26.7679 14.6418 22.4839
      vertex 25.7534 14.1619 21.6894
    endloop
  endfacet
  facet normal 0.0658041 0.183894 -0.980741
    outer loop
      vertex 28.3571 20.4478 25.3261
      vertex 28.1924 19.3377 25.1069
      vertex 27.9353 19.4297 25.1069
    endloop
  endfacet
  facet normal 0.124288 0.262701 -0.956839
    outer loop
      vertex 27.6885 19.5464 25.1069
      vertex 27.5238 18.4362 24.7807
      vertex 27.1816 18.5981 24.7807
    endloop
  endfacet
  facet normal 0.158932 0.444283 -0.881676
    outer loop
      vertex 27.1266 17.4771 24.3507
      vertex 27.5789 17.3153 24.3507
      vertex 26.7473 16.5616 23.821
    endloop
  endfacet
  facet normal 0.129029 0.36069 -0.923718
    outer loop
      vertex 27.8803 18.3087 24.7807
      vertex 27.5789 17.3153 24.3507
      vertex 27.1266 17.4771 24.3507
    endloop
  endfacet
  facet normal 0.349574 0.316964 -0.881664
    outer loop
      vertex 25.2157 18.8943 24.3507
      vertex 25.5384 18.5384 24.3507
      vertex 24.4497 18.2657 23.821
    endloop
  endfacet
  facet normal 0.378982 0.281111 -0.881674
    outer loop
      vertex 24.9295 19.2802 24.3507
      vertex 24.4497 18.2657 23.821
      vertex 24.1056 18.7296 23.821
    endloop
  endfacet
  facet normal 0.196935 0.328571 -0.92372
    outer loop
      vertex 27.1816 18.5981 24.7807
      vertex 26.6923 17.6825 24.3507
      vertex 26.2802 17.9295 24.3507
    endloop
  endfacet
  facet normal 0.196926 0.328581 -0.923718
    outer loop
      vertex 26.8569 18.7927 24.7807
      vertex 27.1816 18.5981 24.7807
      vertex 26.2802 17.9295 24.3507
    endloop
  endfacet
  facet normal 0.363736 0.606878 -0.706679
    outer loop
      vertex 24.728 15.6065 22.4839
      vertex 25.0007 14.5179 21.6894
      vertex 24.2866 14.9459 21.6894
    endloop
  endfacet
  facet normal 0.271441 0.573897 -0.772633
    outer loop
      vertex 25.7847 15.9846 23.1967
      vertex 26.3898 15.6984 23.1967
      vertex 25.3753 15.2186 22.4839
    endloop
  endfacet
  facet normal 0.742199 0.550441 -0.382302
    outer loop
      vertex 20.9988 15.4336 18.8955
      vertex 20.6664 15.1608 17.8574
      vertex 20.3937 16.2495 18.8955
    endloop
  endfacet
  facet normal 0.684629 0.620587 -0.382301
    outer loop
      vertex 20.9988 15.4336 18.8955
      vertex 21.681 14.681 18.8955
      vertex 20.6664 15.1608 17.8574
    endloop
  endfacet
  facet normal 0.946674 0.140486 -0.289952
    outer loop
      vertex 18.2712 20.9433 17.8574
      vertex 18.4265 19.8968 17.8574
      vertex 17.9466 20.9113 16.7821
    endloop
  endfacet
  facet normal 0.955888 0.0469735 -0.289951
    outer loop
      vertex 18.2712 20.9433 17.8574
      vertex 17.9466 20.9113 16.7821
      vertex 17.8931 22 16.7821
    endloop
  endfacet
  facet normal 0.54451 0.326364 -0.772655
    outer loop
      vertex 22.9846 18.7847 23.1967
      vertex 23.3287 18.2106 23.1967
      vertex 22.6065 17.728 22.4839
    endloop
  endfacet
  facet normal 0.54456 0.326332 -0.772633
    outer loop
      vertex 22.9846 18.7847 23.1967
      vertex 22.6065 17.728 22.4839
      vertex 22.2186 18.3753 22.4839
    endloop
  endfacet
  facet normal 0.797445 0.377169 -0.470984
    outer loop
      vertex 19.9266 18.2417 19.8865
      vertex 20.3387 17.3704 19.8865
      vertex 19.8715 17.1207 18.8955
    endloop
  endfacet
  facet normal 0.639584 0.3025 -0.7067
    outer loop
      vertex 22.2186 18.3753 22.4839
      vertex 21.5179 18.0007 21.6894
      vertex 21.1619 18.7534 21.6894
    endloop
  endfacet
  facet normal 0.616352 0.558569 -0.555078
    outer loop
      vertex 22.4969 15.4969 20.8208
      vertex 22.0555 15.0555 19.8865
      vertex 21.8908 16.1657 20.8208
    endloop
  endfacet
  facet normal 0.475133 0.524253 -0.706688
    outer loop
      vertex 24.1219 16.0561 22.4839
      vertex 23.6179 15.4419 21.6894
      vertex 23.001 16.001 21.6894
    endloop
  endfacet
  facet normal 0.923481 0.330476 0.194856
    outer loop
      vertex 18.5361 17.6657 12.3199
      vertex 18.7386 17.7496 11.2179
      vertex 18.1616 18.7122 12.3199
    endloop
  endfacet
  facet normal 0.841274 0.504253 0.194902
    outer loop
      vertex 19.5827 15.7076 12.3199
      vertex 19.765 15.8294 11.2179
      vertex 19.0113 16.6609 12.3199
    endloop
  endfacet
  facet normal -0.0273272 0.555348 0.831169
    outer loop
      vertex 29.6686 15.2121 4.80327
      vertex 29.577 16.1419 4.17901
      vertex 29 15.1792 4.80327
    endloop
  endfacet
  facet normal -0.0231956 0.471263 0.881688
    outer loop
      vertex 29.577 16.1419 4.17901
      vertex 29 17.1045 3.64932
      vertex 29 16.1135 4.17901
    endloop
  endfacet
  facet normal -0.0273344 0.555351 0.831167
    outer loop
      vertex 29.577 16.1419 4.17901
      vertex 29 16.1135 4.17901
      vertex 29 15.1792 4.80327
    endloop
  endfacet
  facet normal -0.0312018 0.634089 0.77263
    outer loop
      vertex 29.7537 14.3477 5.51611
      vertex 29.6686 15.2121 4.80327
      vertex 29 15.1792 4.80327
    endloop
  endfacet
  facet normal -0.511596 0.853635 -0.0978626
    outer loop
      vertex 35.3536 12.4911 14.5618
      vertex 34.391 11.9142 14.5618
      vertex 34.3391 12.0113 15.6801
    endloop
  endfacet
  facet normal -0.511641 0.853601 -0.0979186
    outer loop
      vertex 35.2924 12.5827 15.6801
      vertex 35.3536 12.4911 14.5618
      vertex 34.3391 12.0113 15.6801
    endloop
  endfacet
  facet normal -0.330476 0.923481 0.194856
    outer loop
      vertex 33.3343 11.5361 12.3199
      vertex 33.2504 11.7386 11.2179
      vertex 32.2878 11.1616 12.3199
    endloop
  endfacet
  facet normal -0.419334 0.886673 0.194858
    outer loop
      vertex 33.3343 11.5361 12.3199
      vertex 34.3391 12.0113 12.3199
      vertex 33.2504 11.7386 11.2179
    endloop
  endfacet
  facet normal -0.658737 0.726685 0.194921
    outer loop
      vertex 36.1852 13.2448 12.3199
      vertex 37.0087 13.9913 12.3199
      vertex 36.0461 13.4143 11.2179
    endloop
  endfacet
  facet normal -0.668394 0.737338 0.097888
    outer loop
      vertex 36.2551 13.1597 13.4382
      vertex 37.0087 13.9913 12.3199
      vertex 36.1852 13.2448 12.3199
    endloop
  endfacet
  facet normal -0.668394 0.737338 -0.097888
    outer loop
      vertex 37.0087 13.9913 15.6801
      vertex 36.2551 13.1597 14.5618
      vertex 36.1852 13.2448 15.6801
    endloop
  endfacet
  facet normal -0.592812 0.79937 -0.0978843
    outer loop
      vertex 36.1852 13.2448 15.6801
      vertex 36.2551 13.1597 14.5618
      vertex 35.2924 12.5827 15.6801
    endloop
  endfacet
  facet normal -0.492044 0.820864 -0.289956
    outer loop
      vertex 35.1706 12.765 16.7821
      vertex 34.2357 12.2046 16.7821
      vertex 34.082 12.4923 17.8574
    endloop
  endfacet
  facet normal -0.504274 0.841266 -0.194881
    outer loop
      vertex 35.1706 12.765 16.7821
      vertex 34.3391 12.0113 15.6801
      vertex 34.2357 12.2046 16.7821
    endloop
  endfacet
  facet normal 0.558569 0.616352 -0.555078
    outer loop
      vertex 22.4969 15.4969 20.8208
      vertex 23.1657 14.8908 20.8208
      vertex 22.0555 15.0555 19.8865
    endloop
  endfacet
  facet normal 0.427622 0.713409 -0.555146
    outer loop
      vertex 23.8906 14.3532 20.8208
      vertex 24.6647 13.8892 20.8208
      vertex 23.5437 13.8341 19.8865
    endloop
  endfacet
  facet normal 0.0432959 0.881113 -0.47092
    outer loop
      vertex 28.0374 12.2263 19.8865
      vertex 29 12.179 19.8865
      vertex 27.9855 11.6992 18.8955
    endloop
  endfacet
  facet normal 0.0453298 0.922928 -0.382294
    outer loop
      vertex 29 11.6493 18.8955
      vertex 29 11.2193 17.8574
      vertex 27.9433 11.2712 17.8574
    endloop
  endfacet
  facet normal 0.14603 0.984425 0.0978898
    outer loop
      vertex 27.8791 10.6189 13.4382
      vertex 27.8899 10.7285 12.3199
      vertex 26.7904 10.8916 12.3199
    endloop
  endfacet
  facet normal 0.143923 0.970223 0.194815
    outer loop
      vertex 27.8899 10.7285 12.3199
      vertex 27.9113 10.9466 11.2179
      vertex 26.7904 10.8916 12.3199
    endloop
  endfacet
  facet normal 0.0330458 0.0924093 0.995173
    outer loop
      vertex 28.5123 20.3923 2.67393
      vertex 28.785 21.4809 2.56379
      vertex 28.3571 20.4478 2.67393
    endloop
  endfacet
  facet normal 0.189447 0.0475099 0.980741
    outer loop
      vertex 27.3923 21.5123 2.67393
      vertex 27.3522 21.6722 2.67393
      vertex 26.2713 21.4572 2.89314
    endloop
  endfacet
  facet normal 0.16754 0.100367 0.980743
    outer loop
      vertex 26.6867 20.4543 2.89314
      vertex 27.6031 21.0666 2.67393
      vertex 26.5464 20.6885 2.89314
    endloop
  endfacet
  facet normal 0.290248 0.0142623 0.956845
    outer loop
      vertex 26.2313 21.7273 2.89314
      vertex 26.2179 22 2.89314
      vertex 25.1426 22 3.21932
    endloop
  endfacet
  facet normal -0.0329484 0.0924337 0.995174
    outer loop
      vertex 29.4877 20.3923 2.67393
      vertex 29.215 21.4809 2.56379
      vertex 29.1631 21.4624 2.56379
    endloop
  endfacet
  facet normal 0.0841585 0.0504713 0.995173
    outer loop
      vertex 27.6031 21.0666 2.67393
      vertex 28.5329 21.6879 2.56379
      vertex 27.5183 21.208 2.67393
    endloop
  endfacet
  facet normal 0.116349 0.15687 0.980742
    outer loop
      vertex 28.0666 20.6031 2.67393
      vertex 27.9342 20.7013 2.67393
      vertex 27.235 19.8494 2.89314
    endloop
  endfacet
  facet normal 0.124217 0.262697 0.956849
    outer loop
      vertex 27.9353 19.4297 2.89314
      vertex 27.6885 19.5464 2.89314
      vertex 27.5238 18.4362 3.21932
    endloop
  endfacet
  facet normal 0.0834936 0.176574 0.98074
    outer loop
      vertex 27.9353 19.4297 2.89314
      vertex 28.3571 20.4478 2.67393
      vertex 27.6885 19.5464 2.89314
    endloop
  endfacet
  facet normal 0.281088 0.379008 0.88167
    outer loop
      vertex 26.2802 17.9295 3.64932
      vertex 25.8943 18.2157 3.64932
      vertex 25.2657 17.4497 4.17901
    endloop
  endfacet
  facet normal 0.31696 0.349569 0.881668
    outer loop
      vertex 25.8943 18.2157 3.64932
      vertex 25.5384 18.5384 3.64932
      vertex 25.2657 17.4497 4.17901
    endloop
  endfacet
  facet normal 0.124281 0.262686 0.956844
    outer loop
      vertex 27.5238 18.4362 3.21932
      vertex 27.6885 19.5464 2.89314
      vertex 27.1816 18.5981 3.21932
    endloop
  endfacet
  facet normal 0.228196 0.30769 0.923717
    outer loop
      vertex 26.2802 17.9295 3.64932
      vertex 26.8569 18.7927 3.21932
      vertex 25.8943 18.2157 3.64932
    endloop
  endfacet
  facet normal 0.237736 0.502635 0.831168
    outer loop
      vertex 26.3898 15.6984 4.80327
      vertex 26.7473 16.5616 4.17901
      vertex 25.7847 15.9846 4.80327
    endloop
  endfacet
  facet normal 0.0815324 0.550031 0.831155
    outer loop
      vertex 28.423 16.1419 4.17901
      vertex 27.8516 16.2266 4.17901
      vertex 27.6693 15.3103 4.80327
    endloop
  endfacet
  facet normal 0.0425736 0.287478 0.956841
    outer loop
      vertex 28.7273 19.2313 2.89314
      vertex 28.4572 19.2713 2.89314
      vertex 28.2475 18.2167 3.21932
    endloop
  endfacet
  facet normal 0.070685 0.281888 0.95684
    outer loop
      vertex 28.2475 18.2167 3.21932
      vertex 28.4572 19.2713 2.89314
      vertex 28.1924 19.3377 2.89314
    endloop
  endfacet
  facet normal 0.0426124 0.287461 0.956844
    outer loop
      vertex 28.6219 18.1612 3.21932
      vertex 28.7273 19.2313 2.89314
      vertex 28.2475 18.2167 3.21932
    endloop
  endfacet
  facet normal 0.0142785 0.290252 0.956844
    outer loop
      vertex 29 18.1426 3.21932
      vertex 28.7273 19.2313 2.89314
      vertex 28.6219 18.1612 3.21932
    endloop
  endfacet
  facet normal 0.290252 0.0142785 0.956844
    outer loop
      vertex 25.1612 21.6219 3.21932
      vertex 26.2313 21.7273 2.89314
      vertex 25.1426 22 3.21932
    endloop
  endfacet
  facet normal 0.378948 0.0562084 0.923709
    outer loop
      vertex 24.1986 21.0449 3.64932
      vertex 25.2167 21.2475 3.21932
      vertex 24.1281 21.5202 3.64932
    endloop
  endfacet
  facet normal 0.273611 0.0979084 0.956844
    outer loop
      vertex 26.4297 20.9353 2.89314
      vertex 26.3377 21.1924 2.89314
      vertex 25.3087 20.8803 3.21932
    endloop
  endfacet
  facet normal 0.0379917 0.772467 0.633918
    outer loop
      vertex 29 12.8033 7.17924
      vertex 29 13.5161 6.31065
      vertex 28.1684 13.557 6.31065
    endloop
  endfacet
  facet normal -0.0347856 0.706681 0.706676
    outer loop
      vertex 29.8316 13.557 6.31065
      vertex 29.7537 14.3477 5.51611
      vertex 29 14.3106 5.51611
    endloop
  endfacet
  facet normal 0.113452 0.765033 0.633919
    outer loop
      vertex 28.0986 12.8476 7.17924
      vertex 27.3449 13.6791 6.31065
      vertex 27.2058 12.98 7.17924
    endloop
  endfacet
  facet normal 0.187919 0.75022 0.633922
    outer loop
      vertex 27.2058 12.98 7.17924
      vertex 27.3449 13.6791 6.31065
      vertex 26.3303 13.1993 7.17924
    endloop
  endfacet
  facet normal 0.260526 0.728188 0.633931
    outer loop
      vertex 26.3303 13.1993 7.17924
      vertex 26.5373 13.8814 6.31065
      vertex 25.4806 13.5033 7.17924
    endloop
  endfacet
  facet normal 0.280194 0.783161 0.555113
    outer loop
      vertex 26.1491 12.6019 8.11352
      vertex 26.3303 13.1993 7.17924
      vertex 25.4806 13.5033 7.17924
    endloop
  endfacet
  facet normal 0.154301 0.615859 0.772599
    outer loop
      vertex 27.4999 14.4584 5.51611
      vertex 27.02 15.4729 4.80327
      vertex 26.7679 14.6418 5.51611
    endloop
  endfacet
  facet normal 0.171952 0.68631 0.70669
    outer loop
      vertex 27.3449 13.6791 6.31065
      vertex 27.4999 14.4584 5.51611
      vertex 26.7679 14.6418 5.51611
    endloop
  endfacet
  facet normal -0.39761 0.66334 0.633945
    outer loop
      vertex 33.3353 13.8892 7.17924
      vertex 34.1094 14.3532 7.17924
      vertex 32.9993 14.5179 6.31065
    endloop
  endfacet
  facet normal -0.33066 0.699124 0.633948
    outer loop
      vertex 33.3353 13.8892 7.17924
      vertex 32.9993 14.5179 6.31065
      vertex 32.2466 14.1619 6.31065
    endloop
  endfacet
  facet normal -0.46068 0.621181 0.633962
    outer loop
      vertex 34.8343 14.8908 7.17924
      vertex 34.3821 15.4419 6.31065
      vertex 34.1094 14.3532 7.17924
    endloop
  endfacet
  facet normal -0.378222 0.509876 0.772641
    outer loop
      vertex 33.8781 16.0561 5.51611
      vertex 33.327 16.7275 4.80327
      vertex 33.272 15.6065 5.51611
    endloop
  endfacet
  facet normal -0.606893 0.363745 0.706661
    outer loop
      vertex 36.0541 17.2866 6.31065
      vertex 36.4821 18.0007 6.31065
      vertex 35.3935 17.728 5.51611
    endloop
  endfacet
  facet normal -0.621181 0.46068 0.633962
    outer loop
      vertex 36.1092 16.1657 7.17924
      vertex 36.6468 16.8906 7.17924
      vertex 35.5581 16.6179 6.31065
    endloop
  endfacet
  facet normal -0.242586 0.404719 0.881677
    outer loop
      vertex 31.7749 16.8086 4.17901
      vertex 32.2704 17.1056 4.17901
      vertex 31.7198 17.9295 3.64932
    endloop
  endfacet
  facet normal -0.378233 0.509875 0.772637
    outer loop
      vertex 33.272 15.6065 5.51611
      vertex 33.327 16.7275 4.80327
      vertex 32.7894 16.3287 4.80327
    endloop
  endfacet
  facet normal -0.544452 0.326425 0.77267
    outer loop
      vertex 35.3935 17.728 5.51611
      vertex 35.0154 18.7847 4.80327
      vertex 34.6712 18.2106 4.80327
    endloop
  endfacet
  facet normal -0.50989 0.378149 0.772668
    outer loop
      vertex 35.3935 17.728 5.51611
      vertex 34.6712 18.2106 4.80327
      vertex 34.2725 17.673 4.80327
    endloop
  endfacet
  facet normal -0.699871 0.10377 0.706691
    outer loop
      vertex 37.3209 20.3449 6.31065
      vertex 37.443 21.1684 6.31065
      vertex 36.5416 20.4999 5.51611
    endloop
  endfacet
  facet normal -0.765026 0.11343 0.633932
    outer loop
      vertex 38.1524 21.0986 7.17924
      vertex 37.443 21.1684 6.31065
      vertex 37.3209 20.3449 6.31065
    endloop
  endfacet
  facet normal -0.62799 0.0931383 0.772628
    outer loop
      vertex 36.5416 20.4999 5.51611
      vertex 36.6523 21.2463 5.51611
      vertex 35.7879 21.3314 4.80327
    endloop
  endfacet
  facet normal -0.627988 0.0931406 0.772629
    outer loop
      vertex 36.5416 20.4999 5.51611
      vertex 35.7879 21.3314 4.80327
      vertex 35.6897 20.6693 4.80327
    endloop
  endfacet
  facet normal -0.615859 0.154301 0.772599
    outer loop
      vertex 36.3582 19.7679 5.51611
      vertex 36.5416 20.4999 5.51611
      vertex 35.5271 20.02 4.80327
    endloop
  endfacet
  facet normal -0.68631 0.171952 0.70669
    outer loop
      vertex 37.3209 20.3449 6.31065
      vertex 36.5416 20.4999 5.51611
      vertex 36.3582 19.7679 5.51611
    endloop
  endfacet
  facet normal -0.78782 0.584247 -0.194922
    outer loop
      vertex 38.4173 15.7076 15.6801
      vertex 37.7552 14.8148 15.6801
      vertex 37.5857 14.9539 16.7821
    endloop
  endfacet
  facet normal -0.79937 0.592812 -0.0978843
    outer loop
      vertex 38.4173 15.7076 15.6801
      vertex 37.8403 14.7449 14.5618
      vertex 37.7552 14.8148 15.6801
    endloop
  endfacet
  facet normal -0.768735 0.570083 -0.289917
    outer loop
      vertex 37.9638 16.0106 17.8574
      vertex 37.5857 14.9539 16.7821
      vertex 37.3336 15.1608 17.8574
    endloop
  endfacet
  facet normal -0.768711 0.570102 -0.289944
    outer loop
      vertex 37.9638 16.0106 17.8574
      vertex 38.235 15.8294 16.7821
      vertex 37.5857 14.9539 16.7821
    endloop
  endfacet
  facet normal -0.684648 0.620542 -0.382341
    outer loop
      vertex 37.3336 15.1608 17.8574
      vertex 36.6231 14.3769 17.8574
      vertex 36.319 14.681 18.8955
    endloop
  endfacet
  facet normal -0.684629 0.620587 -0.382301
    outer loop
      vertex 37.0012 15.4336 18.8955
      vertex 37.3336 15.1608 17.8574
      vertex 36.319 14.681 18.8955
    endloop
  endfacet
  facet normal 0.830582 0.297212 0.470956
    outer loop
      vertex 19.9266 18.2417 8.11352
      vertex 19.6019 19.1491 8.11352
      vertex 19.095 18.9954 9.10449
    endloop
  endfacet
  facet normal 0.83058 0.297182 0.470978
    outer loop
      vertex 19.4372 18.039 9.10449
      vertex 19.9266 18.2417 8.11352
      vertex 19.095 18.9954 9.10449
    endloop
  endfacet
  facet normal 0.881107 0.0432956 0.470931
    outer loop
      vertex 19.2263 21.0374 8.11352
      vertex 19.179 22 8.11352
      vertex 18.6992 20.9855 9.10449
    endloop
  endfacet
  facet normal 0.830763 0.0408218 0.555128
    outer loop
      vertex 19.2263 21.0374 8.11352
      vertex 19.8033 22 7.17924
      vertex 19.179 22 8.11352
    endloop
  endfacet
  facet normal 0.90106 0.322486 0.289989
    outer loop
      vertex 18.7386 17.7496 11.2179
      vertex 19.04 17.8744 10.1426
      vertex 18.6835 18.8705 10.1426
    endloop
  endfacet
  facet normal 0.86999 0.311366 0.38232
    outer loop
      vertex 19.04 17.8744 10.1426
      vertex 19.095 18.9954 9.10449
      vertex 18.6835 18.8705 10.1426
    endloop
  endfacet
  facet normal 0.914043 0.135643 0.382264
    outer loop
      vertex 18.4265 19.8968 10.1426
      vertex 18.8482 19.9807 9.10449
      vertex 18.2712 20.9433 10.1426
    endloop
  endfacet
  facet normal 0.896361 0.224522 0.382265
    outer loop
      vertex 19.095 18.9954 9.10449
      vertex 18.8482 19.9807 9.10449
      vertex 18.4265 19.8968 10.1426
    endloop
  endfacet
  facet normal 0.346306 0.163784 0.923714
    outer loop
      vertex 24.6825 19.6923 3.64932
      vertex 25.4362 20.5238 3.21932
      vertex 24.4771 20.1266 3.64932
    endloop
  endfacet
  facet normal 0.346266 0.163824 0.923722
    outer loop
      vertex 25.5981 20.1816 3.21932
      vertex 25.4362 20.5238 3.21932
      vertex 24.6825 19.6923 3.64932
    endloop
  endfacet
  facet normal 0.404719 0.242586 0.881677
    outer loop
      vertex 24.1056 18.7296 4.17901
      vertex 24.9295 19.2802 3.64932
      vertex 23.8086 19.2251 4.17901
    endloop
  endfacet
  facet normal 0.378976 0.281107 0.881678
    outer loop
      vertex 24.4497 18.2657 4.17901
      vertex 24.9295 19.2802 3.64932
      vertex 24.1056 18.7296 4.17901
    endloop
  endfacet
  facet normal 0.523506 0.187323 0.831175
    outer loop
      vertex 22.6984 19.3898 4.80327
      vertex 23.367 20.2912 4.17901
      vertex 22.4729 20.02 4.80327
    endloop
  endfacet
  facet normal 0.597779 0.213899 0.772598
    outer loop
      vertex 22.6984 19.3898 4.80327
      vertex 22.4729 20.02 4.80327
      vertex 21.6418 19.7679 5.51611
    endloop
  endfacet
  facet normal 0.502627 0.237742 0.831171
    outer loop
      vertex 23.8086 19.2251 4.17901
      vertex 23.5616 19.7473 4.17901
      vertex 22.9846 18.7847 4.80327
    endloop
  endfacet
  facet normal 0.47691 0.285857 0.831169
    outer loop
      vertex 24.1056 18.7296 4.17901
      vertex 23.8086 19.2251 4.17901
      vertex 22.9846 18.7847 4.80327
    endloop
  endfacet
  facet normal 0.0970706 0.0144029 0.995173
    outer loop
      vertex 27.3522 21.6722 2.67393
      vertex 28.4409 21.9449 2.56379
      vertex 27.328 21.8353 2.67393
    endloop
  endfacet
  facet normal -0.0419506 0.088721 0.995173
    outer loop
      vertex 29.6429 20.4478 2.67393
      vertex 29.792 20.5183 2.67393
      vertex 29.215 21.4809 2.56379
    endloop
  endfacet
  facet normal -0.0951956 0.0238434 0.995173
    outer loop
      vertex 30.6077 21.5123 2.67393
      vertex 29.551 21.8904 2.56379
      vertex 29.5376 21.8369 2.56379
    endloop
  endfacet
  facet normal -0.0970706 0.0144029 0.995173
    outer loop
      vertex 30.6478 21.6722 2.67393
      vertex 30.672 21.8353 2.67393
      vertex 29.5591 21.9449 2.56379
    endloop
  endfacet
  facet normal -0.144744 0.131123 0.980743
    outer loop
      vertex 31.1506 20.235 2.89314
      vertex 30.2987 20.9342 2.67393
      vertex 30.188 20.812 2.67393
    endloop
  endfacet
  facet normal -0.215363 0.195136 0.956839
    outer loop
      vertex 31.7276 19.2724 3.21932
      vertex 31.1506 20.235 2.89314
      vertex 30.9673 20.0327 2.89314
    endloop
  endfacet
  facet normal 0.0504713 0.0841585 0.995173
    outer loop
      vertex 28.208 20.5183 2.67393
      vertex 28.6879 21.5329 2.56379
      vertex 28.0666 20.6031 2.67393
    endloop
  endfacet
  facet normal 0.0584603 0.0788202 0.995173
    outer loop
      vertex 28.0666 20.6031 2.67393
      vertex 28.6879 21.5329 2.56379
      vertex 27.9342 20.7013 2.67393
    endloop
  endfacet
  facet normal -0.328581 0.196926 0.923718
    outer loop
      vertex 33.0705 19.2802 3.64932
      vertex 32.4019 20.1816 3.21932
      vertex 32.2073 19.8569 3.21932
    endloop
  endfacet
  facet normal -0.36069 0.129029 0.923718
    outer loop
      vertex 33.5229 20.1266 3.64932
      vertex 33.6847 20.5789 3.64932
      vertex 32.6913 20.8803 3.21932
    endloop
  endfacet
  facet normal -0.176574 0.0834936 0.98074
    outer loop
      vertex 31.4536 20.6885 2.89314
      vertex 31.5703 20.9353 2.89314
      vertex 30.5522 21.3571 2.67393
    endloop
  endfacet
  facet normal -0.346266 0.163824 0.923722
    outer loop
      vertex 33.3175 19.6923 3.64932
      vertex 32.5638 20.5238 3.21932
      vertex 32.4019 20.1816 3.21932
    endloop
  endfacet
  facet normal -0.131123 0.144744 0.980743
    outer loop
      vertex 30.765 19.8494 2.89314
      vertex 30.188 20.812 2.67393
      vertex 30.0658 20.7013 2.67393
    endloop
  endfacet
  facet normal -0.116368 0.156849 0.980743
    outer loop
      vertex 30.5457 19.6867 2.89314
      vertex 30.765 19.8494 2.89314
      vertex 29.9334 20.6031 2.67393
    endloop
  endfacet
  facet normal -0.0562084 0.378948 0.923709
    outer loop
      vertex 29.9551 17.1986 3.64932
      vertex 29.7525 18.2167 3.21932
      vertex 29.4798 17.1281 3.64932
    endloop
  endfacet
  facet normal -0.163784 0.346306 0.923714
    outer loop
      vertex 30.8734 17.4771 3.64932
      vertex 31.3077 17.6825 3.64932
      vertex 30.4762 18.4362 3.21932
    endloop
  endfacet
  facet normal -0.195136 0.215363 0.956839
    outer loop
      vertex 31.7276 19.2724 3.21932
      vertex 30.9673 20.0327 2.89314
      vertex 30.765 19.8494 2.89314
    endloop
  endfacet
  facet normal -0.15687 0.116349 0.980742
    outer loop
      vertex 31.1506 20.235 2.89314
      vertex 30.3969 21.0666 2.67393
      vertex 30.2987 20.9342 2.67393
    endloop
  endfacet
  facet normal -0.129005 0.360709 0.923714
    outer loop
      vertex 30.8734 17.4771 3.64932
      vertex 30.4762 18.4362 3.21932
      vertex 30.1197 18.3087 3.21932
    endloop
  endfacet
  facet normal -0.201732 0.426544 0.881682
    outer loop
      vertex 31.2527 16.5616 4.17901
      vertex 31.3077 17.6825 3.64932
      vertex 30.8734 17.4771 3.64932
    endloop
  endfacet
  facet normal -0.228215 0.307661 0.923722
    outer loop
      vertex 32.1057 18.2157 3.64932
      vertex 31.4471 19.0182 3.21932
      vertex 31.1431 18.7927 3.21932
    endloop
  endfacet
  facet normal -0.173135 0.233406 0.956842
    outer loop
      vertex 31.1431 18.7927 3.21932
      vertex 31.4471 19.0182 3.21932
      vertex 30.765 19.8494 2.89314
    endloop
  endfacet
  facet normal -0.257331 0.283806 0.923707
    outer loop
      vertex 32.1057 18.2157 3.64932
      vertex 32.4616 18.5384 3.64932
      vertex 31.7276 19.2724 3.21932
    endloop
  endfacet
  facet normal -0.283806 0.257331 0.923707
    outer loop
      vertex 32.4616 18.5384 3.64932
      vertex 32.7843 18.8943 3.64932
      vertex 31.7276 19.2724 3.21932
    endloop
  endfacet
  facet normal -0.52352 0.187308 0.831169
    outer loop
      vertex 35.3016 19.3898 4.80327
      vertex 34.633 20.2912 4.17901
      vertex 34.4384 19.7473 4.17901
    endloop
  endfacet
  facet normal -0.444258 0.15895 0.881686
    outer loop
      vertex 34.4384 19.7473 4.17901
      vertex 34.633 20.2912 4.17901
      vertex 33.6847 20.5789 3.64932
    endloop
  endfacet
  facet normal -0.22446 0.896354 -0.382318
    outer loop
      vertex 32.0046 12.095 18.8955
      vertex 32.1295 11.6835 17.8574
      vertex 31.1032 11.4265 17.8574
    endloop
  endfacet
  facet normal -0.0453946 0.922902 -0.38235
    outer loop
      vertex 30.0145 11.6992 18.8955
      vertex 30.0567 11.2712 17.8574
      vertex 29 11.6493 18.8955
    endloop
  endfacet
  facet normal -0.970032 0.242976 0
    outer loop
      vertex 39.9438 18.6802 13.4382
      vertex 40.2165 19.7689 14.5618
      vertex 40.2165 19.7689 13.4382
    endloop
  endfacet
  facet normal -0.970032 0.242976 0
    outer loop
      vertex 40.2165 19.7689 14.5618
      vertex 39.9438 18.6802 13.4382
      vertex 39.9438 18.6802 14.5618
    endloop
  endfacet
  facet normal -0.955882 0.0469483 0.289974
    outer loop
      vertex 40.1069 22 11.2179
      vertex 39.7807 22 10.1426
      vertex 39.7288 20.9433 10.1426
    endloop
  endfacet
  facet normal -0.0658172 0.0727547 -0.995176
    outer loop
      vertex 29.3973 21.6027 25.4362
      vertex 30.188 20.812 25.3261
      vertex 29.3564 21.5657 25.4362
    endloop
  endfacet
  facet normal 0.0727047 0.0658626 -0.995176
    outer loop
      vertex 28.5657 21.6436 25.4362
      vertex 27.812 20.812 25.3261
      vertex 27.7013 20.9342 25.3261
    endloop
  endfacet
  facet normal 0.0788467 0.0583786 -0.995176
    outer loop
      vertex 28.5329 21.6879 25.4362
      vertex 28.5657 21.6436 25.4362
      vertex 27.7013 20.9342 25.3261
    endloop
  endfacet
  facet normal -0.249279 0.149398 -0.956839
    outer loop
      vertex 32.4019 20.1816 24.7807
      vertex 32.2073 19.8569 24.7807
      vertex 31.4536 20.6885 25.1069
    endloop
  endfacet
  facet normal -0.167533 0.100362 -0.980745
    outer loop
      vertex 31.4536 20.6885 25.1069
      vertex 31.3133 20.4543 25.1069
      vertex 30.3969 21.0666 25.3261
    endloop
  endfacet
  facet normal -0.44663 0.331234 0.831148
    outer loop
      vertex 34.2725 17.673 4.80327
      vertex 34.6712 18.2106 4.80327
      vertex 33.8944 18.7296 4.17901
    endloop
  endfacet
  facet normal -0.40472 0.242577 0.881679
    outer loop
      vertex 34.1914 19.2251 4.17901
      vertex 33.3175 19.6923 3.64932
      vertex 33.0705 19.2802 3.64932
    endloop
  endfacet
  facet normal -0.290252 0.0142785 0.956844
    outer loop
      vertex 32.8388 21.6219 3.21932
      vertex 32.8574 22 3.21932
      vertex 31.7687 21.7273 2.89314
    endloop
  endfacet
  facet normal -0.195087 0.00959443 0.980739
    outer loop
      vertex 31.7687 21.7273 2.89314
      vertex 30.6801 22 2.67393
      vertex 30.672 21.8353 2.67393
    endloop
  endfacet
  facet normal -0.46672 0.069183 0.881695
    outer loop
      vertex 34.7734 20.8516 4.17901
      vertex 34.8581 21.423 4.17901
      vertex 33.8014 21.0449 3.64932
    endloop
  endfacet
  facet normal -0.092376 0.0330339 -0.995176
    outer loop
      vertex 30.6077 21.5123 25.3261
      vertex 30.5522 21.3571 25.3261
      vertex 29.5191 21.785 25.4362
    endloop
  endfacet
  facet normal 0.0142631 0.290264 -0.95684
    outer loop
      vertex 29 19.2179 25.1069
      vertex 29 18.1426 24.7807
      vertex 28.7273 19.2313 25.1069
    endloop
  endfacet
  facet normal -0.0142631 0.290264 -0.95684
    outer loop
      vertex 29 19.2179 25.1069
      vertex 29.2727 19.2313 25.1069
      vertex 29 18.1426 24.7807
    endloop
  endfacet
  facet normal 0.0931 0.37159 -0.923717
    outer loop
      vertex 27.8803 18.3087 24.7807
      vertex 28.2475 18.2167 24.7807
      vertex 27.5789 17.3153 24.3507
    endloop
  endfacet
  facet normal 0.0930632 0.371615 -0.923711
    outer loop
      vertex 28.2475 18.2167 24.7807
      vertex 28.0449 17.1986 24.3507
      vertex 27.5789 17.3153 24.3507
    endloop
  endfacet
  facet normal 0.0143977 0.0970357 -0.995177
    outer loop
      vertex 28.9449 21.4409 25.4362
      vertex 28.8353 20.328 25.3261
      vertex 28.6722 20.3522 25.3261
    endloop
  endfacet
  facet normal 0.0048186 0.0979782 -0.995177
    outer loop
      vertex 29 21.4382 25.4362
      vertex 29 20.3199 25.3261
      vertex 28.8353 20.328 25.3261
    endloop
  endfacet
  facet normal 0.0970298 0.0144209 -0.995177
    outer loop
      vertex 28.4409 21.9449 25.4362
      vertex 28.449 21.8904 25.4362
      vertex 27.3522 21.6722 25.3261
    endloop
  endfacet
  facet normal -0.0238623 0.0951515 -0.995177
    outer loop
      vertex 29.4877 20.3923 25.3261
      vertex 29.3278 20.3522 25.3261
      vertex 29.1096 21.449 25.4362
    endloop
  endfacet
  facet normal -0.0286661 0.1932 -0.980741
    outer loop
      vertex 29.3278 20.3522 25.3261
      vertex 29.2727 19.2313 25.1069
      vertex 29.1647 20.328 25.3261
    endloop
  endfacet
  facet normal -0.100453 0.1675 -0.980741
    outer loop
      vertex 29.9334 20.6031 25.3261
      vertex 30.3115 19.5464 25.1069
      vertex 29.792 20.5183 25.3261
    endloop
  endfacet
  facet normal -0.173145 0.233419 -0.956837
    outer loop
      vertex 31.4471 19.0182 24.7807
      vertex 31.1431 18.7927 24.7807
      vertex 30.765 19.8494 25.1069
    endloop
  endfacet
  facet normal -0.0841063 0.0504994 -0.995176
    outer loop
      vertex 29.4955 21.7352 25.4362
      vertex 30.4817 21.208 25.3261
      vertex 29.4671 21.6879 25.4362
    endloop
  endfacet
  facet normal 0.0286661 0.1932 -0.980741
    outer loop
      vertex 28.8353 20.328 25.3261
      vertex 28.7273 19.2313 25.1069
      vertex 28.6722 20.3522 25.3261
    endloop
  endfacet
  facet normal -0.257331 0.283806 -0.923707
    outer loop
      vertex 32.4616 18.5384 24.3507
      vertex 32.1057 18.2157 24.3507
      vertex 31.7276 19.2724 24.7807
    endloop
  endfacet
  facet normal -0.149398 0.249279 -0.956839
    outer loop
      vertex 31.1431 18.7927 24.7807
      vertex 30.8184 18.5981 24.7807
      vertex 30.3115 19.5464 25.1069
    endloop
  endfacet
  facet normal -0.215375 0.195147 -0.956834
    outer loop
      vertex 31.1506 20.235 25.1069
      vertex 31.7276 19.2724 24.7807
      vertex 30.9673 20.0327 25.1069
    endloop
  endfacet
  facet normal -0.131117 0.144738 -0.980744
    outer loop
      vertex 30.188 20.812 25.3261
      vertex 30.765 19.8494 25.1069
      vertex 30.0658 20.7013 25.3261
    endloop
  endfacet
  facet normal -0.328581 0.196926 -0.923718
    outer loop
      vertex 32.4019 20.1816 24.7807
      vertex 33.0705 19.2802 24.3507
      vertex 32.2073 19.8569 24.7807
    endloop
  endfacet
  facet normal -0.283806 0.257331 -0.923707
    outer loop
      vertex 32.7843 18.8943 24.3507
      vertex 32.4616 18.5384 24.3507
      vertex 31.7276 19.2724 24.7807
    endloop
  endfacet
  facet normal -0.19508 0.0095859 -0.98074
    outer loop
      vertex 31.7821 22 25.1069
      vertex 31.7687 21.7273 25.1069
      vertex 30.6801 22 25.3261
    endloop
  endfacet
  facet normal 0.124224 0.262712 -0.956844
    outer loop
      vertex 27.6885 19.5464 25.1069
      vertex 27.9353 19.4297 25.1069
      vertex 27.5238 18.4362 24.7807
    endloop
  endfacet
  facet normal 0.0970357 0.0143977 -0.995177
    outer loop
      vertex 28.4409 21.9449 25.4362
      vertex 27.3522 21.6722 25.3261
      vertex 27.328 21.8353 25.3261
    endloop
  endfacet
  facet normal 0.156843 0.116362 -0.980745
    outer loop
      vertex 27.6031 21.0666 25.3261
      vertex 26.8494 20.235 25.1069
      vertex 26.6867 20.4543 25.1069
    endloop
  endfacet
  facet normal 0.233419 0.173145 -0.956837
    outer loop
      vertex 26.8494 20.235 25.1069
      vertex 26.0182 19.5529 24.7807
      vertex 25.7927 19.8569 24.7807
    endloop
  endfacet
  facet normal 0.0841282 0.0504531 -0.995177
    outer loop
      vertex 28.5329 21.6879 25.4362
      vertex 27.6031 21.0666 25.3261
      vertex 27.5183 21.208 25.3261
    endloop
  endfacet
  facet normal 0.144727 0.131134 -0.980743
    outer loop
      vertex 27.812 20.812 25.3261
      vertex 27.0327 20.0327 25.1069
      vertex 26.8494 20.235 25.1069
    endloop
  endfacet
  facet normal 0.144738 0.131117 -0.980744
    outer loop
      vertex 27.7013 20.9342 25.3261
      vertex 27.812 20.812 25.3261
      vertex 26.8494 20.235 25.1069
    endloop
  endfacet
  facet normal -0.47039 0.426304 -0.772656
    outer loop
      vertex 34.9439 17.1219 22.4839
      vertex 34.4372 16.5628 22.4839
      vertex 33.823 17.177 23.1967
    endloop
  endfacet
  facet normal -0.509859 0.37821 -0.772658
    outer loop
      vertex 35.3935 17.728 22.4839
      vertex 34.9439 17.1219 22.4839
      vertex 34.2725 17.673 23.1967
    endloop
  endfacet
  facet normal -0.163784 0.346306 -0.923714
    outer loop
      vertex 31.3077 17.6825 24.3507
      vertex 30.8734 17.4771 24.3507
      vertex 30.4762 18.4362 24.7807
    endloop
  endfacet
  facet normal -0.363679 0.606882 -0.706704
    outer loop
      vertex 33.272 15.6065 22.4839
      vertex 32.9993 14.5179 21.6894
      vertex 32.6247 15.2186 22.4839
    endloop
  endfacet
  facet normal 0.031211 0.634062 -0.772652
    outer loop
      vertex 29 15.1792 23.1967
      vertex 29 14.3106 22.4839
      vertex 28.2463 14.3477 22.4839
    endloop
  endfacet
  facet normal -0.031211 0.634062 -0.772652
    outer loop
      vertex 29 15.1792 23.1967
      vertex 29.7537 14.3477 22.4839
      vertex 29 14.3106 22.4839
    endloop
  endfacet
  facet normal -0.01882 0.382619 -0.923714
    outer loop
      vertex 29 18.1426 24.7807
      vertex 29.4798 17.1281 24.3507
      vertex 29 17.1045 24.3507
    endloop
  endfacet
  facet normal 0.01882 0.382619 -0.923714
    outer loop
      vertex 29 18.1426 24.7807
      vertex 29 17.1045 24.3507
      vertex 28.5202 17.1281 24.3507
    endloop
  endfacet
  facet normal -0.0691841 0.466727 -0.881691
    outer loop
      vertex 29.9551 17.1986 24.3507
      vertex 30.1484 16.2266 23.821
      vertex 29.577 16.1419 23.821
    endloop
  endfacet
  facet normal -0.114619 0.457692 -0.881692
    outer loop
      vertex 30.4211 17.3153 24.3507
      vertex 30.1484 16.2266 23.821
      vertex 29.9551 17.1986 24.3507
    endloop
  endfacet
  facet normal -0.213892 0.597759 -0.772615
    outer loop
      vertex 31.6102 15.6984 23.1967
      vertex 31.2321 14.6418 22.4839
      vertex 30.98 15.4729 23.1967
    endloop
  endfacet
  facet normal -0.187331 0.52353 -0.831158
    outer loop
      vertex 31.6102 15.6984 23.1967
      vertex 30.98 15.4729 23.1967
      vertex 30.7088 16.367 23.821
    endloop
  endfacet
  facet normal -0.213863 0.597756 -0.772626
    outer loop
      vertex 31.6102 15.6984 23.1967
      vertex 31.9426 14.896 22.4839
      vertex 31.2321 14.6418 22.4839
    endloop
  endfacet
  facet normal -0.238334 0.666155 -0.706706
    outer loop
      vertex 31.9426 14.896 22.4839
      vertex 32.2466 14.1619 21.6894
      vertex 31.2321 14.6418 22.4839
    endloop
  endfacet
  facet normal -0.271441 0.573897 -0.772633
    outer loop
      vertex 32.2153 15.9846 23.1967
      vertex 32.6247 15.2186 22.4839
      vertex 31.6102 15.6984 23.1967
    endloop
  endfacet
  facet normal -0.326332 0.54456 -0.772633
    outer loop
      vertex 33.272 15.6065 22.4839
      vertex 32.6247 15.2186 22.4839
      vertex 32.2153 15.9846 23.1967
    endloop
  endfacet
  facet normal -0.129005 0.360709 -0.923714
    outer loop
      vertex 30.4762 18.4362 24.7807
      vertex 30.8734 17.4771 24.3507
      vertex 30.1197 18.3087 24.7807
    endloop
  endfacet
  facet normal -0.24258 0.404726 -0.881676
    outer loop
      vertex 31.7198 17.9295 24.3507
      vertex 31.7749 16.8086 23.821
      vertex 31.3077 17.6825 24.3507
    endloop
  endfacet
  facet normal 0.466739 0.0692301 -0.881682
    outer loop
      vertex 24.1281 21.5202 24.3507
      vertex 24.1986 21.0449 24.3507
      vertex 23.1419 21.423 23.821
    endloop
  endfacet
  facet normal 0.37159 0.0931 -0.923717
    outer loop
      vertex 25.2167 21.2475 24.7807
      vertex 25.3087 20.8803 24.7807
      vertex 24.3153 20.5789 24.3507
    endloop
  endfacet
  facet normal 0.287477 0.0426148 -0.956839
    outer loop
      vertex 26.2313 21.7273 25.1069
      vertex 25.2167 21.2475 24.7807
      vertex 25.1612 21.6219 24.7807
    endloop
  endfacet
  facet normal 0.378941 0.0561732 -0.923714
    outer loop
      vertex 25.1612 21.6219 24.7807
      vertex 25.2167 21.2475 24.7807
      vertex 24.1281 21.5202 24.3507
    endloop
  endfacet
  facet normal 0.634062 0.031211 -0.772652
    outer loop
      vertex 22.1792 22 23.1967
      vertex 21.3477 21.2463 22.4839
      vertex 21.3106 22 22.4839
    endloop
  endfacet
  facet normal 0.346306 0.163784 -0.923714
    outer loop
      vertex 25.4362 20.5238 24.7807
      vertex 24.6825 19.6923 24.3507
      vertex 24.4771 20.1266 24.3507
    endloop
  endfacet
  facet normal 0.346266 0.163824 -0.923722
    outer loop
      vertex 25.4362 20.5238 24.7807
      vertex 25.5981 20.1816 24.7807
      vertex 24.6825 19.6923 24.3507
    endloop
  endfacet
  facet normal 0.187926 0.750218 -0.633922
    outer loop
      vertex 26.5373 13.8814 21.6894
      vertex 27.3449 13.6791 21.6894
      vertex 26.3303 13.1993 20.8208
    endloop
  endfacet
  facet normal 0.171911 0.686284 -0.706725
    outer loop
      vertex 26.7679 14.6418 22.4839
      vertex 27.3449 13.6791 21.6894
      vertex 26.5373 13.8814 21.6894
    endloop
  endfacet
  facet normal 0.0815779 0.550028 -0.831152
    outer loop
      vertex 28.423 16.1419 23.821
      vertex 28.3314 15.2121 23.1967
      vertex 27.6693 15.3103 23.1967
    endloop
  endfacet
  facet normal 0.0273284 0.555372 -0.831153
    outer loop
      vertex 28.423 16.1419 23.821
      vertex 29 15.1792 23.1967
      vertex 28.3314 15.2121 23.1967
    endloop
  endfacet
  facet normal 0.187331 0.52353 -0.831158
    outer loop
      vertex 27.2912 16.367 23.821
      vertex 27.02 15.4729 23.1967
      vertex 26.3898 15.6984 23.1967
    endloop
  endfacet
  facet normal 0.187317 0.523544 -0.831153
    outer loop
      vertex 26.7473 16.5616 23.821
      vertex 27.2912 16.367 23.821
      vertex 26.3898 15.6984 23.1967
    endloop
  endfacet
  facet normal 0.0584393 0.0787918 -0.995177
    outer loop
      vertex 28.6879 21.5329 25.4362
      vertex 28.0666 20.6031 25.3261
      vertex 27.9342 20.7013 25.3261
    endloop
  endfacet
  facet normal 0.131134 0.144727 -0.980743
    outer loop
      vertex 27.812 20.812 25.3261
      vertex 27.235 19.8494 25.1069
      vertex 27.0327 20.0327 25.1069
    endloop
  endfacet
  facet normal 0.08349 0.176567 -0.980741
    outer loop
      vertex 28.3571 20.4478 25.3261
      vertex 27.9353 19.4297 25.1069
      vertex 27.6885 19.5464 25.1069
    endloop
  endfacet
  facet normal 0.0834879 0.176568 -0.980741
    outer loop
      vertex 28.208 20.5183 25.3261
      vertex 28.3571 20.4478 25.3261
      vertex 27.6885 19.5464 25.1069
    endloop
  endfacet
  facet normal 0.163784 0.346306 -0.923714
    outer loop
      vertex 27.5238 18.4362 24.7807
      vertex 27.1266 17.4771 24.3507
      vertex 26.6923 17.6825 24.3507
    endloop
  endfacet
  facet normal 0.201735 0.426551 -0.881679
    outer loop
      vertex 27.1266 17.4771 24.3507
      vertex 26.7473 16.5616 23.821
      vertex 26.6923 17.6825 24.3507
    endloop
  endfacet
  facet normal 0.257331 0.283806 -0.923707
    outer loop
      vertex 26.2724 19.2724 24.7807
      vertex 25.8943 18.2157 24.3507
      vertex 25.5384 18.5384 24.3507
    endloop
  endfacet
  facet normal 0.316801 0.349632 -0.8817
    outer loop
      vertex 25.5384 18.5384 24.3507
      vertex 25.2657 17.4497 23.821
      vertex 24.8376 17.8376 23.821
    endloop
  endfacet
  facet normal 0.446606 0.331272 -0.831145
    outer loop
      vertex 24.1056 18.7296 23.821
      vertex 24.4497 18.2657 23.821
      vertex 23.7275 17.673 23.1967
    endloop
  endfacet
  facet normal 0.41206 0.373367 -0.831146
    outer loop
      vertex 24.4497 18.2657 23.821
      vertex 24.8376 17.8376 23.821
      vertex 23.7275 17.673 23.1967
    endloop
  endfacet
  facet normal 0.281092 0.379013 -0.881667
    outer loop
      vertex 25.8943 18.2157 24.3507
      vertex 26.2802 17.9295 24.3507
      vertex 25.2657 17.4497 23.821
    endloop
  endfacet
  facet normal 0.228196 0.30769 -0.923717
    outer loop
      vertex 26.8569 18.7927 24.7807
      vertex 26.2802 17.9295 24.3507
      vertex 25.8943 18.2157 24.3507
    endloop
  endfacet
  facet normal 0.3025 0.639584 -0.7067
    outer loop
      vertex 25.3753 15.2186 22.4839
      vertex 25.7534 14.1619 21.6894
      vertex 25.0007 14.5179 21.6894
    endloop
  endfacet
  facet normal 0.302492 0.639584 -0.706704
    outer loop
      vertex 26.0574 14.896 22.4839
      vertex 25.7534 14.1619 21.6894
      vertex 25.3753 15.2186 22.4839
    endloop
  endfacet
  facet normal 0.326364 0.54451 -0.772655
    outer loop
      vertex 25.2106 16.3287 23.1967
      vertex 25.7847 15.9846 23.1967
      vertex 24.728 15.6065 22.4839
    endloop
  endfacet
  facet normal 0.373367 0.41206 -0.831146
    outer loop
      vertex 24.8376 17.8376 23.821
      vertex 25.2657 17.4497 23.821
      vertex 24.673 16.7275 23.1967
    endloop
  endfacet
  facet normal 0.616321 0.558581 -0.555099
    outer loop
      vertex 21.8908 16.1657 20.8208
      vertex 22.0555 15.0555 19.8865
      vertex 21.4083 15.7696 19.8865
    endloop
  endfacet
  facet normal 0.742225 0.550424 -0.382277
    outer loop
      vertex 20.3937 16.2495 18.8955
      vertex 20.6664 15.1608 17.8574
      vertex 20.0362 16.0106 17.8574
    endloop
  endfacet
  facet normal 0.751936 0.355647 -0.555074
    outer loop
      vertex 20.5033 18.4806 20.8208
      vertex 20.8892 17.6647 20.8208
      vertex 19.9266 18.2417 19.8865
    endloop
  endfacet
  facet normal 0.713409 0.427622 -0.555146
    outer loop
      vertex 20.8892 17.6647 20.8208
      vertex 21.3532 16.8906 20.8208
      vertex 20.8341 16.5437 19.8865
    endloop
  endfacet
  facet normal 0.621184 0.460682 -0.633957
    outer loop
      vertex 22.4419 16.6179 21.6894
      vertex 21.8908 16.1657 20.8208
      vertex 21.3532 16.8906 20.8208
    endloop
  endfacet
  facet normal 0.573041 0.51935 -0.633955
    outer loop
      vertex 22.4419 16.6179 21.6894
      vertex 23.001 16.001 21.6894
      vertex 21.8908 16.1657 20.8208
    endloop
  endfacet
  facet normal 0.495544 0.668061 -0.555094
    outer loop
      vertex 23.1657 14.8908 20.8208
      vertex 23.5437 13.8341 19.8865
      vertex 22.7696 14.4083 19.8865
    endloop
  endfacet
  facet normal 0.49546 0.668079 -0.555148
    outer loop
      vertex 23.8906 14.3532 20.8208
      vertex 23.5437 13.8341 19.8865
      vertex 23.1657 14.8908 20.8208
    endloop
  endfacet
  facet normal 0.886662 0.419349 0.194875
    outer loop
      vertex 19.0113 16.6609 12.3199
      vertex 19.2046 16.7643 11.2179
      vertex 18.7386 17.7496 11.2179
    endloop
  endfacet
  facet normal 0.865156 0.409178 0.289962
    outer loop
      vertex 19.2046 16.7643 11.2179
      vertex 19.4923 16.918 10.1426
      vertex 18.7386 17.7496 11.2179
    endloop
  endfacet
  facet normal -0.154301 0.615859 0.772599
    outer loop
      vertex 31.2321 14.6418 5.51611
      vertex 30.98 15.4729 4.80327
      vertex 30.5001 14.4584 5.51611
    endloop
  endfacet
  facet normal -0.154221 0.615842 0.772629
    outer loop
      vertex 30.5001 14.4584 5.51611
      vertex 30.98 15.4729 4.80327
      vertex 30.3307 15.3103 4.80327
    endloop
  endfacet
  facet normal -0.15895 0.444258 0.881686
    outer loop
      vertex 30.7088 16.367 4.17901
      vertex 31.2527 16.5616 4.17901
      vertex 30.4211 17.3153 3.64932
    endloop
  endfacet
  facet normal -0.114618 0.457685 0.881696
    outer loop
      vertex 30.1484 16.2266 4.17901
      vertex 30.4211 17.3153 3.64932
      vertex 29.9551 17.1986 3.64932
    endloop
  endfacet
  facet normal -0.335316 0.937003 -0.0979198
    outer loop
      vertex 33.3343 11.5361 15.6801
      vertex 33.3764 11.4343 14.5618
      vertex 32.2878 11.1616 15.6801
    endloop
  endfacet
  facet normal -0.425475 0.899658 -0.0979144
    outer loop
      vertex 34.3391 12.0113 15.6801
      vertex 33.3764 11.4343 14.5618
      vertex 33.3343 11.5361 15.6801
    endloop
  endfacet
  facet normal -0.642724 0.709122 -0.289918
    outer loop
      vertex 36.6231 14.3769 17.8574
      vertex 36.0461 13.4143 16.7821
      vertex 35.8392 13.6664 17.8574
    endloop
  endfacet
  facet normal -0.570083 0.768735 -0.289917
    outer loop
      vertex 35.8392 13.6664 17.8574
      vertex 36.0461 13.4143 16.7821
      vertex 34.9894 13.0362 17.8574
    endloop
  endfacet
  facet normal -0.475072 0.792573 -0.382275
    outer loop
      vertex 34.7505 13.3937 18.8955
      vertex 34.9894 13.0362 17.8574
      vertex 34.082 12.4923 17.8574
    endloop
  endfacet
  facet normal -0.492036 0.820873 -0.289945
    outer loop
      vertex 34.9894 13.0362 17.8574
      vertex 35.1706 12.765 16.7821
      vertex 34.082 12.4923 17.8574
    endloop
  endfacet
  facet normal 0.135539 0.914021 -0.382353
    outer loop
      vertex 27.9855 11.6992 18.8955
      vertex 27.9433 11.2712 17.8574
      vertex 26.9807 11.8482 18.8955
    endloop
  endfacet
  facet normal 0.0453946 0.922902 -0.38235
    outer loop
      vertex 27.9855 11.6992 18.8955
      vertex 29 11.6493 18.8955
      vertex 27.9433 11.2712 17.8574
    endloop
  endfacet
  facet normal -0.0504713 0.0841585 0.995173
    outer loop
      vertex 29.792 20.5183 2.67393
      vertex 29.9334 20.6031 2.67393
      vertex 29.3121 21.5329 2.56379
    endloop
  endfacet
  facet normal -0.100457 0.167507 0.980739
    outer loop
      vertex 30.3115 19.5464 2.89314
      vertex 29.9334 20.6031 2.67393
      vertex 29.792 20.5183 2.67393
    endloop
  endfacet
  facet normal -0.0238434 0.0951956 0.995173
    outer loop
      vertex 29.4877 20.3923 2.67393
      vertex 29.1631 21.4624 2.56379
      vertex 29.1096 21.449 2.56379
    endloop
  endfacet
  facet normal 0.0419506 0.088721 0.995173
    outer loop
      vertex 28.3571 20.4478 2.67393
      vertex 28.785 21.4809 2.56379
      vertex 28.208 20.5183 2.67393
    endloop
  endfacet
  facet normal 0.047505 0.189448 0.980741
    outer loop
      vertex 28.4572 19.2713 2.89314
      vertex 28.5123 20.3923 2.67393
      vertex 28.1924 19.3377 2.89314
    endloop
  endfacet
  facet normal 0.0657661 0.183908 0.980741
    outer loop
      vertex 28.5123 20.3923 2.67393
      vertex 28.3571 20.4478 2.67393
      vertex 28.1924 19.3377 2.89314
    endloop
  endfacet
  facet normal 0.262686 0.124281 0.956844
    outer loop
      vertex 25.5981 20.1816 3.21932
      vertex 26.5464 20.6885 2.89314
      vertex 25.4362 20.5238 3.21932
    endloop
  endfacet
  facet normal 0.262697 0.124217 0.956849
    outer loop
      vertex 26.5464 20.6885 2.89314
      vertex 26.4297 20.9353 2.89314
      vertex 25.4362 20.5238 3.21932
    endloop
  endfacet
  facet normal 0.195089 0.00958632 0.980739
    outer loop
      vertex 26.2313 21.7273 2.89314
      vertex 27.3199 22 2.67393
      vertex 26.2179 22 2.89314
    endloop
  endfacet
  facet normal 0.13114 0.144734 0.980742
    outer loop
      vertex 27.235 19.8494 2.89314
      vertex 27.812 20.812 2.67393
      vertex 27.0327 20.0327 2.89314
    endloop
  endfacet
  facet normal 0.144744 0.131123 0.980743
    outer loop
      vertex 27.812 20.812 2.67393
      vertex 27.7013 20.9342 2.67393
      vertex 26.8494 20.235 2.89314
    endloop
  endfacet
  facet normal 0.173135 0.233406 0.956842
    outer loop
      vertex 26.8569 18.7927 3.21932
      vertex 27.235 19.8494 2.89314
      vertex 26.5529 19.0182 3.21932
    endloop
  endfacet
  facet normal 0.228215 0.307661 0.923722
    outer loop
      vertex 26.8569 18.7927 3.21932
      vertex 26.5529 19.0182 3.21932
      vertex 25.8943 18.2157 3.64932
    endloop
  endfacet
  facet normal 0.242577 0.40472 0.881679
    outer loop
      vertex 26.6923 17.6825 3.64932
      vertex 26.2802 17.9295 3.64932
      vertex 26.2251 16.8086 4.17901
    endloop
  endfacet
  facet normal 0.196926 0.328581 0.923718
    outer loop
      vertex 27.1816 18.5981 3.21932
      vertex 26.8569 18.7927 3.21932
      vertex 26.2802 17.9295 3.64932
    endloop
  endfacet
  facet normal 0.237742 0.502627 0.831171
    outer loop
      vertex 26.7473 16.5616 4.17901
      vertex 26.2251 16.8086 4.17901
      vertex 25.7847 15.9846 4.80327
    endloop
  endfacet
  facet normal 0.285857 0.47691 0.831169
    outer loop
      vertex 25.7847 15.9846 4.80327
      vertex 26.2251 16.8086 4.17901
      vertex 25.7296 17.1056 4.17901
    endloop
  endfacet
  facet normal 0.15895 0.444258 0.881686
    outer loop
      vertex 27.2912 16.367 4.17901
      vertex 27.5789 17.3153 3.64932
      vertex 26.7473 16.5616 4.17901
    endloop
  endfacet
  facet normal 0.15893 0.444276 0.88168
    outer loop
      vertex 27.5789 17.3153 3.64932
      vertex 27.1266 17.4771 3.64932
      vertex 26.7473 16.5616 4.17901
    endloop
  endfacet
  facet normal 0.0562084 0.378948 0.923709
    outer loop
      vertex 28.5202 17.1281 3.64932
      vertex 28.2475 18.2167 3.21932
      vertex 28.0449 17.1986 3.64932
    endloop
  endfacet
  facet normal 0.0561732 0.378941 0.923714
    outer loop
      vertex 28.5202 17.1281 3.64932
      vertex 28.6219 18.1612 3.21932
      vertex 28.2475 18.2167 3.21932
    endloop
  endfacet
  facet normal 0.287461 0.0426124 0.956844
    outer loop
      vertex 25.2167 21.2475 3.21932
      vertex 26.2313 21.7273 2.89314
      vertex 25.1612 21.6219 3.21932
    endloop
  endfacet
  facet normal 0.281887 0.0706252 0.956845
    outer loop
      vertex 25.3087 20.8803 3.21932
      vertex 26.3377 21.1924 2.89314
      vertex 25.2167 21.2475 3.21932
    endloop
  endfacet
  facet normal 0.0924093 0.0330458 0.995173
    outer loop
      vertex 27.4478 21.3571 2.67393
      vertex 28.4809 21.785 2.56379
      vertex 27.3923 21.5123 2.67393
    endloop
  endfacet
  facet normal 0.183902 0.065807 0.980739
    outer loop
      vertex 26.4297 20.9353 2.89314
      vertex 27.4478 21.3571 2.67393
      vertex 26.3377 21.1924 2.89314
    endloop
  endfacet
  facet normal 0.034757 0.706697 0.706662
    outer loop
      vertex 29 13.5161 6.31065
      vertex 29 14.3106 5.51611
      vertex 28.1684 13.557 6.31065
    endloop
  endfacet
  facet normal -0.034757 0.706697 0.706662
    outer loop
      vertex 29.8316 13.557 6.31065
      vertex 29 14.3106 5.51611
      vertex 29 13.5161 6.31065
    endloop
  endfacet
  facet normal 0.238365 0.666147 0.706704
    outer loop
      vertex 26.5373 13.8814 6.31065
      vertex 26.7679 14.6418 5.51611
      vertex 25.7534 14.1619 6.31065
    endloop
  endfacet
  facet normal 0.260554 0.728159 0.633953
    outer loop
      vertex 26.5373 13.8814 6.31065
      vertex 25.7534 14.1619 6.31065
      vertex 25.4806 13.5033 7.17924
    endloop
  endfacet
  facet normal -0.460745 0.621169 0.633926
    outer loop
      vertex 34.1094 14.3532 7.17924
      vertex 34.3821 15.4419 6.31065
      vertex 33.7134 14.9459 6.31065
    endloop
  endfacet
  facet normal -0.397593 0.663366 0.633928
    outer loop
      vertex 34.1094 14.3532 7.17924
      vertex 33.7134 14.9459 6.31065
      vertex 32.9993 14.5179 6.31065
    endloop
  endfacet
  facet normal -0.475141 0.524277 0.706664
    outer loop
      vertex 34.999 16.001 6.31065
      vertex 34.4372 16.5628 5.51611
      vertex 33.8781 16.0561 5.51611
    endloop
  endfacet
  facet normal -0.475145 0.524266 0.70667
    outer loop
      vertex 34.3821 15.4419 6.31065
      vertex 34.999 16.001 6.31065
      vertex 33.8781 16.0561 5.51611
    endloop
  endfacet
  facet normal -0.663366 0.397593 0.633928
    outer loop
      vertex 36.6468 16.8906 7.17924
      vertex 36.4821 18.0007 6.31065
      vertex 36.0541 17.2866 6.31065
    endloop
  endfacet
  facet normal -0.621169 0.460745 0.633926
    outer loop
      vertex 36.6468 16.8906 7.17924
      vertex 36.0541 17.2866 6.31065
      vertex 35.5581 16.6179 6.31065
    endloop
  endfacet
  facet normal -0.699882 0.103801 0.706676
    outer loop
      vertex 37.443 21.1684 6.31065
      vertex 36.6523 21.2463 5.51611
      vertex 36.5416 20.4999 5.51611
    endloop
  endfacet
  facet normal -0.634083 0.031212 0.772635
    outer loop
      vertex 36.6523 21.2463 5.51611
      vertex 36.6894 22 5.51611
      vertex 35.8208 22 4.80327
    endloop
  endfacet
  facet normal 0.822763 0.122014 0.555133
    outer loop
      vertex 19.98 20.2058 7.17924
      vertex 19.8476 21.0986 7.17924
      vertex 19.2263 21.0374 8.11352
    endloop
  endfacet
  facet normal 0.822767 0.122026 0.555126
    outer loop
      vertex 19.3677 20.084 8.11352
      vertex 19.98 20.2058 7.17924
      vertex 19.2263 21.0374 8.11352
    endloop
  endfacet
  facet normal 0.544528 0.326375 0.772637
    outer loop
      vertex 23.3287 18.2106 4.80327
      vertex 22.9846 18.7847 4.80327
      vertex 22.6065 17.728 5.51611
    endloop
  endfacet
  facet normal 0.476911 0.285848 0.831172
    outer loop
      vertex 23.3287 18.2106 4.80327
      vertex 24.1056 18.7296 4.17901
      vertex 22.9846 18.7847 4.80327
    endloop
  endfacet
  facet normal 0.706697 0.034757 0.706662
    outer loop
      vertex 20.557 21.1684 6.31065
      vertex 21.3106 22 5.51611
      vertex 20.5161 22 6.31065
    endloop
  endfacet
  facet normal -0.088721 0.0419506 0.995173
    outer loop
      vertex 30.4817 21.208 2.67393
      vertex 30.5522 21.3571 2.67393
      vertex 29.5191 21.785 2.56379
    endloop
  endfacet
  facet normal -0.195089 0.00958632 0.980739
    outer loop
      vertex 31.7687 21.7273 2.89314
      vertex 31.7821 22 2.89314
      vertex 30.6801 22 2.67393
    endloop
  endfacet
  facet normal -0.193208 0.0286673 0.980739
    outer loop
      vertex 31.7687 21.7273 2.89314
      vertex 30.672 21.8353 2.67393
      vertex 30.6478 21.6722 2.67393
    endloop
  endfacet
  facet normal -0.098016 0.00480296 0.995173
    outer loop
      vertex 30.672 21.8353 2.67393
      vertex 29.5618 22 2.56379
      vertex 29.5591 21.9449 2.56379
    endloop
  endfacet
  facet normal -0.0144261 0.0970648 0.995174
    outer loop
      vertex 29.3278 20.3522 2.67393
      vertex 29.1096 21.449 2.56379
      vertex 29.0551 21.4409 2.56379
    endloop
  endfacet
  facet normal -0.0475099 0.189447 0.980741
    outer loop
      vertex 29.5428 19.2713 2.89314
      vertex 29.4877 20.3923 2.67393
      vertex 29.3278 20.3522 2.67393
    endloop
  endfacet
  facet normal -0.0425736 0.287478 0.956841
    outer loop
      vertex 29.7525 18.2167 3.21932
      vertex 29.5428 19.2713 2.89314
      vertex 29.2727 19.2313 2.89314
    endloop
  endfacet
  facet normal -0.0788202 0.0584603 0.995173
    outer loop
      vertex 30.2987 20.9342 2.67393
      vertex 30.3969 21.0666 2.67393
      vertex 29.4671 21.6879 2.56379
    endloop
  endfacet
  facet normal -0.183902 0.065807 0.980739
    outer loop
      vertex 31.5703 20.9353 2.89314
      vertex 31.6623 21.1924 2.89314
      vertex 30.5522 21.3571 2.67393
    endloop
  endfacet
  facet normal -0.360709 0.129005 0.923714
    outer loop
      vertex 33.5229 20.1266 3.64932
      vertex 32.6913 20.8803 3.21932
      vertex 32.5638 20.5238 3.21932
    endloop
  endfacet
  facet normal -0.249307 0.14935 0.956839
    outer loop
      vertex 32.2073 19.8569 3.21932
      vertex 31.4536 20.6885 2.89314
      vertex 31.3133 20.4543 2.89314
    endloop
  endfacet
  facet normal -0.16754 0.100367 0.980743
    outer loop
      vertex 31.3133 20.4543 2.89314
      vertex 31.4536 20.6885 2.89314
      vertex 30.3969 21.0666 2.67393
    endloop
  endfacet
  facet normal -0.173159 0.233397 0.95684
    outer loop
      vertex 31.1431 18.7927 3.21932
      vertex 30.765 19.8494 2.89314
      vertex 30.5457 19.6867 2.89314
    endloop
  endfacet
  facet normal -0.14935 0.249307 0.956839
    outer loop
      vertex 31.1431 18.7927 3.21932
      vertex 30.5457 19.6867 2.89314
      vertex 30.3115 19.5464 2.89314
    endloop
  endfacet
  facet normal -0.124281 0.262686 0.956844
    outer loop
      vertex 30.4762 18.4362 3.21932
      vertex 30.8184 18.5981 3.21932
      vertex 30.3115 19.5464 2.89314
    endloop
  endfacet
  facet normal -0.163824 0.346266 0.923722
    outer loop
      vertex 31.3077 17.6825 3.64932
      vertex 30.8184 18.5981 3.21932
      vertex 30.4762 18.4362 3.21932
    endloop
  endfacet
  facet normal -0.070685 0.281888 0.95684
    outer loop
      vertex 29.7525 18.2167 3.21932
      vertex 29.8076 19.3377 2.89314
      vertex 29.5428 19.2713 2.89314
    endloop
  endfacet
  facet normal -0.0706252 0.281887 0.956845
    outer loop
      vertex 30.1197 18.3087 3.21932
      vertex 29.8076 19.3377 2.89314
      vertex 29.7525 18.2167 3.21932
    endloop
  endfacet
  facet normal -0.065807 0.183902 0.980739
    outer loop
      vertex 29.8076 19.3377 2.89314
      vertex 30.0647 19.4297 2.89314
      vertex 29.6429 20.4478 2.67393
    endloop
  endfacet
  facet normal -0.0834936 0.176574 0.98074
    outer loop
      vertex 30.0647 19.4297 2.89314
      vertex 30.3115 19.5464 2.89314
      vertex 29.6429 20.4478 2.67393
    endloop
  endfacet
  facet normal -0.283847 0.257233 0.923722
    outer loop
      vertex 32.7843 18.8943 3.64932
      vertex 31.9818 19.5529 3.21932
      vertex 31.7276 19.2724 3.21932
    endloop
  endfacet
  facet normal -0.21534 0.19515 0.956841
    outer loop
      vertex 31.7276 19.2724 3.21932
      vertex 31.9818 19.5529 3.21932
      vertex 31.1506 20.235 2.89314
    endloop
  endfacet
  facet normal -0.13114 0.144734 0.980742
    outer loop
      vertex 30.765 19.8494 2.89314
      vertex 30.9673 20.0327 2.89314
      vertex 30.188 20.812 2.67393
    endloop
  endfacet
  facet normal -0.144734 0.13114 0.980742
    outer loop
      vertex 30.9673 20.0327 2.89314
      vertex 31.1506 20.235 2.89314
      vertex 30.188 20.812 2.67393
    endloop
  endfacet
  facet normal 0.00482033 0.0980134 0.995173
    outer loop
      vertex 29 20.3199 2.67393
      vertex 29 21.4382 2.56379
      vertex 28.8353 20.328 2.67393
    endloop
  endfacet
  facet normal -0.285848 0.476911 0.831172
    outer loop
      vertex 32.7894 16.3287 4.80327
      vertex 32.2704 17.1056 4.17901
      vertex 32.2153 15.9846 4.80327
    endloop
  endfacet
  facet normal -0.242577 0.40472 0.881679
    outer loop
      vertex 31.7749 16.8086 4.17901
      vertex 31.7198 17.9295 3.64932
      vertex 31.3077 17.6825 3.64932
    endloop
  endfacet
  facet normal -0.0930632 0.371615 0.923711
    outer loop
      vertex 29.9551 17.1986 3.64932
      vertex 30.4211 17.3153 3.64932
      vertex 29.7525 18.2167 3.21932
    endloop
  endfacet
  facet normal -0.0931 0.37159 0.923717
    outer loop
      vertex 30.4211 17.3153 3.64932
      vertex 30.1197 18.3087 3.21932
      vertex 29.7525 18.2167 3.21932
    endloop
  endfacet
  facet normal -0.426543 0.201755 0.881678
    outer loop
      vertex 34.1914 19.2251 4.17901
      vertex 34.4384 19.7473 4.17901
      vertex 33.3175 19.6923 3.64932
    endloop
  endfacet
  facet normal -0.426544 0.201732 0.881682
    outer loop
      vertex 34.4384 19.7473 4.17901
      vertex 33.5229 20.1266 3.64932
      vertex 33.3175 19.6923 3.64932
    endloop
  endfacet
  facet normal -0.135643 0.914042 -0.382268
    outer loop
      vertex 31.0193 11.8482 18.8955
      vertex 31.1032 11.4265 17.8574
      vertex 30.0567 11.2712 17.8574
    endloop
  endfacet
  facet normal -0.224522 0.89636 -0.382268
    outer loop
      vertex 32.0046 12.095 18.8955
      vertex 31.1032 11.4265 17.8574
      vertex 31.0193 11.8482 18.8955
    endloop
  endfacet
  facet normal 0.0475078 0.189439 -0.980743
    outer loop
      vertex 28.5123 20.3923 25.3261
      vertex 28.6722 20.3522 25.3261
      vertex 28.4572 19.2713 25.1069
    endloop
  endfacet
  facet normal 0.0658626 0.0727047 -0.995176
    outer loop
      vertex 28.6436 21.5657 25.4362
      vertex 27.9342 20.7013 25.3261
      vertex 27.812 20.812 25.3261
    endloop
  endfacet
  facet normal -0.0886891 0.0419355 -0.995176
    outer loop
      vertex 30.5522 21.3571 25.3261
      vertex 30.4817 21.208 25.3261
      vertex 29.5191 21.785 25.4362
    endloop
  endfacet
  facet normal -0.262701 0.124288 -0.956839
    outer loop
      vertex 32.5638 20.5238 24.7807
      vertex 32.4019 20.1816 24.7807
      vertex 31.4536 20.6885 25.1069
    endloop
  endfacet
  facet normal -0.262712 0.124224 -0.956844
    outer loop
      vertex 31.5703 20.9353 25.1069
      vertex 32.5638 20.5238 24.7807
      vertex 31.4536 20.6885 25.1069
    endloop
  endfacet
  facet normal -0.555351 0.0273344 0.831167
    outer loop
      vertex 35.8208 22 4.80327
      vertex 34.8865 22 4.17901
      vertex 34.8581 21.423 4.17901
    endloop
  endfacet
  facet normal -0.471263 0.0231956 0.881688
    outer loop
      vertex 34.8581 21.423 4.17901
      vertex 34.8865 22 4.17901
      vertex 33.8955 22 3.64932
    endloop
  endfacet
  facet normal -0.382618 0.0188223 0.923715
    outer loop
      vertex 33.8719 21.5202 3.64932
      vertex 32.8574 22 3.21932
      vertex 32.8388 21.6219 3.21932
    endloop
  endfacet
  facet normal -0.382619 0.01882 0.923714
    outer loop
      vertex 33.8719 21.5202 3.64932
      vertex 33.8955 22 3.64932
      vertex 32.8574 22 3.21932
    endloop
  endfacet
  facet normal -0.0238348 0.0951613 -0.995176
    outer loop
      vertex 29.1631 21.4624 25.4362
      vertex 29.4877 20.3923 25.3261
      vertex 29.1096 21.449 25.4362
    endloop
  endfacet
  facet normal 0.0727547 0.0658172 -0.995176
    outer loop
      vertex 28.5657 21.6436 25.4362
      vertex 28.6027 21.6027 25.4362
      vertex 27.812 20.812 25.3261
    endloop
  endfacet
  facet normal -0.0788467 0.0583786 -0.995176
    outer loop
      vertex 29.4671 21.6879 25.4362
      vertex 30.2987 20.9342 25.3261
      vertex 29.4343 21.6436 25.4362
    endloop
  endfacet
  facet normal 0.00959401 0.195078 -0.980741
    outer loop
      vertex 28.8353 20.328 25.3261
      vertex 29 20.3199 25.3261
      vertex 28.7273 19.2313 25.1069
    endloop
  endfacet
  facet normal 0.0095859 0.19508 -0.98074
    outer loop
      vertex 29 20.3199 25.3261
      vertex 29 19.2179 25.1069
      vertex 28.7273 19.2313 25.1069
    endloop
  endfacet
  facet normal 0.0692301 0.466739 -0.881682
    outer loop
      vertex 28.5202 17.1281 24.3507
      vertex 28.423 16.1419 23.821
      vertex 28.0449 17.1986 24.3507
    endloop
  endfacet
  facet normal 0.0562084 0.378948 -0.923709
    outer loop
      vertex 28.2475 18.2167 24.7807
      vertex 28.5202 17.1281 24.3507
      vertex 28.0449 17.1986 24.3507
    endloop
  endfacet
  facet normal 0.0657633 0.1839 -0.980743
    outer loop
      vertex 28.3571 20.4478 25.3261
      vertex 28.5123 20.3923 25.3261
      vertex 28.1924 19.3377 25.1069
    endloop
  endfacet
  facet normal 0.0706889 0.281904 -0.956835
    outer loop
      vertex 28.4572 19.2713 25.1069
      vertex 28.2475 18.2167 24.7807
      vertex 28.1924 19.3377 25.1069
    endloop
  endfacet
  facet normal 0.0886453 0.0420086 -0.995177
    outer loop
      vertex 28.4809 21.785 25.4362
      vertex 28.5045 21.7352 25.4362
      vertex 27.5183 21.208 25.3261
    endloop
  endfacet
  facet normal -0.0658626 0.0727047 -0.995176
    outer loop
      vertex 30.188 20.812 25.3261
      vertex 30.0658 20.7013 25.3261
      vertex 29.3564 21.5657 25.4362
    endloop
  endfacet
  facet normal -0.0143977 0.0970357 -0.995177
    outer loop
      vertex 29.3278 20.3522 25.3261
      vertex 29.1647 20.328 25.3261
      vertex 29.0551 21.4409 25.4362
    endloop
  endfacet
  facet normal 0.0951613 0.0238348 -0.995176
    outer loop
      vertex 28.449 21.8904 25.4362
      vertex 28.4624 21.8369 25.4362
      vertex 27.3923 21.5123 25.3261
    endloop
  endfacet
  facet normal -0.042576 0.287494 -0.956836
    outer loop
      vertex 29.5428 19.2713 25.1069
      vertex 29.7525 18.2167 24.7807
      vertex 29.2727 19.2313 25.1069
    endloop
  endfacet
  facet normal -0.0706889 0.281904 -0.956835
    outer loop
      vertex 29.8076 19.3377 25.1069
      vertex 29.7525 18.2167 24.7807
      vertex 29.5428 19.2713 25.1069
    endloop
  endfacet
  facet normal -0.08349 0.176567 -0.980741
    outer loop
      vertex 30.3115 19.5464 25.1069
      vertex 30.0647 19.4297 25.1069
      vertex 29.6429 20.4478 25.3261
    endloop
  endfacet
  facet normal -0.0658041 0.183894 -0.980741
    outer loop
      vertex 30.0647 19.4297 25.1069
      vertex 29.8076 19.3377 25.1069
      vertex 29.6429 20.4478 25.3261
    endloop
  endfacet
  facet normal -0.0583786 0.0788467 -0.995176
    outer loop
      vertex 29.3564 21.5657 25.4362
      vertex 30.0658 20.7013 25.3261
      vertex 29.3121 21.5329 25.4362
    endloop
  endfacet
  facet normal 0.00480123 0.0979807 -0.995177
    outer loop
      vertex 28.9449 21.4409 25.4362
      vertex 29 21.4382 25.4362
      vertex 28.8353 20.328 25.3261
    endloop
  endfacet
  facet normal -0.0841282 0.0504531 -0.995177
    outer loop
      vertex 30.4817 21.208 25.3261
      vertex 30.3969 21.0666 25.3261
      vertex 29.4671 21.6879 25.4362
    endloop
  endfacet
  facet normal -0.0787918 0.0584393 -0.995177
    outer loop
      vertex 30.3969 21.0666 25.3261
      vertex 30.2987 20.9342 25.3261
      vertex 29.4671 21.6879 25.4362
    endloop
  endfacet
  facet normal -0.176568 0.0834879 -0.980741
    outer loop
      vertex 30.5522 21.3571 25.3261
      vertex 31.4536 20.6885 25.1069
      vertex 30.4817 21.208 25.3261
    endloop
  endfacet
  facet normal -0.176567 0.08349 -0.980741
    outer loop
      vertex 31.5703 20.9353 25.1069
      vertex 31.4536 20.6885 25.1069
      vertex 30.5522 21.3571 25.3261
    endloop
  endfacet
  facet normal -0.0970357 0.0143977 -0.995177
    outer loop
      vertex 30.672 21.8353 25.3261
      vertex 30.6478 21.6722 25.3261
      vertex 29.5591 21.9449 25.4362
    endloop
  endfacet
  facet normal -0.0979807 0.00480123 -0.995177
    outer loop
      vertex 29.5618 22 25.4362
      vertex 30.672 21.8353 25.3261
      vertex 29.5591 21.9449 25.4362
    endloop
  endfacet
  facet normal -0.173168 0.23341 -0.956835
    outer loop
      vertex 30.765 19.8494 25.1069
      vertex 31.1431 18.7927 24.7807
      vertex 30.5457 19.6867 25.1069
    endloop
  endfacet
  facet normal -0.116362 0.156843 -0.980745
    outer loop
      vertex 30.765 19.8494 25.1069
      vertex 30.5457 19.6867 25.1069
      vertex 29.9334 20.6031 25.3261
    endloop
  endfacet
  facet normal -0.215352 0.195161 -0.956836
    outer loop
      vertex 31.9818 19.5529 24.7807
      vertex 31.7276 19.2724 24.7807
      vertex 31.1506 20.235 25.1069
    endloop
  endfacet
  facet normal -0.195147 0.215375 -0.956834
    outer loop
      vertex 30.9673 20.0327 25.1069
      vertex 31.7276 19.2724 24.7807
      vertex 30.765 19.8494 25.1069
    endloop
  endfacet
  facet normal -0.1675 0.100453 -0.980741
    outer loop
      vertex 30.4817 21.208 25.3261
      vertex 31.4536 20.6885 25.1069
      vertex 30.3969 21.0666 25.3261
    endloop
  endfacet
  facet normal -0.233419 0.173145 -0.956837
    outer loop
      vertex 32.2073 19.8569 24.7807
      vertex 31.9818 19.5529 24.7807
      vertex 31.1506 20.235 25.1069
    endloop
  endfacet
  facet normal 0.249321 0.149358 -0.956834
    outer loop
      vertex 26.5464 20.6885 25.1069
      vertex 26.6867 20.4543 25.1069
      vertex 25.7927 19.8569 24.7807
    endloop
  endfacet
  facet normal 0.23341 0.173168 -0.956835
    outer loop
      vertex 26.6867 20.4543 25.1069
      vertex 26.8494 20.235 25.1069
      vertex 25.7927 19.8569 24.7807
    endloop
  endfacet
  facet normal -0.446649 0.331248 -0.831131
    outer loop
      vertex 34.6712 18.2106 23.1967
      vertex 34.2725 17.673 23.1967
      vertex 33.8944 18.7296 23.821
    endloop
  endfacet
  facet normal -0.446606 0.331272 -0.831145
    outer loop
      vertex 33.8944 18.7296 23.821
      vertex 34.2725 17.673 23.1967
      vertex 33.5503 18.2657 23.821
    endloop
  endfacet
  facet normal -0.331284 0.446585 -0.831152
    outer loop
      vertex 33.327 16.7275 23.1967
      vertex 32.7894 16.3287 23.1967
      vertex 32.2704 17.1056 23.821
    endloop
  endfacet
  facet normal -0.373367 0.41206 -0.831146
    outer loop
      vertex 33.1624 17.8376 23.821
      vertex 33.327 16.7275 23.1967
      vertex 32.7343 17.4497 23.821
    endloop
  endfacet
  facet normal -0.158952 0.444265 -0.881682
    outer loop
      vertex 31.2527 16.5616 23.821
      vertex 30.7088 16.367 23.821
      vertex 30.4211 17.3153 24.3507
    endloop
  endfacet
  facet normal -0.201757 0.42655 -0.881674
    outer loop
      vertex 31.3077 17.6825 24.3507
      vertex 31.7749 16.8086 23.821
      vertex 31.2527 16.5616 23.821
    endloop
  endfacet
  facet normal 0.0504531 0.0841282 -0.995177
    outer loop
      vertex 28.6879 21.5329 25.4362
      vertex 28.208 20.5183 25.3261
      vertex 28.0666 20.6031 25.3261
    endloop
  endfacet
  facet normal 0.195161 0.215352 -0.956836
    outer loop
      vertex 27.235 19.8494 25.1069
      vertex 26.5529 19.0182 24.7807
      vertex 26.2724 19.2724 24.7807
    endloop
  endfacet
  facet normal 0.173145 0.233419 -0.956837
    outer loop
      vertex 27.235 19.8494 25.1069
      vertex 26.8569 18.7927 24.7807
      vertex 26.5529 19.0182 24.7807
    endloop
  endfacet
  facet normal 0.28587 0.476931 -0.831153
    outer loop
      vertex 26.2251 16.8086 23.821
      vertex 25.7847 15.9846 23.1967
      vertex 25.7296 17.1056 23.821
    endloop
  endfacet
  facet normal 0.24259 0.404725 -0.881674
    outer loop
      vertex 26.2802 17.9295 24.3507
      vertex 26.2251 16.8086 23.821
      vertex 25.7296 17.1056 23.821
    endloop
  endfacet
  facet normal 0.30769 0.228196 -0.923717
    outer loop
      vertex 25.7927 19.8569 24.7807
      vertex 25.2157 18.8943 24.3507
      vertex 24.9295 19.2802 24.3507
    endloop
  endfacet
  facet normal 0.379013 0.281092 -0.881667
    outer loop
      vertex 24.9295 19.2802 24.3507
      vertex 25.2157 18.8943 24.3507
      vertex 24.4497 18.2657 23.821
    endloop
  endfacet
  facet normal 0.37822 0.509857 -0.772654
    outer loop
      vertex 25.2106 16.3287 23.1967
      vertex 24.728 15.6065 22.4839
      vertex 24.673 16.7275 23.1967
    endloop
  endfacet
  facet normal 0.37821 0.509859 -0.772658
    outer loop
      vertex 24.673 16.7275 23.1967
      vertex 24.728 15.6065 22.4839
      vertex 24.1219 16.0561 22.4839
    endloop
  endfacet
  facet normal 0.668061 0.495544 -0.555094
    outer loop
      vertex 21.8908 16.1657 20.8208
      vertex 21.4083 15.7696 19.8865
      vertex 20.8341 16.5437 19.8865
    endloop
  endfacet
  facet normal 0.75663 0.453527 -0.470982
    outer loop
      vertex 20.3387 17.3704 19.8865
      vertex 20.3937 16.2495 18.8955
      vertex 19.8715 17.1207 18.8955
    endloop
  endfacet
  facet normal 0.668079 0.49546 -0.555148
    outer loop
      vertex 21.3532 16.8906 20.8208
      vertex 21.8908 16.1657 20.8208
      vertex 20.8341 16.5437 19.8865
    endloop
  endfacet
  facet normal 0.708559 0.525492 -0.470959
    outer loop
      vertex 21.4083 15.7696 19.8865
      vertex 20.9988 15.4336 18.8955
      vertex 20.3937 16.2495 18.8955
    endloop
  endfacet
  facet normal 0.806853 0.202105 -0.555106
    outer loop
      vertex 19.98 20.2058 20.8208
      vertex 20.1993 19.3303 20.8208
      vertex 19.6019 19.1491 19.8865
    endloop
  endfacet
  facet normal 0.783166 0.280196 -0.555105
    outer loop
      vertex 20.1993 19.3303 20.8208
      vertex 20.5033 18.4806 20.8208
      vertex 19.6019 19.1491 19.8865
    endloop
  endfacet
  facet normal 0.830586 0.297184 -0.470966
    outer loop
      vertex 19.9266 18.2417 19.8865
      vertex 19.4372 18.039 18.8955
      vertex 19.095 18.9954 18.8955
    endloop
  endfacet
  facet normal 0.797463 0.377152 -0.470966
    outer loop
      vertex 19.9266 18.2417 19.8865
      vertex 19.8715 17.1207 18.8955
      vertex 19.4372 18.039 18.8955
    endloop
  endfacet
  facet normal 0.663343 0.397612 -0.633941
    outer loop
      vertex 21.5179 18.0007 21.6894
      vertex 21.3532 16.8906 20.8208
      vertex 20.8892 17.6647 20.8208
    endloop
  endfacet
  facet normal 0.699127 0.330662 -0.633944
    outer loop
      vertex 21.1619 18.7534 21.6894
      vertex 21.5179 18.0007 21.6894
      vertex 20.8892 17.6647 20.8208
    endloop
  endfacet
  facet normal 0.52557 0.70854 -0.470902
    outer loop
      vertex 23.5437 13.8341 19.8865
      vertex 23.2495 13.3937 18.8955
      vertex 22.7696 14.4083 19.8865
    endloop
  endfacet
  facet normal 0.558581 0.616321 -0.555099
    outer loop
      vertex 23.1657 14.8908 20.8208
      vertex 22.7696 14.4083 19.8865
      vertex 22.0555 15.0555 19.8865
    endloop
  endfacet
  facet normal 0.951445 0.238266 0.194888
    outer loop
      vertex 18.1616 18.7122 12.3199
      vertex 18.3714 18.7758 11.2179
      vertex 18.1066 19.8332 11.2179
    endloop
  endfacet
  facet normal 0.928376 0.232489 0.289941
    outer loop
      vertex 18.3714 18.7758 11.2179
      vertex 18.4265 19.8968 10.1426
      vertex 18.1066 19.8332 11.2179
    endloop
  endfacet
  facet normal 0.820864 0.492044 0.289956
    outer loop
      vertex 19.765 15.8294 11.2179
      vertex 19.4923 16.918 10.1426
      vertex 19.2046 16.7643 11.2179
    endloop
  endfacet
  facet normal 0.841266 0.504274 0.194881
    outer loop
      vertex 19.765 15.8294 11.2179
      vertex 19.2046 16.7643 11.2179
      vertex 19.0113 16.6609 12.3199
    endloop
  endfacet
  facet normal -0.187323 0.523506 0.831175
    outer loop
      vertex 30.98 15.4729 4.80327
      vertex 31.6102 15.6984 4.80327
      vertex 30.7088 16.367 4.17901
    endloop
  endfacet
  facet normal -0.135068 0.539357 0.831175
    outer loop
      vertex 30.98 15.4729 4.80327
      vertex 30.7088 16.367 4.17901
      vertex 30.3307 15.3103 4.80327
    endloop
  endfacet
  facet normal 0.122026 0.822772 -0.555117
    outer loop
      vertex 27.2058 12.98 20.8208
      vertex 28.0374 12.2263 19.8865
      vertex 27.084 12.3677 19.8865
    endloop
  endfacet
  facet normal 0.20212 0.80684 -0.555118
    outer loop
      vertex 27.2058 12.98 20.8208
      vertex 27.084 12.3677 19.8865
      vertex 26.1491 12.6019 19.8865
    endloop
  endfacet
  facet normal -0.176576 0.0834916 0.98074
    outer loop
      vertex 31.4536 20.6885 2.89314
      vertex 30.5522 21.3571 2.67393
      vertex 30.4817 21.208 2.67393
    endloop
  endfacet
  facet normal -0.167507 0.100457 0.980739
    outer loop
      vertex 31.4536 20.6885 2.89314
      vertex 30.4817 21.208 2.67393
      vertex 30.3969 21.0666 2.67393
    endloop
  endfacet
  facet normal 0.098016 0.00480296 0.995173
    outer loop
      vertex 28.4409 21.9449 2.56379
      vertex 28.4382 22 2.56379
      vertex 27.328 21.8353 2.67393
    endloop
  endfacet
  facet normal -0.0834916 0.176576 0.98074
    outer loop
      vertex 30.3115 19.5464 2.89314
      vertex 29.792 20.5183 2.67393
      vertex 29.6429 20.4478 2.67393
    endloop
  endfacet
  facet normal 0.00480296 0.098016 0.995173
    outer loop
      vertex 29 21.4382 2.56379
      vertex 28.9449 21.4409 2.56379
      vertex 28.8353 20.328 2.67393
    endloop
  endfacet
  facet normal 0.189448 0.047505 0.980741
    outer loop
      vertex 26.3377 21.1924 2.89314
      vertex 27.3923 21.5123 2.67393
      vertex 26.2713 21.4572 2.89314
    endloop
  endfacet
  facet normal 0.281888 0.070685 0.95684
    outer loop
      vertex 26.3377 21.1924 2.89314
      vertex 26.2713 21.4572 2.89314
      vertex 25.2167 21.2475 3.21932
    endloop
  endfacet
  facet normal 0.0505175 0.0841366 0.995173
    outer loop
      vertex 28.7352 21.5045 2.56379
      vertex 28.6879 21.5329 2.56379
      vertex 28.208 20.5183 2.67393
    endloop
  endfacet
  facet normal 0.0727309 0.0658863 0.995173
    outer loop
      vertex 27.812 20.812 2.67393
      vertex 28.5657 21.6436 2.56379
      vertex 27.7013 20.9342 2.67393
    endloop
  endfacet
  facet normal 0.00959443 0.195087 0.980739
    outer loop
      vertex 29 20.3199 2.67393
      vertex 28.8353 20.328 2.67393
      vertex 28.7273 19.2313 2.89314
    endloop
  endfacet
  facet normal -0.0420238 0.0886772 0.995174
    outer loop
      vertex 29.792 20.5183 2.67393
      vertex 29.2648 21.5045 2.56379
      vertex 29.215 21.4809 2.56379
    endloop
  endfacet
  facet normal -0.0951858 0.0238709 0.995173
    outer loop
      vertex 30.6077 21.5123 2.67393
      vertex 30.6478 21.6722 2.67393
      vertex 29.551 21.8904 2.56379
    endloop
  endfacet
  facet normal 0.0924337 0.0329484 0.995174
    outer loop
      vertex 28.4809 21.785 2.56379
      vertex 28.4624 21.8369 2.56379
      vertex 27.3923 21.5123 2.67393
    endloop
  endfacet
  facet normal 0.0980134 0.00482033 0.995173
    outer loop
      vertex 27.328 21.8353 2.67393
      vertex 28.4382 22 2.56379
      vertex 27.3199 22 2.67393
    endloop
  endfacet
  facet normal -0.0886772 0.0420238 0.995174
    outer loop
      vertex 30.4817 21.208 2.67393
      vertex 29.5191 21.785 2.56379
      vertex 29.4955 21.7352 2.56379
    endloop
  endfacet
  facet normal 0.215363 0.195136 0.956839
    outer loop
      vertex 27.0327 20.0327 2.89314
      vertex 26.8494 20.235 2.89314
      vertex 26.2724 19.2724 3.21932
    endloop
  endfacet
  facet normal 0.144734 0.13114 0.980742
    outer loop
      vertex 27.0327 20.0327 2.89314
      vertex 27.812 20.812 2.67393
      vertex 26.8494 20.235 2.89314
    endloop
  endfacet
  facet normal 0.242586 0.404719 0.881677
    outer loop
      vertex 26.2251 16.8086 4.17901
      vertex 26.2802 17.9295 3.64932
      vertex 25.7296 17.1056 4.17901
    endloop
  endfacet
  facet normal 0.201755 0.426543 0.881678
    outer loop
      vertex 26.7473 16.5616 4.17901
      vertex 26.6923 17.6825 3.64932
      vertex 26.2251 16.8086 4.17901
    endloop
  endfacet
  facet normal 0.129005 0.360709 0.923714
    outer loop
      vertex 27.8803 18.3087 3.21932
      vertex 27.5238 18.4362 3.21932
      vertex 27.1266 17.4771 3.64932
    endloop
  endfacet
  facet normal 0.0978568 0.273615 0.956848
    outer loop
      vertex 27.8803 18.3087 3.21932
      vertex 27.9353 19.4297 2.89314
      vertex 27.5238 18.4362 3.21932
    endloop
  endfacet
  facet normal 0.187323 0.523506 0.831175
    outer loop
      vertex 27.02 15.4729 4.80327
      vertex 27.2912 16.367 4.17901
      vertex 26.3898 15.6984 4.80327
    endloop
  endfacet
  facet normal 0.187308 0.52352 0.831169
    outer loop
      vertex 27.2912 16.367 4.17901
      vertex 26.7473 16.5616 4.17901
      vertex 26.3898 15.6984 4.80327
    endloop
  endfacet
  facet normal 0.114618 0.457685 0.881696
    outer loop
      vertex 27.8516 16.2266 4.17901
      vertex 28.0449 17.1986 3.64932
      vertex 27.5789 17.3153 3.64932
    endloop
  endfacet
  facet normal 0.069183 0.46672 0.881695
    outer loop
      vertex 28.423 16.1419 4.17901
      vertex 28.0449 17.1986 3.64932
      vertex 27.8516 16.2266 4.17901
    endloop
  endfacet
  facet normal 0.287478 0.0425736 0.956841
    outer loop
      vertex 26.2713 21.4572 2.89314
      vertex 26.2313 21.7273 2.89314
      vertex 25.2167 21.2475 3.21932
    endloop
  endfacet
  facet normal 0.193206 0.0286125 0.980741
    outer loop
      vertex 26.2713 21.4572 2.89314
      vertex 27.3522 21.6722 2.67393
      vertex 26.2313 21.7273 2.89314
    endloop
  endfacet
  facet normal 0.772467 0.0379917 0.633918
    outer loop
      vertex 20.557 21.1684 6.31065
      vertex 20.5161 22 6.31065
      vertex 19.8033 22 7.17924
    endloop
  endfacet
  facet normal -0.0924337 0.0329484 0.995174
    outer loop
      vertex 30.6077 21.5123 2.67393
      vertex 29.5376 21.8369 2.56379
      vertex 29.5191 21.785 2.56379
    endloop
  endfacet
  facet normal 0.0420238 0.0886772 0.995174
    outer loop
      vertex 28.785 21.4809 2.56379
      vertex 28.7352 21.5045 2.56379
      vertex 28.208 20.5183 2.67393
    endloop
  endfacet
  facet normal -0.189448 0.047505 0.980741
    outer loop
      vertex 31.6623 21.1924 2.89314
      vertex 31.7287 21.4572 2.89314
      vertex 30.6077 21.5123 2.67393
    endloop
  endfacet
  facet normal -0.189447 0.0475099 0.980741
    outer loop
      vertex 31.7287 21.4572 2.89314
      vertex 30.6478 21.6722 2.67393
      vertex 30.6077 21.5123 2.67393
    endloop
  endfacet
  facet normal -0.0727309 0.0658863 0.995173
    outer loop
      vertex 30.188 20.812 2.67393
      vertex 30.2987 20.9342 2.67393
      vertex 29.4343 21.6436 2.56379
    endloop
  endfacet
  facet normal 0.0951858 0.0238709 0.995173
    outer loop
      vertex 27.3923 21.5123 2.67393
      vertex 28.449 21.8904 2.56379
      vertex 27.3522 21.6722 2.67393
    endloop
  endfacet
  facet normal -0.047505 0.189448 0.980741
    outer loop
      vertex 29.5428 19.2713 2.89314
      vertex 29.8076 19.3377 2.89314
      vertex 29.4877 20.3923 2.67393
    endloop
  endfacet
  facet normal -0.0238709 0.0951858 0.995173
    outer loop
      vertex 29.3278 20.3522 2.67393
      vertex 29.4877 20.3923 2.67393
      vertex 29.1096 21.449 2.56379
    endloop
  endfacet
  facet normal -0.00958632 0.195089 0.980739
    outer loop
      vertex 29.2727 19.2313 2.89314
      vertex 29 20.3199 2.67393
      vertex 29 19.2179 2.89314
    endloop
  endfacet
  facet normal -0.00959443 0.195087 0.980739
    outer loop
      vertex 29.2727 19.2313 2.89314
      vertex 29.1647 20.328 2.67393
      vertex 29 20.3199 2.67393
    endloop
  endfacet
  facet normal -0.273611 0.0979084 0.956844
    outer loop
      vertex 32.6913 20.8803 3.21932
      vertex 31.6623 21.1924 2.89314
      vertex 31.5703 20.9353 2.89314
    endloop
  endfacet
  facet normal -0.273615 0.0978568 0.956848
    outer loop
      vertex 32.5638 20.5238 3.21932
      vertex 32.6913 20.8803 3.21932
      vertex 31.5703 20.9353 2.89314
    endloop
  endfacet
  facet normal -0.0978568 0.273615 0.956848
    outer loop
      vertex 30.1197 18.3087 3.21932
      vertex 30.4762 18.4362 3.21932
      vertex 30.0647 19.4297 2.89314
    endloop
  endfacet
  facet normal -0.124217 0.262697 0.956849
    outer loop
      vertex 30.4762 18.4362 3.21932
      vertex 30.3115 19.5464 2.89314
      vertex 30.0647 19.4297 2.89314
    endloop
  endfacet
  facet normal -0.331257 0.446586 0.831161
    outer loop
      vertex 33.327 16.7275 4.80327
      vertex 32.7343 17.4497 4.17901
      vertex 32.2704 17.1056 4.17901
    endloop
  endfacet
  facet normal -0.331269 0.446565 0.831168
    outer loop
      vertex 32.7894 16.3287 4.80327
      vertex 33.327 16.7275 4.80327
      vertex 32.2704 17.1056 4.17901
    endloop
  endfacet
  facet normal -0.502627 0.237742 0.831171
    outer loop
      vertex 35.0154 18.7847 4.80327
      vertex 34.4384 19.7473 4.17901
      vertex 34.1914 19.2251 4.17901
    endloop
  endfacet
  facet normal -0.378976 0.281107 0.881678
    outer loop
      vertex 33.5503 18.2657 4.17901
      vertex 33.8944 18.7296 4.17901
      vertex 33.0705 19.2802 3.64932
    endloop
  endfacet
  facet normal -0.129401 0.872634 -0.47092
    outer loop
      vertex 31.0193 11.8482 18.8955
      vertex 30.0145 11.6992 18.8955
      vertex 29.9626 12.2263 19.8865
    endloop
  endfacet
  facet normal -0.135539 0.914021 -0.382353
    outer loop
      vertex 31.0193 11.8482 18.8955
      vertex 30.0567 11.2712 17.8574
      vertex 30.0145 11.6992 18.8955
    endloop
  endfacet
  facet normal 0 0 -1
    outer loop
      vertex 29.551 21.8904 25.4362
      vertex 29.5618 22 25.4362
      vertex 29.5591 21.9449 25.4362
    endloop
  endfacet
  facet normal 0 0 -1
    outer loop
      vertex 29.5376 21.8369 25.4362
      vertex 29.5618 22 25.4362
      vertex 29.551 21.8904 25.4362
    endloop
  endfacet
  facet normal 0 0 -1
    outer loop
      vertex 29.5191 21.785 25.4362
      vertex 29.5618 22 25.4362
      vertex 29.5376 21.8369 25.4362
    endloop
  endfacet
  facet normal 0 0 -1
    outer loop
      vertex 29.4955 21.7352 25.4362
      vertex 29.5618 22 25.4362
      vertex 29.5191 21.785 25.4362
    endloop
  endfacet
  facet normal 0 0 -1
    outer loop
      vertex 29.4671 21.6879 25.4362
      vertex 29.5618 22 25.4362
      vertex 29.4955 21.7352 25.4362
    endloop
  endfacet
  facet normal 0 0 -1
    outer loop
      vertex 29.4343 21.6436 25.4362
      vertex 29.5618 22 25.4362
      vertex 29.4671 21.6879 25.4362
    endloop
  endfacet
  facet normal 0 0 -1
    outer loop
      vertex 29.3973 21.6027 25.4362
      vertex 29.5618 22 25.4362
      vertex 29.4343 21.6436 25.4362
    endloop
  endfacet
  facet normal 0 0 -1
    outer loop
      vertex 29.3564 21.5657 25.4362
      vertex 29.5618 22 25.4362
      vertex 29.3973 21.6027 25.4362
    endloop
  endfacet
  facet normal 0 0 -1
    outer loop
      vertex 29.3121 21.5329 25.4362
      vertex 29.5618 22 25.4362
      vertex 29.3564 21.5657 25.4362
    endloop
  endfacet
  facet normal 0 0 -1
    outer loop
      vertex 29.2648 21.5045 25.4362
      vertex 29.5618 22 25.4362
      vertex 29.3121 21.5329 25.4362
    endloop
  endfacet
  facet normal 0 0 -1
    outer loop
      vertex 29.215 21.4809 25.4362
      vertex 29.5618 22 25.4362
      vertex 29.2648 21.5045 25.4362
    endloop
  endfacet
  facet normal 0 0 -1
    outer loop
      vertex 29.1631 21.4624 25.4362
      vertex 29.5618 22 25.4362
      vertex 29.215 21.4809 25.4362
    endloop
  endfacet
  facet normal 0 0 -1
    outer loop
      vertex 29.1096 21.449 25.4362
      vertex 29.5618 22 25.4362
      vertex 29.1631 21.4624 25.4362
    endloop
  endfacet
  facet normal 0 0 -1
    outer loop
      vertex 29.0551 21.4409 25.4362
      vertex 29.5618 22 25.4362
      vertex 29.1096 21.449 25.4362
    endloop
  endfacet
  facet normal 0 0 -1
    outer loop
      vertex 29 21.4382 25.4362
      vertex 29.5618 22 25.4362
      vertex 29.0551 21.4409 25.4362
    endloop
  endfacet
  facet normal 0 0 -1
    outer loop
      vertex 28.9449 21.4409 25.4362
      vertex 29.5618 22 25.4362
      vertex 29 21.4382 25.4362
    endloop
  endfacet
  facet normal 0 0 -1
    outer loop
      vertex 28.8904 21.449 25.4362
      vertex 29.5618 22 25.4362
      vertex 28.9449 21.4409 25.4362
    endloop
  endfacet
  facet normal 0 0 -1
    outer loop
      vertex 28.8369 21.4624 25.4362
      vertex 29.5618 22 25.4362
      vertex 28.8904 21.449 25.4362
    endloop
  endfacet
  facet normal 0 0 -1
    outer loop
      vertex 28.785 21.4809 25.4362
      vertex 29.5618 22 25.4362
      vertex 28.8369 21.4624 25.4362
    endloop
  endfacet
  facet normal 0 0 -1
    outer loop
      vertex 28.7352 21.5045 25.4362
      vertex 29.5618 22 25.4362
      vertex 28.785 21.4809 25.4362
    endloop
  endfacet
  facet normal 0 0 -1
    outer loop
      vertex 28.6879 21.5329 25.4362
      vertex 29.5618 22 25.4362
      vertex 28.7352 21.5045 25.4362
    endloop
  endfacet
  facet normal 0 0 -1
    outer loop
      vertex 28.6436 21.5657 25.4362
      vertex 29.5618 22 25.4362
      vertex 28.6879 21.5329 25.4362
    endloop
  endfacet
  facet normal 0 0 -1
    outer loop
      vertex 28.6027 21.6027 25.4362
      vertex 29.5618 22 25.4362
      vertex 28.6436 21.5657 25.4362
    endloop
  endfacet
  facet normal 0 0 -1
    outer loop
      vertex 28.5657 21.6436 25.4362
      vertex 29.5618 22 25.4362
      vertex 28.6027 21.6027 25.4362
    endloop
  endfacet
  facet normal 0 0 -1
    outer loop
      vertex 28.5329 21.6879 25.4362
      vertex 29.5618 22 25.4362
      vertex 28.5657 21.6436 25.4362
    endloop
  endfacet
  facet normal 0 0 -1
    outer loop
      vertex 28.5045 21.7352 25.4362
      vertex 29.5618 22 25.4362
      vertex 28.5329 21.6879 25.4362
    endloop
  endfacet
  facet normal 0 0 -1
    outer loop
      vertex 28.4809 21.785 25.4362
      vertex 29.5618 22 25.4362
      vertex 28.5045 21.7352 25.4362
    endloop
  endfacet
  facet normal 0 0 -1
    outer loop
      vertex 28.4624 21.8369 25.4362
      vertex 29.5618 22 25.4362
      vertex 28.4809 21.785 25.4362
    endloop
  endfacet
  facet normal 0 0 -1
    outer loop
      vertex 28.449 21.8904 25.4362
      vertex 29.5618 22 25.4362
      vertex 28.4624 21.8369 25.4362
    endloop
  endfacet
  facet normal 0 0 -1
    outer loop
      vertex 28.4409 21.9449 25.4362
      vertex 29.5618 22 25.4362
      vertex 28.449 21.8904 25.4362
    endloop
  endfacet
  facet normal -0 0 -1
    outer loop
      vertex 29.5618 22 25.4362
      vertex 28.4409 21.9449 25.4362
      vertex 28.4382 22 25.4362
    endloop
  endfacet
  facet normal -0.0504994 0.0841063 -0.995176
    outer loop
      vertex 29.3121 21.5329 25.4362
      vertex 29.792 20.5183 25.3261
      vertex 29.2648 21.5045 25.4362
    endloop
  endfacet
  facet normal 0.0420086 0.0886453 -0.995177
    outer loop
      vertex 28.7352 21.5045 25.4362
      vertex 28.785 21.4809 25.4362
      vertex 28.208 20.5183 25.3261
    endloop
  endfacet
  facet normal 0.0924005 0.0329366 -0.995177
    outer loop
      vertex 28.4624 21.8369 25.4362
      vertex 28.4809 21.785 25.4362
      vertex 27.3923 21.5123 25.3261
    endloop
  endfacet
  facet normal -0.0329366 0.0924005 -0.995177
    outer loop
      vertex 29.215 21.4809 25.4362
      vertex 29.4877 20.3923 25.3261
      vertex 29.1631 21.4624 25.4362
    endloop
  endfacet
  facet normal -0.0727047 0.0658626 -0.995176
    outer loop
      vertex 30.2987 20.9342 25.3261
      vertex 30.188 20.812 25.3261
      vertex 29.4343 21.6436 25.4362
    endloop
  endfacet
  facet normal -0.23341 0.173168 -0.956835
    outer loop
      vertex 31.3133 20.4543 25.1069
      vertex 32.2073 19.8569 24.7807
      vertex 31.1506 20.235 25.1069
    endloop
  endfacet
  facet normal -0.249321 0.149358 -0.956834
    outer loop
      vertex 31.4536 20.6885 25.1069
      vertex 32.2073 19.8569 24.7807
      vertex 31.3133 20.4543 25.1069
    endloop
  endfacet
  facet normal -0.457685 0.114618 0.881696
    outer loop
      vertex 34.7734 20.8516 4.17901
      vertex 33.8014 21.0449 3.64932
      vertex 33.6847 20.5789 3.64932
    endloop
  endfacet
  facet normal -0.371615 0.0930632 0.923711
    outer loop
      vertex 33.6847 20.5789 3.64932
      vertex 33.8014 21.0449 3.64932
      vertex 32.7833 21.2475 3.21932
    endloop
  endfacet
  facet normal 0.0970648 0.0144261 0.995174
    outer loop
      vertex 28.449 21.8904 2.56379
      vertex 28.4409 21.9449 2.56379
      vertex 27.3522 21.6722 2.67393
    endloop
  endfacet
  facet normal 0.135137 0.539392 -0.83114
    outer loop
      vertex 27.8516 16.2266 23.821
      vertex 27.6693 15.3103 23.1967
      vertex 27.2912 16.367 23.821
    endloop
  endfacet
  facet normal 0.081536 0.550055 -0.831138
    outer loop
      vertex 27.8516 16.2266 23.821
      vertex 28.423 16.1419 23.821
      vertex 27.6693 15.3103 23.1967
    endloop
  endfacet
  facet normal 0.0475029 0.189439 -0.980743
    outer loop
      vertex 28.5123 20.3923 25.3261
      vertex 28.4572 19.2713 25.1069
      vertex 28.1924 19.3377 25.1069
    endloop
  endfacet
  facet normal 0.0286113 0.193198 -0.980743
    outer loop
      vertex 28.6722 20.3522 25.3261
      vertex 28.7273 19.2313 25.1069
      vertex 28.4572 19.2713 25.1069
    endloop
  endfacet
  facet normal -0.0330339 0.092376 -0.995176
    outer loop
      vertex 29.6429 20.4478 25.3261
      vertex 29.4877 20.3923 25.3261
      vertex 29.215 21.4809 25.4362
    endloop
  endfacet
  facet normal -0.0144209 0.0970298 -0.995177
    outer loop
      vertex 29.1096 21.449 25.4362
      vertex 29.3278 20.3522 25.3261
      vertex 29.0551 21.4409 25.4362
    endloop
  endfacet
  facet normal -0.0475029 0.189439 -0.980743
    outer loop
      vertex 29.8076 19.3377 25.1069
      vertex 29.5428 19.2713 25.1069
      vertex 29.4877 20.3923 25.3261
    endloop
  endfacet
  facet normal 0.0504994 0.0841063 -0.995176
    outer loop
      vertex 28.6879 21.5329 25.4362
      vertex 28.7352 21.5045 25.4362
      vertex 28.208 20.5183 25.3261
    endloop
  endfacet
  facet normal -0.0420086 0.0886453 -0.995177
    outer loop
      vertex 29.2648 21.5045 25.4362
      vertex 29.792 20.5183 25.3261
      vertex 29.215 21.4809 25.4362
    endloop
  endfacet
  facet normal -0.189439 0.0475078 -0.980743
    outer loop
      vertex 30.6478 21.6722 25.3261
      vertex 31.7287 21.4572 25.1069
      vertex 30.6077 21.5123 25.3261
    endloop
  endfacet
  facet normal -0.0951515 0.0238623 -0.995177
    outer loop
      vertex 30.6478 21.6722 25.3261
      vertex 30.6077 21.5123 25.3261
      vertex 29.551 21.8904 25.4362
    endloop
  endfacet
  facet normal -0.144727 0.131134 -0.980743
    outer loop
      vertex 31.1506 20.235 25.1069
      vertex 30.9673 20.0327 25.1069
      vertex 30.188 20.812 25.3261
    endloop
  endfacet
  facet normal -0.131134 0.144727 -0.980743
    outer loop
      vertex 30.9673 20.0327 25.1069
      vertex 30.765 19.8494 25.1069
      vertex 30.188 20.812 25.3261
    endloop
  endfacet
  facet normal -0.316801 0.349632 -0.8817
    outer loop
      vertex 33.1624 17.8376 23.821
      vertex 32.7343 17.4497 23.821
      vertex 32.4616 18.5384 24.3507
    endloop
  endfacet
  facet normal -0.331272 0.446606 -0.831145
    outer loop
      vertex 32.7343 17.4497 23.821
      vertex 33.327 16.7275 23.1967
      vertex 32.2704 17.1056 23.821
    endloop
  endfacet
  facet normal -0.257233 0.283847 -0.923722
    outer loop
      vertex 31.7276 19.2724 24.7807
      vertex 32.1057 18.2157 24.3507
      vertex 31.4471 19.0182 24.7807
    endloop
  endfacet
  facet normal -0.228215 0.307661 -0.923722
    outer loop
      vertex 31.4471 19.0182 24.7807
      vertex 32.1057 18.2157 24.3507
      vertex 31.1431 18.7927 24.7807
    endloop
  endfacet
  facet normal -0.158932 0.444283 -0.881676
    outer loop
      vertex 30.8734 17.4771 24.3507
      vertex 31.2527 16.5616 23.821
      vertex 30.4211 17.3153 24.3507
    endloop
  endfacet
  facet normal -0.187317 0.523544 -0.831153
    outer loop
      vertex 31.2527 16.5616 23.821
      vertex 31.6102 15.6984 23.1967
      vertex 30.7088 16.367 23.821
    endloop
  endfacet
  facet normal -0.426294 0.470393 -0.77266
    outer loop
      vertex 33.823 17.177 23.1967
      vertex 33.8781 16.0561 22.4839
      vertex 33.327 16.7275 23.1967
    endloop
  endfacet
  facet normal -0.373416 0.412045 -0.831131
    outer loop
      vertex 33.823 17.177 23.1967
      vertex 33.327 16.7275 23.1967
      vertex 33.1624 17.8376 23.821
    endloop
  endfacet
  facet normal 0.100362 0.167533 -0.980745
    outer loop
      vertex 28.0666 20.6031 25.3261
      vertex 27.6885 19.5464 25.1069
      vertex 27.4543 19.6867 25.1069
    endloop
  endfacet
  facet normal 0.149358 0.249321 -0.956834
    outer loop
      vertex 27.4543 19.6867 25.1069
      vertex 27.6885 19.5464 25.1069
      vertex 26.8569 18.7927 24.7807
    endloop
  endfacet
  facet normal 0.131117 0.144738 -0.980744
    outer loop
      vertex 27.812 20.812 25.3261
      vertex 27.9342 20.7013 25.3261
      vertex 27.235 19.8494 25.1069
    endloop
  endfacet
  facet normal 0.116344 0.156863 -0.980744
    outer loop
      vertex 27.9342 20.7013 25.3261
      vertex 28.0666 20.6031 25.3261
      vertex 27.235 19.8494 25.1069
    endloop
  endfacet
  facet normal 0.28586 0.476932 -0.831155
    outer loop
      vertex 25.7296 17.1056 23.821
      vertex 25.7847 15.9846 23.1967
      vertex 25.2106 16.3287 23.1967
    endloop
  endfacet
  facet normal 0.331284 0.446585 -0.831152
    outer loop
      vertex 25.7296 17.1056 23.821
      vertex 25.2106 16.3287 23.1967
      vertex 24.673 16.7275 23.1967
    endloop
  endfacet
  facet normal 0.713496 0.427563 -0.55508
    outer loop
      vertex 20.8892 17.6647 20.8208
      vertex 20.8341 16.5437 19.8865
      vertex 20.3387 17.3704 19.8865
    endloop
  endfacet
  facet normal 0.756717 0.453463 -0.470905
    outer loop
      vertex 20.8341 16.5437 19.8865
      vertex 20.3937 16.2495 18.8955
      vertex 20.3387 17.3704 19.8865
    endloop
  endfacet
  facet normal 0.460682 0.621184 -0.633957
    outer loop
      vertex 23.6179 15.4419 21.6894
      vertex 23.8906 14.3532 20.8208
      vertex 23.1657 14.8908 20.8208
    endloop
  endfacet
  facet normal 0.51935 0.573041 -0.633955
    outer loop
      vertex 23.6179 15.4419 21.6894
      vertex 23.1657 14.8908 20.8208
      vertex 23.001 16.001 21.6894
    endloop
  endfacet
  facet normal -0.114668 0.457693 0.881685
    outer loop
      vertex 30.7088 16.367 4.17901
      vertex 30.4211 17.3153 3.64932
      vertex 30.1484 16.2266 4.17901
    endloop
  endfacet
  facet normal -0.135131 0.539369 0.831157
    outer loop
      vertex 30.3307 15.3103 4.80327
      vertex 30.7088 16.367 4.17901
      vertex 30.1484 16.2266 4.17901
    endloop
  endfacet
  facet normal 0.224522 0.89636 -0.382268
    outer loop
      vertex 26.9807 11.8482 18.8955
      vertex 26.8968 11.4265 17.8574
      vertex 25.9954 12.095 18.8955
    endloop
  endfacet
  facet normal 0.214344 0.855724 -0.47095
    outer loop
      vertex 26.1491 12.6019 19.8865
      vertex 26.9807 11.8482 18.8955
      vertex 25.9954 12.095 18.8955
    endloop
  endfacet
  facet normal -0.0788751 0.0583996 0.995172
    outer loop
      vertex 30.2987 20.9342 2.67393
      vertex 29.4671 21.6879 2.56379
      vertex 29.4343 21.6436 2.56379
    endloop
  endfacet
  facet normal -0.116349 0.15687 0.980742
    outer loop
      vertex 30.765 19.8494 2.89314
      vertex 30.0658 20.7013 2.67393
      vertex 29.9334 20.6031 2.67393
    endloop
  endfacet
  facet normal -0.0584603 0.0788202 0.995173
    outer loop
      vertex 29.9334 20.6031 2.67393
      vertex 30.0658 20.7013 2.67393
      vertex 29.3121 21.5329 2.56379
    endloop
  endfacet
  facet normal -0.0841585 0.0504713 0.995173
    outer loop
      vertex 30.3969 21.0666 2.67393
      vertex 30.4817 21.208 2.67393
      vertex 29.4671 21.6879 2.56379
    endloop
  endfacet
  facet normal 0.0658863 0.0727309 0.995173
    outer loop
      vertex 27.9342 20.7013 2.67393
      vertex 28.6436 21.5657 2.56379
      vertex 27.812 20.812 2.67393
    endloop
  endfacet
  facet normal 0.0788202 0.0584603 0.995173
    outer loop
      vertex 27.7013 20.9342 2.67393
      vertex 28.5329 21.6879 2.56379
      vertex 27.6031 21.0666 2.67393
    endloop
  endfacet
  facet normal 0.0788751 0.0583996 0.995172
    outer loop
      vertex 28.5657 21.6436 2.56379
      vertex 28.5329 21.6879 2.56379
      vertex 27.7013 20.9342 2.67393
    endloop
  endfacet
  facet normal 0.233397 0.173159 0.95684
    outer loop
      vertex 26.8494 20.235 2.89314
      vertex 26.6867 20.4543 2.89314
      vertex 25.7927 19.8569 3.21932
    endloop
  endfacet
  facet normal 0.249307 0.14935 0.956839
    outer loop
      vertex 26.6867 20.4543 2.89314
      vertex 26.5464 20.6885 2.89314
      vertex 25.7927 19.8569 3.21932
    endloop
  endfacet
  facet normal 0.176576 0.0834916 0.98074
    outer loop
      vertex 27.5183 21.208 2.67393
      vertex 27.4478 21.3571 2.67393
      vertex 26.5464 20.6885 2.89314
    endloop
  endfacet
  facet normal 0.088721 0.0419506 0.995173
    outer loop
      vertex 27.5183 21.208 2.67393
      vertex 28.4809 21.785 2.56379
      vertex 27.4478 21.3571 2.67393
    endloop
  endfacet
  facet normal -0.00482033 0.0980134 0.995173
    outer loop
      vertex 29.1647 20.328 2.67393
      vertex 29 21.4382 2.56379
      vertex 29 20.3199 2.67393
    endloop
  endfacet
  facet normal -0.0505175 0.0841366 0.995173
    outer loop
      vertex 29.792 20.5183 2.67393
      vertex 29.3121 21.5329 2.56379
      vertex 29.2648 21.5045 2.56379
    endloop
  endfacet
  facet normal 0.163824 0.346266 0.923722
    outer loop
      vertex 27.5238 18.4362 3.21932
      vertex 27.1816 18.5981 3.21932
      vertex 26.6923 17.6825 3.64932
    endloop
  endfacet
  facet normal 0.163784 0.346306 0.923714
    outer loop
      vertex 27.1266 17.4771 3.64932
      vertex 27.5238 18.4362 3.21932
      vertex 26.6923 17.6825 3.64932
    endloop
  endfacet
  facet normal 0.135131 0.539369 0.831157
    outer loop
      vertex 27.6693 15.3103 4.80327
      vertex 27.8516 16.2266 4.17901
      vertex 27.2912 16.367 4.17901
    endloop
  endfacet
  facet normal 0.114668 0.457693 0.881685
    outer loop
      vertex 27.8516 16.2266 4.17901
      vertex 27.5789 17.3153 3.64932
      vertex 27.2912 16.367 4.17901
    endloop
  endfacet
  facet normal -0.290248 0.0142623 0.956845
    outer loop
      vertex 32.8574 22 3.21932
      vertex 31.7821 22 2.89314
      vertex 31.7687 21.7273 2.89314
    endloop
  endfacet
  facet normal 0.0951956 0.0238434 0.995173
    outer loop
      vertex 28.4624 21.8369 2.56379
      vertex 28.449 21.8904 2.56379
      vertex 27.3923 21.5123 2.67393
    endloop
  endfacet
  facet normal -0.0286125 0.193206 0.980741
    outer loop
      vertex 29.5428 19.2713 2.89314
      vertex 29.3278 20.3522 2.67393
      vertex 29.2727 19.2313 2.89314
    endloop
  endfacet
  facet normal -0.0286673 0.193208 0.980739
    outer loop
      vertex 29.2727 19.2313 2.89314
      vertex 29.3278 20.3522 2.67393
      vertex 29.1647 20.328 2.67393
    endloop
  endfacet
  facet normal -0.0727809 0.0658409 0.995172
    outer loop
      vertex 30.188 20.812 2.67393
      vertex 29.4343 21.6436 2.56379
      vertex 29.3973 21.6027 2.56379
    endloop
  endfacet
  facet normal -0.15893 0.444276 0.88168
    outer loop
      vertex 31.2527 16.5616 4.17901
      vertex 30.8734 17.4771 3.64932
      vertex 30.4211 17.3153 3.64932
    endloop
  endfacet
  facet normal -0.129029 0.36069 0.923718
    outer loop
      vertex 30.4211 17.3153 3.64932
      vertex 30.8734 17.4771 3.64932
      vertex 30.1197 18.3087 3.21932
    endloop
  endfacet
  facet normal -0.47691 0.285857 0.831169
    outer loop
      vertex 35.0154 18.7847 4.80327
      vertex 34.1914 19.2251 4.17901
      vertex 33.8944 18.7296 4.17901
    endloop
  endfacet
  facet normal -0.476903 0.285926 0.83115
    outer loop
      vertex 34.6712 18.2106 4.80327
      vertex 35.0154 18.7847 4.80327
      vertex 33.8944 18.7296 4.17901
    endloop
  endfacet
  facet normal -0.0951613 0.0238348 -0.995176
    outer loop
      vertex 29.551 21.8904 25.4362
      vertex 30.6077 21.5123 25.3261
      vertex 29.5376 21.8369 25.4362
    endloop
  endfacet
  facet normal -0.0504531 0.0841282 -0.995177
    outer loop
      vertex 29.9334 20.6031 25.3261
      vertex 29.792 20.5183 25.3261
      vertex 29.3121 21.5329 25.4362
    endloop
  endfacet
  facet normal -0.156863 0.116344 -0.980744
    outer loop
      vertex 30.3969 21.0666 25.3261
      vertex 31.1506 20.235 25.1069
      vertex 30.2987 20.9342 25.3261
    endloop
  endfacet
  facet normal -0.156843 0.116362 -0.980745
    outer loop
      vertex 31.3133 20.4543 25.1069
      vertex 31.1506 20.235 25.1069
      vertex 30.3969 21.0666 25.3261
    endloop
  endfacet
  facet normal 0.0144209 0.0970298 -0.995177
    outer loop
      vertex 28.8904 21.449 25.4362
      vertex 28.9449 21.4409 25.4362
      vertex 28.6722 20.3522 25.3261
    endloop
  endfacet
  facet normal 0.0238623 0.0951515 -0.995177
    outer loop
      vertex 28.8904 21.449 25.4362
      vertex 28.6722 20.3522 25.3261
      vertex 28.5123 20.3923 25.3261
    endloop
  endfacet
  facet normal -0.0286113 0.193198 -0.980743
    outer loop
      vertex 29.3278 20.3522 25.3261
      vertex 29.5428 19.2713 25.1069
      vertex 29.2727 19.2313 25.1069
    endloop
  endfacet
  facet normal -0.0475078 0.189439 -0.980743
    outer loop
      vertex 29.4877 20.3923 25.3261
      vertex 29.5428 19.2713 25.1069
      vertex 29.3278 20.3522 25.3261
    endloop
  endfacet
  facet normal -0.349574 0.316964 -0.881664
    outer loop
      vertex 32.7843 18.8943 24.3507
      vertex 33.5503 18.2657 23.821
      vertex 32.4616 18.5384 24.3507
    endloop
  endfacet
  facet normal -0.349632 0.316801 -0.8817
    outer loop
      vertex 33.5503 18.2657 23.821
      vertex 33.1624 17.8376 23.821
      vertex 32.4616 18.5384 24.3507
    endloop
  endfacet
  facet normal -0.281111 0.378982 -0.881674
    outer loop
      vertex 32.7343 17.4497 23.821
      vertex 32.2704 17.1056 23.821
      vertex 31.7198 17.9295 24.3507
    endloop
  endfacet
  facet normal -0.24259 0.404725 -0.881674
    outer loop
      vertex 32.2704 17.1056 23.821
      vertex 31.7749 16.8086 23.821
      vertex 31.7198 17.9295 24.3507
    endloop
  endfacet
  facet normal -0.237746 0.502657 -0.831151
    outer loop
      vertex 32.2153 15.9846 23.1967
      vertex 31.6102 15.6984 23.1967
      vertex 31.2527 16.5616 23.821
    endloop
  endfacet
  facet normal -0.237753 0.50265 -0.831154
    outer loop
      vertex 31.7749 16.8086 23.821
      vertex 32.2153 15.9846 23.1967
      vertex 31.2527 16.5616 23.821
    endloop
  endfacet
  facet normal 0.129401 0.872634 -0.47092
    outer loop
      vertex 28.0374 12.2263 19.8865
      vertex 27.9855 11.6992 18.8955
      vertex 26.9807 11.8482 18.8955
    endloop
  endfacet
  facet normal 0.12942 0.872623 -0.470935
    outer loop
      vertex 27.084 12.3677 19.8865
      vertex 28.0374 12.2263 19.8865
      vertex 26.9807 11.8482 18.8955
    endloop
  endfacet
  facet normal -0.00480296 0.098016 0.995173
    outer loop
      vertex 29.1647 20.328 2.67393
      vertex 29.0551 21.4409 2.56379
      vertex 29 21.4382 2.56379
    endloop
  endfacet
  facet normal 0.193208 0.0286673 0.980739
    outer loop
      vertex 27.3522 21.6722 2.67393
      vertex 27.328 21.8353 2.67393
      vertex 26.2313 21.7273 2.89314
    endloop
  endfacet
  facet normal 0.0841366 0.0505175 0.995173
    outer loop
      vertex 28.5329 21.6879 2.56379
      vertex 28.5045 21.7352 2.56379
      vertex 27.5183 21.208 2.67393
    endloop
  endfacet
  facet normal 0.0144029 0.0970706 0.995173
    outer loop
      vertex 28.8353 20.328 2.67393
      vertex 28.9449 21.4409 2.56379
      vertex 28.6722 20.3522 2.67393
    endloop
  endfacet
  facet normal 0 0 1
    outer loop
      vertex 29.5618 22 2.56379
      vertex 29.551 21.8904 2.56379
      vertex 29.5591 21.9449 2.56379
    endloop
  endfacet
  facet normal 0 0 1
    outer loop
      vertex 29.5618 22 2.56379
      vertex 29.5376 21.8369 2.56379
      vertex 29.551 21.8904 2.56379
    endloop
  endfacet
  facet normal 0 0 1
    outer loop
      vertex 29.5618 22 2.56379
      vertex 29.5191 21.785 2.56379
      vertex 29.5376 21.8369 2.56379
    endloop
  endfacet
  facet normal 0 0 1
    outer loop
      vertex 29.5618 22 2.56379
      vertex 29.4955 21.7352 2.56379
      vertex 29.5191 21.785 2.56379
    endloop
  endfacet
  facet normal 0 0 1
    outer loop
      vertex 29.5618 22 2.56379
      vertex 29.4671 21.6879 2.56379
      vertex 29.4955 21.7352 2.56379
    endloop
  endfacet
  facet normal 0 0 1
    outer loop
      vertex 29.5618 22 2.56379
      vertex 29.4343 21.6436 2.56379
      vertex 29.4671 21.6879 2.56379
    endloop
  endfacet
  facet normal 0 0 1
    outer loop
      vertex 29.5618 22 2.56379
      vertex 29.3973 21.6027 2.56379
      vertex 29.4343 21.6436 2.56379
    endloop
  endfacet
  facet normal 0 0 1
    outer loop
      vertex 29.5618 22 2.56379
      vertex 29.3564 21.5657 2.56379
      vertex 29.3973 21.6027 2.56379
    endloop
  endfacet
  facet normal 0 0 1
    outer loop
      vertex 29.5618 22 2.56379
      vertex 29.3121 21.5329 2.56379
      vertex 29.3564 21.5657 2.56379
    endloop
  endfacet
  facet normal 0 0 1
    outer loop
      vertex 29.5618 22 2.56379
      vertex 29.2648 21.5045 2.56379
      vertex 29.3121 21.5329 2.56379
    endloop
  endfacet
  facet normal 0 0 1
    outer loop
      vertex 29.5618 22 2.56379
      vertex 29.215 21.4809 2.56379
      vertex 29.2648 21.5045 2.56379
    endloop
  endfacet
  facet normal 0 0 1
    outer loop
      vertex 29.5618 22 2.56379
      vertex 29.1631 21.4624 2.56379
      vertex 29.215 21.4809 2.56379
    endloop
  endfacet
  facet normal 0 0 1
    outer loop
      vertex 29.5618 22 2.56379
      vertex 29.1096 21.449 2.56379
      vertex 29.1631 21.4624 2.56379
    endloop
  endfacet
  facet normal 0 0 1
    outer loop
      vertex 29.5618 22 2.56379
      vertex 29.0551 21.4409 2.56379
      vertex 29.1096 21.449 2.56379
    endloop
  endfacet
  facet normal 0 0 1
    outer loop
      vertex 29.5618 22 2.56379
      vertex 29 21.4382 2.56379
      vertex 29.0551 21.4409 2.56379
    endloop
  endfacet
  facet normal 0 0 1
    outer loop
      vertex 29.5618 22 2.56379
      vertex 28.9449 21.4409 2.56379
      vertex 29 21.4382 2.56379
    endloop
  endfacet
  facet normal 0 0 1
    outer loop
      vertex 29.5618 22 2.56379
      vertex 28.8904 21.449 2.56379
      vertex 28.9449 21.4409 2.56379
    endloop
  endfacet
  facet normal 0 0 1
    outer loop
      vertex 29.5618 22 2.56379
      vertex 28.8369 21.4624 2.56379
      vertex 28.8904 21.449 2.56379
    endloop
  endfacet
  facet normal 0 0 1
    outer loop
      vertex 29.5618 22 2.56379
      vertex 28.785 21.4809 2.56379
      vertex 28.8369 21.4624 2.56379
    endloop
  endfacet
  facet normal 0 0 1
    outer loop
      vertex 29.5618 22 2.56379
      vertex 28.7352 21.5045 2.56379
      vertex 28.785 21.4809 2.56379
    endloop
  endfacet
  facet normal 0 0 1
    outer loop
      vertex 29.5618 22 2.56379
      vertex 28.6879 21.5329 2.56379
      vertex 28.7352 21.5045 2.56379
    endloop
  endfacet
  facet normal 0 0 1
    outer loop
      vertex 29.5618 22 2.56379
      vertex 28.6436 21.5657 2.56379
      vertex 28.6879 21.5329 2.56379
    endloop
  endfacet
  facet normal 0 0 1
    outer loop
      vertex 29.5618 22 2.56379
      vertex 28.6027 21.6027 2.56379
      vertex 28.6436 21.5657 2.56379
    endloop
  endfacet
  facet normal 0 0 1
    outer loop
      vertex 29.5618 22 2.56379
      vertex 28.5657 21.6436 2.56379
      vertex 28.6027 21.6027 2.56379
    endloop
  endfacet
  facet normal 0 0 1
    outer loop
      vertex 29.5618 22 2.56379
      vertex 28.5329 21.6879 2.56379
      vertex 28.5657 21.6436 2.56379
    endloop
  endfacet
  facet normal 0 0 1
    outer loop
      vertex 29.5618 22 2.56379
      vertex 28.5045 21.7352 2.56379
      vertex 28.5329 21.6879 2.56379
    endloop
  endfacet
  facet normal 0 0 1
    outer loop
      vertex 29.5618 22 2.56379
      vertex 28.4809 21.785 2.56379
      vertex 28.5045 21.7352 2.56379
    endloop
  endfacet
  facet normal 0 0 1
    outer loop
      vertex 29.5618 22 2.56379
      vertex 28.4624 21.8369 2.56379
      vertex 28.4809 21.785 2.56379
    endloop
  endfacet
  facet normal 0 0 1
    outer loop
      vertex 29.5618 22 2.56379
      vertex 28.449 21.8904 2.56379
      vertex 28.4624 21.8369 2.56379
    endloop
  endfacet
  facet normal 0 0 1
    outer loop
      vertex 29.5618 22 2.56379
      vertex 28.4409 21.9449 2.56379
      vertex 28.449 21.8904 2.56379
    endloop
  endfacet
  facet normal 0 -0 1
    outer loop
      vertex 28.4409 21.9449 2.56379
      vertex 29.5618 22 2.56379
      vertex 28.4382 22 2.56379
    endloop
  endfacet
  facet normal 0.131123 0.144744 0.980743
    outer loop
      vertex 27.9342 20.7013 2.67393
      vertex 27.812 20.812 2.67393
      vertex 27.235 19.8494 2.89314
    endloop
  endfacet
  facet normal 0.0144261 0.0970648 0.995174
    outer loop
      vertex 28.9449 21.4409 2.56379
      vertex 28.8904 21.449 2.56379
      vertex 28.6722 20.3522 2.67393
    endloop
  endfacet
  facet normal 0.0583996 0.0788751 0.995172
    outer loop
      vertex 28.6879 21.5329 2.56379
      vertex 28.6436 21.5657 2.56379
      vertex 27.9342 20.7013 2.67393
    endloop
  endfacet
  facet normal 0.0238434 0.0951956 0.995173
    outer loop
      vertex 28.8904 21.449 2.56379
      vertex 28.8369 21.4624 2.56379
      vertex 28.5123 20.3923 2.67393
    endloop
  endfacet
  facet normal -0.0144029 0.0970706 0.995173
    outer loop
      vertex 29.1647 20.328 2.67393
      vertex 29.3278 20.3522 2.67393
      vertex 29.0551 21.4409 2.56379
    endloop
  endfacet
  facet normal 0.0658409 0.0727809 0.995172
    outer loop
      vertex 28.6436 21.5657 2.56379
      vertex 28.6027 21.6027 2.56379
      vertex 27.812 20.812 2.67393
    endloop
  endfacet
  facet normal 0.0238709 0.0951858 0.995173
    outer loop
      vertex 28.6722 20.3522 2.67393
      vertex 28.8904 21.449 2.56379
      vertex 28.5123 20.3923 2.67393
    endloop
  endfacet
endsolid OpenSCAD_Model
